[0.076s] DEBUG:colcon:Command line arguments: ['/usr/bin/colcon', 'build']
[0.077s] DEBUG:colcon:Parsed command line arguments: Namespace(log_base=None, log_level=None, verb_name='build', build_base='build', install_base='install', merge_install=False, symlink_install=False, test_result_base=None, continue_on_error=False, executor='parallel', parallel_workers=16, event_handlers=None, ignore_user_meta=False, metas=['./colcon.meta'], base_paths=['.'], packages_ignore=None, packages_ignore_regex=None, paths=None, packages_up_to=None, packages_up_to_regex=None, packages_above=None, packages_above_and_dependencies=None, packages_above_depth=None, packages_select_by_dep=None, packages_skip_by_dep=None, packages_skip_up_to=None, packages_select_build_failed=False, packages_skip_build_finished=False, packages_select_test_failures=False, packages_skip_test_passed=False, packages_select=None, packages_skip=None, packages_select_regex=None, packages_skip_regex=None, packages_start=None, packages_end=None, allow_overriding=[], cmake_args=None, cmake_target=None, cmake_target_skip_unavailable=False, cmake_clean_cache=False, cmake_clean_first=False, cmake_force_configure=False, ament_cmake_args=None, catkin_cmake_args=None, catkin_skip_building_tests=False, verb_parser=<colcon_defaults.argument_parser.defaults.DefaultArgumentsDecorator object at 0x7fc614d174c0>, verb_extension=<colcon_core.verb.build.BuildVerb object at 0x7fc614d16f80>, main=<bound method BuildVerb.main of <colcon_core.verb.build.BuildVerb object at 0x7fc614d16f80>>)
[0.182s] Level 1:colcon.colcon_core.package_discovery:discover_packages(colcon_meta) check parameters
[0.182s] Level 1:colcon.colcon_core.package_discovery:discover_packages(recursive) check parameters
[0.182s] Level 1:colcon.colcon_core.package_discovery:discover_packages(ignore) check parameters
[0.182s] Level 1:colcon.colcon_core.package_discovery:discover_packages(path) check parameters
[0.182s] Level 1:colcon.colcon_core.package_discovery:discover_packages(colcon_meta) discover
[0.183s] Level 1:colcon.colcon_core.package_discovery:discover_packages(recursive) discover
[0.183s] INFO:colcon.colcon_core.package_discovery:Crawling recursively for packages in '/home/user/dobot_ws'
[0.183s] Level 1:colcon.colcon_core.package_identification:_identify(.) by extensions ['ignore', 'ignore_ament_install']
[0.183s] Level 1:colcon.colcon_core.package_identification:_identify(.) by extension 'ignore'
[0.183s] Level 1:colcon.colcon_core.package_identification:_identify(.) by extension 'ignore_ament_install'
[0.183s] Level 1:colcon.colcon_core.package_identification:_identify(.) by extensions ['colcon_pkg']
[0.183s] Level 1:colcon.colcon_core.package_identification:_identify(.) by extension 'colcon_pkg'
[0.183s] Level 1:colcon.colcon_core.package_identification:_identify(.) by extensions ['colcon_meta']
[0.183s] Level 1:colcon.colcon_core.package_identification:_identify(.) by extension 'colcon_meta'
[0.183s] Level 1:colcon.colcon_core.package_identification:_identify(.) by extensions ['ros']
[0.183s] Level 1:colcon.colcon_core.package_identification:_identify(.) by extension 'ros'
[0.192s] Level 1:colcon.colcon_core.package_identification:_identify(.) by extensions ['cmake', 'python']
[0.192s] Level 1:colcon.colcon_core.package_identification:_identify(.) by extension 'cmake'
[0.192s] Level 1:colcon.colcon_core.package_identification:_identify(.) by extension 'python'
[0.192s] Level 1:colcon.colcon_core.package_identification:_identify(.) by extensions ['python_setup_py']
[0.192s] Level 1:colcon.colcon_core.package_identification:_identify(.) by extension 'python_setup_py'
[0.192s] Level 1:colcon.colcon_core.package_identification:_identify(build) by extensions ['ignore', 'ignore_ament_install']
[0.192s] Level 1:colcon.colcon_core.package_identification:_identify(build) by extension 'ignore'
[0.192s] Level 1:colcon.colcon_core.package_identification:_identify(build) ignored
[0.192s] Level 1:colcon.colcon_core.package_identification:_identify(install) by extensions ['ignore', 'ignore_ament_install']
[0.192s] Level 1:colcon.colcon_core.package_identification:_identify(install) by extension 'ignore'
[0.192s] Level 1:colcon.colcon_core.package_identification:_identify(install) ignored
[0.193s] Level 1:colcon.colcon_core.package_identification:_identify(log) by extensions ['ignore', 'ignore_ament_install']
[0.193s] Level 1:colcon.colcon_core.package_identification:_identify(log) by extension 'ignore'
[0.193s] Level 1:colcon.colcon_core.package_identification:_identify(log) ignored
[0.193s] Level 1:colcon.colcon_core.package_identification:_identify(src) by extensions ['ignore', 'ignore_ament_install']
[0.193s] Level 1:colcon.colcon_core.package_identification:_identify(src) by extension 'ignore'
[0.193s] Level 1:colcon.colcon_core.package_identification:_identify(src) by extension 'ignore_ament_install'
[0.193s] Level 1:colcon.colcon_core.package_identification:_identify(src) by extensions ['colcon_pkg']
[0.193s] Level 1:colcon.colcon_core.package_identification:_identify(src) by extension 'colcon_pkg'
[0.193s] Level 1:colcon.colcon_core.package_identification:_identify(src) by extensions ['colcon_meta']
[0.193s] Level 1:colcon.colcon_core.package_identification:_identify(src) by extension 'colcon_meta'
[0.193s] Level 1:colcon.colcon_core.package_identification:_identify(src) by extensions ['ros']
[0.193s] Level 1:colcon.colcon_core.package_identification:_identify(src) by extension 'ros'
[0.193s] Level 1:colcon.colcon_core.package_identification:_identify(src) by extensions ['cmake', 'python']
[0.193s] Level 1:colcon.colcon_core.package_identification:_identify(src) by extension 'cmake'
[0.193s] Level 1:colcon.colcon_core.package_identification:_identify(src) by extension 'python'
[0.193s] Level 1:colcon.colcon_core.package_identification:_identify(src) by extensions ['python_setup_py']
[0.193s] Level 1:colcon.colcon_core.package_identification:_identify(src) by extension 'python_setup_py'
[0.193s] Level 1:colcon.colcon_core.package_identification:_identify(src/ARIAC) by extensions ['ignore', 'ignore_ament_install']
[0.193s] Level 1:colcon.colcon_core.package_identification:_identify(src/ARIAC) by extension 'ignore'
[0.193s] Level 1:colcon.colcon_core.package_identification:_identify(src/ARIAC) by extension 'ignore_ament_install'
[0.193s] Level 1:colcon.colcon_core.package_identification:_identify(src/ARIAC) by extensions ['colcon_pkg']
[0.193s] Level 1:colcon.colcon_core.package_identification:_identify(src/ARIAC) by extension 'colcon_pkg'
[0.194s] Level 1:colcon.colcon_core.package_identification:_identify(src/ARIAC) by extensions ['colcon_meta']
[0.194s] Level 1:colcon.colcon_core.package_identification:_identify(src/ARIAC) by extension 'colcon_meta'
[0.194s] Level 1:colcon.colcon_core.package_identification:_identify(src/ARIAC) by extensions ['ros']
[0.194s] Level 1:colcon.colcon_core.package_identification:_identify(src/ARIAC) by extension 'ros'
[0.194s] Level 1:colcon.colcon_core.package_identification:_identify(src/ARIAC) by extensions ['cmake', 'python']
[0.194s] Level 1:colcon.colcon_core.package_identification:_identify(src/ARIAC) by extension 'cmake'
[0.194s] Level 1:colcon.colcon_core.package_identification:_identify(src/ARIAC) by extension 'python'
[0.194s] Level 1:colcon.colcon_core.package_identification:_identify(src/ARIAC) by extensions ['python_setup_py']
[0.194s] Level 1:colcon.colcon_core.package_identification:_identify(src/ARIAC) by extension 'python_setup_py'
[0.194s] Level 1:colcon.colcon_core.package_identification:_identify(src/ARIAC/ariac_app) by extensions ['ignore', 'ignore_ament_install']
[0.194s] Level 1:colcon.colcon_core.package_identification:_identify(src/ARIAC/ariac_app) by extension 'ignore'
[0.194s] Level 1:colcon.colcon_core.package_identification:_identify(src/ARIAC/ariac_app) by extension 'ignore_ament_install'
[0.194s] Level 1:colcon.colcon_core.package_identification:_identify(src/ARIAC/ariac_app) by extensions ['colcon_pkg']
[0.194s] Level 1:colcon.colcon_core.package_identification:_identify(src/ARIAC/ariac_app) by extension 'colcon_pkg'
[0.194s] Level 1:colcon.colcon_core.package_identification:_identify(src/ARIAC/ariac_app) by extensions ['colcon_meta']
[0.194s] Level 1:colcon.colcon_core.package_identification:_identify(src/ARIAC/ariac_app) by extension 'colcon_meta'
[0.194s] Level 1:colcon.colcon_core.package_identification:_identify(src/ARIAC/ariac_app) by extensions ['ros']
[0.194s] Level 1:colcon.colcon_core.package_identification:_identify(src/ARIAC/ariac_app) by extension 'ros'
[0.196s] DEBUG:colcon.colcon_core.package_identification:Package 'src/ARIAC/ariac_app' with type 'ros.ament_python' and name 'ariac_app'
[0.196s] Level 1:colcon.colcon_core.package_identification:_identify(src/ARIAC/ariac_db) by extensions ['ignore', 'ignore_ament_install']
[0.196s] Level 1:colcon.colcon_core.package_identification:_identify(src/ARIAC/ariac_db) by extension 'ignore'
[0.196s] Level 1:colcon.colcon_core.package_identification:_identify(src/ARIAC/ariac_db) by extension 'ignore_ament_install'
[0.196s] Level 1:colcon.colcon_core.package_identification:_identify(src/ARIAC/ariac_db) by extensions ['colcon_pkg']
[0.196s] Level 1:colcon.colcon_core.package_identification:_identify(src/ARIAC/ariac_db) by extension 'colcon_pkg'
[0.196s] Level 1:colcon.colcon_core.package_identification:_identify(src/ARIAC/ariac_db) by extensions ['colcon_meta']
[0.197s] Level 1:colcon.colcon_core.package_identification:_identify(src/ARIAC/ariac_db) by extension 'colcon_meta'
[0.197s] Level 1:colcon.colcon_core.package_identification:_identify(src/ARIAC/ariac_db) by extensions ['ros']
[0.197s] Level 1:colcon.colcon_core.package_identification:_identify(src/ARIAC/ariac_db) by extension 'ros'
[0.197s] DEBUG:colcon.colcon_core.package_identification:Package 'src/ARIAC/ariac_db' with type 'ros.ament_python' and name 'ariac_db'
[0.197s] Level 1:colcon.colcon_core.package_identification:_identify(src/ARIAC/ariac_description) by extensions ['ignore', 'ignore_ament_install']
[0.197s] Level 1:colcon.colcon_core.package_identification:_identify(src/ARIAC/ariac_description) by extension 'ignore'
[0.197s] Level 1:colcon.colcon_core.package_identification:_identify(src/ARIAC/ariac_description) by extension 'ignore_ament_install'
[0.197s] Level 1:colcon.colcon_core.package_identification:_identify(src/ARIAC/ariac_description) by extensions ['colcon_pkg']
[0.198s] Level 1:colcon.colcon_core.package_identification:_identify(src/ARIAC/ariac_description) by extension 'colcon_pkg'
[0.198s] Level 1:colcon.colcon_core.package_identification:_identify(src/ARIAC/ariac_description) by extensions ['colcon_meta']
[0.198s] Level 1:colcon.colcon_core.package_identification:_identify(src/ARIAC/ariac_description) by extension 'colcon_meta'
[0.198s] Level 1:colcon.colcon_core.package_identification:_identify(src/ARIAC/ariac_description) by extensions ['ros']
[0.198s] Level 1:colcon.colcon_core.package_identification:_identify(src/ARIAC/ariac_description) by extension 'ros'
[0.198s] DEBUG:colcon.colcon_core.package_identification:Package 'src/ARIAC/ariac_description' with type 'ros.ament_cmake' and name 'ariac_description'
[0.198s] Level 1:colcon.colcon_core.package_identification:_identify(src/ARIAC/ariac_gz) by extensions ['ignore', 'ignore_ament_install']
[0.199s] Level 1:colcon.colcon_core.package_identification:_identify(src/ARIAC/ariac_gz) by extension 'ignore'
[0.199s] Level 1:colcon.colcon_core.package_identification:_identify(src/ARIAC/ariac_gz) by extension 'ignore_ament_install'
[0.199s] Level 1:colcon.colcon_core.package_identification:_identify(src/ARIAC/ariac_gz) by extensions ['colcon_pkg']
[0.199s] Level 1:colcon.colcon_core.package_identification:_identify(src/ARIAC/ariac_gz) by extension 'colcon_pkg'
[0.199s] Level 1:colcon.colcon_core.package_identification:_identify(src/ARIAC/ariac_gz) by extensions ['colcon_meta']
[0.199s] Level 1:colcon.colcon_core.package_identification:_identify(src/ARIAC/ariac_gz) by extension 'colcon_meta'
[0.199s] Level 1:colcon.colcon_core.package_identification:_identify(src/ARIAC/ariac_gz) by extensions ['ros']
[0.199s] Level 1:colcon.colcon_core.package_identification:_identify(src/ARIAC/ariac_gz) by extension 'ros'
[0.200s] DEBUG:colcon.colcon_core.package_identification:Package 'src/ARIAC/ariac_gz' with type 'ros.ament_cmake' and name 'ariac_gz'
[0.200s] Level 1:colcon.colcon_core.package_identification:_identify(src/ARIAC/ariac_interfaces) by extensions ['ignore', 'ignore_ament_install']
[0.200s] Level 1:colcon.colcon_core.package_identification:_identify(src/ARIAC/ariac_interfaces) by extension 'ignore'
[0.200s] Level 1:colcon.colcon_core.package_identification:_identify(src/ARIAC/ariac_interfaces) by extension 'ignore_ament_install'
[0.200s] Level 1:colcon.colcon_core.package_identification:_identify(src/ARIAC/ariac_interfaces) by extensions ['colcon_pkg']
[0.200s] Level 1:colcon.colcon_core.package_identification:_identify(src/ARIAC/ariac_interfaces) by extension 'colcon_pkg'
[0.200s] Level 1:colcon.colcon_core.package_identification:_identify(src/ARIAC/ariac_interfaces) by extensions ['colcon_meta']
[0.200s] Level 1:colcon.colcon_core.package_identification:_identify(src/ARIAC/ariac_interfaces) by extension 'colcon_meta'
[0.200s] Level 1:colcon.colcon_core.package_identification:_identify(src/ARIAC/ariac_interfaces) by extensions ['ros']
[0.200s] Level 1:colcon.colcon_core.package_identification:_identify(src/ARIAC/ariac_interfaces) by extension 'ros'
[0.200s] DEBUG:colcon.colcon_core.package_identification:Package 'src/ARIAC/ariac_interfaces' with type 'ros.ament_cmake' and name 'ariac_interfaces'
[0.200s] Level 1:colcon.colcon_core.package_identification:_identify(src/ARIAC/ariac_plugins) by extensions ['ignore', 'ignore_ament_install']
[0.201s] Level 1:colcon.colcon_core.package_identification:_identify(src/ARIAC/ariac_plugins) by extension 'ignore'
[0.201s] Level 1:colcon.colcon_core.package_identification:_identify(src/ARIAC/ariac_plugins) by extension 'ignore_ament_install'
[0.201s] Level 1:colcon.colcon_core.package_identification:_identify(src/ARIAC/ariac_plugins) by extensions ['colcon_pkg']
[0.201s] Level 1:colcon.colcon_core.package_identification:_identify(src/ARIAC/ariac_plugins) by extension 'colcon_pkg'
[0.201s] Level 1:colcon.colcon_core.package_identification:_identify(src/ARIAC/ariac_plugins) by extensions ['colcon_meta']
[0.201s] Level 1:colcon.colcon_core.package_identification:_identify(src/ARIAC/ariac_plugins) by extension 'colcon_meta'
[0.201s] Level 1:colcon.colcon_core.package_identification:_identify(src/ARIAC/ariac_plugins) by extensions ['ros']
[0.201s] Level 1:colcon.colcon_core.package_identification:_identify(src/ARIAC/ariac_plugins) by extension 'ros'
[0.202s] DEBUG:colcon.colcon_core.package_identification:Package 'src/ARIAC/ariac_plugins' with type 'ros.ament_cmake' and name 'ariac_plugins'
[0.202s] Level 1:colcon.colcon_core.package_identification:_identify(src/ARIAC/ariac_setup) by extensions ['ignore', 'ignore_ament_install']
[0.202s] Level 1:colcon.colcon_core.package_identification:_identify(src/ARIAC/ariac_setup) by extension 'ignore'
[0.202s] Level 1:colcon.colcon_core.package_identification:_identify(src/ARIAC/ariac_setup) by extension 'ignore_ament_install'
[0.202s] Level 1:colcon.colcon_core.package_identification:_identify(src/ARIAC/ariac_setup) by extensions ['colcon_pkg']
[0.202s] Level 1:colcon.colcon_core.package_identification:_identify(src/ARIAC/ariac_setup) by extension 'colcon_pkg'
[0.202s] Level 1:colcon.colcon_core.package_identification:_identify(src/ARIAC/ariac_setup) by extensions ['colcon_meta']
[0.202s] Level 1:colcon.colcon_core.package_identification:_identify(src/ARIAC/ariac_setup) by extension 'colcon_meta'
[0.202s] Level 1:colcon.colcon_core.package_identification:_identify(src/ARIAC/ariac_setup) by extensions ['ros']
[0.202s] Level 1:colcon.colcon_core.package_identification:_identify(src/ARIAC/ariac_setup) by extension 'ros'
[0.203s] DEBUG:colcon.colcon_core.package_identification:Package 'src/ARIAC/ariac_setup' with type 'ros.ament_python' and name 'ariac_setup'
[0.203s] Level 1:colcon.colcon_core.package_identification:_identify(src/ARIAC/resource) by extensions ['ignore', 'ignore_ament_install']
[0.203s] Level 1:colcon.colcon_core.package_identification:_identify(src/ARIAC/resource) by extension 'ignore'
[0.203s] Level 1:colcon.colcon_core.package_identification:_identify(src/ARIAC/resource) by extension 'ignore_ament_install'
[0.203s] Level 1:colcon.colcon_core.package_identification:_identify(src/ARIAC/resource) by extensions ['colcon_pkg']
[0.203s] Level 1:colcon.colcon_core.package_identification:_identify(src/ARIAC/resource) by extension 'colcon_pkg'
[0.203s] Level 1:colcon.colcon_core.package_identification:_identify(src/ARIAC/resource) by extensions ['colcon_meta']
[0.203s] Level 1:colcon.colcon_core.package_identification:_identify(src/ARIAC/resource) by extension 'colcon_meta'
[0.203s] Level 1:colcon.colcon_core.package_identification:_identify(src/ARIAC/resource) by extensions ['ros']
[0.203s] Level 1:colcon.colcon_core.package_identification:_identify(src/ARIAC/resource) by extension 'ros'
[0.203s] Level 1:colcon.colcon_core.package_identification:_identify(src/ARIAC/resource) by extensions ['cmake', 'python']
[0.203s] Level 1:colcon.colcon_core.package_identification:_identify(src/ARIAC/resource) by extension 'cmake'
[0.203s] Level 1:colcon.colcon_core.package_identification:_identify(src/ARIAC/resource) by extension 'python'
[0.203s] Level 1:colcon.colcon_core.package_identification:_identify(src/ARIAC/resource) by extensions ['python_setup_py']
[0.203s] Level 1:colcon.colcon_core.package_identification:_identify(src/ARIAC/resource) by extension 'python_setup_py'
[0.204s] Level 1:colcon.colcon_core.package_identification:_identify(src/ARIAC/robotiq_gripper_controller) by extensions ['ignore', 'ignore_ament_install']
[0.204s] Level 1:colcon.colcon_core.package_identification:_identify(src/ARIAC/robotiq_gripper_controller) by extension 'ignore'
[0.204s] Level 1:colcon.colcon_core.package_identification:_identify(src/ARIAC/robotiq_gripper_controller) by extension 'ignore_ament_install'
[0.204s] Level 1:colcon.colcon_core.package_identification:_identify(src/ARIAC/robotiq_gripper_controller) by extensions ['colcon_pkg']
[0.204s] Level 1:colcon.colcon_core.package_identification:_identify(src/ARIAC/robotiq_gripper_controller) by extension 'colcon_pkg'
[0.204s] Level 1:colcon.colcon_core.package_identification:_identify(src/ARIAC/robotiq_gripper_controller) by extensions ['colcon_meta']
[0.204s] Level 1:colcon.colcon_core.package_identification:_identify(src/ARIAC/robotiq_gripper_controller) by extension 'colcon_meta'
[0.204s] Level 1:colcon.colcon_core.package_identification:_identify(src/ARIAC/robotiq_gripper_controller) by extensions ['ros']
[0.204s] Level 1:colcon.colcon_core.package_identification:_identify(src/ARIAC/robotiq_gripper_controller) by extension 'ros'
[0.205s] DEBUG:colcon.colcon_core.package_identification:Package 'src/ARIAC/robotiq_gripper_controller' with type 'ros.ament_cmake' and name 'robotiq_gripper_controller'
[0.205s] Level 1:colcon.colcon_core.package_identification:_identify(src/DOBOT_6Axis_ROS2_V4) by extensions ['ignore', 'ignore_ament_install']
[0.205s] Level 1:colcon.colcon_core.package_identification:_identify(src/DOBOT_6Axis_ROS2_V4) by extension 'ignore'
[0.205s] Level 1:colcon.colcon_core.package_identification:_identify(src/DOBOT_6Axis_ROS2_V4) by extension 'ignore_ament_install'
[0.205s] Level 1:colcon.colcon_core.package_identification:_identify(src/DOBOT_6Axis_ROS2_V4) by extensions ['colcon_pkg']
[0.205s] Level 1:colcon.colcon_core.package_identification:_identify(src/DOBOT_6Axis_ROS2_V4) by extension 'colcon_pkg'
[0.205s] Level 1:colcon.colcon_core.package_identification:_identify(src/DOBOT_6Axis_ROS2_V4) by extensions ['colcon_meta']
[0.205s] Level 1:colcon.colcon_core.package_identification:_identify(src/DOBOT_6Axis_ROS2_V4) by extension 'colcon_meta'
[0.205s] Level 1:colcon.colcon_core.package_identification:_identify(src/DOBOT_6Axis_ROS2_V4) by extensions ['ros']
[0.205s] Level 1:colcon.colcon_core.package_identification:_identify(src/DOBOT_6Axis_ROS2_V4) by extension 'ros'
[0.205s] Level 1:colcon.colcon_core.package_identification:_identify(src/DOBOT_6Axis_ROS2_V4) by extensions ['cmake', 'python']
[0.205s] Level 1:colcon.colcon_core.package_identification:_identify(src/DOBOT_6Axis_ROS2_V4) by extension 'cmake'
[0.205s] Level 1:colcon.colcon_core.package_identification:_identify(src/DOBOT_6Axis_ROS2_V4) by extension 'python'
[0.205s] Level 1:colcon.colcon_core.package_identification:_identify(src/DOBOT_6Axis_ROS2_V4) by extensions ['python_setup_py']
[0.205s] Level 1:colcon.colcon_core.package_identification:_identify(src/DOBOT_6Axis_ROS2_V4) by extension 'python_setup_py'
[0.206s] Level 1:colcon.colcon_core.package_identification:_identify(src/DOBOT_6Axis_ROS2_V4/V4新增指令) by extensions ['ignore', 'ignore_ament_install']
[0.206s] Level 1:colcon.colcon_core.package_identification:_identify(src/DOBOT_6Axis_ROS2_V4/V4新增指令) by extension 'ignore'
[0.206s] Level 1:colcon.colcon_core.package_identification:_identify(src/DOBOT_6Axis_ROS2_V4/V4新增指令) by extension 'ignore_ament_install'
[0.206s] Level 1:colcon.colcon_core.package_identification:_identify(src/DOBOT_6Axis_ROS2_V4/V4新增指令) by extensions ['colcon_pkg']
[0.206s] Level 1:colcon.colcon_core.package_identification:_identify(src/DOBOT_6Axis_ROS2_V4/V4新增指令) by extension 'colcon_pkg'
[0.206s] Level 1:colcon.colcon_core.package_identification:_identify(src/DOBOT_6Axis_ROS2_V4/V4新增指令) by extensions ['colcon_meta']
[0.206s] Level 1:colcon.colcon_core.package_identification:_identify(src/DOBOT_6Axis_ROS2_V4/V4新增指令) by extension 'colcon_meta'
[0.206s] Level 1:colcon.colcon_core.package_identification:_identify(src/DOBOT_6Axis_ROS2_V4/V4新增指令) by extensions ['ros']
[0.206s] Level 1:colcon.colcon_core.package_identification:_identify(src/DOBOT_6Axis_ROS2_V4/V4新增指令) by extension 'ros'
[0.206s] Level 1:colcon.colcon_core.package_identification:_identify(src/DOBOT_6Axis_ROS2_V4/V4新增指令) by extensions ['cmake', 'python']
[0.206s] Level 1:colcon.colcon_core.package_identification:_identify(src/DOBOT_6Axis_ROS2_V4/V4新增指令) by extension 'cmake'
[0.206s] Level 1:colcon.colcon_core.package_identification:_identify(src/DOBOT_6Axis_ROS2_V4/V4新增指令) by extension 'python'
[0.206s] Level 1:colcon.colcon_core.package_identification:_identify(src/DOBOT_6Axis_ROS2_V4/V4新增指令) by extensions ['python_setup_py']
[0.206s] Level 1:colcon.colcon_core.package_identification:_identify(src/DOBOT_6Axis_ROS2_V4/V4新增指令) by extension 'python_setup_py'
[0.206s] Level 1:colcon.colcon_core.package_identification:_identify(src/DOBOT_6Axis_ROS2_V4/__pycache__) by extensions ['ignore', 'ignore_ament_install']
[0.206s] Level 1:colcon.colcon_core.package_identification:_identify(src/DOBOT_6Axis_ROS2_V4/__pycache__) by extension 'ignore'
[0.206s] Level 1:colcon.colcon_core.package_identification:_identify(src/DOBOT_6Axis_ROS2_V4/__pycache__) by extension 'ignore_ament_install'
[0.206s] Level 1:colcon.colcon_core.package_identification:_identify(src/DOBOT_6Axis_ROS2_V4/__pycache__) by extensions ['colcon_pkg']
[0.206s] Level 1:colcon.colcon_core.package_identification:_identify(src/DOBOT_6Axis_ROS2_V4/__pycache__) by extension 'colcon_pkg'
[0.206s] Level 1:colcon.colcon_core.package_identification:_identify(src/DOBOT_6Axis_ROS2_V4/__pycache__) by extensions ['colcon_meta']
[0.206s] Level 1:colcon.colcon_core.package_identification:_identify(src/DOBOT_6Axis_ROS2_V4/__pycache__) by extension 'colcon_meta'
[0.206s] Level 1:colcon.colcon_core.package_identification:_identify(src/DOBOT_6Axis_ROS2_V4/__pycache__) by extensions ['ros']
[0.206s] Level 1:colcon.colcon_core.package_identification:_identify(src/DOBOT_6Axis_ROS2_V4/__pycache__) by extension 'ros'
[0.207s] Level 1:colcon.colcon_core.package_identification:_identify(src/DOBOT_6Axis_ROS2_V4/__pycache__) by extensions ['cmake', 'python']
[0.207s] Level 1:colcon.colcon_core.package_identification:_identify(src/DOBOT_6Axis_ROS2_V4/__pycache__) by extension 'cmake'
[0.207s] Level 1:colcon.colcon_core.package_identification:_identify(src/DOBOT_6Axis_ROS2_V4/__pycache__) by extension 'python'
[0.207s] Level 1:colcon.colcon_core.package_identification:_identify(src/DOBOT_6Axis_ROS2_V4/__pycache__) by extensions ['python_setup_py']
[0.207s] Level 1:colcon.colcon_core.package_identification:_identify(src/DOBOT_6Axis_ROS2_V4/__pycache__) by extension 'python_setup_py'
[0.207s] Level 1:colcon.colcon_core.package_identification:_identify(src/DOBOT_6Axis_ROS2_V4/build) by extensions ['ignore', 'ignore_ament_install']
[0.207s] Level 1:colcon.colcon_core.package_identification:_identify(src/DOBOT_6Axis_ROS2_V4/build) by extension 'ignore'
[0.207s] Level 1:colcon.colcon_core.package_identification:_identify(src/DOBOT_6Axis_ROS2_V4/build) ignored
[0.207s] Level 1:colcon.colcon_core.package_identification:_identify(src/DOBOT_6Axis_ROS2_V4/cr7_moveit) by extensions ['ignore', 'ignore_ament_install']
[0.207s] Level 1:colcon.colcon_core.package_identification:_identify(src/DOBOT_6Axis_ROS2_V4/cr7_moveit) by extension 'ignore'
[0.207s] Level 1:colcon.colcon_core.package_identification:_identify(src/DOBOT_6Axis_ROS2_V4/cr7_moveit) by extension 'ignore_ament_install'
[0.207s] Level 1:colcon.colcon_core.package_identification:_identify(src/DOBOT_6Axis_ROS2_V4/cr7_moveit) by extensions ['colcon_pkg']
[0.207s] Level 1:colcon.colcon_core.package_identification:_identify(src/DOBOT_6Axis_ROS2_V4/cr7_moveit) by extension 'colcon_pkg'
[0.207s] Level 1:colcon.colcon_core.package_identification:_identify(src/DOBOT_6Axis_ROS2_V4/cr7_moveit) by extensions ['colcon_meta']
[0.207s] Level 1:colcon.colcon_core.package_identification:_identify(src/DOBOT_6Axis_ROS2_V4/cr7_moveit) by extension 'colcon_meta'
[0.207s] Level 1:colcon.colcon_core.package_identification:_identify(src/DOBOT_6Axis_ROS2_V4/cr7_moveit) by extensions ['ros']
[0.207s] Level 1:colcon.colcon_core.package_identification:_identify(src/DOBOT_6Axis_ROS2_V4/cr7_moveit) by extension 'ros'
[0.208s] DEBUG:colcon.colcon_core.package_identification:Package 'src/DOBOT_6Axis_ROS2_V4/cr7_moveit' with type 'ros.ament_cmake' and name 'cr7_moveit'
[0.208s] Level 1:colcon.colcon_core.package_identification:_identify(src/DOBOT_6Axis_ROS2_V4/cra_description) by extensions ['ignore', 'ignore_ament_install']
[0.208s] Level 1:colcon.colcon_core.package_identification:_identify(src/DOBOT_6Axis_ROS2_V4/cra_description) by extension 'ignore'
[0.208s] Level 1:colcon.colcon_core.package_identification:_identify(src/DOBOT_6Axis_ROS2_V4/cra_description) by extension 'ignore_ament_install'
[0.208s] Level 1:colcon.colcon_core.package_identification:_identify(src/DOBOT_6Axis_ROS2_V4/cra_description) by extensions ['colcon_pkg']
[0.208s] Level 1:colcon.colcon_core.package_identification:_identify(src/DOBOT_6Axis_ROS2_V4/cra_description) by extension 'colcon_pkg'
[0.208s] Level 1:colcon.colcon_core.package_identification:_identify(src/DOBOT_6Axis_ROS2_V4/cra_description) by extensions ['colcon_meta']
[0.208s] Level 1:colcon.colcon_core.package_identification:_identify(src/DOBOT_6Axis_ROS2_V4/cra_description) by extension 'colcon_meta'
[0.208s] Level 1:colcon.colcon_core.package_identification:_identify(src/DOBOT_6Axis_ROS2_V4/cra_description) by extensions ['ros']
[0.208s] Level 1:colcon.colcon_core.package_identification:_identify(src/DOBOT_6Axis_ROS2_V4/cra_description) by extension 'ros'
[0.209s] DEBUG:colcon.colcon_core.package_identification:Package 'src/DOBOT_6Axis_ROS2_V4/cra_description' with type 'ros.ament_cmake' and name 'cra_description'
[0.209s] Level 1:colcon.colcon_core.package_identification:_identify(src/DOBOT_6Axis_ROS2_V4/dobot_bringup_v4) by extensions ['ignore', 'ignore_ament_install']
[0.209s] Level 1:colcon.colcon_core.package_identification:_identify(src/DOBOT_6Axis_ROS2_V4/dobot_bringup_v4) by extension 'ignore'
[0.209s] Level 1:colcon.colcon_core.package_identification:_identify(src/DOBOT_6Axis_ROS2_V4/dobot_bringup_v4) by extension 'ignore_ament_install'
[0.209s] Level 1:colcon.colcon_core.package_identification:_identify(src/DOBOT_6Axis_ROS2_V4/dobot_bringup_v4) by extensions ['colcon_pkg']
[0.209s] Level 1:colcon.colcon_core.package_identification:_identify(src/DOBOT_6Axis_ROS2_V4/dobot_bringup_v4) by extension 'colcon_pkg'
[0.209s] Level 1:colcon.colcon_core.package_identification:_identify(src/DOBOT_6Axis_ROS2_V4/dobot_bringup_v4) by extensions ['colcon_meta']
[0.209s] Level 1:colcon.colcon_core.package_identification:_identify(src/DOBOT_6Axis_ROS2_V4/dobot_bringup_v4) by extension 'colcon_meta'
[0.209s] Level 1:colcon.colcon_core.package_identification:_identify(src/DOBOT_6Axis_ROS2_V4/dobot_bringup_v4) by extensions ['ros']
[0.209s] Level 1:colcon.colcon_core.package_identification:_identify(src/DOBOT_6Axis_ROS2_V4/dobot_bringup_v4) by extension 'ros'
[0.210s] DEBUG:colcon.colcon_core.package_identification:Package 'src/DOBOT_6Axis_ROS2_V4/dobot_bringup_v4' with type 'ros.ament_cmake' and name 'cr_robot_ros2'
[0.210s] Level 1:colcon.colcon_core.package_identification:_identify(src/DOBOT_6Axis_ROS2_V4/dobot_demo) by extensions ['ignore', 'ignore_ament_install']
[0.210s] Level 1:colcon.colcon_core.package_identification:_identify(src/DOBOT_6Axis_ROS2_V4/dobot_demo) by extension 'ignore'
[0.210s] Level 1:colcon.colcon_core.package_identification:_identify(src/DOBOT_6Axis_ROS2_V4/dobot_demo) by extension 'ignore_ament_install'
[0.210s] Level 1:colcon.colcon_core.package_identification:_identify(src/DOBOT_6Axis_ROS2_V4/dobot_demo) by extensions ['colcon_pkg']
[0.210s] Level 1:colcon.colcon_core.package_identification:_identify(src/DOBOT_6Axis_ROS2_V4/dobot_demo) by extension 'colcon_pkg'
[0.210s] Level 1:colcon.colcon_core.package_identification:_identify(src/DOBOT_6Axis_ROS2_V4/dobot_demo) by extensions ['colcon_meta']
[0.210s] Level 1:colcon.colcon_core.package_identification:_identify(src/DOBOT_6Axis_ROS2_V4/dobot_demo) by extension 'colcon_meta'
[0.211s] Level 1:colcon.colcon_core.package_identification:_identify(src/DOBOT_6Axis_ROS2_V4/dobot_demo) by extensions ['ros']
[0.211s] Level 1:colcon.colcon_core.package_identification:_identify(src/DOBOT_6Axis_ROS2_V4/dobot_demo) by extension 'ros'
[0.211s] DEBUG:colcon.colcon_core.package_identification:Package 'src/DOBOT_6Axis_ROS2_V4/dobot_demo' with type 'ros.ament_python' and name 'dobot_demo'
[0.211s] Level 1:colcon.colcon_core.package_identification:_identify(src/DOBOT_6Axis_ROS2_V4/dobot_demo_cpp) by extensions ['ignore', 'ignore_ament_install']
[0.211s] Level 1:colcon.colcon_core.package_identification:_identify(src/DOBOT_6Axis_ROS2_V4/dobot_demo_cpp) by extension 'ignore'
[0.211s] Level 1:colcon.colcon_core.package_identification:_identify(src/DOBOT_6Axis_ROS2_V4/dobot_demo_cpp) by extension 'ignore_ament_install'
[0.211s] Level 1:colcon.colcon_core.package_identification:_identify(src/DOBOT_6Axis_ROS2_V4/dobot_demo_cpp) by extensions ['colcon_pkg']
[0.211s] Level 1:colcon.colcon_core.package_identification:_identify(src/DOBOT_6Axis_ROS2_V4/dobot_demo_cpp) by extension 'colcon_pkg'
[0.211s] Level 1:colcon.colcon_core.package_identification:_identify(src/DOBOT_6Axis_ROS2_V4/dobot_demo_cpp) by extensions ['colcon_meta']
[0.211s] Level 1:colcon.colcon_core.package_identification:_identify(src/DOBOT_6Axis_ROS2_V4/dobot_demo_cpp) by extension 'colcon_meta'
[0.211s] Level 1:colcon.colcon_core.package_identification:_identify(src/DOBOT_6Axis_ROS2_V4/dobot_demo_cpp) by extensions ['ros']
[0.211s] Level 1:colcon.colcon_core.package_identification:_identify(src/DOBOT_6Axis_ROS2_V4/dobot_demo_cpp) by extension 'ros'
[0.212s] DEBUG:colcon.colcon_core.package_identification:Package 'src/DOBOT_6Axis_ROS2_V4/dobot_demo_cpp' with type 'ros.ament_cmake' and name 'dobot_demo_cpp'
[0.212s] Level 1:colcon.colcon_core.package_identification:_identify(src/DOBOT_6Axis_ROS2_V4/dobot_gazebo) by extensions ['ignore', 'ignore_ament_install']
[0.212s] Level 1:colcon.colcon_core.package_identification:_identify(src/DOBOT_6Axis_ROS2_V4/dobot_gazebo) by extension 'ignore'
[0.212s] Level 1:colcon.colcon_core.package_identification:_identify(src/DOBOT_6Axis_ROS2_V4/dobot_gazebo) by extension 'ignore_ament_install'
[0.213s] Level 1:colcon.colcon_core.package_identification:_identify(src/DOBOT_6Axis_ROS2_V4/dobot_gazebo) by extensions ['colcon_pkg']
[0.213s] Level 1:colcon.colcon_core.package_identification:_identify(src/DOBOT_6Axis_ROS2_V4/dobot_gazebo) by extension 'colcon_pkg'
[0.213s] Level 1:colcon.colcon_core.package_identification:_identify(src/DOBOT_6Axis_ROS2_V4/dobot_gazebo) by extensions ['colcon_meta']
[0.213s] Level 1:colcon.colcon_core.package_identification:_identify(src/DOBOT_6Axis_ROS2_V4/dobot_gazebo) by extension 'colcon_meta'
[0.213s] Level 1:colcon.colcon_core.package_identification:_identify(src/DOBOT_6Axis_ROS2_V4/dobot_gazebo) by extensions ['ros']
[0.213s] Level 1:colcon.colcon_core.package_identification:_identify(src/DOBOT_6Axis_ROS2_V4/dobot_gazebo) by extension 'ros'
[0.213s] DEBUG:colcon.colcon_core.package_identification:Package 'src/DOBOT_6Axis_ROS2_V4/dobot_gazebo' with type 'ros.ament_cmake' and name 'dobot_gazebo'
[0.213s] Level 1:colcon.colcon_core.package_identification:_identify(src/DOBOT_6Axis_ROS2_V4/dobot_moveit) by extensions ['ignore', 'ignore_ament_install']
[0.213s] Level 1:colcon.colcon_core.package_identification:_identify(src/DOBOT_6Axis_ROS2_V4/dobot_moveit) by extension 'ignore'
[0.213s] Level 1:colcon.colcon_core.package_identification:_identify(src/DOBOT_6Axis_ROS2_V4/dobot_moveit) by extension 'ignore_ament_install'
[0.213s] Level 1:colcon.colcon_core.package_identification:_identify(src/DOBOT_6Axis_ROS2_V4/dobot_moveit) by extensions ['colcon_pkg']
[0.214s] Level 1:colcon.colcon_core.package_identification:_identify(src/DOBOT_6Axis_ROS2_V4/dobot_moveit) by extension 'colcon_pkg'
[0.214s] Level 1:colcon.colcon_core.package_identification:_identify(src/DOBOT_6Axis_ROS2_V4/dobot_moveit) by extensions ['colcon_meta']
[0.214s] Level 1:colcon.colcon_core.package_identification:_identify(src/DOBOT_6Axis_ROS2_V4/dobot_moveit) by extension 'colcon_meta'
[0.214s] Level 1:colcon.colcon_core.package_identification:_identify(src/DOBOT_6Axis_ROS2_V4/dobot_moveit) by extensions ['ros']
[0.214s] Level 1:colcon.colcon_core.package_identification:_identify(src/DOBOT_6Axis_ROS2_V4/dobot_moveit) by extension 'ros'
[0.214s] DEBUG:colcon.colcon_core.package_identification:Package 'src/DOBOT_6Axis_ROS2_V4/dobot_moveit' with type 'ros.ament_python' and name 'dobot_moveit'
[0.214s] Level 1:colcon.colcon_core.package_identification:_identify(src/DOBOT_6Axis_ROS2_V4/dobot_msgs_v4) by extensions ['ignore', 'ignore_ament_install']
[0.214s] Level 1:colcon.colcon_core.package_identification:_identify(src/DOBOT_6Axis_ROS2_V4/dobot_msgs_v4) by extension 'ignore'
[0.214s] Level 1:colcon.colcon_core.package_identification:_identify(src/DOBOT_6Axis_ROS2_V4/dobot_msgs_v4) by extension 'ignore_ament_install'
[0.214s] Level 1:colcon.colcon_core.package_identification:_identify(src/DOBOT_6Axis_ROS2_V4/dobot_msgs_v4) by extensions ['colcon_pkg']
[0.214s] Level 1:colcon.colcon_core.package_identification:_identify(src/DOBOT_6Axis_ROS2_V4/dobot_msgs_v4) by extension 'colcon_pkg'
[0.214s] Level 1:colcon.colcon_core.package_identification:_identify(src/DOBOT_6Axis_ROS2_V4/dobot_msgs_v4) by extensions ['colcon_meta']
[0.214s] Level 1:colcon.colcon_core.package_identification:_identify(src/DOBOT_6Axis_ROS2_V4/dobot_msgs_v4) by extension 'colcon_meta'
[0.215s] Level 1:colcon.colcon_core.package_identification:_identify(src/DOBOT_6Axis_ROS2_V4/dobot_msgs_v4) by extensions ['ros']
[0.215s] Level 1:colcon.colcon_core.package_identification:_identify(src/DOBOT_6Axis_ROS2_V4/dobot_msgs_v4) by extension 'ros'
[0.215s] DEBUG:colcon.colcon_core.package_identification:Package 'src/DOBOT_6Axis_ROS2_V4/dobot_msgs_v4' with type 'ros.ament_cmake' and name 'dobot_msgs_v4'
[0.215s] Level 1:colcon.colcon_core.package_identification:_identify(src/DOBOT_6Axis_ROS2_V4/dobot_rviz) by extensions ['ignore', 'ignore_ament_install']
[0.215s] Level 1:colcon.colcon_core.package_identification:_identify(src/DOBOT_6Axis_ROS2_V4/dobot_rviz) by extension 'ignore'
[0.215s] Level 1:colcon.colcon_core.package_identification:_identify(src/DOBOT_6Axis_ROS2_V4/dobot_rviz) by extension 'ignore_ament_install'
[0.215s] Level 1:colcon.colcon_core.package_identification:_identify(src/DOBOT_6Axis_ROS2_V4/dobot_rviz) by extensions ['colcon_pkg']
[0.215s] Level 1:colcon.colcon_core.package_identification:_identify(src/DOBOT_6Axis_ROS2_V4/dobot_rviz) by extension 'colcon_pkg'
[0.215s] Level 1:colcon.colcon_core.package_identification:_identify(src/DOBOT_6Axis_ROS2_V4/dobot_rviz) by extensions ['colcon_meta']
[0.215s] Level 1:colcon.colcon_core.package_identification:_identify(src/DOBOT_6Axis_ROS2_V4/dobot_rviz) by extension 'colcon_meta'
[0.215s] Level 1:colcon.colcon_core.package_identification:_identify(src/DOBOT_6Axis_ROS2_V4/dobot_rviz) by extensions ['ros']
[0.216s] Level 1:colcon.colcon_core.package_identification:_identify(src/DOBOT_6Axis_ROS2_V4/dobot_rviz) by extension 'ros'
[0.216s] DEBUG:colcon.colcon_core.package_identification:Package 'src/DOBOT_6Axis_ROS2_V4/dobot_rviz' with type 'ros.ament_cmake' and name 'dobot_rviz'
[0.216s] Level 1:colcon.colcon_core.package_identification:_identify(src/DOBOT_6Axis_ROS2_V4/image) by extensions ['ignore', 'ignore_ament_install']
[0.216s] Level 1:colcon.colcon_core.package_identification:_identify(src/DOBOT_6Axis_ROS2_V4/image) by extension 'ignore'
[0.216s] Level 1:colcon.colcon_core.package_identification:_identify(src/DOBOT_6Axis_ROS2_V4/image) by extension 'ignore_ament_install'
[0.216s] Level 1:colcon.colcon_core.package_identification:_identify(src/DOBOT_6Axis_ROS2_V4/image) by extensions ['colcon_pkg']
[0.216s] Level 1:colcon.colcon_core.package_identification:_identify(src/DOBOT_6Axis_ROS2_V4/image) by extension 'colcon_pkg'
[0.216s] Level 1:colcon.colcon_core.package_identification:_identify(src/DOBOT_6Axis_ROS2_V4/image) by extensions ['colcon_meta']
[0.216s] Level 1:colcon.colcon_core.package_identification:_identify(src/DOBOT_6Axis_ROS2_V4/image) by extension 'colcon_meta'
[0.216s] Level 1:colcon.colcon_core.package_identification:_identify(src/DOBOT_6Axis_ROS2_V4/image) by extensions ['ros']
[0.216s] Level 1:colcon.colcon_core.package_identification:_identify(src/DOBOT_6Axis_ROS2_V4/image) by extension 'ros'
[0.217s] Level 1:colcon.colcon_core.package_identification:_identify(src/DOBOT_6Axis_ROS2_V4/image) by extensions ['cmake', 'python']
[0.217s] Level 1:colcon.colcon_core.package_identification:_identify(src/DOBOT_6Axis_ROS2_V4/image) by extension 'cmake'
[0.217s] Level 1:colcon.colcon_core.package_identification:_identify(src/DOBOT_6Axis_ROS2_V4/image) by extension 'python'
[0.217s] Level 1:colcon.colcon_core.package_identification:_identify(src/DOBOT_6Axis_ROS2_V4/image) by extensions ['python_setup_py']
[0.217s] Level 1:colcon.colcon_core.package_identification:_identify(src/DOBOT_6Axis_ROS2_V4/image) by extension 'python_setup_py'
[0.217s] Level 1:colcon.colcon_core.package_identification:_identify(src/DOBOT_6Axis_ROS2_V4/install) by extensions ['ignore', 'ignore_ament_install']
[0.217s] Level 1:colcon.colcon_core.package_identification:_identify(src/DOBOT_6Axis_ROS2_V4/install) by extension 'ignore'
[0.217s] Level 1:colcon.colcon_core.package_identification:_identify(src/DOBOT_6Axis_ROS2_V4/install) ignored
[0.217s] Level 1:colcon.colcon_core.package_identification:_identify(src/DOBOT_6Axis_ROS2_V4/log) by extensions ['ignore', 'ignore_ament_install']
[0.217s] Level 1:colcon.colcon_core.package_identification:_identify(src/DOBOT_6Axis_ROS2_V4/log) by extension 'ignore'
[0.217s] Level 1:colcon.colcon_core.package_identification:_identify(src/DOBOT_6Axis_ROS2_V4/log) ignored
[0.217s] Level 1:colcon.colcon_core.package_identification:_identify(src/DOBOT_6Axis_ROS2_V4/log_txt) by extensions ['ignore', 'ignore_ament_install']
[0.217s] Level 1:colcon.colcon_core.package_identification:_identify(src/DOBOT_6Axis_ROS2_V4/log_txt) by extension 'ignore'
[0.217s] Level 1:colcon.colcon_core.package_identification:_identify(src/DOBOT_6Axis_ROS2_V4/log_txt) by extension 'ignore_ament_install'
[0.217s] Level 1:colcon.colcon_core.package_identification:_identify(src/DOBOT_6Axis_ROS2_V4/log_txt) by extensions ['colcon_pkg']
[0.217s] Level 1:colcon.colcon_core.package_identification:_identify(src/DOBOT_6Axis_ROS2_V4/log_txt) by extension 'colcon_pkg'
[0.217s] Level 1:colcon.colcon_core.package_identification:_identify(src/DOBOT_6Axis_ROS2_V4/log_txt) by extensions ['colcon_meta']
[0.217s] Level 1:colcon.colcon_core.package_identification:_identify(src/DOBOT_6Axis_ROS2_V4/log_txt) by extension 'colcon_meta'
[0.218s] Level 1:colcon.colcon_core.package_identification:_identify(src/DOBOT_6Axis_ROS2_V4/log_txt) by extensions ['ros']
[0.218s] Level 1:colcon.colcon_core.package_identification:_identify(src/DOBOT_6Axis_ROS2_V4/log_txt) by extension 'ros'
[0.218s] Level 1:colcon.colcon_core.package_identification:_identify(src/DOBOT_6Axis_ROS2_V4/log_txt) by extensions ['cmake', 'python']
[0.218s] Level 1:colcon.colcon_core.package_identification:_identify(src/DOBOT_6Axis_ROS2_V4/log_txt) by extension 'cmake'
[0.218s] Level 1:colcon.colcon_core.package_identification:_identify(src/DOBOT_6Axis_ROS2_V4/log_txt) by extension 'python'
[0.218s] Level 1:colcon.colcon_core.package_identification:_identify(src/DOBOT_6Axis_ROS2_V4/log_txt) by extensions ['python_setup_py']
[0.218s] Level 1:colcon.colcon_core.package_identification:_identify(src/DOBOT_6Axis_ROS2_V4/log_txt) by extension 'python_setup_py'
[0.218s] Level 1:colcon.colcon_core.package_identification:_identify(src/DOBOT_6Axis_ROS2_V4/mp) by extensions ['ignore', 'ignore_ament_install']
[0.218s] Level 1:colcon.colcon_core.package_identification:_identify(src/DOBOT_6Axis_ROS2_V4/mp) by extension 'ignore'
[0.218s] Level 1:colcon.colcon_core.package_identification:_identify(src/DOBOT_6Axis_ROS2_V4/mp) by extension 'ignore_ament_install'
[0.218s] Level 1:colcon.colcon_core.package_identification:_identify(src/DOBOT_6Axis_ROS2_V4/mp) by extensions ['colcon_pkg']
[0.218s] Level 1:colcon.colcon_core.package_identification:_identify(src/DOBOT_6Axis_ROS2_V4/mp) by extension 'colcon_pkg'
[0.218s] Level 1:colcon.colcon_core.package_identification:_identify(src/DOBOT_6Axis_ROS2_V4/mp) by extensions ['colcon_meta']
[0.218s] Level 1:colcon.colcon_core.package_identification:_identify(src/DOBOT_6Axis_ROS2_V4/mp) by extension 'colcon_meta'
[0.218s] Level 1:colcon.colcon_core.package_identification:_identify(src/DOBOT_6Axis_ROS2_V4/mp) by extensions ['ros']
[0.218s] Level 1:colcon.colcon_core.package_identification:_identify(src/DOBOT_6Axis_ROS2_V4/mp) by extension 'ros'
[0.218s] Level 1:colcon.colcon_core.package_identification:_identify(src/DOBOT_6Axis_ROS2_V4/mp) by extensions ['cmake', 'python']
[0.218s] Level 1:colcon.colcon_core.package_identification:_identify(src/DOBOT_6Axis_ROS2_V4/mp) by extension 'cmake'
[0.218s] Level 1:colcon.colcon_core.package_identification:_identify(src/DOBOT_6Axis_ROS2_V4/mp) by extension 'python'
[0.218s] Level 1:colcon.colcon_core.package_identification:_identify(src/DOBOT_6Axis_ROS2_V4/mp) by extensions ['python_setup_py']
[0.218s] Level 1:colcon.colcon_core.package_identification:_identify(src/DOBOT_6Axis_ROS2_V4/mp) by extension 'python_setup_py'
[0.218s] Level 1:colcon.colcon_core.package_identification:_identify(src/DOBOT_6Axis_ROS2_V4/mp/__pycache__) by extensions ['ignore', 'ignore_ament_install']
[0.219s] Level 1:colcon.colcon_core.package_identification:_identify(src/DOBOT_6Axis_ROS2_V4/mp/__pycache__) by extension 'ignore'
[0.219s] Level 1:colcon.colcon_core.package_identification:_identify(src/DOBOT_6Axis_ROS2_V4/mp/__pycache__) by extension 'ignore_ament_install'
[0.219s] Level 1:colcon.colcon_core.package_identification:_identify(src/DOBOT_6Axis_ROS2_V4/mp/__pycache__) by extensions ['colcon_pkg']
[0.219s] Level 1:colcon.colcon_core.package_identification:_identify(src/DOBOT_6Axis_ROS2_V4/mp/__pycache__) by extension 'colcon_pkg'
[0.219s] Level 1:colcon.colcon_core.package_identification:_identify(src/DOBOT_6Axis_ROS2_V4/mp/__pycache__) by extensions ['colcon_meta']
[0.219s] Level 1:colcon.colcon_core.package_identification:_identify(src/DOBOT_6Axis_ROS2_V4/mp/__pycache__) by extension 'colcon_meta'
[0.219s] Level 1:colcon.colcon_core.package_identification:_identify(src/DOBOT_6Axis_ROS2_V4/mp/__pycache__) by extensions ['ros']
[0.219s] Level 1:colcon.colcon_core.package_identification:_identify(src/DOBOT_6Axis_ROS2_V4/mp/__pycache__) by extension 'ros'
[0.219s] Level 1:colcon.colcon_core.package_identification:_identify(src/DOBOT_6Axis_ROS2_V4/mp/__pycache__) by extensions ['cmake', 'python']
[0.219s] Level 1:colcon.colcon_core.package_identification:_identify(src/DOBOT_6Axis_ROS2_V4/mp/__pycache__) by extension 'cmake'
[0.219s] Level 1:colcon.colcon_core.package_identification:_identify(src/DOBOT_6Axis_ROS2_V4/mp/__pycache__) by extension 'python'
[0.219s] Level 1:colcon.colcon_core.package_identification:_identify(src/DOBOT_6Axis_ROS2_V4/mp/__pycache__) by extensions ['python_setup_py']
[0.219s] Level 1:colcon.colcon_core.package_identification:_identify(src/DOBOT_6Axis_ROS2_V4/mp/__pycache__) by extension 'python_setup_py'
[0.219s] Level 1:colcon.colcon_core.package_identification:_identify(src/DOBOT_6Axis_ROS2_V4/onrobot_2fg7_description) by extensions ['ignore', 'ignore_ament_install']
[0.219s] Level 1:colcon.colcon_core.package_identification:_identify(src/DOBOT_6Axis_ROS2_V4/onrobot_2fg7_description) by extension 'ignore'
[0.219s] Level 1:colcon.colcon_core.package_identification:_identify(src/DOBOT_6Axis_ROS2_V4/onrobot_2fg7_description) by extension 'ignore_ament_install'
[0.219s] Level 1:colcon.colcon_core.package_identification:_identify(src/DOBOT_6Axis_ROS2_V4/onrobot_2fg7_description) by extensions ['colcon_pkg']
[0.219s] Level 1:colcon.colcon_core.package_identification:_identify(src/DOBOT_6Axis_ROS2_V4/onrobot_2fg7_description) by extension 'colcon_pkg'
[0.219s] Level 1:colcon.colcon_core.package_identification:_identify(src/DOBOT_6Axis_ROS2_V4/onrobot_2fg7_description) by extensions ['colcon_meta']
[0.219s] Level 1:colcon.colcon_core.package_identification:_identify(src/DOBOT_6Axis_ROS2_V4/onrobot_2fg7_description) by extension 'colcon_meta'
[0.219s] Level 1:colcon.colcon_core.package_identification:_identify(src/DOBOT_6Axis_ROS2_V4/onrobot_2fg7_description) by extensions ['ros']
[0.219s] Level 1:colcon.colcon_core.package_identification:_identify(src/DOBOT_6Axis_ROS2_V4/onrobot_2fg7_description) by extension 'ros'
[0.220s] DEBUG:colcon.colcon_core.package_identification:Package 'src/DOBOT_6Axis_ROS2_V4/onrobot_2fg7_description' with type 'ros.ament_cmake' and name 'onrobot_2fg7_description'
[0.220s] Level 1:colcon.colcon_core.package_identification:_identify(src/DOBOT_6Axis_ROS2_V4/servo_action) by extensions ['ignore', 'ignore_ament_install']
[0.220s] Level 1:colcon.colcon_core.package_identification:_identify(src/DOBOT_6Axis_ROS2_V4/servo_action) by extension 'ignore'
[0.220s] Level 1:colcon.colcon_core.package_identification:_identify(src/DOBOT_6Axis_ROS2_V4/servo_action) by extension 'ignore_ament_install'
[0.220s] Level 1:colcon.colcon_core.package_identification:_identify(src/DOBOT_6Axis_ROS2_V4/servo_action) by extensions ['colcon_pkg']
[0.220s] Level 1:colcon.colcon_core.package_identification:_identify(src/DOBOT_6Axis_ROS2_V4/servo_action) by extension 'colcon_pkg'
[0.220s] Level 1:colcon.colcon_core.package_identification:_identify(src/DOBOT_6Axis_ROS2_V4/servo_action) by extensions ['colcon_meta']
[0.220s] Level 1:colcon.colcon_core.package_identification:_identify(src/DOBOT_6Axis_ROS2_V4/servo_action) by extension 'colcon_meta'
[0.220s] Level 1:colcon.colcon_core.package_identification:_identify(src/DOBOT_6Axis_ROS2_V4/servo_action) by extensions ['ros']
[0.220s] Level 1:colcon.colcon_core.package_identification:_identify(src/DOBOT_6Axis_ROS2_V4/servo_action) by extension 'ros'
[0.221s] DEBUG:colcon.colcon_core.package_identification:Package 'src/DOBOT_6Axis_ROS2_V4/servo_action' with type 'ros.ament_python' and name 'servo_action'
[0.221s] Level 1:colcon.colcon_core.package_identification:_identify(src/IFRA_LinkAttacher) by extensions ['ignore', 'ignore_ament_install']
[0.221s] Level 1:colcon.colcon_core.package_identification:_identify(src/IFRA_LinkAttacher) by extension 'ignore'
[0.221s] Level 1:colcon.colcon_core.package_identification:_identify(src/IFRA_LinkAttacher) by extension 'ignore_ament_install'
[0.221s] Level 1:colcon.colcon_core.package_identification:_identify(src/IFRA_LinkAttacher) by extensions ['colcon_pkg']
[0.221s] Level 1:colcon.colcon_core.package_identification:_identify(src/IFRA_LinkAttacher) by extension 'colcon_pkg'
[0.221s] Level 1:colcon.colcon_core.package_identification:_identify(src/IFRA_LinkAttacher) by extensions ['colcon_meta']
[0.221s] Level 1:colcon.colcon_core.package_identification:_identify(src/IFRA_LinkAttacher) by extension 'colcon_meta'
[0.221s] Level 1:colcon.colcon_core.package_identification:_identify(src/IFRA_LinkAttacher) by extensions ['ros']
[0.221s] Level 1:colcon.colcon_core.package_identification:_identify(src/IFRA_LinkAttacher) by extension 'ros'
[0.221s] Level 1:colcon.colcon_core.package_identification:_identify(src/IFRA_LinkAttacher) by extensions ['cmake', 'python']
[0.221s] Level 1:colcon.colcon_core.package_identification:_identify(src/IFRA_LinkAttacher) by extension 'cmake'
[0.221s] Level 1:colcon.colcon_core.package_identification:_identify(src/IFRA_LinkAttacher) by extension 'python'
[0.221s] Level 1:colcon.colcon_core.package_identification:_identify(src/IFRA_LinkAttacher) by extensions ['python_setup_py']
[0.221s] Level 1:colcon.colcon_core.package_identification:_identify(src/IFRA_LinkAttacher) by extension 'python_setup_py'
[0.221s] Level 1:colcon.colcon_core.package_identification:_identify(src/IFRA_LinkAttacher/linkattacher_msgs) by extensions ['ignore', 'ignore_ament_install']
[0.222s] Level 1:colcon.colcon_core.package_identification:_identify(src/IFRA_LinkAttacher/linkattacher_msgs) by extension 'ignore'
[0.222s] Level 1:colcon.colcon_core.package_identification:_identify(src/IFRA_LinkAttacher/linkattacher_msgs) by extension 'ignore_ament_install'
[0.222s] Level 1:colcon.colcon_core.package_identification:_identify(src/IFRA_LinkAttacher/linkattacher_msgs) by extensions ['colcon_pkg']
[0.222s] Level 1:colcon.colcon_core.package_identification:_identify(src/IFRA_LinkAttacher/linkattacher_msgs) by extension 'colcon_pkg'
[0.222s] Level 1:colcon.colcon_core.package_identification:_identify(src/IFRA_LinkAttacher/linkattacher_msgs) by extensions ['colcon_meta']
[0.222s] Level 1:colcon.colcon_core.package_identification:_identify(src/IFRA_LinkAttacher/linkattacher_msgs) by extension 'colcon_meta'
[0.222s] Level 1:colcon.colcon_core.package_identification:_identify(src/IFRA_LinkAttacher/linkattacher_msgs) by extensions ['ros']
[0.222s] Level 1:colcon.colcon_core.package_identification:_identify(src/IFRA_LinkAttacher/linkattacher_msgs) by extension 'ros'
[0.222s] DEBUG:colcon.colcon_core.package_identification:Package 'src/IFRA_LinkAttacher/linkattacher_msgs' with type 'ros.ament_cmake' and name 'linkattacher_msgs'
[0.222s] Level 1:colcon.colcon_core.package_identification:_identify(src/IFRA_LinkAttacher/ros2_LinkAttacher) by extensions ['ignore', 'ignore_ament_install']
[0.222s] Level 1:colcon.colcon_core.package_identification:_identify(src/IFRA_LinkAttacher/ros2_LinkAttacher) by extension 'ignore'
[0.222s] Level 1:colcon.colcon_core.package_identification:_identify(src/IFRA_LinkAttacher/ros2_LinkAttacher) by extension 'ignore_ament_install'
[0.222s] Level 1:colcon.colcon_core.package_identification:_identify(src/IFRA_LinkAttacher/ros2_LinkAttacher) by extensions ['colcon_pkg']
[0.223s] Level 1:colcon.colcon_core.package_identification:_identify(src/IFRA_LinkAttacher/ros2_LinkAttacher) by extension 'colcon_pkg'
[0.223s] Level 1:colcon.colcon_core.package_identification:_identify(src/IFRA_LinkAttacher/ros2_LinkAttacher) by extensions ['colcon_meta']
[0.223s] Level 1:colcon.colcon_core.package_identification:_identify(src/IFRA_LinkAttacher/ros2_LinkAttacher) by extension 'colcon_meta'
[0.223s] Level 1:colcon.colcon_core.package_identification:_identify(src/IFRA_LinkAttacher/ros2_LinkAttacher) by extensions ['ros']
[0.223s] Level 1:colcon.colcon_core.package_identification:_identify(src/IFRA_LinkAttacher/ros2_LinkAttacher) by extension 'ros'
[0.223s] DEBUG:colcon.colcon_core.package_identification:Package 'src/IFRA_LinkAttacher/ros2_LinkAttacher' with type 'ros.ament_cmake' and name 'ros2_linkattacher'
[0.223s] Level 1:colcon.colcon_core.package_discovery:discover_packages(recursive) using defaults
[0.223s] Level 1:colcon.colcon_core.package_discovery:discover_packages(ignore) discover
[0.223s] Level 1:colcon.colcon_core.package_discovery:discover_packages(ignore) using defaults
[0.223s] Level 1:colcon.colcon_core.package_discovery:discover_packages(path) discover
[0.223s] Level 1:colcon.colcon_core.package_discovery:discover_packages(path) using defaults
[0.240s] Level 1:colcon.colcon_core.package_discovery:discover_packages(prefix_path) check parameters
[0.240s] Level 1:colcon.colcon_core.package_discovery:discover_packages(prefix_path) discover
[0.242s] DEBUG:colcon.colcon_installed_package_information.package_discovery:Found 13 installed packages in /home/user/dobot_ws/install
[0.243s] DEBUG:colcon.colcon_installed_package_information.package_discovery:Found 288 installed packages in /opt/ros/humble
[0.249s] Level 1:colcon.colcon_core.package_discovery:discover_packages(prefix_path) using defaults
[0.276s] Level 5:colcon.colcon_core.verb:set package 'ariac_db' build argument 'cmake_args' from command line to 'None'
[0.276s] Level 5:colcon.colcon_core.verb:set package 'ariac_db' build argument 'cmake_target' from command line to 'None'
[0.277s] Level 5:colcon.colcon_core.verb:set package 'ariac_db' build argument 'cmake_target_skip_unavailable' from command line to 'False'
[0.277s] Level 5:colcon.colcon_core.verb:set package 'ariac_db' build argument 'cmake_clean_cache' from command line to 'False'
[0.277s] Level 5:colcon.colcon_core.verb:set package 'ariac_db' build argument 'cmake_clean_first' from command line to 'False'
[0.277s] Level 5:colcon.colcon_core.verb:set package 'ariac_db' build argument 'cmake_force_configure' from command line to 'False'
[0.277s] Level 5:colcon.colcon_core.verb:set package 'ariac_db' build argument 'ament_cmake_args' from command line to 'None'
[0.277s] Level 5:colcon.colcon_core.verb:set package 'ariac_db' build argument 'catkin_cmake_args' from command line to 'None'
[0.277s] Level 5:colcon.colcon_core.verb:set package 'ariac_db' build argument 'catkin_skip_building_tests' from command line to 'False'
[0.277s] DEBUG:colcon.colcon_core.verb:Building package 'ariac_db' with the following arguments: {'ament_cmake_args': None, 'build_base': '/home/user/dobot_ws/build/ariac_db', 'catkin_cmake_args': None, 'catkin_skip_building_tests': False, 'cmake_args': None, 'cmake_clean_cache': False, 'cmake_clean_first': False, 'cmake_force_configure': False, 'cmake_target': None, 'cmake_target_skip_unavailable': False, 'install_base': '/home/user/dobot_ws/install/ariac_db', 'merge_install': False, 'path': '/home/user/dobot_ws/src/ARIAC/ariac_db', 'symlink_install': False, 'test_result_base': None}
[0.277s] Level 5:colcon.colcon_core.verb:set package 'ariac_description' build argument 'cmake_args' from command line to 'None'
[0.277s] Level 5:colcon.colcon_core.verb:set package 'ariac_description' build argument 'cmake_target' from command line to 'None'
[0.277s] Level 5:colcon.colcon_core.verb:set package 'ariac_description' build argument 'cmake_target_skip_unavailable' from command line to 'False'
[0.277s] Level 5:colcon.colcon_core.verb:set package 'ariac_description' build argument 'cmake_clean_cache' from command line to 'False'
[0.277s] Level 5:colcon.colcon_core.verb:set package 'ariac_description' build argument 'cmake_clean_first' from command line to 'False'
[0.277s] Level 5:colcon.colcon_core.verb:set package 'ariac_description' build argument 'cmake_force_configure' from command line to 'False'
[0.277s] Level 5:colcon.colcon_core.verb:set package 'ariac_description' build argument 'ament_cmake_args' from command line to 'None'
[0.277s] Level 5:colcon.colcon_core.verb:set package 'ariac_description' build argument 'catkin_cmake_args' from command line to 'None'
[0.277s] Level 5:colcon.colcon_core.verb:set package 'ariac_description' build argument 'catkin_skip_building_tests' from command line to 'False'
[0.277s] DEBUG:colcon.colcon_core.verb:Building package 'ariac_description' with the following arguments: {'ament_cmake_args': None, 'build_base': '/home/user/dobot_ws/build/ariac_description', 'catkin_cmake_args': None, 'catkin_skip_building_tests': False, 'cmake_args': None, 'cmake_clean_cache': False, 'cmake_clean_first': False, 'cmake_force_configure': False, 'cmake_target': None, 'cmake_target_skip_unavailable': False, 'install_base': '/home/user/dobot_ws/install/ariac_description', 'merge_install': False, 'path': '/home/user/dobot_ws/src/ARIAC/ariac_description', 'symlink_install': False, 'test_result_base': None}
[0.277s] Level 5:colcon.colcon_core.verb:set package 'ariac_interfaces' build argument 'cmake_args' from command line to 'None'
[0.277s] Level 5:colcon.colcon_core.verb:set package 'ariac_interfaces' build argument 'cmake_target' from command line to 'None'
[0.277s] Level 5:colcon.colcon_core.verb:set package 'ariac_interfaces' build argument 'cmake_target_skip_unavailable' from command line to 'False'
[0.278s] Level 5:colcon.colcon_core.verb:set package 'ariac_interfaces' build argument 'cmake_clean_cache' from command line to 'False'
[0.278s] Level 5:colcon.colcon_core.verb:set package 'ariac_interfaces' build argument 'cmake_clean_first' from command line to 'False'
[0.278s] Level 5:colcon.colcon_core.verb:set package 'ariac_interfaces' build argument 'cmake_force_configure' from command line to 'False'
[0.278s] Level 5:colcon.colcon_core.verb:set package 'ariac_interfaces' build argument 'ament_cmake_args' from command line to 'None'
[0.278s] Level 5:colcon.colcon_core.verb:set package 'ariac_interfaces' build argument 'catkin_cmake_args' from command line to 'None'
[0.278s] Level 5:colcon.colcon_core.verb:set package 'ariac_interfaces' build argument 'catkin_skip_building_tests' from command line to 'False'
[0.278s] DEBUG:colcon.colcon_core.verb:Building package 'ariac_interfaces' with the following arguments: {'ament_cmake_args': None, 'build_base': '/home/user/dobot_ws/build/ariac_interfaces', 'catkin_cmake_args': None, 'catkin_skip_building_tests': False, 'cmake_args': None, 'cmake_clean_cache': False, 'cmake_clean_first': False, 'cmake_force_configure': False, 'cmake_target': None, 'cmake_target_skip_unavailable': False, 'install_base': '/home/user/dobot_ws/install/ariac_interfaces', 'merge_install': False, 'path': '/home/user/dobot_ws/src/ARIAC/ariac_interfaces', 'symlink_install': False, 'test_result_base': None}
[0.278s] Level 5:colcon.colcon_core.verb:set package 'ariac_setup' build argument 'cmake_args' from command line to 'None'
[0.278s] Level 5:colcon.colcon_core.verb:set package 'ariac_setup' build argument 'cmake_target' from command line to 'None'
[0.278s] Level 5:colcon.colcon_core.verb:set package 'ariac_setup' build argument 'cmake_target_skip_unavailable' from command line to 'False'
[0.278s] Level 5:colcon.colcon_core.verb:set package 'ariac_setup' build argument 'cmake_clean_cache' from command line to 'False'
[0.278s] Level 5:colcon.colcon_core.verb:set package 'ariac_setup' build argument 'cmake_clean_first' from command line to 'False'
[0.278s] Level 5:colcon.colcon_core.verb:set package 'ariac_setup' build argument 'cmake_force_configure' from command line to 'False'
[0.278s] Level 5:colcon.colcon_core.verb:set package 'ariac_setup' build argument 'ament_cmake_args' from command line to 'None'
[0.278s] Level 5:colcon.colcon_core.verb:set package 'ariac_setup' build argument 'catkin_cmake_args' from command line to 'None'
[0.278s] Level 5:colcon.colcon_core.verb:set package 'ariac_setup' build argument 'catkin_skip_building_tests' from command line to 'False'
[0.278s] DEBUG:colcon.colcon_core.verb:Building package 'ariac_setup' with the following arguments: {'ament_cmake_args': None, 'build_base': '/home/user/dobot_ws/build/ariac_setup', 'catkin_cmake_args': None, 'catkin_skip_building_tests': False, 'cmake_args': None, 'cmake_clean_cache': False, 'cmake_clean_first': False, 'cmake_force_configure': False, 'cmake_target': None, 'cmake_target_skip_unavailable': False, 'install_base': '/home/user/dobot_ws/install/ariac_setup', 'merge_install': False, 'path': '/home/user/dobot_ws/src/ARIAC/ariac_setup', 'symlink_install': False, 'test_result_base': None}
[0.278s] Level 5:colcon.colcon_core.verb:set package 'dobot_demo' build argument 'cmake_args' from command line to 'None'
[0.278s] Level 5:colcon.colcon_core.verb:set package 'dobot_demo' build argument 'cmake_target' from command line to 'None'
[0.278s] Level 5:colcon.colcon_core.verb:set package 'dobot_demo' build argument 'cmake_target_skip_unavailable' from command line to 'False'
[0.278s] Level 5:colcon.colcon_core.verb:set package 'dobot_demo' build argument 'cmake_clean_cache' from command line to 'False'
[0.278s] Level 5:colcon.colcon_core.verb:set package 'dobot_demo' build argument 'cmake_clean_first' from command line to 'False'
[0.279s] Level 5:colcon.colcon_core.verb:set package 'dobot_demo' build argument 'cmake_force_configure' from command line to 'False'
[0.279s] Level 5:colcon.colcon_core.verb:set package 'dobot_demo' build argument 'ament_cmake_args' from command line to 'None'
[0.279s] Level 5:colcon.colcon_core.verb:set package 'dobot_demo' build argument 'catkin_cmake_args' from command line to 'None'
[0.279s] Level 5:colcon.colcon_core.verb:set package 'dobot_demo' build argument 'catkin_skip_building_tests' from command line to 'False'
[0.279s] DEBUG:colcon.colcon_core.verb:Building package 'dobot_demo' with the following arguments: {'ament_cmake_args': None, 'build_base': '/home/user/dobot_ws/build/dobot_demo', 'catkin_cmake_args': None, 'catkin_skip_building_tests': False, 'cmake_args': None, 'cmake_clean_cache': False, 'cmake_clean_first': False, 'cmake_force_configure': False, 'cmake_target': None, 'cmake_target_skip_unavailable': False, 'install_base': '/home/user/dobot_ws/install/dobot_demo', 'merge_install': False, 'path': '/home/user/dobot_ws/src/DOBOT_6Axis_ROS2_V4/dobot_demo', 'symlink_install': False, 'test_result_base': None}
[0.279s] Level 5:colcon.colcon_core.verb:set package 'dobot_demo_cpp' build argument 'cmake_args' from command line to 'None'
[0.279s] Level 5:colcon.colcon_core.verb:set package 'dobot_demo_cpp' build argument 'cmake_target' from command line to 'None'
[0.279s] Level 5:colcon.colcon_core.verb:set package 'dobot_demo_cpp' build argument 'cmake_target_skip_unavailable' from command line to 'False'
[0.279s] Level 5:colcon.colcon_core.verb:set package 'dobot_demo_cpp' build argument 'cmake_clean_cache' from command line to 'False'
[0.279s] Level 5:colcon.colcon_core.verb:set package 'dobot_demo_cpp' build argument 'cmake_clean_first' from command line to 'False'
[0.279s] Level 5:colcon.colcon_core.verb:set package 'dobot_demo_cpp' build argument 'cmake_force_configure' from command line to 'False'
[0.279s] Level 5:colcon.colcon_core.verb:set package 'dobot_demo_cpp' build argument 'ament_cmake_args' from command line to 'None'
[0.279s] Level 5:colcon.colcon_core.verb:set package 'dobot_demo_cpp' build argument 'catkin_cmake_args' from command line to 'None'
[0.279s] Level 5:colcon.colcon_core.verb:set package 'dobot_demo_cpp' build argument 'catkin_skip_building_tests' from command line to 'False'
[0.279s] DEBUG:colcon.colcon_core.verb:Building package 'dobot_demo_cpp' with the following arguments: {'ament_cmake_args': None, 'build_base': '/home/user/dobot_ws/build/dobot_demo_cpp', 'catkin_cmake_args': None, 'catkin_skip_building_tests': False, 'cmake_args': None, 'cmake_clean_cache': False, 'cmake_clean_first': False, 'cmake_force_configure': False, 'cmake_target': None, 'cmake_target_skip_unavailable': False, 'install_base': '/home/user/dobot_ws/install/dobot_demo_cpp', 'merge_install': False, 'path': '/home/user/dobot_ws/src/DOBOT_6Axis_ROS2_V4/dobot_demo_cpp', 'symlink_install': False, 'test_result_base': None}
[0.279s] Level 5:colcon.colcon_core.verb:set package 'dobot_moveit' build argument 'cmake_args' from command line to 'None'
[0.279s] Level 5:colcon.colcon_core.verb:set package 'dobot_moveit' build argument 'cmake_target' from command line to 'None'
[0.279s] Level 5:colcon.colcon_core.verb:set package 'dobot_moveit' build argument 'cmake_target_skip_unavailable' from command line to 'False'
[0.279s] Level 5:colcon.colcon_core.verb:set package 'dobot_moveit' build argument 'cmake_clean_cache' from command line to 'False'
[0.279s] Level 5:colcon.colcon_core.verb:set package 'dobot_moveit' build argument 'cmake_clean_first' from command line to 'False'
[0.279s] Level 5:colcon.colcon_core.verb:set package 'dobot_moveit' build argument 'cmake_force_configure' from command line to 'False'
[0.279s] Level 5:colcon.colcon_core.verb:set package 'dobot_moveit' build argument 'ament_cmake_args' from command line to 'None'
[0.280s] Level 5:colcon.colcon_core.verb:set package 'dobot_moveit' build argument 'catkin_cmake_args' from command line to 'None'
[0.280s] Level 5:colcon.colcon_core.verb:set package 'dobot_moveit' build argument 'catkin_skip_building_tests' from command line to 'False'
[0.280s] DEBUG:colcon.colcon_core.verb:Building package 'dobot_moveit' with the following arguments: {'ament_cmake_args': None, 'build_base': '/home/user/dobot_ws/build/dobot_moveit', 'catkin_cmake_args': None, 'catkin_skip_building_tests': False, 'cmake_args': None, 'cmake_clean_cache': False, 'cmake_clean_first': False, 'cmake_force_configure': False, 'cmake_target': None, 'cmake_target_skip_unavailable': False, 'install_base': '/home/user/dobot_ws/install/dobot_moveit', 'merge_install': False, 'path': '/home/user/dobot_ws/src/DOBOT_6Axis_ROS2_V4/dobot_moveit', 'symlink_install': False, 'test_result_base': None}
[0.280s] Level 5:colcon.colcon_core.verb:set package 'dobot_msgs_v4' build argument 'cmake_args' from command line to 'None'
[0.280s] Level 5:colcon.colcon_core.verb:set package 'dobot_msgs_v4' build argument 'cmake_target' from command line to 'None'
[0.280s] Level 5:colcon.colcon_core.verb:set package 'dobot_msgs_v4' build argument 'cmake_target_skip_unavailable' from command line to 'False'
[0.280s] Level 5:colcon.colcon_core.verb:set package 'dobot_msgs_v4' build argument 'cmake_clean_cache' from command line to 'False'
[0.280s] Level 5:colcon.colcon_core.verb:set package 'dobot_msgs_v4' build argument 'cmake_clean_first' from command line to 'False'
[0.280s] Level 5:colcon.colcon_core.verb:set package 'dobot_msgs_v4' build argument 'cmake_force_configure' from command line to 'False'
[0.280s] Level 5:colcon.colcon_core.verb:set package 'dobot_msgs_v4' build argument 'ament_cmake_args' from command line to 'None'
[0.280s] Level 5:colcon.colcon_core.verb:set package 'dobot_msgs_v4' build argument 'catkin_cmake_args' from command line to 'None'
[0.280s] Level 5:colcon.colcon_core.verb:set package 'dobot_msgs_v4' build argument 'catkin_skip_building_tests' from command line to 'False'
[0.280s] DEBUG:colcon.colcon_core.verb:Building package 'dobot_msgs_v4' with the following arguments: {'ament_cmake_args': None, 'build_base': '/home/user/dobot_ws/build/dobot_msgs_v4', 'catkin_cmake_args': None, 'catkin_skip_building_tests': False, 'cmake_args': None, 'cmake_clean_cache': False, 'cmake_clean_first': False, 'cmake_force_configure': False, 'cmake_target': None, 'cmake_target_skip_unavailable': False, 'install_base': '/home/user/dobot_ws/install/dobot_msgs_v4', 'merge_install': False, 'path': '/home/user/dobot_ws/src/DOBOT_6Axis_ROS2_V4/dobot_msgs_v4', 'symlink_install': False, 'test_result_base': None}
[0.280s] Level 5:colcon.colcon_core.verb:set package 'dobot_rviz' build argument 'cmake_args' from command line to 'None'
[0.280s] Level 5:colcon.colcon_core.verb:set package 'dobot_rviz' build argument 'cmake_target' from command line to 'None'
[0.280s] Level 5:colcon.colcon_core.verb:set package 'dobot_rviz' build argument 'cmake_target_skip_unavailable' from command line to 'False'
[0.280s] Level 5:colcon.colcon_core.verb:set package 'dobot_rviz' build argument 'cmake_clean_cache' from command line to 'False'
[0.280s] Level 5:colcon.colcon_core.verb:set package 'dobot_rviz' build argument 'cmake_clean_first' from command line to 'False'
[0.280s] Level 5:colcon.colcon_core.verb:set package 'dobot_rviz' build argument 'cmake_force_configure' from command line to 'False'
[0.280s] Level 5:colcon.colcon_core.verb:set package 'dobot_rviz' build argument 'ament_cmake_args' from command line to 'None'
[0.280s] Level 5:colcon.colcon_core.verb:set package 'dobot_rviz' build argument 'catkin_cmake_args' from command line to 'None'
[0.280s] Level 5:colcon.colcon_core.verb:set package 'dobot_rviz' build argument 'catkin_skip_building_tests' from command line to 'False'
[0.281s] DEBUG:colcon.colcon_core.verb:Building package 'dobot_rviz' with the following arguments: {'ament_cmake_args': None, 'build_base': '/home/user/dobot_ws/build/dobot_rviz', 'catkin_cmake_args': None, 'catkin_skip_building_tests': False, 'cmake_args': None, 'cmake_clean_cache': False, 'cmake_clean_first': False, 'cmake_force_configure': False, 'cmake_target': None, 'cmake_target_skip_unavailable': False, 'install_base': '/home/user/dobot_ws/install/dobot_rviz', 'merge_install': False, 'path': '/home/user/dobot_ws/src/DOBOT_6Axis_ROS2_V4/dobot_rviz', 'symlink_install': False, 'test_result_base': None}
[0.281s] Level 5:colcon.colcon_core.verb:set package 'linkattacher_msgs' build argument 'cmake_args' from command line to 'None'
[0.281s] Level 5:colcon.colcon_core.verb:set package 'linkattacher_msgs' build argument 'cmake_target' from command line to 'None'
[0.281s] Level 5:colcon.colcon_core.verb:set package 'linkattacher_msgs' build argument 'cmake_target_skip_unavailable' from command line to 'False'
[0.281s] Level 5:colcon.colcon_core.verb:set package 'linkattacher_msgs' build argument 'cmake_clean_cache' from command line to 'False'
[0.281s] Level 5:colcon.colcon_core.verb:set package 'linkattacher_msgs' build argument 'cmake_clean_first' from command line to 'False'
[0.281s] Level 5:colcon.colcon_core.verb:set package 'linkattacher_msgs' build argument 'cmake_force_configure' from command line to 'False'
[0.281s] Level 5:colcon.colcon_core.verb:set package 'linkattacher_msgs' build argument 'ament_cmake_args' from command line to 'None'
[0.281s] Level 5:colcon.colcon_core.verb:set package 'linkattacher_msgs' build argument 'catkin_cmake_args' from command line to 'None'
[0.281s] Level 5:colcon.colcon_core.verb:set package 'linkattacher_msgs' build argument 'catkin_skip_building_tests' from command line to 'False'
[0.281s] DEBUG:colcon.colcon_core.verb:Building package 'linkattacher_msgs' with the following arguments: {'ament_cmake_args': None, 'build_base': '/home/user/dobot_ws/build/linkattacher_msgs', 'catkin_cmake_args': None, 'catkin_skip_building_tests': False, 'cmake_args': None, 'cmake_clean_cache': False, 'cmake_clean_first': False, 'cmake_force_configure': False, 'cmake_target': None, 'cmake_target_skip_unavailable': False, 'install_base': '/home/user/dobot_ws/install/linkattacher_msgs', 'merge_install': False, 'path': '/home/user/dobot_ws/src/IFRA_LinkAttacher/linkattacher_msgs', 'symlink_install': False, 'test_result_base': None}
[0.281s] Level 5:colcon.colcon_core.verb:set package 'onrobot_2fg7_description' build argument 'cmake_args' from command line to 'None'
[0.281s] Level 5:colcon.colcon_core.verb:set package 'onrobot_2fg7_description' build argument 'cmake_target' from command line to 'None'
[0.281s] Level 5:colcon.colcon_core.verb:set package 'onrobot_2fg7_description' build argument 'cmake_target_skip_unavailable' from command line to 'False'
[0.281s] Level 5:colcon.colcon_core.verb:set package 'onrobot_2fg7_description' build argument 'cmake_clean_cache' from command line to 'False'
[0.281s] Level 5:colcon.colcon_core.verb:set package 'onrobot_2fg7_description' build argument 'cmake_clean_first' from command line to 'False'
[0.281s] Level 5:colcon.colcon_core.verb:set package 'onrobot_2fg7_description' build argument 'cmake_force_configure' from command line to 'False'
[0.281s] Level 5:colcon.colcon_core.verb:set package 'onrobot_2fg7_description' build argument 'ament_cmake_args' from command line to 'None'
[0.281s] Level 5:colcon.colcon_core.verb:set package 'onrobot_2fg7_description' build argument 'catkin_cmake_args' from command line to 'None'
[0.281s] Level 5:colcon.colcon_core.verb:set package 'onrobot_2fg7_description' build argument 'catkin_skip_building_tests' from command line to 'False'
[0.281s] DEBUG:colcon.colcon_core.verb:Building package 'onrobot_2fg7_description' with the following arguments: {'ament_cmake_args': None, 'build_base': '/home/user/dobot_ws/build/onrobot_2fg7_description', 'catkin_cmake_args': None, 'catkin_skip_building_tests': False, 'cmake_args': None, 'cmake_clean_cache': False, 'cmake_clean_first': False, 'cmake_force_configure': False, 'cmake_target': None, 'cmake_target_skip_unavailable': False, 'install_base': '/home/user/dobot_ws/install/onrobot_2fg7_description', 'merge_install': False, 'path': '/home/user/dobot_ws/src/DOBOT_6Axis_ROS2_V4/onrobot_2fg7_description', 'symlink_install': False, 'test_result_base': None}
[0.282s] Level 5:colcon.colcon_core.verb:set package 'servo_action' build argument 'cmake_args' from command line to 'None'
[0.282s] Level 5:colcon.colcon_core.verb:set package 'servo_action' build argument 'cmake_target' from command line to 'None'
[0.282s] Level 5:colcon.colcon_core.verb:set package 'servo_action' build argument 'cmake_target_skip_unavailable' from command line to 'False'
[0.282s] Level 5:colcon.colcon_core.verb:set package 'servo_action' build argument 'cmake_clean_cache' from command line to 'False'
[0.282s] Level 5:colcon.colcon_core.verb:set package 'servo_action' build argument 'cmake_clean_first' from command line to 'False'
[0.282s] Level 5:colcon.colcon_core.verb:set package 'servo_action' build argument 'cmake_force_configure' from command line to 'False'
[0.282s] Level 5:colcon.colcon_core.verb:set package 'servo_action' build argument 'ament_cmake_args' from command line to 'None'
[0.282s] Level 5:colcon.colcon_core.verb:set package 'servo_action' build argument 'catkin_cmake_args' from command line to 'None'
[0.282s] Level 5:colcon.colcon_core.verb:set package 'servo_action' build argument 'catkin_skip_building_tests' from command line to 'False'
[0.282s] DEBUG:colcon.colcon_core.verb:Building package 'servo_action' with the following arguments: {'ament_cmake_args': None, 'build_base': '/home/user/dobot_ws/build/servo_action', 'catkin_cmake_args': None, 'catkin_skip_building_tests': False, 'cmake_args': None, 'cmake_clean_cache': False, 'cmake_clean_first': False, 'cmake_force_configure': False, 'cmake_target': None, 'cmake_target_skip_unavailable': False, 'install_base': '/home/user/dobot_ws/install/servo_action', 'merge_install': False, 'path': '/home/user/dobot_ws/src/DOBOT_6Axis_ROS2_V4/servo_action', 'symlink_install': False, 'test_result_base': None}
[0.282s] Level 5:colcon.colcon_core.verb:set package 'ariac_app' build argument 'cmake_args' from command line to 'None'
[0.282s] Level 5:colcon.colcon_core.verb:set package 'ariac_app' build argument 'cmake_target' from command line to 'None'
[0.282s] Level 5:colcon.colcon_core.verb:set package 'ariac_app' build argument 'cmake_target_skip_unavailable' from command line to 'False'
[0.282s] Level 5:colcon.colcon_core.verb:set package 'ariac_app' build argument 'cmake_clean_cache' from command line to 'False'
[0.282s] Level 5:colcon.colcon_core.verb:set package 'ariac_app' build argument 'cmake_clean_first' from command line to 'False'
[0.282s] Level 5:colcon.colcon_core.verb:set package 'ariac_app' build argument 'cmake_force_configure' from command line to 'False'
[0.282s] Level 5:colcon.colcon_core.verb:set package 'ariac_app' build argument 'ament_cmake_args' from command line to 'None'
[0.282s] Level 5:colcon.colcon_core.verb:set package 'ariac_app' build argument 'catkin_cmake_args' from command line to 'None'
[0.282s] Level 5:colcon.colcon_core.verb:set package 'ariac_app' build argument 'catkin_skip_building_tests' from command line to 'False'
[0.282s] DEBUG:colcon.colcon_core.verb:Building package 'ariac_app' with the following arguments: {'ament_cmake_args': None, 'build_base': '/home/user/dobot_ws/build/ariac_app', 'catkin_cmake_args': None, 'catkin_skip_building_tests': False, 'cmake_args': None, 'cmake_clean_cache': False, 'cmake_clean_first': False, 'cmake_force_configure': False, 'cmake_target': None, 'cmake_target_skip_unavailable': False, 'install_base': '/home/user/dobot_ws/install/ariac_app', 'merge_install': False, 'path': '/home/user/dobot_ws/src/ARIAC/ariac_app', 'symlink_install': False, 'test_result_base': None}
[0.283s] Level 5:colcon.colcon_core.verb:set package 'ariac_gz' build argument 'cmake_args' from command line to 'None'
[0.283s] Level 5:colcon.colcon_core.verb:set package 'ariac_gz' build argument 'cmake_target' from command line to 'None'
[0.283s] Level 5:colcon.colcon_core.verb:set package 'ariac_gz' build argument 'cmake_target_skip_unavailable' from command line to 'False'
[0.283s] Level 5:colcon.colcon_core.verb:set package 'ariac_gz' build argument 'cmake_clean_cache' from command line to 'False'
[0.283s] Level 5:colcon.colcon_core.verb:set package 'ariac_gz' build argument 'cmake_clean_first' from command line to 'False'
[0.283s] Level 5:colcon.colcon_core.verb:set package 'ariac_gz' build argument 'cmake_force_configure' from command line to 'False'
[0.283s] Level 5:colcon.colcon_core.verb:set package 'ariac_gz' build argument 'ament_cmake_args' from command line to 'None'
[0.283s] Level 5:colcon.colcon_core.verb:set package 'ariac_gz' build argument 'catkin_cmake_args' from command line to 'None'
[0.283s] Level 5:colcon.colcon_core.verb:set package 'ariac_gz' build argument 'catkin_skip_building_tests' from command line to 'False'
[0.283s] DEBUG:colcon.colcon_core.verb:Building package 'ariac_gz' with the following arguments: {'ament_cmake_args': None, 'build_base': '/home/user/dobot_ws/build/ariac_gz', 'catkin_cmake_args': None, 'catkin_skip_building_tests': False, 'cmake_args': None, 'cmake_clean_cache': False, 'cmake_clean_first': False, 'cmake_force_configure': False, 'cmake_target': None, 'cmake_target_skip_unavailable': False, 'install_base': '/home/user/dobot_ws/install/ariac_gz', 'merge_install': False, 'path': '/home/user/dobot_ws/src/ARIAC/ariac_gz', 'symlink_install': False, 'test_result_base': None}
[0.283s] Level 5:colcon.colcon_core.verb:set package 'ariac_plugins' build argument 'cmake_args' from command line to 'None'
[0.283s] Level 5:colcon.colcon_core.verb:set package 'ariac_plugins' build argument 'cmake_target' from command line to 'None'
[0.283s] Level 5:colcon.colcon_core.verb:set package 'ariac_plugins' build argument 'cmake_target_skip_unavailable' from command line to 'False'
[0.283s] Level 5:colcon.colcon_core.verb:set package 'ariac_plugins' build argument 'cmake_clean_cache' from command line to 'False'
[0.283s] Level 5:colcon.colcon_core.verb:set package 'ariac_plugins' build argument 'cmake_clean_first' from command line to 'False'
[0.283s] Level 5:colcon.colcon_core.verb:set package 'ariac_plugins' build argument 'cmake_force_configure' from command line to 'False'
[0.283s] Level 5:colcon.colcon_core.verb:set package 'ariac_plugins' build argument 'ament_cmake_args' from command line to 'None'
[0.283s] Level 5:colcon.colcon_core.verb:set package 'ariac_plugins' build argument 'catkin_cmake_args' from command line to 'None'
[0.283s] Level 5:colcon.colcon_core.verb:set package 'ariac_plugins' build argument 'catkin_skip_building_tests' from command line to 'False'
[0.283s] DEBUG:colcon.colcon_core.verb:Building package 'ariac_plugins' with the following arguments: {'ament_cmake_args': None, 'build_base': '/home/user/dobot_ws/build/ariac_plugins', 'catkin_cmake_args': None, 'catkin_skip_building_tests': False, 'cmake_args': None, 'cmake_clean_cache': False, 'cmake_clean_first': False, 'cmake_force_configure': False, 'cmake_target': None, 'cmake_target_skip_unavailable': False, 'install_base': '/home/user/dobot_ws/install/ariac_plugins', 'merge_install': False, 'path': '/home/user/dobot_ws/src/ARIAC/ariac_plugins', 'symlink_install': False, 'test_result_base': None}
[0.284s] Level 5:colcon.colcon_core.verb:set package 'cr7_moveit' build argument 'cmake_args' from command line to 'None'
[0.284s] Level 5:colcon.colcon_core.verb:set package 'cr7_moveit' build argument 'cmake_target' from command line to 'None'
[0.284s] Level 5:colcon.colcon_core.verb:set package 'cr7_moveit' build argument 'cmake_target_skip_unavailable' from command line to 'False'
[0.284s] Level 5:colcon.colcon_core.verb:set package 'cr7_moveit' build argument 'cmake_clean_cache' from command line to 'False'
[0.284s] Level 5:colcon.colcon_core.verb:set package 'cr7_moveit' build argument 'cmake_clean_first' from command line to 'False'
[0.284s] Level 5:colcon.colcon_core.verb:set package 'cr7_moveit' build argument 'cmake_force_configure' from command line to 'False'
[0.284s] Level 5:colcon.colcon_core.verb:set package 'cr7_moveit' build argument 'ament_cmake_args' from command line to 'None'
[0.284s] Level 5:colcon.colcon_core.verb:set package 'cr7_moveit' build argument 'catkin_cmake_args' from command line to 'None'
[0.284s] Level 5:colcon.colcon_core.verb:set package 'cr7_moveit' build argument 'catkin_skip_building_tests' from command line to 'False'
[0.284s] DEBUG:colcon.colcon_core.verb:Building package 'cr7_moveit' with the following arguments: {'ament_cmake_args': None, 'build_base': '/home/user/dobot_ws/build/cr7_moveit', 'catkin_cmake_args': None, 'catkin_skip_building_tests': False, 'cmake_args': None, 'cmake_clean_cache': False, 'cmake_clean_first': False, 'cmake_force_configure': False, 'cmake_target': None, 'cmake_target_skip_unavailable': False, 'install_base': '/home/user/dobot_ws/install/cr7_moveit', 'merge_install': False, 'path': '/home/user/dobot_ws/src/DOBOT_6Axis_ROS2_V4/cr7_moveit', 'symlink_install': False, 'test_result_base': None}
[0.284s] Level 5:colcon.colcon_core.verb:set package 'cr_robot_ros2' build argument 'cmake_args' from command line to 'None'
[0.284s] Level 5:colcon.colcon_core.verb:set package 'cr_robot_ros2' build argument 'cmake_target' from command line to 'None'
[0.284s] Level 5:colcon.colcon_core.verb:set package 'cr_robot_ros2' build argument 'cmake_target_skip_unavailable' from command line to 'False'
[0.284s] Level 5:colcon.colcon_core.verb:set package 'cr_robot_ros2' build argument 'cmake_clean_cache' from command line to 'False'
[0.284s] Level 5:colcon.colcon_core.verb:set package 'cr_robot_ros2' build argument 'cmake_clean_first' from command line to 'False'
[0.284s] Level 5:colcon.colcon_core.verb:set package 'cr_robot_ros2' build argument 'cmake_force_configure' from command line to 'False'
[0.284s] Level 5:colcon.colcon_core.verb:set package 'cr_robot_ros2' build argument 'ament_cmake_args' from command line to 'None'
[0.284s] Level 5:colcon.colcon_core.verb:set package 'cr_robot_ros2' build argument 'catkin_cmake_args' from command line to 'None'
[0.284s] Level 5:colcon.colcon_core.verb:set package 'cr_robot_ros2' build argument 'catkin_skip_building_tests' from command line to 'False'
[0.284s] DEBUG:colcon.colcon_core.verb:Building package 'cr_robot_ros2' with the following arguments: {'ament_cmake_args': None, 'build_base': '/home/user/dobot_ws/build/cr_robot_ros2', 'catkin_cmake_args': None, 'catkin_skip_building_tests': False, 'cmake_args': None, 'cmake_clean_cache': False, 'cmake_clean_first': False, 'cmake_force_configure': False, 'cmake_target': None, 'cmake_target_skip_unavailable': False, 'install_base': '/home/user/dobot_ws/install/cr_robot_ros2', 'merge_install': False, 'path': '/home/user/dobot_ws/src/DOBOT_6Axis_ROS2_V4/dobot_bringup_v4', 'symlink_install': False, 'test_result_base': None}
[0.285s] Level 5:colcon.colcon_core.verb:set package 'cra_description' build argument 'cmake_args' from command line to 'None'
[0.285s] Level 5:colcon.colcon_core.verb:set package 'cra_description' build argument 'cmake_target' from command line to 'None'
[0.285s] Level 5:colcon.colcon_core.verb:set package 'cra_description' build argument 'cmake_target_skip_unavailable' from command line to 'False'
[0.285s] Level 5:colcon.colcon_core.verb:set package 'cra_description' build argument 'cmake_clean_cache' from command line to 'False'
[0.285s] Level 5:colcon.colcon_core.verb:set package 'cra_description' build argument 'cmake_clean_first' from command line to 'False'
[0.285s] Level 5:colcon.colcon_core.verb:set package 'cra_description' build argument 'cmake_force_configure' from command line to 'False'
[0.285s] Level 5:colcon.colcon_core.verb:set package 'cra_description' build argument 'ament_cmake_args' from command line to 'None'
[0.285s] Level 5:colcon.colcon_core.verb:set package 'cra_description' build argument 'catkin_cmake_args' from command line to 'None'
[0.285s] Level 5:colcon.colcon_core.verb:set package 'cra_description' build argument 'catkin_skip_building_tests' from command line to 'False'
[0.285s] DEBUG:colcon.colcon_core.verb:Building package 'cra_description' with the following arguments: {'ament_cmake_args': None, 'build_base': '/home/user/dobot_ws/build/cra_description', 'catkin_cmake_args': None, 'catkin_skip_building_tests': False, 'cmake_args': None, 'cmake_clean_cache': False, 'cmake_clean_first': False, 'cmake_force_configure': False, 'cmake_target': None, 'cmake_target_skip_unavailable': False, 'install_base': '/home/user/dobot_ws/install/cra_description', 'merge_install': False, 'path': '/home/user/dobot_ws/src/DOBOT_6Axis_ROS2_V4/cra_description', 'symlink_install': False, 'test_result_base': None}
[0.285s] Level 5:colcon.colcon_core.verb:set package 'robotiq_gripper_controller' build argument 'cmake_args' from command line to 'None'
[0.285s] Level 5:colcon.colcon_core.verb:set package 'robotiq_gripper_controller' build argument 'cmake_target' from command line to 'None'
[0.285s] Level 5:colcon.colcon_core.verb:set package 'robotiq_gripper_controller' build argument 'cmake_target_skip_unavailable' from command line to 'False'
[0.285s] Level 5:colcon.colcon_core.verb:set package 'robotiq_gripper_controller' build argument 'cmake_clean_cache' from command line to 'False'
[0.285s] Level 5:colcon.colcon_core.verb:set package 'robotiq_gripper_controller' build argument 'cmake_clean_first' from command line to 'False'
[0.285s] Level 5:colcon.colcon_core.verb:set package 'robotiq_gripper_controller' build argument 'cmake_force_configure' from command line to 'False'
[0.285s] Level 5:colcon.colcon_core.verb:set package 'robotiq_gripper_controller' build argument 'ament_cmake_args' from command line to 'None'
[0.285s] Level 5:colcon.colcon_core.verb:set package 'robotiq_gripper_controller' build argument 'catkin_cmake_args' from command line to 'None'
[0.285s] Level 5:colcon.colcon_core.verb:set package 'robotiq_gripper_controller' build argument 'catkin_skip_building_tests' from command line to 'False'
[0.285s] DEBUG:colcon.colcon_core.verb:Building package 'robotiq_gripper_controller' with the following arguments: {'ament_cmake_args': None, 'build_base': '/home/user/dobot_ws/build/robotiq_gripper_controller', 'catkin_cmake_args': None, 'catkin_skip_building_tests': False, 'cmake_args': None, 'cmake_clean_cache': False, 'cmake_clean_first': False, 'cmake_force_configure': False, 'cmake_target': None, 'cmake_target_skip_unavailable': False, 'install_base': '/home/user/dobot_ws/install/robotiq_gripper_controller', 'merge_install': False, 'path': '/home/user/dobot_ws/src/ARIAC/robotiq_gripper_controller', 'symlink_install': False, 'test_result_base': None}
[0.286s] Level 5:colcon.colcon_core.verb:set package 'ros2_linkattacher' build argument 'cmake_args' from command line to 'None'
[0.286s] Level 5:colcon.colcon_core.verb:set package 'ros2_linkattacher' build argument 'cmake_target' from command line to 'None'
[0.286s] Level 5:colcon.colcon_core.verb:set package 'ros2_linkattacher' build argument 'cmake_target_skip_unavailable' from command line to 'False'
[0.286s] Level 5:colcon.colcon_core.verb:set package 'ros2_linkattacher' build argument 'cmake_clean_cache' from command line to 'False'
[0.286s] Level 5:colcon.colcon_core.verb:set package 'ros2_linkattacher' build argument 'cmake_clean_first' from command line to 'False'
[0.286s] Level 5:colcon.colcon_core.verb:set package 'ros2_linkattacher' build argument 'cmake_force_configure' from command line to 'False'
[0.286s] Level 5:colcon.colcon_core.verb:set package 'ros2_linkattacher' build argument 'ament_cmake_args' from command line to 'None'
[0.286s] Level 5:colcon.colcon_core.verb:set package 'ros2_linkattacher' build argument 'catkin_cmake_args' from command line to 'None'
[0.286s] Level 5:colcon.colcon_core.verb:set package 'ros2_linkattacher' build argument 'catkin_skip_building_tests' from command line to 'False'
[0.286s] DEBUG:colcon.colcon_core.verb:Building package 'ros2_linkattacher' with the following arguments: {'ament_cmake_args': None, 'build_base': '/home/user/dobot_ws/build/ros2_linkattacher', 'catkin_cmake_args': None, 'catkin_skip_building_tests': False, 'cmake_args': None, 'cmake_clean_cache': False, 'cmake_clean_first': False, 'cmake_force_configure': False, 'cmake_target': None, 'cmake_target_skip_unavailable': False, 'install_base': '/home/user/dobot_ws/install/ros2_linkattacher', 'merge_install': False, 'path': '/home/user/dobot_ws/src/IFRA_LinkAttacher/ros2_LinkAttacher', 'symlink_install': False, 'test_result_base': None}
[0.286s] Level 5:colcon.colcon_core.verb:set package 'dobot_gazebo' build argument 'cmake_args' from command line to 'None'
[0.286s] Level 5:colcon.colcon_core.verb:set package 'dobot_gazebo' build argument 'cmake_target' from command line to 'None'
[0.286s] Level 5:colcon.colcon_core.verb:set package 'dobot_gazebo' build argument 'cmake_target_skip_unavailable' from command line to 'False'
[0.286s] Level 5:colcon.colcon_core.verb:set package 'dobot_gazebo' build argument 'cmake_clean_cache' from command line to 'False'
[0.286s] Level 5:colcon.colcon_core.verb:set package 'dobot_gazebo' build argument 'cmake_clean_first' from command line to 'False'
[0.286s] Level 5:colcon.colcon_core.verb:set package 'dobot_gazebo' build argument 'cmake_force_configure' from command line to 'False'
[0.286s] Level 5:colcon.colcon_core.verb:set package 'dobot_gazebo' build argument 'ament_cmake_args' from command line to 'None'
[0.286s] Level 5:colcon.colcon_core.verb:set package 'dobot_gazebo' build argument 'catkin_cmake_args' from command line to 'None'
[0.286s] Level 5:colcon.colcon_core.verb:set package 'dobot_gazebo' build argument 'catkin_skip_building_tests' from command line to 'False'
[0.286s] DEBUG:colcon.colcon_core.verb:Building package 'dobot_gazebo' with the following arguments: {'ament_cmake_args': None, 'build_base': '/home/user/dobot_ws/build/dobot_gazebo', 'catkin_cmake_args': None, 'catkin_skip_building_tests': False, 'cmake_args': None, 'cmake_clean_cache': False, 'cmake_clean_first': False, 'cmake_force_configure': False, 'cmake_target': None, 'cmake_target_skip_unavailable': False, 'install_base': '/home/user/dobot_ws/install/dobot_gazebo', 'merge_install': False, 'path': '/home/user/dobot_ws/src/DOBOT_6Axis_ROS2_V4/dobot_gazebo', 'symlink_install': False, 'test_result_base': None}
[0.286s] INFO:colcon.colcon_core.executor:Executing jobs using 'parallel' executor
[0.287s] DEBUG:colcon.colcon_parallel_executor.executor.parallel:run_until_complete
[0.287s] INFO:colcon.colcon_ros.task.ament_cmake.build:Building ROS package in '/home/user/dobot_ws/src/ARIAC/ariac_interfaces' with build type 'ament_cmake'
[0.288s] INFO:colcon.colcon_cmake.task.cmake.build:Building CMake package in '/home/user/dobot_ws/src/ARIAC/ariac_interfaces'
[0.290s] INFO:colcon.colcon_core.plugin_system:Skipping extension 'colcon_core.shell.bat': Not used on non-Windows systems
[0.290s] INFO:colcon.colcon_core.shell:Skip shell extension 'powershell' for command environment: Not usable outside of PowerShell
[0.290s] DEBUG:colcon.colcon_core.shell:Skip shell extension 'dsv' for command environment
[0.293s] INFO:colcon.colcon_ros.task.ament_cmake.build:Building ROS package in '/home/user/dobot_ws/src/DOBOT_6Axis_ROS2_V4/onrobot_2fg7_description' with build type 'ament_cmake'
[0.293s] INFO:colcon.colcon_cmake.task.cmake.build:Building CMake package in '/home/user/dobot_ws/src/DOBOT_6Axis_ROS2_V4/onrobot_2fg7_description'
[0.293s] INFO:colcon.colcon_core.shell:Skip shell extension 'powershell' for command environment: Not usable outside of PowerShell
[0.293s] DEBUG:colcon.colcon_core.shell:Skip shell extension 'dsv' for command environment
[0.296s] INFO:colcon.colcon_ros.task.ament_python.build:Building ROS package in '/home/user/dobot_ws/src/ARIAC/ariac_setup' with build type 'ament_python'
[0.296s] Level 1:colcon.colcon_core.shell:create_environment_hook('ariac_setup', 'ament_prefix_path')
[0.296s] INFO:colcon.colcon_core.shell:Creating environment hook '/home/user/dobot_ws/install/ariac_setup/share/ariac_setup/hook/ament_prefix_path.ps1'
[0.297s] INFO:colcon.colcon_core.shell:Creating environment descriptor '/home/user/dobot_ws/install/ariac_setup/share/ariac_setup/hook/ament_prefix_path.dsv'
[0.297s] INFO:colcon.colcon_core.shell:Creating environment hook '/home/user/dobot_ws/install/ariac_setup/share/ariac_setup/hook/ament_prefix_path.sh'
[0.298s] INFO:colcon.colcon_core.shell:Skip shell extension 'powershell' for command environment: Not usable outside of PowerShell
[0.298s] DEBUG:colcon.colcon_core.shell:Skip shell extension 'dsv' for command environment
[0.301s] INFO:colcon.colcon_ros.task.ament_cmake.build:Building ROS package in '/home/user/dobot_ws/src/DOBOT_6Axis_ROS2_V4/dobot_msgs_v4' with build type 'ament_cmake'
[0.301s] INFO:colcon.colcon_cmake.task.cmake.build:Building CMake package in '/home/user/dobot_ws/src/DOBOT_6Axis_ROS2_V4/dobot_msgs_v4'
[0.301s] INFO:colcon.colcon_core.shell:Skip shell extension 'powershell' for command environment: Not usable outside of PowerShell
[0.301s] DEBUG:colcon.colcon_core.shell:Skip shell extension 'dsv' for command environment
[0.304s] INFO:colcon.colcon_ros.task.ament_cmake.build:Building ROS package in '/home/user/dobot_ws/src/DOBOT_6Axis_ROS2_V4/dobot_rviz' with build type 'ament_cmake'
[0.304s] INFO:colcon.colcon_cmake.task.cmake.build:Building CMake package in '/home/user/dobot_ws/src/DOBOT_6Axis_ROS2_V4/dobot_rviz'
[0.304s] INFO:colcon.colcon_core.shell:Skip shell extension 'powershell' for command environment: Not usable outside of PowerShell
[0.304s] DEBUG:colcon.colcon_core.shell:Skip shell extension 'dsv' for command environment
[0.307s] INFO:colcon.colcon_ros.task.ament_cmake.build:Building ROS package in '/home/user/dobot_ws/src/IFRA_LinkAttacher/linkattacher_msgs' with build type 'ament_cmake'
[0.307s] INFO:colcon.colcon_cmake.task.cmake.build:Building CMake package in '/home/user/dobot_ws/src/IFRA_LinkAttacher/linkattacher_msgs'
[0.307s] INFO:colcon.colcon_core.shell:Skip shell extension 'powershell' for command environment: Not usable outside of PowerShell
[0.307s] DEBUG:colcon.colcon_core.shell:Skip shell extension 'dsv' for command environment
[0.310s] INFO:colcon.colcon_ros.task.ament_python.build:Building ROS package in '/home/user/dobot_ws/src/ARIAC/ariac_db' with build type 'ament_python'
[0.310s] Level 1:colcon.colcon_core.shell:create_environment_hook('ariac_db', 'ament_prefix_path')
[0.310s] INFO:colcon.colcon_core.shell:Creating environment hook '/home/user/dobot_ws/install/ariac_db/share/ariac_db/hook/ament_prefix_path.ps1'
[0.311s] INFO:colcon.colcon_core.shell:Creating environment descriptor '/home/user/dobot_ws/install/ariac_db/share/ariac_db/hook/ament_prefix_path.dsv'
[0.311s] INFO:colcon.colcon_core.shell:Creating environment hook '/home/user/dobot_ws/install/ariac_db/share/ariac_db/hook/ament_prefix_path.sh'
[0.311s] INFO:colcon.colcon_core.shell:Skip shell extension 'powershell' for command environment: Not usable outside of PowerShell
[0.311s] DEBUG:colcon.colcon_core.shell:Skip shell extension 'dsv' for command environment
[0.314s] INFO:colcon.colcon_ros.task.ament_cmake.build:Building ROS package in '/home/user/dobot_ws/src/ARIAC/ariac_description' with build type 'ament_cmake'
[0.314s] INFO:colcon.colcon_cmake.task.cmake.build:Building CMake package in '/home/user/dobot_ws/src/ARIAC/ariac_description'
[0.315s] INFO:colcon.colcon_core.shell:Skip shell extension 'powershell' for command environment: Not usable outside of PowerShell
[0.315s] DEBUG:colcon.colcon_core.shell:Skip shell extension 'dsv' for command environment
[0.317s] INFO:colcon.colcon_ros.task.ament_python.build:Building ROS package in '/home/user/dobot_ws/src/DOBOT_6Axis_ROS2_V4/dobot_demo' with build type 'ament_python'
[0.318s] Level 1:colcon.colcon_core.shell:create_environment_hook('dobot_demo', 'ament_prefix_path')
[0.318s] INFO:colcon.colcon_core.shell:Creating environment hook '/home/user/dobot_ws/install/dobot_demo/share/dobot_demo/hook/ament_prefix_path.ps1'
[0.318s] INFO:colcon.colcon_core.shell:Creating environment descriptor '/home/user/dobot_ws/install/dobot_demo/share/dobot_demo/hook/ament_prefix_path.dsv'
[0.319s] INFO:colcon.colcon_core.shell:Creating environment hook '/home/user/dobot_ws/install/dobot_demo/share/dobot_demo/hook/ament_prefix_path.sh'
[0.319s] INFO:colcon.colcon_core.shell:Skip shell extension 'powershell' for command environment: Not usable outside of PowerShell
[0.319s] DEBUG:colcon.colcon_core.shell:Skip shell extension 'dsv' for command environment
[0.322s] INFO:colcon.colcon_ros.task.ament_cmake.build:Building ROS package in '/home/user/dobot_ws/src/DOBOT_6Axis_ROS2_V4/dobot_demo_cpp' with build type 'ament_cmake'
[0.322s] INFO:colcon.colcon_cmake.task.cmake.build:Building CMake package in '/home/user/dobot_ws/src/DOBOT_6Axis_ROS2_V4/dobot_demo_cpp'
[0.322s] INFO:colcon.colcon_core.shell:Skip shell extension 'powershell' for command environment: Not usable outside of PowerShell
[0.322s] DEBUG:colcon.colcon_core.shell:Skip shell extension 'dsv' for command environment
[0.325s] INFO:colcon.colcon_ros.task.ament_python.build:Building ROS package in '/home/user/dobot_ws/src/DOBOT_6Axis_ROS2_V4/dobot_moveit' with build type 'ament_python'
[0.325s] Level 1:colcon.colcon_core.shell:create_environment_hook('dobot_moveit', 'ament_prefix_path')
[0.326s] INFO:colcon.colcon_core.shell:Creating environment hook '/home/user/dobot_ws/install/dobot_moveit/share/dobot_moveit/hook/ament_prefix_path.ps1'
[0.326s] INFO:colcon.colcon_core.shell:Creating environment descriptor '/home/user/dobot_ws/install/dobot_moveit/share/dobot_moveit/hook/ament_prefix_path.dsv'
[0.326s] INFO:colcon.colcon_core.shell:Creating environment hook '/home/user/dobot_ws/install/dobot_moveit/share/dobot_moveit/hook/ament_prefix_path.sh'
[0.327s] INFO:colcon.colcon_core.shell:Skip shell extension 'powershell' for command environment: Not usable outside of PowerShell
[0.327s] DEBUG:colcon.colcon_core.shell:Skip shell extension 'dsv' for command environment
[0.330s] INFO:colcon.colcon_ros.task.ament_python.build:Building ROS package in '/home/user/dobot_ws/src/DOBOT_6Axis_ROS2_V4/servo_action' with build type 'ament_python'
[0.330s] Level 1:colcon.colcon_core.shell:create_environment_hook('servo_action', 'ament_prefix_path')
[0.330s] INFO:colcon.colcon_core.shell:Creating environment hook '/home/user/dobot_ws/install/servo_action/share/servo_action/hook/ament_prefix_path.ps1'
[0.331s] INFO:colcon.colcon_core.shell:Creating environment descriptor '/home/user/dobot_ws/install/servo_action/share/servo_action/hook/ament_prefix_path.dsv'
[0.331s] INFO:colcon.colcon_core.shell:Creating environment hook '/home/user/dobot_ws/install/servo_action/share/servo_action/hook/ament_prefix_path.sh'
[0.332s] INFO:colcon.colcon_core.shell:Skip shell extension 'powershell' for command environment: Not usable outside of PowerShell
[0.332s] DEBUG:colcon.colcon_core.shell:Skip shell extension 'dsv' for command environment
[0.339s] DEBUG:colcon.colcon_core.event_handler.log_command:Invoking command in '/home/user/dobot_ws/build/ariac_interfaces': CMAKE_PREFIX_PATH=${CMAKE_PREFIX_PATH}:/home/user/dobot_ws/install/servo_action:/home/user/dobot_ws/install/dobot_moveit:/home/user/dobot_ws/install/dobot_demo:/opt/ros/humble /usr/bin/cmake /home/user/dobot_ws/src/ARIAC/ariac_interfaces -DCMAKE_INSTALL_PREFIX=/home/user/dobot_ws/install/ariac_interfaces
[0.342s] DEBUG:colcon.colcon_core.event_handler.log_command:Invoking command in '/home/user/dobot_ws/build/onrobot_2fg7_description': CMAKE_PREFIX_PATH=${CMAKE_PREFIX_PATH}:/home/user/dobot_ws/install/servo_action:/home/user/dobot_ws/install/dobot_moveit:/home/user/dobot_ws/install/dobot_demo:/opt/ros/humble /usr/bin/cmake --build /home/user/dobot_ws/build/onrobot_2fg7_description -- -j16 -l16
[0.516s] INFO:colcon.colcon_core.task.python.build:Building Python package in '/home/user/dobot_ws/src/ARIAC/ariac_setup'
[0.516s] INFO:colcon.colcon_core.shell:Skip shell extension 'powershell' for command environment: Not usable outside of PowerShell
[0.516s] DEBUG:colcon.colcon_core.shell:Skip shell extension 'dsv' for command environment
[0.521s] DEBUG:colcon.colcon_core.event_handler.log_command:Invoking command in '/home/user/dobot_ws/build/dobot_msgs_v4': CMAKE_PREFIX_PATH=${CMAKE_PREFIX_PATH}:/home/user/dobot_ws/install/servo_action:/home/user/dobot_ws/install/dobot_moveit:/home/user/dobot_ws/install/dobot_demo:/opt/ros/humble /usr/bin/cmake --build /home/user/dobot_ws/build/dobot_msgs_v4 -- -j16 -l16
[0.523s] DEBUG:colcon.colcon_core.event_handler.log_command:Invoking command in '/home/user/dobot_ws/build/dobot_rviz': CMAKE_PREFIX_PATH=${CMAKE_PREFIX_PATH}:/home/user/dobot_ws/install/servo_action:/home/user/dobot_ws/install/dobot_moveit:/home/user/dobot_ws/install/dobot_demo:/opt/ros/humble /usr/bin/cmake --build /home/user/dobot_ws/build/dobot_rviz -- -j16 -l16
[0.525s] DEBUG:colcon.colcon_core.event_handler.log_command:Invoking command in '/home/user/dobot_ws/build/linkattacher_msgs': CMAKE_PREFIX_PATH=${CMAKE_PREFIX_PATH}:/home/user/dobot_ws/install/servo_action:/home/user/dobot_ws/install/dobot_moveit:/home/user/dobot_ws/install/dobot_demo:/opt/ros/humble /usr/bin/cmake --build /home/user/dobot_ws/build/linkattacher_msgs -- -j16 -l16
[0.725s] INFO:colcon.colcon_core.task.python.build:Building Python package in '/home/user/dobot_ws/src/ARIAC/ariac_db'
[0.725s] INFO:colcon.colcon_core.shell:Skip shell extension 'powershell' for command environment: Not usable outside of PowerShell
[0.725s] DEBUG:colcon.colcon_core.shell:Skip shell extension 'dsv' for command environment
[0.731s] DEBUG:colcon.colcon_core.event_handler.log_command:Invoking command in '/home/user/dobot_ws/build/ariac_description': CMAKE_PREFIX_PATH=${CMAKE_PREFIX_PATH}:/home/user/dobot_ws/install/servo_action:/home/user/dobot_ws/install/dobot_moveit:/home/user/dobot_ws/install/dobot_demo:/opt/ros/humble /usr/bin/cmake /home/user/dobot_ws/src/ARIAC/ariac_description -DCMAKE_INSTALL_PREFIX=/home/user/dobot_ws/install/ariac_description
[0.996s] INFO:colcon.colcon_core.task.python.build:Building Python package in '/home/user/dobot_ws/src/DOBOT_6Axis_ROS2_V4/dobot_demo'
[0.997s] INFO:colcon.colcon_core.shell:Skip shell extension 'powershell' for command environment: Not usable outside of PowerShell
[0.997s] DEBUG:colcon.colcon_core.shell:Skip shell extension 'dsv' for command environment
[1.005s] DEBUG:colcon.colcon_core.event_handler.log_command:Invoking command in '/home/user/dobot_ws/build/dobot_demo_cpp': CMAKE_PREFIX_PATH=${CMAKE_PREFIX_PATH}:/home/user/dobot_ws/install/servo_action:/home/user/dobot_ws/install/dobot_moveit:/home/user/dobot_ws/install/dobot_demo:/opt/ros/humble /usr/bin/cmake --build /home/user/dobot_ws/build/dobot_demo_cpp -- -j16 -l16
[1.187s] INFO:colcon.colcon_core.task.python.build:Building Python package in '/home/user/dobot_ws/src/DOBOT_6Axis_ROS2_V4/dobot_moveit'
[1.187s] INFO:colcon.colcon_core.shell:Skip shell extension 'powershell' for command environment: Not usable outside of PowerShell
[1.187s] DEBUG:colcon.colcon_core.shell:Skip shell extension 'dsv' for command environment
[1.384s] INFO:colcon.colcon_core.task.python.build:Building Python package in '/home/user/dobot_ws/src/DOBOT_6Axis_ROS2_V4/servo_action'
[1.385s] INFO:colcon.colcon_core.shell:Skip shell extension 'powershell' for command environment: Not usable outside of PowerShell
[1.385s] DEBUG:colcon.colcon_core.shell:Skip shell extension 'dsv' for command environment
[1.418s] DEBUG:colcon.colcon_core.event_handler.log_command:Invoked command in '/home/user/dobot_ws/build/onrobot_2fg7_description' returned '0': CMAKE_PREFIX_PATH=${CMAKE_PREFIX_PATH}:/home/user/dobot_ws/install/servo_action:/home/user/dobot_ws/install/dobot_moveit:/home/user/dobot_ws/install/dobot_demo:/opt/ros/humble /usr/bin/cmake --build /home/user/dobot_ws/build/onrobot_2fg7_description -- -j16 -l16
[1.419s] DEBUG:colcon.colcon_core.event_handler.log_command:Invoking command in '/home/user/dobot_ws/build/onrobot_2fg7_description': CMAKE_PREFIX_PATH=${CMAKE_PREFIX_PATH}:/home/user/dobot_ws/install/servo_action:/home/user/dobot_ws/install/dobot_moveit:/home/user/dobot_ws/install/dobot_demo:/opt/ros/humble /usr/bin/cmake --install /home/user/dobot_ws/build/onrobot_2fg7_description
[1.420s] DEBUG:colcon.colcon_core.event_handler.log_command:Invoked command in '/home/user/dobot_ws/build/linkattacher_msgs' returned '0': CMAKE_PREFIX_PATH=${CMAKE_PREFIX_PATH}:/home/user/dobot_ws/install/servo_action:/home/user/dobot_ws/install/dobot_moveit:/home/user/dobot_ws/install/dobot_demo:/opt/ros/humble /usr/bin/cmake --build /home/user/dobot_ws/build/linkattacher_msgs -- -j16 -l16
[1.421s] DEBUG:colcon.colcon_core.event_handler.log_command:Invoking command in '/home/user/dobot_ws/build/linkattacher_msgs': CMAKE_PREFIX_PATH=${CMAKE_PREFIX_PATH}:/home/user/dobot_ws/install/servo_action:/home/user/dobot_ws/install/dobot_moveit:/home/user/dobot_ws/install/dobot_demo:/opt/ros/humble /usr/bin/cmake --install /home/user/dobot_ws/build/linkattacher_msgs
[1.421s] DEBUG:colcon.colcon_core.event_handler.log_command:Invoked command in '/home/user/dobot_ws/build/dobot_rviz' returned '0': CMAKE_PREFIX_PATH=${CMAKE_PREFIX_PATH}:/home/user/dobot_ws/install/servo_action:/home/user/dobot_ws/install/dobot_moveit:/home/user/dobot_ws/install/dobot_demo:/opt/ros/humble /usr/bin/cmake --build /home/user/dobot_ws/build/dobot_rviz -- -j16 -l16
[1.422s] DEBUG:colcon.colcon_core.event_handler.log_command:Invoking command in '/home/user/dobot_ws/build/dobot_rviz': CMAKE_PREFIX_PATH=${CMAKE_PREFIX_PATH}:/home/user/dobot_ws/install/servo_action:/home/user/dobot_ws/install/dobot_moveit:/home/user/dobot_ws/install/dobot_demo:/opt/ros/humble /usr/bin/cmake --install /home/user/dobot_ws/build/dobot_rviz
[1.423s] DEBUG:colcon.colcon_core.event_handler.log_command:Invoked command in '/home/user/dobot_ws/build/dobot_demo_cpp' returned '0': CMAKE_PREFIX_PATH=${CMAKE_PREFIX_PATH}:/home/user/dobot_ws/install/servo_action:/home/user/dobot_ws/install/dobot_moveit:/home/user/dobot_ws/install/dobot_demo:/opt/ros/humble /usr/bin/cmake --build /home/user/dobot_ws/build/dobot_demo_cpp -- -j16 -l16
[1.425s] DEBUG:colcon.colcon_core.event_handler.log_command:Invoking command in '/home/user/dobot_ws/build/dobot_demo_cpp': CMAKE_PREFIX_PATH=${CMAKE_PREFIX_PATH}:/home/user/dobot_ws/install/servo_action:/home/user/dobot_ws/install/dobot_moveit:/home/user/dobot_ws/install/dobot_demo:/opt/ros/humble /usr/bin/cmake --install /home/user/dobot_ws/build/dobot_demo_cpp
[1.426s] DEBUG:colcon.colcon_core.event_handler.log_command:Invoked command in '/home/user/dobot_ws/build/dobot_msgs_v4' returned '0': CMAKE_PREFIX_PATH=${CMAKE_PREFIX_PATH}:/home/user/dobot_ws/install/servo_action:/home/user/dobot_ws/install/dobot_moveit:/home/user/dobot_ws/install/dobot_demo:/opt/ros/humble /usr/bin/cmake --build /home/user/dobot_ws/build/dobot_msgs_v4 -- -j16 -l16
[1.428s] DEBUG:colcon.colcon_core.event_handler.log_command:Invoking command in '/home/user/dobot_ws/build/dobot_msgs_v4': CMAKE_PREFIX_PATH=${CMAKE_PREFIX_PATH}:/home/user/dobot_ws/install/servo_action:/home/user/dobot_ws/install/dobot_moveit:/home/user/dobot_ws/install/dobot_demo:/opt/ros/humble /usr/bin/cmake --install /home/user/dobot_ws/build/dobot_msgs_v4
[1.432s] Level 1:colcon.colcon_core.environment:create_environment_scripts_only(onrobot_2fg7_description)
[1.440s] Level 1:colcon.colcon_core.environment:checking '/home/user/dobot_ws/install/onrobot_2fg7_description' for CMake module files
[1.443s] Level 1:colcon.colcon_core.environment:checking '/home/user/dobot_ws/install/onrobot_2fg7_description' for CMake config files
[1.444s] Level 1:colcon.colcon_core.shell:create_environment_hook('onrobot_2fg7_description', 'cmake_prefix_path')
[1.444s] INFO:colcon.colcon_core.shell:Creating environment hook '/home/user/dobot_ws/install/onrobot_2fg7_description/share/onrobot_2fg7_description/hook/cmake_prefix_path.ps1'
[1.446s] INFO:colcon.colcon_core.shell:Creating environment descriptor '/home/user/dobot_ws/install/onrobot_2fg7_description/share/onrobot_2fg7_description/hook/cmake_prefix_path.dsv'
[1.447s] INFO:colcon.colcon_core.shell:Creating environment hook '/home/user/dobot_ws/install/onrobot_2fg7_description/share/onrobot_2fg7_description/hook/cmake_prefix_path.sh'
[1.448s] Level 1:colcon.colcon_core.environment:checking '/home/user/dobot_ws/install/onrobot_2fg7_description/bin'
[1.449s] Level 1:colcon.colcon_core.environment:checking '/home/user/dobot_ws/install/onrobot_2fg7_description/lib/pkgconfig/onrobot_2fg7_description.pc'
[1.450s] Level 1:colcon.colcon_core.environment:checking '/home/user/dobot_ws/install/onrobot_2fg7_description/lib/python3.10/site-packages'
[1.450s] Level 1:colcon.colcon_core.environment:checking '/home/user/dobot_ws/install/onrobot_2fg7_description/bin'
[1.451s] INFO:colcon.colcon_core.shell:Creating package script '/home/user/dobot_ws/install/onrobot_2fg7_description/share/onrobot_2fg7_description/package.ps1'
[1.453s] INFO:colcon.colcon_core.shell:Creating package descriptor '/home/user/dobot_ws/install/onrobot_2fg7_description/share/onrobot_2fg7_description/package.dsv'
[1.455s] INFO:colcon.colcon_core.shell:Creating package script '/home/user/dobot_ws/install/onrobot_2fg7_description/share/onrobot_2fg7_description/package.sh'
[1.457s] INFO:colcon.colcon_core.shell:Creating package script '/home/user/dobot_ws/install/onrobot_2fg7_description/share/onrobot_2fg7_description/package.bash'
[1.459s] INFO:colcon.colcon_core.shell:Creating package script '/home/user/dobot_ws/install/onrobot_2fg7_description/share/onrobot_2fg7_description/package.zsh'
[1.461s] Level 1:colcon.colcon_core.environment:create_file_with_runtime_dependencies(/home/user/dobot_ws/install/onrobot_2fg7_description/share/colcon-core/packages/onrobot_2fg7_description)
[1.463s] Level 1:colcon.colcon_core.environment:create_environment_scripts_only(onrobot_2fg7_description)
[1.463s] Level 1:colcon.colcon_core.environment:checking '/home/user/dobot_ws/install/onrobot_2fg7_description' for CMake module files
[1.465s] Level 1:colcon.colcon_core.environment:checking '/home/user/dobot_ws/install/onrobot_2fg7_description' for CMake config files
[1.466s] Level 1:colcon.colcon_core.shell:create_environment_hook('onrobot_2fg7_description', 'cmake_prefix_path')
[1.467s] INFO:colcon.colcon_core.shell:Creating environment hook '/home/user/dobot_ws/install/onrobot_2fg7_description/share/onrobot_2fg7_description/hook/cmake_prefix_path.ps1'
[1.467s] INFO:colcon.colcon_core.shell:Creating environment descriptor '/home/user/dobot_ws/install/onrobot_2fg7_description/share/onrobot_2fg7_description/hook/cmake_prefix_path.dsv'
[1.468s] INFO:colcon.colcon_core.shell:Creating environment hook '/home/user/dobot_ws/install/onrobot_2fg7_description/share/onrobot_2fg7_description/hook/cmake_prefix_path.sh'
[1.469s] Level 1:colcon.colcon_core.environment:checking '/home/user/dobot_ws/install/onrobot_2fg7_description/bin'
[1.469s] Level 1:colcon.colcon_core.environment:checking '/home/user/dobot_ws/install/onrobot_2fg7_description/lib/pkgconfig/onrobot_2fg7_description.pc'
[1.470s] Level 1:colcon.colcon_core.environment:checking '/home/user/dobot_ws/install/onrobot_2fg7_description/lib/python3.10/site-packages'
[1.471s] Level 1:colcon.colcon_core.environment:checking '/home/user/dobot_ws/install/onrobot_2fg7_description/bin'
[1.471s] INFO:colcon.colcon_core.shell:Creating package script '/home/user/dobot_ws/install/onrobot_2fg7_description/share/onrobot_2fg7_description/package.ps1'
[1.473s] INFO:colcon.colcon_core.shell:Creating package descriptor '/home/user/dobot_ws/install/onrobot_2fg7_description/share/onrobot_2fg7_description/package.dsv'
[1.474s] INFO:colcon.colcon_core.shell:Creating package script '/home/user/dobot_ws/install/onrobot_2fg7_description/share/onrobot_2fg7_description/package.sh'
[1.475s] INFO:colcon.colcon_core.shell:Creating package script '/home/user/dobot_ws/install/onrobot_2fg7_description/share/onrobot_2fg7_description/package.bash'
[1.476s] INFO:colcon.colcon_core.shell:Creating package script '/home/user/dobot_ws/install/onrobot_2fg7_description/share/onrobot_2fg7_description/package.zsh'
[1.477s] Level 1:colcon.colcon_core.environment:create_file_with_runtime_dependencies(/home/user/dobot_ws/install/onrobot_2fg7_description/share/colcon-core/packages/onrobot_2fg7_description)
[1.478s] Level 1:colcon.colcon_core.environment:create_environment_scripts_only(dobot_demo_cpp)
[1.478s] Level 1:colcon.colcon_core.environment:checking '/home/user/dobot_ws/install/dobot_demo_cpp' for CMake module files
[1.481s] Level 1:colcon.colcon_core.environment:checking '/home/user/dobot_ws/install/dobot_demo_cpp' for CMake config files
[1.482s] Level 1:colcon.colcon_core.shell:create_environment_hook('dobot_demo_cpp', 'cmake_prefix_path')
[1.482s] INFO:colcon.colcon_core.shell:Creating environment hook '/home/user/dobot_ws/install/dobot_demo_cpp/share/dobot_demo_cpp/hook/cmake_prefix_path.ps1'
[1.483s] INFO:colcon.colcon_core.shell:Creating environment descriptor '/home/user/dobot_ws/install/dobot_demo_cpp/share/dobot_demo_cpp/hook/cmake_prefix_path.dsv'
[1.484s] INFO:colcon.colcon_core.shell:Creating environment hook '/home/user/dobot_ws/install/dobot_demo_cpp/share/dobot_demo_cpp/hook/cmake_prefix_path.sh'
[1.485s] Level 1:colcon.colcon_core.environment:checking '/home/user/dobot_ws/install/dobot_demo_cpp/lib'
[1.485s] DEBUG:colcon.colcon_core.event_handler.log_command:Invoked command in '/home/user/dobot_ws/build/ariac_description' returned '0': CMAKE_PREFIX_PATH=${CMAKE_PREFIX_PATH}:/home/user/dobot_ws/install/servo_action:/home/user/dobot_ws/install/dobot_moveit:/home/user/dobot_ws/install/dobot_demo:/opt/ros/humble /usr/bin/cmake /home/user/dobot_ws/src/ARIAC/ariac_description -DCMAKE_INSTALL_PREFIX=/home/user/dobot_ws/install/ariac_description
[1.486s] DEBUG:colcon.colcon_core.event_handler.log_command:Invoking command in '/home/user/dobot_ws/build/ariac_description': CMAKE_PREFIX_PATH=${CMAKE_PREFIX_PATH}:/home/user/dobot_ws/install/servo_action:/home/user/dobot_ws/install/dobot_moveit:/home/user/dobot_ws/install/dobot_demo:/opt/ros/humble /usr/bin/cmake --build /home/user/dobot_ws/build/ariac_description -- -j16 -l16
[1.486s] Level 1:colcon.colcon_core.environment:checking '/home/user/dobot_ws/install/dobot_demo_cpp/bin'
[1.486s] Level 1:colcon.colcon_core.environment:checking '/home/user/dobot_ws/install/dobot_demo_cpp/lib/pkgconfig/dobot_demo_cpp.pc'
[1.487s] Level 1:colcon.colcon_core.environment:checking '/home/user/dobot_ws/install/dobot_demo_cpp/lib/python3.10/site-packages'
[1.487s] Level 1:colcon.colcon_core.environment:checking '/home/user/dobot_ws/install/dobot_demo_cpp/bin'
[1.487s] INFO:colcon.colcon_core.shell:Creating package script '/home/user/dobot_ws/install/dobot_demo_cpp/share/dobot_demo_cpp/package.ps1'
[1.488s] INFO:colcon.colcon_core.shell:Creating package descriptor '/home/user/dobot_ws/install/dobot_demo_cpp/share/dobot_demo_cpp/package.dsv'
[1.489s] INFO:colcon.colcon_core.shell:Creating package script '/home/user/dobot_ws/install/dobot_demo_cpp/share/dobot_demo_cpp/package.sh'
[1.489s] INFO:colcon.colcon_core.shell:Creating package script '/home/user/dobot_ws/install/dobot_demo_cpp/share/dobot_demo_cpp/package.bash'
[1.490s] INFO:colcon.colcon_core.shell:Creating package script '/home/user/dobot_ws/install/dobot_demo_cpp/share/dobot_demo_cpp/package.zsh'
[1.490s] Level 1:colcon.colcon_core.environment:create_file_with_runtime_dependencies(/home/user/dobot_ws/install/dobot_demo_cpp/share/colcon-core/packages/dobot_demo_cpp)
[1.491s] Level 1:colcon.colcon_core.environment:create_environment_scripts_only(dobot_demo_cpp)
[1.491s] Level 1:colcon.colcon_core.environment:checking '/home/user/dobot_ws/install/dobot_demo_cpp' for CMake module files
[1.492s] Level 1:colcon.colcon_core.environment:checking '/home/user/dobot_ws/install/dobot_demo_cpp' for CMake config files
[1.493s] Level 1:colcon.colcon_core.shell:create_environment_hook('dobot_demo_cpp', 'cmake_prefix_path')
[1.493s] INFO:colcon.colcon_core.shell:Creating environment hook '/home/user/dobot_ws/install/dobot_demo_cpp/share/dobot_demo_cpp/hook/cmake_prefix_path.ps1'
[1.494s] INFO:colcon.colcon_core.shell:Creating environment descriptor '/home/user/dobot_ws/install/dobot_demo_cpp/share/dobot_demo_cpp/hook/cmake_prefix_path.dsv'
[1.494s] INFO:colcon.colcon_core.shell:Creating environment hook '/home/user/dobot_ws/install/dobot_demo_cpp/share/dobot_demo_cpp/hook/cmake_prefix_path.sh'
[1.495s] Level 1:colcon.colcon_core.environment:checking '/home/user/dobot_ws/install/dobot_demo_cpp/lib'
[1.495s] Level 1:colcon.colcon_core.environment:checking '/home/user/dobot_ws/install/dobot_demo_cpp/bin'
[1.495s] Level 1:colcon.colcon_core.environment:checking '/home/user/dobot_ws/install/dobot_demo_cpp/lib/pkgconfig/dobot_demo_cpp.pc'
[1.495s] Level 1:colcon.colcon_core.environment:checking '/home/user/dobot_ws/install/dobot_demo_cpp/lib/python3.10/site-packages'
[1.495s] Level 1:colcon.colcon_core.environment:checking '/home/user/dobot_ws/install/dobot_demo_cpp/bin'
[1.496s] INFO:colcon.colcon_core.shell:Creating package script '/home/user/dobot_ws/install/dobot_demo_cpp/share/dobot_demo_cpp/package.ps1'
[1.497s] INFO:colcon.colcon_core.shell:Creating package descriptor '/home/user/dobot_ws/install/dobot_demo_cpp/share/dobot_demo_cpp/package.dsv'
[1.497s] INFO:colcon.colcon_core.shell:Creating package script '/home/user/dobot_ws/install/dobot_demo_cpp/share/dobot_demo_cpp/package.sh'
[1.498s] INFO:colcon.colcon_core.shell:Creating package script '/home/user/dobot_ws/install/dobot_demo_cpp/share/dobot_demo_cpp/package.bash'
[1.498s] INFO:colcon.colcon_core.shell:Creating package script '/home/user/dobot_ws/install/dobot_demo_cpp/share/dobot_demo_cpp/package.zsh'
[1.499s] Level 1:colcon.colcon_core.environment:create_file_with_runtime_dependencies(/home/user/dobot_ws/install/dobot_demo_cpp/share/colcon-core/packages/dobot_demo_cpp)
[1.499s] INFO:colcon.colcon_ros.task.ament_cmake.build:Building ROS package in '/home/user/dobot_ws/src/DOBOT_6Axis_ROS2_V4/cra_description' with build type 'ament_cmake'
[1.500s] INFO:colcon.colcon_cmake.task.cmake.build:Building CMake package in '/home/user/dobot_ws/src/DOBOT_6Axis_ROS2_V4/cra_description'
[1.500s] INFO:colcon.colcon_core.shell:Skip shell extension 'powershell' for command environment: Not usable outside of PowerShell
[1.500s] DEBUG:colcon.colcon_core.shell:Skip shell extension 'dsv' for command environment
[1.510s] Level 1:colcon.colcon_core.environment:create_environment_scripts_only(dobot_rviz)
[1.511s] Level 1:colcon.colcon_core.environment:checking '/home/user/dobot_ws/install/dobot_rviz' for CMake module files
[1.512s] Level 1:colcon.colcon_core.environment:checking '/home/user/dobot_ws/install/dobot_rviz' for CMake config files
[1.513s] Level 1:colcon.colcon_core.shell:create_environment_hook('dobot_rviz', 'cmake_prefix_path')
[1.514s] INFO:colcon.colcon_core.shell:Creating environment hook '/home/user/dobot_ws/install/dobot_rviz/share/dobot_rviz/hook/cmake_prefix_path.ps1'
[1.514s] INFO:colcon.colcon_core.shell:Creating environment descriptor '/home/user/dobot_ws/install/dobot_rviz/share/dobot_rviz/hook/cmake_prefix_path.dsv'
[1.515s] INFO:colcon.colcon_core.shell:Creating environment hook '/home/user/dobot_ws/install/dobot_rviz/share/dobot_rviz/hook/cmake_prefix_path.sh'
[1.515s] Level 1:colcon.colcon_core.environment:checking '/home/user/dobot_ws/install/dobot_rviz/bin'
[1.516s] Level 1:colcon.colcon_core.environment:checking '/home/user/dobot_ws/install/dobot_rviz/lib/pkgconfig/dobot_rviz.pc'
[1.516s] Level 1:colcon.colcon_core.environment:checking '/home/user/dobot_ws/install/dobot_rviz/lib/python3.10/site-packages'
[1.516s] Level 1:colcon.colcon_core.environment:checking '/home/user/dobot_ws/install/dobot_rviz/bin'
[1.516s] INFO:colcon.colcon_core.shell:Creating package script '/home/user/dobot_ws/install/dobot_rviz/share/dobot_rviz/package.ps1'
[1.517s] INFO:colcon.colcon_core.shell:Creating package descriptor '/home/user/dobot_ws/install/dobot_rviz/share/dobot_rviz/package.dsv'
[1.518s] INFO:colcon.colcon_core.shell:Creating package script '/home/user/dobot_ws/install/dobot_rviz/share/dobot_rviz/package.sh'
[1.518s] INFO:colcon.colcon_core.shell:Creating package script '/home/user/dobot_ws/install/dobot_rviz/share/dobot_rviz/package.bash'
[1.519s] INFO:colcon.colcon_core.shell:Creating package script '/home/user/dobot_ws/install/dobot_rviz/share/dobot_rviz/package.zsh'
[1.519s] Level 1:colcon.colcon_core.environment:create_file_with_runtime_dependencies(/home/user/dobot_ws/install/dobot_rviz/share/colcon-core/packages/dobot_rviz)
[1.521s] Level 1:colcon.colcon_core.environment:create_environment_scripts_only(dobot_rviz)
[1.521s] Level 1:colcon.colcon_core.environment:checking '/home/user/dobot_ws/install/dobot_rviz' for CMake module files
[1.523s] Level 1:colcon.colcon_core.environment:checking '/home/user/dobot_ws/install/dobot_rviz' for CMake config files
[1.524s] Level 1:colcon.colcon_core.shell:create_environment_hook('dobot_rviz', 'cmake_prefix_path')
[1.525s] INFO:colcon.colcon_core.shell:Creating environment hook '/home/user/dobot_ws/install/dobot_rviz/share/dobot_rviz/hook/cmake_prefix_path.ps1'
[1.526s] INFO:colcon.colcon_core.shell:Creating environment descriptor '/home/user/dobot_ws/install/dobot_rviz/share/dobot_rviz/hook/cmake_prefix_path.dsv'
[1.527s] INFO:colcon.colcon_core.shell:Creating environment hook '/home/user/dobot_ws/install/dobot_rviz/share/dobot_rviz/hook/cmake_prefix_path.sh'
[1.528s] Level 1:colcon.colcon_core.environment:checking '/home/user/dobot_ws/install/dobot_rviz/bin'
[1.528s] Level 1:colcon.colcon_core.environment:checking '/home/user/dobot_ws/install/dobot_rviz/lib/pkgconfig/dobot_rviz.pc'
[1.528s] Level 1:colcon.colcon_core.environment:checking '/home/user/dobot_ws/install/dobot_rviz/lib/python3.10/site-packages'
[1.529s] Level 1:colcon.colcon_core.environment:checking '/home/user/dobot_ws/install/dobot_rviz/bin'
[1.530s] INFO:colcon.colcon_core.shell:Creating package script '/home/user/dobot_ws/install/dobot_rviz/share/dobot_rviz/package.ps1'
[1.531s] INFO:colcon.colcon_core.shell:Creating package descriptor '/home/user/dobot_ws/install/dobot_rviz/share/dobot_rviz/package.dsv'
[1.532s] INFO:colcon.colcon_core.shell:Creating package script '/home/user/dobot_ws/install/dobot_rviz/share/dobot_rviz/package.sh'
[1.533s] INFO:colcon.colcon_core.shell:Creating package script '/home/user/dobot_ws/install/dobot_rviz/share/dobot_rviz/package.bash'
[1.534s] INFO:colcon.colcon_core.shell:Creating package script '/home/user/dobot_ws/install/dobot_rviz/share/dobot_rviz/package.zsh'
[1.535s] Level 1:colcon.colcon_core.environment:create_file_with_runtime_dependencies(/home/user/dobot_ws/install/dobot_rviz/share/colcon-core/packages/dobot_rviz)
[1.536s] INFO:colcon.colcon_ros.task.ament_cmake.build:Building ROS package in '/home/user/dobot_ws/src/DOBOT_6Axis_ROS2_V4/cr7_moveit' with build type 'ament_cmake'
[1.536s] INFO:colcon.colcon_cmake.task.cmake.build:Building CMake package in '/home/user/dobot_ws/src/DOBOT_6Axis_ROS2_V4/cr7_moveit'
[1.537s] INFO:colcon.colcon_core.shell:Skip shell extension 'powershell' for command environment: Not usable outside of PowerShell
[1.537s] DEBUG:colcon.colcon_core.shell:Skip shell extension 'dsv' for command environment
[1.552s] Level 1:colcon.colcon_core.environment:create_environment_scripts_only(linkattacher_msgs)
[1.552s] Level 1:colcon.colcon_core.environment:checking '/home/user/dobot_ws/install/linkattacher_msgs' for CMake module files
[1.555s] Level 1:colcon.colcon_core.environment:checking '/home/user/dobot_ws/install/linkattacher_msgs' for CMake config files
[1.557s] Level 1:colcon.colcon_core.shell:create_environment_hook('linkattacher_msgs', 'cmake_prefix_path')
[1.558s] INFO:colcon.colcon_core.shell:Creating environment hook '/home/user/dobot_ws/install/linkattacher_msgs/share/linkattacher_msgs/hook/cmake_prefix_path.ps1'
[1.558s] INFO:colcon.colcon_core.shell:Creating environment descriptor '/home/user/dobot_ws/install/linkattacher_msgs/share/linkattacher_msgs/hook/cmake_prefix_path.dsv'
[1.559s] INFO:colcon.colcon_core.shell:Creating environment hook '/home/user/dobot_ws/install/linkattacher_msgs/share/linkattacher_msgs/hook/cmake_prefix_path.sh'
[1.561s] Level 1:colcon.colcon_core.environment:checking '/home/user/dobot_ws/install/linkattacher_msgs/lib'
[1.561s] Level 1:colcon.colcon_core.shell:create_environment_hook('linkattacher_msgs', 'ld_library_path_lib')
[1.561s] INFO:colcon.colcon_core.shell:Creating environment hook '/home/user/dobot_ws/install/linkattacher_msgs/share/linkattacher_msgs/hook/ld_library_path_lib.ps1'
[1.562s] INFO:colcon.colcon_core.shell:Creating environment descriptor '/home/user/dobot_ws/install/linkattacher_msgs/share/linkattacher_msgs/hook/ld_library_path_lib.dsv'
[1.563s] INFO:colcon.colcon_core.shell:Creating environment hook '/home/user/dobot_ws/install/linkattacher_msgs/share/linkattacher_msgs/hook/ld_library_path_lib.sh'
[1.564s] Level 1:colcon.colcon_core.environment:checking '/home/user/dobot_ws/install/linkattacher_msgs/bin'
[1.564s] Level 1:colcon.colcon_core.environment:checking '/home/user/dobot_ws/install/linkattacher_msgs/lib/pkgconfig/linkattacher_msgs.pc'
[1.564s] Level 1:colcon.colcon_core.environment:checking '/home/user/dobot_ws/install/linkattacher_msgs/lib/python3.10/site-packages'
[1.565s] Level 1:colcon.colcon_core.environment:checking '/home/user/dobot_ws/install/linkattacher_msgs/bin'
[1.565s] INFO:colcon.colcon_core.shell:Creating package script '/home/user/dobot_ws/install/linkattacher_msgs/share/linkattacher_msgs/package.ps1'
[1.566s] INFO:colcon.colcon_core.shell:Creating package descriptor '/home/user/dobot_ws/install/linkattacher_msgs/share/linkattacher_msgs/package.dsv'
[1.568s] INFO:colcon.colcon_core.shell:Creating package script '/home/user/dobot_ws/install/linkattacher_msgs/share/linkattacher_msgs/package.sh'
[1.568s] INFO:colcon.colcon_core.shell:Creating package script '/home/user/dobot_ws/install/linkattacher_msgs/share/linkattacher_msgs/package.bash'
[1.570s] INFO:colcon.colcon_core.shell:Creating package script '/home/user/dobot_ws/install/linkattacher_msgs/share/linkattacher_msgs/package.zsh'
[1.571s] Level 1:colcon.colcon_core.environment:create_file_with_runtime_dependencies(/home/user/dobot_ws/install/linkattacher_msgs/share/colcon-core/packages/linkattacher_msgs)
[1.572s] Level 1:colcon.colcon_core.environment:create_environment_scripts_only(linkattacher_msgs)
[1.572s] Level 1:colcon.colcon_core.environment:checking '/home/user/dobot_ws/install/linkattacher_msgs' for CMake module files
[1.573s] Level 1:colcon.colcon_core.environment:checking '/home/user/dobot_ws/install/linkattacher_msgs' for CMake config files
[1.575s] Level 1:colcon.colcon_core.shell:create_environment_hook('linkattacher_msgs', 'cmake_prefix_path')
[1.575s] INFO:colcon.colcon_core.shell:Creating environment hook '/home/user/dobot_ws/install/linkattacher_msgs/share/linkattacher_msgs/hook/cmake_prefix_path.ps1'
[1.576s] INFO:colcon.colcon_core.shell:Creating environment descriptor '/home/user/dobot_ws/install/linkattacher_msgs/share/linkattacher_msgs/hook/cmake_prefix_path.dsv'
[1.577s] INFO:colcon.colcon_core.shell:Creating environment hook '/home/user/dobot_ws/install/linkattacher_msgs/share/linkattacher_msgs/hook/cmake_prefix_path.sh'
[1.578s] Level 1:colcon.colcon_core.environment:checking '/home/user/dobot_ws/install/linkattacher_msgs/lib'
[1.578s] Level 1:colcon.colcon_core.shell:create_environment_hook('linkattacher_msgs', 'ld_library_path_lib')
[1.579s] INFO:colcon.colcon_core.shell:Creating environment hook '/home/user/dobot_ws/install/linkattacher_msgs/share/linkattacher_msgs/hook/ld_library_path_lib.ps1'
[1.579s] INFO:colcon.colcon_core.shell:Creating environment descriptor '/home/user/dobot_ws/install/linkattacher_msgs/share/linkattacher_msgs/hook/ld_library_path_lib.dsv'
[1.580s] INFO:colcon.colcon_core.shell:Creating environment hook '/home/user/dobot_ws/install/linkattacher_msgs/share/linkattacher_msgs/hook/ld_library_path_lib.sh'
[1.581s] Level 1:colcon.colcon_core.environment:checking '/home/user/dobot_ws/install/linkattacher_msgs/bin'
[1.581s] Level 1:colcon.colcon_core.environment:checking '/home/user/dobot_ws/install/linkattacher_msgs/lib/pkgconfig/linkattacher_msgs.pc'
[1.581s] Level 1:colcon.colcon_core.environment:checking '/home/user/dobot_ws/install/linkattacher_msgs/lib/python3.10/site-packages'
[1.582s] Level 1:colcon.colcon_core.environment:checking '/home/user/dobot_ws/install/linkattacher_msgs/bin'
[1.582s] INFO:colcon.colcon_core.shell:Creating package script '/home/user/dobot_ws/install/linkattacher_msgs/share/linkattacher_msgs/package.ps1'
[1.583s] INFO:colcon.colcon_core.shell:Creating package descriptor '/home/user/dobot_ws/install/linkattacher_msgs/share/linkattacher_msgs/package.dsv'
[1.584s] INFO:colcon.colcon_core.shell:Creating package script '/home/user/dobot_ws/install/linkattacher_msgs/share/linkattacher_msgs/package.sh'
[1.585s] INFO:colcon.colcon_core.shell:Creating package script '/home/user/dobot_ws/install/linkattacher_msgs/share/linkattacher_msgs/package.bash'
[1.586s] INFO:colcon.colcon_core.shell:Creating package script '/home/user/dobot_ws/install/linkattacher_msgs/share/linkattacher_msgs/package.zsh'
[1.587s] Level 1:colcon.colcon_core.environment:create_file_with_runtime_dependencies(/home/user/dobot_ws/install/linkattacher_msgs/share/colcon-core/packages/linkattacher_msgs)
[1.588s] INFO:colcon.colcon_ros.task.ament_cmake.build:Building ROS package in '/home/user/dobot_ws/src/IFRA_LinkAttacher/ros2_LinkAttacher' with build type 'ament_cmake'
[1.588s] INFO:colcon.colcon_cmake.task.cmake.build:Building CMake package in '/home/user/dobot_ws/src/IFRA_LinkAttacher/ros2_LinkAttacher'
[1.589s] INFO:colcon.colcon_core.shell:Skip shell extension 'powershell' for command environment: Not usable outside of PowerShell
[1.589s] DEBUG:colcon.colcon_core.shell:Skip shell extension 'dsv' for command environment
[1.612s] Level 1:colcon.colcon_core.environment:create_environment_scripts_only(ariac_description)
[1.613s] Level 1:colcon.colcon_core.environment:checking '/home/user/dobot_ws/install/ariac_description' for CMake module files
[1.614s] DEBUG:colcon.colcon_core.event_handler.log_command:Invoked command in '/home/user/dobot_ws/build/onrobot_2fg7_description' returned '0': CMAKE_PREFIX_PATH=${CMAKE_PREFIX_PATH}:/home/user/dobot_ws/install/servo_action:/home/user/dobot_ws/install/dobot_moveit:/home/user/dobot_ws/install/dobot_demo:/opt/ros/humble /usr/bin/cmake --install /home/user/dobot_ws/build/onrobot_2fg7_description
[1.615s] Level 1:colcon.colcon_core.environment:checking '/home/user/dobot_ws/install/ariac_description' for CMake config files
[1.616s] Level 1:colcon.colcon_core.shell:create_environment_hook('ariac_description', 'cmake_prefix_path')
[1.616s] INFO:colcon.colcon_core.shell:Creating environment hook '/home/user/dobot_ws/install/ariac_description/share/ariac_description/hook/cmake_prefix_path.ps1'
[1.617s] INFO:colcon.colcon_core.shell:Creating environment descriptor '/home/user/dobot_ws/install/ariac_description/share/ariac_description/hook/cmake_prefix_path.dsv'
[1.618s] INFO:colcon.colcon_core.shell:Creating environment hook '/home/user/dobot_ws/install/ariac_description/share/ariac_description/hook/cmake_prefix_path.sh'
[1.619s] Level 1:colcon.colcon_core.environment:checking '/home/user/dobot_ws/install/ariac_description/bin'
[1.619s] Level 1:colcon.colcon_core.environment:checking '/home/user/dobot_ws/install/ariac_description/lib/pkgconfig/ariac_description.pc'
[1.620s] Level 1:colcon.colcon_core.environment:checking '/home/user/dobot_ws/install/ariac_description/lib/python3.10/site-packages'
[1.620s] Level 1:colcon.colcon_core.environment:checking '/home/user/dobot_ws/install/ariac_description/bin'
[1.621s] INFO:colcon.colcon_core.shell:Creating package script '/home/user/dobot_ws/install/ariac_description/share/ariac_description/package.ps1'
[1.622s] INFO:colcon.colcon_core.shell:Creating package descriptor '/home/user/dobot_ws/install/ariac_description/share/ariac_description/package.dsv'
[1.623s] INFO:colcon.colcon_core.shell:Creating package script '/home/user/dobot_ws/install/ariac_description/share/ariac_description/package.sh'
[1.624s] INFO:colcon.colcon_core.shell:Creating package script '/home/user/dobot_ws/install/ariac_description/share/ariac_description/package.bash'
[1.625s] INFO:colcon.colcon_core.shell:Creating package script '/home/user/dobot_ws/install/ariac_description/share/ariac_description/package.zsh'
[1.626s] Level 1:colcon.colcon_core.environment:create_file_with_runtime_dependencies(/home/user/dobot_ws/install/ariac_description/share/colcon-core/packages/ariac_description)
[1.627s] Level 1:colcon.colcon_core.environment:create_environment_scripts_only(ariac_description)
[1.628s] Level 1:colcon.colcon_core.environment:checking '/home/user/dobot_ws/install/ariac_description' for CMake module files
[1.629s] Level 1:colcon.colcon_core.environment:checking '/home/user/dobot_ws/install/ariac_description' for CMake config files
[1.631s] Level 1:colcon.colcon_core.shell:create_environment_hook('ariac_description', 'cmake_prefix_path')
[1.631s] INFO:colcon.colcon_core.shell:Creating environment hook '/home/user/dobot_ws/install/ariac_description/share/ariac_description/hook/cmake_prefix_path.ps1'
[1.632s] INFO:colcon.colcon_core.shell:Creating environment descriptor '/home/user/dobot_ws/install/ariac_description/share/ariac_description/hook/cmake_prefix_path.dsv'
[1.633s] INFO:colcon.colcon_core.shell:Creating environment hook '/home/user/dobot_ws/install/ariac_description/share/ariac_description/hook/cmake_prefix_path.sh'
[1.634s] Level 1:colcon.colcon_core.environment:checking '/home/user/dobot_ws/install/ariac_description/bin'
[1.634s] Level 1:colcon.colcon_core.environment:checking '/home/user/dobot_ws/install/ariac_description/lib/pkgconfig/ariac_description.pc'
[1.634s] Level 1:colcon.colcon_core.environment:checking '/home/user/dobot_ws/install/ariac_description/lib/python3.10/site-packages'
[1.635s] Level 1:colcon.colcon_core.environment:checking '/home/user/dobot_ws/install/ariac_description/bin'
[1.635s] INFO:colcon.colcon_core.shell:Creating package script '/home/user/dobot_ws/install/ariac_description/share/ariac_description/package.ps1'
[1.637s] INFO:colcon.colcon_core.shell:Creating package descriptor '/home/user/dobot_ws/install/ariac_description/share/ariac_description/package.dsv'
[1.638s] INFO:colcon.colcon_core.shell:Creating package script '/home/user/dobot_ws/install/ariac_description/share/ariac_description/package.sh'
[1.639s] INFO:colcon.colcon_core.shell:Creating package script '/home/user/dobot_ws/install/ariac_description/share/ariac_description/package.bash'
[1.641s] INFO:colcon.colcon_core.shell:Creating package script '/home/user/dobot_ws/install/ariac_description/share/ariac_description/package.zsh'
[1.642s] Level 1:colcon.colcon_core.environment:create_file_with_runtime_dependencies(/home/user/dobot_ws/install/ariac_description/share/colcon-core/packages/ariac_description)
[1.650s] Level 1:colcon.colcon_core.environment:create_environment_scripts_only(dobot_msgs_v4)
[1.650s] Level 1:colcon.colcon_core.environment:checking '/home/user/dobot_ws/install/dobot_msgs_v4' for CMake module files
[1.652s] Level 1:colcon.colcon_core.environment:checking '/home/user/dobot_ws/install/dobot_msgs_v4' for CMake config files
[1.654s] Level 1:colcon.colcon_core.shell:create_environment_hook('dobot_msgs_v4', 'cmake_prefix_path')
[1.654s] INFO:colcon.colcon_core.shell:Creating environment hook '/home/user/dobot_ws/install/dobot_msgs_v4/share/dobot_msgs_v4/hook/cmake_prefix_path.ps1'
[1.655s] INFO:colcon.colcon_core.shell:Creating environment descriptor '/home/user/dobot_ws/install/dobot_msgs_v4/share/dobot_msgs_v4/hook/cmake_prefix_path.dsv'
[1.656s] INFO:colcon.colcon_core.shell:Creating environment hook '/home/user/dobot_ws/install/dobot_msgs_v4/share/dobot_msgs_v4/hook/cmake_prefix_path.sh'
[1.657s] Level 1:colcon.colcon_core.environment:checking '/home/user/dobot_ws/install/dobot_msgs_v4/lib'
[1.657s] Level 1:colcon.colcon_core.shell:create_environment_hook('dobot_msgs_v4', 'ld_library_path_lib')
[1.657s] INFO:colcon.colcon_core.shell:Creating environment hook '/home/user/dobot_ws/install/dobot_msgs_v4/share/dobot_msgs_v4/hook/ld_library_path_lib.ps1'
[1.658s] INFO:colcon.colcon_core.shell:Creating environment descriptor '/home/user/dobot_ws/install/dobot_msgs_v4/share/dobot_msgs_v4/hook/ld_library_path_lib.dsv'
[1.659s] INFO:colcon.colcon_core.shell:Creating environment hook '/home/user/dobot_ws/install/dobot_msgs_v4/share/dobot_msgs_v4/hook/ld_library_path_lib.sh'
[1.660s] Level 1:colcon.colcon_core.environment:checking '/home/user/dobot_ws/install/dobot_msgs_v4/bin'
[1.660s] Level 1:colcon.colcon_core.environment:checking '/home/user/dobot_ws/install/dobot_msgs_v4/lib/pkgconfig/dobot_msgs_v4.pc'
[1.661s] Level 1:colcon.colcon_core.environment:checking '/home/user/dobot_ws/install/dobot_msgs_v4/lib/python3.10/site-packages'
[1.661s] Level 1:colcon.colcon_core.environment:checking '/home/user/dobot_ws/install/dobot_msgs_v4/bin'
[1.662s] INFO:colcon.colcon_core.shell:Creating package script '/home/user/dobot_ws/install/dobot_msgs_v4/share/dobot_msgs_v4/package.ps1'
[1.663s] INFO:colcon.colcon_core.shell:Creating package descriptor '/home/user/dobot_ws/install/dobot_msgs_v4/share/dobot_msgs_v4/package.dsv'
[1.664s] INFO:colcon.colcon_core.shell:Creating package script '/home/user/dobot_ws/install/dobot_msgs_v4/share/dobot_msgs_v4/package.sh'
[1.664s] INFO:colcon.colcon_core.shell:Creating package script '/home/user/dobot_ws/install/dobot_msgs_v4/share/dobot_msgs_v4/package.bash'
[1.665s] INFO:colcon.colcon_core.shell:Creating package script '/home/user/dobot_ws/install/dobot_msgs_v4/share/dobot_msgs_v4/package.zsh'
[1.666s] Level 1:colcon.colcon_core.environment:create_file_with_runtime_dependencies(/home/user/dobot_ws/install/dobot_msgs_v4/share/colcon-core/packages/dobot_msgs_v4)
[1.667s] Level 1:colcon.colcon_core.environment:create_environment_scripts_only(dobot_msgs_v4)
[1.667s] Level 1:colcon.colcon_core.environment:checking '/home/user/dobot_ws/install/dobot_msgs_v4' for CMake module files
[1.669s] Level 1:colcon.colcon_core.environment:checking '/home/user/dobot_ws/install/dobot_msgs_v4' for CMake config files
[1.671s] Level 1:colcon.colcon_core.shell:create_environment_hook('dobot_msgs_v4', 'cmake_prefix_path')
[1.672s] INFO:colcon.colcon_core.shell:Creating environment hook '/home/user/dobot_ws/install/dobot_msgs_v4/share/dobot_msgs_v4/hook/cmake_prefix_path.ps1'
[1.672s] INFO:colcon.colcon_core.shell:Creating environment descriptor '/home/user/dobot_ws/install/dobot_msgs_v4/share/dobot_msgs_v4/hook/cmake_prefix_path.dsv'
[1.673s] INFO:colcon.colcon_core.shell:Creating environment hook '/home/user/dobot_ws/install/dobot_msgs_v4/share/dobot_msgs_v4/hook/cmake_prefix_path.sh'
[1.674s] Level 1:colcon.colcon_core.environment:checking '/home/user/dobot_ws/install/dobot_msgs_v4/lib'
[1.675s] Level 1:colcon.colcon_core.shell:create_environment_hook('dobot_msgs_v4', 'ld_library_path_lib')
[1.675s] INFO:colcon.colcon_core.shell:Creating environment hook '/home/user/dobot_ws/install/dobot_msgs_v4/share/dobot_msgs_v4/hook/ld_library_path_lib.ps1'
[1.676s] INFO:colcon.colcon_core.shell:Creating environment descriptor '/home/user/dobot_ws/install/dobot_msgs_v4/share/dobot_msgs_v4/hook/ld_library_path_lib.dsv'
[1.676s] INFO:colcon.colcon_core.shell:Creating environment hook '/home/user/dobot_ws/install/dobot_msgs_v4/share/dobot_msgs_v4/hook/ld_library_path_lib.sh'
[1.677s] Level 1:colcon.colcon_core.environment:checking '/home/user/dobot_ws/install/dobot_msgs_v4/bin'
[1.677s] Level 1:colcon.colcon_core.environment:checking '/home/user/dobot_ws/install/dobot_msgs_v4/lib/pkgconfig/dobot_msgs_v4.pc'
[1.678s] Level 1:colcon.colcon_core.environment:checking '/home/user/dobot_ws/install/dobot_msgs_v4/lib/python3.10/site-packages'
[1.678s] Level 1:colcon.colcon_core.environment:checking '/home/user/dobot_ws/install/dobot_msgs_v4/bin'
[1.679s] INFO:colcon.colcon_core.shell:Creating package script '/home/user/dobot_ws/install/dobot_msgs_v4/share/dobot_msgs_v4/package.ps1'
[1.680s] INFO:colcon.colcon_core.shell:Creating package descriptor '/home/user/dobot_ws/install/dobot_msgs_v4/share/dobot_msgs_v4/package.dsv'
[1.681s] INFO:colcon.colcon_core.shell:Creating package script '/home/user/dobot_ws/install/dobot_msgs_v4/share/dobot_msgs_v4/package.sh'
[1.682s] INFO:colcon.colcon_core.shell:Creating package script '/home/user/dobot_ws/install/dobot_msgs_v4/share/dobot_msgs_v4/package.bash'
[1.683s] INFO:colcon.colcon_core.shell:Creating package script '/home/user/dobot_ws/install/dobot_msgs_v4/share/dobot_msgs_v4/package.zsh'
[1.683s] Level 1:colcon.colcon_core.environment:create_file_with_runtime_dependencies(/home/user/dobot_ws/install/dobot_msgs_v4/share/colcon-core/packages/dobot_msgs_v4)
[1.686s] INFO:colcon.colcon_ros.task.ament_cmake.build:Building ROS package in '/home/user/dobot_ws/src/DOBOT_6Axis_ROS2_V4/dobot_bringup_v4' with build type 'ament_cmake'
[1.686s] INFO:colcon.colcon_cmake.task.cmake.build:Building CMake package in '/home/user/dobot_ws/src/DOBOT_6Axis_ROS2_V4/dobot_bringup_v4'
[1.686s] INFO:colcon.colcon_core.shell:Skip shell extension 'powershell' for command environment: Not usable outside of PowerShell
[1.686s] DEBUG:colcon.colcon_core.shell:Skip shell extension 'dsv' for command environment
[1.704s] Level 1:colcon.colcon_core.environment:create_environment_scripts_only(cra_description)
[1.705s] Level 1:colcon.colcon_core.environment:checking '/home/user/dobot_ws/install/cra_description' for CMake module files
[1.706s] Level 1:colcon.colcon_core.environment:checking '/home/user/dobot_ws/install/cra_description' for CMake config files
[1.708s] Level 1:colcon.colcon_core.shell:create_environment_hook('cra_description', 'cmake_prefix_path')
[1.708s] INFO:colcon.colcon_core.shell:Creating environment hook '/home/user/dobot_ws/install/cra_description/share/cra_description/hook/cmake_prefix_path.ps1'
[1.709s] INFO:colcon.colcon_core.shell:Creating environment descriptor '/home/user/dobot_ws/install/cra_description/share/cra_description/hook/cmake_prefix_path.dsv'
[1.709s] INFO:colcon.colcon_core.shell:Creating environment hook '/home/user/dobot_ws/install/cra_description/share/cra_description/hook/cmake_prefix_path.sh'
[1.710s] Level 1:colcon.colcon_core.environment:checking '/home/user/dobot_ws/install/cra_description/bin'
[1.711s] Level 1:colcon.colcon_core.environment:checking '/home/user/dobot_ws/install/cra_description/lib/pkgconfig/cra_description.pc'
[1.711s] Level 1:colcon.colcon_core.environment:checking '/home/user/dobot_ws/install/cra_description/lib/python3.10/site-packages'
[1.711s] Level 1:colcon.colcon_core.environment:checking '/home/user/dobot_ws/install/cra_description/bin'
[1.712s] INFO:colcon.colcon_core.shell:Creating package script '/home/user/dobot_ws/install/cra_description/share/cra_description/package.ps1'
[1.713s] INFO:colcon.colcon_core.shell:Creating package descriptor '/home/user/dobot_ws/install/cra_description/share/cra_description/package.dsv'
[1.714s] INFO:colcon.colcon_core.shell:Creating package script '/home/user/dobot_ws/install/cra_description/share/cra_description/package.sh'
[1.715s] INFO:colcon.colcon_core.shell:Creating package script '/home/user/dobot_ws/install/cra_description/share/cra_description/package.bash'
[1.716s] INFO:colcon.colcon_core.shell:Creating package script '/home/user/dobot_ws/install/cra_description/share/cra_description/package.zsh'
[1.716s] Level 1:colcon.colcon_core.environment:create_file_with_runtime_dependencies(/home/user/dobot_ws/install/cra_description/share/colcon-core/packages/cra_description)
[1.717s] Level 1:colcon.colcon_core.environment:create_environment_scripts_only(cra_description)
[1.718s] Level 1:colcon.colcon_core.environment:checking '/home/user/dobot_ws/install/cra_description' for CMake module files
[1.719s] Level 1:colcon.colcon_core.environment:checking '/home/user/dobot_ws/install/cra_description' for CMake config files
[1.721s] Level 1:colcon.colcon_core.shell:create_environment_hook('cra_description', 'cmake_prefix_path')
[1.721s] INFO:colcon.colcon_core.shell:Creating environment hook '/home/user/dobot_ws/install/cra_description/share/cra_description/hook/cmake_prefix_path.ps1'
[1.722s] INFO:colcon.colcon_core.shell:Creating environment descriptor '/home/user/dobot_ws/install/cra_description/share/cra_description/hook/cmake_prefix_path.dsv'
[1.722s] INFO:colcon.colcon_core.shell:Creating environment hook '/home/user/dobot_ws/install/cra_description/share/cra_description/hook/cmake_prefix_path.sh'
[1.723s] Level 1:colcon.colcon_core.environment:checking '/home/user/dobot_ws/install/cra_description/bin'
[1.724s] Level 1:colcon.colcon_core.environment:checking '/home/user/dobot_ws/install/cra_description/lib/pkgconfig/cra_description.pc'
[1.724s] Level 1:colcon.colcon_core.environment:checking '/home/user/dobot_ws/install/cra_description/lib/python3.10/site-packages'
[1.724s] Level 1:colcon.colcon_core.environment:checking '/home/user/dobot_ws/install/cra_description/bin'
[1.725s] INFO:colcon.colcon_core.shell:Creating package script '/home/user/dobot_ws/install/cra_description/share/cra_description/package.ps1'
[1.726s] INFO:colcon.colcon_core.shell:Creating package descriptor '/home/user/dobot_ws/install/cra_description/share/cra_description/package.dsv'
[1.726s] INFO:colcon.colcon_core.shell:Creating package script '/home/user/dobot_ws/install/cra_description/share/cra_description/package.sh'
[1.727s] INFO:colcon.colcon_core.shell:Creating package script '/home/user/dobot_ws/install/cra_description/share/cra_description/package.bash'
[1.728s] INFO:colcon.colcon_core.shell:Creating package script '/home/user/dobot_ws/install/cra_description/share/cra_description/package.zsh'
[1.729s] Level 1:colcon.colcon_core.environment:create_file_with_runtime_dependencies(/home/user/dobot_ws/install/cra_description/share/colcon-core/packages/cra_description)
[1.729s] INFO:colcon.colcon_ros.task.ament_cmake.build:Building ROS package in '/home/user/dobot_ws/src/DOBOT_6Axis_ROS2_V4/dobot_gazebo' with build type 'ament_cmake'
[1.729s] INFO:colcon.colcon_cmake.task.cmake.build:Building CMake package in '/home/user/dobot_ws/src/DOBOT_6Axis_ROS2_V4/dobot_gazebo'
[1.730s] INFO:colcon.colcon_core.shell:Skip shell extension 'powershell' for command environment: Not usable outside of PowerShell
[1.730s] DEBUG:colcon.colcon_core.shell:Skip shell extension 'dsv' for command environment
[1.746s] Level 1:colcon.colcon_core.environment:create_environment_scripts_only(cr7_moveit)
[1.746s] Level 1:colcon.colcon_core.environment:checking '/home/user/dobot_ws/install/cr7_moveit' for CMake module files
[1.748s] Level 1:colcon.colcon_core.environment:checking '/home/user/dobot_ws/install/cr7_moveit' for CMake config files
[1.749s] Level 1:colcon.colcon_core.shell:create_environment_hook('cr7_moveit', 'cmake_prefix_path')
[1.750s] INFO:colcon.colcon_core.shell:Creating environment hook '/home/user/dobot_ws/install/cr7_moveit/share/cr7_moveit/hook/cmake_prefix_path.ps1'
[1.751s] INFO:colcon.colcon_core.shell:Creating environment descriptor '/home/user/dobot_ws/install/cr7_moveit/share/cr7_moveit/hook/cmake_prefix_path.dsv'
[1.751s] INFO:colcon.colcon_core.shell:Creating environment hook '/home/user/dobot_ws/install/cr7_moveit/share/cr7_moveit/hook/cmake_prefix_path.sh'
[1.753s] Level 1:colcon.colcon_core.environment:checking '/home/user/dobot_ws/install/cr7_moveit/bin'
[1.753s] Level 1:colcon.colcon_core.environment:checking '/home/user/dobot_ws/install/cr7_moveit/lib/pkgconfig/cr7_moveit.pc'
[1.753s] Level 1:colcon.colcon_core.environment:checking '/home/user/dobot_ws/install/cr7_moveit/lib/python3.10/site-packages'
[1.753s] Level 1:colcon.colcon_core.environment:checking '/home/user/dobot_ws/install/cr7_moveit/bin'
[1.754s] INFO:colcon.colcon_core.shell:Creating package script '/home/user/dobot_ws/install/cr7_moveit/share/cr7_moveit/package.ps1'
[1.755s] INFO:colcon.colcon_core.shell:Creating package descriptor '/home/user/dobot_ws/install/cr7_moveit/share/cr7_moveit/package.dsv'
[1.756s] INFO:colcon.colcon_core.shell:Creating package script '/home/user/dobot_ws/install/cr7_moveit/share/cr7_moveit/package.sh'
[1.756s] INFO:colcon.colcon_core.shell:Creating package script '/home/user/dobot_ws/install/cr7_moveit/share/cr7_moveit/package.bash'
[1.757s] INFO:colcon.colcon_core.shell:Creating package script '/home/user/dobot_ws/install/cr7_moveit/share/cr7_moveit/package.zsh'
[1.758s] Level 1:colcon.colcon_core.environment:create_file_with_runtime_dependencies(/home/user/dobot_ws/install/cr7_moveit/share/colcon-core/packages/cr7_moveit)
[1.759s] Level 1:colcon.colcon_core.environment:create_environment_scripts_only(cr7_moveit)
[1.759s] Level 1:colcon.colcon_core.environment:checking '/home/user/dobot_ws/install/cr7_moveit' for CMake module files
[1.760s] Level 1:colcon.colcon_core.environment:checking '/home/user/dobot_ws/install/cr7_moveit' for CMake config files
[1.762s] Level 1:colcon.colcon_core.shell:create_environment_hook('cr7_moveit', 'cmake_prefix_path')
[1.762s] INFO:colcon.colcon_core.shell:Creating environment hook '/home/user/dobot_ws/install/cr7_moveit/share/cr7_moveit/hook/cmake_prefix_path.ps1'
[1.763s] INFO:colcon.colcon_core.shell:Creating environment descriptor '/home/user/dobot_ws/install/cr7_moveit/share/cr7_moveit/hook/cmake_prefix_path.dsv'
[1.763s] INFO:colcon.colcon_core.shell:Creating environment hook '/home/user/dobot_ws/install/cr7_moveit/share/cr7_moveit/hook/cmake_prefix_path.sh'
[1.764s] Level 1:colcon.colcon_core.environment:checking '/home/user/dobot_ws/install/cr7_moveit/bin'
[1.765s] Level 1:colcon.colcon_core.environment:checking '/home/user/dobot_ws/install/cr7_moveit/lib/pkgconfig/cr7_moveit.pc'
[1.765s] Level 1:colcon.colcon_core.environment:checking '/home/user/dobot_ws/install/cr7_moveit/lib/python3.10/site-packages'
[1.765s] Level 1:colcon.colcon_core.environment:checking '/home/user/dobot_ws/install/cr7_moveit/bin'
[1.766s] INFO:colcon.colcon_core.shell:Creating package script '/home/user/dobot_ws/install/cr7_moveit/share/cr7_moveit/package.ps1'
[1.767s] INFO:colcon.colcon_core.shell:Creating package descriptor '/home/user/dobot_ws/install/cr7_moveit/share/cr7_moveit/package.dsv'
[1.768s] INFO:colcon.colcon_core.shell:Creating package script '/home/user/dobot_ws/install/cr7_moveit/share/cr7_moveit/package.sh'
[1.769s] INFO:colcon.colcon_core.shell:Creating package script '/home/user/dobot_ws/install/cr7_moveit/share/cr7_moveit/package.bash'
[1.770s] INFO:colcon.colcon_core.shell:Creating package script '/home/user/dobot_ws/install/cr7_moveit/share/cr7_moveit/package.zsh'
[1.771s] Level 1:colcon.colcon_core.environment:create_file_with_runtime_dependencies(/home/user/dobot_ws/install/cr7_moveit/share/colcon-core/packages/cr7_moveit)
[1.789s] Level 1:colcon.colcon_core.environment:create_environment_scripts_only(ros2_linkattacher)
[1.789s] Level 1:colcon.colcon_core.environment:checking '/home/user/dobot_ws/install/ros2_linkattacher' for CMake module files
[1.791s] Level 1:colcon.colcon_core.environment:checking '/home/user/dobot_ws/install/ros2_linkattacher' for CMake config files
[1.792s] Level 1:colcon.colcon_core.shell:create_environment_hook('ros2_linkattacher', 'cmake_prefix_path')
[1.793s] INFO:colcon.colcon_core.shell:Creating environment hook '/home/user/dobot_ws/install/ros2_linkattacher/share/ros2_linkattacher/hook/cmake_prefix_path.ps1'
[1.794s] INFO:colcon.colcon_core.shell:Creating environment descriptor '/home/user/dobot_ws/install/ros2_linkattacher/share/ros2_linkattacher/hook/cmake_prefix_path.dsv'
[1.794s] INFO:colcon.colcon_core.shell:Creating environment hook '/home/user/dobot_ws/install/ros2_linkattacher/share/ros2_linkattacher/hook/cmake_prefix_path.sh'
[1.795s] Level 1:colcon.colcon_core.environment:checking '/home/user/dobot_ws/install/ros2_linkattacher/lib'
[1.796s] Level 1:colcon.colcon_core.shell:create_environment_hook('ros2_linkattacher', 'ld_library_path_lib')
[1.796s] INFO:colcon.colcon_core.shell:Creating environment hook '/home/user/dobot_ws/install/ros2_linkattacher/share/ros2_linkattacher/hook/ld_library_path_lib.ps1'
[1.797s] INFO:colcon.colcon_core.shell:Creating environment descriptor '/home/user/dobot_ws/install/ros2_linkattacher/share/ros2_linkattacher/hook/ld_library_path_lib.dsv'
[1.798s] INFO:colcon.colcon_core.shell:Creating environment hook '/home/user/dobot_ws/install/ros2_linkattacher/share/ros2_linkattacher/hook/ld_library_path_lib.sh'
[1.799s] Level 1:colcon.colcon_core.environment:checking '/home/user/dobot_ws/install/ros2_linkattacher/bin'
[1.799s] Level 1:colcon.colcon_core.environment:checking '/home/user/dobot_ws/install/ros2_linkattacher/lib/pkgconfig/ros2_linkattacher.pc'
[1.799s] Level 1:colcon.colcon_core.environment:checking '/home/user/dobot_ws/install/ros2_linkattacher/lib/python3.10/site-packages'
[1.800s] Level 1:colcon.colcon_core.environment:checking '/home/user/dobot_ws/install/ros2_linkattacher/bin'
[1.801s] INFO:colcon.colcon_core.shell:Creating package script '/home/user/dobot_ws/install/ros2_linkattacher/share/ros2_linkattacher/package.ps1'
[1.802s] INFO:colcon.colcon_core.shell:Creating package descriptor '/home/user/dobot_ws/install/ros2_linkattacher/share/ros2_linkattacher/package.dsv'
[1.803s] INFO:colcon.colcon_core.shell:Creating package script '/home/user/dobot_ws/install/ros2_linkattacher/share/ros2_linkattacher/package.sh'
[1.804s] INFO:colcon.colcon_core.shell:Creating package script '/home/user/dobot_ws/install/ros2_linkattacher/share/ros2_linkattacher/package.bash'
[1.805s] INFO:colcon.colcon_core.shell:Creating package script '/home/user/dobot_ws/install/ros2_linkattacher/share/ros2_linkattacher/package.zsh'
[1.805s] Level 1:colcon.colcon_core.environment:create_file_with_runtime_dependencies(/home/user/dobot_ws/install/ros2_linkattacher/share/colcon-core/packages/ros2_linkattacher)
[1.807s] Level 1:colcon.colcon_core.environment:create_environment_scripts_only(ros2_linkattacher)
[1.807s] Level 1:colcon.colcon_core.environment:checking '/home/user/dobot_ws/install/ros2_linkattacher' for CMake module files
[1.809s] Level 1:colcon.colcon_core.environment:checking '/home/user/dobot_ws/install/ros2_linkattacher' for CMake config files
[1.810s] Level 1:colcon.colcon_core.shell:create_environment_hook('ros2_linkattacher', 'cmake_prefix_path')
[1.811s] INFO:colcon.colcon_core.shell:Creating environment hook '/home/user/dobot_ws/install/ros2_linkattacher/share/ros2_linkattacher/hook/cmake_prefix_path.ps1'
[1.812s] INFO:colcon.colcon_core.shell:Creating environment descriptor '/home/user/dobot_ws/install/ros2_linkattacher/share/ros2_linkattacher/hook/cmake_prefix_path.dsv'
[1.813s] INFO:colcon.colcon_core.shell:Creating environment hook '/home/user/dobot_ws/install/ros2_linkattacher/share/ros2_linkattacher/hook/cmake_prefix_path.sh'
[1.814s] Level 1:colcon.colcon_core.environment:checking '/home/user/dobot_ws/install/ros2_linkattacher/lib'
[1.814s] Level 1:colcon.colcon_core.shell:create_environment_hook('ros2_linkattacher', 'ld_library_path_lib')
[1.814s] INFO:colcon.colcon_core.shell:Creating environment hook '/home/user/dobot_ws/install/ros2_linkattacher/share/ros2_linkattacher/hook/ld_library_path_lib.ps1'
[1.815s] INFO:colcon.colcon_core.shell:Creating environment descriptor '/home/user/dobot_ws/install/ros2_linkattacher/share/ros2_linkattacher/hook/ld_library_path_lib.dsv'
[1.816s] INFO:colcon.colcon_core.shell:Creating environment hook '/home/user/dobot_ws/install/ros2_linkattacher/share/ros2_linkattacher/hook/ld_library_path_lib.sh'
[1.817s] Level 1:colcon.colcon_core.environment:checking '/home/user/dobot_ws/install/ros2_linkattacher/bin'
[1.817s] Level 1:colcon.colcon_core.environment:checking '/home/user/dobot_ws/install/ros2_linkattacher/lib/pkgconfig/ros2_linkattacher.pc'
[1.817s] Level 1:colcon.colcon_core.environment:checking '/home/user/dobot_ws/install/ros2_linkattacher/lib/python3.10/site-packages'
[1.818s] Level 1:colcon.colcon_core.environment:checking '/home/user/dobot_ws/install/ros2_linkattacher/bin'
[1.818s] INFO:colcon.colcon_core.shell:Creating package script '/home/user/dobot_ws/install/ros2_linkattacher/share/ros2_linkattacher/package.ps1'
[1.820s] INFO:colcon.colcon_core.shell:Creating package descriptor '/home/user/dobot_ws/install/ros2_linkattacher/share/ros2_linkattacher/package.dsv'
[1.820s] INFO:colcon.colcon_core.shell:Creating package script '/home/user/dobot_ws/install/ros2_linkattacher/share/ros2_linkattacher/package.sh'
[1.821s] INFO:colcon.colcon_core.shell:Creating package script '/home/user/dobot_ws/install/ros2_linkattacher/share/ros2_linkattacher/package.bash'
[1.822s] INFO:colcon.colcon_core.shell:Creating package script '/home/user/dobot_ws/install/ros2_linkattacher/share/ros2_linkattacher/package.zsh'
[1.822s] Level 1:colcon.colcon_core.environment:create_file_with_runtime_dependencies(/home/user/dobot_ws/install/ros2_linkattacher/share/colcon-core/packages/ros2_linkattacher)
[1.842s] Level 1:colcon.colcon_core.environment:create_environment_scripts_only(dobot_gazebo)
[1.842s] Level 1:colcon.colcon_core.environment:checking '/home/user/dobot_ws/install/dobot_gazebo' for CMake module files
[1.843s] Level 1:colcon.colcon_core.environment:checking '/home/user/dobot_ws/install/dobot_gazebo' for CMake config files
[1.845s] Level 1:colcon.colcon_core.shell:create_environment_hook('dobot_gazebo', 'cmake_prefix_path')
[1.845s] INFO:colcon.colcon_core.shell:Creating environment hook '/home/user/dobot_ws/install/dobot_gazebo/share/dobot_gazebo/hook/cmake_prefix_path.ps1'
[1.846s] INFO:colcon.colcon_core.shell:Creating environment descriptor '/home/user/dobot_ws/install/dobot_gazebo/share/dobot_gazebo/hook/cmake_prefix_path.dsv'
[1.847s] INFO:colcon.colcon_core.shell:Creating environment hook '/home/user/dobot_ws/install/dobot_gazebo/share/dobot_gazebo/hook/cmake_prefix_path.sh'
[1.848s] Level 1:colcon.colcon_core.environment:checking '/home/user/dobot_ws/install/dobot_gazebo/bin'
[1.848s] Level 1:colcon.colcon_core.environment:checking '/home/user/dobot_ws/install/dobot_gazebo/lib/pkgconfig/dobot_gazebo.pc'
[1.848s] Level 1:colcon.colcon_core.environment:checking '/home/user/dobot_ws/install/dobot_gazebo/lib/python3.10/site-packages'
[1.849s] Level 1:colcon.colcon_core.environment:checking '/home/user/dobot_ws/install/dobot_gazebo/bin'
[1.849s] INFO:colcon.colcon_core.shell:Creating package script '/home/user/dobot_ws/install/dobot_gazebo/share/dobot_gazebo/package.ps1'
[1.850s] INFO:colcon.colcon_core.shell:Creating package descriptor '/home/user/dobot_ws/install/dobot_gazebo/share/dobot_gazebo/package.dsv'
[1.851s] INFO:colcon.colcon_core.shell:Creating package script '/home/user/dobot_ws/install/dobot_gazebo/share/dobot_gazebo/package.sh'
[1.852s] INFO:colcon.colcon_core.shell:Creating package script '/home/user/dobot_ws/install/dobot_gazebo/share/dobot_gazebo/package.bash'
[1.852s] INFO:colcon.colcon_core.shell:Creating package script '/home/user/dobot_ws/install/dobot_gazebo/share/dobot_gazebo/package.zsh'
[1.853s] Level 1:colcon.colcon_core.environment:create_file_with_runtime_dependencies(/home/user/dobot_ws/install/dobot_gazebo/share/colcon-core/packages/dobot_gazebo)
[1.854s] Level 1:colcon.colcon_core.environment:create_environment_scripts_only(dobot_gazebo)
[1.855s] Level 1:colcon.colcon_core.environment:checking '/home/user/dobot_ws/install/dobot_gazebo' for CMake module files
[1.856s] Level 1:colcon.colcon_core.environment:checking '/home/user/dobot_ws/install/dobot_gazebo' for CMake config files
[1.858s] Level 1:colcon.colcon_core.shell:create_environment_hook('dobot_gazebo', 'cmake_prefix_path')
[1.858s] INFO:colcon.colcon_core.shell:Creating environment hook '/home/user/dobot_ws/install/dobot_gazebo/share/dobot_gazebo/hook/cmake_prefix_path.ps1'
[1.859s] INFO:colcon.colcon_core.shell:Creating environment descriptor '/home/user/dobot_ws/install/dobot_gazebo/share/dobot_gazebo/hook/cmake_prefix_path.dsv'
[1.860s] INFO:colcon.colcon_core.shell:Creating environment hook '/home/user/dobot_ws/install/dobot_gazebo/share/dobot_gazebo/hook/cmake_prefix_path.sh'
[1.861s] Level 1:colcon.colcon_core.environment:checking '/home/user/dobot_ws/install/dobot_gazebo/bin'
[1.861s] Level 1:colcon.colcon_core.environment:checking '/home/user/dobot_ws/install/dobot_gazebo/lib/pkgconfig/dobot_gazebo.pc'
[1.861s] Level 1:colcon.colcon_core.environment:checking '/home/user/dobot_ws/install/dobot_gazebo/lib/python3.10/site-packages'
[1.861s] Level 1:colcon.colcon_core.environment:checking '/home/user/dobot_ws/install/dobot_gazebo/bin'
[1.862s] INFO:colcon.colcon_core.shell:Creating package script '/home/user/dobot_ws/install/dobot_gazebo/share/dobot_gazebo/package.ps1'
[1.863s] INFO:colcon.colcon_core.shell:Creating package descriptor '/home/user/dobot_ws/install/dobot_gazebo/share/dobot_gazebo/package.dsv'
[1.863s] INFO:colcon.colcon_core.shell:Creating package script '/home/user/dobot_ws/install/dobot_gazebo/share/dobot_gazebo/package.sh'
[1.864s] INFO:colcon.colcon_core.shell:Creating package script '/home/user/dobot_ws/install/dobot_gazebo/share/dobot_gazebo/package.bash'
[1.865s] INFO:colcon.colcon_core.shell:Creating package script '/home/user/dobot_ws/install/dobot_gazebo/share/dobot_gazebo/package.zsh'
[1.865s] Level 1:colcon.colcon_core.environment:create_file_with_runtime_dependencies(/home/user/dobot_ws/install/dobot_gazebo/share/colcon-core/packages/dobot_gazebo)
[1.882s] Level 1:colcon.colcon_core.environment:create_environment_scripts_only(cr_robot_ros2)
[1.882s] Level 1:colcon.colcon_core.environment:checking '/home/user/dobot_ws/install/cr_robot_ros2' for CMake module files
[1.884s] Level 1:colcon.colcon_core.environment:checking '/home/user/dobot_ws/install/cr_robot_ros2' for CMake config files
[1.885s] Level 1:colcon.colcon_core.shell:create_environment_hook('cr_robot_ros2', 'cmake_prefix_path')
[1.886s] INFO:colcon.colcon_core.shell:Creating environment hook '/home/user/dobot_ws/install/cr_robot_ros2/share/cr_robot_ros2/hook/cmake_prefix_path.ps1'
[1.887s] INFO:colcon.colcon_core.shell:Creating environment descriptor '/home/user/dobot_ws/install/cr_robot_ros2/share/cr_robot_ros2/hook/cmake_prefix_path.dsv'
[1.887s] INFO:colcon.colcon_core.shell:Creating environment hook '/home/user/dobot_ws/install/cr_robot_ros2/share/cr_robot_ros2/hook/cmake_prefix_path.sh'
[1.888s] Level 1:colcon.colcon_core.environment:checking '/home/user/dobot_ws/install/cr_robot_ros2/lib'
[1.888s] Level 1:colcon.colcon_core.environment:checking '/home/user/dobot_ws/install/cr_robot_ros2/bin'
[1.889s] Level 1:colcon.colcon_core.environment:checking '/home/user/dobot_ws/install/cr_robot_ros2/lib/pkgconfig/cr_robot_ros2.pc'
[1.889s] Level 1:colcon.colcon_core.environment:checking '/home/user/dobot_ws/install/cr_robot_ros2/lib/python3.10/site-packages'
[1.889s] Level 1:colcon.colcon_core.environment:checking '/home/user/dobot_ws/install/cr_robot_ros2/bin'
[1.890s] INFO:colcon.colcon_core.shell:Creating package script '/home/user/dobot_ws/install/cr_robot_ros2/share/cr_robot_ros2/package.ps1'
[1.891s] INFO:colcon.colcon_core.shell:Creating package descriptor '/home/user/dobot_ws/install/cr_robot_ros2/share/cr_robot_ros2/package.dsv'
[1.892s] INFO:colcon.colcon_core.shell:Creating package script '/home/user/dobot_ws/install/cr_robot_ros2/share/cr_robot_ros2/package.sh'
[1.892s] INFO:colcon.colcon_core.shell:Creating package script '/home/user/dobot_ws/install/cr_robot_ros2/share/cr_robot_ros2/package.bash'
[1.893s] INFO:colcon.colcon_core.shell:Creating package script '/home/user/dobot_ws/install/cr_robot_ros2/share/cr_robot_ros2/package.zsh'
[1.894s] Level 1:colcon.colcon_core.environment:create_file_with_runtime_dependencies(/home/user/dobot_ws/install/cr_robot_ros2/share/colcon-core/packages/cr_robot_ros2)
[1.895s] Level 1:colcon.colcon_core.environment:create_environment_scripts_only(cr_robot_ros2)
[1.895s] Level 1:colcon.colcon_core.environment:checking '/home/user/dobot_ws/install/cr_robot_ros2' for CMake module files
[1.896s] Level 1:colcon.colcon_core.environment:checking '/home/user/dobot_ws/install/cr_robot_ros2' for CMake config files
[1.898s] Level 1:colcon.colcon_core.shell:create_environment_hook('cr_robot_ros2', 'cmake_prefix_path')
[1.898s] INFO:colcon.colcon_core.shell:Creating environment hook '/home/user/dobot_ws/install/cr_robot_ros2/share/cr_robot_ros2/hook/cmake_prefix_path.ps1'
[1.899s] INFO:colcon.colcon_core.shell:Creating environment descriptor '/home/user/dobot_ws/install/cr_robot_ros2/share/cr_robot_ros2/hook/cmake_prefix_path.dsv'
[1.900s] INFO:colcon.colcon_core.shell:Creating environment hook '/home/user/dobot_ws/install/cr_robot_ros2/share/cr_robot_ros2/hook/cmake_prefix_path.sh'
[1.901s] Level 1:colcon.colcon_core.environment:checking '/home/user/dobot_ws/install/cr_robot_ros2/lib'
[1.901s] Level 1:colcon.colcon_core.environment:checking '/home/user/dobot_ws/install/cr_robot_ros2/bin'
[1.901s] Level 1:colcon.colcon_core.environment:checking '/home/user/dobot_ws/install/cr_robot_ros2/lib/pkgconfig/cr_robot_ros2.pc'
[1.901s] Level 1:colcon.colcon_core.environment:checking '/home/user/dobot_ws/install/cr_robot_ros2/lib/python3.10/site-packages'
[1.902s] Level 1:colcon.colcon_core.environment:checking '/home/user/dobot_ws/install/cr_robot_ros2/bin'
[1.902s] INFO:colcon.colcon_core.shell:Creating package script '/home/user/dobot_ws/install/cr_robot_ros2/share/cr_robot_ros2/package.ps1'
[1.903s] INFO:colcon.colcon_core.shell:Creating package descriptor '/home/user/dobot_ws/install/cr_robot_ros2/share/cr_robot_ros2/package.dsv'
[1.904s] INFO:colcon.colcon_core.shell:Creating package script '/home/user/dobot_ws/install/cr_robot_ros2/share/cr_robot_ros2/package.sh'
[1.904s] INFO:colcon.colcon_core.shell:Creating package script '/home/user/dobot_ws/install/cr_robot_ros2/share/cr_robot_ros2/package.bash'
[1.905s] INFO:colcon.colcon_core.shell:Creating package script '/home/user/dobot_ws/install/cr_robot_ros2/share/cr_robot_ros2/package.zsh'
[1.906s] Level 1:colcon.colcon_core.environment:create_file_with_runtime_dependencies(/home/user/dobot_ws/install/cr_robot_ros2/share/colcon-core/packages/cr_robot_ros2)
[1.969s] DEBUG:colcon.colcon_core.event_handler.log_command:Invoked command in '/home/user/dobot_ws/build/dobot_demo_cpp' returned '0': CMAKE_PREFIX_PATH=${CMAKE_PREFIX_PATH}:/home/user/dobot_ws/install/servo_action:/home/user/dobot_ws/install/dobot_moveit:/home/user/dobot_ws/install/dobot_demo:/opt/ros/humble /usr/bin/cmake --install /home/user/dobot_ws/build/dobot_demo_cpp
[1.982s] DEBUG:colcon.colcon_core.event_handler.log_command:Invoked command in '/home/user/dobot_ws/build/dobot_rviz' returned '0': CMAKE_PREFIX_PATH=${CMAKE_PREFIX_PATH}:/home/user/dobot_ws/install/servo_action:/home/user/dobot_ws/install/dobot_moveit:/home/user/dobot_ws/install/dobot_demo:/opt/ros/humble /usr/bin/cmake --install /home/user/dobot_ws/build/dobot_rviz
[1.995s] DEBUG:colcon.colcon_core.event_handler.log_command:Invoked command in '/home/user/dobot_ws/build/ariac_description' returned '0': CMAKE_PREFIX_PATH=${CMAKE_PREFIX_PATH}:/home/user/dobot_ws/install/servo_action:/home/user/dobot_ws/install/dobot_moveit:/home/user/dobot_ws/install/dobot_demo:/opt/ros/humble /usr/bin/cmake --build /home/user/dobot_ws/build/ariac_description -- -j16 -l16
[1.996s] DEBUG:colcon.colcon_core.event_handler.log_command:Invoking command in '/home/user/dobot_ws/build/ariac_description': CMAKE_PREFIX_PATH=${CMAKE_PREFIX_PATH}:/home/user/dobot_ws/install/servo_action:/home/user/dobot_ws/install/dobot_moveit:/home/user/dobot_ws/install/dobot_demo:/opt/ros/humble /usr/bin/cmake --install /home/user/dobot_ws/build/ariac_description
[1.996s] DEBUG:colcon.colcon_core.event_handler.log_command:Invoked command in '/home/user/dobot_ws/build/linkattacher_msgs' returned '0': CMAKE_PREFIX_PATH=${CMAKE_PREFIX_PATH}:/home/user/dobot_ws/install/servo_action:/home/user/dobot_ws/install/dobot_moveit:/home/user/dobot_ws/install/dobot_demo:/opt/ros/humble /usr/bin/cmake --install /home/user/dobot_ws/build/linkattacher_msgs
[2.022s] DEBUG:colcon.colcon_core.event_handler.log_command:Invoking command in '/home/user/dobot_ws/build/cra_description': CMAKE_PREFIX_PATH=/home/user/dobot_ws/install/onrobot_2fg7_description:/home/user/dobot_ws/install/ros2_linkattacher:/home/user/dobot_ws/install/dobot_gazebo:/home/user/dobot_ws/install/cra_description:/home/user/dobot_ws/install/linkattacher_msgs:/home/user/dobot_ws/install/cr7_moveit:/home/user/dobot_ws/install/dobot_rviz:/home/user/dobot_ws/install/cr_robot_ros2:/home/user/dobot_ws/install/dobot_msgs_v4:/home/user/dobot_ws/install/dobot_demo_cpp:/home/user/dobot_ws/install/servo_action:/home/user/dobot_ws/install/dobot_moveit:/home/user/dobot_ws/install/dobot_demo:/opt/ros/humble /usr/bin/cmake --build /home/user/dobot_ws/build/cra_description -- -j16 -l16
[2.024s] DEBUG:colcon.colcon_core.event_handler.log_command:Invoking command in '/home/user/dobot_ws/build/cr7_moveit': CMAKE_PREFIX_PATH=/home/user/dobot_ws/install/dobot_rviz:/home/user/dobot_ws/install/ros2_linkattacher:/home/user/dobot_ws/install/dobot_gazebo:/home/user/dobot_ws/install/cra_description:/home/user/dobot_ws/install/onrobot_2fg7_description:/home/user/dobot_ws/install/linkattacher_msgs:/home/user/dobot_ws/install/cr7_moveit:/home/user/dobot_ws/install/cr_robot_ros2:/home/user/dobot_ws/install/dobot_msgs_v4:/home/user/dobot_ws/install/dobot_demo_cpp:/home/user/dobot_ws/install/servo_action:/home/user/dobot_ws/install/dobot_moveit:/home/user/dobot_ws/install/dobot_demo:/opt/ros/humble /usr/bin/cmake --build /home/user/dobot_ws/build/cr7_moveit -- -j16 -l16
[2.025s] DEBUG:colcon.colcon_core.event_handler.log_command:Invoked command in '/home/user/dobot_ws/build/ariac_description' returned '0': CMAKE_PREFIX_PATH=${CMAKE_PREFIX_PATH}:/home/user/dobot_ws/install/servo_action:/home/user/dobot_ws/install/dobot_moveit:/home/user/dobot_ws/install/dobot_demo:/opt/ros/humble /usr/bin/cmake --install /home/user/dobot_ws/build/ariac_description
[2.040s] DEBUG:colcon.colcon_core.event_handler.log_command:Invoking command in '/home/user/dobot_ws/build/ros2_linkattacher': CMAKE_PREFIX_PATH=/home/user/dobot_ws/install/linkattacher_msgs:/home/user/dobot_ws/install/ros2_linkattacher:/home/user/dobot_ws/install/dobot_gazebo:/home/user/dobot_ws/install/cra_description:/home/user/dobot_ws/install/onrobot_2fg7_description:/home/user/dobot_ws/install/cr7_moveit:/home/user/dobot_ws/install/dobot_rviz:/home/user/dobot_ws/install/cr_robot_ros2:/home/user/dobot_ws/install/dobot_msgs_v4:/home/user/dobot_ws/install/dobot_demo_cpp:/home/user/dobot_ws/install/servo_action:/home/user/dobot_ws/install/dobot_moveit:/home/user/dobot_ws/install/dobot_demo:/opt/ros/humble LD_LIBRARY_PATH=/home/user/dobot_ws/install/linkattacher_msgs/lib:/home/user/dobot_ws/install/ros2_linkattacher/lib:/home/user/dobot_ws/install/dobot_msgs_v4/lib:/usr/lib/x86_64-linux-gnu/gazebo-11/plugins:/opt/ros/humble/opt/rviz_ogre_vendor/lib:/opt/ros/humble/lib/x86_64-linux-gnu:/opt/ros/humble/lib /usr/bin/cmake --build /home/user/dobot_ws/build/ros2_linkattacher -- -j16 -l16
[2.041s] DEBUG:colcon.colcon_core.event_handler.log_command:Invoked command in '/home/user/dobot_ws/build/dobot_msgs_v4' returned '0': CMAKE_PREFIX_PATH=${CMAKE_PREFIX_PATH}:/home/user/dobot_ws/install/servo_action:/home/user/dobot_ws/install/dobot_moveit:/home/user/dobot_ws/install/dobot_demo:/opt/ros/humble /usr/bin/cmake --install /home/user/dobot_ws/build/dobot_msgs_v4
[2.042s] DEBUG:colcon.colcon_core.event_handler.log_command:Invoked command in '/home/user/dobot_ws/build/cra_description' returned '0': CMAKE_PREFIX_PATH=/home/user/dobot_ws/install/onrobot_2fg7_description:/home/user/dobot_ws/install/ros2_linkattacher:/home/user/dobot_ws/install/dobot_gazebo:/home/user/dobot_ws/install/cra_description:/home/user/dobot_ws/install/linkattacher_msgs:/home/user/dobot_ws/install/cr7_moveit:/home/user/dobot_ws/install/dobot_rviz:/home/user/dobot_ws/install/cr_robot_ros2:/home/user/dobot_ws/install/dobot_msgs_v4:/home/user/dobot_ws/install/dobot_demo_cpp:/home/user/dobot_ws/install/servo_action:/home/user/dobot_ws/install/dobot_moveit:/home/user/dobot_ws/install/dobot_demo:/opt/ros/humble /usr/bin/cmake --build /home/user/dobot_ws/build/cra_description -- -j16 -l16
[2.042s] DEBUG:colcon.colcon_core.event_handler.log_command:Invoking command in '/home/user/dobot_ws/build/cra_description': CMAKE_PREFIX_PATH=/home/user/dobot_ws/install/onrobot_2fg7_description:/home/user/dobot_ws/install/ros2_linkattacher:/home/user/dobot_ws/install/dobot_gazebo:/home/user/dobot_ws/install/cra_description:/home/user/dobot_ws/install/linkattacher_msgs:/home/user/dobot_ws/install/cr7_moveit:/home/user/dobot_ws/install/dobot_rviz:/home/user/dobot_ws/install/cr_robot_ros2:/home/user/dobot_ws/install/dobot_msgs_v4:/home/user/dobot_ws/install/dobot_demo_cpp:/home/user/dobot_ws/install/servo_action:/home/user/dobot_ws/install/dobot_moveit:/home/user/dobot_ws/install/dobot_demo:/opt/ros/humble /usr/bin/cmake --install /home/user/dobot_ws/build/cra_description
[2.055s] DEBUG:colcon.colcon_core.event_handler.log_command:Invoked command in '/home/user/dobot_ws/build/cr7_moveit' returned '0': CMAKE_PREFIX_PATH=/home/user/dobot_ws/install/dobot_rviz:/home/user/dobot_ws/install/ros2_linkattacher:/home/user/dobot_ws/install/dobot_gazebo:/home/user/dobot_ws/install/cra_description:/home/user/dobot_ws/install/onrobot_2fg7_description:/home/user/dobot_ws/install/linkattacher_msgs:/home/user/dobot_ws/install/cr7_moveit:/home/user/dobot_ws/install/cr_robot_ros2:/home/user/dobot_ws/install/dobot_msgs_v4:/home/user/dobot_ws/install/dobot_demo_cpp:/home/user/dobot_ws/install/servo_action:/home/user/dobot_ws/install/dobot_moveit:/home/user/dobot_ws/install/dobot_demo:/opt/ros/humble /usr/bin/cmake --build /home/user/dobot_ws/build/cr7_moveit -- -j16 -l16
[2.056s] DEBUG:colcon.colcon_core.event_handler.log_command:Invoking command in '/home/user/dobot_ws/build/cr7_moveit': CMAKE_PREFIX_PATH=/home/user/dobot_ws/install/dobot_rviz:/home/user/dobot_ws/install/ros2_linkattacher:/home/user/dobot_ws/install/dobot_gazebo:/home/user/dobot_ws/install/cra_description:/home/user/dobot_ws/install/onrobot_2fg7_description:/home/user/dobot_ws/install/linkattacher_msgs:/home/user/dobot_ws/install/cr7_moveit:/home/user/dobot_ws/install/cr_robot_ros2:/home/user/dobot_ws/install/dobot_msgs_v4:/home/user/dobot_ws/install/dobot_demo_cpp:/home/user/dobot_ws/install/servo_action:/home/user/dobot_ws/install/dobot_moveit:/home/user/dobot_ws/install/dobot_demo:/opt/ros/humble /usr/bin/cmake --install /home/user/dobot_ws/build/cr7_moveit
[2.056s] DEBUG:colcon.colcon_core.event_handler.log_command:Invoked command in '/home/user/dobot_ws/build/cra_description' returned '0': CMAKE_PREFIX_PATH=/home/user/dobot_ws/install/onrobot_2fg7_description:/home/user/dobot_ws/install/ros2_linkattacher:/home/user/dobot_ws/install/dobot_gazebo:/home/user/dobot_ws/install/cra_description:/home/user/dobot_ws/install/linkattacher_msgs:/home/user/dobot_ws/install/cr7_moveit:/home/user/dobot_ws/install/dobot_rviz:/home/user/dobot_ws/install/cr_robot_ros2:/home/user/dobot_ws/install/dobot_msgs_v4:/home/user/dobot_ws/install/dobot_demo_cpp:/home/user/dobot_ws/install/servo_action:/home/user/dobot_ws/install/dobot_moveit:/home/user/dobot_ws/install/dobot_demo:/opt/ros/humble /usr/bin/cmake --install /home/user/dobot_ws/build/cra_description
[2.061s] DEBUG:colcon.colcon_core.event_handler.log_command:Invoking command in '/home/user/dobot_ws/build/cr_robot_ros2': CMAKE_PREFIX_PATH=/home/user/dobot_ws/install/dobot_msgs_v4:/home/user/dobot_ws/install/ros2_linkattacher:/home/user/dobot_ws/install/dobot_gazebo:/home/user/dobot_ws/install/cra_description:/home/user/dobot_ws/install/onrobot_2fg7_description:/home/user/dobot_ws/install/linkattacher_msgs:/home/user/dobot_ws/install/cr7_moveit:/home/user/dobot_ws/install/dobot_rviz:/home/user/dobot_ws/install/cr_robot_ros2:/home/user/dobot_ws/install/dobot_demo_cpp:/home/user/dobot_ws/install/servo_action:/home/user/dobot_ws/install/dobot_moveit:/home/user/dobot_ws/install/dobot_demo:/opt/ros/humble LD_LIBRARY_PATH=/home/user/dobot_ws/install/dobot_msgs_v4/lib:/home/user/dobot_ws/install/ros2_linkattacher/lib:/home/user/dobot_ws/install/linkattacher_msgs/lib:/usr/lib/x86_64-linux-gnu/gazebo-11/plugins:/opt/ros/humble/opt/rviz_ogre_vendor/lib:/opt/ros/humble/lib/x86_64-linux-gnu:/opt/ros/humble/lib /usr/bin/cmake --build /home/user/dobot_ws/build/cr_robot_ros2 -- -j16 -l16
[2.062s] DEBUG:colcon.colcon_core.event_handler.log_command:Invoked command in '/home/user/dobot_ws/build/cr7_moveit' returned '0': CMAKE_PREFIX_PATH=/home/user/dobot_ws/install/dobot_rviz:/home/user/dobot_ws/install/ros2_linkattacher:/home/user/dobot_ws/install/dobot_gazebo:/home/user/dobot_ws/install/cra_description:/home/user/dobot_ws/install/onrobot_2fg7_description:/home/user/dobot_ws/install/linkattacher_msgs:/home/user/dobot_ws/install/cr7_moveit:/home/user/dobot_ws/install/cr_robot_ros2:/home/user/dobot_ws/install/dobot_msgs_v4:/home/user/dobot_ws/install/dobot_demo_cpp:/home/user/dobot_ws/install/servo_action:/home/user/dobot_ws/install/dobot_moveit:/home/user/dobot_ws/install/dobot_demo:/opt/ros/humble /usr/bin/cmake --install /home/user/dobot_ws/build/cr7_moveit
[2.063s] DEBUG:colcon.colcon_core.event_handler.log_command:Invoking command in '/home/user/dobot_ws/build/dobot_gazebo': CMAKE_PREFIX_PATH=/home/user/dobot_ws/install/cra_description:/home/user/dobot_ws/install/onrobot_2fg7_description:/home/user/dobot_ws/install/ros2_linkattacher:/home/user/dobot_ws/install/dobot_gazebo:/home/user/dobot_ws/install/linkattacher_msgs:/home/user/dobot_ws/install/cr7_moveit:/home/user/dobot_ws/install/dobot_rviz:/home/user/dobot_ws/install/cr_robot_ros2:/home/user/dobot_ws/install/dobot_msgs_v4:/home/user/dobot_ws/install/dobot_demo_cpp:/home/user/dobot_ws/install/servo_action:/home/user/dobot_ws/install/dobot_moveit:/home/user/dobot_ws/install/dobot_demo:/opt/ros/humble /usr/bin/cmake --build /home/user/dobot_ws/build/dobot_gazebo -- -j16 -l16
[2.064s] DEBUG:colcon.colcon_core.event_handler.log_command:Invoked command in '/home/user/dobot_ws/build/ros2_linkattacher' returned '0': CMAKE_PREFIX_PATH=/home/user/dobot_ws/install/linkattacher_msgs:/home/user/dobot_ws/install/ros2_linkattacher:/home/user/dobot_ws/install/dobot_gazebo:/home/user/dobot_ws/install/cra_description:/home/user/dobot_ws/install/onrobot_2fg7_description:/home/user/dobot_ws/install/cr7_moveit:/home/user/dobot_ws/install/dobot_rviz:/home/user/dobot_ws/install/cr_robot_ros2:/home/user/dobot_ws/install/dobot_msgs_v4:/home/user/dobot_ws/install/dobot_demo_cpp:/home/user/dobot_ws/install/servo_action:/home/user/dobot_ws/install/dobot_moveit:/home/user/dobot_ws/install/dobot_demo:/opt/ros/humble LD_LIBRARY_PATH=/home/user/dobot_ws/install/linkattacher_msgs/lib:/home/user/dobot_ws/install/ros2_linkattacher/lib:/home/user/dobot_ws/install/dobot_msgs_v4/lib:/usr/lib/x86_64-linux-gnu/gazebo-11/plugins:/opt/ros/humble/opt/rviz_ogre_vendor/lib:/opt/ros/humble/lib/x86_64-linux-gnu:/opt/ros/humble/lib /usr/bin/cmake --build /home/user/dobot_ws/build/ros2_linkattacher -- -j16 -l16
[2.064s] DEBUG:colcon.colcon_core.event_handler.log_command:Invoking command in '/home/user/dobot_ws/build/ros2_linkattacher': CMAKE_PREFIX_PATH=/home/user/dobot_ws/install/linkattacher_msgs:/home/user/dobot_ws/install/ros2_linkattacher:/home/user/dobot_ws/install/dobot_gazebo:/home/user/dobot_ws/install/cra_description:/home/user/dobot_ws/install/onrobot_2fg7_description:/home/user/dobot_ws/install/cr7_moveit:/home/user/dobot_ws/install/dobot_rviz:/home/user/dobot_ws/install/cr_robot_ros2:/home/user/dobot_ws/install/dobot_msgs_v4:/home/user/dobot_ws/install/dobot_demo_cpp:/home/user/dobot_ws/install/servo_action:/home/user/dobot_ws/install/dobot_moveit:/home/user/dobot_ws/install/dobot_demo:/opt/ros/humble LD_LIBRARY_PATH=/home/user/dobot_ws/install/linkattacher_msgs/lib:/home/user/dobot_ws/install/ros2_linkattacher/lib:/home/user/dobot_ws/install/dobot_msgs_v4/lib:/usr/lib/x86_64-linux-gnu/gazebo-11/plugins:/opt/ros/humble/opt/rviz_ogre_vendor/lib:/opt/ros/humble/lib/x86_64-linux-gnu:/opt/ros/humble/lib /usr/bin/cmake --install /home/user/dobot_ws/build/ros2_linkattacher
[2.066s] DEBUG:colcon.colcon_core.event_handler.log_command:Invoked command in '/home/user/dobot_ws/build/ros2_linkattacher' returned '0': CMAKE_PREFIX_PATH=/home/user/dobot_ws/install/linkattacher_msgs:/home/user/dobot_ws/install/ros2_linkattacher:/home/user/dobot_ws/install/dobot_gazebo:/home/user/dobot_ws/install/cra_description:/home/user/dobot_ws/install/onrobot_2fg7_description:/home/user/dobot_ws/install/cr7_moveit:/home/user/dobot_ws/install/dobot_rviz:/home/user/dobot_ws/install/cr_robot_ros2:/home/user/dobot_ws/install/dobot_msgs_v4:/home/user/dobot_ws/install/dobot_demo_cpp:/home/user/dobot_ws/install/servo_action:/home/user/dobot_ws/install/dobot_moveit:/home/user/dobot_ws/install/dobot_demo:/opt/ros/humble LD_LIBRARY_PATH=/home/user/dobot_ws/install/linkattacher_msgs/lib:/home/user/dobot_ws/install/ros2_linkattacher/lib:/home/user/dobot_ws/install/dobot_msgs_v4/lib:/usr/lib/x86_64-linux-gnu/gazebo-11/plugins:/opt/ros/humble/opt/rviz_ogre_vendor/lib:/opt/ros/humble/lib/x86_64-linux-gnu:/opt/ros/humble/lib /usr/bin/cmake --install /home/user/dobot_ws/build/ros2_linkattacher
[2.068s] DEBUG:colcon.colcon_core.event_handler.log_command:Invoking command in '/home/user/dobot_ws/src/DOBOT_6Axis_ROS2_V4/dobot_demo': PYTHONPATH=/home/user/dobot_ws/build/dobot_demo/prefix_override:/usr/lib/python3/dist-packages/colcon_core/task/python/colcon_distutils_commands:/home/user/dobot_ws/install/dobot_demo/lib/python3.10/site-packages:${PYTHONPATH} /usr/bin/python3 -W ignore:setup.py install is deprecated -W ignore:easy_install command is deprecated setup.py egg_info --egg-base ../../../build/dobot_demo build --build-base /home/user/dobot_ws/build/dobot_demo/build install --record /home/user/dobot_ws/build/dobot_demo/install.log --single-version-externally-managed install_data
[2.068s] DEBUG:colcon.colcon_core.event_handler.log_command:Invoking command in '/home/user/dobot_ws/src/ARIAC/ariac_setup': PYTHONPATH=/home/user/dobot_ws/build/ariac_setup/prefix_override:/usr/lib/python3/dist-packages/colcon_core/task/python/colcon_distutils_commands:/home/user/dobot_ws/install/ariac_setup/lib/python3.10/site-packages:${PYTHONPATH} /usr/bin/python3 -W ignore:setup.py install is deprecated -W ignore:easy_install command is deprecated setup.py egg_info --egg-base ../../../build/ariac_setup build --build-base /home/user/dobot_ws/build/ariac_setup/build install --record /home/user/dobot_ws/build/ariac_setup/install.log --single-version-externally-managed install_data
[2.069s] DEBUG:colcon.colcon_core.event_handler.log_command:Invoking command in '/home/user/dobot_ws/src/DOBOT_6Axis_ROS2_V4/dobot_moveit': PYTHONPATH=/home/user/dobot_ws/build/dobot_moveit/prefix_override:/usr/lib/python3/dist-packages/colcon_core/task/python/colcon_distutils_commands:/home/user/dobot_ws/install/dobot_moveit/lib/python3.10/site-packages:${PYTHONPATH} /usr/bin/python3 -W ignore:setup.py install is deprecated -W ignore:easy_install command is deprecated setup.py egg_info --egg-base ../../../build/dobot_moveit build --build-base /home/user/dobot_ws/build/dobot_moveit/build install --record /home/user/dobot_ws/build/dobot_moveit/install.log --single-version-externally-managed install_data
[2.069s] DEBUG:colcon.colcon_core.event_handler.log_command:Invoked command in '/home/user/dobot_ws/build/dobot_gazebo' returned '0': CMAKE_PREFIX_PATH=/home/user/dobot_ws/install/cra_description:/home/user/dobot_ws/install/onrobot_2fg7_description:/home/user/dobot_ws/install/ros2_linkattacher:/home/user/dobot_ws/install/dobot_gazebo:/home/user/dobot_ws/install/linkattacher_msgs:/home/user/dobot_ws/install/cr7_moveit:/home/user/dobot_ws/install/dobot_rviz:/home/user/dobot_ws/install/cr_robot_ros2:/home/user/dobot_ws/install/dobot_msgs_v4:/home/user/dobot_ws/install/dobot_demo_cpp:/home/user/dobot_ws/install/servo_action:/home/user/dobot_ws/install/dobot_moveit:/home/user/dobot_ws/install/dobot_demo:/opt/ros/humble /usr/bin/cmake --build /home/user/dobot_ws/build/dobot_gazebo -- -j16 -l16
[2.070s] DEBUG:colcon.colcon_core.event_handler.log_command:Invoking command in '/home/user/dobot_ws/build/dobot_gazebo': CMAKE_PREFIX_PATH=/home/user/dobot_ws/install/cra_description:/home/user/dobot_ws/install/onrobot_2fg7_description:/home/user/dobot_ws/install/ros2_linkattacher:/home/user/dobot_ws/install/dobot_gazebo:/home/user/dobot_ws/install/linkattacher_msgs:/home/user/dobot_ws/install/cr7_moveit:/home/user/dobot_ws/install/dobot_rviz:/home/user/dobot_ws/install/cr_robot_ros2:/home/user/dobot_ws/install/dobot_msgs_v4:/home/user/dobot_ws/install/dobot_demo_cpp:/home/user/dobot_ws/install/servo_action:/home/user/dobot_ws/install/dobot_moveit:/home/user/dobot_ws/install/dobot_demo:/opt/ros/humble /usr/bin/cmake --install /home/user/dobot_ws/build/dobot_gazebo
[2.073s] DEBUG:colcon.colcon_core.event_handler.log_command:Invoking command in '/home/user/dobot_ws/src/ARIAC/ariac_db': PYTHONPATH=/home/user/dobot_ws/build/ariac_db/prefix_override:/usr/lib/python3/dist-packages/colcon_core/task/python/colcon_distutils_commands:/home/user/dobot_ws/install/ariac_db/lib/python3.10/site-packages:${PYTHONPATH} /usr/bin/python3 -W ignore:setup.py install is deprecated -W ignore:easy_install command is deprecated setup.py egg_info --egg-base ../../../build/ariac_db build --build-base /home/user/dobot_ws/build/ariac_db/build install --record /home/user/dobot_ws/build/ariac_db/install.log --single-version-externally-managed install_data
[2.074s] DEBUG:colcon.colcon_core.event_handler.log_command:Invoked command in '/home/user/dobot_ws/build/dobot_gazebo' returned '0': CMAKE_PREFIX_PATH=/home/user/dobot_ws/install/cra_description:/home/user/dobot_ws/install/onrobot_2fg7_description:/home/user/dobot_ws/install/ros2_linkattacher:/home/user/dobot_ws/install/dobot_gazebo:/home/user/dobot_ws/install/linkattacher_msgs:/home/user/dobot_ws/install/cr7_moveit:/home/user/dobot_ws/install/dobot_rviz:/home/user/dobot_ws/install/cr_robot_ros2:/home/user/dobot_ws/install/dobot_msgs_v4:/home/user/dobot_ws/install/dobot_demo_cpp:/home/user/dobot_ws/install/servo_action:/home/user/dobot_ws/install/dobot_moveit:/home/user/dobot_ws/install/dobot_demo:/opt/ros/humble /usr/bin/cmake --install /home/user/dobot_ws/build/dobot_gazebo
[2.075s] DEBUG:colcon.colcon_core.event_handler.log_command:Invoking command in '/home/user/dobot_ws/src/DOBOT_6Axis_ROS2_V4/servo_action': PYTHONPATH=/home/user/dobot_ws/build/servo_action/prefix_override:/usr/lib/python3/dist-packages/colcon_core/task/python/colcon_distutils_commands:/home/user/dobot_ws/install/servo_action/lib/python3.10/site-packages:${PYTHONPATH} /usr/bin/python3 -W ignore:setup.py install is deprecated -W ignore:easy_install command is deprecated setup.py egg_info --egg-base ../../../build/servo_action build --build-base /home/user/dobot_ws/build/servo_action/build install --record /home/user/dobot_ws/build/servo_action/install.log --single-version-externally-managed install_data
[2.075s] DEBUG:colcon.colcon_core.event_handler.log_command:Invoked command in '/home/user/dobot_ws/build/cr_robot_ros2' returned '0': CMAKE_PREFIX_PATH=/home/user/dobot_ws/install/dobot_msgs_v4:/home/user/dobot_ws/install/ros2_linkattacher:/home/user/dobot_ws/install/dobot_gazebo:/home/user/dobot_ws/install/cra_description:/home/user/dobot_ws/install/onrobot_2fg7_description:/home/user/dobot_ws/install/linkattacher_msgs:/home/user/dobot_ws/install/cr7_moveit:/home/user/dobot_ws/install/dobot_rviz:/home/user/dobot_ws/install/cr_robot_ros2:/home/user/dobot_ws/install/dobot_demo_cpp:/home/user/dobot_ws/install/servo_action:/home/user/dobot_ws/install/dobot_moveit:/home/user/dobot_ws/install/dobot_demo:/opt/ros/humble LD_LIBRARY_PATH=/home/user/dobot_ws/install/dobot_msgs_v4/lib:/home/user/dobot_ws/install/ros2_linkattacher/lib:/home/user/dobot_ws/install/linkattacher_msgs/lib:/usr/lib/x86_64-linux-gnu/gazebo-11/plugins:/opt/ros/humble/opt/rviz_ogre_vendor/lib:/opt/ros/humble/lib/x86_64-linux-gnu:/opt/ros/humble/lib /usr/bin/cmake --build /home/user/dobot_ws/build/cr_robot_ros2 -- -j16 -l16
[2.076s] DEBUG:colcon.colcon_core.event_handler.log_command:Invoking command in '/home/user/dobot_ws/build/cr_robot_ros2': CMAKE_PREFIX_PATH=/home/user/dobot_ws/install/dobot_msgs_v4:/home/user/dobot_ws/install/ros2_linkattacher:/home/user/dobot_ws/install/dobot_gazebo:/home/user/dobot_ws/install/cra_description:/home/user/dobot_ws/install/onrobot_2fg7_description:/home/user/dobot_ws/install/linkattacher_msgs:/home/user/dobot_ws/install/cr7_moveit:/home/user/dobot_ws/install/dobot_rviz:/home/user/dobot_ws/install/cr_robot_ros2:/home/user/dobot_ws/install/dobot_demo_cpp:/home/user/dobot_ws/install/servo_action:/home/user/dobot_ws/install/dobot_moveit:/home/user/dobot_ws/install/dobot_demo:/opt/ros/humble LD_LIBRARY_PATH=/home/user/dobot_ws/install/dobot_msgs_v4/lib:/home/user/dobot_ws/install/ros2_linkattacher/lib:/home/user/dobot_ws/install/linkattacher_msgs/lib:/usr/lib/x86_64-linux-gnu/gazebo-11/plugins:/opt/ros/humble/opt/rviz_ogre_vendor/lib:/opt/ros/humble/lib/x86_64-linux-gnu:/opt/ros/humble/lib /usr/bin/cmake --install /home/user/dobot_ws/build/cr_robot_ros2
[2.078s] DEBUG:colcon.colcon_core.event_handler.log_command:Invoked command in '/home/user/dobot_ws/build/cr_robot_ros2' returned '0': CMAKE_PREFIX_PATH=/home/user/dobot_ws/install/dobot_msgs_v4:/home/user/dobot_ws/install/ros2_linkattacher:/home/user/dobot_ws/install/dobot_gazebo:/home/user/dobot_ws/install/cra_description:/home/user/dobot_ws/install/onrobot_2fg7_description:/home/user/dobot_ws/install/linkattacher_msgs:/home/user/dobot_ws/install/cr7_moveit:/home/user/dobot_ws/install/dobot_rviz:/home/user/dobot_ws/install/cr_robot_ros2:/home/user/dobot_ws/install/dobot_demo_cpp:/home/user/dobot_ws/install/servo_action:/home/user/dobot_ws/install/dobot_moveit:/home/user/dobot_ws/install/dobot_demo:/opt/ros/humble LD_LIBRARY_PATH=/home/user/dobot_ws/install/dobot_msgs_v4/lib:/home/user/dobot_ws/install/ros2_linkattacher/lib:/home/user/dobot_ws/install/linkattacher_msgs/lib:/usr/lib/x86_64-linux-gnu/gazebo-11/plugins:/opt/ros/humble/opt/rviz_ogre_vendor/lib:/opt/ros/humble/lib/x86_64-linux-gnu:/opt/ros/humble/lib /usr/bin/cmake --install /home/user/dobot_ws/build/cr_robot_ros2
[2.092s] Level 1:colcon.colcon_core.environment:checking '/home/user/dobot_ws/install/dobot_moveit' for CMake module files
[2.093s] Level 1:colcon.colcon_core.environment:checking '/home/user/dobot_ws/install/dobot_moveit' for CMake config files
[2.096s] Level 1:colcon.colcon_core.environment:checking '/home/user/dobot_ws/install/dobot_moveit/lib'
[2.096s] Level 1:colcon.colcon_core.environment:checking '/home/user/dobot_ws/install/dobot_moveit/bin'
[2.096s] Level 1:colcon.colcon_core.environment:checking '/home/user/dobot_ws/install/dobot_moveit/lib/pkgconfig/dobot_moveit.pc'
[2.097s] Level 1:colcon.colcon_core.environment:checking '/home/user/dobot_ws/install/dobot_moveit/lib/python3.10/site-packages'
[2.097s] Level 1:colcon.colcon_core.shell:create_environment_hook('dobot_moveit', 'pythonpath')
[2.097s] INFO:colcon.colcon_core.shell:Creating environment hook '/home/user/dobot_ws/install/dobot_moveit/share/dobot_moveit/hook/pythonpath.ps1'
[2.098s] INFO:colcon.colcon_core.shell:Creating environment descriptor '/home/user/dobot_ws/install/dobot_moveit/share/dobot_moveit/hook/pythonpath.dsv'
[2.098s] DEBUG:colcon.colcon_core.event_handler.log_command:Invoked command in '/home/user/dobot_ws/src/DOBOT_6Axis_ROS2_V4/dobot_moveit' returned '0': PYTHONPATH=/home/user/dobot_ws/build/dobot_moveit/prefix_override:/usr/lib/python3/dist-packages/colcon_core/task/python/colcon_distutils_commands:/home/user/dobot_ws/install/dobot_moveit/lib/python3.10/site-packages:${PYTHONPATH} /usr/bin/python3 -W ignore:setup.py install is deprecated -W ignore:easy_install command is deprecated setup.py egg_info --egg-base ../../../build/dobot_moveit build --build-base /home/user/dobot_ws/build/dobot_moveit/build install --record /home/user/dobot_ws/build/dobot_moveit/install.log --single-version-externally-managed install_data
[2.099s] INFO:colcon.colcon_core.shell:Creating environment hook '/home/user/dobot_ws/install/dobot_moveit/share/dobot_moveit/hook/pythonpath.sh'
[2.100s] Level 1:colcon.colcon_core.environment:checking '/home/user/dobot_ws/install/dobot_moveit/bin'
[2.100s] Level 1:colcon.colcon_core.environment:create_environment_scripts_only(dobot_moveit)
[2.100s] INFO:colcon.colcon_core.shell:Creating package script '/home/user/dobot_ws/install/dobot_moveit/share/dobot_moveit/package.ps1'
[2.101s] INFO:colcon.colcon_core.shell:Creating package descriptor '/home/user/dobot_ws/install/dobot_moveit/share/dobot_moveit/package.dsv'
[2.102s] INFO:colcon.colcon_core.shell:Creating package script '/home/user/dobot_ws/install/dobot_moveit/share/dobot_moveit/package.sh'
[2.102s] INFO:colcon.colcon_core.shell:Creating package script '/home/user/dobot_ws/install/dobot_moveit/share/dobot_moveit/package.bash'
[2.103s] INFO:colcon.colcon_core.shell:Creating package script '/home/user/dobot_ws/install/dobot_moveit/share/dobot_moveit/package.zsh'
[2.103s] Level 1:colcon.colcon_core.environment:create_file_with_runtime_dependencies(/home/user/dobot_ws/install/dobot_moveit/share/colcon-core/packages/dobot_moveit)
[2.105s] Level 1:colcon.colcon_core.environment:checking '/home/user/dobot_ws/install/ariac_db' for CMake module files
[2.106s] DEBUG:colcon.colcon_core.event_handler.log_command:Invoked command in '/home/user/dobot_ws/src/ARIAC/ariac_db' returned '0': PYTHONPATH=/home/user/dobot_ws/build/ariac_db/prefix_override:/usr/lib/python3/dist-packages/colcon_core/task/python/colcon_distutils_commands:/home/user/dobot_ws/install/ariac_db/lib/python3.10/site-packages:${PYTHONPATH} /usr/bin/python3 -W ignore:setup.py install is deprecated -W ignore:easy_install command is deprecated setup.py egg_info --egg-base ../../../build/ariac_db build --build-base /home/user/dobot_ws/build/ariac_db/build install --record /home/user/dobot_ws/build/ariac_db/install.log --single-version-externally-managed install_data
[2.106s] Level 1:colcon.colcon_core.environment:checking '/home/user/dobot_ws/install/ariac_db' for CMake config files
[2.107s] Level 1:colcon.colcon_core.environment:checking '/home/user/dobot_ws/install/ariac_db/lib'
[2.107s] Level 1:colcon.colcon_core.environment:checking '/home/user/dobot_ws/install/ariac_db/bin'
[2.107s] Level 1:colcon.colcon_core.environment:checking '/home/user/dobot_ws/install/ariac_db/lib/pkgconfig/ariac_db.pc'
[2.107s] Level 1:colcon.colcon_core.environment:checking '/home/user/dobot_ws/install/ariac_db/lib/python3.10/site-packages'
[2.107s] Level 1:colcon.colcon_core.shell:create_environment_hook('ariac_db', 'pythonpath')
[2.107s] INFO:colcon.colcon_core.shell:Creating environment hook '/home/user/dobot_ws/install/ariac_db/share/ariac_db/hook/pythonpath.ps1'
[2.108s] INFO:colcon.colcon_core.shell:Creating environment descriptor '/home/user/dobot_ws/install/ariac_db/share/ariac_db/hook/pythonpath.dsv'
[2.108s] INFO:colcon.colcon_core.shell:Creating environment hook '/home/user/dobot_ws/install/ariac_db/share/ariac_db/hook/pythonpath.sh'
[2.109s] Level 1:colcon.colcon_core.environment:checking '/home/user/dobot_ws/install/ariac_db/bin'
[2.109s] Level 1:colcon.colcon_core.environment:create_environment_scripts_only(ariac_db)
[2.109s] INFO:colcon.colcon_core.shell:Creating package script '/home/user/dobot_ws/install/ariac_db/share/ariac_db/package.ps1'
[2.110s] INFO:colcon.colcon_core.shell:Creating package descriptor '/home/user/dobot_ws/install/ariac_db/share/ariac_db/package.dsv'
[2.110s] INFO:colcon.colcon_core.shell:Creating package script '/home/user/dobot_ws/install/ariac_db/share/ariac_db/package.sh'
[2.111s] INFO:colcon.colcon_core.shell:Creating package script '/home/user/dobot_ws/install/ariac_db/share/ariac_db/package.bash'
[2.111s] INFO:colcon.colcon_core.shell:Creating package script '/home/user/dobot_ws/install/ariac_db/share/ariac_db/package.zsh'
[2.111s] Level 1:colcon.colcon_core.environment:create_file_with_runtime_dependencies(/home/user/dobot_ws/install/ariac_db/share/colcon-core/packages/ariac_db)
[2.117s] Level 1:colcon.colcon_core.environment:checking '/home/user/dobot_ws/install/servo_action' for CMake module files
[2.117s] DEBUG:colcon.colcon_core.event_handler.log_command:Invoked command in '/home/user/dobot_ws/src/DOBOT_6Axis_ROS2_V4/servo_action' returned '0': PYTHONPATH=/home/user/dobot_ws/build/servo_action/prefix_override:/usr/lib/python3/dist-packages/colcon_core/task/python/colcon_distutils_commands:/home/user/dobot_ws/install/servo_action/lib/python3.10/site-packages:${PYTHONPATH} /usr/bin/python3 -W ignore:setup.py install is deprecated -W ignore:easy_install command is deprecated setup.py egg_info --egg-base ../../../build/servo_action build --build-base /home/user/dobot_ws/build/servo_action/build install --record /home/user/dobot_ws/build/servo_action/install.log --single-version-externally-managed install_data
[2.118s] Level 1:colcon.colcon_core.environment:checking '/home/user/dobot_ws/install/servo_action' for CMake config files
[2.118s] Level 1:colcon.colcon_core.environment:checking '/home/user/dobot_ws/install/servo_action/lib'
[2.118s] Level 1:colcon.colcon_core.environment:checking '/home/user/dobot_ws/install/servo_action/bin'
[2.118s] Level 1:colcon.colcon_core.environment:checking '/home/user/dobot_ws/install/servo_action/lib/pkgconfig/servo_action.pc'
[2.118s] Level 1:colcon.colcon_core.environment:checking '/home/user/dobot_ws/install/servo_action/lib/python3.10/site-packages'
[2.118s] Level 1:colcon.colcon_core.shell:create_environment_hook('servo_action', 'pythonpath')
[2.119s] INFO:colcon.colcon_core.shell:Creating environment hook '/home/user/dobot_ws/install/servo_action/share/servo_action/hook/pythonpath.ps1'
[2.119s] INFO:colcon.colcon_core.shell:Creating environment descriptor '/home/user/dobot_ws/install/servo_action/share/servo_action/hook/pythonpath.dsv'
[2.119s] INFO:colcon.colcon_core.shell:Creating environment hook '/home/user/dobot_ws/install/servo_action/share/servo_action/hook/pythonpath.sh'
[2.120s] Level 1:colcon.colcon_core.environment:checking '/home/user/dobot_ws/install/servo_action/bin'
[2.120s] Level 1:colcon.colcon_core.environment:create_environment_scripts_only(servo_action)
[2.120s] INFO:colcon.colcon_core.shell:Creating package script '/home/user/dobot_ws/install/servo_action/share/servo_action/package.ps1'
[2.121s] INFO:colcon.colcon_core.shell:Creating package descriptor '/home/user/dobot_ws/install/servo_action/share/servo_action/package.dsv'
[2.121s] INFO:colcon.colcon_core.shell:Creating package script '/home/user/dobot_ws/install/servo_action/share/servo_action/package.sh'
[2.121s] INFO:colcon.colcon_core.shell:Creating package script '/home/user/dobot_ws/install/servo_action/share/servo_action/package.bash'
[2.122s] INFO:colcon.colcon_core.shell:Creating package script '/home/user/dobot_ws/install/servo_action/share/servo_action/package.zsh'
[2.122s] Level 1:colcon.colcon_core.environment:create_file_with_runtime_dependencies(/home/user/dobot_ws/install/servo_action/share/colcon-core/packages/servo_action)
[2.124s] Level 1:colcon.colcon_core.environment:checking '/home/user/dobot_ws/install/dobot_demo' for CMake module files
[2.125s] DEBUG:colcon.colcon_core.event_handler.log_command:Invoked command in '/home/user/dobot_ws/src/DOBOT_6Axis_ROS2_V4/dobot_demo' returned '0': PYTHONPATH=/home/user/dobot_ws/build/dobot_demo/prefix_override:/usr/lib/python3/dist-packages/colcon_core/task/python/colcon_distutils_commands:/home/user/dobot_ws/install/dobot_demo/lib/python3.10/site-packages:${PYTHONPATH} /usr/bin/python3 -W ignore:setup.py install is deprecated -W ignore:easy_install command is deprecated setup.py egg_info --egg-base ../../../build/dobot_demo build --build-base /home/user/dobot_ws/build/dobot_demo/build install --record /home/user/dobot_ws/build/dobot_demo/install.log --single-version-externally-managed install_data
[2.125s] Level 1:colcon.colcon_core.environment:checking '/home/user/dobot_ws/install/dobot_demo' for CMake config files
[2.125s] Level 1:colcon.colcon_core.environment:checking '/home/user/dobot_ws/install/dobot_demo/lib'
[2.125s] Level 1:colcon.colcon_core.environment:checking '/home/user/dobot_ws/install/dobot_demo/bin'
[2.126s] Level 1:colcon.colcon_core.environment:checking '/home/user/dobot_ws/install/dobot_demo/lib/pkgconfig/dobot_demo.pc'
[2.126s] Level 1:colcon.colcon_core.environment:checking '/home/user/dobot_ws/install/dobot_demo/lib/python3.10/site-packages'
[2.126s] Level 1:colcon.colcon_core.shell:create_environment_hook('dobot_demo', 'pythonpath')
[2.126s] INFO:colcon.colcon_core.shell:Creating environment hook '/home/user/dobot_ws/install/dobot_demo/share/dobot_demo/hook/pythonpath.ps1'
[2.126s] INFO:colcon.colcon_core.shell:Creating environment descriptor '/home/user/dobot_ws/install/dobot_demo/share/dobot_demo/hook/pythonpath.dsv'
[2.127s] INFO:colcon.colcon_core.shell:Creating environment hook '/home/user/dobot_ws/install/dobot_demo/share/dobot_demo/hook/pythonpath.sh'
[2.127s] Level 1:colcon.colcon_core.environment:checking '/home/user/dobot_ws/install/dobot_demo/bin'
[2.127s] Level 1:colcon.colcon_core.environment:create_environment_scripts_only(dobot_demo)
[2.128s] INFO:colcon.colcon_core.shell:Creating package script '/home/user/dobot_ws/install/dobot_demo/share/dobot_demo/package.ps1'
[2.128s] INFO:colcon.colcon_core.shell:Creating package descriptor '/home/user/dobot_ws/install/dobot_demo/share/dobot_demo/package.dsv'
[2.129s] INFO:colcon.colcon_core.shell:Creating package script '/home/user/dobot_ws/install/dobot_demo/share/dobot_demo/package.sh'
[2.129s] INFO:colcon.colcon_core.shell:Creating package script '/home/user/dobot_ws/install/dobot_demo/share/dobot_demo/package.bash'
[2.130s] INFO:colcon.colcon_core.shell:Creating package script '/home/user/dobot_ws/install/dobot_demo/share/dobot_demo/package.zsh'
[2.130s] Level 1:colcon.colcon_core.environment:create_file_with_runtime_dependencies(/home/user/dobot_ws/install/dobot_demo/share/colcon-core/packages/dobot_demo)
[2.142s] Level 1:colcon.colcon_core.environment:checking '/home/user/dobot_ws/install/ariac_setup' for CMake module files
[2.142s] DEBUG:colcon.colcon_core.event_handler.log_command:Invoked command in '/home/user/dobot_ws/src/ARIAC/ariac_setup' returned '0': PYTHONPATH=/home/user/dobot_ws/build/ariac_setup/prefix_override:/usr/lib/python3/dist-packages/colcon_core/task/python/colcon_distutils_commands:/home/user/dobot_ws/install/ariac_setup/lib/python3.10/site-packages:${PYTHONPATH} /usr/bin/python3 -W ignore:setup.py install is deprecated -W ignore:easy_install command is deprecated setup.py egg_info --egg-base ../../../build/ariac_setup build --build-base /home/user/dobot_ws/build/ariac_setup/build install --record /home/user/dobot_ws/build/ariac_setup/install.log --single-version-externally-managed install_data
[2.142s] Level 1:colcon.colcon_core.environment:checking '/home/user/dobot_ws/install/ariac_setup' for CMake config files
[2.143s] Level 1:colcon.colcon_core.environment:checking '/home/user/dobot_ws/install/ariac_setup/lib'
[2.143s] Level 1:colcon.colcon_core.environment:checking '/home/user/dobot_ws/install/ariac_setup/bin'
[2.143s] Level 1:colcon.colcon_core.environment:checking '/home/user/dobot_ws/install/ariac_setup/lib/pkgconfig/ariac_setup.pc'
[2.143s] Level 1:colcon.colcon_core.environment:checking '/home/user/dobot_ws/install/ariac_setup/lib/python3.10/site-packages'
[2.143s] Level 1:colcon.colcon_core.shell:create_environment_hook('ariac_setup', 'pythonpath')
[2.144s] INFO:colcon.colcon_core.shell:Creating environment hook '/home/user/dobot_ws/install/ariac_setup/share/ariac_setup/hook/pythonpath.ps1'
[2.144s] INFO:colcon.colcon_core.shell:Creating environment descriptor '/home/user/dobot_ws/install/ariac_setup/share/ariac_setup/hook/pythonpath.dsv'
[2.144s] INFO:colcon.colcon_core.shell:Creating environment hook '/home/user/dobot_ws/install/ariac_setup/share/ariac_setup/hook/pythonpath.sh'
[2.145s] Level 1:colcon.colcon_core.environment:checking '/home/user/dobot_ws/install/ariac_setup/bin'
[2.145s] Level 1:colcon.colcon_core.environment:create_environment_scripts_only(ariac_setup)
[2.145s] INFO:colcon.colcon_core.shell:Creating package script '/home/user/dobot_ws/install/ariac_setup/share/ariac_setup/package.ps1'
[2.146s] INFO:colcon.colcon_core.shell:Creating package descriptor '/home/user/dobot_ws/install/ariac_setup/share/ariac_setup/package.dsv'
[2.146s] INFO:colcon.colcon_core.shell:Creating package script '/home/user/dobot_ws/install/ariac_setup/share/ariac_setup/package.sh'
[2.146s] INFO:colcon.colcon_core.shell:Creating package script '/home/user/dobot_ws/install/ariac_setup/share/ariac_setup/package.bash'
[2.147s] INFO:colcon.colcon_core.shell:Creating package script '/home/user/dobot_ws/install/ariac_setup/share/ariac_setup/package.zsh'
[2.147s] Level 1:colcon.colcon_core.environment:create_file_with_runtime_dependencies(/home/user/dobot_ws/install/ariac_setup/share/colcon-core/packages/ariac_setup)
[2.147s] INFO:colcon.colcon_ros.task.ament_cmake.build:Building ROS package in '/home/user/dobot_ws/src/ARIAC/ariac_gz' with build type 'ament_cmake'
[2.147s] INFO:colcon.colcon_cmake.task.cmake.build:Building CMake package in '/home/user/dobot_ws/src/ARIAC/ariac_gz'
[2.148s] INFO:colcon.colcon_core.shell:Skip shell extension 'powershell' for command environment: Not usable outside of PowerShell
[2.148s] DEBUG:colcon.colcon_core.shell:Skip shell extension 'dsv' for command environment
[2.156s] DEBUG:colcon.colcon_core.event_handler.log_command:Invoking command in '/home/user/dobot_ws/build/ariac_gz': AMENT_PREFIX_PATH=/home/user/dobot_ws/install/ariac_setup:${AMENT_PREFIX_PATH} CMAKE_PREFIX_PATH=${CMAKE_PREFIX_PATH}:/home/user/dobot_ws/install/servo_action:/home/user/dobot_ws/install/dobot_moveit:/home/user/dobot_ws/install/dobot_demo:/opt/ros/humble PYTHONPATH=/home/user/dobot_ws/install/ariac_setup/lib/python3.10/site-packages:${PYTHONPATH} /usr/bin/cmake /home/user/dobot_ws/src/ARIAC/ariac_gz -DCMAKE_INSTALL_PREFIX=/home/user/dobot_ws/install/ariac_gz
[2.339s] DEBUG:colcon.colcon_core.event_handler.log_command:Invoked command in '/home/user/dobot_ws/build/ariac_interfaces' returned '0': CMAKE_PREFIX_PATH=${CMAKE_PREFIX_PATH}:/home/user/dobot_ws/install/servo_action:/home/user/dobot_ws/install/dobot_moveit:/home/user/dobot_ws/install/dobot_demo:/opt/ros/humble /usr/bin/cmake /home/user/dobot_ws/src/ARIAC/ariac_interfaces -DCMAKE_INSTALL_PREFIX=/home/user/dobot_ws/install/ariac_interfaces
[2.340s] DEBUG:colcon.colcon_core.event_handler.log_command:Invoking command in '/home/user/dobot_ws/build/ariac_interfaces': CMAKE_PREFIX_PATH=${CMAKE_PREFIX_PATH}:/home/user/dobot_ws/install/servo_action:/home/user/dobot_ws/install/dobot_moveit:/home/user/dobot_ws/install/dobot_demo:/opt/ros/humble /usr/bin/cmake --build /home/user/dobot_ws/build/ariac_interfaces -- -j16 -l16
[2.592s] DEBUG:colcon.colcon_core.event_handler.log_command:Invoked command in '/home/user/dobot_ws/build/ariac_gz' returned '1': AMENT_PREFIX_PATH=/home/user/dobot_ws/install/ariac_setup:${AMENT_PREFIX_PATH} CMAKE_PREFIX_PATH=${CMAKE_PREFIX_PATH}:/home/user/dobot_ws/install/servo_action:/home/user/dobot_ws/install/dobot_moveit:/home/user/dobot_ws/install/dobot_demo:/opt/ros/humble PYTHONPATH=/home/user/dobot_ws/install/ariac_setup/lib/python3.10/site-packages:${PYTHONPATH} /usr/bin/cmake /home/user/dobot_ws/src/ARIAC/ariac_gz -DCMAKE_INSTALL_PREFIX=/home/user/dobot_ws/install/ariac_gz
[2.601s] Level 1:colcon.colcon_core.environment:create_environment_scripts_only(ariac_gz)
[2.602s] Level 1:colcon.colcon_core.environment:checking '/home/user/dobot_ws/install/ariac_gz' for CMake module files
[2.602s] Level 1:colcon.colcon_core.environment:checking '/home/user/dobot_ws/install/ariac_gz' for CMake config files
[2.602s] Level 1:colcon.colcon_core.environment:checking '/home/user/dobot_ws/install/ariac_gz/bin'
[2.602s] Level 1:colcon.colcon_core.environment:checking '/home/user/dobot_ws/install/ariac_gz/lib/pkgconfig/ariac_gz.pc'
[2.602s] Level 1:colcon.colcon_core.environment:checking '/home/user/dobot_ws/install/ariac_gz/lib/python3.10/site-packages'
[2.603s] Level 1:colcon.colcon_core.environment:checking '/home/user/dobot_ws/install/ariac_gz/bin'
[2.603s] INFO:colcon.colcon_core.shell:Creating package script '/home/user/dobot_ws/install/ariac_gz/share/ariac_gz/package.ps1'
[2.603s] INFO:colcon.colcon_core.shell:Creating package descriptor '/home/user/dobot_ws/install/ariac_gz/share/ariac_gz/package.dsv'
[2.603s] INFO:colcon.colcon_core.shell:Creating package script '/home/user/dobot_ws/install/ariac_gz/share/ariac_gz/package.sh'
[2.604s] INFO:colcon.colcon_core.shell:Creating package script '/home/user/dobot_ws/install/ariac_gz/share/ariac_gz/package.bash'
[2.604s] INFO:colcon.colcon_core.shell:Creating package script '/home/user/dobot_ws/install/ariac_gz/share/ariac_gz/package.zsh'
[2.604s] Level 1:colcon.colcon_core.environment:create_file_with_runtime_dependencies(/home/user/dobot_ws/install/ariac_gz/share/colcon-core/packages/ariac_gz)
[15.416s] DEBUG:colcon.colcon_parallel_executor.executor.parallel:closing loop
[15.416s] DEBUG:colcon.colcon_parallel_executor.executor.parallel:loop closed
[15.416s] DEBUG:colcon.colcon_parallel_executor.executor.parallel:run_until_complete finished with '1'
[15.416s] DEBUG:colcon.colcon_core.event_reactor:joining thread
[15.422s] INFO:colcon.colcon_core.plugin_system:Skipping extension 'colcon_notification.desktop_notification.terminal_notifier': Not used on non-Darwin systems
[15.422s] INFO:colcon.colcon_core.plugin_system:Skipping extension 'colcon_notification.desktop_notification.win32': Not used on non-Windows systems
[15.422s] INFO:colcon.colcon_notification.desktop_notification:Sending desktop notification using 'notify2'
[15.433s] DEBUG:colcon.colcon_core.event_reactor:joined thread
[15.433s] INFO:colcon.colcon_core.shell:Creating prefix script '/home/user/dobot_ws/install/local_setup.ps1'
[15.434s] INFO:colcon.colcon_core.shell:Creating prefix util module '/home/user/dobot_ws/install/_local_setup_util_ps1.py'
[15.435s] INFO:colcon.colcon_core.shell:Creating prefix chain script '/home/user/dobot_ws/install/setup.ps1'
[15.436s] INFO:colcon.colcon_core.shell:Creating prefix script '/home/user/dobot_ws/install/local_setup.sh'
[15.437s] INFO:colcon.colcon_core.shell:Creating prefix util module '/home/user/dobot_ws/install/_local_setup_util_sh.py'
[15.437s] INFO:colcon.colcon_core.shell:Creating prefix chain script '/home/user/dobot_ws/install/setup.sh'
[15.438s] INFO:colcon.colcon_core.shell:Creating prefix script '/home/user/dobot_ws/install/local_setup.bash'
[15.439s] INFO:colcon.colcon_core.shell:Creating prefix chain script '/home/user/dobot_ws/install/setup.bash'
[15.440s] INFO:colcon.colcon_core.shell:Creating prefix script '/home/user/dobot_ws/install/local_setup.zsh'
[15.440s] INFO:colcon.colcon_core.shell:Creating prefix chain script '/home/user/dobot_ws/install/setup.zsh'
