[0.078s] DEBUG:colcon:Command line arguments: ['/usr/bin/colcon', 'build']
[0.078s] DEBUG:colcon:Parsed command line arguments: Namespace(log_base=None, log_level=None, verb_name='build', build_base='build', install_base='install', merge_install=False, symlink_install=False, test_result_base=None, continue_on_error=False, executor='parallel', parallel_workers=16, event_handlers=None, ignore_user_meta=False, metas=['./colcon.meta'], base_paths=['.'], packages_ignore=None, packages_ignore_regex=None, paths=None, packages_up_to=None, packages_up_to_regex=None, packages_above=None, packages_above_and_dependencies=None, packages_above_depth=None, packages_select_by_dep=None, packages_skip_by_dep=None, packages_skip_up_to=None, packages_select_build_failed=False, packages_skip_build_finished=False, packages_select_test_failures=False, packages_skip_test_passed=False, packages_select=None, packages_skip=None, packages_select_regex=None, packages_skip_regex=None, packages_start=None, packages_end=None, allow_overriding=[], cmake_args=None, cmake_target=None, cmake_target_skip_unavailable=False, cmake_clean_cache=False, cmake_clean_first=False, cmake_force_configure=False, ament_cmake_args=None, catkin_cmake_args=None, catkin_skip_building_tests=False, verb_parser=<colcon_defaults.argument_parser.defaults.DefaultArgumentsDecorator object at 0x739a850e74c0>, verb_extension=<colcon_core.verb.build.BuildVerb object at 0x739a850e6f80>, main=<bound method BuildVerb.main of <colcon_core.verb.build.BuildVerb object at 0x739a850e6f80>>)
[0.188s] Level 1:colcon.colcon_core.package_discovery:discover_packages(colcon_meta) check parameters
[0.188s] Level 1:colcon.colcon_core.package_discovery:discover_packages(recursive) check parameters
[0.188s] Level 1:colcon.colcon_core.package_discovery:discover_packages(ignore) check parameters
[0.188s] Level 1:colcon.colcon_core.package_discovery:discover_packages(path) check parameters
[0.188s] Level 1:colcon.colcon_core.package_discovery:discover_packages(colcon_meta) discover
[0.188s] Level 1:colcon.colcon_core.package_discovery:discover_packages(recursive) discover
[0.188s] INFO:colcon.colcon_core.package_discovery:Crawling recursively for packages in '/home/user/dobot_ws'
[0.188s] Level 1:colcon.colcon_core.package_identification:_identify(.) by extensions ['ignore', 'ignore_ament_install']
[0.188s] Level 1:colcon.colcon_core.package_identification:_identify(.) by extension 'ignore'
[0.188s] Level 1:colcon.colcon_core.package_identification:_identify(.) by extension 'ignore_ament_install'
[0.189s] Level 1:colcon.colcon_core.package_identification:_identify(.) by extensions ['colcon_pkg']
[0.189s] Level 1:colcon.colcon_core.package_identification:_identify(.) by extension 'colcon_pkg'
[0.189s] Level 1:colcon.colcon_core.package_identification:_identify(.) by extensions ['colcon_meta']
[0.189s] Level 1:colcon.colcon_core.package_identification:_identify(.) by extension 'colcon_meta'
[0.189s] Level 1:colcon.colcon_core.package_identification:_identify(.) by extensions ['ros']
[0.189s] Level 1:colcon.colcon_core.package_identification:_identify(.) by extension 'ros'
[0.199s] Level 1:colcon.colcon_core.package_identification:_identify(.) by extensions ['cmake', 'python']
[0.199s] Level 1:colcon.colcon_core.package_identification:_identify(.) by extension 'cmake'
[0.199s] Level 1:colcon.colcon_core.package_identification:_identify(.) by extension 'python'
[0.200s] Level 1:colcon.colcon_core.package_identification:_identify(.) by extensions ['python_setup_py']
[0.200s] Level 1:colcon.colcon_core.package_identification:_identify(.) by extension 'python_setup_py'
[0.200s] Level 1:colcon.colcon_core.package_identification:_identify(build) by extensions ['ignore', 'ignore_ament_install']
[0.200s] Level 1:colcon.colcon_core.package_identification:_identify(build) by extension 'ignore'
[0.200s] Level 1:colcon.colcon_core.package_identification:_identify(build) ignored
[0.200s] Level 1:colcon.colcon_core.package_identification:_identify(install) by extensions ['ignore', 'ignore_ament_install']
[0.200s] Level 1:colcon.colcon_core.package_identification:_identify(install) by extension 'ignore'
[0.200s] Level 1:colcon.colcon_core.package_identification:_identify(install) ignored
[0.200s] Level 1:colcon.colcon_core.package_identification:_identify(log) by extensions ['ignore', 'ignore_ament_install']
[0.200s] Level 1:colcon.colcon_core.package_identification:_identify(log) by extension 'ignore'
[0.200s] Level 1:colcon.colcon_core.package_identification:_identify(log) ignored
[0.201s] Level 1:colcon.colcon_core.package_identification:_identify(src) by extensions ['ignore', 'ignore_ament_install']
[0.201s] Level 1:colcon.colcon_core.package_identification:_identify(src) by extension 'ignore'
[0.201s] Level 1:colcon.colcon_core.package_identification:_identify(src) by extension 'ignore_ament_install'
[0.201s] Level 1:colcon.colcon_core.package_identification:_identify(src) by extensions ['colcon_pkg']
[0.201s] Level 1:colcon.colcon_core.package_identification:_identify(src) by extension 'colcon_pkg'
[0.201s] Level 1:colcon.colcon_core.package_identification:_identify(src) by extensions ['colcon_meta']
[0.201s] Level 1:colcon.colcon_core.package_identification:_identify(src) by extension 'colcon_meta'
[0.201s] Level 1:colcon.colcon_core.package_identification:_identify(src) by extensions ['ros']
[0.201s] Level 1:colcon.colcon_core.package_identification:_identify(src) by extension 'ros'
[0.201s] Level 1:colcon.colcon_core.package_identification:_identify(src) by extensions ['cmake', 'python']
[0.201s] Level 1:colcon.colcon_core.package_identification:_identify(src) by extension 'cmake'
[0.201s] Level 1:colcon.colcon_core.package_identification:_identify(src) by extension 'python'
[0.201s] Level 1:colcon.colcon_core.package_identification:_identify(src) by extensions ['python_setup_py']
[0.201s] Level 1:colcon.colcon_core.package_identification:_identify(src) by extension 'python_setup_py'
[0.201s] Level 1:colcon.colcon_core.package_identification:_identify(src/ARIAC) by extensions ['ignore', 'ignore_ament_install']
[0.202s] Level 1:colcon.colcon_core.package_identification:_identify(src/ARIAC) by extension 'ignore'
[0.202s] Level 1:colcon.colcon_core.package_identification:_identify(src/ARIAC) by extension 'ignore_ament_install'
[0.202s] Level 1:colcon.colcon_core.package_identification:_identify(src/ARIAC) by extensions ['colcon_pkg']
[0.202s] Level 1:colcon.colcon_core.package_identification:_identify(src/ARIAC) by extension 'colcon_pkg'
[0.202s] Level 1:colcon.colcon_core.package_identification:_identify(src/ARIAC) by extensions ['colcon_meta']
[0.202s] Level 1:colcon.colcon_core.package_identification:_identify(src/ARIAC) by extension 'colcon_meta'
[0.202s] Level 1:colcon.colcon_core.package_identification:_identify(src/ARIAC) by extensions ['ros']
[0.202s] Level 1:colcon.colcon_core.package_identification:_identify(src/ARIAC) by extension 'ros'
[0.202s] Level 1:colcon.colcon_core.package_identification:_identify(src/ARIAC) by extensions ['cmake', 'python']
[0.202s] Level 1:colcon.colcon_core.package_identification:_identify(src/ARIAC) by extension 'cmake'
[0.202s] Level 1:colcon.colcon_core.package_identification:_identify(src/ARIAC) by extension 'python'
[0.202s] Level 1:colcon.colcon_core.package_identification:_identify(src/ARIAC) by extensions ['python_setup_py']
[0.202s] Level 1:colcon.colcon_core.package_identification:_identify(src/ARIAC) by extension 'python_setup_py'
[0.202s] Level 1:colcon.colcon_core.package_identification:_identify(src/ARIAC/ariac_app) by extensions ['ignore', 'ignore_ament_install']
[0.202s] Level 1:colcon.colcon_core.package_identification:_identify(src/ARIAC/ariac_app) by extension 'ignore'
[0.202s] Level 1:colcon.colcon_core.package_identification:_identify(src/ARIAC/ariac_app) by extension 'ignore_ament_install'
[0.203s] Level 1:colcon.colcon_core.package_identification:_identify(src/ARIAC/ariac_app) by extensions ['colcon_pkg']
[0.203s] Level 1:colcon.colcon_core.package_identification:_identify(src/ARIAC/ariac_app) by extension 'colcon_pkg'
[0.203s] Level 1:colcon.colcon_core.package_identification:_identify(src/ARIAC/ariac_app) by extensions ['colcon_meta']
[0.203s] Level 1:colcon.colcon_core.package_identification:_identify(src/ARIAC/ariac_app) by extension 'colcon_meta'
[0.203s] Level 1:colcon.colcon_core.package_identification:_identify(src/ARIAC/ariac_app) by extensions ['ros']
[0.203s] Level 1:colcon.colcon_core.package_identification:_identify(src/ARIAC/ariac_app) by extension 'ros'
[0.205s] DEBUG:colcon.colcon_core.package_identification:Package 'src/ARIAC/ariac_app' with type 'ros.ament_python' and name 'ariac_app'
[0.205s] Level 1:colcon.colcon_core.package_identification:_identify(src/ARIAC/ariac_db) by extensions ['ignore', 'ignore_ament_install']
[0.205s] Level 1:colcon.colcon_core.package_identification:_identify(src/ARIAC/ariac_db) by extension 'ignore'
[0.205s] Level 1:colcon.colcon_core.package_identification:_identify(src/ARIAC/ariac_db) by extension 'ignore_ament_install'
[0.205s] Level 1:colcon.colcon_core.package_identification:_identify(src/ARIAC/ariac_db) by extensions ['colcon_pkg']
[0.205s] Level 1:colcon.colcon_core.package_identification:_identify(src/ARIAC/ariac_db) by extension 'colcon_pkg'
[0.206s] Level 1:colcon.colcon_core.package_identification:_identify(src/ARIAC/ariac_db) by extensions ['colcon_meta']
[0.206s] Level 1:colcon.colcon_core.package_identification:_identify(src/ARIAC/ariac_db) by extension 'colcon_meta'
[0.206s] Level 1:colcon.colcon_core.package_identification:_identify(src/ARIAC/ariac_db) by extensions ['ros']
[0.206s] Level 1:colcon.colcon_core.package_identification:_identify(src/ARIAC/ariac_db) by extension 'ros'
[0.206s] DEBUG:colcon.colcon_core.package_identification:Package 'src/ARIAC/ariac_db' with type 'ros.ament_python' and name 'ariac_db'
[0.206s] Level 1:colcon.colcon_core.package_identification:_identify(src/ARIAC/ariac_description) by extensions ['ignore', 'ignore_ament_install']
[0.207s] Level 1:colcon.colcon_core.package_identification:_identify(src/ARIAC/ariac_description) by extension 'ignore'
[0.207s] Level 1:colcon.colcon_core.package_identification:_identify(src/ARIAC/ariac_description) by extension 'ignore_ament_install'
[0.207s] Level 1:colcon.colcon_core.package_identification:_identify(src/ARIAC/ariac_description) by extensions ['colcon_pkg']
[0.207s] Level 1:colcon.colcon_core.package_identification:_identify(src/ARIAC/ariac_description) by extension 'colcon_pkg'
[0.207s] Level 1:colcon.colcon_core.package_identification:_identify(src/ARIAC/ariac_description) by extensions ['colcon_meta']
[0.207s] Level 1:colcon.colcon_core.package_identification:_identify(src/ARIAC/ariac_description) by extension 'colcon_meta'
[0.207s] Level 1:colcon.colcon_core.package_identification:_identify(src/ARIAC/ariac_description) by extensions ['ros']
[0.207s] Level 1:colcon.colcon_core.package_identification:_identify(src/ARIAC/ariac_description) by extension 'ros'
[0.208s] DEBUG:colcon.colcon_core.package_identification:Package 'src/ARIAC/ariac_description' with type 'ros.ament_cmake' and name 'ariac_description'
[0.208s] Level 1:colcon.colcon_core.package_identification:_identify(src/ARIAC/ariac_gz) by extensions ['ignore', 'ignore_ament_install']
[0.208s] Level 1:colcon.colcon_core.package_identification:_identify(src/ARIAC/ariac_gz) by extension 'ignore'
[0.208s] Level 1:colcon.colcon_core.package_identification:_identify(src/ARIAC/ariac_gz) by extension 'ignore_ament_install'
[0.208s] Level 1:colcon.colcon_core.package_identification:_identify(src/ARIAC/ariac_gz) by extensions ['colcon_pkg']
[0.208s] Level 1:colcon.colcon_core.package_identification:_identify(src/ARIAC/ariac_gz) by extension 'colcon_pkg'
[0.208s] Level 1:colcon.colcon_core.package_identification:_identify(src/ARIAC/ariac_gz) by extensions ['colcon_meta']
[0.208s] Level 1:colcon.colcon_core.package_identification:_identify(src/ARIAC/ariac_gz) by extension 'colcon_meta'
[0.208s] Level 1:colcon.colcon_core.package_identification:_identify(src/ARIAC/ariac_gz) by extensions ['ros']
[0.209s] Level 1:colcon.colcon_core.package_identification:_identify(src/ARIAC/ariac_gz) by extension 'ros'
[0.209s] DEBUG:colcon.colcon_core.package_identification:Package 'src/ARIAC/ariac_gz' with type 'ros.ament_cmake' and name 'ariac_gz'
[0.210s] Level 1:colcon.colcon_core.package_identification:_identify(src/ARIAC/ariac_interfaces) by extensions ['ignore', 'ignore_ament_install']
[0.210s] Level 1:colcon.colcon_core.package_identification:_identify(src/ARIAC/ariac_interfaces) by extension 'ignore'
[0.210s] Level 1:colcon.colcon_core.package_identification:_identify(src/ARIAC/ariac_interfaces) by extension 'ignore_ament_install'
[0.210s] Level 1:colcon.colcon_core.package_identification:_identify(src/ARIAC/ariac_interfaces) by extensions ['colcon_pkg']
[0.210s] Level 1:colcon.colcon_core.package_identification:_identify(src/ARIAC/ariac_interfaces) by extension 'colcon_pkg'
[0.210s] Level 1:colcon.colcon_core.package_identification:_identify(src/ARIAC/ariac_interfaces) by extensions ['colcon_meta']
[0.210s] Level 1:colcon.colcon_core.package_identification:_identify(src/ARIAC/ariac_interfaces) by extension 'colcon_meta'
[0.210s] Level 1:colcon.colcon_core.package_identification:_identify(src/ARIAC/ariac_interfaces) by extensions ['ros']
[0.210s] Level 1:colcon.colcon_core.package_identification:_identify(src/ARIAC/ariac_interfaces) by extension 'ros'
[0.211s] DEBUG:colcon.colcon_core.package_identification:Package 'src/ARIAC/ariac_interfaces' with type 'ros.ament_cmake' and name 'ariac_interfaces'
[0.211s] Level 1:colcon.colcon_core.package_identification:_identify(src/ARIAC/ariac_plugins) by extensions ['ignore', 'ignore_ament_install']
[0.211s] Level 1:colcon.colcon_core.package_identification:_identify(src/ARIAC/ariac_plugins) by extension 'ignore'
[0.211s] Level 1:colcon.colcon_core.package_identification:_identify(src/ARIAC/ariac_plugins) by extension 'ignore_ament_install'
[0.211s] Level 1:colcon.colcon_core.package_identification:_identify(src/ARIAC/ariac_plugins) by extensions ['colcon_pkg']
[0.211s] Level 1:colcon.colcon_core.package_identification:_identify(src/ARIAC/ariac_plugins) by extension 'colcon_pkg'
[0.211s] Level 1:colcon.colcon_core.package_identification:_identify(src/ARIAC/ariac_plugins) by extensions ['colcon_meta']
[0.211s] Level 1:colcon.colcon_core.package_identification:_identify(src/ARIAC/ariac_plugins) by extension 'colcon_meta'
[0.211s] Level 1:colcon.colcon_core.package_identification:_identify(src/ARIAC/ariac_plugins) by extensions ['ros']
[0.211s] Level 1:colcon.colcon_core.package_identification:_identify(src/ARIAC/ariac_plugins) by extension 'ros'
[0.212s] DEBUG:colcon.colcon_core.package_identification:Package 'src/ARIAC/ariac_plugins' with type 'ros.ament_cmake' and name 'ariac_plugins'
[0.212s] Level 1:colcon.colcon_core.package_identification:_identify(src/ARIAC/ariac_setup) by extensions ['ignore', 'ignore_ament_install']
[0.213s] Level 1:colcon.colcon_core.package_identification:_identify(src/ARIAC/ariac_setup) by extension 'ignore'
[0.213s] Level 1:colcon.colcon_core.package_identification:_identify(src/ARIAC/ariac_setup) by extension 'ignore_ament_install'
[0.213s] Level 1:colcon.colcon_core.package_identification:_identify(src/ARIAC/ariac_setup) by extensions ['colcon_pkg']
[0.213s] Level 1:colcon.colcon_core.package_identification:_identify(src/ARIAC/ariac_setup) by extension 'colcon_pkg'
[0.213s] Level 1:colcon.colcon_core.package_identification:_identify(src/ARIAC/ariac_setup) by extensions ['colcon_meta']
[0.213s] Level 1:colcon.colcon_core.package_identification:_identify(src/ARIAC/ariac_setup) by extension 'colcon_meta'
[0.213s] Level 1:colcon.colcon_core.package_identification:_identify(src/ARIAC/ariac_setup) by extensions ['ros']
[0.213s] Level 1:colcon.colcon_core.package_identification:_identify(src/ARIAC/ariac_setup) by extension 'ros'
[0.214s] DEBUG:colcon.colcon_core.package_identification:Package 'src/ARIAC/ariac_setup' with type 'ros.ament_python' and name 'ariac_setup'
[0.214s] Level 1:colcon.colcon_core.package_identification:_identify(src/ARIAC/resource) by extensions ['ignore', 'ignore_ament_install']
[0.214s] Level 1:colcon.colcon_core.package_identification:_identify(src/ARIAC/resource) by extension 'ignore'
[0.214s] Level 1:colcon.colcon_core.package_identification:_identify(src/ARIAC/resource) by extension 'ignore_ament_install'
[0.214s] Level 1:colcon.colcon_core.package_identification:_identify(src/ARIAC/resource) by extensions ['colcon_pkg']
[0.214s] Level 1:colcon.colcon_core.package_identification:_identify(src/ARIAC/resource) by extension 'colcon_pkg'
[0.214s] Level 1:colcon.colcon_core.package_identification:_identify(src/ARIAC/resource) by extensions ['colcon_meta']
[0.214s] Level 1:colcon.colcon_core.package_identification:_identify(src/ARIAC/resource) by extension 'colcon_meta'
[0.214s] Level 1:colcon.colcon_core.package_identification:_identify(src/ARIAC/resource) by extensions ['ros']
[0.214s] Level 1:colcon.colcon_core.package_identification:_identify(src/ARIAC/resource) by extension 'ros'
[0.215s] Level 1:colcon.colcon_core.package_identification:_identify(src/ARIAC/resource) by extensions ['cmake', 'python']
[0.215s] Level 1:colcon.colcon_core.package_identification:_identify(src/ARIAC/resource) by extension 'cmake'
[0.215s] Level 1:colcon.colcon_core.package_identification:_identify(src/ARIAC/resource) by extension 'python'
[0.215s] Level 1:colcon.colcon_core.package_identification:_identify(src/ARIAC/resource) by extensions ['python_setup_py']
[0.215s] Level 1:colcon.colcon_core.package_identification:_identify(src/ARIAC/resource) by extension 'python_setup_py'
[0.215s] Level 1:colcon.colcon_core.package_identification:_identify(src/ARIAC/robotiq_gripper_controller) by extensions ['ignore', 'ignore_ament_install']
[0.215s] Level 1:colcon.colcon_core.package_identification:_identify(src/ARIAC/robotiq_gripper_controller) by extension 'ignore'
[0.215s] Level 1:colcon.colcon_core.package_identification:_identify(src/ARIAC/robotiq_gripper_controller) by extension 'ignore_ament_install'
[0.215s] Level 1:colcon.colcon_core.package_identification:_identify(src/ARIAC/robotiq_gripper_controller) by extensions ['colcon_pkg']
[0.215s] Level 1:colcon.colcon_core.package_identification:_identify(src/ARIAC/robotiq_gripper_controller) by extension 'colcon_pkg'
[0.215s] Level 1:colcon.colcon_core.package_identification:_identify(src/ARIAC/robotiq_gripper_controller) by extensions ['colcon_meta']
[0.215s] Level 1:colcon.colcon_core.package_identification:_identify(src/ARIAC/robotiq_gripper_controller) by extension 'colcon_meta'
[0.215s] Level 1:colcon.colcon_core.package_identification:_identify(src/ARIAC/robotiq_gripper_controller) by extensions ['ros']
[0.215s] Level 1:colcon.colcon_core.package_identification:_identify(src/ARIAC/robotiq_gripper_controller) by extension 'ros'
[0.217s] DEBUG:colcon.colcon_core.package_identification:Package 'src/ARIAC/robotiq_gripper_controller' with type 'ros.ament_cmake' and name 'robotiq_gripper_controller'
[0.217s] Level 1:colcon.colcon_core.package_identification:_identify(src/DOBOT_6Axis_ROS2_V4) by extensions ['ignore', 'ignore_ament_install']
[0.217s] Level 1:colcon.colcon_core.package_identification:_identify(src/DOBOT_6Axis_ROS2_V4) by extension 'ignore'
[0.217s] Level 1:colcon.colcon_core.package_identification:_identify(src/DOBOT_6Axis_ROS2_V4) by extension 'ignore_ament_install'
[0.217s] Level 1:colcon.colcon_core.package_identification:_identify(src/DOBOT_6Axis_ROS2_V4) by extensions ['colcon_pkg']
[0.217s] Level 1:colcon.colcon_core.package_identification:_identify(src/DOBOT_6Axis_ROS2_V4) by extension 'colcon_pkg'
[0.217s] Level 1:colcon.colcon_core.package_identification:_identify(src/DOBOT_6Axis_ROS2_V4) by extensions ['colcon_meta']
[0.217s] Level 1:colcon.colcon_core.package_identification:_identify(src/DOBOT_6Axis_ROS2_V4) by extension 'colcon_meta'
[0.217s] Level 1:colcon.colcon_core.package_identification:_identify(src/DOBOT_6Axis_ROS2_V4) by extensions ['ros']
[0.217s] Level 1:colcon.colcon_core.package_identification:_identify(src/DOBOT_6Axis_ROS2_V4) by extension 'ros'
[0.217s] Level 1:colcon.colcon_core.package_identification:_identify(src/DOBOT_6Axis_ROS2_V4) by extensions ['cmake', 'python']
[0.217s] Level 1:colcon.colcon_core.package_identification:_identify(src/DOBOT_6Axis_ROS2_V4) by extension 'cmake'
[0.218s] Level 1:colcon.colcon_core.package_identification:_identify(src/DOBOT_6Axis_ROS2_V4) by extension 'python'
[0.218s] Level 1:colcon.colcon_core.package_identification:_identify(src/DOBOT_6Axis_ROS2_V4) by extensions ['python_setup_py']
[0.218s] Level 1:colcon.colcon_core.package_identification:_identify(src/DOBOT_6Axis_ROS2_V4) by extension 'python_setup_py'
[0.218s] Level 1:colcon.colcon_core.package_identification:_identify(src/DOBOT_6Axis_ROS2_V4/V4新增指令) by extensions ['ignore', 'ignore_ament_install']
[0.218s] Level 1:colcon.colcon_core.package_identification:_identify(src/DOBOT_6Axis_ROS2_V4/V4新增指令) by extension 'ignore'
[0.218s] Level 1:colcon.colcon_core.package_identification:_identify(src/DOBOT_6Axis_ROS2_V4/V4新增指令) by extension 'ignore_ament_install'
[0.218s] Level 1:colcon.colcon_core.package_identification:_identify(src/DOBOT_6Axis_ROS2_V4/V4新增指令) by extensions ['colcon_pkg']
[0.218s] Level 1:colcon.colcon_core.package_identification:_identify(src/DOBOT_6Axis_ROS2_V4/V4新增指令) by extension 'colcon_pkg'
[0.218s] Level 1:colcon.colcon_core.package_identification:_identify(src/DOBOT_6Axis_ROS2_V4/V4新增指令) by extensions ['colcon_meta']
[0.218s] Level 1:colcon.colcon_core.package_identification:_identify(src/DOBOT_6Axis_ROS2_V4/V4新增指令) by extension 'colcon_meta'
[0.218s] Level 1:colcon.colcon_core.package_identification:_identify(src/DOBOT_6Axis_ROS2_V4/V4新增指令) by extensions ['ros']
[0.218s] Level 1:colcon.colcon_core.package_identification:_identify(src/DOBOT_6Axis_ROS2_V4/V4新增指令) by extension 'ros'
[0.218s] Level 1:colcon.colcon_core.package_identification:_identify(src/DOBOT_6Axis_ROS2_V4/V4新增指令) by extensions ['cmake', 'python']
[0.218s] Level 1:colcon.colcon_core.package_identification:_identify(src/DOBOT_6Axis_ROS2_V4/V4新增指令) by extension 'cmake'
[0.218s] Level 1:colcon.colcon_core.package_identification:_identify(src/DOBOT_6Axis_ROS2_V4/V4新增指令) by extension 'python'
[0.219s] Level 1:colcon.colcon_core.package_identification:_identify(src/DOBOT_6Axis_ROS2_V4/V4新增指令) by extensions ['python_setup_py']
[0.219s] Level 1:colcon.colcon_core.package_identification:_identify(src/DOBOT_6Axis_ROS2_V4/V4新增指令) by extension 'python_setup_py'
[0.219s] Level 1:colcon.colcon_core.package_identification:_identify(src/DOBOT_6Axis_ROS2_V4/__pycache__) by extensions ['ignore', 'ignore_ament_install']
[0.219s] Level 1:colcon.colcon_core.package_identification:_identify(src/DOBOT_6Axis_ROS2_V4/__pycache__) by extension 'ignore'
[0.219s] Level 1:colcon.colcon_core.package_identification:_identify(src/DOBOT_6Axis_ROS2_V4/__pycache__) by extension 'ignore_ament_install'
[0.219s] Level 1:colcon.colcon_core.package_identification:_identify(src/DOBOT_6Axis_ROS2_V4/__pycache__) by extensions ['colcon_pkg']
[0.219s] Level 1:colcon.colcon_core.package_identification:_identify(src/DOBOT_6Axis_ROS2_V4/__pycache__) by extension 'colcon_pkg'
[0.219s] Level 1:colcon.colcon_core.package_identification:_identify(src/DOBOT_6Axis_ROS2_V4/__pycache__) by extensions ['colcon_meta']
[0.219s] Level 1:colcon.colcon_core.package_identification:_identify(src/DOBOT_6Axis_ROS2_V4/__pycache__) by extension 'colcon_meta'
[0.219s] Level 1:colcon.colcon_core.package_identification:_identify(src/DOBOT_6Axis_ROS2_V4/__pycache__) by extensions ['ros']
[0.219s] Level 1:colcon.colcon_core.package_identification:_identify(src/DOBOT_6Axis_ROS2_V4/__pycache__) by extension 'ros'
[0.219s] Level 1:colcon.colcon_core.package_identification:_identify(src/DOBOT_6Axis_ROS2_V4/__pycache__) by extensions ['cmake', 'python']
[0.219s] Level 1:colcon.colcon_core.package_identification:_identify(src/DOBOT_6Axis_ROS2_V4/__pycache__) by extension 'cmake'
[0.219s] Level 1:colcon.colcon_core.package_identification:_identify(src/DOBOT_6Axis_ROS2_V4/__pycache__) by extension 'python'
[0.219s] Level 1:colcon.colcon_core.package_identification:_identify(src/DOBOT_6Axis_ROS2_V4/__pycache__) by extensions ['python_setup_py']
[0.220s] Level 1:colcon.colcon_core.package_identification:_identify(src/DOBOT_6Axis_ROS2_V4/__pycache__) by extension 'python_setup_py'
[0.220s] Level 1:colcon.colcon_core.package_identification:_identify(src/DOBOT_6Axis_ROS2_V4/build) by extensions ['ignore', 'ignore_ament_install']
[0.220s] Level 1:colcon.colcon_core.package_identification:_identify(src/DOBOT_6Axis_ROS2_V4/build) by extension 'ignore'
[0.220s] Level 1:colcon.colcon_core.package_identification:_identify(src/DOBOT_6Axis_ROS2_V4/build) ignored
[0.220s] Level 1:colcon.colcon_core.package_identification:_identify(src/DOBOT_6Axis_ROS2_V4/cr7_moveit) by extensions ['ignore', 'ignore_ament_install']
[0.220s] Level 1:colcon.colcon_core.package_identification:_identify(src/DOBOT_6Axis_ROS2_V4/cr7_moveit) by extension 'ignore'
[0.220s] Level 1:colcon.colcon_core.package_identification:_identify(src/DOBOT_6Axis_ROS2_V4/cr7_moveit) by extension 'ignore_ament_install'
[0.220s] Level 1:colcon.colcon_core.package_identification:_identify(src/DOBOT_6Axis_ROS2_V4/cr7_moveit) by extensions ['colcon_pkg']
[0.220s] Level 1:colcon.colcon_core.package_identification:_identify(src/DOBOT_6Axis_ROS2_V4/cr7_moveit) by extension 'colcon_pkg'
[0.220s] Level 1:colcon.colcon_core.package_identification:_identify(src/DOBOT_6Axis_ROS2_V4/cr7_moveit) by extensions ['colcon_meta']
[0.220s] Level 1:colcon.colcon_core.package_identification:_identify(src/DOBOT_6Axis_ROS2_V4/cr7_moveit) by extension 'colcon_meta'
[0.220s] Level 1:colcon.colcon_core.package_identification:_identify(src/DOBOT_6Axis_ROS2_V4/cr7_moveit) by extensions ['ros']
[0.220s] Level 1:colcon.colcon_core.package_identification:_identify(src/DOBOT_6Axis_ROS2_V4/cr7_moveit) by extension 'ros'
[0.222s] DEBUG:colcon.colcon_core.package_identification:Package 'src/DOBOT_6Axis_ROS2_V4/cr7_moveit' with type 'ros.ament_cmake' and name 'cr7_moveit'
[0.222s] Level 1:colcon.colcon_core.package_identification:_identify(src/DOBOT_6Axis_ROS2_V4/cra_description) by extensions ['ignore', 'ignore_ament_install']
[0.222s] Level 1:colcon.colcon_core.package_identification:_identify(src/DOBOT_6Axis_ROS2_V4/cra_description) by extension 'ignore'
[0.222s] Level 1:colcon.colcon_core.package_identification:_identify(src/DOBOT_6Axis_ROS2_V4/cra_description) by extension 'ignore_ament_install'
[0.222s] Level 1:colcon.colcon_core.package_identification:_identify(src/DOBOT_6Axis_ROS2_V4/cra_description) by extensions ['colcon_pkg']
[0.222s] Level 1:colcon.colcon_core.package_identification:_identify(src/DOBOT_6Axis_ROS2_V4/cra_description) by extension 'colcon_pkg'
[0.222s] Level 1:colcon.colcon_core.package_identification:_identify(src/DOBOT_6Axis_ROS2_V4/cra_description) by extensions ['colcon_meta']
[0.222s] Level 1:colcon.colcon_core.package_identification:_identify(src/DOBOT_6Axis_ROS2_V4/cra_description) by extension 'colcon_meta'
[0.222s] Level 1:colcon.colcon_core.package_identification:_identify(src/DOBOT_6Axis_ROS2_V4/cra_description) by extensions ['ros']
[0.222s] Level 1:colcon.colcon_core.package_identification:_identify(src/DOBOT_6Axis_ROS2_V4/cra_description) by extension 'ros'
[0.223s] DEBUG:colcon.colcon_core.package_identification:Package 'src/DOBOT_6Axis_ROS2_V4/cra_description' with type 'ros.ament_cmake' and name 'cra_description'
[0.223s] Level 1:colcon.colcon_core.package_identification:_identify(src/DOBOT_6Axis_ROS2_V4/dobot_bringup_v4) by extensions ['ignore', 'ignore_ament_install']
[0.223s] Level 1:colcon.colcon_core.package_identification:_identify(src/DOBOT_6Axis_ROS2_V4/dobot_bringup_v4) by extension 'ignore'
[0.223s] Level 1:colcon.colcon_core.package_identification:_identify(src/DOBOT_6Axis_ROS2_V4/dobot_bringup_v4) by extension 'ignore_ament_install'
[0.223s] Level 1:colcon.colcon_core.package_identification:_identify(src/DOBOT_6Axis_ROS2_V4/dobot_bringup_v4) by extensions ['colcon_pkg']
[0.223s] Level 1:colcon.colcon_core.package_identification:_identify(src/DOBOT_6Axis_ROS2_V4/dobot_bringup_v4) by extension 'colcon_pkg'
[0.223s] Level 1:colcon.colcon_core.package_identification:_identify(src/DOBOT_6Axis_ROS2_V4/dobot_bringup_v4) by extensions ['colcon_meta']
[0.223s] Level 1:colcon.colcon_core.package_identification:_identify(src/DOBOT_6Axis_ROS2_V4/dobot_bringup_v4) by extension 'colcon_meta'
[0.224s] Level 1:colcon.colcon_core.package_identification:_identify(src/DOBOT_6Axis_ROS2_V4/dobot_bringup_v4) by extensions ['ros']
[0.224s] Level 1:colcon.colcon_core.package_identification:_identify(src/DOBOT_6Axis_ROS2_V4/dobot_bringup_v4) by extension 'ros'
[0.225s] DEBUG:colcon.colcon_core.package_identification:Package 'src/DOBOT_6Axis_ROS2_V4/dobot_bringup_v4' with type 'ros.ament_cmake' and name 'cr_robot_ros2'
[0.225s] Level 1:colcon.colcon_core.package_identification:_identify(src/DOBOT_6Axis_ROS2_V4/dobot_demo) by extensions ['ignore', 'ignore_ament_install']
[0.225s] Level 1:colcon.colcon_core.package_identification:_identify(src/DOBOT_6Axis_ROS2_V4/dobot_demo) by extension 'ignore'
[0.225s] Level 1:colcon.colcon_core.package_identification:_identify(src/DOBOT_6Axis_ROS2_V4/dobot_demo) by extension 'ignore_ament_install'
[0.225s] Level 1:colcon.colcon_core.package_identification:_identify(src/DOBOT_6Axis_ROS2_V4/dobot_demo) by extensions ['colcon_pkg']
[0.225s] Level 1:colcon.colcon_core.package_identification:_identify(src/DOBOT_6Axis_ROS2_V4/dobot_demo) by extension 'colcon_pkg'
[0.225s] Level 1:colcon.colcon_core.package_identification:_identify(src/DOBOT_6Axis_ROS2_V4/dobot_demo) by extensions ['colcon_meta']
[0.225s] Level 1:colcon.colcon_core.package_identification:_identify(src/DOBOT_6Axis_ROS2_V4/dobot_demo) by extension 'colcon_meta'
[0.225s] Level 1:colcon.colcon_core.package_identification:_identify(src/DOBOT_6Axis_ROS2_V4/dobot_demo) by extensions ['ros']
[0.225s] Level 1:colcon.colcon_core.package_identification:_identify(src/DOBOT_6Axis_ROS2_V4/dobot_demo) by extension 'ros'
[0.226s] DEBUG:colcon.colcon_core.package_identification:Package 'src/DOBOT_6Axis_ROS2_V4/dobot_demo' with type 'ros.ament_python' and name 'dobot_demo'
[0.226s] Level 1:colcon.colcon_core.package_identification:_identify(src/DOBOT_6Axis_ROS2_V4/dobot_demo_cpp) by extensions ['ignore', 'ignore_ament_install']
[0.226s] Level 1:colcon.colcon_core.package_identification:_identify(src/DOBOT_6Axis_ROS2_V4/dobot_demo_cpp) by extension 'ignore'
[0.226s] Level 1:colcon.colcon_core.package_identification:_identify(src/DOBOT_6Axis_ROS2_V4/dobot_demo_cpp) by extension 'ignore_ament_install'
[0.226s] Level 1:colcon.colcon_core.package_identification:_identify(src/DOBOT_6Axis_ROS2_V4/dobot_demo_cpp) by extensions ['colcon_pkg']
[0.226s] Level 1:colcon.colcon_core.package_identification:_identify(src/DOBOT_6Axis_ROS2_V4/dobot_demo_cpp) by extension 'colcon_pkg'
[0.226s] Level 1:colcon.colcon_core.package_identification:_identify(src/DOBOT_6Axis_ROS2_V4/dobot_demo_cpp) by extensions ['colcon_meta']
[0.226s] Level 1:colcon.colcon_core.package_identification:_identify(src/DOBOT_6Axis_ROS2_V4/dobot_demo_cpp) by extension 'colcon_meta'
[0.226s] Level 1:colcon.colcon_core.package_identification:_identify(src/DOBOT_6Axis_ROS2_V4/dobot_demo_cpp) by extensions ['ros']
[0.226s] Level 1:colcon.colcon_core.package_identification:_identify(src/DOBOT_6Axis_ROS2_V4/dobot_demo_cpp) by extension 'ros'
[0.228s] DEBUG:colcon.colcon_core.package_identification:Package 'src/DOBOT_6Axis_ROS2_V4/dobot_demo_cpp' with type 'ros.ament_cmake' and name 'dobot_demo_cpp'
[0.228s] Level 1:colcon.colcon_core.package_identification:_identify(src/DOBOT_6Axis_ROS2_V4/dobot_gazebo) by extensions ['ignore', 'ignore_ament_install']
[0.228s] Level 1:colcon.colcon_core.package_identification:_identify(src/DOBOT_6Axis_ROS2_V4/dobot_gazebo) by extension 'ignore'
[0.228s] Level 1:colcon.colcon_core.package_identification:_identify(src/DOBOT_6Axis_ROS2_V4/dobot_gazebo) by extension 'ignore_ament_install'
[0.228s] Level 1:colcon.colcon_core.package_identification:_identify(src/DOBOT_6Axis_ROS2_V4/dobot_gazebo) by extensions ['colcon_pkg']
[0.228s] Level 1:colcon.colcon_core.package_identification:_identify(src/DOBOT_6Axis_ROS2_V4/dobot_gazebo) by extension 'colcon_pkg'
[0.228s] Level 1:colcon.colcon_core.package_identification:_identify(src/DOBOT_6Axis_ROS2_V4/dobot_gazebo) by extensions ['colcon_meta']
[0.228s] Level 1:colcon.colcon_core.package_identification:_identify(src/DOBOT_6Axis_ROS2_V4/dobot_gazebo) by extension 'colcon_meta'
[0.228s] Level 1:colcon.colcon_core.package_identification:_identify(src/DOBOT_6Axis_ROS2_V4/dobot_gazebo) by extensions ['ros']
[0.228s] Level 1:colcon.colcon_core.package_identification:_identify(src/DOBOT_6Axis_ROS2_V4/dobot_gazebo) by extension 'ros'
[0.229s] DEBUG:colcon.colcon_core.package_identification:Package 'src/DOBOT_6Axis_ROS2_V4/dobot_gazebo' with type 'ros.ament_cmake' and name 'dobot_gazebo'
[0.229s] Level 1:colcon.colcon_core.package_identification:_identify(src/DOBOT_6Axis_ROS2_V4/dobot_moveit) by extensions ['ignore', 'ignore_ament_install']
[0.229s] Level 1:colcon.colcon_core.package_identification:_identify(src/DOBOT_6Axis_ROS2_V4/dobot_moveit) by extension 'ignore'
[0.229s] Level 1:colcon.colcon_core.package_identification:_identify(src/DOBOT_6Axis_ROS2_V4/dobot_moveit) by extension 'ignore_ament_install'
[0.230s] Level 1:colcon.colcon_core.package_identification:_identify(src/DOBOT_6Axis_ROS2_V4/dobot_moveit) by extensions ['colcon_pkg']
[0.230s] Level 1:colcon.colcon_core.package_identification:_identify(src/DOBOT_6Axis_ROS2_V4/dobot_moveit) by extension 'colcon_pkg'
[0.230s] Level 1:colcon.colcon_core.package_identification:_identify(src/DOBOT_6Axis_ROS2_V4/dobot_moveit) by extensions ['colcon_meta']
[0.230s] Level 1:colcon.colcon_core.package_identification:_identify(src/DOBOT_6Axis_ROS2_V4/dobot_moveit) by extension 'colcon_meta'
[0.230s] Level 1:colcon.colcon_core.package_identification:_identify(src/DOBOT_6Axis_ROS2_V4/dobot_moveit) by extensions ['ros']
[0.230s] Level 1:colcon.colcon_core.package_identification:_identify(src/DOBOT_6Axis_ROS2_V4/dobot_moveit) by extension 'ros'
[0.230s] DEBUG:colcon.colcon_core.package_identification:Package 'src/DOBOT_6Axis_ROS2_V4/dobot_moveit' with type 'ros.ament_python' and name 'dobot_moveit'
[0.231s] Level 1:colcon.colcon_core.package_identification:_identify(src/DOBOT_6Axis_ROS2_V4/dobot_msgs_v4) by extensions ['ignore', 'ignore_ament_install']
[0.231s] Level 1:colcon.colcon_core.package_identification:_identify(src/DOBOT_6Axis_ROS2_V4/dobot_msgs_v4) by extension 'ignore'
[0.231s] Level 1:colcon.colcon_core.package_identification:_identify(src/DOBOT_6Axis_ROS2_V4/dobot_msgs_v4) by extension 'ignore_ament_install'
[0.231s] Level 1:colcon.colcon_core.package_identification:_identify(src/DOBOT_6Axis_ROS2_V4/dobot_msgs_v4) by extensions ['colcon_pkg']
[0.231s] Level 1:colcon.colcon_core.package_identification:_identify(src/DOBOT_6Axis_ROS2_V4/dobot_msgs_v4) by extension 'colcon_pkg'
[0.231s] Level 1:colcon.colcon_core.package_identification:_identify(src/DOBOT_6Axis_ROS2_V4/dobot_msgs_v4) by extensions ['colcon_meta']
[0.231s] Level 1:colcon.colcon_core.package_identification:_identify(src/DOBOT_6Axis_ROS2_V4/dobot_msgs_v4) by extension 'colcon_meta'
[0.231s] Level 1:colcon.colcon_core.package_identification:_identify(src/DOBOT_6Axis_ROS2_V4/dobot_msgs_v4) by extensions ['ros']
[0.231s] Level 1:colcon.colcon_core.package_identification:_identify(src/DOBOT_6Axis_ROS2_V4/dobot_msgs_v4) by extension 'ros'
[0.232s] DEBUG:colcon.colcon_core.package_identification:Package 'src/DOBOT_6Axis_ROS2_V4/dobot_msgs_v4' with type 'ros.ament_cmake' and name 'dobot_msgs_v4'
[0.232s] Level 1:colcon.colcon_core.package_identification:_identify(src/DOBOT_6Axis_ROS2_V4/dobot_rviz) by extensions ['ignore', 'ignore_ament_install']
[0.232s] Level 1:colcon.colcon_core.package_identification:_identify(src/DOBOT_6Axis_ROS2_V4/dobot_rviz) by extension 'ignore'
[0.232s] Level 1:colcon.colcon_core.package_identification:_identify(src/DOBOT_6Axis_ROS2_V4/dobot_rviz) by extension 'ignore_ament_install'
[0.232s] Level 1:colcon.colcon_core.package_identification:_identify(src/DOBOT_6Axis_ROS2_V4/dobot_rviz) by extensions ['colcon_pkg']
[0.232s] Level 1:colcon.colcon_core.package_identification:_identify(src/DOBOT_6Axis_ROS2_V4/dobot_rviz) by extension 'colcon_pkg'
[0.232s] Level 1:colcon.colcon_core.package_identification:_identify(src/DOBOT_6Axis_ROS2_V4/dobot_rviz) by extensions ['colcon_meta']
[0.232s] Level 1:colcon.colcon_core.package_identification:_identify(src/DOBOT_6Axis_ROS2_V4/dobot_rviz) by extension 'colcon_meta'
[0.232s] Level 1:colcon.colcon_core.package_identification:_identify(src/DOBOT_6Axis_ROS2_V4/dobot_rviz) by extensions ['ros']
[0.233s] Level 1:colcon.colcon_core.package_identification:_identify(src/DOBOT_6Axis_ROS2_V4/dobot_rviz) by extension 'ros'
[0.233s] DEBUG:colcon.colcon_core.package_identification:Package 'src/DOBOT_6Axis_ROS2_V4/dobot_rviz' with type 'ros.ament_cmake' and name 'dobot_rviz'
[0.233s] Level 1:colcon.colcon_core.package_identification:_identify(src/DOBOT_6Axis_ROS2_V4/image) by extensions ['ignore', 'ignore_ament_install']
[0.234s] Level 1:colcon.colcon_core.package_identification:_identify(src/DOBOT_6Axis_ROS2_V4/image) by extension 'ignore'
[0.234s] Level 1:colcon.colcon_core.package_identification:_identify(src/DOBOT_6Axis_ROS2_V4/image) by extension 'ignore_ament_install'
[0.234s] Level 1:colcon.colcon_core.package_identification:_identify(src/DOBOT_6Axis_ROS2_V4/image) by extensions ['colcon_pkg']
[0.234s] Level 1:colcon.colcon_core.package_identification:_identify(src/DOBOT_6Axis_ROS2_V4/image) by extension 'colcon_pkg'
[0.234s] Level 1:colcon.colcon_core.package_identification:_identify(src/DOBOT_6Axis_ROS2_V4/image) by extensions ['colcon_meta']
[0.234s] Level 1:colcon.colcon_core.package_identification:_identify(src/DOBOT_6Axis_ROS2_V4/image) by extension 'colcon_meta'
[0.234s] Level 1:colcon.colcon_core.package_identification:_identify(src/DOBOT_6Axis_ROS2_V4/image) by extensions ['ros']
[0.234s] Level 1:colcon.colcon_core.package_identification:_identify(src/DOBOT_6Axis_ROS2_V4/image) by extension 'ros'
[0.234s] Level 1:colcon.colcon_core.package_identification:_identify(src/DOBOT_6Axis_ROS2_V4/image) by extensions ['cmake', 'python']
[0.234s] Level 1:colcon.colcon_core.package_identification:_identify(src/DOBOT_6Axis_ROS2_V4/image) by extension 'cmake'
[0.234s] Level 1:colcon.colcon_core.package_identification:_identify(src/DOBOT_6Axis_ROS2_V4/image) by extension 'python'
[0.234s] Level 1:colcon.colcon_core.package_identification:_identify(src/DOBOT_6Axis_ROS2_V4/image) by extensions ['python_setup_py']
[0.234s] Level 1:colcon.colcon_core.package_identification:_identify(src/DOBOT_6Axis_ROS2_V4/image) by extension 'python_setup_py'
[0.234s] Level 1:colcon.colcon_core.package_identification:_identify(src/DOBOT_6Axis_ROS2_V4/install) by extensions ['ignore', 'ignore_ament_install']
[0.234s] Level 1:colcon.colcon_core.package_identification:_identify(src/DOBOT_6Axis_ROS2_V4/install) by extension 'ignore'
[0.235s] Level 1:colcon.colcon_core.package_identification:_identify(src/DOBOT_6Axis_ROS2_V4/install) ignored
[0.235s] Level 1:colcon.colcon_core.package_identification:_identify(src/DOBOT_6Axis_ROS2_V4/log) by extensions ['ignore', 'ignore_ament_install']
[0.235s] Level 1:colcon.colcon_core.package_identification:_identify(src/DOBOT_6Axis_ROS2_V4/log) by extension 'ignore'
[0.235s] Level 1:colcon.colcon_core.package_identification:_identify(src/DOBOT_6Axis_ROS2_V4/log) ignored
[0.235s] Level 1:colcon.colcon_core.package_identification:_identify(src/DOBOT_6Axis_ROS2_V4/log_txt) by extensions ['ignore', 'ignore_ament_install']
[0.235s] Level 1:colcon.colcon_core.package_identification:_identify(src/DOBOT_6Axis_ROS2_V4/log_txt) by extension 'ignore'
[0.235s] Level 1:colcon.colcon_core.package_identification:_identify(src/DOBOT_6Axis_ROS2_V4/log_txt) by extension 'ignore_ament_install'
[0.235s] Level 1:colcon.colcon_core.package_identification:_identify(src/DOBOT_6Axis_ROS2_V4/log_txt) by extensions ['colcon_pkg']
[0.235s] Level 1:colcon.colcon_core.package_identification:_identify(src/DOBOT_6Axis_ROS2_V4/log_txt) by extension 'colcon_pkg'
[0.235s] Level 1:colcon.colcon_core.package_identification:_identify(src/DOBOT_6Axis_ROS2_V4/log_txt) by extensions ['colcon_meta']
[0.235s] Level 1:colcon.colcon_core.package_identification:_identify(src/DOBOT_6Axis_ROS2_V4/log_txt) by extension 'colcon_meta'
[0.235s] Level 1:colcon.colcon_core.package_identification:_identify(src/DOBOT_6Axis_ROS2_V4/log_txt) by extensions ['ros']
[0.235s] Level 1:colcon.colcon_core.package_identification:_identify(src/DOBOT_6Axis_ROS2_V4/log_txt) by extension 'ros'
[0.236s] Level 1:colcon.colcon_core.package_identification:_identify(src/DOBOT_6Axis_ROS2_V4/log_txt) by extensions ['cmake', 'python']
[0.236s] Level 1:colcon.colcon_core.package_identification:_identify(src/DOBOT_6Axis_ROS2_V4/log_txt) by extension 'cmake'
[0.236s] Level 1:colcon.colcon_core.package_identification:_identify(src/DOBOT_6Axis_ROS2_V4/log_txt) by extension 'python'
[0.236s] Level 1:colcon.colcon_core.package_identification:_identify(src/DOBOT_6Axis_ROS2_V4/log_txt) by extensions ['python_setup_py']
[0.236s] Level 1:colcon.colcon_core.package_identification:_identify(src/DOBOT_6Axis_ROS2_V4/log_txt) by extension 'python_setup_py'
[0.236s] Level 1:colcon.colcon_core.package_identification:_identify(src/DOBOT_6Axis_ROS2_V4/mp) by extensions ['ignore', 'ignore_ament_install']
[0.236s] Level 1:colcon.colcon_core.package_identification:_identify(src/DOBOT_6Axis_ROS2_V4/mp) by extension 'ignore'
[0.236s] Level 1:colcon.colcon_core.package_identification:_identify(src/DOBOT_6Axis_ROS2_V4/mp) by extension 'ignore_ament_install'
[0.236s] Level 1:colcon.colcon_core.package_identification:_identify(src/DOBOT_6Axis_ROS2_V4/mp) by extensions ['colcon_pkg']
[0.236s] Level 1:colcon.colcon_core.package_identification:_identify(src/DOBOT_6Axis_ROS2_V4/mp) by extension 'colcon_pkg'
[0.236s] Level 1:colcon.colcon_core.package_identification:_identify(src/DOBOT_6Axis_ROS2_V4/mp) by extensions ['colcon_meta']
[0.236s] Level 1:colcon.colcon_core.package_identification:_identify(src/DOBOT_6Axis_ROS2_V4/mp) by extension 'colcon_meta'
[0.236s] Level 1:colcon.colcon_core.package_identification:_identify(src/DOBOT_6Axis_ROS2_V4/mp) by extensions ['ros']
[0.236s] Level 1:colcon.colcon_core.package_identification:_identify(src/DOBOT_6Axis_ROS2_V4/mp) by extension 'ros'
[0.237s] Level 1:colcon.colcon_core.package_identification:_identify(src/DOBOT_6Axis_ROS2_V4/mp) by extensions ['cmake', 'python']
[0.237s] Level 1:colcon.colcon_core.package_identification:_identify(src/DOBOT_6Axis_ROS2_V4/mp) by extension 'cmake'
[0.237s] Level 1:colcon.colcon_core.package_identification:_identify(src/DOBOT_6Axis_ROS2_V4/mp) by extension 'python'
[0.237s] Level 1:colcon.colcon_core.package_identification:_identify(src/DOBOT_6Axis_ROS2_V4/mp) by extensions ['python_setup_py']
[0.237s] Level 1:colcon.colcon_core.package_identification:_identify(src/DOBOT_6Axis_ROS2_V4/mp) by extension 'python_setup_py'
[0.237s] Level 1:colcon.colcon_core.package_identification:_identify(src/DOBOT_6Axis_ROS2_V4/mp/__pycache__) by extensions ['ignore', 'ignore_ament_install']
[0.237s] Level 1:colcon.colcon_core.package_identification:_identify(src/DOBOT_6Axis_ROS2_V4/mp/__pycache__) by extension 'ignore'
[0.237s] Level 1:colcon.colcon_core.package_identification:_identify(src/DOBOT_6Axis_ROS2_V4/mp/__pycache__) by extension 'ignore_ament_install'
[0.237s] Level 1:colcon.colcon_core.package_identification:_identify(src/DOBOT_6Axis_ROS2_V4/mp/__pycache__) by extensions ['colcon_pkg']
[0.237s] Level 1:colcon.colcon_core.package_identification:_identify(src/DOBOT_6Axis_ROS2_V4/mp/__pycache__) by extension 'colcon_pkg'
[0.237s] Level 1:colcon.colcon_core.package_identification:_identify(src/DOBOT_6Axis_ROS2_V4/mp/__pycache__) by extensions ['colcon_meta']
[0.237s] Level 1:colcon.colcon_core.package_identification:_identify(src/DOBOT_6Axis_ROS2_V4/mp/__pycache__) by extension 'colcon_meta'
[0.237s] Level 1:colcon.colcon_core.package_identification:_identify(src/DOBOT_6Axis_ROS2_V4/mp/__pycache__) by extensions ['ros']
[0.237s] Level 1:colcon.colcon_core.package_identification:_identify(src/DOBOT_6Axis_ROS2_V4/mp/__pycache__) by extension 'ros'
[0.237s] Level 1:colcon.colcon_core.package_identification:_identify(src/DOBOT_6Axis_ROS2_V4/mp/__pycache__) by extensions ['cmake', 'python']
[0.238s] Level 1:colcon.colcon_core.package_identification:_identify(src/DOBOT_6Axis_ROS2_V4/mp/__pycache__) by extension 'cmake'
[0.238s] Level 1:colcon.colcon_core.package_identification:_identify(src/DOBOT_6Axis_ROS2_V4/mp/__pycache__) by extension 'python'
[0.238s] Level 1:colcon.colcon_core.package_identification:_identify(src/DOBOT_6Axis_ROS2_V4/mp/__pycache__) by extensions ['python_setup_py']
[0.238s] Level 1:colcon.colcon_core.package_identification:_identify(src/DOBOT_6Axis_ROS2_V4/mp/__pycache__) by extension 'python_setup_py'
[0.238s] Level 1:colcon.colcon_core.package_identification:_identify(src/DOBOT_6Axis_ROS2_V4/onrobot_2fg7_description) by extensions ['ignore', 'ignore_ament_install']
[0.238s] Level 1:colcon.colcon_core.package_identification:_identify(src/DOBOT_6Axis_ROS2_V4/onrobot_2fg7_description) by extension 'ignore'
[0.238s] Level 1:colcon.colcon_core.package_identification:_identify(src/DOBOT_6Axis_ROS2_V4/onrobot_2fg7_description) by extension 'ignore_ament_install'
[0.238s] Level 1:colcon.colcon_core.package_identification:_identify(src/DOBOT_6Axis_ROS2_V4/onrobot_2fg7_description) by extensions ['colcon_pkg']
[0.238s] Level 1:colcon.colcon_core.package_identification:_identify(src/DOBOT_6Axis_ROS2_V4/onrobot_2fg7_description) by extension 'colcon_pkg'
[0.238s] Level 1:colcon.colcon_core.package_identification:_identify(src/DOBOT_6Axis_ROS2_V4/onrobot_2fg7_description) by extensions ['colcon_meta']
[0.238s] Level 1:colcon.colcon_core.package_identification:_identify(src/DOBOT_6Axis_ROS2_V4/onrobot_2fg7_description) by extension 'colcon_meta'
[0.238s] Level 1:colcon.colcon_core.package_identification:_identify(src/DOBOT_6Axis_ROS2_V4/onrobot_2fg7_description) by extensions ['ros']
[0.238s] Level 1:colcon.colcon_core.package_identification:_identify(src/DOBOT_6Axis_ROS2_V4/onrobot_2fg7_description) by extension 'ros'
[0.239s] DEBUG:colcon.colcon_core.package_identification:Package 'src/DOBOT_6Axis_ROS2_V4/onrobot_2fg7_description' with type 'ros.ament_cmake' and name 'onrobot_2fg7_description'
[0.239s] Level 1:colcon.colcon_core.package_identification:_identify(src/DOBOT_6Axis_ROS2_V4/servo_action) by extensions ['ignore', 'ignore_ament_install']
[0.239s] Level 1:colcon.colcon_core.package_identification:_identify(src/DOBOT_6Axis_ROS2_V4/servo_action) by extension 'ignore'
[0.239s] Level 1:colcon.colcon_core.package_identification:_identify(src/DOBOT_6Axis_ROS2_V4/servo_action) by extension 'ignore_ament_install'
[0.240s] Level 1:colcon.colcon_core.package_identification:_identify(src/DOBOT_6Axis_ROS2_V4/servo_action) by extensions ['colcon_pkg']
[0.240s] Level 1:colcon.colcon_core.package_identification:_identify(src/DOBOT_6Axis_ROS2_V4/servo_action) by extension 'colcon_pkg'
[0.240s] Level 1:colcon.colcon_core.package_identification:_identify(src/DOBOT_6Axis_ROS2_V4/servo_action) by extensions ['colcon_meta']
[0.240s] Level 1:colcon.colcon_core.package_identification:_identify(src/DOBOT_6Axis_ROS2_V4/servo_action) by extension 'colcon_meta'
[0.240s] Level 1:colcon.colcon_core.package_identification:_identify(src/DOBOT_6Axis_ROS2_V4/servo_action) by extensions ['ros']
[0.240s] Level 1:colcon.colcon_core.package_identification:_identify(src/DOBOT_6Axis_ROS2_V4/servo_action) by extension 'ros'
[0.240s] DEBUG:colcon.colcon_core.package_identification:Package 'src/DOBOT_6Axis_ROS2_V4/servo_action' with type 'ros.ament_python' and name 'servo_action'
[0.241s] Level 1:colcon.colcon_core.package_identification:_identify(src/IFRA_LinkAttacher) by extensions ['ignore', 'ignore_ament_install']
[0.241s] Level 1:colcon.colcon_core.package_identification:_identify(src/IFRA_LinkAttacher) by extension 'ignore'
[0.241s] Level 1:colcon.colcon_core.package_identification:_identify(src/IFRA_LinkAttacher) by extension 'ignore_ament_install'
[0.241s] Level 1:colcon.colcon_core.package_identification:_identify(src/IFRA_LinkAttacher) by extensions ['colcon_pkg']
[0.241s] Level 1:colcon.colcon_core.package_identification:_identify(src/IFRA_LinkAttacher) by extension 'colcon_pkg'
[0.241s] Level 1:colcon.colcon_core.package_identification:_identify(src/IFRA_LinkAttacher) by extensions ['colcon_meta']
[0.241s] Level 1:colcon.colcon_core.package_identification:_identify(src/IFRA_LinkAttacher) by extension 'colcon_meta'
[0.241s] Level 1:colcon.colcon_core.package_identification:_identify(src/IFRA_LinkAttacher) by extensions ['ros']
[0.241s] Level 1:colcon.colcon_core.package_identification:_identify(src/IFRA_LinkAttacher) by extension 'ros'
[0.241s] Level 1:colcon.colcon_core.package_identification:_identify(src/IFRA_LinkAttacher) by extensions ['cmake', 'python']
[0.241s] Level 1:colcon.colcon_core.package_identification:_identify(src/IFRA_LinkAttacher) by extension 'cmake'
[0.241s] Level 1:colcon.colcon_core.package_identification:_identify(src/IFRA_LinkAttacher) by extension 'python'
[0.241s] Level 1:colcon.colcon_core.package_identification:_identify(src/IFRA_LinkAttacher) by extensions ['python_setup_py']
[0.242s] Level 1:colcon.colcon_core.package_identification:_identify(src/IFRA_LinkAttacher) by extension 'python_setup_py'
[0.242s] Level 1:colcon.colcon_core.package_identification:_identify(src/IFRA_LinkAttacher/linkattacher_msgs) by extensions ['ignore', 'ignore_ament_install']
[0.242s] Level 1:colcon.colcon_core.package_identification:_identify(src/IFRA_LinkAttacher/linkattacher_msgs) by extension 'ignore'
[0.242s] Level 1:colcon.colcon_core.package_identification:_identify(src/IFRA_LinkAttacher/linkattacher_msgs) by extension 'ignore_ament_install'
[0.242s] Level 1:colcon.colcon_core.package_identification:_identify(src/IFRA_LinkAttacher/linkattacher_msgs) by extensions ['colcon_pkg']
[0.242s] Level 1:colcon.colcon_core.package_identification:_identify(src/IFRA_LinkAttacher/linkattacher_msgs) by extension 'colcon_pkg'
[0.242s] Level 1:colcon.colcon_core.package_identification:_identify(src/IFRA_LinkAttacher/linkattacher_msgs) by extensions ['colcon_meta']
[0.242s] Level 1:colcon.colcon_core.package_identification:_identify(src/IFRA_LinkAttacher/linkattacher_msgs) by extension 'colcon_meta'
[0.242s] Level 1:colcon.colcon_core.package_identification:_identify(src/IFRA_LinkAttacher/linkattacher_msgs) by extensions ['ros']
[0.242s] Level 1:colcon.colcon_core.package_identification:_identify(src/IFRA_LinkAttacher/linkattacher_msgs) by extension 'ros'
[0.243s] DEBUG:colcon.colcon_core.package_identification:Package 'src/IFRA_LinkAttacher/linkattacher_msgs' with type 'ros.ament_cmake' and name 'linkattacher_msgs'
[0.243s] Level 1:colcon.colcon_core.package_identification:_identify(src/IFRA_LinkAttacher/ros2_LinkAttacher) by extensions ['ignore', 'ignore_ament_install']
[0.243s] Level 1:colcon.colcon_core.package_identification:_identify(src/IFRA_LinkAttacher/ros2_LinkAttacher) by extension 'ignore'
[0.243s] Level 1:colcon.colcon_core.package_identification:_identify(src/IFRA_LinkAttacher/ros2_LinkAttacher) by extension 'ignore_ament_install'
[0.243s] Level 1:colcon.colcon_core.package_identification:_identify(src/IFRA_LinkAttacher/ros2_LinkAttacher) by extensions ['colcon_pkg']
[0.243s] Level 1:colcon.colcon_core.package_identification:_identify(src/IFRA_LinkAttacher/ros2_LinkAttacher) by extension 'colcon_pkg'
[0.243s] Level 1:colcon.colcon_core.package_identification:_identify(src/IFRA_LinkAttacher/ros2_LinkAttacher) by extensions ['colcon_meta']
[0.244s] Level 1:colcon.colcon_core.package_identification:_identify(src/IFRA_LinkAttacher/ros2_LinkAttacher) by extension 'colcon_meta'
[0.244s] Level 1:colcon.colcon_core.package_identification:_identify(src/IFRA_LinkAttacher/ros2_LinkAttacher) by extensions ['ros']
[0.244s] Level 1:colcon.colcon_core.package_identification:_identify(src/IFRA_LinkAttacher/ros2_LinkAttacher) by extension 'ros'
[0.244s] DEBUG:colcon.colcon_core.package_identification:Package 'src/IFRA_LinkAttacher/ros2_LinkAttacher' with type 'ros.ament_cmake' and name 'ros2_linkattacher'
[0.244s] Level 1:colcon.colcon_core.package_discovery:discover_packages(recursive) using defaults
[0.244s] Level 1:colcon.colcon_core.package_discovery:discover_packages(ignore) discover
[0.244s] Level 1:colcon.colcon_core.package_discovery:discover_packages(ignore) using defaults
[0.244s] Level 1:colcon.colcon_core.package_discovery:discover_packages(path) discover
[0.244s] Level 1:colcon.colcon_core.package_discovery:discover_packages(path) using defaults
[0.262s] Level 1:colcon.colcon_core.package_discovery:discover_packages(prefix_path) check parameters
[0.262s] Level 1:colcon.colcon_core.package_discovery:discover_packages(prefix_path) discover
[0.264s] DEBUG:colcon.colcon_installed_package_information.package_discovery:Found 17 installed packages in /home/user/dobot_ws/install
[0.265s] DEBUG:colcon.colcon_installed_package_information.package_discovery:Found 288 installed packages in /opt/ros/humble
[0.272s] Level 1:colcon.colcon_core.package_discovery:discover_packages(prefix_path) using defaults
[0.299s] Level 5:colcon.colcon_core.verb:set package 'ariac_db' build argument 'cmake_args' from command line to 'None'
[0.299s] Level 5:colcon.colcon_core.verb:set package 'ariac_db' build argument 'cmake_target' from command line to 'None'
[0.299s] Level 5:colcon.colcon_core.verb:set package 'ariac_db' build argument 'cmake_target_skip_unavailable' from command line to 'False'
[0.299s] Level 5:colcon.colcon_core.verb:set package 'ariac_db' build argument 'cmake_clean_cache' from command line to 'False'
[0.299s] Level 5:colcon.colcon_core.verb:set package 'ariac_db' build argument 'cmake_clean_first' from command line to 'False'
[0.299s] Level 5:colcon.colcon_core.verb:set package 'ariac_db' build argument 'cmake_force_configure' from command line to 'False'
[0.299s] Level 5:colcon.colcon_core.verb:set package 'ariac_db' build argument 'ament_cmake_args' from command line to 'None'
[0.299s] Level 5:colcon.colcon_core.verb:set package 'ariac_db' build argument 'catkin_cmake_args' from command line to 'None'
[0.299s] Level 5:colcon.colcon_core.verb:set package 'ariac_db' build argument 'catkin_skip_building_tests' from command line to 'False'
[0.299s] DEBUG:colcon.colcon_core.verb:Building package 'ariac_db' with the following arguments: {'ament_cmake_args': None, 'build_base': '/home/user/dobot_ws/build/ariac_db', 'catkin_cmake_args': None, 'catkin_skip_building_tests': False, 'cmake_args': None, 'cmake_clean_cache': False, 'cmake_clean_first': False, 'cmake_force_configure': False, 'cmake_target': None, 'cmake_target_skip_unavailable': False, 'install_base': '/home/user/dobot_ws/install/ariac_db', 'merge_install': False, 'path': '/home/user/dobot_ws/src/ARIAC/ariac_db', 'symlink_install': False, 'test_result_base': None}
[0.300s] Level 5:colcon.colcon_core.verb:set package 'ariac_description' build argument 'cmake_args' from command line to 'None'
[0.300s] Level 5:colcon.colcon_core.verb:set package 'ariac_description' build argument 'cmake_target' from command line to 'None'
[0.300s] Level 5:colcon.colcon_core.verb:set package 'ariac_description' build argument 'cmake_target_skip_unavailable' from command line to 'False'
[0.300s] Level 5:colcon.colcon_core.verb:set package 'ariac_description' build argument 'cmake_clean_cache' from command line to 'False'
[0.300s] Level 5:colcon.colcon_core.verb:set package 'ariac_description' build argument 'cmake_clean_first' from command line to 'False'
[0.300s] Level 5:colcon.colcon_core.verb:set package 'ariac_description' build argument 'cmake_force_configure' from command line to 'False'
[0.300s] Level 5:colcon.colcon_core.verb:set package 'ariac_description' build argument 'ament_cmake_args' from command line to 'None'
[0.300s] Level 5:colcon.colcon_core.verb:set package 'ariac_description' build argument 'catkin_cmake_args' from command line to 'None'
[0.300s] Level 5:colcon.colcon_core.verb:set package 'ariac_description' build argument 'catkin_skip_building_tests' from command line to 'False'
[0.300s] DEBUG:colcon.colcon_core.verb:Building package 'ariac_description' with the following arguments: {'ament_cmake_args': None, 'build_base': '/home/user/dobot_ws/build/ariac_description', 'catkin_cmake_args': None, 'catkin_skip_building_tests': False, 'cmake_args': None, 'cmake_clean_cache': False, 'cmake_clean_first': False, 'cmake_force_configure': False, 'cmake_target': None, 'cmake_target_skip_unavailable': False, 'install_base': '/home/user/dobot_ws/install/ariac_description', 'merge_install': False, 'path': '/home/user/dobot_ws/src/ARIAC/ariac_description', 'symlink_install': False, 'test_result_base': None}
[0.300s] Level 5:colcon.colcon_core.verb:set package 'ariac_interfaces' build argument 'cmake_args' from command line to 'None'
[0.300s] Level 5:colcon.colcon_core.verb:set package 'ariac_interfaces' build argument 'cmake_target' from command line to 'None'
[0.300s] Level 5:colcon.colcon_core.verb:set package 'ariac_interfaces' build argument 'cmake_target_skip_unavailable' from command line to 'False'
[0.300s] Level 5:colcon.colcon_core.verb:set package 'ariac_interfaces' build argument 'cmake_clean_cache' from command line to 'False'
[0.300s] Level 5:colcon.colcon_core.verb:set package 'ariac_interfaces' build argument 'cmake_clean_first' from command line to 'False'
[0.300s] Level 5:colcon.colcon_core.verb:set package 'ariac_interfaces' build argument 'cmake_force_configure' from command line to 'False'
[0.300s] Level 5:colcon.colcon_core.verb:set package 'ariac_interfaces' build argument 'ament_cmake_args' from command line to 'None'
[0.300s] Level 5:colcon.colcon_core.verb:set package 'ariac_interfaces' build argument 'catkin_cmake_args' from command line to 'None'
[0.300s] Level 5:colcon.colcon_core.verb:set package 'ariac_interfaces' build argument 'catkin_skip_building_tests' from command line to 'False'
[0.300s] DEBUG:colcon.colcon_core.verb:Building package 'ariac_interfaces' with the following arguments: {'ament_cmake_args': None, 'build_base': '/home/user/dobot_ws/build/ariac_interfaces', 'catkin_cmake_args': None, 'catkin_skip_building_tests': False, 'cmake_args': None, 'cmake_clean_cache': False, 'cmake_clean_first': False, 'cmake_force_configure': False, 'cmake_target': None, 'cmake_target_skip_unavailable': False, 'install_base': '/home/user/dobot_ws/install/ariac_interfaces', 'merge_install': False, 'path': '/home/user/dobot_ws/src/ARIAC/ariac_interfaces', 'symlink_install': False, 'test_result_base': None}
[0.301s] Level 5:colcon.colcon_core.verb:set package 'ariac_setup' build argument 'cmake_args' from command line to 'None'
[0.301s] Level 5:colcon.colcon_core.verb:set package 'ariac_setup' build argument 'cmake_target' from command line to 'None'
[0.301s] Level 5:colcon.colcon_core.verb:set package 'ariac_setup' build argument 'cmake_target_skip_unavailable' from command line to 'False'
[0.301s] Level 5:colcon.colcon_core.verb:set package 'ariac_setup' build argument 'cmake_clean_cache' from command line to 'False'
[0.301s] Level 5:colcon.colcon_core.verb:set package 'ariac_setup' build argument 'cmake_clean_first' from command line to 'False'
[0.301s] Level 5:colcon.colcon_core.verb:set package 'ariac_setup' build argument 'cmake_force_configure' from command line to 'False'
[0.301s] Level 5:colcon.colcon_core.verb:set package 'ariac_setup' build argument 'ament_cmake_args' from command line to 'None'
[0.301s] Level 5:colcon.colcon_core.verb:set package 'ariac_setup' build argument 'catkin_cmake_args' from command line to 'None'
[0.301s] Level 5:colcon.colcon_core.verb:set package 'ariac_setup' build argument 'catkin_skip_building_tests' from command line to 'False'
[0.301s] DEBUG:colcon.colcon_core.verb:Building package 'ariac_setup' with the following arguments: {'ament_cmake_args': None, 'build_base': '/home/user/dobot_ws/build/ariac_setup', 'catkin_cmake_args': None, 'catkin_skip_building_tests': False, 'cmake_args': None, 'cmake_clean_cache': False, 'cmake_clean_first': False, 'cmake_force_configure': False, 'cmake_target': None, 'cmake_target_skip_unavailable': False, 'install_base': '/home/user/dobot_ws/install/ariac_setup', 'merge_install': False, 'path': '/home/user/dobot_ws/src/ARIAC/ariac_setup', 'symlink_install': False, 'test_result_base': None}
[0.301s] Level 5:colcon.colcon_core.verb:set package 'dobot_demo' build argument 'cmake_args' from command line to 'None'
[0.301s] Level 5:colcon.colcon_core.verb:set package 'dobot_demo' build argument 'cmake_target' from command line to 'None'
[0.301s] Level 5:colcon.colcon_core.verb:set package 'dobot_demo' build argument 'cmake_target_skip_unavailable' from command line to 'False'
[0.301s] Level 5:colcon.colcon_core.verb:set package 'dobot_demo' build argument 'cmake_clean_cache' from command line to 'False'
[0.301s] Level 5:colcon.colcon_core.verb:set package 'dobot_demo' build argument 'cmake_clean_first' from command line to 'False'
[0.301s] Level 5:colcon.colcon_core.verb:set package 'dobot_demo' build argument 'cmake_force_configure' from command line to 'False'
[0.302s] Level 5:colcon.colcon_core.verb:set package 'dobot_demo' build argument 'ament_cmake_args' from command line to 'None'
[0.302s] Level 5:colcon.colcon_core.verb:set package 'dobot_demo' build argument 'catkin_cmake_args' from command line to 'None'
[0.302s] Level 5:colcon.colcon_core.verb:set package 'dobot_demo' build argument 'catkin_skip_building_tests' from command line to 'False'
[0.302s] DEBUG:colcon.colcon_core.verb:Building package 'dobot_demo' with the following arguments: {'ament_cmake_args': None, 'build_base': '/home/user/dobot_ws/build/dobot_demo', 'catkin_cmake_args': None, 'catkin_skip_building_tests': False, 'cmake_args': None, 'cmake_clean_cache': False, 'cmake_clean_first': False, 'cmake_force_configure': False, 'cmake_target': None, 'cmake_target_skip_unavailable': False, 'install_base': '/home/user/dobot_ws/install/dobot_demo', 'merge_install': False, 'path': '/home/user/dobot_ws/src/DOBOT_6Axis_ROS2_V4/dobot_demo', 'symlink_install': False, 'test_result_base': None}
[0.302s] Level 5:colcon.colcon_core.verb:set package 'dobot_demo_cpp' build argument 'cmake_args' from command line to 'None'
[0.302s] Level 5:colcon.colcon_core.verb:set package 'dobot_demo_cpp' build argument 'cmake_target' from command line to 'None'
[0.302s] Level 5:colcon.colcon_core.verb:set package 'dobot_demo_cpp' build argument 'cmake_target_skip_unavailable' from command line to 'False'
[0.302s] Level 5:colcon.colcon_core.verb:set package 'dobot_demo_cpp' build argument 'cmake_clean_cache' from command line to 'False'
[0.302s] Level 5:colcon.colcon_core.verb:set package 'dobot_demo_cpp' build argument 'cmake_clean_first' from command line to 'False'
[0.302s] Level 5:colcon.colcon_core.verb:set package 'dobot_demo_cpp' build argument 'cmake_force_configure' from command line to 'False'
[0.302s] Level 5:colcon.colcon_core.verb:set package 'dobot_demo_cpp' build argument 'ament_cmake_args' from command line to 'None'
[0.302s] Level 5:colcon.colcon_core.verb:set package 'dobot_demo_cpp' build argument 'catkin_cmake_args' from command line to 'None'
[0.302s] Level 5:colcon.colcon_core.verb:set package 'dobot_demo_cpp' build argument 'catkin_skip_building_tests' from command line to 'False'
[0.302s] DEBUG:colcon.colcon_core.verb:Building package 'dobot_demo_cpp' with the following arguments: {'ament_cmake_args': None, 'build_base': '/home/user/dobot_ws/build/dobot_demo_cpp', 'catkin_cmake_args': None, 'catkin_skip_building_tests': False, 'cmake_args': None, 'cmake_clean_cache': False, 'cmake_clean_first': False, 'cmake_force_configure': False, 'cmake_target': None, 'cmake_target_skip_unavailable': False, 'install_base': '/home/user/dobot_ws/install/dobot_demo_cpp', 'merge_install': False, 'path': '/home/user/dobot_ws/src/DOBOT_6Axis_ROS2_V4/dobot_demo_cpp', 'symlink_install': False, 'test_result_base': None}
[0.302s] Level 5:colcon.colcon_core.verb:set package 'dobot_moveit' build argument 'cmake_args' from command line to 'None'
[0.302s] Level 5:colcon.colcon_core.verb:set package 'dobot_moveit' build argument 'cmake_target' from command line to 'None'
[0.302s] Level 5:colcon.colcon_core.verb:set package 'dobot_moveit' build argument 'cmake_target_skip_unavailable' from command line to 'False'
[0.302s] Level 5:colcon.colcon_core.verb:set package 'dobot_moveit' build argument 'cmake_clean_cache' from command line to 'False'
[0.302s] Level 5:colcon.colcon_core.verb:set package 'dobot_moveit' build argument 'cmake_clean_first' from command line to 'False'
[0.303s] Level 5:colcon.colcon_core.verb:set package 'dobot_moveit' build argument 'cmake_force_configure' from command line to 'False'
[0.303s] Level 5:colcon.colcon_core.verb:set package 'dobot_moveit' build argument 'ament_cmake_args' from command line to 'None'
[0.303s] Level 5:colcon.colcon_core.verb:set package 'dobot_moveit' build argument 'catkin_cmake_args' from command line to 'None'
[0.303s] Level 5:colcon.colcon_core.verb:set package 'dobot_moveit' build argument 'catkin_skip_building_tests' from command line to 'False'
[0.303s] DEBUG:colcon.colcon_core.verb:Building package 'dobot_moveit' with the following arguments: {'ament_cmake_args': None, 'build_base': '/home/user/dobot_ws/build/dobot_moveit', 'catkin_cmake_args': None, 'catkin_skip_building_tests': False, 'cmake_args': None, 'cmake_clean_cache': False, 'cmake_clean_first': False, 'cmake_force_configure': False, 'cmake_target': None, 'cmake_target_skip_unavailable': False, 'install_base': '/home/user/dobot_ws/install/dobot_moveit', 'merge_install': False, 'path': '/home/user/dobot_ws/src/DOBOT_6Axis_ROS2_V4/dobot_moveit', 'symlink_install': False, 'test_result_base': None}
[0.303s] Level 5:colcon.colcon_core.verb:set package 'dobot_msgs_v4' build argument 'cmake_args' from command line to 'None'
[0.303s] Level 5:colcon.colcon_core.verb:set package 'dobot_msgs_v4' build argument 'cmake_target' from command line to 'None'
[0.303s] Level 5:colcon.colcon_core.verb:set package 'dobot_msgs_v4' build argument 'cmake_target_skip_unavailable' from command line to 'False'
[0.303s] Level 5:colcon.colcon_core.verb:set package 'dobot_msgs_v4' build argument 'cmake_clean_cache' from command line to 'False'
[0.303s] Level 5:colcon.colcon_core.verb:set package 'dobot_msgs_v4' build argument 'cmake_clean_first' from command line to 'False'
[0.303s] Level 5:colcon.colcon_core.verb:set package 'dobot_msgs_v4' build argument 'cmake_force_configure' from command line to 'False'
[0.303s] Level 5:colcon.colcon_core.verb:set package 'dobot_msgs_v4' build argument 'ament_cmake_args' from command line to 'None'
[0.303s] Level 5:colcon.colcon_core.verb:set package 'dobot_msgs_v4' build argument 'catkin_cmake_args' from command line to 'None'
[0.303s] Level 5:colcon.colcon_core.verb:set package 'dobot_msgs_v4' build argument 'catkin_skip_building_tests' from command line to 'False'
[0.303s] DEBUG:colcon.colcon_core.verb:Building package 'dobot_msgs_v4' with the following arguments: {'ament_cmake_args': None, 'build_base': '/home/user/dobot_ws/build/dobot_msgs_v4', 'catkin_cmake_args': None, 'catkin_skip_building_tests': False, 'cmake_args': None, 'cmake_clean_cache': False, 'cmake_clean_first': False, 'cmake_force_configure': False, 'cmake_target': None, 'cmake_target_skip_unavailable': False, 'install_base': '/home/user/dobot_ws/install/dobot_msgs_v4', 'merge_install': False, 'path': '/home/user/dobot_ws/src/DOBOT_6Axis_ROS2_V4/dobot_msgs_v4', 'symlink_install': False, 'test_result_base': None}
[0.303s] Level 5:colcon.colcon_core.verb:set package 'dobot_rviz' build argument 'cmake_args' from command line to 'None'
[0.303s] Level 5:colcon.colcon_core.verb:set package 'dobot_rviz' build argument 'cmake_target' from command line to 'None'
[0.303s] Level 5:colcon.colcon_core.verb:set package 'dobot_rviz' build argument 'cmake_target_skip_unavailable' from command line to 'False'
[0.304s] Level 5:colcon.colcon_core.verb:set package 'dobot_rviz' build argument 'cmake_clean_cache' from command line to 'False'
[0.304s] Level 5:colcon.colcon_core.verb:set package 'dobot_rviz' build argument 'cmake_clean_first' from command line to 'False'
[0.304s] Level 5:colcon.colcon_core.verb:set package 'dobot_rviz' build argument 'cmake_force_configure' from command line to 'False'
[0.304s] Level 5:colcon.colcon_core.verb:set package 'dobot_rviz' build argument 'ament_cmake_args' from command line to 'None'
[0.304s] Level 5:colcon.colcon_core.verb:set package 'dobot_rviz' build argument 'catkin_cmake_args' from command line to 'None'
[0.304s] Level 5:colcon.colcon_core.verb:set package 'dobot_rviz' build argument 'catkin_skip_building_tests' from command line to 'False'
[0.304s] DEBUG:colcon.colcon_core.verb:Building package 'dobot_rviz' with the following arguments: {'ament_cmake_args': None, 'build_base': '/home/user/dobot_ws/build/dobot_rviz', 'catkin_cmake_args': None, 'catkin_skip_building_tests': False, 'cmake_args': None, 'cmake_clean_cache': False, 'cmake_clean_first': False, 'cmake_force_configure': False, 'cmake_target': None, 'cmake_target_skip_unavailable': False, 'install_base': '/home/user/dobot_ws/install/dobot_rviz', 'merge_install': False, 'path': '/home/user/dobot_ws/src/DOBOT_6Axis_ROS2_V4/dobot_rviz', 'symlink_install': False, 'test_result_base': None}
[0.304s] Level 5:colcon.colcon_core.verb:set package 'linkattacher_msgs' build argument 'cmake_args' from command line to 'None'
[0.304s] Level 5:colcon.colcon_core.verb:set package 'linkattacher_msgs' build argument 'cmake_target' from command line to 'None'
[0.304s] Level 5:colcon.colcon_core.verb:set package 'linkattacher_msgs' build argument 'cmake_target_skip_unavailable' from command line to 'False'
[0.304s] Level 5:colcon.colcon_core.verb:set package 'linkattacher_msgs' build argument 'cmake_clean_cache' from command line to 'False'
[0.304s] Level 5:colcon.colcon_core.verb:set package 'linkattacher_msgs' build argument 'cmake_clean_first' from command line to 'False'
[0.304s] Level 5:colcon.colcon_core.verb:set package 'linkattacher_msgs' build argument 'cmake_force_configure' from command line to 'False'
[0.304s] Level 5:colcon.colcon_core.verb:set package 'linkattacher_msgs' build argument 'ament_cmake_args' from command line to 'None'
[0.304s] Level 5:colcon.colcon_core.verb:set package 'linkattacher_msgs' build argument 'catkin_cmake_args' from command line to 'None'
[0.304s] Level 5:colcon.colcon_core.verb:set package 'linkattacher_msgs' build argument 'catkin_skip_building_tests' from command line to 'False'
[0.304s] DEBUG:colcon.colcon_core.verb:Building package 'linkattacher_msgs' with the following arguments: {'ament_cmake_args': None, 'build_base': '/home/user/dobot_ws/build/linkattacher_msgs', 'catkin_cmake_args': None, 'catkin_skip_building_tests': False, 'cmake_args': None, 'cmake_clean_cache': False, 'cmake_clean_first': False, 'cmake_force_configure': False, 'cmake_target': None, 'cmake_target_skip_unavailable': False, 'install_base': '/home/user/dobot_ws/install/linkattacher_msgs', 'merge_install': False, 'path': '/home/user/dobot_ws/src/IFRA_LinkAttacher/linkattacher_msgs', 'symlink_install': False, 'test_result_base': None}
[0.305s] Level 5:colcon.colcon_core.verb:set package 'onrobot_2fg7_description' build argument 'cmake_args' from command line to 'None'
[0.305s] Level 5:colcon.colcon_core.verb:set package 'onrobot_2fg7_description' build argument 'cmake_target' from command line to 'None'
[0.305s] Level 5:colcon.colcon_core.verb:set package 'onrobot_2fg7_description' build argument 'cmake_target_skip_unavailable' from command line to 'False'
[0.305s] Level 5:colcon.colcon_core.verb:set package 'onrobot_2fg7_description' build argument 'cmake_clean_cache' from command line to 'False'
[0.305s] Level 5:colcon.colcon_core.verb:set package 'onrobot_2fg7_description' build argument 'cmake_clean_first' from command line to 'False'
[0.305s] Level 5:colcon.colcon_core.verb:set package 'onrobot_2fg7_description' build argument 'cmake_force_configure' from command line to 'False'
[0.305s] Level 5:colcon.colcon_core.verb:set package 'onrobot_2fg7_description' build argument 'ament_cmake_args' from command line to 'None'
[0.305s] Level 5:colcon.colcon_core.verb:set package 'onrobot_2fg7_description' build argument 'catkin_cmake_args' from command line to 'None'
[0.305s] Level 5:colcon.colcon_core.verb:set package 'onrobot_2fg7_description' build argument 'catkin_skip_building_tests' from command line to 'False'
[0.305s] DEBUG:colcon.colcon_core.verb:Building package 'onrobot_2fg7_description' with the following arguments: {'ament_cmake_args': None, 'build_base': '/home/user/dobot_ws/build/onrobot_2fg7_description', 'catkin_cmake_args': None, 'catkin_skip_building_tests': False, 'cmake_args': None, 'cmake_clean_cache': False, 'cmake_clean_first': False, 'cmake_force_configure': False, 'cmake_target': None, 'cmake_target_skip_unavailable': False, 'install_base': '/home/user/dobot_ws/install/onrobot_2fg7_description', 'merge_install': False, 'path': '/home/user/dobot_ws/src/DOBOT_6Axis_ROS2_V4/onrobot_2fg7_description', 'symlink_install': False, 'test_result_base': None}
[0.305s] Level 5:colcon.colcon_core.verb:set package 'servo_action' build argument 'cmake_args' from command line to 'None'
[0.305s] Level 5:colcon.colcon_core.verb:set package 'servo_action' build argument 'cmake_target' from command line to 'None'
[0.305s] Level 5:colcon.colcon_core.verb:set package 'servo_action' build argument 'cmake_target_skip_unavailable' from command line to 'False'
[0.305s] Level 5:colcon.colcon_core.verb:set package 'servo_action' build argument 'cmake_clean_cache' from command line to 'False'
[0.306s] Level 5:colcon.colcon_core.verb:set package 'servo_action' build argument 'cmake_clean_first' from command line to 'False'
[0.306s] Level 5:colcon.colcon_core.verb:set package 'servo_action' build argument 'cmake_force_configure' from command line to 'False'
[0.306s] Level 5:colcon.colcon_core.verb:set package 'servo_action' build argument 'ament_cmake_args' from command line to 'None'
[0.306s] Level 5:colcon.colcon_core.verb:set package 'servo_action' build argument 'catkin_cmake_args' from command line to 'None'
[0.306s] Level 5:colcon.colcon_core.verb:set package 'servo_action' build argument 'catkin_skip_building_tests' from command line to 'False'
[0.306s] DEBUG:colcon.colcon_core.verb:Building package 'servo_action' with the following arguments: {'ament_cmake_args': None, 'build_base': '/home/user/dobot_ws/build/servo_action', 'catkin_cmake_args': None, 'catkin_skip_building_tests': False, 'cmake_args': None, 'cmake_clean_cache': False, 'cmake_clean_first': False, 'cmake_force_configure': False, 'cmake_target': None, 'cmake_target_skip_unavailable': False, 'install_base': '/home/user/dobot_ws/install/servo_action', 'merge_install': False, 'path': '/home/user/dobot_ws/src/DOBOT_6Axis_ROS2_V4/servo_action', 'symlink_install': False, 'test_result_base': None}
[0.306s] Level 5:colcon.colcon_core.verb:set package 'ariac_app' build argument 'cmake_args' from command line to 'None'
[0.306s] Level 5:colcon.colcon_core.verb:set package 'ariac_app' build argument 'cmake_target' from command line to 'None'
[0.306s] Level 5:colcon.colcon_core.verb:set package 'ariac_app' build argument 'cmake_target_skip_unavailable' from command line to 'False'
[0.306s] Level 5:colcon.colcon_core.verb:set package 'ariac_app' build argument 'cmake_clean_cache' from command line to 'False'
[0.306s] Level 5:colcon.colcon_core.verb:set package 'ariac_app' build argument 'cmake_clean_first' from command line to 'False'
[0.306s] Level 5:colcon.colcon_core.verb:set package 'ariac_app' build argument 'cmake_force_configure' from command line to 'False'
[0.306s] Level 5:colcon.colcon_core.verb:set package 'ariac_app' build argument 'ament_cmake_args' from command line to 'None'
[0.306s] Level 5:colcon.colcon_core.verb:set package 'ariac_app' build argument 'catkin_cmake_args' from command line to 'None'
[0.306s] Level 5:colcon.colcon_core.verb:set package 'ariac_app' build argument 'catkin_skip_building_tests' from command line to 'False'
[0.306s] DEBUG:colcon.colcon_core.verb:Building package 'ariac_app' with the following arguments: {'ament_cmake_args': None, 'build_base': '/home/user/dobot_ws/build/ariac_app', 'catkin_cmake_args': None, 'catkin_skip_building_tests': False, 'cmake_args': None, 'cmake_clean_cache': False, 'cmake_clean_first': False, 'cmake_force_configure': False, 'cmake_target': None, 'cmake_target_skip_unavailable': False, 'install_base': '/home/user/dobot_ws/install/ariac_app', 'merge_install': False, 'path': '/home/user/dobot_ws/src/ARIAC/ariac_app', 'symlink_install': False, 'test_result_base': None}
[0.307s] Level 5:colcon.colcon_core.verb:set package 'ariac_gz' build argument 'cmake_args' from command line to 'None'
[0.307s] Level 5:colcon.colcon_core.verb:set package 'ariac_gz' build argument 'cmake_target' from command line to 'None'
[0.307s] Level 5:colcon.colcon_core.verb:set package 'ariac_gz' build argument 'cmake_target_skip_unavailable' from command line to 'False'
[0.307s] Level 5:colcon.colcon_core.verb:set package 'ariac_gz' build argument 'cmake_clean_cache' from command line to 'False'
[0.307s] Level 5:colcon.colcon_core.verb:set package 'ariac_gz' build argument 'cmake_clean_first' from command line to 'False'
[0.307s] Level 5:colcon.colcon_core.verb:set package 'ariac_gz' build argument 'cmake_force_configure' from command line to 'False'
[0.307s] Level 5:colcon.colcon_core.verb:set package 'ariac_gz' build argument 'ament_cmake_args' from command line to 'None'
[0.307s] Level 5:colcon.colcon_core.verb:set package 'ariac_gz' build argument 'catkin_cmake_args' from command line to 'None'
[0.307s] Level 5:colcon.colcon_core.verb:set package 'ariac_gz' build argument 'catkin_skip_building_tests' from command line to 'False'
[0.307s] DEBUG:colcon.colcon_core.verb:Building package 'ariac_gz' with the following arguments: {'ament_cmake_args': None, 'build_base': '/home/user/dobot_ws/build/ariac_gz', 'catkin_cmake_args': None, 'catkin_skip_building_tests': False, 'cmake_args': None, 'cmake_clean_cache': False, 'cmake_clean_first': False, 'cmake_force_configure': False, 'cmake_target': None, 'cmake_target_skip_unavailable': False, 'install_base': '/home/user/dobot_ws/install/ariac_gz', 'merge_install': False, 'path': '/home/user/dobot_ws/src/ARIAC/ariac_gz', 'symlink_install': False, 'test_result_base': None}
[0.307s] Level 5:colcon.colcon_core.verb:set package 'ariac_plugins' build argument 'cmake_args' from command line to 'None'
[0.307s] Level 5:colcon.colcon_core.verb:set package 'ariac_plugins' build argument 'cmake_target' from command line to 'None'
[0.307s] Level 5:colcon.colcon_core.verb:set package 'ariac_plugins' build argument 'cmake_target_skip_unavailable' from command line to 'False'
[0.307s] Level 5:colcon.colcon_core.verb:set package 'ariac_plugins' build argument 'cmake_clean_cache' from command line to 'False'
[0.307s] Level 5:colcon.colcon_core.verb:set package 'ariac_plugins' build argument 'cmake_clean_first' from command line to 'False'
[0.307s] Level 5:colcon.colcon_core.verb:set package 'ariac_plugins' build argument 'cmake_force_configure' from command line to 'False'
[0.307s] Level 5:colcon.colcon_core.verb:set package 'ariac_plugins' build argument 'ament_cmake_args' from command line to 'None'
[0.307s] Level 5:colcon.colcon_core.verb:set package 'ariac_plugins' build argument 'catkin_cmake_args' from command line to 'None'
[0.307s] Level 5:colcon.colcon_core.verb:set package 'ariac_plugins' build argument 'catkin_skip_building_tests' from command line to 'False'
[0.307s] DEBUG:colcon.colcon_core.verb:Building package 'ariac_plugins' with the following arguments: {'ament_cmake_args': None, 'build_base': '/home/user/dobot_ws/build/ariac_plugins', 'catkin_cmake_args': None, 'catkin_skip_building_tests': False, 'cmake_args': None, 'cmake_clean_cache': False, 'cmake_clean_first': False, 'cmake_force_configure': False, 'cmake_target': None, 'cmake_target_skip_unavailable': False, 'install_base': '/home/user/dobot_ws/install/ariac_plugins', 'merge_install': False, 'path': '/home/user/dobot_ws/src/ARIAC/ariac_plugins', 'symlink_install': False, 'test_result_base': None}
[0.308s] Level 5:colcon.colcon_core.verb:set package 'cr7_moveit' build argument 'cmake_args' from command line to 'None'
[0.308s] Level 5:colcon.colcon_core.verb:set package 'cr7_moveit' build argument 'cmake_target' from command line to 'None'
[0.308s] Level 5:colcon.colcon_core.verb:set package 'cr7_moveit' build argument 'cmake_target_skip_unavailable' from command line to 'False'
[0.308s] Level 5:colcon.colcon_core.verb:set package 'cr7_moveit' build argument 'cmake_clean_cache' from command line to 'False'
[0.308s] Level 5:colcon.colcon_core.verb:set package 'cr7_moveit' build argument 'cmake_clean_first' from command line to 'False'
[0.308s] Level 5:colcon.colcon_core.verb:set package 'cr7_moveit' build argument 'cmake_force_configure' from command line to 'False'
[0.308s] Level 5:colcon.colcon_core.verb:set package 'cr7_moveit' build argument 'ament_cmake_args' from command line to 'None'
[0.308s] Level 5:colcon.colcon_core.verb:set package 'cr7_moveit' build argument 'catkin_cmake_args' from command line to 'None'
[0.308s] Level 5:colcon.colcon_core.verb:set package 'cr7_moveit' build argument 'catkin_skip_building_tests' from command line to 'False'
[0.308s] DEBUG:colcon.colcon_core.verb:Building package 'cr7_moveit' with the following arguments: {'ament_cmake_args': None, 'build_base': '/home/user/dobot_ws/build/cr7_moveit', 'catkin_cmake_args': None, 'catkin_skip_building_tests': False, 'cmake_args': None, 'cmake_clean_cache': False, 'cmake_clean_first': False, 'cmake_force_configure': False, 'cmake_target': None, 'cmake_target_skip_unavailable': False, 'install_base': '/home/user/dobot_ws/install/cr7_moveit', 'merge_install': False, 'path': '/home/user/dobot_ws/src/DOBOT_6Axis_ROS2_V4/cr7_moveit', 'symlink_install': False, 'test_result_base': None}
[0.308s] Level 5:colcon.colcon_core.verb:set package 'cr_robot_ros2' build argument 'cmake_args' from command line to 'None'
[0.308s] Level 5:colcon.colcon_core.verb:set package 'cr_robot_ros2' build argument 'cmake_target' from command line to 'None'
[0.308s] Level 5:colcon.colcon_core.verb:set package 'cr_robot_ros2' build argument 'cmake_target_skip_unavailable' from command line to 'False'
[0.308s] Level 5:colcon.colcon_core.verb:set package 'cr_robot_ros2' build argument 'cmake_clean_cache' from command line to 'False'
[0.308s] Level 5:colcon.colcon_core.verb:set package 'cr_robot_ros2' build argument 'cmake_clean_first' from command line to 'False'
[0.308s] Level 5:colcon.colcon_core.verb:set package 'cr_robot_ros2' build argument 'cmake_force_configure' from command line to 'False'
[0.308s] Level 5:colcon.colcon_core.verb:set package 'cr_robot_ros2' build argument 'ament_cmake_args' from command line to 'None'
[0.308s] Level 5:colcon.colcon_core.verb:set package 'cr_robot_ros2' build argument 'catkin_cmake_args' from command line to 'None'
[0.308s] Level 5:colcon.colcon_core.verb:set package 'cr_robot_ros2' build argument 'catkin_skip_building_tests' from command line to 'False'
[0.308s] DEBUG:colcon.colcon_core.verb:Building package 'cr_robot_ros2' with the following arguments: {'ament_cmake_args': None, 'build_base': '/home/user/dobot_ws/build/cr_robot_ros2', 'catkin_cmake_args': None, 'catkin_skip_building_tests': False, 'cmake_args': None, 'cmake_clean_cache': False, 'cmake_clean_first': False, 'cmake_force_configure': False, 'cmake_target': None, 'cmake_target_skip_unavailable': False, 'install_base': '/home/user/dobot_ws/install/cr_robot_ros2', 'merge_install': False, 'path': '/home/user/dobot_ws/src/DOBOT_6Axis_ROS2_V4/dobot_bringup_v4', 'symlink_install': False, 'test_result_base': None}
[0.309s] Level 5:colcon.colcon_core.verb:set package 'cra_description' build argument 'cmake_args' from command line to 'None'
[0.309s] Level 5:colcon.colcon_core.verb:set package 'cra_description' build argument 'cmake_target' from command line to 'None'
[0.309s] Level 5:colcon.colcon_core.verb:set package 'cra_description' build argument 'cmake_target_skip_unavailable' from command line to 'False'
[0.309s] Level 5:colcon.colcon_core.verb:set package 'cra_description' build argument 'cmake_clean_cache' from command line to 'False'
[0.309s] Level 5:colcon.colcon_core.verb:set package 'cra_description' build argument 'cmake_clean_first' from command line to 'False'
[0.309s] Level 5:colcon.colcon_core.verb:set package 'cra_description' build argument 'cmake_force_configure' from command line to 'False'
[0.309s] Level 5:colcon.colcon_core.verb:set package 'cra_description' build argument 'ament_cmake_args' from command line to 'None'
[0.309s] Level 5:colcon.colcon_core.verb:set package 'cra_description' build argument 'catkin_cmake_args' from command line to 'None'
[0.309s] Level 5:colcon.colcon_core.verb:set package 'cra_description' build argument 'catkin_skip_building_tests' from command line to 'False'
[0.309s] DEBUG:colcon.colcon_core.verb:Building package 'cra_description' with the following arguments: {'ament_cmake_args': None, 'build_base': '/home/user/dobot_ws/build/cra_description', 'catkin_cmake_args': None, 'catkin_skip_building_tests': False, 'cmake_args': None, 'cmake_clean_cache': False, 'cmake_clean_first': False, 'cmake_force_configure': False, 'cmake_target': None, 'cmake_target_skip_unavailable': False, 'install_base': '/home/user/dobot_ws/install/cra_description', 'merge_install': False, 'path': '/home/user/dobot_ws/src/DOBOT_6Axis_ROS2_V4/cra_description', 'symlink_install': False, 'test_result_base': None}
[0.309s] Level 5:colcon.colcon_core.verb:set package 'robotiq_gripper_controller' build argument 'cmake_args' from command line to 'None'
[0.309s] Level 5:colcon.colcon_core.verb:set package 'robotiq_gripper_controller' build argument 'cmake_target' from command line to 'None'
[0.309s] Level 5:colcon.colcon_core.verb:set package 'robotiq_gripper_controller' build argument 'cmake_target_skip_unavailable' from command line to 'False'
[0.309s] Level 5:colcon.colcon_core.verb:set package 'robotiq_gripper_controller' build argument 'cmake_clean_cache' from command line to 'False'
[0.309s] Level 5:colcon.colcon_core.verb:set package 'robotiq_gripper_controller' build argument 'cmake_clean_first' from command line to 'False'
[0.309s] Level 5:colcon.colcon_core.verb:set package 'robotiq_gripper_controller' build argument 'cmake_force_configure' from command line to 'False'
[0.309s] Level 5:colcon.colcon_core.verb:set package 'robotiq_gripper_controller' build argument 'ament_cmake_args' from command line to 'None'
[0.309s] Level 5:colcon.colcon_core.verb:set package 'robotiq_gripper_controller' build argument 'catkin_cmake_args' from command line to 'None'
[0.309s] Level 5:colcon.colcon_core.verb:set package 'robotiq_gripper_controller' build argument 'catkin_skip_building_tests' from command line to 'False'
[0.309s] DEBUG:colcon.colcon_core.verb:Building package 'robotiq_gripper_controller' with the following arguments: {'ament_cmake_args': None, 'build_base': '/home/user/dobot_ws/build/robotiq_gripper_controller', 'catkin_cmake_args': None, 'catkin_skip_building_tests': False, 'cmake_args': None, 'cmake_clean_cache': False, 'cmake_clean_first': False, 'cmake_force_configure': False, 'cmake_target': None, 'cmake_target_skip_unavailable': False, 'install_base': '/home/user/dobot_ws/install/robotiq_gripper_controller', 'merge_install': False, 'path': '/home/user/dobot_ws/src/ARIAC/robotiq_gripper_controller', 'symlink_install': False, 'test_result_base': None}
[0.310s] Level 5:colcon.colcon_core.verb:set package 'ros2_linkattacher' build argument 'cmake_args' from command line to 'None'
[0.310s] Level 5:colcon.colcon_core.verb:set package 'ros2_linkattacher' build argument 'cmake_target' from command line to 'None'
[0.310s] Level 5:colcon.colcon_core.verb:set package 'ros2_linkattacher' build argument 'cmake_target_skip_unavailable' from command line to 'False'
[0.310s] Level 5:colcon.colcon_core.verb:set package 'ros2_linkattacher' build argument 'cmake_clean_cache' from command line to 'False'
[0.310s] Level 5:colcon.colcon_core.verb:set package 'ros2_linkattacher' build argument 'cmake_clean_first' from command line to 'False'
[0.310s] Level 5:colcon.colcon_core.verb:set package 'ros2_linkattacher' build argument 'cmake_force_configure' from command line to 'False'
[0.310s] Level 5:colcon.colcon_core.verb:set package 'ros2_linkattacher' build argument 'ament_cmake_args' from command line to 'None'
[0.310s] Level 5:colcon.colcon_core.verb:set package 'ros2_linkattacher' build argument 'catkin_cmake_args' from command line to 'None'
[0.310s] Level 5:colcon.colcon_core.verb:set package 'ros2_linkattacher' build argument 'catkin_skip_building_tests' from command line to 'False'
[0.310s] DEBUG:colcon.colcon_core.verb:Building package 'ros2_linkattacher' with the following arguments: {'ament_cmake_args': None, 'build_base': '/home/user/dobot_ws/build/ros2_linkattacher', 'catkin_cmake_args': None, 'catkin_skip_building_tests': False, 'cmake_args': None, 'cmake_clean_cache': False, 'cmake_clean_first': False, 'cmake_force_configure': False, 'cmake_target': None, 'cmake_target_skip_unavailable': False, 'install_base': '/home/user/dobot_ws/install/ros2_linkattacher', 'merge_install': False, 'path': '/home/user/dobot_ws/src/IFRA_LinkAttacher/ros2_LinkAttacher', 'symlink_install': False, 'test_result_base': None}
[0.310s] Level 5:colcon.colcon_core.verb:set package 'dobot_gazebo' build argument 'cmake_args' from command line to 'None'
[0.310s] Level 5:colcon.colcon_core.verb:set package 'dobot_gazebo' build argument 'cmake_target' from command line to 'None'
[0.310s] Level 5:colcon.colcon_core.verb:set package 'dobot_gazebo' build argument 'cmake_target_skip_unavailable' from command line to 'False'
[0.310s] Level 5:colcon.colcon_core.verb:set package 'dobot_gazebo' build argument 'cmake_clean_cache' from command line to 'False'
[0.310s] Level 5:colcon.colcon_core.verb:set package 'dobot_gazebo' build argument 'cmake_clean_first' from command line to 'False'
[0.310s] Level 5:colcon.colcon_core.verb:set package 'dobot_gazebo' build argument 'cmake_force_configure' from command line to 'False'
[0.310s] Level 5:colcon.colcon_core.verb:set package 'dobot_gazebo' build argument 'ament_cmake_args' from command line to 'None'
[0.310s] Level 5:colcon.colcon_core.verb:set package 'dobot_gazebo' build argument 'catkin_cmake_args' from command line to 'None'
[0.310s] Level 5:colcon.colcon_core.verb:set package 'dobot_gazebo' build argument 'catkin_skip_building_tests' from command line to 'False'
[0.310s] DEBUG:colcon.colcon_core.verb:Building package 'dobot_gazebo' with the following arguments: {'ament_cmake_args': None, 'build_base': '/home/user/dobot_ws/build/dobot_gazebo', 'catkin_cmake_args': None, 'catkin_skip_building_tests': False, 'cmake_args': None, 'cmake_clean_cache': False, 'cmake_clean_first': False, 'cmake_force_configure': False, 'cmake_target': None, 'cmake_target_skip_unavailable': False, 'install_base': '/home/user/dobot_ws/install/dobot_gazebo', 'merge_install': False, 'path': '/home/user/dobot_ws/src/DOBOT_6Axis_ROS2_V4/dobot_gazebo', 'symlink_install': False, 'test_result_base': None}
[0.310s] INFO:colcon.colcon_core.executor:Executing jobs using 'parallel' executor
[0.311s] DEBUG:colcon.colcon_parallel_executor.executor.parallel:run_until_complete
[0.311s] INFO:colcon.colcon_ros.task.ament_cmake.build:Building ROS package in '/home/user/dobot_ws/src/ARIAC/ariac_interfaces' with build type 'ament_cmake'
[0.312s] INFO:colcon.colcon_cmake.task.cmake.build:Building CMake package in '/home/user/dobot_ws/src/ARIAC/ariac_interfaces'
[0.314s] INFO:colcon.colcon_core.plugin_system:Skipping extension 'colcon_core.shell.bat': Not used on non-Windows systems
[0.314s] INFO:colcon.colcon_core.shell:Skip shell extension 'powershell' for command environment: Not usable outside of PowerShell
[0.314s] DEBUG:colcon.colcon_core.shell:Skip shell extension 'dsv' for command environment
[0.317s] INFO:colcon.colcon_ros.task.ament_cmake.build:Building ROS package in '/home/user/dobot_ws/src/DOBOT_6Axis_ROS2_V4/onrobot_2fg7_description' with build type 'ament_cmake'
[0.317s] INFO:colcon.colcon_cmake.task.cmake.build:Building CMake package in '/home/user/dobot_ws/src/DOBOT_6Axis_ROS2_V4/onrobot_2fg7_description'
[0.317s] INFO:colcon.colcon_core.shell:Skip shell extension 'powershell' for command environment: Not usable outside of PowerShell
[0.317s] DEBUG:colcon.colcon_core.shell:Skip shell extension 'dsv' for command environment
[0.320s] INFO:colcon.colcon_ros.task.ament_python.build:Building ROS package in '/home/user/dobot_ws/src/ARIAC/ariac_setup' with build type 'ament_python'
[0.320s] Level 1:colcon.colcon_core.shell:create_environment_hook('ariac_setup', 'ament_prefix_path')
[0.321s] INFO:colcon.colcon_core.shell:Creating environment hook '/home/user/dobot_ws/install/ariac_setup/share/ariac_setup/hook/ament_prefix_path.ps1'
[0.321s] INFO:colcon.colcon_core.shell:Creating environment descriptor '/home/user/dobot_ws/install/ariac_setup/share/ariac_setup/hook/ament_prefix_path.dsv'
[0.322s] INFO:colcon.colcon_core.shell:Creating environment hook '/home/user/dobot_ws/install/ariac_setup/share/ariac_setup/hook/ament_prefix_path.sh'
[0.322s] INFO:colcon.colcon_core.shell:Skip shell extension 'powershell' for command environment: Not usable outside of PowerShell
[0.322s] DEBUG:colcon.colcon_core.shell:Skip shell extension 'dsv' for command environment
[0.325s] INFO:colcon.colcon_ros.task.ament_cmake.build:Building ROS package in '/home/user/dobot_ws/src/DOBOT_6Axis_ROS2_V4/dobot_msgs_v4' with build type 'ament_cmake'
[0.325s] INFO:colcon.colcon_cmake.task.cmake.build:Building CMake package in '/home/user/dobot_ws/src/DOBOT_6Axis_ROS2_V4/dobot_msgs_v4'
[0.325s] INFO:colcon.colcon_core.shell:Skip shell extension 'powershell' for command environment: Not usable outside of PowerShell
[0.325s] DEBUG:colcon.colcon_core.shell:Skip shell extension 'dsv' for command environment
[0.329s] INFO:colcon.colcon_ros.task.ament_cmake.build:Building ROS package in '/home/user/dobot_ws/src/DOBOT_6Axis_ROS2_V4/dobot_rviz' with build type 'ament_cmake'
[0.329s] INFO:colcon.colcon_cmake.task.cmake.build:Building CMake package in '/home/user/dobot_ws/src/DOBOT_6Axis_ROS2_V4/dobot_rviz'
[0.329s] INFO:colcon.colcon_core.shell:Skip shell extension 'powershell' for command environment: Not usable outside of PowerShell
[0.329s] DEBUG:colcon.colcon_core.shell:Skip shell extension 'dsv' for command environment
[0.333s] INFO:colcon.colcon_ros.task.ament_cmake.build:Building ROS package in '/home/user/dobot_ws/src/IFRA_LinkAttacher/linkattacher_msgs' with build type 'ament_cmake'
[0.333s] INFO:colcon.colcon_cmake.task.cmake.build:Building CMake package in '/home/user/dobot_ws/src/IFRA_LinkAttacher/linkattacher_msgs'
[0.333s] INFO:colcon.colcon_core.shell:Skip shell extension 'powershell' for command environment: Not usable outside of PowerShell
[0.333s] DEBUG:colcon.colcon_core.shell:Skip shell extension 'dsv' for command environment
[0.336s] INFO:colcon.colcon_ros.task.ament_python.build:Building ROS package in '/home/user/dobot_ws/src/ARIAC/ariac_db' with build type 'ament_python'
[0.336s] Level 1:colcon.colcon_core.shell:create_environment_hook('ariac_db', 'ament_prefix_path')
[0.336s] INFO:colcon.colcon_core.shell:Creating environment hook '/home/user/dobot_ws/install/ariac_db/share/ariac_db/hook/ament_prefix_path.ps1'
[0.337s] INFO:colcon.colcon_core.shell:Creating environment descriptor '/home/user/dobot_ws/install/ariac_db/share/ariac_db/hook/ament_prefix_path.dsv'
[0.337s] INFO:colcon.colcon_core.shell:Creating environment hook '/home/user/dobot_ws/install/ariac_db/share/ariac_db/hook/ament_prefix_path.sh'
[0.337s] INFO:colcon.colcon_core.shell:Skip shell extension 'powershell' for command environment: Not usable outside of PowerShell
[0.338s] DEBUG:colcon.colcon_core.shell:Skip shell extension 'dsv' for command environment
[0.341s] INFO:colcon.colcon_ros.task.ament_cmake.build:Building ROS package in '/home/user/dobot_ws/src/ARIAC/ariac_description' with build type 'ament_cmake'
[0.341s] INFO:colcon.colcon_cmake.task.cmake.build:Building CMake package in '/home/user/dobot_ws/src/ARIAC/ariac_description'
[0.341s] INFO:colcon.colcon_core.shell:Skip shell extension 'powershell' for command environment: Not usable outside of PowerShell
[0.341s] DEBUG:colcon.colcon_core.shell:Skip shell extension 'dsv' for command environment
[0.344s] INFO:colcon.colcon_ros.task.ament_python.build:Building ROS package in '/home/user/dobot_ws/src/DOBOT_6Axis_ROS2_V4/dobot_demo' with build type 'ament_python'
[0.344s] Level 1:colcon.colcon_core.shell:create_environment_hook('dobot_demo', 'ament_prefix_path')
[0.344s] INFO:colcon.colcon_core.shell:Creating environment hook '/home/user/dobot_ws/install/dobot_demo/share/dobot_demo/hook/ament_prefix_path.ps1'
[0.345s] INFO:colcon.colcon_core.shell:Creating environment descriptor '/home/user/dobot_ws/install/dobot_demo/share/dobot_demo/hook/ament_prefix_path.dsv'
[0.345s] INFO:colcon.colcon_core.shell:Creating environment hook '/home/user/dobot_ws/install/dobot_demo/share/dobot_demo/hook/ament_prefix_path.sh'
[0.345s] INFO:colcon.colcon_core.shell:Skip shell extension 'powershell' for command environment: Not usable outside of PowerShell
[0.345s] DEBUG:colcon.colcon_core.shell:Skip shell extension 'dsv' for command environment
[0.348s] INFO:colcon.colcon_ros.task.ament_cmake.build:Building ROS package in '/home/user/dobot_ws/src/DOBOT_6Axis_ROS2_V4/dobot_demo_cpp' with build type 'ament_cmake'
[0.348s] INFO:colcon.colcon_cmake.task.cmake.build:Building CMake package in '/home/user/dobot_ws/src/DOBOT_6Axis_ROS2_V4/dobot_demo_cpp'
[0.348s] INFO:colcon.colcon_core.shell:Skip shell extension 'powershell' for command environment: Not usable outside of PowerShell
[0.348s] DEBUG:colcon.colcon_core.shell:Skip shell extension 'dsv' for command environment
[0.351s] INFO:colcon.colcon_ros.task.ament_python.build:Building ROS package in '/home/user/dobot_ws/src/DOBOT_6Axis_ROS2_V4/dobot_moveit' with build type 'ament_python'
[0.351s] Level 1:colcon.colcon_core.shell:create_environment_hook('dobot_moveit', 'ament_prefix_path')
[0.351s] INFO:colcon.colcon_core.shell:Creating environment hook '/home/user/dobot_ws/install/dobot_moveit/share/dobot_moveit/hook/ament_prefix_path.ps1'
[0.352s] INFO:colcon.colcon_core.shell:Creating environment descriptor '/home/user/dobot_ws/install/dobot_moveit/share/dobot_moveit/hook/ament_prefix_path.dsv'
[0.352s] INFO:colcon.colcon_core.shell:Creating environment hook '/home/user/dobot_ws/install/dobot_moveit/share/dobot_moveit/hook/ament_prefix_path.sh'
[0.352s] INFO:colcon.colcon_core.shell:Skip shell extension 'powershell' for command environment: Not usable outside of PowerShell
[0.352s] DEBUG:colcon.colcon_core.shell:Skip shell extension 'dsv' for command environment
[0.355s] INFO:colcon.colcon_ros.task.ament_python.build:Building ROS package in '/home/user/dobot_ws/src/DOBOT_6Axis_ROS2_V4/servo_action' with build type 'ament_python'
[0.355s] Level 1:colcon.colcon_core.shell:create_environment_hook('servo_action', 'ament_prefix_path')
[0.355s] INFO:colcon.colcon_core.shell:Creating environment hook '/home/user/dobot_ws/install/servo_action/share/servo_action/hook/ament_prefix_path.ps1'
[0.356s] INFO:colcon.colcon_core.shell:Creating environment descriptor '/home/user/dobot_ws/install/servo_action/share/servo_action/hook/ament_prefix_path.dsv'
[0.356s] INFO:colcon.colcon_core.shell:Creating environment hook '/home/user/dobot_ws/install/servo_action/share/servo_action/hook/ament_prefix_path.sh'
[0.356s] INFO:colcon.colcon_core.shell:Skip shell extension 'powershell' for command environment: Not usable outside of PowerShell
[0.357s] DEBUG:colcon.colcon_core.shell:Skip shell extension 'dsv' for command environment
[0.364s] DEBUG:colcon.colcon_core.event_handler.log_command:Invoking command in '/home/user/dobot_ws/build/ariac_interfaces': CMAKE_PREFIX_PATH=${CMAKE_PREFIX_PATH}:/home/user/dobot_ws/install/servo_action:/home/user/dobot_ws/install/dobot_moveit:/home/user/dobot_ws/install/dobot_demo:/opt/ros/humble /usr/bin/cmake --build /home/user/dobot_ws/build/ariac_interfaces -- -j16 -l16
[0.366s] DEBUG:colcon.colcon_core.event_handler.log_command:Invoking command in '/home/user/dobot_ws/build/onrobot_2fg7_description': CMAKE_PREFIX_PATH=${CMAKE_PREFIX_PATH}:/home/user/dobot_ws/install/servo_action:/home/user/dobot_ws/install/dobot_moveit:/home/user/dobot_ws/install/dobot_demo:/opt/ros/humble /usr/bin/cmake --build /home/user/dobot_ws/build/onrobot_2fg7_description -- -j16 -l16
[0.543s] INFO:colcon.colcon_core.task.python.build:Building Python package in '/home/user/dobot_ws/src/ARIAC/ariac_setup'
[0.543s] INFO:colcon.colcon_core.shell:Skip shell extension 'powershell' for command environment: Not usable outside of PowerShell
[0.543s] DEBUG:colcon.colcon_core.shell:Skip shell extension 'dsv' for command environment
[0.548s] DEBUG:colcon.colcon_core.event_handler.log_command:Invoking command in '/home/user/dobot_ws/build/dobot_msgs_v4': CMAKE_PREFIX_PATH=${CMAKE_PREFIX_PATH}:/home/user/dobot_ws/install/servo_action:/home/user/dobot_ws/install/dobot_moveit:/home/user/dobot_ws/install/dobot_demo:/opt/ros/humble /usr/bin/cmake --build /home/user/dobot_ws/build/dobot_msgs_v4 -- -j16 -l16
[0.550s] DEBUG:colcon.colcon_core.event_handler.log_command:Invoking command in '/home/user/dobot_ws/build/dobot_rviz': CMAKE_PREFIX_PATH=${CMAKE_PREFIX_PATH}:/home/user/dobot_ws/install/servo_action:/home/user/dobot_ws/install/dobot_moveit:/home/user/dobot_ws/install/dobot_demo:/opt/ros/humble /usr/bin/cmake --build /home/user/dobot_ws/build/dobot_rviz -- -j16 -l16
[0.553s] DEBUG:colcon.colcon_core.event_handler.log_command:Invoking command in '/home/user/dobot_ws/build/linkattacher_msgs': CMAKE_PREFIX_PATH=${CMAKE_PREFIX_PATH}:/home/user/dobot_ws/install/servo_action:/home/user/dobot_ws/install/dobot_moveit:/home/user/dobot_ws/install/dobot_demo:/opt/ros/humble /usr/bin/cmake --build /home/user/dobot_ws/build/linkattacher_msgs -- -j16 -l16
[0.792s] INFO:colcon.colcon_core.task.python.build:Building Python package in '/home/user/dobot_ws/src/ARIAC/ariac_db'
[0.792s] INFO:colcon.colcon_core.shell:Skip shell extension 'powershell' for command environment: Not usable outside of PowerShell
[0.792s] DEBUG:colcon.colcon_core.shell:Skip shell extension 'dsv' for command environment
[0.800s] DEBUG:colcon.colcon_core.event_handler.log_command:Invoking command in '/home/user/dobot_ws/build/ariac_description': CMAKE_PREFIX_PATH=${CMAKE_PREFIX_PATH}:/home/user/dobot_ws/install/servo_action:/home/user/dobot_ws/install/dobot_moveit:/home/user/dobot_ws/install/dobot_demo:/opt/ros/humble /usr/bin/cmake --build /home/user/dobot_ws/build/ariac_description -- -j16 -l16
[0.983s] INFO:colcon.colcon_core.task.python.build:Building Python package in '/home/user/dobot_ws/src/DOBOT_6Axis_ROS2_V4/dobot_demo'
[0.983s] INFO:colcon.colcon_core.shell:Skip shell extension 'powershell' for command environment: Not usable outside of PowerShell
[0.983s] DEBUG:colcon.colcon_core.shell:Skip shell extension 'dsv' for command environment
[0.991s] DEBUG:colcon.colcon_core.event_handler.log_command:Invoking command in '/home/user/dobot_ws/build/dobot_demo_cpp': CMAKE_PREFIX_PATH=${CMAKE_PREFIX_PATH}:/home/user/dobot_ws/install/servo_action:/home/user/dobot_ws/install/dobot_moveit:/home/user/dobot_ws/install/dobot_demo:/opt/ros/humble /usr/bin/cmake --build /home/user/dobot_ws/build/dobot_demo_cpp -- -j16 -l16
[1.162s] INFO:colcon.colcon_core.task.python.build:Building Python package in '/home/user/dobot_ws/src/DOBOT_6Axis_ROS2_V4/dobot_moveit'
[1.162s] INFO:colcon.colcon_core.shell:Skip shell extension 'powershell' for command environment: Not usable outside of PowerShell
[1.162s] DEBUG:colcon.colcon_core.shell:Skip shell extension 'dsv' for command environment
[1.336s] INFO:colcon.colcon_core.task.python.build:Building Python package in '/home/user/dobot_ws/src/DOBOT_6Axis_ROS2_V4/servo_action'
[1.337s] INFO:colcon.colcon_core.shell:Skip shell extension 'powershell' for command environment: Not usable outside of PowerShell
[1.337s] DEBUG:colcon.colcon_core.shell:Skip shell extension 'dsv' for command environment
[1.352s] DEBUG:colcon.colcon_core.event_handler.log_command:Invoked command in '/home/user/dobot_ws/build/onrobot_2fg7_description' returned '0': CMAKE_PREFIX_PATH=${CMAKE_PREFIX_PATH}:/home/user/dobot_ws/install/servo_action:/home/user/dobot_ws/install/dobot_moveit:/home/user/dobot_ws/install/dobot_demo:/opt/ros/humble /usr/bin/cmake --build /home/user/dobot_ws/build/onrobot_2fg7_description -- -j16 -l16
[1.356s] DEBUG:colcon.colcon_core.event_handler.log_command:Invoking command in '/home/user/dobot_ws/build/onrobot_2fg7_description': CMAKE_PREFIX_PATH=${CMAKE_PREFIX_PATH}:/home/user/dobot_ws/install/servo_action:/home/user/dobot_ws/install/dobot_moveit:/home/user/dobot_ws/install/dobot_demo:/opt/ros/humble /usr/bin/cmake --install /home/user/dobot_ws/build/onrobot_2fg7_description
[1.356s] DEBUG:colcon.colcon_core.event_handler.log_command:Invoked command in '/home/user/dobot_ws/build/dobot_rviz' returned '0': CMAKE_PREFIX_PATH=${CMAKE_PREFIX_PATH}:/home/user/dobot_ws/install/servo_action:/home/user/dobot_ws/install/dobot_moveit:/home/user/dobot_ws/install/dobot_demo:/opt/ros/humble /usr/bin/cmake --build /home/user/dobot_ws/build/dobot_rviz -- -j16 -l16
[1.357s] DEBUG:colcon.colcon_core.event_handler.log_command:Invoking command in '/home/user/dobot_ws/build/dobot_rviz': CMAKE_PREFIX_PATH=${CMAKE_PREFIX_PATH}:/home/user/dobot_ws/install/servo_action:/home/user/dobot_ws/install/dobot_moveit:/home/user/dobot_ws/install/dobot_demo:/opt/ros/humble /usr/bin/cmake --install /home/user/dobot_ws/build/dobot_rviz
[1.358s] DEBUG:colcon.colcon_core.event_handler.log_command:Invoked command in '/home/user/dobot_ws/build/ariac_interfaces' returned '0': CMAKE_PREFIX_PATH=${CMAKE_PREFIX_PATH}:/home/user/dobot_ws/install/servo_action:/home/user/dobot_ws/install/dobot_moveit:/home/user/dobot_ws/install/dobot_demo:/opt/ros/humble /usr/bin/cmake --build /home/user/dobot_ws/build/ariac_interfaces -- -j16 -l16
[1.359s] DEBUG:colcon.colcon_core.event_handler.log_command:Invoking command in '/home/user/dobot_ws/build/ariac_interfaces': CMAKE_PREFIX_PATH=${CMAKE_PREFIX_PATH}:/home/user/dobot_ws/install/servo_action:/home/user/dobot_ws/install/dobot_moveit:/home/user/dobot_ws/install/dobot_demo:/opt/ros/humble /usr/bin/cmake --install /home/user/dobot_ws/build/ariac_interfaces
[1.360s] DEBUG:colcon.colcon_core.event_handler.log_command:Invoked command in '/home/user/dobot_ws/build/linkattacher_msgs' returned '0': CMAKE_PREFIX_PATH=${CMAKE_PREFIX_PATH}:/home/user/dobot_ws/install/servo_action:/home/user/dobot_ws/install/dobot_moveit:/home/user/dobot_ws/install/dobot_demo:/opt/ros/humble /usr/bin/cmake --build /home/user/dobot_ws/build/linkattacher_msgs -- -j16 -l16
[1.361s] DEBUG:colcon.colcon_core.event_handler.log_command:Invoking command in '/home/user/dobot_ws/build/linkattacher_msgs': CMAKE_PREFIX_PATH=${CMAKE_PREFIX_PATH}:/home/user/dobot_ws/install/servo_action:/home/user/dobot_ws/install/dobot_moveit:/home/user/dobot_ws/install/dobot_demo:/opt/ros/humble /usr/bin/cmake --install /home/user/dobot_ws/build/linkattacher_msgs
[1.361s] DEBUG:colcon.colcon_core.event_handler.log_command:Invoked command in '/home/user/dobot_ws/build/ariac_description' returned '0': CMAKE_PREFIX_PATH=${CMAKE_PREFIX_PATH}:/home/user/dobot_ws/install/servo_action:/home/user/dobot_ws/install/dobot_moveit:/home/user/dobot_ws/install/dobot_demo:/opt/ros/humble /usr/bin/cmake --build /home/user/dobot_ws/build/ariac_description -- -j16 -l16
[1.363s] DEBUG:colcon.colcon_core.event_handler.log_command:Invoking command in '/home/user/dobot_ws/build/ariac_description': CMAKE_PREFIX_PATH=${CMAKE_PREFIX_PATH}:/home/user/dobot_ws/install/servo_action:/home/user/dobot_ws/install/dobot_moveit:/home/user/dobot_ws/install/dobot_demo:/opt/ros/humble /usr/bin/cmake --install /home/user/dobot_ws/build/ariac_description
[1.364s] DEBUG:colcon.colcon_core.event_handler.log_command:Invoked command in '/home/user/dobot_ws/build/dobot_msgs_v4' returned '0': CMAKE_PREFIX_PATH=${CMAKE_PREFIX_PATH}:/home/user/dobot_ws/install/servo_action:/home/user/dobot_ws/install/dobot_moveit:/home/user/dobot_ws/install/dobot_demo:/opt/ros/humble /usr/bin/cmake --build /home/user/dobot_ws/build/dobot_msgs_v4 -- -j16 -l16
[1.365s] DEBUG:colcon.colcon_core.event_handler.log_command:Invoking command in '/home/user/dobot_ws/build/dobot_msgs_v4': CMAKE_PREFIX_PATH=${CMAKE_PREFIX_PATH}:/home/user/dobot_ws/install/servo_action:/home/user/dobot_ws/install/dobot_moveit:/home/user/dobot_ws/install/dobot_demo:/opt/ros/humble /usr/bin/cmake --install /home/user/dobot_ws/build/dobot_msgs_v4
[1.366s] DEBUG:colcon.colcon_core.event_handler.log_command:Invoked command in '/home/user/dobot_ws/build/dobot_demo_cpp' returned '0': CMAKE_PREFIX_PATH=${CMAKE_PREFIX_PATH}:/home/user/dobot_ws/install/servo_action:/home/user/dobot_ws/install/dobot_moveit:/home/user/dobot_ws/install/dobot_demo:/opt/ros/humble /usr/bin/cmake --build /home/user/dobot_ws/build/dobot_demo_cpp -- -j16 -l16
[1.367s] DEBUG:colcon.colcon_core.event_handler.log_command:Invoking command in '/home/user/dobot_ws/build/dobot_demo_cpp': CMAKE_PREFIX_PATH=${CMAKE_PREFIX_PATH}:/home/user/dobot_ws/install/servo_action:/home/user/dobot_ws/install/dobot_moveit:/home/user/dobot_ws/install/dobot_demo:/opt/ros/humble /usr/bin/cmake --install /home/user/dobot_ws/build/dobot_demo_cpp
[1.390s] Level 1:colcon.colcon_core.environment:create_environment_scripts_only(onrobot_2fg7_description)
[1.399s] Level 1:colcon.colcon_core.environment:checking '/home/user/dobot_ws/install/onrobot_2fg7_description' for CMake module files
[1.402s] Level 1:colcon.colcon_core.environment:checking '/home/user/dobot_ws/install/onrobot_2fg7_description' for CMake config files
[1.404s] Level 1:colcon.colcon_core.shell:create_environment_hook('onrobot_2fg7_description', 'cmake_prefix_path')
[1.405s] INFO:colcon.colcon_core.shell:Creating environment hook '/home/user/dobot_ws/install/onrobot_2fg7_description/share/onrobot_2fg7_description/hook/cmake_prefix_path.ps1'
[1.407s] INFO:colcon.colcon_core.shell:Creating environment descriptor '/home/user/dobot_ws/install/onrobot_2fg7_description/share/onrobot_2fg7_description/hook/cmake_prefix_path.dsv'
[1.408s] INFO:colcon.colcon_core.shell:Creating environment hook '/home/user/dobot_ws/install/onrobot_2fg7_description/share/onrobot_2fg7_description/hook/cmake_prefix_path.sh'
[1.410s] Level 1:colcon.colcon_core.environment:checking '/home/user/dobot_ws/install/onrobot_2fg7_description/bin'
[1.410s] Level 1:colcon.colcon_core.environment:checking '/home/user/dobot_ws/install/onrobot_2fg7_description/lib/pkgconfig/onrobot_2fg7_description.pc'
[1.410s] Level 1:colcon.colcon_core.environment:checking '/home/user/dobot_ws/install/onrobot_2fg7_description/lib/python3.10/site-packages'
[1.411s] Level 1:colcon.colcon_core.environment:checking '/home/user/dobot_ws/install/onrobot_2fg7_description/bin'
[1.412s] INFO:colcon.colcon_core.shell:Creating package script '/home/user/dobot_ws/install/onrobot_2fg7_description/share/onrobot_2fg7_description/package.ps1'
[1.414s] INFO:colcon.colcon_core.shell:Creating package descriptor '/home/user/dobot_ws/install/onrobot_2fg7_description/share/onrobot_2fg7_description/package.dsv'
[1.416s] INFO:colcon.colcon_core.shell:Creating package script '/home/user/dobot_ws/install/onrobot_2fg7_description/share/onrobot_2fg7_description/package.sh'
[1.417s] INFO:colcon.colcon_core.shell:Creating package script '/home/user/dobot_ws/install/onrobot_2fg7_description/share/onrobot_2fg7_description/package.bash'
[1.420s] INFO:colcon.colcon_core.shell:Creating package script '/home/user/dobot_ws/install/onrobot_2fg7_description/share/onrobot_2fg7_description/package.zsh'
[1.422s] Level 1:colcon.colcon_core.environment:create_file_with_runtime_dependencies(/home/user/dobot_ws/install/onrobot_2fg7_description/share/colcon-core/packages/onrobot_2fg7_description)
[1.423s] Level 1:colcon.colcon_core.environment:create_environment_scripts_only(onrobot_2fg7_description)
[1.424s] Level 1:colcon.colcon_core.environment:checking '/home/user/dobot_ws/install/onrobot_2fg7_description' for CMake module files
[1.425s] Level 1:colcon.colcon_core.environment:checking '/home/user/dobot_ws/install/onrobot_2fg7_description' for CMake config files
[1.426s] Level 1:colcon.colcon_core.shell:create_environment_hook('onrobot_2fg7_description', 'cmake_prefix_path')
[1.427s] INFO:colcon.colcon_core.shell:Creating environment hook '/home/user/dobot_ws/install/onrobot_2fg7_description/share/onrobot_2fg7_description/hook/cmake_prefix_path.ps1'
[1.428s] INFO:colcon.colcon_core.shell:Creating environment descriptor '/home/user/dobot_ws/install/onrobot_2fg7_description/share/onrobot_2fg7_description/hook/cmake_prefix_path.dsv'
[1.429s] INFO:colcon.colcon_core.shell:Creating environment hook '/home/user/dobot_ws/install/onrobot_2fg7_description/share/onrobot_2fg7_description/hook/cmake_prefix_path.sh'
[1.430s] Level 1:colcon.colcon_core.environment:checking '/home/user/dobot_ws/install/onrobot_2fg7_description/bin'
[1.430s] Level 1:colcon.colcon_core.environment:checking '/home/user/dobot_ws/install/onrobot_2fg7_description/lib/pkgconfig/onrobot_2fg7_description.pc'
[1.431s] Level 1:colcon.colcon_core.environment:checking '/home/user/dobot_ws/install/onrobot_2fg7_description/lib/python3.10/site-packages'
[1.432s] Level 1:colcon.colcon_core.environment:checking '/home/user/dobot_ws/install/onrobot_2fg7_description/bin'
[1.432s] INFO:colcon.colcon_core.shell:Creating package script '/home/user/dobot_ws/install/onrobot_2fg7_description/share/onrobot_2fg7_description/package.ps1'
[1.434s] INFO:colcon.colcon_core.shell:Creating package descriptor '/home/user/dobot_ws/install/onrobot_2fg7_description/share/onrobot_2fg7_description/package.dsv'
[1.434s] INFO:colcon.colcon_core.shell:Creating package script '/home/user/dobot_ws/install/onrobot_2fg7_description/share/onrobot_2fg7_description/package.sh'
[1.435s] INFO:colcon.colcon_core.shell:Creating package script '/home/user/dobot_ws/install/onrobot_2fg7_description/share/onrobot_2fg7_description/package.bash'
[1.436s] INFO:colcon.colcon_core.shell:Creating package script '/home/user/dobot_ws/install/onrobot_2fg7_description/share/onrobot_2fg7_description/package.zsh'
[1.437s] Level 1:colcon.colcon_core.environment:create_file_with_runtime_dependencies(/home/user/dobot_ws/install/onrobot_2fg7_description/share/colcon-core/packages/onrobot_2fg7_description)
[1.438s] Level 1:colcon.colcon_core.environment:create_environment_scripts_only(dobot_rviz)
[1.438s] Level 1:colcon.colcon_core.environment:checking '/home/user/dobot_ws/install/dobot_rviz' for CMake module files
[1.440s] Level 1:colcon.colcon_core.environment:checking '/home/user/dobot_ws/install/dobot_rviz' for CMake config files
[1.442s] Level 1:colcon.colcon_core.shell:create_environment_hook('dobot_rviz', 'cmake_prefix_path')
[1.442s] INFO:colcon.colcon_core.shell:Creating environment hook '/home/user/dobot_ws/install/dobot_rviz/share/dobot_rviz/hook/cmake_prefix_path.ps1'
[1.443s] INFO:colcon.colcon_core.shell:Creating environment descriptor '/home/user/dobot_ws/install/dobot_rviz/share/dobot_rviz/hook/cmake_prefix_path.dsv'
[1.444s] INFO:colcon.colcon_core.shell:Creating environment hook '/home/user/dobot_ws/install/dobot_rviz/share/dobot_rviz/hook/cmake_prefix_path.sh'
[1.445s] Level 1:colcon.colcon_core.environment:checking '/home/user/dobot_ws/install/dobot_rviz/bin'
[1.445s] Level 1:colcon.colcon_core.environment:checking '/home/user/dobot_ws/install/dobot_rviz/lib/pkgconfig/dobot_rviz.pc'
[1.445s] Level 1:colcon.colcon_core.environment:checking '/home/user/dobot_ws/install/dobot_rviz/lib/python3.10/site-packages'
[1.446s] Level 1:colcon.colcon_core.environment:checking '/home/user/dobot_ws/install/dobot_rviz/bin'
[1.446s] INFO:colcon.colcon_core.shell:Creating package script '/home/user/dobot_ws/install/dobot_rviz/share/dobot_rviz/package.ps1'
[1.447s] INFO:colcon.colcon_core.shell:Creating package descriptor '/home/user/dobot_ws/install/dobot_rviz/share/dobot_rviz/package.dsv'
[1.448s] INFO:colcon.colcon_core.shell:Creating package script '/home/user/dobot_ws/install/dobot_rviz/share/dobot_rviz/package.sh'
[1.449s] INFO:colcon.colcon_core.shell:Creating package script '/home/user/dobot_ws/install/dobot_rviz/share/dobot_rviz/package.bash'
[1.450s] INFO:colcon.colcon_core.shell:Creating package script '/home/user/dobot_ws/install/dobot_rviz/share/dobot_rviz/package.zsh'
[1.450s] Level 1:colcon.colcon_core.environment:create_file_with_runtime_dependencies(/home/user/dobot_ws/install/dobot_rviz/share/colcon-core/packages/dobot_rviz)
[1.452s] Level 1:colcon.colcon_core.environment:create_environment_scripts_only(dobot_rviz)
[1.452s] Level 1:colcon.colcon_core.environment:checking '/home/user/dobot_ws/install/dobot_rviz' for CMake module files
[1.453s] Level 1:colcon.colcon_core.environment:checking '/home/user/dobot_ws/install/dobot_rviz' for CMake config files
[1.456s] Level 1:colcon.colcon_core.shell:create_environment_hook('dobot_rviz', 'cmake_prefix_path')
[1.456s] INFO:colcon.colcon_core.shell:Creating environment hook '/home/user/dobot_ws/install/dobot_rviz/share/dobot_rviz/hook/cmake_prefix_path.ps1'
[1.457s] INFO:colcon.colcon_core.shell:Creating environment descriptor '/home/user/dobot_ws/install/dobot_rviz/share/dobot_rviz/hook/cmake_prefix_path.dsv'
[1.458s] INFO:colcon.colcon_core.shell:Creating environment hook '/home/user/dobot_ws/install/dobot_rviz/share/dobot_rviz/hook/cmake_prefix_path.sh'
[1.459s] Level 1:colcon.colcon_core.environment:checking '/home/user/dobot_ws/install/dobot_rviz/bin'
[1.459s] Level 1:colcon.colcon_core.environment:checking '/home/user/dobot_ws/install/dobot_rviz/lib/pkgconfig/dobot_rviz.pc'
[1.459s] Level 1:colcon.colcon_core.environment:checking '/home/user/dobot_ws/install/dobot_rviz/lib/python3.10/site-packages'
[1.460s] Level 1:colcon.colcon_core.environment:checking '/home/user/dobot_ws/install/dobot_rviz/bin'
[1.460s] INFO:colcon.colcon_core.shell:Creating package script '/home/user/dobot_ws/install/dobot_rviz/share/dobot_rviz/package.ps1'
[1.461s] INFO:colcon.colcon_core.shell:Creating package descriptor '/home/user/dobot_ws/install/dobot_rviz/share/dobot_rviz/package.dsv'
[1.462s] INFO:colcon.colcon_core.shell:Creating package script '/home/user/dobot_ws/install/dobot_rviz/share/dobot_rviz/package.sh'
[1.463s] INFO:colcon.colcon_core.shell:Creating package script '/home/user/dobot_ws/install/dobot_rviz/share/dobot_rviz/package.bash'
[1.464s] INFO:colcon.colcon_core.shell:Creating package script '/home/user/dobot_ws/install/dobot_rviz/share/dobot_rviz/package.zsh'
[1.465s] Level 1:colcon.colcon_core.environment:create_file_with_runtime_dependencies(/home/user/dobot_ws/install/dobot_rviz/share/colcon-core/packages/dobot_rviz)
[1.466s] INFO:colcon.colcon_ros.task.ament_cmake.build:Building ROS package in '/home/user/dobot_ws/src/DOBOT_6Axis_ROS2_V4/cra_description' with build type 'ament_cmake'
[1.466s] INFO:colcon.colcon_cmake.task.cmake.build:Building CMake package in '/home/user/dobot_ws/src/DOBOT_6Axis_ROS2_V4/cra_description'
[1.467s] INFO:colcon.colcon_core.shell:Skip shell extension 'powershell' for command environment: Not usable outside of PowerShell
[1.467s] DEBUG:colcon.colcon_core.shell:Skip shell extension 'dsv' for command environment
[1.481s] INFO:colcon.colcon_ros.task.ament_cmake.build:Building ROS package in '/home/user/dobot_ws/src/DOBOT_6Axis_ROS2_V4/cr7_moveit' with build type 'ament_cmake'
[1.481s] INFO:colcon.colcon_cmake.task.cmake.build:Building CMake package in '/home/user/dobot_ws/src/DOBOT_6Axis_ROS2_V4/cr7_moveit'
[1.481s] INFO:colcon.colcon_core.shell:Skip shell extension 'powershell' for command environment: Not usable outside of PowerShell
[1.481s] DEBUG:colcon.colcon_core.shell:Skip shell extension 'dsv' for command environment
[1.493s] Level 1:colcon.colcon_core.environment:create_environment_scripts_only(ariac_description)
[1.493s] Level 1:colcon.colcon_core.environment:checking '/home/user/dobot_ws/install/ariac_description' for CMake module files
[1.494s] Level 1:colcon.colcon_core.environment:checking '/home/user/dobot_ws/install/ariac_description' for CMake config files
[1.496s] Level 1:colcon.colcon_core.shell:create_environment_hook('ariac_description', 'cmake_prefix_path')
[1.496s] INFO:colcon.colcon_core.shell:Creating environment hook '/home/user/dobot_ws/install/ariac_description/share/ariac_description/hook/cmake_prefix_path.ps1'
[1.497s] INFO:colcon.colcon_core.shell:Creating environment descriptor '/home/user/dobot_ws/install/ariac_description/share/ariac_description/hook/cmake_prefix_path.dsv'
[1.498s] INFO:colcon.colcon_core.shell:Creating environment hook '/home/user/dobot_ws/install/ariac_description/share/ariac_description/hook/cmake_prefix_path.sh'
[1.499s] Level 1:colcon.colcon_core.environment:checking '/home/user/dobot_ws/install/ariac_description/bin'
[1.499s] Level 1:colcon.colcon_core.environment:checking '/home/user/dobot_ws/install/ariac_description/lib/pkgconfig/ariac_description.pc'
[1.499s] Level 1:colcon.colcon_core.environment:checking '/home/user/dobot_ws/install/ariac_description/lib/python3.10/site-packages'
[1.500s] Level 1:colcon.colcon_core.environment:checking '/home/user/dobot_ws/install/ariac_description/bin'
[1.500s] INFO:colcon.colcon_core.shell:Creating package script '/home/user/dobot_ws/install/ariac_description/share/ariac_description/package.ps1'
[1.501s] INFO:colcon.colcon_core.shell:Creating package descriptor '/home/user/dobot_ws/install/ariac_description/share/ariac_description/package.dsv'
[1.502s] INFO:colcon.colcon_core.shell:Creating package script '/home/user/dobot_ws/install/ariac_description/share/ariac_description/package.sh'
[1.503s] INFO:colcon.colcon_core.shell:Creating package script '/home/user/dobot_ws/install/ariac_description/share/ariac_description/package.bash'
[1.503s] INFO:colcon.colcon_core.shell:Creating package script '/home/user/dobot_ws/install/ariac_description/share/ariac_description/package.zsh'
[1.504s] Level 1:colcon.colcon_core.environment:create_file_with_runtime_dependencies(/home/user/dobot_ws/install/ariac_description/share/colcon-core/packages/ariac_description)
[1.505s] Level 1:colcon.colcon_core.environment:create_environment_scripts_only(ariac_description)
[1.505s] Level 1:colcon.colcon_core.environment:checking '/home/user/dobot_ws/install/ariac_description' for CMake module files
[1.506s] Level 1:colcon.colcon_core.environment:checking '/home/user/dobot_ws/install/ariac_description' for CMake config files
[1.508s] Level 1:colcon.colcon_core.shell:create_environment_hook('ariac_description', 'cmake_prefix_path')
[1.508s] INFO:colcon.colcon_core.shell:Creating environment hook '/home/user/dobot_ws/install/ariac_description/share/ariac_description/hook/cmake_prefix_path.ps1'
[1.509s] INFO:colcon.colcon_core.shell:Creating environment descriptor '/home/user/dobot_ws/install/ariac_description/share/ariac_description/hook/cmake_prefix_path.dsv'
[1.510s] INFO:colcon.colcon_core.shell:Creating environment hook '/home/user/dobot_ws/install/ariac_description/share/ariac_description/hook/cmake_prefix_path.sh'
[1.511s] Level 1:colcon.colcon_core.environment:checking '/home/user/dobot_ws/install/ariac_description/bin'
[1.511s] Level 1:colcon.colcon_core.environment:checking '/home/user/dobot_ws/install/ariac_description/lib/pkgconfig/ariac_description.pc'
[1.511s] Level 1:colcon.colcon_core.environment:checking '/home/user/dobot_ws/install/ariac_description/lib/python3.10/site-packages'
[1.512s] Level 1:colcon.colcon_core.environment:checking '/home/user/dobot_ws/install/ariac_description/bin'
[1.512s] INFO:colcon.colcon_core.shell:Creating package script '/home/user/dobot_ws/install/ariac_description/share/ariac_description/package.ps1'
[1.514s] INFO:colcon.colcon_core.shell:Creating package descriptor '/home/user/dobot_ws/install/ariac_description/share/ariac_description/package.dsv'
[1.514s] INFO:colcon.colcon_core.shell:Creating package script '/home/user/dobot_ws/install/ariac_description/share/ariac_description/package.sh'
[1.515s] INFO:colcon.colcon_core.shell:Creating package script '/home/user/dobot_ws/install/ariac_description/share/ariac_description/package.bash'
[1.516s] INFO:colcon.colcon_core.shell:Creating package script '/home/user/dobot_ws/install/ariac_description/share/ariac_description/package.zsh'
[1.517s] Level 1:colcon.colcon_core.environment:create_file_with_runtime_dependencies(/home/user/dobot_ws/install/ariac_description/share/colcon-core/packages/ariac_description)
[1.517s] Level 1:colcon.colcon_core.environment:create_environment_scripts_only(dobot_demo_cpp)
[1.518s] Level 1:colcon.colcon_core.environment:checking '/home/user/dobot_ws/install/dobot_demo_cpp' for CMake module files
[1.519s] Level 1:colcon.colcon_core.environment:checking '/home/user/dobot_ws/install/dobot_demo_cpp' for CMake config files
[1.520s] Level 1:colcon.colcon_core.shell:create_environment_hook('dobot_demo_cpp', 'cmake_prefix_path')
[1.520s] INFO:colcon.colcon_core.shell:Creating environment hook '/home/user/dobot_ws/install/dobot_demo_cpp/share/dobot_demo_cpp/hook/cmake_prefix_path.ps1'
[1.521s] INFO:colcon.colcon_core.shell:Creating environment descriptor '/home/user/dobot_ws/install/dobot_demo_cpp/share/dobot_demo_cpp/hook/cmake_prefix_path.dsv'
[1.522s] INFO:colcon.colcon_core.shell:Creating environment hook '/home/user/dobot_ws/install/dobot_demo_cpp/share/dobot_demo_cpp/hook/cmake_prefix_path.sh'
[1.524s] Level 1:colcon.colcon_core.environment:checking '/home/user/dobot_ws/install/dobot_demo_cpp/lib'
[1.525s] Level 1:colcon.colcon_core.environment:checking '/home/user/dobot_ws/install/dobot_demo_cpp/bin'
[1.525s] Level 1:colcon.colcon_core.environment:checking '/home/user/dobot_ws/install/dobot_demo_cpp/lib/pkgconfig/dobot_demo_cpp.pc'
[1.525s] Level 1:colcon.colcon_core.environment:checking '/home/user/dobot_ws/install/dobot_demo_cpp/lib/python3.10/site-packages'
[1.526s] Level 1:colcon.colcon_core.environment:checking '/home/user/dobot_ws/install/dobot_demo_cpp/bin'
[1.526s] INFO:colcon.colcon_core.shell:Creating package script '/home/user/dobot_ws/install/dobot_demo_cpp/share/dobot_demo_cpp/package.ps1'
[1.528s] INFO:colcon.colcon_core.shell:Creating package descriptor '/home/user/dobot_ws/install/dobot_demo_cpp/share/dobot_demo_cpp/package.dsv'
[1.529s] INFO:colcon.colcon_core.shell:Creating package script '/home/user/dobot_ws/install/dobot_demo_cpp/share/dobot_demo_cpp/package.sh'
[1.530s] INFO:colcon.colcon_core.shell:Creating package script '/home/user/dobot_ws/install/dobot_demo_cpp/share/dobot_demo_cpp/package.bash'
[1.530s] INFO:colcon.colcon_core.shell:Creating package script '/home/user/dobot_ws/install/dobot_demo_cpp/share/dobot_demo_cpp/package.zsh'
[1.531s] Level 1:colcon.colcon_core.environment:create_file_with_runtime_dependencies(/home/user/dobot_ws/install/dobot_demo_cpp/share/colcon-core/packages/dobot_demo_cpp)
[1.533s] Level 1:colcon.colcon_core.environment:create_environment_scripts_only(dobot_demo_cpp)
[1.533s] Level 1:colcon.colcon_core.environment:checking '/home/user/dobot_ws/install/dobot_demo_cpp' for CMake module files
[1.535s] Level 1:colcon.colcon_core.environment:checking '/home/user/dobot_ws/install/dobot_demo_cpp' for CMake config files
[1.537s] Level 1:colcon.colcon_core.shell:create_environment_hook('dobot_demo_cpp', 'cmake_prefix_path')
[1.537s] INFO:colcon.colcon_core.shell:Creating environment hook '/home/user/dobot_ws/install/dobot_demo_cpp/share/dobot_demo_cpp/hook/cmake_prefix_path.ps1'
[1.538s] INFO:colcon.colcon_core.shell:Creating environment descriptor '/home/user/dobot_ws/install/dobot_demo_cpp/share/dobot_demo_cpp/hook/cmake_prefix_path.dsv'
[1.539s] INFO:colcon.colcon_core.shell:Creating environment hook '/home/user/dobot_ws/install/dobot_demo_cpp/share/dobot_demo_cpp/hook/cmake_prefix_path.sh'
[1.540s] Level 1:colcon.colcon_core.environment:checking '/home/user/dobot_ws/install/dobot_demo_cpp/lib'
[1.541s] Level 1:colcon.colcon_core.environment:checking '/home/user/dobot_ws/install/dobot_demo_cpp/bin'
[1.541s] Level 1:colcon.colcon_core.environment:checking '/home/user/dobot_ws/install/dobot_demo_cpp/lib/pkgconfig/dobot_demo_cpp.pc'
[1.541s] Level 1:colcon.colcon_core.environment:checking '/home/user/dobot_ws/install/dobot_demo_cpp/lib/python3.10/site-packages'
[1.542s] Level 1:colcon.colcon_core.environment:checking '/home/user/dobot_ws/install/dobot_demo_cpp/bin'
[1.542s] INFO:colcon.colcon_core.shell:Creating package script '/home/user/dobot_ws/install/dobot_demo_cpp/share/dobot_demo_cpp/package.ps1'
[1.543s] INFO:colcon.colcon_core.shell:Creating package descriptor '/home/user/dobot_ws/install/dobot_demo_cpp/share/dobot_demo_cpp/package.dsv'
[1.544s] INFO:colcon.colcon_core.shell:Creating package script '/home/user/dobot_ws/install/dobot_demo_cpp/share/dobot_demo_cpp/package.sh'
[1.545s] INFO:colcon.colcon_core.shell:Creating package script '/home/user/dobot_ws/install/dobot_demo_cpp/share/dobot_demo_cpp/package.bash'
[1.546s] INFO:colcon.colcon_core.shell:Creating package script '/home/user/dobot_ws/install/dobot_demo_cpp/share/dobot_demo_cpp/package.zsh'
[1.547s] Level 1:colcon.colcon_core.environment:create_file_with_runtime_dependencies(/home/user/dobot_ws/install/dobot_demo_cpp/share/colcon-core/packages/dobot_demo_cpp)
[1.549s] Level 1:colcon.colcon_core.environment:create_environment_scripts_only(linkattacher_msgs)
[1.549s] Level 1:colcon.colcon_core.environment:checking '/home/user/dobot_ws/install/linkattacher_msgs' for CMake module files
[1.551s] Level 1:colcon.colcon_core.environment:checking '/home/user/dobot_ws/install/linkattacher_msgs' for CMake config files
[1.553s] Level 1:colcon.colcon_core.shell:create_environment_hook('linkattacher_msgs', 'cmake_prefix_path')
[1.554s] INFO:colcon.colcon_core.shell:Creating environment hook '/home/user/dobot_ws/install/linkattacher_msgs/share/linkattacher_msgs/hook/cmake_prefix_path.ps1'
[1.554s] INFO:colcon.colcon_core.shell:Creating environment descriptor '/home/user/dobot_ws/install/linkattacher_msgs/share/linkattacher_msgs/hook/cmake_prefix_path.dsv'
[1.555s] INFO:colcon.colcon_core.shell:Creating environment hook '/home/user/dobot_ws/install/linkattacher_msgs/share/linkattacher_msgs/hook/cmake_prefix_path.sh'
[1.556s] Level 1:colcon.colcon_core.environment:checking '/home/user/dobot_ws/install/linkattacher_msgs/lib'
[1.557s] Level 1:colcon.colcon_core.shell:create_environment_hook('linkattacher_msgs', 'ld_library_path_lib')
[1.557s] INFO:colcon.colcon_core.shell:Creating environment hook '/home/user/dobot_ws/install/linkattacher_msgs/share/linkattacher_msgs/hook/ld_library_path_lib.ps1'
[1.558s] INFO:colcon.colcon_core.shell:Creating environment descriptor '/home/user/dobot_ws/install/linkattacher_msgs/share/linkattacher_msgs/hook/ld_library_path_lib.dsv'
[1.558s] INFO:colcon.colcon_core.shell:Creating environment hook '/home/user/dobot_ws/install/linkattacher_msgs/share/linkattacher_msgs/hook/ld_library_path_lib.sh'
[1.559s] Level 1:colcon.colcon_core.environment:checking '/home/user/dobot_ws/install/linkattacher_msgs/bin'
[1.559s] Level 1:colcon.colcon_core.environment:checking '/home/user/dobot_ws/install/linkattacher_msgs/lib/pkgconfig/linkattacher_msgs.pc'
[1.560s] Level 1:colcon.colcon_core.environment:checking '/home/user/dobot_ws/install/linkattacher_msgs/lib/python3.10/site-packages'
[1.560s] Level 1:colcon.colcon_core.environment:checking '/home/user/dobot_ws/install/linkattacher_msgs/bin'
[1.560s] INFO:colcon.colcon_core.shell:Creating package script '/home/user/dobot_ws/install/linkattacher_msgs/share/linkattacher_msgs/package.ps1'
[1.561s] INFO:colcon.colcon_core.shell:Creating package descriptor '/home/user/dobot_ws/install/linkattacher_msgs/share/linkattacher_msgs/package.dsv'
[1.562s] INFO:colcon.colcon_core.shell:Creating package script '/home/user/dobot_ws/install/linkattacher_msgs/share/linkattacher_msgs/package.sh'
[1.563s] INFO:colcon.colcon_core.shell:Creating package script '/home/user/dobot_ws/install/linkattacher_msgs/share/linkattacher_msgs/package.bash'
[1.564s] INFO:colcon.colcon_core.shell:Creating package script '/home/user/dobot_ws/install/linkattacher_msgs/share/linkattacher_msgs/package.zsh'
[1.564s] Level 1:colcon.colcon_core.environment:create_file_with_runtime_dependencies(/home/user/dobot_ws/install/linkattacher_msgs/share/colcon-core/packages/linkattacher_msgs)
[1.566s] Level 1:colcon.colcon_core.environment:create_environment_scripts_only(linkattacher_msgs)
[1.566s] Level 1:colcon.colcon_core.environment:checking '/home/user/dobot_ws/install/linkattacher_msgs' for CMake module files
[1.567s] Level 1:colcon.colcon_core.environment:checking '/home/user/dobot_ws/install/linkattacher_msgs' for CMake config files
[1.570s] Level 1:colcon.colcon_core.shell:create_environment_hook('linkattacher_msgs', 'cmake_prefix_path')
[1.570s] INFO:colcon.colcon_core.shell:Creating environment hook '/home/user/dobot_ws/install/linkattacher_msgs/share/linkattacher_msgs/hook/cmake_prefix_path.ps1'
[1.571s] INFO:colcon.colcon_core.shell:Creating environment descriptor '/home/user/dobot_ws/install/linkattacher_msgs/share/linkattacher_msgs/hook/cmake_prefix_path.dsv'
[1.572s] INFO:colcon.colcon_core.shell:Creating environment hook '/home/user/dobot_ws/install/linkattacher_msgs/share/linkattacher_msgs/hook/cmake_prefix_path.sh'
[1.573s] Level 1:colcon.colcon_core.environment:checking '/home/user/dobot_ws/install/linkattacher_msgs/lib'
[1.573s] Level 1:colcon.colcon_core.shell:create_environment_hook('linkattacher_msgs', 'ld_library_path_lib')
[1.574s] INFO:colcon.colcon_core.shell:Creating environment hook '/home/user/dobot_ws/install/linkattacher_msgs/share/linkattacher_msgs/hook/ld_library_path_lib.ps1'
[1.575s] INFO:colcon.colcon_core.shell:Creating environment descriptor '/home/user/dobot_ws/install/linkattacher_msgs/share/linkattacher_msgs/hook/ld_library_path_lib.dsv'
[1.576s] INFO:colcon.colcon_core.shell:Creating environment hook '/home/user/dobot_ws/install/linkattacher_msgs/share/linkattacher_msgs/hook/ld_library_path_lib.sh'
[1.577s] Level 1:colcon.colcon_core.environment:checking '/home/user/dobot_ws/install/linkattacher_msgs/bin'
[1.577s] Level 1:colcon.colcon_core.environment:checking '/home/user/dobot_ws/install/linkattacher_msgs/lib/pkgconfig/linkattacher_msgs.pc'
[1.577s] Level 1:colcon.colcon_core.environment:checking '/home/user/dobot_ws/install/linkattacher_msgs/lib/python3.10/site-packages'
[1.578s] Level 1:colcon.colcon_core.environment:checking '/home/user/dobot_ws/install/linkattacher_msgs/bin'
[1.579s] INFO:colcon.colcon_core.shell:Creating package script '/home/user/dobot_ws/install/linkattacher_msgs/share/linkattacher_msgs/package.ps1'
[1.580s] INFO:colcon.colcon_core.shell:Creating package descriptor '/home/user/dobot_ws/install/linkattacher_msgs/share/linkattacher_msgs/package.dsv'
[1.581s] INFO:colcon.colcon_core.shell:Creating package script '/home/user/dobot_ws/install/linkattacher_msgs/share/linkattacher_msgs/package.sh'
[1.583s] INFO:colcon.colcon_core.shell:Creating package script '/home/user/dobot_ws/install/linkattacher_msgs/share/linkattacher_msgs/package.bash'
[1.584s] INFO:colcon.colcon_core.shell:Creating package script '/home/user/dobot_ws/install/linkattacher_msgs/share/linkattacher_msgs/package.zsh'
[1.585s] Level 1:colcon.colcon_core.environment:create_file_with_runtime_dependencies(/home/user/dobot_ws/install/linkattacher_msgs/share/colcon-core/packages/linkattacher_msgs)
[1.586s] INFO:colcon.colcon_ros.task.ament_cmake.build:Building ROS package in '/home/user/dobot_ws/src/IFRA_LinkAttacher/ros2_LinkAttacher' with build type 'ament_cmake'
[1.587s] INFO:colcon.colcon_cmake.task.cmake.build:Building CMake package in '/home/user/dobot_ws/src/IFRA_LinkAttacher/ros2_LinkAttacher'
[1.587s] INFO:colcon.colcon_core.shell:Skip shell extension 'powershell' for command environment: Not usable outside of PowerShell
[1.587s] DEBUG:colcon.colcon_core.shell:Skip shell extension 'dsv' for command environment
[1.604s] Level 1:colcon.colcon_core.environment:create_environment_scripts_only(ariac_interfaces)
[1.604s] Level 1:colcon.colcon_core.environment:checking '/home/user/dobot_ws/install/ariac_interfaces' for CMake module files
[1.607s] Level 1:colcon.colcon_core.environment:checking '/home/user/dobot_ws/install/ariac_interfaces' for CMake config files
[1.609s] Level 1:colcon.colcon_core.shell:create_environment_hook('ariac_interfaces', 'cmake_prefix_path')
[1.610s] INFO:colcon.colcon_core.shell:Creating environment hook '/home/user/dobot_ws/install/ariac_interfaces/share/ariac_interfaces/hook/cmake_prefix_path.ps1'
[1.610s] INFO:colcon.colcon_core.shell:Creating environment descriptor '/home/user/dobot_ws/install/ariac_interfaces/share/ariac_interfaces/hook/cmake_prefix_path.dsv'
[1.611s] INFO:colcon.colcon_core.shell:Creating environment hook '/home/user/dobot_ws/install/ariac_interfaces/share/ariac_interfaces/hook/cmake_prefix_path.sh'
[1.612s] Level 1:colcon.colcon_core.environment:checking '/home/user/dobot_ws/install/ariac_interfaces/lib'
[1.613s] Level 1:colcon.colcon_core.shell:create_environment_hook('ariac_interfaces', 'ld_library_path_lib')
[1.613s] INFO:colcon.colcon_core.shell:Creating environment hook '/home/user/dobot_ws/install/ariac_interfaces/share/ariac_interfaces/hook/ld_library_path_lib.ps1'
[1.614s] INFO:colcon.colcon_core.shell:Creating environment descriptor '/home/user/dobot_ws/install/ariac_interfaces/share/ariac_interfaces/hook/ld_library_path_lib.dsv'
[1.614s] INFO:colcon.colcon_core.shell:Creating environment hook '/home/user/dobot_ws/install/ariac_interfaces/share/ariac_interfaces/hook/ld_library_path_lib.sh'
[1.615s] Level 1:colcon.colcon_core.environment:checking '/home/user/dobot_ws/install/ariac_interfaces/bin'
[1.616s] Level 1:colcon.colcon_core.environment:checking '/home/user/dobot_ws/install/ariac_interfaces/lib/pkgconfig/ariac_interfaces.pc'
[1.616s] Level 1:colcon.colcon_core.environment:checking '/home/user/dobot_ws/install/ariac_interfaces/lib/python3.10/site-packages'
[1.617s] Level 1:colcon.colcon_core.environment:checking '/home/user/dobot_ws/install/ariac_interfaces/bin'
[1.617s] INFO:colcon.colcon_core.shell:Creating package script '/home/user/dobot_ws/install/ariac_interfaces/share/ariac_interfaces/package.ps1'
[1.618s] INFO:colcon.colcon_core.shell:Creating package descriptor '/home/user/dobot_ws/install/ariac_interfaces/share/ariac_interfaces/package.dsv'
[1.619s] INFO:colcon.colcon_core.shell:Creating package script '/home/user/dobot_ws/install/ariac_interfaces/share/ariac_interfaces/package.sh'
[1.620s] INFO:colcon.colcon_core.shell:Creating package script '/home/user/dobot_ws/install/ariac_interfaces/share/ariac_interfaces/package.bash'
[1.621s] INFO:colcon.colcon_core.shell:Creating package script '/home/user/dobot_ws/install/ariac_interfaces/share/ariac_interfaces/package.zsh'
[1.621s] Level 1:colcon.colcon_core.environment:create_file_with_runtime_dependencies(/home/user/dobot_ws/install/ariac_interfaces/share/colcon-core/packages/ariac_interfaces)
[1.623s] Level 1:colcon.colcon_core.environment:create_environment_scripts_only(ariac_interfaces)
[1.623s] Level 1:colcon.colcon_core.environment:checking '/home/user/dobot_ws/install/ariac_interfaces' for CMake module files
[1.625s] Level 1:colcon.colcon_core.environment:checking '/home/user/dobot_ws/install/ariac_interfaces' for CMake config files
[1.626s] Level 1:colcon.colcon_core.shell:create_environment_hook('ariac_interfaces', 'cmake_prefix_path')
[1.626s] INFO:colcon.colcon_core.shell:Creating environment hook '/home/user/dobot_ws/install/ariac_interfaces/share/ariac_interfaces/hook/cmake_prefix_path.ps1'
[1.626s] INFO:colcon.colcon_core.shell:Creating environment descriptor '/home/user/dobot_ws/install/ariac_interfaces/share/ariac_interfaces/hook/cmake_prefix_path.dsv'
[1.627s] INFO:colcon.colcon_core.shell:Creating environment hook '/home/user/dobot_ws/install/ariac_interfaces/share/ariac_interfaces/hook/cmake_prefix_path.sh'
[1.628s] Level 1:colcon.colcon_core.environment:checking '/home/user/dobot_ws/install/ariac_interfaces/lib'
[1.628s] Level 1:colcon.colcon_core.shell:create_environment_hook('ariac_interfaces', 'ld_library_path_lib')
[1.628s] INFO:colcon.colcon_core.shell:Creating environment hook '/home/user/dobot_ws/install/ariac_interfaces/share/ariac_interfaces/hook/ld_library_path_lib.ps1'
[1.629s] INFO:colcon.colcon_core.shell:Creating environment descriptor '/home/user/dobot_ws/install/ariac_interfaces/share/ariac_interfaces/hook/ld_library_path_lib.dsv'
[1.629s] INFO:colcon.colcon_core.shell:Creating environment hook '/home/user/dobot_ws/install/ariac_interfaces/share/ariac_interfaces/hook/ld_library_path_lib.sh'
[1.630s] Level 1:colcon.colcon_core.environment:checking '/home/user/dobot_ws/install/ariac_interfaces/bin'
[1.630s] Level 1:colcon.colcon_core.environment:checking '/home/user/dobot_ws/install/ariac_interfaces/lib/pkgconfig/ariac_interfaces.pc'
[1.630s] Level 1:colcon.colcon_core.environment:checking '/home/user/dobot_ws/install/ariac_interfaces/lib/python3.10/site-packages'
[1.630s] Level 1:colcon.colcon_core.environment:checking '/home/user/dobot_ws/install/ariac_interfaces/bin'
[1.630s] INFO:colcon.colcon_core.shell:Creating package script '/home/user/dobot_ws/install/ariac_interfaces/share/ariac_interfaces/package.ps1'
[1.631s] INFO:colcon.colcon_core.shell:Creating package descriptor '/home/user/dobot_ws/install/ariac_interfaces/share/ariac_interfaces/package.dsv'
[1.632s] INFO:colcon.colcon_core.shell:Creating package script '/home/user/dobot_ws/install/ariac_interfaces/share/ariac_interfaces/package.sh'
[1.632s] INFO:colcon.colcon_core.shell:Creating package script '/home/user/dobot_ws/install/ariac_interfaces/share/ariac_interfaces/package.bash'
[1.633s] INFO:colcon.colcon_core.shell:Creating package script '/home/user/dobot_ws/install/ariac_interfaces/share/ariac_interfaces/package.zsh'
[1.634s] Level 1:colcon.colcon_core.environment:create_file_with_runtime_dependencies(/home/user/dobot_ws/install/ariac_interfaces/share/colcon-core/packages/ariac_interfaces)
[1.640s] INFO:colcon.colcon_ros.task.ament_python.build:Building ROS package in '/home/user/dobot_ws/src/ARIAC/ariac_app' with build type 'ament_python'
[1.640s] Level 1:colcon.colcon_core.shell:create_environment_hook('ariac_app', 'ament_prefix_path')
[1.640s] INFO:colcon.colcon_core.shell:Creating environment hook '/home/user/dobot_ws/install/ariac_app/share/ariac_app/hook/ament_prefix_path.ps1'
[1.641s] INFO:colcon.colcon_core.shell:Creating environment descriptor '/home/user/dobot_ws/install/ariac_app/share/ariac_app/hook/ament_prefix_path.dsv'
[1.642s] INFO:colcon.colcon_core.shell:Creating environment hook '/home/user/dobot_ws/install/ariac_app/share/ariac_app/hook/ament_prefix_path.sh'
[1.643s] INFO:colcon.colcon_core.shell:Skip shell extension 'powershell' for command environment: Not usable outside of PowerShell
[1.643s] DEBUG:colcon.colcon_core.shell:Skip shell extension 'dsv' for command environment
[1.656s] INFO:colcon.colcon_ros.task.ament_cmake.build:Building ROS package in '/home/user/dobot_ws/src/ARIAC/ariac_plugins' with build type 'ament_cmake'
[1.656s] INFO:colcon.colcon_cmake.task.cmake.build:Building CMake package in '/home/user/dobot_ws/src/ARIAC/ariac_plugins'
[1.657s] INFO:colcon.colcon_core.shell:Skip shell extension 'powershell' for command environment: Not usable outside of PowerShell
[1.657s] DEBUG:colcon.colcon_core.shell:Skip shell extension 'dsv' for command environment
[1.669s] INFO:colcon.colcon_ros.task.ament_cmake.build:Building ROS package in '/home/user/dobot_ws/src/ARIAC/robotiq_gripper_controller' with build type 'ament_cmake'
[1.669s] INFO:colcon.colcon_cmake.task.cmake.build:Building CMake package in '/home/user/dobot_ws/src/ARIAC/robotiq_gripper_controller'
[1.670s] INFO:colcon.colcon_core.shell:Skip shell extension 'powershell' for command environment: Not usable outside of PowerShell
[1.670s] DEBUG:colcon.colcon_core.shell:Skip shell extension 'dsv' for command environment
[1.684s] Level 1:colcon.colcon_core.environment:create_environment_scripts_only(dobot_msgs_v4)
[1.685s] Level 1:colcon.colcon_core.environment:checking '/home/user/dobot_ws/install/dobot_msgs_v4' for CMake module files
[1.687s] Level 1:colcon.colcon_core.environment:checking '/home/user/dobot_ws/install/dobot_msgs_v4' for CMake config files
[1.689s] Level 1:colcon.colcon_core.shell:create_environment_hook('dobot_msgs_v4', 'cmake_prefix_path')
[1.689s] INFO:colcon.colcon_core.shell:Creating environment hook '/home/user/dobot_ws/install/dobot_msgs_v4/share/dobot_msgs_v4/hook/cmake_prefix_path.ps1'
[1.690s] INFO:colcon.colcon_core.shell:Creating environment descriptor '/home/user/dobot_ws/install/dobot_msgs_v4/share/dobot_msgs_v4/hook/cmake_prefix_path.dsv'
[1.690s] INFO:colcon.colcon_core.shell:Creating environment hook '/home/user/dobot_ws/install/dobot_msgs_v4/share/dobot_msgs_v4/hook/cmake_prefix_path.sh'
[1.692s] Level 1:colcon.colcon_core.environment:checking '/home/user/dobot_ws/install/dobot_msgs_v4/lib'
[1.692s] Level 1:colcon.colcon_core.shell:create_environment_hook('dobot_msgs_v4', 'ld_library_path_lib')
[1.692s] INFO:colcon.colcon_core.shell:Creating environment hook '/home/user/dobot_ws/install/dobot_msgs_v4/share/dobot_msgs_v4/hook/ld_library_path_lib.ps1'
[1.693s] INFO:colcon.colcon_core.shell:Creating environment descriptor '/home/user/dobot_ws/install/dobot_msgs_v4/share/dobot_msgs_v4/hook/ld_library_path_lib.dsv'
[1.694s] INFO:colcon.colcon_core.shell:Creating environment hook '/home/user/dobot_ws/install/dobot_msgs_v4/share/dobot_msgs_v4/hook/ld_library_path_lib.sh'
[1.694s] Level 1:colcon.colcon_core.environment:checking '/home/user/dobot_ws/install/dobot_msgs_v4/bin'
[1.695s] Level 1:colcon.colcon_core.environment:checking '/home/user/dobot_ws/install/dobot_msgs_v4/lib/pkgconfig/dobot_msgs_v4.pc'
[1.695s] Level 1:colcon.colcon_core.environment:checking '/home/user/dobot_ws/install/dobot_msgs_v4/lib/python3.10/site-packages'
[1.695s] Level 1:colcon.colcon_core.environment:checking '/home/user/dobot_ws/install/dobot_msgs_v4/bin'
[1.696s] INFO:colcon.colcon_core.shell:Creating package script '/home/user/dobot_ws/install/dobot_msgs_v4/share/dobot_msgs_v4/package.ps1'
[1.697s] INFO:colcon.colcon_core.shell:Creating package descriptor '/home/user/dobot_ws/install/dobot_msgs_v4/share/dobot_msgs_v4/package.dsv'
[1.698s] INFO:colcon.colcon_core.shell:Creating package script '/home/user/dobot_ws/install/dobot_msgs_v4/share/dobot_msgs_v4/package.sh'
[1.698s] INFO:colcon.colcon_core.shell:Creating package script '/home/user/dobot_ws/install/dobot_msgs_v4/share/dobot_msgs_v4/package.bash'
[1.699s] INFO:colcon.colcon_core.shell:Creating package script '/home/user/dobot_ws/install/dobot_msgs_v4/share/dobot_msgs_v4/package.zsh'
[1.700s] Level 1:colcon.colcon_core.environment:create_file_with_runtime_dependencies(/home/user/dobot_ws/install/dobot_msgs_v4/share/colcon-core/packages/dobot_msgs_v4)
[1.701s] Level 1:colcon.colcon_core.environment:create_environment_scripts_only(dobot_msgs_v4)
[1.701s] Level 1:colcon.colcon_core.environment:checking '/home/user/dobot_ws/install/dobot_msgs_v4' for CMake module files
[1.704s] Level 1:colcon.colcon_core.environment:checking '/home/user/dobot_ws/install/dobot_msgs_v4' for CMake config files
[1.705s] Level 1:colcon.colcon_core.shell:create_environment_hook('dobot_msgs_v4', 'cmake_prefix_path')
[1.706s] INFO:colcon.colcon_core.shell:Creating environment hook '/home/user/dobot_ws/install/dobot_msgs_v4/share/dobot_msgs_v4/hook/cmake_prefix_path.ps1'
[1.706s] INFO:colcon.colcon_core.shell:Creating environment descriptor '/home/user/dobot_ws/install/dobot_msgs_v4/share/dobot_msgs_v4/hook/cmake_prefix_path.dsv'
[1.707s] INFO:colcon.colcon_core.shell:Creating environment hook '/home/user/dobot_ws/install/dobot_msgs_v4/share/dobot_msgs_v4/hook/cmake_prefix_path.sh'
[1.708s] Level 1:colcon.colcon_core.environment:checking '/home/user/dobot_ws/install/dobot_msgs_v4/lib'
[1.708s] Level 1:colcon.colcon_core.shell:create_environment_hook('dobot_msgs_v4', 'ld_library_path_lib')
[1.709s] INFO:colcon.colcon_core.shell:Creating environment hook '/home/user/dobot_ws/install/dobot_msgs_v4/share/dobot_msgs_v4/hook/ld_library_path_lib.ps1'
[1.709s] INFO:colcon.colcon_core.shell:Creating environment descriptor '/home/user/dobot_ws/install/dobot_msgs_v4/share/dobot_msgs_v4/hook/ld_library_path_lib.dsv'
[1.710s] INFO:colcon.colcon_core.shell:Creating environment hook '/home/user/dobot_ws/install/dobot_msgs_v4/share/dobot_msgs_v4/hook/ld_library_path_lib.sh'
[1.711s] Level 1:colcon.colcon_core.environment:checking '/home/user/dobot_ws/install/dobot_msgs_v4/bin'
[1.711s] Level 1:colcon.colcon_core.environment:checking '/home/user/dobot_ws/install/dobot_msgs_v4/lib/pkgconfig/dobot_msgs_v4.pc'
[1.711s] Level 1:colcon.colcon_core.environment:checking '/home/user/dobot_ws/install/dobot_msgs_v4/lib/python3.10/site-packages'
[1.712s] Level 1:colcon.colcon_core.environment:checking '/home/user/dobot_ws/install/dobot_msgs_v4/bin'
[1.712s] INFO:colcon.colcon_core.shell:Creating package script '/home/user/dobot_ws/install/dobot_msgs_v4/share/dobot_msgs_v4/package.ps1'
[1.714s] INFO:colcon.colcon_core.shell:Creating package descriptor '/home/user/dobot_ws/install/dobot_msgs_v4/share/dobot_msgs_v4/package.dsv'
[1.714s] INFO:colcon.colcon_core.shell:Creating package script '/home/user/dobot_ws/install/dobot_msgs_v4/share/dobot_msgs_v4/package.sh'
[1.715s] INFO:colcon.colcon_core.shell:Creating package script '/home/user/dobot_ws/install/dobot_msgs_v4/share/dobot_msgs_v4/package.bash'
[1.716s] INFO:colcon.colcon_core.shell:Creating package script '/home/user/dobot_ws/install/dobot_msgs_v4/share/dobot_msgs_v4/package.zsh'
[1.717s] Level 1:colcon.colcon_core.environment:create_file_with_runtime_dependencies(/home/user/dobot_ws/install/dobot_msgs_v4/share/colcon-core/packages/dobot_msgs_v4)
[1.724s] INFO:colcon.colcon_ros.task.ament_cmake.build:Building ROS package in '/home/user/dobot_ws/src/DOBOT_6Axis_ROS2_V4/dobot_bringup_v4' with build type 'ament_cmake'
[1.724s] INFO:colcon.colcon_cmake.task.cmake.build:Building CMake package in '/home/user/dobot_ws/src/DOBOT_6Axis_ROS2_V4/dobot_bringup_v4'
[1.724s] INFO:colcon.colcon_core.shell:Skip shell extension 'powershell' for command environment: Not usable outside of PowerShell
[1.725s] DEBUG:colcon.colcon_core.shell:Skip shell extension 'dsv' for command environment
[1.727s] DEBUG:colcon.colcon_core.event_handler.log_command:Invoked command in '/home/user/dobot_ws/build/onrobot_2fg7_description' returned '0': CMAKE_PREFIX_PATH=${CMAKE_PREFIX_PATH}:/home/user/dobot_ws/install/servo_action:/home/user/dobot_ws/install/dobot_moveit:/home/user/dobot_ws/install/dobot_demo:/opt/ros/humble /usr/bin/cmake --install /home/user/dobot_ws/build/onrobot_2fg7_description
[1.848s] DEBUG:colcon.colcon_core.event_handler.log_command:Invoked command in '/home/user/dobot_ws/build/dobot_rviz' returned '0': CMAKE_PREFIX_PATH=${CMAKE_PREFIX_PATH}:/home/user/dobot_ws/install/servo_action:/home/user/dobot_ws/install/dobot_moveit:/home/user/dobot_ws/install/dobot_demo:/opt/ros/humble /usr/bin/cmake --install /home/user/dobot_ws/build/dobot_rviz
[1.853s] DEBUG:colcon.colcon_core.event_handler.log_command:Invoked command in '/home/user/dobot_ws/build/ariac_description' returned '0': CMAKE_PREFIX_PATH=${CMAKE_PREFIX_PATH}:/home/user/dobot_ws/install/servo_action:/home/user/dobot_ws/install/dobot_moveit:/home/user/dobot_ws/install/dobot_demo:/opt/ros/humble /usr/bin/cmake --install /home/user/dobot_ws/build/ariac_description
[1.862s] DEBUG:colcon.colcon_core.event_handler.log_command:Invoked command in '/home/user/dobot_ws/build/dobot_demo_cpp' returned '0': CMAKE_PREFIX_PATH=${CMAKE_PREFIX_PATH}:/home/user/dobot_ws/install/servo_action:/home/user/dobot_ws/install/dobot_moveit:/home/user/dobot_ws/install/dobot_demo:/opt/ros/humble /usr/bin/cmake --install /home/user/dobot_ws/build/dobot_demo_cpp
[1.876s] DEBUG:colcon.colcon_core.event_handler.log_command:Invoked command in '/home/user/dobot_ws/build/linkattacher_msgs' returned '0': CMAKE_PREFIX_PATH=${CMAKE_PREFIX_PATH}:/home/user/dobot_ws/install/servo_action:/home/user/dobot_ws/install/dobot_moveit:/home/user/dobot_ws/install/dobot_demo:/opt/ros/humble /usr/bin/cmake --install /home/user/dobot_ws/build/linkattacher_msgs
[1.888s] DEBUG:colcon.colcon_core.event_handler.log_command:Invoked command in '/home/user/dobot_ws/build/ariac_interfaces' returned '0': CMAKE_PREFIX_PATH=${CMAKE_PREFIX_PATH}:/home/user/dobot_ws/install/servo_action:/home/user/dobot_ws/install/dobot_moveit:/home/user/dobot_ws/install/dobot_demo:/opt/ros/humble /usr/bin/cmake --install /home/user/dobot_ws/build/ariac_interfaces
[1.889s] DEBUG:colcon.colcon_core.event_handler.log_command:Invoking command in '/home/user/dobot_ws/build/cra_description': CMAKE_PREFIX_PATH=/home/user/dobot_ws/install/onrobot_2fg7_description:/home/user/dobot_ws/install/ros2_linkattacher:/home/user/dobot_ws/install/dobot_gazebo:/home/user/dobot_ws/install/cra_description:/home/user/dobot_ws/install/linkattacher_msgs:/home/user/dobot_ws/install/cr7_moveit:/home/user/dobot_ws/install/dobot_rviz:/home/user/dobot_ws/install/cr_robot_ros2:/home/user/dobot_ws/install/dobot_msgs_v4:/home/user/dobot_ws/install/dobot_demo_cpp:/home/user/dobot_ws/install/servo_action:/home/user/dobot_ws/install/dobot_moveit:/home/user/dobot_ws/install/dobot_demo:/opt/ros/humble /usr/bin/cmake --build /home/user/dobot_ws/build/cra_description -- -j16 -l16
[1.889s] DEBUG:colcon.colcon_core.event_handler.log_command:Invoking command in '/home/user/dobot_ws/build/cr7_moveit': CMAKE_PREFIX_PATH=/home/user/dobot_ws/install/dobot_rviz:/home/user/dobot_ws/install/ros2_linkattacher:/home/user/dobot_ws/install/dobot_gazebo:/home/user/dobot_ws/install/cra_description:/home/user/dobot_ws/install/onrobot_2fg7_description:/home/user/dobot_ws/install/linkattacher_msgs:/home/user/dobot_ws/install/cr7_moveit:/home/user/dobot_ws/install/cr_robot_ros2:/home/user/dobot_ws/install/dobot_msgs_v4:/home/user/dobot_ws/install/dobot_demo_cpp:/home/user/dobot_ws/install/servo_action:/home/user/dobot_ws/install/dobot_moveit:/home/user/dobot_ws/install/dobot_demo:/opt/ros/humble /usr/bin/cmake --build /home/user/dobot_ws/build/cr7_moveit -- -j16 -l16
[1.890s] DEBUG:colcon.colcon_core.event_handler.log_command:Invoked command in '/home/user/dobot_ws/build/dobot_msgs_v4' returned '0': CMAKE_PREFIX_PATH=${CMAKE_PREFIX_PATH}:/home/user/dobot_ws/install/servo_action:/home/user/dobot_ws/install/dobot_moveit:/home/user/dobot_ws/install/dobot_demo:/opt/ros/humble /usr/bin/cmake --install /home/user/dobot_ws/build/dobot_msgs_v4
[1.890s] DEBUG:colcon.colcon_core.event_handler.log_command:Invoked command in '/home/user/dobot_ws/build/cra_description' returned '0': CMAKE_PREFIX_PATH=/home/user/dobot_ws/install/onrobot_2fg7_description:/home/user/dobot_ws/install/ros2_linkattacher:/home/user/dobot_ws/install/dobot_gazebo:/home/user/dobot_ws/install/cra_description:/home/user/dobot_ws/install/linkattacher_msgs:/home/user/dobot_ws/install/cr7_moveit:/home/user/dobot_ws/install/dobot_rviz:/home/user/dobot_ws/install/cr_robot_ros2:/home/user/dobot_ws/install/dobot_msgs_v4:/home/user/dobot_ws/install/dobot_demo_cpp:/home/user/dobot_ws/install/servo_action:/home/user/dobot_ws/install/dobot_moveit:/home/user/dobot_ws/install/dobot_demo:/opt/ros/humble /usr/bin/cmake --build /home/user/dobot_ws/build/cra_description -- -j16 -l16
[1.890s] DEBUG:colcon.colcon_core.event_handler.log_command:Invoking command in '/home/user/dobot_ws/build/cra_description': CMAKE_PREFIX_PATH=/home/user/dobot_ws/install/onrobot_2fg7_description:/home/user/dobot_ws/install/ros2_linkattacher:/home/user/dobot_ws/install/dobot_gazebo:/home/user/dobot_ws/install/cra_description:/home/user/dobot_ws/install/linkattacher_msgs:/home/user/dobot_ws/install/cr7_moveit:/home/user/dobot_ws/install/dobot_rviz:/home/user/dobot_ws/install/cr_robot_ros2:/home/user/dobot_ws/install/dobot_msgs_v4:/home/user/dobot_ws/install/dobot_demo_cpp:/home/user/dobot_ws/install/servo_action:/home/user/dobot_ws/install/dobot_moveit:/home/user/dobot_ws/install/dobot_demo:/opt/ros/humble /usr/bin/cmake --install /home/user/dobot_ws/build/cra_description
[1.891s] DEBUG:colcon.colcon_core.event_handler.log_command:Invoking command in '/home/user/dobot_ws/build/ros2_linkattacher': CMAKE_PREFIX_PATH=/home/user/dobot_ws/install/linkattacher_msgs:/home/user/dobot_ws/install/ros2_linkattacher:/home/user/dobot_ws/install/dobot_gazebo:/home/user/dobot_ws/install/cra_description:/home/user/dobot_ws/install/onrobot_2fg7_description:/home/user/dobot_ws/install/cr7_moveit:/home/user/dobot_ws/install/dobot_rviz:/home/user/dobot_ws/install/cr_robot_ros2:/home/user/dobot_ws/install/dobot_msgs_v4:/home/user/dobot_ws/install/dobot_demo_cpp:/home/user/dobot_ws/install/servo_action:/home/user/dobot_ws/install/dobot_moveit:/home/user/dobot_ws/install/dobot_demo:/opt/ros/humble LD_LIBRARY_PATH=/home/user/dobot_ws/install/linkattacher_msgs/lib:/home/user/dobot_ws/install/ros2_linkattacher/lib:/home/user/dobot_ws/install/dobot_msgs_v4/lib:/usr/lib/x86_64-linux-gnu/gazebo-11/plugins:/opt/ros/humble/opt/rviz_ogre_vendor/lib:/opt/ros/humble/lib/x86_64-linux-gnu:/opt/ros/humble/lib /usr/bin/cmake --build /home/user/dobot_ws/build/ros2_linkattacher -- -j16 -l16
[1.891s] DEBUG:colcon.colcon_core.event_handler.log_command:Invoked command in '/home/user/dobot_ws/build/cr7_moveit' returned '0': CMAKE_PREFIX_PATH=/home/user/dobot_ws/install/dobot_rviz:/home/user/dobot_ws/install/ros2_linkattacher:/home/user/dobot_ws/install/dobot_gazebo:/home/user/dobot_ws/install/cra_description:/home/user/dobot_ws/install/onrobot_2fg7_description:/home/user/dobot_ws/install/linkattacher_msgs:/home/user/dobot_ws/install/cr7_moveit:/home/user/dobot_ws/install/cr_robot_ros2:/home/user/dobot_ws/install/dobot_msgs_v4:/home/user/dobot_ws/install/dobot_demo_cpp:/home/user/dobot_ws/install/servo_action:/home/user/dobot_ws/install/dobot_moveit:/home/user/dobot_ws/install/dobot_demo:/opt/ros/humble /usr/bin/cmake --build /home/user/dobot_ws/build/cr7_moveit -- -j16 -l16
[1.891s] DEBUG:colcon.colcon_core.event_handler.log_command:Invoking command in '/home/user/dobot_ws/build/cr7_moveit': CMAKE_PREFIX_PATH=/home/user/dobot_ws/install/dobot_rviz:/home/user/dobot_ws/install/ros2_linkattacher:/home/user/dobot_ws/install/dobot_gazebo:/home/user/dobot_ws/install/cra_description:/home/user/dobot_ws/install/onrobot_2fg7_description:/home/user/dobot_ws/install/linkattacher_msgs:/home/user/dobot_ws/install/cr7_moveit:/home/user/dobot_ws/install/cr_robot_ros2:/home/user/dobot_ws/install/dobot_msgs_v4:/home/user/dobot_ws/install/dobot_demo_cpp:/home/user/dobot_ws/install/servo_action:/home/user/dobot_ws/install/dobot_moveit:/home/user/dobot_ws/install/dobot_demo:/opt/ros/humble /usr/bin/cmake --install /home/user/dobot_ws/build/cr7_moveit
[1.912s] INFO:colcon.colcon_core.task.python.build:Building Python package in '/home/user/dobot_ws/src/ARIAC/ariac_app'
[1.913s] INFO:colcon.colcon_core.shell:Skip shell extension 'powershell' for command environment: Not usable outside of PowerShell
[1.913s] DEBUG:colcon.colcon_core.shell:Skip shell extension 'dsv' for command environment
[1.919s] DEBUG:colcon.colcon_core.event_handler.log_command:Invoking command in '/home/user/dobot_ws/build/ariac_plugins': AMENT_PREFIX_PATH=/home/user/dobot_ws/install/ariac_interfaces:${AMENT_PREFIX_PATH} CMAKE_PREFIX_PATH=/home/user/dobot_ws/install/ariac_interfaces:/home/user/dobot_ws/install/ros2_linkattacher:/home/user/dobot_ws/install/dobot_gazebo:/home/user/dobot_ws/install/cra_description:/home/user/dobot_ws/install/onrobot_2fg7_description:/home/user/dobot_ws/install/linkattacher_msgs:/home/user/dobot_ws/install/cr7_moveit:/home/user/dobot_ws/install/dobot_rviz:/home/user/dobot_ws/install/cr_robot_ros2:/home/user/dobot_ws/install/dobot_msgs_v4:/home/user/dobot_ws/install/dobot_demo_cpp:/home/user/dobot_ws/install/servo_action:/home/user/dobot_ws/install/dobot_moveit:/home/user/dobot_ws/install/dobot_demo:/opt/ros/humble LD_LIBRARY_PATH=/home/user/dobot_ws/install/ariac_interfaces/lib:${LD_LIBRARY_PATH} PYTHONPATH=/home/user/dobot_ws/install/ariac_interfaces/local/lib/python3.10/dist-packages:${PYTHONPATH} /usr/bin/cmake /home/user/dobot_ws/src/ARIAC/ariac_plugins -DCMAKE_INSTALL_PREFIX=/home/user/dobot_ws/install/ariac_plugins
[1.925s] Level 1:colcon.colcon_core.environment:create_environment_scripts_only(cra_description)
[1.925s] Level 1:colcon.colcon_core.environment:checking '/home/user/dobot_ws/install/cra_description' for CMake module files
[1.927s] Level 1:colcon.colcon_core.environment:checking '/home/user/dobot_ws/install/cra_description' for CMake config files
[1.928s] Level 1:colcon.colcon_core.shell:create_environment_hook('cra_description', 'cmake_prefix_path')
[1.929s] INFO:colcon.colcon_core.shell:Creating environment hook '/home/user/dobot_ws/install/cra_description/share/cra_description/hook/cmake_prefix_path.ps1'
[1.929s] INFO:colcon.colcon_core.shell:Creating environment descriptor '/home/user/dobot_ws/install/cra_description/share/cra_description/hook/cmake_prefix_path.dsv'
[1.930s] INFO:colcon.colcon_core.shell:Creating environment hook '/home/user/dobot_ws/install/cra_description/share/cra_description/hook/cmake_prefix_path.sh'
[1.931s] DEBUG:colcon.colcon_core.event_handler.log_command:Invoking command in '/home/user/dobot_ws/build/robotiq_gripper_controller': AMENT_PREFIX_PATH=/home/user/dobot_ws/install/ariac_interfaces:${AMENT_PREFIX_PATH} CMAKE_PREFIX_PATH=/home/user/dobot_ws/install/ariac_interfaces:/home/user/dobot_ws/install/ros2_linkattacher:/home/user/dobot_ws/install/dobot_gazebo:/home/user/dobot_ws/install/cra_description:/home/user/dobot_ws/install/onrobot_2fg7_description:/home/user/dobot_ws/install/linkattacher_msgs:/home/user/dobot_ws/install/cr7_moveit:/home/user/dobot_ws/install/dobot_rviz:/home/user/dobot_ws/install/cr_robot_ros2:/home/user/dobot_ws/install/dobot_msgs_v4:/home/user/dobot_ws/install/dobot_demo_cpp:/home/user/dobot_ws/install/servo_action:/home/user/dobot_ws/install/dobot_moveit:/home/user/dobot_ws/install/dobot_demo:/opt/ros/humble LD_LIBRARY_PATH=/home/user/dobot_ws/install/ariac_interfaces/lib:${LD_LIBRARY_PATH} PYTHONPATH=/home/user/dobot_ws/install/ariac_interfaces/local/lib/python3.10/dist-packages:${PYTHONPATH} /usr/bin/cmake /home/user/dobot_ws/src/ARIAC/robotiq_gripper_controller -DCMAKE_INSTALL_PREFIX=/home/user/dobot_ws/install/robotiq_gripper_controller
[1.931s] Level 1:colcon.colcon_core.environment:checking '/home/user/dobot_ws/install/cra_description/bin'
[1.931s] Level 1:colcon.colcon_core.environment:checking '/home/user/dobot_ws/install/cra_description/lib/pkgconfig/cra_description.pc'
[1.932s] Level 1:colcon.colcon_core.environment:checking '/home/user/dobot_ws/install/cra_description/lib/python3.10/site-packages'
[1.932s] Level 1:colcon.colcon_core.environment:checking '/home/user/dobot_ws/install/cra_description/bin'
[1.932s] INFO:colcon.colcon_core.shell:Creating package script '/home/user/dobot_ws/install/cra_description/share/cra_description/package.ps1'
[1.933s] DEBUG:colcon.colcon_core.event_handler.log_command:Invoking command in '/home/user/dobot_ws/src/DOBOT_6Axis_ROS2_V4/dobot_demo': PYTHONPATH=/home/user/dobot_ws/build/dobot_demo/prefix_override:/usr/lib/python3/dist-packages/colcon_core/task/python/colcon_distutils_commands:/home/user/dobot_ws/install/dobot_demo/lib/python3.10/site-packages:${PYTHONPATH} /usr/bin/python3 -W ignore:setup.py install is deprecated -W ignore:easy_install command is deprecated setup.py egg_info --egg-base ../../../build/dobot_demo build --build-base /home/user/dobot_ws/build/dobot_demo/build install --record /home/user/dobot_ws/build/dobot_demo/install.log --single-version-externally-managed install_data
[1.933s] INFO:colcon.colcon_core.shell:Creating package descriptor '/home/user/dobot_ws/install/cra_description/share/cra_description/package.dsv'
[1.934s] INFO:colcon.colcon_core.shell:Creating package script '/home/user/dobot_ws/install/cra_description/share/cra_description/package.sh'
[1.935s] DEBUG:colcon.colcon_core.event_handler.log_command:Invoking command in '/home/user/dobot_ws/src/DOBOT_6Axis_ROS2_V4/servo_action': PYTHONPATH=/home/user/dobot_ws/build/servo_action/prefix_override:/usr/lib/python3/dist-packages/colcon_core/task/python/colcon_distutils_commands:/home/user/dobot_ws/install/servo_action/lib/python3.10/site-packages:${PYTHONPATH} /usr/bin/python3 -W ignore:setup.py install is deprecated -W ignore:easy_install command is deprecated setup.py egg_info --egg-base ../../../build/servo_action build --build-base /home/user/dobot_ws/build/servo_action/build install --record /home/user/dobot_ws/build/servo_action/install.log --single-version-externally-managed install_data
[1.935s] INFO:colcon.colcon_core.shell:Creating package script '/home/user/dobot_ws/install/cra_description/share/cra_description/package.bash'
[1.935s] DEBUG:colcon.colcon_core.event_handler.log_command:Invoked command in '/home/user/dobot_ws/build/cra_description' returned '0': CMAKE_PREFIX_PATH=/home/user/dobot_ws/install/onrobot_2fg7_description:/home/user/dobot_ws/install/ros2_linkattacher:/home/user/dobot_ws/install/dobot_gazebo:/home/user/dobot_ws/install/cra_description:/home/user/dobot_ws/install/linkattacher_msgs:/home/user/dobot_ws/install/cr7_moveit:/home/user/dobot_ws/install/dobot_rviz:/home/user/dobot_ws/install/cr_robot_ros2:/home/user/dobot_ws/install/dobot_msgs_v4:/home/user/dobot_ws/install/dobot_demo_cpp:/home/user/dobot_ws/install/servo_action:/home/user/dobot_ws/install/dobot_moveit:/home/user/dobot_ws/install/dobot_demo:/opt/ros/humble /usr/bin/cmake --install /home/user/dobot_ws/build/cra_description
[1.935s] INFO:colcon.colcon_core.shell:Creating package script '/home/user/dobot_ws/install/cra_description/share/cra_description/package.zsh'
[1.936s] Level 1:colcon.colcon_core.environment:create_file_with_runtime_dependencies(/home/user/dobot_ws/install/cra_description/share/colcon-core/packages/cra_description)
[1.936s] Level 1:colcon.colcon_core.environment:create_environment_scripts_only(cra_description)
[1.936s] Level 1:colcon.colcon_core.environment:checking '/home/user/dobot_ws/install/cra_description' for CMake module files
[1.936s] Level 1:colcon.colcon_core.environment:checking '/home/user/dobot_ws/install/cra_description' for CMake config files
[1.937s] Level 1:colcon.colcon_core.shell:create_environment_hook('cra_description', 'cmake_prefix_path')
[1.937s] INFO:colcon.colcon_core.shell:Creating environment hook '/home/user/dobot_ws/install/cra_description/share/cra_description/hook/cmake_prefix_path.ps1'
[1.937s] INFO:colcon.colcon_core.shell:Creating environment descriptor '/home/user/dobot_ws/install/cra_description/share/cra_description/hook/cmake_prefix_path.dsv'
[1.937s] INFO:colcon.colcon_core.shell:Creating environment hook '/home/user/dobot_ws/install/cra_description/share/cra_description/hook/cmake_prefix_path.sh'
[1.938s] Level 1:colcon.colcon_core.environment:checking '/home/user/dobot_ws/install/cra_description/bin'
[1.938s] Level 1:colcon.colcon_core.environment:checking '/home/user/dobot_ws/install/cra_description/lib/pkgconfig/cra_description.pc'
[1.938s] Level 1:colcon.colcon_core.environment:checking '/home/user/dobot_ws/install/cra_description/lib/python3.10/site-packages'
[1.938s] Level 1:colcon.colcon_core.environment:checking '/home/user/dobot_ws/install/cra_description/bin'
[1.938s] INFO:colcon.colcon_core.shell:Creating package script '/home/user/dobot_ws/install/cra_description/share/cra_description/package.ps1'
[1.939s] INFO:colcon.colcon_core.shell:Creating package descriptor '/home/user/dobot_ws/install/cra_description/share/cra_description/package.dsv'
[1.939s] INFO:colcon.colcon_core.shell:Creating package script '/home/user/dobot_ws/install/cra_description/share/cra_description/package.sh'
[1.940s] INFO:colcon.colcon_core.shell:Creating package script '/home/user/dobot_ws/install/cra_description/share/cra_description/package.bash'
[1.940s] INFO:colcon.colcon_core.shell:Creating package script '/home/user/dobot_ws/install/cra_description/share/cra_description/package.zsh'
[1.940s] Level 1:colcon.colcon_core.environment:create_file_with_runtime_dependencies(/home/user/dobot_ws/install/cra_description/share/colcon-core/packages/cra_description)
[1.945s] DEBUG:colcon.colcon_core.event_handler.log_command:Invoking command in '/home/user/dobot_ws/build/cr_robot_ros2': CMAKE_PREFIX_PATH=/home/user/dobot_ws/install/dobot_msgs_v4:/home/user/dobot_ws/install/ros2_linkattacher:/home/user/dobot_ws/install/dobot_gazebo:/home/user/dobot_ws/install/cra_description:/home/user/dobot_ws/install/onrobot_2fg7_description:/home/user/dobot_ws/install/linkattacher_msgs:/home/user/dobot_ws/install/cr7_moveit:/home/user/dobot_ws/install/dobot_rviz:/home/user/dobot_ws/install/cr_robot_ros2:/home/user/dobot_ws/install/dobot_demo_cpp:/home/user/dobot_ws/install/servo_action:/home/user/dobot_ws/install/dobot_moveit:/home/user/dobot_ws/install/dobot_demo:/opt/ros/humble LD_LIBRARY_PATH=/home/user/dobot_ws/install/dobot_msgs_v4/lib:/home/user/dobot_ws/install/ros2_linkattacher/lib:/home/user/dobot_ws/install/linkattacher_msgs/lib:/usr/lib/x86_64-linux-gnu/gazebo-11/plugins:/opt/ros/humble/opt/rviz_ogre_vendor/lib:/opt/ros/humble/lib/x86_64-linux-gnu:/opt/ros/humble/lib /usr/bin/cmake --build /home/user/dobot_ws/build/cr_robot_ros2 -- -j16 -l16
[1.945s] Level 1:colcon.colcon_core.environment:create_environment_scripts_only(cr7_moveit)
[1.946s] Level 1:colcon.colcon_core.environment:checking '/home/user/dobot_ws/install/cr7_moveit' for CMake module files
[1.946s] DEBUG:colcon.colcon_core.event_handler.log_command:Invoked command in '/home/user/dobot_ws/build/ros2_linkattacher' returned '0': CMAKE_PREFIX_PATH=/home/user/dobot_ws/install/linkattacher_msgs:/home/user/dobot_ws/install/ros2_linkattacher:/home/user/dobot_ws/install/dobot_gazebo:/home/user/dobot_ws/install/cra_description:/home/user/dobot_ws/install/onrobot_2fg7_description:/home/user/dobot_ws/install/cr7_moveit:/home/user/dobot_ws/install/dobot_rviz:/home/user/dobot_ws/install/cr_robot_ros2:/home/user/dobot_ws/install/dobot_msgs_v4:/home/user/dobot_ws/install/dobot_demo_cpp:/home/user/dobot_ws/install/servo_action:/home/user/dobot_ws/install/dobot_moveit:/home/user/dobot_ws/install/dobot_demo:/opt/ros/humble LD_LIBRARY_PATH=/home/user/dobot_ws/install/linkattacher_msgs/lib:/home/user/dobot_ws/install/ros2_linkattacher/lib:/home/user/dobot_ws/install/dobot_msgs_v4/lib:/usr/lib/x86_64-linux-gnu/gazebo-11/plugins:/opt/ros/humble/opt/rviz_ogre_vendor/lib:/opt/ros/humble/lib/x86_64-linux-gnu:/opt/ros/humble/lib /usr/bin/cmake --build /home/user/dobot_ws/build/ros2_linkattacher -- -j16 -l16
[1.947s] DEBUG:colcon.colcon_core.event_handler.log_command:Invoking command in '/home/user/dobot_ws/build/ros2_linkattacher': CMAKE_PREFIX_PATH=/home/user/dobot_ws/install/linkattacher_msgs:/home/user/dobot_ws/install/ros2_linkattacher:/home/user/dobot_ws/install/dobot_gazebo:/home/user/dobot_ws/install/cra_description:/home/user/dobot_ws/install/onrobot_2fg7_description:/home/user/dobot_ws/install/cr7_moveit:/home/user/dobot_ws/install/dobot_rviz:/home/user/dobot_ws/install/cr_robot_ros2:/home/user/dobot_ws/install/dobot_msgs_v4:/home/user/dobot_ws/install/dobot_demo_cpp:/home/user/dobot_ws/install/servo_action:/home/user/dobot_ws/install/dobot_moveit:/home/user/dobot_ws/install/dobot_demo:/opt/ros/humble LD_LIBRARY_PATH=/home/user/dobot_ws/install/linkattacher_msgs/lib:/home/user/dobot_ws/install/ros2_linkattacher/lib:/home/user/dobot_ws/install/dobot_msgs_v4/lib:/usr/lib/x86_64-linux-gnu/gazebo-11/plugins:/opt/ros/humble/opt/rviz_ogre_vendor/lib:/opt/ros/humble/lib/x86_64-linux-gnu:/opt/ros/humble/lib /usr/bin/cmake --install /home/user/dobot_ws/build/ros2_linkattacher
[1.947s] DEBUG:colcon.colcon_core.event_handler.log_command:Invoked command in '/home/user/dobot_ws/build/cr7_moveit' returned '0': CMAKE_PREFIX_PATH=/home/user/dobot_ws/install/dobot_rviz:/home/user/dobot_ws/install/ros2_linkattacher:/home/user/dobot_ws/install/dobot_gazebo:/home/user/dobot_ws/install/cra_description:/home/user/dobot_ws/install/onrobot_2fg7_description:/home/user/dobot_ws/install/linkattacher_msgs:/home/user/dobot_ws/install/cr7_moveit:/home/user/dobot_ws/install/cr_robot_ros2:/home/user/dobot_ws/install/dobot_msgs_v4:/home/user/dobot_ws/install/dobot_demo_cpp:/home/user/dobot_ws/install/servo_action:/home/user/dobot_ws/install/dobot_moveit:/home/user/dobot_ws/install/dobot_demo:/opt/ros/humble /usr/bin/cmake --install /home/user/dobot_ws/build/cr7_moveit
[1.948s] Level 1:colcon.colcon_core.environment:checking '/home/user/dobot_ws/install/cr7_moveit' for CMake config files
[1.948s] Level 1:colcon.colcon_core.shell:create_environment_hook('cr7_moveit', 'cmake_prefix_path')
[1.948s] INFO:colcon.colcon_core.shell:Creating environment hook '/home/user/dobot_ws/install/cr7_moveit/share/cr7_moveit/hook/cmake_prefix_path.ps1'
[1.949s] INFO:colcon.colcon_core.shell:Creating environment descriptor '/home/user/dobot_ws/install/cr7_moveit/share/cr7_moveit/hook/cmake_prefix_path.dsv'
[1.949s] INFO:colcon.colcon_core.shell:Creating environment hook '/home/user/dobot_ws/install/cr7_moveit/share/cr7_moveit/hook/cmake_prefix_path.sh'
[1.950s] Level 1:colcon.colcon_core.environment:checking '/home/user/dobot_ws/install/cr7_moveit/bin'
[1.950s] Level 1:colcon.colcon_core.environment:checking '/home/user/dobot_ws/install/cr7_moveit/lib/pkgconfig/cr7_moveit.pc'
[1.950s] Level 1:colcon.colcon_core.environment:checking '/home/user/dobot_ws/install/cr7_moveit/lib/python3.10/site-packages'
[1.951s] Level 1:colcon.colcon_core.environment:checking '/home/user/dobot_ws/install/cr7_moveit/bin'
[1.951s] INFO:colcon.colcon_core.shell:Creating package script '/home/user/dobot_ws/install/cr7_moveit/share/cr7_moveit/package.ps1'
[1.952s] INFO:colcon.colcon_core.shell:Creating package descriptor '/home/user/dobot_ws/install/cr7_moveit/share/cr7_moveit/package.dsv'
[1.952s] INFO:colcon.colcon_core.shell:Creating package script '/home/user/dobot_ws/install/cr7_moveit/share/cr7_moveit/package.sh'
[1.953s] INFO:colcon.colcon_core.shell:Creating package script '/home/user/dobot_ws/install/cr7_moveit/share/cr7_moveit/package.bash'
[1.953s] INFO:colcon.colcon_core.shell:Creating package script '/home/user/dobot_ws/install/cr7_moveit/share/cr7_moveit/package.zsh'
[1.954s] Level 1:colcon.colcon_core.environment:create_file_with_runtime_dependencies(/home/user/dobot_ws/install/cr7_moveit/share/colcon-core/packages/cr7_moveit)
[1.954s] Level 1:colcon.colcon_core.environment:create_environment_scripts_only(cr7_moveit)
[1.954s] Level 1:colcon.colcon_core.environment:checking '/home/user/dobot_ws/install/cr7_moveit' for CMake module files
[1.955s] Level 1:colcon.colcon_core.environment:checking '/home/user/dobot_ws/install/cr7_moveit' for CMake config files
[1.955s] Level 1:colcon.colcon_core.shell:create_environment_hook('cr7_moveit', 'cmake_prefix_path')
[1.956s] INFO:colcon.colcon_core.shell:Creating environment hook '/home/user/dobot_ws/install/cr7_moveit/share/cr7_moveit/hook/cmake_prefix_path.ps1'
[1.956s] INFO:colcon.colcon_core.shell:Creating environment descriptor '/home/user/dobot_ws/install/cr7_moveit/share/cr7_moveit/hook/cmake_prefix_path.dsv'
[1.957s] INFO:colcon.colcon_core.shell:Creating environment hook '/home/user/dobot_ws/install/cr7_moveit/share/cr7_moveit/hook/cmake_prefix_path.sh'
[1.958s] Level 1:colcon.colcon_core.environment:checking '/home/user/dobot_ws/install/cr7_moveit/bin'
[1.958s] Level 1:colcon.colcon_core.environment:checking '/home/user/dobot_ws/install/cr7_moveit/lib/pkgconfig/cr7_moveit.pc'
[1.958s] Level 1:colcon.colcon_core.environment:checking '/home/user/dobot_ws/install/cr7_moveit/lib/python3.10/site-packages'
[1.959s] Level 1:colcon.colcon_core.environment:checking '/home/user/dobot_ws/install/cr7_moveit/bin'
[1.959s] INFO:colcon.colcon_core.shell:Creating package script '/home/user/dobot_ws/install/cr7_moveit/share/cr7_moveit/package.ps1'
[1.960s] INFO:colcon.colcon_core.shell:Creating package descriptor '/home/user/dobot_ws/install/cr7_moveit/share/cr7_moveit/package.dsv'
[1.960s] INFO:colcon.colcon_core.shell:Creating package script '/home/user/dobot_ws/install/cr7_moveit/share/cr7_moveit/package.sh'
[1.961s] INFO:colcon.colcon_core.shell:Creating package script '/home/user/dobot_ws/install/cr7_moveit/share/cr7_moveit/package.bash'
[1.961s] INFO:colcon.colcon_core.shell:Creating package script '/home/user/dobot_ws/install/cr7_moveit/share/cr7_moveit/package.zsh'
[1.962s] Level 1:colcon.colcon_core.environment:create_file_with_runtime_dependencies(/home/user/dobot_ws/install/cr7_moveit/share/colcon-core/packages/cr7_moveit)
[1.962s] INFO:colcon.colcon_ros.task.ament_cmake.build:Building ROS package in '/home/user/dobot_ws/src/DOBOT_6Axis_ROS2_V4/dobot_gazebo' with build type 'ament_cmake'
[1.962s] INFO:colcon.colcon_cmake.task.cmake.build:Building CMake package in '/home/user/dobot_ws/src/DOBOT_6Axis_ROS2_V4/dobot_gazebo'
[1.963s] INFO:colcon.colcon_core.shell:Skip shell extension 'powershell' for command environment: Not usable outside of PowerShell
[1.963s] DEBUG:colcon.colcon_core.shell:Skip shell extension 'dsv' for command environment
[1.972s] DEBUG:colcon.colcon_core.event_handler.log_command:Invoking command in '/home/user/dobot_ws/src/ARIAC/ariac_setup': PYTHONPATH=/home/user/dobot_ws/build/ariac_setup/prefix_override:/usr/lib/python3/dist-packages/colcon_core/task/python/colcon_distutils_commands:/home/user/dobot_ws/install/ariac_setup/lib/python3.10/site-packages:${PYTHONPATH} /usr/bin/python3 -W ignore:setup.py install is deprecated -W ignore:easy_install command is deprecated setup.py egg_info --egg-base ../../../build/ariac_setup build --build-base /home/user/dobot_ws/build/ariac_setup/build install --record /home/user/dobot_ws/build/ariac_setup/install.log --single-version-externally-managed install_data
[1.976s] DEBUG:colcon.colcon_core.event_handler.log_command:Invoking command in '/home/user/dobot_ws/src/ARIAC/ariac_db': PYTHONPATH=/home/user/dobot_ws/build/ariac_db/prefix_override:/usr/lib/python3/dist-packages/colcon_core/task/python/colcon_distutils_commands:/home/user/dobot_ws/install/ariac_db/lib/python3.10/site-packages:${PYTHONPATH} /usr/bin/python3 -W ignore:setup.py install is deprecated -W ignore:easy_install command is deprecated setup.py egg_info --egg-base ../../../build/ariac_db build --build-base /home/user/dobot_ws/build/ariac_db/build install --record /home/user/dobot_ws/build/ariac_db/install.log --single-version-externally-managed install_data
[1.978s] DEBUG:colcon.colcon_core.event_handler.log_command:Invoking command in '/home/user/dobot_ws/src/DOBOT_6Axis_ROS2_V4/dobot_moveit': PYTHONPATH=/home/user/dobot_ws/build/dobot_moveit/prefix_override:/usr/lib/python3/dist-packages/colcon_core/task/python/colcon_distutils_commands:/home/user/dobot_ws/install/dobot_moveit/lib/python3.10/site-packages:${PYTHONPATH} /usr/bin/python3 -W ignore:setup.py install is deprecated -W ignore:easy_install command is deprecated setup.py egg_info --egg-base ../../../build/dobot_moveit build --build-base /home/user/dobot_ws/build/dobot_moveit/build install --record /home/user/dobot_ws/build/dobot_moveit/install.log --single-version-externally-managed install_data
[1.980s] Level 1:colcon.colcon_core.environment:create_environment_scripts_only(ros2_linkattacher)
[1.980s] Level 1:colcon.colcon_core.environment:checking '/home/user/dobot_ws/install/ros2_linkattacher' for CMake module files
[1.982s] Level 1:colcon.colcon_core.environment:checking '/home/user/dobot_ws/install/ros2_linkattacher' for CMake config files
[1.983s] Level 1:colcon.colcon_core.shell:create_environment_hook('ros2_linkattacher', 'cmake_prefix_path')
[1.983s] INFO:colcon.colcon_core.shell:Creating environment hook '/home/user/dobot_ws/install/ros2_linkattacher/share/ros2_linkattacher/hook/cmake_prefix_path.ps1'
[1.984s] DEBUG:colcon.colcon_core.event_handler.log_command:Invoked command in '/home/user/dobot_ws/build/ros2_linkattacher' returned '0': CMAKE_PREFIX_PATH=/home/user/dobot_ws/install/linkattacher_msgs:/home/user/dobot_ws/install/ros2_linkattacher:/home/user/dobot_ws/install/dobot_gazebo:/home/user/dobot_ws/install/cra_description:/home/user/dobot_ws/install/onrobot_2fg7_description:/home/user/dobot_ws/install/cr7_moveit:/home/user/dobot_ws/install/dobot_rviz:/home/user/dobot_ws/install/cr_robot_ros2:/home/user/dobot_ws/install/dobot_msgs_v4:/home/user/dobot_ws/install/dobot_demo_cpp:/home/user/dobot_ws/install/servo_action:/home/user/dobot_ws/install/dobot_moveit:/home/user/dobot_ws/install/dobot_demo:/opt/ros/humble LD_LIBRARY_PATH=/home/user/dobot_ws/install/linkattacher_msgs/lib:/home/user/dobot_ws/install/ros2_linkattacher/lib:/home/user/dobot_ws/install/dobot_msgs_v4/lib:/usr/lib/x86_64-linux-gnu/gazebo-11/plugins:/opt/ros/humble/opt/rviz_ogre_vendor/lib:/opt/ros/humble/lib/x86_64-linux-gnu:/opt/ros/humble/lib /usr/bin/cmake --install /home/user/dobot_ws/build/ros2_linkattacher
[1.984s] INFO:colcon.colcon_core.shell:Creating environment descriptor '/home/user/dobot_ws/install/ros2_linkattacher/share/ros2_linkattacher/hook/cmake_prefix_path.dsv'
[1.984s] INFO:colcon.colcon_core.shell:Creating environment hook '/home/user/dobot_ws/install/ros2_linkattacher/share/ros2_linkattacher/hook/cmake_prefix_path.sh'
[1.985s] Level 1:colcon.colcon_core.environment:checking '/home/user/dobot_ws/install/ros2_linkattacher/lib'
[1.985s] Level 1:colcon.colcon_core.shell:create_environment_hook('ros2_linkattacher', 'ld_library_path_lib')
[1.985s] INFO:colcon.colcon_core.shell:Creating environment hook '/home/user/dobot_ws/install/ros2_linkattacher/share/ros2_linkattacher/hook/ld_library_path_lib.ps1'
[1.986s] INFO:colcon.colcon_core.shell:Creating environment descriptor '/home/user/dobot_ws/install/ros2_linkattacher/share/ros2_linkattacher/hook/ld_library_path_lib.dsv'
[1.986s] INFO:colcon.colcon_core.shell:Creating environment hook '/home/user/dobot_ws/install/ros2_linkattacher/share/ros2_linkattacher/hook/ld_library_path_lib.sh'
[1.986s] Level 1:colcon.colcon_core.environment:checking '/home/user/dobot_ws/install/ros2_linkattacher/bin'
[1.986s] Level 1:colcon.colcon_core.environment:checking '/home/user/dobot_ws/install/ros2_linkattacher/lib/pkgconfig/ros2_linkattacher.pc'
[1.987s] Level 1:colcon.colcon_core.environment:checking '/home/user/dobot_ws/install/ros2_linkattacher/lib/python3.10/site-packages'
[1.987s] Level 1:colcon.colcon_core.environment:checking '/home/user/dobot_ws/install/ros2_linkattacher/bin'
[1.987s] INFO:colcon.colcon_core.shell:Creating package script '/home/user/dobot_ws/install/ros2_linkattacher/share/ros2_linkattacher/package.ps1'
[1.988s] INFO:colcon.colcon_core.shell:Creating package descriptor '/home/user/dobot_ws/install/ros2_linkattacher/share/ros2_linkattacher/package.dsv'
[1.988s] INFO:colcon.colcon_core.shell:Creating package script '/home/user/dobot_ws/install/ros2_linkattacher/share/ros2_linkattacher/package.sh'
[1.989s] INFO:colcon.colcon_core.shell:Creating package script '/home/user/dobot_ws/install/ros2_linkattacher/share/ros2_linkattacher/package.bash'
[1.989s] INFO:colcon.colcon_core.shell:Creating package script '/home/user/dobot_ws/install/ros2_linkattacher/share/ros2_linkattacher/package.zsh'
[1.989s] Level 1:colcon.colcon_core.environment:create_file_with_runtime_dependencies(/home/user/dobot_ws/install/ros2_linkattacher/share/colcon-core/packages/ros2_linkattacher)
[1.990s] Level 1:colcon.colcon_core.environment:create_environment_scripts_only(ros2_linkattacher)
[1.990s] Level 1:colcon.colcon_core.environment:checking '/home/user/dobot_ws/install/ros2_linkattacher' for CMake module files
[1.991s] Level 1:colcon.colcon_core.environment:checking '/home/user/dobot_ws/install/ros2_linkattacher' for CMake config files
[1.991s] Level 1:colcon.colcon_core.shell:create_environment_hook('ros2_linkattacher', 'cmake_prefix_path')
[1.991s] INFO:colcon.colcon_core.shell:Creating environment hook '/home/user/dobot_ws/install/ros2_linkattacher/share/ros2_linkattacher/hook/cmake_prefix_path.ps1'
[1.991s] INFO:colcon.colcon_core.shell:Creating environment descriptor '/home/user/dobot_ws/install/ros2_linkattacher/share/ros2_linkattacher/hook/cmake_prefix_path.dsv'
[1.992s] INFO:colcon.colcon_core.shell:Creating environment hook '/home/user/dobot_ws/install/ros2_linkattacher/share/ros2_linkattacher/hook/cmake_prefix_path.sh'
[1.992s] Level 1:colcon.colcon_core.environment:checking '/home/user/dobot_ws/install/ros2_linkattacher/lib'
[1.992s] Level 1:colcon.colcon_core.shell:create_environment_hook('ros2_linkattacher', 'ld_library_path_lib')
[1.993s] INFO:colcon.colcon_core.shell:Creating environment hook '/home/user/dobot_ws/install/ros2_linkattacher/share/ros2_linkattacher/hook/ld_library_path_lib.ps1'
[1.993s] INFO:colcon.colcon_core.shell:Creating environment descriptor '/home/user/dobot_ws/install/ros2_linkattacher/share/ros2_linkattacher/hook/ld_library_path_lib.dsv'
[1.993s] INFO:colcon.colcon_core.shell:Creating environment hook '/home/user/dobot_ws/install/ros2_linkattacher/share/ros2_linkattacher/hook/ld_library_path_lib.sh'
[1.994s] Level 1:colcon.colcon_core.environment:checking '/home/user/dobot_ws/install/ros2_linkattacher/bin'
[1.994s] Level 1:colcon.colcon_core.environment:checking '/home/user/dobot_ws/install/ros2_linkattacher/lib/pkgconfig/ros2_linkattacher.pc'
[1.994s] Level 1:colcon.colcon_core.environment:checking '/home/user/dobot_ws/install/ros2_linkattacher/lib/python3.10/site-packages'
[1.994s] Level 1:colcon.colcon_core.environment:checking '/home/user/dobot_ws/install/ros2_linkattacher/bin'
[1.995s] INFO:colcon.colcon_core.shell:Creating package script '/home/user/dobot_ws/install/ros2_linkattacher/share/ros2_linkattacher/package.ps1'
[1.995s] INFO:colcon.colcon_core.shell:Creating package descriptor '/home/user/dobot_ws/install/ros2_linkattacher/share/ros2_linkattacher/package.dsv'
[1.996s] INFO:colcon.colcon_core.shell:Creating package script '/home/user/dobot_ws/install/ros2_linkattacher/share/ros2_linkattacher/package.sh'
[1.996s] INFO:colcon.colcon_core.shell:Creating package script '/home/user/dobot_ws/install/ros2_linkattacher/share/ros2_linkattacher/package.bash'
[1.997s] INFO:colcon.colcon_core.shell:Creating package script '/home/user/dobot_ws/install/ros2_linkattacher/share/ros2_linkattacher/package.zsh'
[1.997s] Level 1:colcon.colcon_core.environment:create_file_with_runtime_dependencies(/home/user/dobot_ws/install/ros2_linkattacher/share/colcon-core/packages/ros2_linkattacher)
[2.001s] DEBUG:colcon.colcon_core.event_handler.log_command:Invoking command in '/home/user/dobot_ws/build/dobot_gazebo': CMAKE_PREFIX_PATH=/home/user/dobot_ws/install/cra_description:/home/user/dobot_ws/install/onrobot_2fg7_description:/home/user/dobot_ws/install/ros2_linkattacher:/home/user/dobot_ws/install/dobot_gazebo:/home/user/dobot_ws/install/linkattacher_msgs:/home/user/dobot_ws/install/cr7_moveit:/home/user/dobot_ws/install/dobot_rviz:/home/user/dobot_ws/install/cr_robot_ros2:/home/user/dobot_ws/install/dobot_msgs_v4:/home/user/dobot_ws/install/dobot_demo_cpp:/home/user/dobot_ws/install/servo_action:/home/user/dobot_ws/install/dobot_moveit:/home/user/dobot_ws/install/dobot_demo:/opt/ros/humble /usr/bin/cmake --build /home/user/dobot_ws/build/dobot_gazebo -- -j16 -l16
[2.031s] DEBUG:colcon.colcon_core.event_handler.log_command:Invoked command in '/home/user/dobot_ws/build/dobot_gazebo' returned '0': CMAKE_PREFIX_PATH=/home/user/dobot_ws/install/cra_description:/home/user/dobot_ws/install/onrobot_2fg7_description:/home/user/dobot_ws/install/ros2_linkattacher:/home/user/dobot_ws/install/dobot_gazebo:/home/user/dobot_ws/install/linkattacher_msgs:/home/user/dobot_ws/install/cr7_moveit:/home/user/dobot_ws/install/dobot_rviz:/home/user/dobot_ws/install/cr_robot_ros2:/home/user/dobot_ws/install/dobot_msgs_v4:/home/user/dobot_ws/install/dobot_demo_cpp:/home/user/dobot_ws/install/servo_action:/home/user/dobot_ws/install/dobot_moveit:/home/user/dobot_ws/install/dobot_demo:/opt/ros/humble /usr/bin/cmake --build /home/user/dobot_ws/build/dobot_gazebo -- -j16 -l16
[2.032s] DEBUG:colcon.colcon_core.event_handler.log_command:Invoking command in '/home/user/dobot_ws/build/dobot_gazebo': CMAKE_PREFIX_PATH=/home/user/dobot_ws/install/cra_description:/home/user/dobot_ws/install/onrobot_2fg7_description:/home/user/dobot_ws/install/ros2_linkattacher:/home/user/dobot_ws/install/dobot_gazebo:/home/user/dobot_ws/install/linkattacher_msgs:/home/user/dobot_ws/install/cr7_moveit:/home/user/dobot_ws/install/dobot_rviz:/home/user/dobot_ws/install/cr_robot_ros2:/home/user/dobot_ws/install/dobot_msgs_v4:/home/user/dobot_ws/install/dobot_demo_cpp:/home/user/dobot_ws/install/servo_action:/home/user/dobot_ws/install/dobot_moveit:/home/user/dobot_ws/install/dobot_demo:/opt/ros/humble /usr/bin/cmake --install /home/user/dobot_ws/build/dobot_gazebo
[2.034s] DEBUG:colcon.colcon_core.event_handler.log_command:Invoked command in '/home/user/dobot_ws/build/cr_robot_ros2' returned '0': CMAKE_PREFIX_PATH=/home/user/dobot_ws/install/dobot_msgs_v4:/home/user/dobot_ws/install/ros2_linkattacher:/home/user/dobot_ws/install/dobot_gazebo:/home/user/dobot_ws/install/cra_description:/home/user/dobot_ws/install/onrobot_2fg7_description:/home/user/dobot_ws/install/linkattacher_msgs:/home/user/dobot_ws/install/cr7_moveit:/home/user/dobot_ws/install/dobot_rviz:/home/user/dobot_ws/install/cr_robot_ros2:/home/user/dobot_ws/install/dobot_demo_cpp:/home/user/dobot_ws/install/servo_action:/home/user/dobot_ws/install/dobot_moveit:/home/user/dobot_ws/install/dobot_demo:/opt/ros/humble LD_LIBRARY_PATH=/home/user/dobot_ws/install/dobot_msgs_v4/lib:/home/user/dobot_ws/install/ros2_linkattacher/lib:/home/user/dobot_ws/install/linkattacher_msgs/lib:/usr/lib/x86_64-linux-gnu/gazebo-11/plugins:/opt/ros/humble/opt/rviz_ogre_vendor/lib:/opt/ros/humble/lib/x86_64-linux-gnu:/opt/ros/humble/lib /usr/bin/cmake --build /home/user/dobot_ws/build/cr_robot_ros2 -- -j16 -l16
[2.035s] DEBUG:colcon.colcon_core.event_handler.log_command:Invoking command in '/home/user/dobot_ws/build/cr_robot_ros2': CMAKE_PREFIX_PATH=/home/user/dobot_ws/install/dobot_msgs_v4:/home/user/dobot_ws/install/ros2_linkattacher:/home/user/dobot_ws/install/dobot_gazebo:/home/user/dobot_ws/install/cra_description:/home/user/dobot_ws/install/onrobot_2fg7_description:/home/user/dobot_ws/install/linkattacher_msgs:/home/user/dobot_ws/install/cr7_moveit:/home/user/dobot_ws/install/dobot_rviz:/home/user/dobot_ws/install/cr_robot_ros2:/home/user/dobot_ws/install/dobot_demo_cpp:/home/user/dobot_ws/install/servo_action:/home/user/dobot_ws/install/dobot_moveit:/home/user/dobot_ws/install/dobot_demo:/opt/ros/humble LD_LIBRARY_PATH=/home/user/dobot_ws/install/dobot_msgs_v4/lib:/home/user/dobot_ws/install/ros2_linkattacher/lib:/home/user/dobot_ws/install/linkattacher_msgs/lib:/usr/lib/x86_64-linux-gnu/gazebo-11/plugins:/opt/ros/humble/opt/rviz_ogre_vendor/lib:/opt/ros/humble/lib/x86_64-linux-gnu:/opt/ros/humble/lib /usr/bin/cmake --install /home/user/dobot_ws/build/cr_robot_ros2
[2.044s] Level 1:colcon.colcon_core.environment:create_environment_scripts_only(dobot_gazebo)
[2.044s] Level 1:colcon.colcon_core.environment:checking '/home/user/dobot_ws/install/dobot_gazebo' for CMake module files
[2.046s] Level 1:colcon.colcon_core.environment:checking '/home/user/dobot_ws/install/dobot_gazebo' for CMake config files
[2.048s] Level 1:colcon.colcon_core.shell:create_environment_hook('dobot_gazebo', 'cmake_prefix_path')
[2.048s] INFO:colcon.colcon_core.shell:Creating environment hook '/home/user/dobot_ws/install/dobot_gazebo/share/dobot_gazebo/hook/cmake_prefix_path.ps1'
[2.049s] INFO:colcon.colcon_core.shell:Creating environment descriptor '/home/user/dobot_ws/install/dobot_gazebo/share/dobot_gazebo/hook/cmake_prefix_path.dsv'
[2.050s] DEBUG:colcon.colcon_core.event_handler.log_command:Invoked command in '/home/user/dobot_ws/build/dobot_gazebo' returned '0': CMAKE_PREFIX_PATH=/home/user/dobot_ws/install/cra_description:/home/user/dobot_ws/install/onrobot_2fg7_description:/home/user/dobot_ws/install/ros2_linkattacher:/home/user/dobot_ws/install/dobot_gazebo:/home/user/dobot_ws/install/linkattacher_msgs:/home/user/dobot_ws/install/cr7_moveit:/home/user/dobot_ws/install/dobot_rviz:/home/user/dobot_ws/install/cr_robot_ros2:/home/user/dobot_ws/install/dobot_msgs_v4:/home/user/dobot_ws/install/dobot_demo_cpp:/home/user/dobot_ws/install/servo_action:/home/user/dobot_ws/install/dobot_moveit:/home/user/dobot_ws/install/dobot_demo:/opt/ros/humble /usr/bin/cmake --install /home/user/dobot_ws/build/dobot_gazebo
[2.050s] INFO:colcon.colcon_core.shell:Creating environment hook '/home/user/dobot_ws/install/dobot_gazebo/share/dobot_gazebo/hook/cmake_prefix_path.sh'
[2.051s] Level 1:colcon.colcon_core.environment:checking '/home/user/dobot_ws/install/dobot_gazebo/bin'
[2.051s] Level 1:colcon.colcon_core.environment:checking '/home/user/dobot_ws/install/dobot_gazebo/lib/pkgconfig/dobot_gazebo.pc'
[2.052s] Level 1:colcon.colcon_core.environment:checking '/home/user/dobot_ws/install/dobot_gazebo/lib/python3.10/site-packages'
[2.052s] Level 1:colcon.colcon_core.environment:checking '/home/user/dobot_ws/install/dobot_gazebo/bin'
[2.053s] INFO:colcon.colcon_core.shell:Creating package script '/home/user/dobot_ws/install/dobot_gazebo/share/dobot_gazebo/package.ps1'
[2.053s] INFO:colcon.colcon_core.shell:Creating package descriptor '/home/user/dobot_ws/install/dobot_gazebo/share/dobot_gazebo/package.dsv'
[2.054s] INFO:colcon.colcon_core.shell:Creating package script '/home/user/dobot_ws/install/dobot_gazebo/share/dobot_gazebo/package.sh'
[2.054s] INFO:colcon.colcon_core.shell:Creating package script '/home/user/dobot_ws/install/dobot_gazebo/share/dobot_gazebo/package.bash'
[2.055s] INFO:colcon.colcon_core.shell:Creating package script '/home/user/dobot_ws/install/dobot_gazebo/share/dobot_gazebo/package.zsh'
[2.055s] Level 1:colcon.colcon_core.environment:create_file_with_runtime_dependencies(/home/user/dobot_ws/install/dobot_gazebo/share/colcon-core/packages/dobot_gazebo)
[2.056s] Level 1:colcon.colcon_core.environment:create_environment_scripts_only(dobot_gazebo)
[2.056s] Level 1:colcon.colcon_core.environment:checking '/home/user/dobot_ws/install/dobot_gazebo' for CMake module files
[2.057s] Level 1:colcon.colcon_core.environment:checking '/home/user/dobot_ws/install/dobot_gazebo' for CMake config files
[2.057s] Level 1:colcon.colcon_core.shell:create_environment_hook('dobot_gazebo', 'cmake_prefix_path')
[2.057s] INFO:colcon.colcon_core.shell:Creating environment hook '/home/user/dobot_ws/install/dobot_gazebo/share/dobot_gazebo/hook/cmake_prefix_path.ps1'
[2.058s] INFO:colcon.colcon_core.shell:Creating environment descriptor '/home/user/dobot_ws/install/dobot_gazebo/share/dobot_gazebo/hook/cmake_prefix_path.dsv'
[2.058s] INFO:colcon.colcon_core.shell:Creating environment hook '/home/user/dobot_ws/install/dobot_gazebo/share/dobot_gazebo/hook/cmake_prefix_path.sh'
[2.059s] Level 1:colcon.colcon_core.environment:checking '/home/user/dobot_ws/install/dobot_gazebo/bin'
[2.059s] Level 1:colcon.colcon_core.environment:checking '/home/user/dobot_ws/install/dobot_gazebo/lib/pkgconfig/dobot_gazebo.pc'
[2.059s] Level 1:colcon.colcon_core.environment:checking '/home/user/dobot_ws/install/dobot_gazebo/lib/python3.10/site-packages'
[2.059s] Level 1:colcon.colcon_core.environment:checking '/home/user/dobot_ws/install/dobot_gazebo/bin'
[2.060s] INFO:colcon.colcon_core.shell:Creating package script '/home/user/dobot_ws/install/dobot_gazebo/share/dobot_gazebo/package.ps1'
[2.060s] INFO:colcon.colcon_core.shell:Creating package descriptor '/home/user/dobot_ws/install/dobot_gazebo/share/dobot_gazebo/package.dsv'
[2.061s] INFO:colcon.colcon_core.shell:Creating package script '/home/user/dobot_ws/install/dobot_gazebo/share/dobot_gazebo/package.sh'
[2.061s] INFO:colcon.colcon_core.shell:Creating package script '/home/user/dobot_ws/install/dobot_gazebo/share/dobot_gazebo/package.bash'
[2.062s] INFO:colcon.colcon_core.shell:Creating package script '/home/user/dobot_ws/install/dobot_gazebo/share/dobot_gazebo/package.zsh'
[2.062s] Level 1:colcon.colcon_core.environment:create_file_with_runtime_dependencies(/home/user/dobot_ws/install/dobot_gazebo/share/colcon-core/packages/dobot_gazebo)
[2.064s] Level 1:colcon.colcon_core.environment:create_environment_scripts_only(cr_robot_ros2)
[2.064s] Level 1:colcon.colcon_core.environment:checking '/home/user/dobot_ws/install/cr_robot_ros2' for CMake module files
[2.065s] DEBUG:colcon.colcon_core.event_handler.log_command:Invoked command in '/home/user/dobot_ws/build/cr_robot_ros2' returned '0': CMAKE_PREFIX_PATH=/home/user/dobot_ws/install/dobot_msgs_v4:/home/user/dobot_ws/install/ros2_linkattacher:/home/user/dobot_ws/install/dobot_gazebo:/home/user/dobot_ws/install/cra_description:/home/user/dobot_ws/install/onrobot_2fg7_description:/home/user/dobot_ws/install/linkattacher_msgs:/home/user/dobot_ws/install/cr7_moveit:/home/user/dobot_ws/install/dobot_rviz:/home/user/dobot_ws/install/cr_robot_ros2:/home/user/dobot_ws/install/dobot_demo_cpp:/home/user/dobot_ws/install/servo_action:/home/user/dobot_ws/install/dobot_moveit:/home/user/dobot_ws/install/dobot_demo:/opt/ros/humble LD_LIBRARY_PATH=/home/user/dobot_ws/install/dobot_msgs_v4/lib:/home/user/dobot_ws/install/ros2_linkattacher/lib:/home/user/dobot_ws/install/linkattacher_msgs/lib:/usr/lib/x86_64-linux-gnu/gazebo-11/plugins:/opt/ros/humble/opt/rviz_ogre_vendor/lib:/opt/ros/humble/lib/x86_64-linux-gnu:/opt/ros/humble/lib /usr/bin/cmake --install /home/user/dobot_ws/build/cr_robot_ros2
[2.065s] Level 1:colcon.colcon_core.environment:checking '/home/user/dobot_ws/install/cr_robot_ros2' for CMake config files
[2.065s] Level 1:colcon.colcon_core.shell:create_environment_hook('cr_robot_ros2', 'cmake_prefix_path')
[2.066s] INFO:colcon.colcon_core.shell:Creating environment hook '/home/user/dobot_ws/install/cr_robot_ros2/share/cr_robot_ros2/hook/cmake_prefix_path.ps1'
[2.066s] INFO:colcon.colcon_core.shell:Creating environment descriptor '/home/user/dobot_ws/install/cr_robot_ros2/share/cr_robot_ros2/hook/cmake_prefix_path.dsv'
[2.067s] INFO:colcon.colcon_core.shell:Creating environment hook '/home/user/dobot_ws/install/cr_robot_ros2/share/cr_robot_ros2/hook/cmake_prefix_path.sh'
[2.067s] Level 1:colcon.colcon_core.environment:checking '/home/user/dobot_ws/install/cr_robot_ros2/lib'
[2.067s] Level 1:colcon.colcon_core.environment:checking '/home/user/dobot_ws/install/cr_robot_ros2/bin'
[2.067s] Level 1:colcon.colcon_core.environment:checking '/home/user/dobot_ws/install/cr_robot_ros2/lib/pkgconfig/cr_robot_ros2.pc'
[2.068s] Level 1:colcon.colcon_core.environment:checking '/home/user/dobot_ws/install/cr_robot_ros2/lib/python3.10/site-packages'
[2.068s] Level 1:colcon.colcon_core.environment:checking '/home/user/dobot_ws/install/cr_robot_ros2/bin'
[2.068s] INFO:colcon.colcon_core.shell:Creating package script '/home/user/dobot_ws/install/cr_robot_ros2/share/cr_robot_ros2/package.ps1'
[2.069s] INFO:colcon.colcon_core.shell:Creating package descriptor '/home/user/dobot_ws/install/cr_robot_ros2/share/cr_robot_ros2/package.dsv'
[2.070s] INFO:colcon.colcon_core.shell:Creating package script '/home/user/dobot_ws/install/cr_robot_ros2/share/cr_robot_ros2/package.sh'
[2.070s] INFO:colcon.colcon_core.shell:Creating package script '/home/user/dobot_ws/install/cr_robot_ros2/share/cr_robot_ros2/package.bash'
[2.070s] INFO:colcon.colcon_core.shell:Creating package script '/home/user/dobot_ws/install/cr_robot_ros2/share/cr_robot_ros2/package.zsh'
[2.071s] Level 1:colcon.colcon_core.environment:create_file_with_runtime_dependencies(/home/user/dobot_ws/install/cr_robot_ros2/share/colcon-core/packages/cr_robot_ros2)
[2.072s] Level 1:colcon.colcon_core.environment:create_environment_scripts_only(cr_robot_ros2)
[2.072s] Level 1:colcon.colcon_core.environment:checking '/home/user/dobot_ws/install/cr_robot_ros2' for CMake module files
[2.072s] Level 1:colcon.colcon_core.environment:checking '/home/user/dobot_ws/install/cr_robot_ros2' for CMake config files
[2.073s] Level 1:colcon.colcon_core.shell:create_environment_hook('cr_robot_ros2', 'cmake_prefix_path')
[2.073s] INFO:colcon.colcon_core.shell:Creating environment hook '/home/user/dobot_ws/install/cr_robot_ros2/share/cr_robot_ros2/hook/cmake_prefix_path.ps1'
[2.073s] INFO:colcon.colcon_core.shell:Creating environment descriptor '/home/user/dobot_ws/install/cr_robot_ros2/share/cr_robot_ros2/hook/cmake_prefix_path.dsv'
[2.074s] INFO:colcon.colcon_core.shell:Creating environment hook '/home/user/dobot_ws/install/cr_robot_ros2/share/cr_robot_ros2/hook/cmake_prefix_path.sh'
[2.074s] Level 1:colcon.colcon_core.environment:checking '/home/user/dobot_ws/install/cr_robot_ros2/lib'
[2.074s] Level 1:colcon.colcon_core.environment:checking '/home/user/dobot_ws/install/cr_robot_ros2/bin'
[2.074s] Level 1:colcon.colcon_core.environment:checking '/home/user/dobot_ws/install/cr_robot_ros2/lib/pkgconfig/cr_robot_ros2.pc'
[2.075s] Level 1:colcon.colcon_core.environment:checking '/home/user/dobot_ws/install/cr_robot_ros2/lib/python3.10/site-packages'
[2.075s] Level 1:colcon.colcon_core.environment:checking '/home/user/dobot_ws/install/cr_robot_ros2/bin'
[2.076s] INFO:colcon.colcon_core.shell:Creating package script '/home/user/dobot_ws/install/cr_robot_ros2/share/cr_robot_ros2/package.ps1'
[2.076s] INFO:colcon.colcon_core.shell:Creating package descriptor '/home/user/dobot_ws/install/cr_robot_ros2/share/cr_robot_ros2/package.dsv'
[2.077s] INFO:colcon.colcon_core.shell:Creating package script '/home/user/dobot_ws/install/cr_robot_ros2/share/cr_robot_ros2/package.sh'
[2.077s] INFO:colcon.colcon_core.shell:Creating package script '/home/user/dobot_ws/install/cr_robot_ros2/share/cr_robot_ros2/package.bash'
[2.078s] INFO:colcon.colcon_core.shell:Creating package script '/home/user/dobot_ws/install/cr_robot_ros2/share/cr_robot_ros2/package.zsh'
[2.078s] Level 1:colcon.colcon_core.environment:create_file_with_runtime_dependencies(/home/user/dobot_ws/install/cr_robot_ros2/share/colcon-core/packages/cr_robot_ros2)
[2.228s] Level 1:colcon.colcon_core.environment:checking '/home/user/dobot_ws/install/dobot_demo' for CMake module files
[2.228s] DEBUG:colcon.colcon_core.event_handler.log_command:Invoked command in '/home/user/dobot_ws/src/DOBOT_6Axis_ROS2_V4/dobot_demo' returned '0': PYTHONPATH=/home/user/dobot_ws/build/dobot_demo/prefix_override:/usr/lib/python3/dist-packages/colcon_core/task/python/colcon_distutils_commands:/home/user/dobot_ws/install/dobot_demo/lib/python3.10/site-packages:${PYTHONPATH} /usr/bin/python3 -W ignore:setup.py install is deprecated -W ignore:easy_install command is deprecated setup.py egg_info --egg-base ../../../build/dobot_demo build --build-base /home/user/dobot_ws/build/dobot_demo/build install --record /home/user/dobot_ws/build/dobot_demo/install.log --single-version-externally-managed install_data
[2.229s] Level 1:colcon.colcon_core.environment:checking '/home/user/dobot_ws/install/dobot_demo' for CMake config files
[2.229s] Level 1:colcon.colcon_core.environment:checking '/home/user/dobot_ws/install/dobot_demo/lib'
[2.229s] Level 1:colcon.colcon_core.environment:checking '/home/user/dobot_ws/install/dobot_demo/bin'
[2.229s] Level 1:colcon.colcon_core.environment:checking '/home/user/dobot_ws/install/dobot_demo/lib/pkgconfig/dobot_demo.pc'
[2.230s] Level 1:colcon.colcon_core.environment:checking '/home/user/dobot_ws/install/dobot_demo/lib/python3.10/site-packages'
[2.230s] Level 1:colcon.colcon_core.shell:create_environment_hook('dobot_demo', 'pythonpath')
[2.230s] INFO:colcon.colcon_core.shell:Creating environment hook '/home/user/dobot_ws/install/dobot_demo/share/dobot_demo/hook/pythonpath.ps1'
[2.230s] INFO:colcon.colcon_core.shell:Creating environment descriptor '/home/user/dobot_ws/install/dobot_demo/share/dobot_demo/hook/pythonpath.dsv'
[2.231s] INFO:colcon.colcon_core.shell:Creating environment hook '/home/user/dobot_ws/install/dobot_demo/share/dobot_demo/hook/pythonpath.sh'
[2.232s] Level 1:colcon.colcon_core.environment:checking '/home/user/dobot_ws/install/dobot_demo/bin'
[2.232s] Level 1:colcon.colcon_core.environment:create_environment_scripts_only(dobot_demo)
[2.232s] INFO:colcon.colcon_core.shell:Creating package script '/home/user/dobot_ws/install/dobot_demo/share/dobot_demo/package.ps1'
[2.233s] INFO:colcon.colcon_core.shell:Creating package descriptor '/home/user/dobot_ws/install/dobot_demo/share/dobot_demo/package.dsv'
[2.233s] INFO:colcon.colcon_core.shell:Creating package script '/home/user/dobot_ws/install/dobot_demo/share/dobot_demo/package.sh'
[2.234s] INFO:colcon.colcon_core.shell:Creating package script '/home/user/dobot_ws/install/dobot_demo/share/dobot_demo/package.bash'
[2.234s] INFO:colcon.colcon_core.shell:Creating package script '/home/user/dobot_ws/install/dobot_demo/share/dobot_demo/package.zsh'
[2.234s] Level 1:colcon.colcon_core.environment:create_file_with_runtime_dependencies(/home/user/dobot_ws/install/dobot_demo/share/colcon-core/packages/dobot_demo)
[2.252s] Level 1:colcon.colcon_core.environment:checking '/home/user/dobot_ws/install/ariac_db' for CMake module files
[2.253s] DEBUG:colcon.colcon_core.event_handler.log_command:Invoked command in '/home/user/dobot_ws/src/ARIAC/ariac_db' returned '0': PYTHONPATH=/home/user/dobot_ws/build/ariac_db/prefix_override:/usr/lib/python3/dist-packages/colcon_core/task/python/colcon_distutils_commands:/home/user/dobot_ws/install/ariac_db/lib/python3.10/site-packages:${PYTHONPATH} /usr/bin/python3 -W ignore:setup.py install is deprecated -W ignore:easy_install command is deprecated setup.py egg_info --egg-base ../../../build/ariac_db build --build-base /home/user/dobot_ws/build/ariac_db/build install --record /home/user/dobot_ws/build/ariac_db/install.log --single-version-externally-managed install_data
[2.253s] Level 1:colcon.colcon_core.environment:checking '/home/user/dobot_ws/install/ariac_db' for CMake config files
[2.253s] Level 1:colcon.colcon_core.environment:checking '/home/user/dobot_ws/install/ariac_db/lib'
[2.253s] Level 1:colcon.colcon_core.environment:checking '/home/user/dobot_ws/install/ariac_db/bin'
[2.254s] Level 1:colcon.colcon_core.environment:checking '/home/user/dobot_ws/install/ariac_db/lib/pkgconfig/ariac_db.pc'
[2.254s] Level 1:colcon.colcon_core.environment:checking '/home/user/dobot_ws/install/ariac_db/lib/python3.10/site-packages'
[2.254s] Level 1:colcon.colcon_core.shell:create_environment_hook('ariac_db', 'pythonpath')
[2.254s] INFO:colcon.colcon_core.shell:Creating environment hook '/home/user/dobot_ws/install/ariac_db/share/ariac_db/hook/pythonpath.ps1'
[2.254s] INFO:colcon.colcon_core.shell:Creating environment descriptor '/home/user/dobot_ws/install/ariac_db/share/ariac_db/hook/pythonpath.dsv'
[2.255s] INFO:colcon.colcon_core.shell:Creating environment hook '/home/user/dobot_ws/install/ariac_db/share/ariac_db/hook/pythonpath.sh'
[2.255s] Level 1:colcon.colcon_core.environment:checking '/home/user/dobot_ws/install/ariac_db/bin'
[2.255s] Level 1:colcon.colcon_core.environment:create_environment_scripts_only(ariac_db)
[2.255s] INFO:colcon.colcon_core.shell:Creating package script '/home/user/dobot_ws/install/ariac_db/share/ariac_db/package.ps1'
[2.256s] INFO:colcon.colcon_core.shell:Creating package descriptor '/home/user/dobot_ws/install/ariac_db/share/ariac_db/package.dsv'
[2.256s] INFO:colcon.colcon_core.shell:Creating package script '/home/user/dobot_ws/install/ariac_db/share/ariac_db/package.sh'
[2.257s] INFO:colcon.colcon_core.shell:Creating package script '/home/user/dobot_ws/install/ariac_db/share/ariac_db/package.bash'
[2.257s] INFO:colcon.colcon_core.shell:Creating package script '/home/user/dobot_ws/install/ariac_db/share/ariac_db/package.zsh'
[2.257s] Level 1:colcon.colcon_core.environment:create_file_with_runtime_dependencies(/home/user/dobot_ws/install/ariac_db/share/colcon-core/packages/ariac_db)
[2.270s] Level 1:colcon.colcon_core.environment:checking '/home/user/dobot_ws/install/servo_action' for CMake module files
[2.271s] DEBUG:colcon.colcon_core.event_handler.log_command:Invoked command in '/home/user/dobot_ws/src/DOBOT_6Axis_ROS2_V4/servo_action' returned '0': PYTHONPATH=/home/user/dobot_ws/build/servo_action/prefix_override:/usr/lib/python3/dist-packages/colcon_core/task/python/colcon_distutils_commands:/home/user/dobot_ws/install/servo_action/lib/python3.10/site-packages:${PYTHONPATH} /usr/bin/python3 -W ignore:setup.py install is deprecated -W ignore:easy_install command is deprecated setup.py egg_info --egg-base ../../../build/servo_action build --build-base /home/user/dobot_ws/build/servo_action/build install --record /home/user/dobot_ws/build/servo_action/install.log --single-version-externally-managed install_data
[2.271s] Level 1:colcon.colcon_core.environment:checking '/home/user/dobot_ws/install/servo_action' for CMake config files
[2.271s] Level 1:colcon.colcon_core.environment:checking '/home/user/dobot_ws/install/servo_action/lib'
[2.272s] Level 1:colcon.colcon_core.environment:checking '/home/user/dobot_ws/install/servo_action/bin'
[2.272s] Level 1:colcon.colcon_core.environment:checking '/home/user/dobot_ws/install/servo_action/lib/pkgconfig/servo_action.pc'
[2.272s] Level 1:colcon.colcon_core.environment:checking '/home/user/dobot_ws/install/servo_action/lib/python3.10/site-packages'
[2.272s] Level 1:colcon.colcon_core.shell:create_environment_hook('servo_action', 'pythonpath')
[2.272s] INFO:colcon.colcon_core.shell:Creating environment hook '/home/user/dobot_ws/install/servo_action/share/servo_action/hook/pythonpath.ps1'
[2.272s] INFO:colcon.colcon_core.shell:Creating environment descriptor '/home/user/dobot_ws/install/servo_action/share/servo_action/hook/pythonpath.dsv'
[2.273s] INFO:colcon.colcon_core.shell:Creating environment hook '/home/user/dobot_ws/install/servo_action/share/servo_action/hook/pythonpath.sh'
[2.273s] Level 1:colcon.colcon_core.environment:checking '/home/user/dobot_ws/install/servo_action/bin'
[2.273s] Level 1:colcon.colcon_core.environment:create_environment_scripts_only(servo_action)
[2.274s] INFO:colcon.colcon_core.shell:Creating package script '/home/user/dobot_ws/install/servo_action/share/servo_action/package.ps1'
[2.274s] INFO:colcon.colcon_core.shell:Creating package descriptor '/home/user/dobot_ws/install/servo_action/share/servo_action/package.dsv'
[2.274s] INFO:colcon.colcon_core.shell:Creating package script '/home/user/dobot_ws/install/servo_action/share/servo_action/package.sh'
[2.275s] INFO:colcon.colcon_core.shell:Creating package script '/home/user/dobot_ws/install/servo_action/share/servo_action/package.bash'
[2.275s] INFO:colcon.colcon_core.shell:Creating package script '/home/user/dobot_ws/install/servo_action/share/servo_action/package.zsh'
[2.276s] Level 1:colcon.colcon_core.environment:create_file_with_runtime_dependencies(/home/user/dobot_ws/install/servo_action/share/colcon-core/packages/servo_action)
[2.305s] Level 1:colcon.colcon_core.environment:checking '/home/user/dobot_ws/install/ariac_setup' for CMake module files
[2.306s] DEBUG:colcon.colcon_core.event_handler.log_command:Invoked command in '/home/user/dobot_ws/src/ARIAC/ariac_setup' returned '0': PYTHONPATH=/home/user/dobot_ws/build/ariac_setup/prefix_override:/usr/lib/python3/dist-packages/colcon_core/task/python/colcon_distutils_commands:/home/user/dobot_ws/install/ariac_setup/lib/python3.10/site-packages:${PYTHONPATH} /usr/bin/python3 -W ignore:setup.py install is deprecated -W ignore:easy_install command is deprecated setup.py egg_info --egg-base ../../../build/ariac_setup build --build-base /home/user/dobot_ws/build/ariac_setup/build install --record /home/user/dobot_ws/build/ariac_setup/install.log --single-version-externally-managed install_data
[2.306s] Level 1:colcon.colcon_core.environment:checking '/home/user/dobot_ws/install/ariac_setup' for CMake config files
[2.307s] Level 1:colcon.colcon_core.environment:checking '/home/user/dobot_ws/install/ariac_setup/lib'
[2.307s] Level 1:colcon.colcon_core.environment:checking '/home/user/dobot_ws/install/ariac_setup/bin'
[2.307s] Level 1:colcon.colcon_core.environment:checking '/home/user/dobot_ws/install/ariac_setup/lib/pkgconfig/ariac_setup.pc'
[2.307s] Level 1:colcon.colcon_core.environment:checking '/home/user/dobot_ws/install/ariac_setup/lib/python3.10/site-packages'
[2.307s] Level 1:colcon.colcon_core.shell:create_environment_hook('ariac_setup', 'pythonpath')
[2.307s] INFO:colcon.colcon_core.shell:Creating environment hook '/home/user/dobot_ws/install/ariac_setup/share/ariac_setup/hook/pythonpath.ps1'
[2.308s] INFO:colcon.colcon_core.shell:Creating environment descriptor '/home/user/dobot_ws/install/ariac_setup/share/ariac_setup/hook/pythonpath.dsv'
[2.308s] INFO:colcon.colcon_core.shell:Creating environment hook '/home/user/dobot_ws/install/ariac_setup/share/ariac_setup/hook/pythonpath.sh'
[2.309s] Level 1:colcon.colcon_core.environment:checking '/home/user/dobot_ws/install/ariac_setup/bin'
[2.309s] Level 1:colcon.colcon_core.environment:create_environment_scripts_only(ariac_setup)
[2.309s] INFO:colcon.colcon_core.shell:Creating package script '/home/user/dobot_ws/install/ariac_setup/share/ariac_setup/package.ps1'
[2.309s] INFO:colcon.colcon_core.shell:Creating package descriptor '/home/user/dobot_ws/install/ariac_setup/share/ariac_setup/package.dsv'
[2.310s] INFO:colcon.colcon_core.shell:Creating package script '/home/user/dobot_ws/install/ariac_setup/share/ariac_setup/package.sh'
[2.310s] INFO:colcon.colcon_core.shell:Creating package script '/home/user/dobot_ws/install/ariac_setup/share/ariac_setup/package.bash'
[2.310s] INFO:colcon.colcon_core.shell:Creating package script '/home/user/dobot_ws/install/ariac_setup/share/ariac_setup/package.zsh'
[2.310s] Level 1:colcon.colcon_core.environment:create_file_with_runtime_dependencies(/home/user/dobot_ws/install/ariac_setup/share/colcon-core/packages/ariac_setup)
[2.311s] INFO:colcon.colcon_ros.task.ament_cmake.build:Building ROS package in '/home/user/dobot_ws/src/ARIAC/ariac_gz' with build type 'ament_cmake'
[2.311s] INFO:colcon.colcon_cmake.task.cmake.build:Building CMake package in '/home/user/dobot_ws/src/ARIAC/ariac_gz'
[2.311s] INFO:colcon.colcon_core.shell:Skip shell extension 'powershell' for command environment: Not usable outside of PowerShell
[2.311s] DEBUG:colcon.colcon_core.shell:Skip shell extension 'dsv' for command environment
[2.315s] Level 1:colcon.colcon_core.environment:checking '/home/user/dobot_ws/install/dobot_moveit' for CMake module files
[2.316s] DEBUG:colcon.colcon_core.event_handler.log_command:Invoked command in '/home/user/dobot_ws/src/DOBOT_6Axis_ROS2_V4/dobot_moveit' returned '0': PYTHONPATH=/home/user/dobot_ws/build/dobot_moveit/prefix_override:/usr/lib/python3/dist-packages/colcon_core/task/python/colcon_distutils_commands:/home/user/dobot_ws/install/dobot_moveit/lib/python3.10/site-packages:${PYTHONPATH} /usr/bin/python3 -W ignore:setup.py install is deprecated -W ignore:easy_install command is deprecated setup.py egg_info --egg-base ../../../build/dobot_moveit build --build-base /home/user/dobot_ws/build/dobot_moveit/build install --record /home/user/dobot_ws/build/dobot_moveit/install.log --single-version-externally-managed install_data
[2.316s] Level 1:colcon.colcon_core.environment:checking '/home/user/dobot_ws/install/dobot_moveit' for CMake config files
[2.317s] Level 1:colcon.colcon_core.environment:checking '/home/user/dobot_ws/install/dobot_moveit/lib'
[2.317s] Level 1:colcon.colcon_core.environment:checking '/home/user/dobot_ws/install/dobot_moveit/bin'
[2.317s] Level 1:colcon.colcon_core.environment:checking '/home/user/dobot_ws/install/dobot_moveit/lib/pkgconfig/dobot_moveit.pc'
[2.317s] Level 1:colcon.colcon_core.environment:checking '/home/user/dobot_ws/install/dobot_moveit/lib/python3.10/site-packages'
[2.317s] Level 1:colcon.colcon_core.shell:create_environment_hook('dobot_moveit', 'pythonpath')
[2.317s] INFO:colcon.colcon_core.shell:Creating environment hook '/home/user/dobot_ws/install/dobot_moveit/share/dobot_moveit/hook/pythonpath.ps1'
[2.318s] INFO:colcon.colcon_core.shell:Creating environment descriptor '/home/user/dobot_ws/install/dobot_moveit/share/dobot_moveit/hook/pythonpath.dsv'
[2.318s] INFO:colcon.colcon_core.shell:Creating environment hook '/home/user/dobot_ws/install/dobot_moveit/share/dobot_moveit/hook/pythonpath.sh'
[2.319s] Level 1:colcon.colcon_core.environment:checking '/home/user/dobot_ws/install/dobot_moveit/bin'
[2.319s] Level 1:colcon.colcon_core.environment:create_environment_scripts_only(dobot_moveit)
[2.319s] INFO:colcon.colcon_core.shell:Creating package script '/home/user/dobot_ws/install/dobot_moveit/share/dobot_moveit/package.ps1'
[2.320s] INFO:colcon.colcon_core.shell:Creating package descriptor '/home/user/dobot_ws/install/dobot_moveit/share/dobot_moveit/package.dsv'
[2.320s] INFO:colcon.colcon_core.shell:Creating package script '/home/user/dobot_ws/install/dobot_moveit/share/dobot_moveit/package.sh'
[2.320s] INFO:colcon.colcon_core.shell:Creating package script '/home/user/dobot_ws/install/dobot_moveit/share/dobot_moveit/package.bash'
[2.321s] INFO:colcon.colcon_core.shell:Creating package script '/home/user/dobot_ws/install/dobot_moveit/share/dobot_moveit/package.zsh'
[2.321s] Level 1:colcon.colcon_core.environment:create_file_with_runtime_dependencies(/home/user/dobot_ws/install/dobot_moveit/share/colcon-core/packages/dobot_moveit)
[2.324s] DEBUG:colcon.colcon_core.event_handler.log_command:Invoking command in '/home/user/dobot_ws/build/ariac_gz': AMENT_PREFIX_PATH=/home/user/dobot_ws/install/ariac_setup:${AMENT_PREFIX_PATH} CMAKE_PREFIX_PATH=${CMAKE_PREFIX_PATH}:/home/user/dobot_ws/install/servo_action:/home/user/dobot_ws/install/dobot_moveit:/home/user/dobot_ws/install/dobot_demo:/opt/ros/humble PYTHONPATH=/home/user/dobot_ws/install/ariac_setup/lib/python3.10/site-packages:${PYTHONPATH} /usr/bin/cmake /home/user/dobot_ws/src/ARIAC/ariac_gz -DCMAKE_INSTALL_PREFIX=/home/user/dobot_ws/install/ariac_gz
[2.340s] DEBUG:colcon.colcon_core.event_handler.log_command:Invoking command in '/home/user/dobot_ws/src/ARIAC/ariac_app': AMENT_PREFIX_PATH=/home/user/dobot_ws/install/ariac_interfaces:${AMENT_PREFIX_PATH} CMAKE_PREFIX_PATH=/home/user/dobot_ws/install/ariac_interfaces:${CMAKE_PREFIX_PATH} LD_LIBRARY_PATH=/home/user/dobot_ws/install/ariac_interfaces/lib:${LD_LIBRARY_PATH} PYTHONPATH=/home/user/dobot_ws/build/ariac_app/prefix_override:/usr/lib/python3/dist-packages/colcon_core/task/python/colcon_distutils_commands:/home/user/dobot_ws/install/ariac_app/lib/python3.10/site-packages:/home/user/dobot_ws/install/ariac_interfaces/local/lib/python3.10/dist-packages:${PYTHONPATH} /usr/bin/python3 -W ignore:setup.py install is deprecated -W ignore:easy_install command is deprecated setup.py egg_info --egg-base ../../../build/ariac_app build --build-base /home/user/dobot_ws/build/ariac_app/build install --record /home/user/dobot_ws/build/ariac_app/install.log --single-version-externally-managed install_data
[2.437s] DEBUG:colcon.colcon_core.event_handler.log_command:Invoked command in '/home/user/dobot_ws/build/ariac_plugins' returned '1': AMENT_PREFIX_PATH=/home/user/dobot_ws/install/ariac_interfaces:${AMENT_PREFIX_PATH} CMAKE_PREFIX_PATH=/home/user/dobot_ws/install/ariac_interfaces:/home/user/dobot_ws/install/ros2_linkattacher:/home/user/dobot_ws/install/dobot_gazebo:/home/user/dobot_ws/install/cra_description:/home/user/dobot_ws/install/onrobot_2fg7_description:/home/user/dobot_ws/install/linkattacher_msgs:/home/user/dobot_ws/install/cr7_moveit:/home/user/dobot_ws/install/dobot_rviz:/home/user/dobot_ws/install/cr_robot_ros2:/home/user/dobot_ws/install/dobot_msgs_v4:/home/user/dobot_ws/install/dobot_demo_cpp:/home/user/dobot_ws/install/servo_action:/home/user/dobot_ws/install/dobot_moveit:/home/user/dobot_ws/install/dobot_demo:/opt/ros/humble LD_LIBRARY_PATH=/home/user/dobot_ws/install/ariac_interfaces/lib:${LD_LIBRARY_PATH} PYTHONPATH=/home/user/dobot_ws/install/ariac_interfaces/local/lib/python3.10/dist-packages:${PYTHONPATH} /usr/bin/cmake /home/user/dobot_ws/src/ARIAC/ariac_plugins -DCMAKE_INSTALL_PREFIX=/home/user/dobot_ws/install/ariac_plugins
[2.447s] Level 1:colcon.colcon_core.environment:create_environment_scripts_only(ariac_plugins)
[2.447s] Level 1:colcon.colcon_core.environment:checking '/home/user/dobot_ws/install/ariac_plugins' for CMake module files
[2.447s] Level 1:colcon.colcon_core.environment:checking '/home/user/dobot_ws/install/ariac_plugins' for CMake config files
[2.447s] Level 1:colcon.colcon_core.environment:checking '/home/user/dobot_ws/install/ariac_plugins/bin'
[2.448s] Level 1:colcon.colcon_core.environment:checking '/home/user/dobot_ws/install/ariac_plugins/lib/pkgconfig/ariac_plugins.pc'
[2.448s] Level 1:colcon.colcon_core.environment:checking '/home/user/dobot_ws/install/ariac_plugins/lib/python3.10/site-packages'
[2.448s] Level 1:colcon.colcon_core.environment:checking '/home/user/dobot_ws/install/ariac_plugins/bin'
[2.449s] INFO:colcon.colcon_core.shell:Creating package script '/home/user/dobot_ws/install/ariac_plugins/share/ariac_plugins/package.ps1'
[2.449s] INFO:colcon.colcon_core.shell:Creating package descriptor '/home/user/dobot_ws/install/ariac_plugins/share/ariac_plugins/package.dsv'
[2.450s] INFO:colcon.colcon_core.shell:Creating package script '/home/user/dobot_ws/install/ariac_plugins/share/ariac_plugins/package.sh'
[2.450s] INFO:colcon.colcon_core.shell:Creating package script '/home/user/dobot_ws/install/ariac_plugins/share/ariac_plugins/package.bash'
[2.451s] INFO:colcon.colcon_core.shell:Creating package script '/home/user/dobot_ws/install/ariac_plugins/share/ariac_plugins/package.zsh'
[2.452s] Level 1:colcon.colcon_core.environment:create_file_with_runtime_dependencies(/home/user/dobot_ws/install/ariac_plugins/share/colcon-core/packages/ariac_plugins)
[3.175s] DEBUG:colcon.colcon_parallel_executor.executor.parallel:closing loop
[3.175s] DEBUG:colcon.colcon_parallel_executor.executor.parallel:loop closed
[3.175s] DEBUG:colcon.colcon_parallel_executor.executor.parallel:run_until_complete finished with '1'
[3.175s] DEBUG:colcon.colcon_core.event_reactor:joining thread
[3.182s] INFO:colcon.colcon_core.plugin_system:Skipping extension 'colcon_notification.desktop_notification.terminal_notifier': Not used on non-Darwin systems
[3.182s] INFO:colcon.colcon_core.plugin_system:Skipping extension 'colcon_notification.desktop_notification.win32': Not used on non-Windows systems
[3.182s] INFO:colcon.colcon_notification.desktop_notification:Sending desktop notification using 'notify2'
[3.188s] DEBUG:colcon.colcon_core.event_reactor:joined thread
[3.189s] INFO:colcon.colcon_core.shell:Creating prefix script '/home/user/dobot_ws/install/local_setup.ps1'
[3.190s] INFO:colcon.colcon_core.shell:Creating prefix util module '/home/user/dobot_ws/install/_local_setup_util_ps1.py'
[3.191s] INFO:colcon.colcon_core.shell:Creating prefix chain script '/home/user/dobot_ws/install/setup.ps1'
[3.192s] INFO:colcon.colcon_core.shell:Creating prefix script '/home/user/dobot_ws/install/local_setup.sh'
[3.192s] INFO:colcon.colcon_core.shell:Creating prefix util module '/home/user/dobot_ws/install/_local_setup_util_sh.py'
[3.193s] INFO:colcon.colcon_core.shell:Creating prefix chain script '/home/user/dobot_ws/install/setup.sh'
[3.194s] INFO:colcon.colcon_core.shell:Creating prefix script '/home/user/dobot_ws/install/local_setup.bash'
[3.194s] INFO:colcon.colcon_core.shell:Creating prefix chain script '/home/user/dobot_ws/install/setup.bash'
[3.195s] INFO:colcon.colcon_core.shell:Creating prefix script '/home/user/dobot_ws/install/local_setup.zsh'
[3.196s] INFO:colcon.colcon_core.shell:Creating prefix chain script '/home/user/dobot_ws/install/setup.zsh'
