-- The C compiler identification is GNU 12.3.0
-- The CXX compiler identification is GNU 12.3.0
-- Detecting C compiler ABI info
-- Detecting C compiler ABI info - done
-- Check for working C compiler: /usr/bin/cc - skipped
-- Detecting C compile features
-- Detecting C compile features - done
-- Detecting CXX compiler ABI info
-- Detecting CXX compiler ABI info - done
-- Check for working CXX compiler: /usr/bin/c++ - skipped
-- Detecting CXX compile features
-- Detecting CXX compile features - done
-- Found ament_cmake: 1.3.14 (/opt/ros/humble/share/ament_cmake/cmake)
-- Found Python3: /usr/bin/python3 (found version "3.10.12") found components: Interpreter 
-- Found rclcpp: 16.0.19 (/opt/ros/humble/share/rclcpp/cmake)
-- Found rosidl_generator_c: 3.1.8 (/opt/ros/humble/share/rosidl_generator_c/cmake)
-- Found rosidl_adapter: 3.1.8 (/opt/ros/humble/share/rosidl_adapter/cmake)
-- Found rosidl_generator_cpp: 3.1.8 (/opt/ros/humble/share/rosidl_generator_cpp/cmake)
-- Using all available rosidl_typesupport_c: rosidl_typesupport_fastrtps_c;rosidl_typesupport_introspection_c
-- Using all available rosidl_typesupport_cpp: rosidl_typesupport_fastrtps_cpp;rosidl_typesupport_introspection_cpp
-- Found rmw_implementation_cmake: 6.1.2 (/opt/ros/humble/share/rmw_implementation_cmake/cmake)
-- Found rmw_fastrtps_cpp: 6.2.10 (/opt/ros/humble/share/rmw_fastrtps_cpp/cmake)
-- Found OpenSSL: /usr/lib/x86_64-linux-gnu/libcrypto.so (found version "3.0.2")  
-- Found FastRTPS: /opt/ros/humble/include  
-- Using RMW implementation 'rmw_fastrtps_cpp' as default
-- Looking for pthread.h
-- Looking for pthread.h - found
-- Performing Test CMAKE_HAVE_LIBC_PTHREAD
-- Performing Test CMAKE_HAVE_LIBC_PTHREAD - Success
-- Found Threads: TRUE  
-- Found rosidl_default_generators: 1.2.1 (/opt/ros/humble/share/rosidl_default_generators/cmake)
-- Found ament_cmake_ros: 0.10.0 (/opt/ros/humble/share/ament_cmake_ros/cmake)
-- Using all available rosidl_typesupport_c: rosidl_typesupport_fastrtps_c;rosidl_typesupport_introspection_c
-- Using all available rosidl_typesupport_cpp: rosidl_typesupport_fastrtps_cpp;rosidl_typesupport_introspection_cpp
-- Found PythonInterp: /usr/bin/python3 (found suitable version "3.10.12", minimum required is "3.6") 
-- Found python_cmake_module: 0.10.0 (/opt/ros/humble/share/python_cmake_module/cmake)
-- Found PythonLibs: /usr/lib/x86_64-linux-gnu/libpython3.10.so (found suitable version "3.10.12", minimum required is "3.5") 
-- Using PYTHON_EXECUTABLE: /usr/bin/python3
-- Using PYTHON_INCLUDE_DIRS: /usr/include/python3.10
-- Using PYTHON_LIBRARIES: /usr/lib/x86_64-linux-gnu/libpython3.10.so
-- Found PythonExtra: .so  
-- Configuring done
-- Generating done
-- Build files have been written to: /home/user/dobot_ws/build/dobot_msgs_v4
[  0%] [34m[1mGenerating C code for ROS interfaces[0m
[  1%] [34m[1mGenerating Rust code for ROS interfaces[0m
[  1%] Built target ament_cmake_python_copy_dobot_msgs_v4
[  1%] [34m[1mGenerating C++ code for ROS interfaces[0m
running egg_info
creating dobot_msgs_v4.egg-info
writing dobot_msgs_v4.egg-info/PKG-INFO
writing dependency_links to dobot_msgs_v4.egg-info/dependency_links.txt
writing top-level names to dobot_msgs_v4.egg-info/top_level.txt
writing manifest file 'dobot_msgs_v4.egg-info/SOURCES.txt'
reading manifest file 'dobot_msgs_v4.egg-info/SOURCES.txt'
writing manifest file 'dobot_msgs_v4.egg-info/SOURCES.txt'
[  1%] Built target ament_cmake_python_build_dobot_msgs_v4_egg
[  1%] Built target dobot_msgs_v4__rs
[  1%] [32mBuilding C object CMakeFiles/dobot_msgs_v4__rosidl_generator_c.dir/rosidl_generator_c/dobot_msgs_v4/msg/detail/robot_status__functions.c.o[0m
[  1%] [32mBuilding C object CMakeFiles/dobot_msgs_v4__rosidl_generator_c.dir/rosidl_generator_c/dobot_msgs_v4/msg/detail/tool_vector_actual__functions.c.o[0m
[  1%] [32mBuilding C object CMakeFiles/dobot_msgs_v4__rosidl_generator_c.dir/rosidl_generator_c/dobot_msgs_v4/srv/detail/clear_error__functions.c.o[0m
[  1%] [32mBuilding C object CMakeFiles/dobot_msgs_v4__rosidl_generator_c.dir/rosidl_generator_c/dobot_msgs_v4/srv/detail/enable_robot__functions.c.o[0m
[  1%] [32mBuilding C object CMakeFiles/dobot_msgs_v4__rosidl_generator_c.dir/rosidl_generator_c/dobot_msgs_v4/srv/detail/disable_robot__functions.c.o[0m
[  2%] [32mBuilding C object CMakeFiles/dobot_msgs_v4__rosidl_generator_c.dir/rosidl_generator_c/dobot_msgs_v4/srv/detail/tool__functions.c.o[0m
[  2%] [32mBuilding C object CMakeFiles/dobot_msgs_v4__rosidl_generator_c.dir/rosidl_generator_c/dobot_msgs_v4/srv/detail/speed_factor__functions.c.o[0m
[  2%] [32mBuilding C object CMakeFiles/dobot_msgs_v4__rosidl_generator_c.dir/rosidl_generator_c/dobot_msgs_v4/srv/detail/user__functions.c.o[0m
[  2%] [32mBuilding C object CMakeFiles/dobot_msgs_v4__rosidl_generator_c.dir/rosidl_generator_c/dobot_msgs_v4/srv/detail/robot_mode__functions.c.o[0m
[  2%] [32mBuilding C object CMakeFiles/dobot_msgs_v4__rosidl_generator_c.dir/rosidl_generator_c/dobot_msgs_v4/srv/detail/set_payload__functions.c.o[0m
[  2%] [32mBuilding C object CMakeFiles/dobot_msgs_v4__rosidl_generator_c.dir/rosidl_generator_c/dobot_msgs_v4/srv/detail/do_instant__functions.c.o[0m
[  2%] [32mBuilding C object CMakeFiles/dobot_msgs_v4__rosidl_generator_c.dir/rosidl_generator_c/dobot_msgs_v4/srv/detail/do__functions.c.o[0m
[  2%] [32mBuilding C object CMakeFiles/dobot_msgs_v4__rosidl_generator_c.dir/rosidl_generator_c/dobot_msgs_v4/srv/detail/tool_do__functions.c.o[0m
[  2%] [32mBuilding C object CMakeFiles/dobot_msgs_v4__rosidl_generator_c.dir/rosidl_generator_c/dobot_msgs_v4/srv/detail/tool_do_instant__functions.c.o[0m
[  2%] [32mBuilding C object CMakeFiles/dobot_msgs_v4__rosidl_generator_c.dir/rosidl_generator_c/dobot_msgs_v4/srv/detail/ao__functions.c.o[0m
[  2%] [32mBuilding C object CMakeFiles/dobot_msgs_v4__rosidl_generator_c.dir/rosidl_generator_c/dobot_msgs_v4/srv/detail/ao_instant__functions.c.o[0m
[  2%] [32mBuilding C object CMakeFiles/dobot_msgs_v4__rosidl_generator_c.dir/rosidl_generator_c/dobot_msgs_v4/srv/detail/acc_j__functions.c.o[0m
[  3%] [32mBuilding C object CMakeFiles/dobot_msgs_v4__rosidl_generator_c.dir/rosidl_generator_c/dobot_msgs_v4/srv/detail/acc_l__functions.c.o[0m
[  3%] [32mBuilding C object CMakeFiles/dobot_msgs_v4__rosidl_generator_c.dir/rosidl_generator_c/dobot_msgs_v4/srv/detail/vel_l__functions.c.o[0m
[  3%] [32mBuilding C object CMakeFiles/dobot_msgs_v4__rosidl_generator_c.dir/rosidl_generator_c/dobot_msgs_v4/srv/detail/vel_j__functions.c.o[0m
[  3%] [32mBuilding C object CMakeFiles/dobot_msgs_v4__rosidl_generator_c.dir/rosidl_generator_c/dobot_msgs_v4/srv/detail/cp__functions.c.o[0m
[  3%] [32mBuilding C object CMakeFiles/dobot_msgs_v4__rosidl_generator_c.dir/rosidl_generator_c/dobot_msgs_v4/srv/detail/power_on__functions.c.o[0m
[  3%] [32mBuilding C object CMakeFiles/dobot_msgs_v4__rosidl_generator_c.dir/rosidl_generator_c/dobot_msgs_v4/srv/detail/stop__functions.c.o[0m
[  3%] [32mBuilding C object CMakeFiles/dobot_msgs_v4__rosidl_generator_c.dir/rosidl_generator_c/dobot_msgs_v4/srv/detail/run_script__functions.c.o[0m
[  3%] [32mBuilding C object CMakeFiles/dobot_msgs_v4__rosidl_generator_c.dir/rosidl_generator_c/dobot_msgs_v4/srv/detail/pause__functions.c.o[0m
[  3%] [32mBuilding C object CMakeFiles/dobot_msgs_v4__rosidl_generator_c.dir/rosidl_generator_c/dobot_msgs_v4/srv/detail/continue__functions.c.o[0m
[  3%] [32mBuilding C object CMakeFiles/dobot_msgs_v4__rosidl_generator_c.dir/rosidl_generator_c/dobot_msgs_v4/srv/detail/positive_kin__functions.c.o[0m
[  4%] [32mBuilding C object CMakeFiles/dobot_msgs_v4__rosidl_generator_c.dir/rosidl_generator_c/dobot_msgs_v4/srv/detail/inverse_kin__functions.c.o[0m
[  4%] [32mBuilding C object CMakeFiles/dobot_msgs_v4__rosidl_generator_c.dir/rosidl_generator_c/dobot_msgs_v4/srv/detail/set_collision_level__functions.c.o[0m
[  4%] [32mBuilding C object CMakeFiles/dobot_msgs_v4__rosidl_generator_c.dir/rosidl_generator_c/dobot_msgs_v4/srv/detail/get_angle__functions.c.o[0m
[  4%] [32mBuilding C object CMakeFiles/dobot_msgs_v4__rosidl_generator_c.dir/rosidl_generator_c/dobot_msgs_v4/srv/detail/get_pose__functions.c.o[0m
[  4%] [32mBuilding C object CMakeFiles/dobot_msgs_v4__rosidl_generator_c.dir/rosidl_generator_c/dobot_msgs_v4/srv/detail/emergency_stop__functions.c.o[0m
[  4%] [32mBuilding C object CMakeFiles/dobot_msgs_v4__rosidl_generator_c.dir/rosidl_generator_c/dobot_msgs_v4/srv/detail/modbus_rtu_create__functions.c.o[0m
[  4%] [32mBuilding C object CMakeFiles/dobot_msgs_v4__rosidl_generator_c.dir/rosidl_generator_c/dobot_msgs_v4/srv/detail/modbus_create__functions.c.o[0m
[  4%] [32mBuilding C object CMakeFiles/dobot_msgs_v4__rosidl_generator_c.dir/rosidl_generator_c/dobot_msgs_v4/srv/detail/modbus_close__functions.c.o[0m
[  4%] [32mBuilding C object CMakeFiles/dobot_msgs_v4__rosidl_generator_c.dir/rosidl_generator_c/dobot_msgs_v4/srv/detail/get_in_bits__functions.c.o[0m
[  4%] [32mBuilding C object CMakeFiles/dobot_msgs_v4__rosidl_generator_c.dir/rosidl_generator_c/dobot_msgs_v4/srv/detail/get_in_regs__functions.c.o[0m
[  4%] [32mBuilding C object CMakeFiles/dobot_msgs_v4__rosidl_generator_c.dir/rosidl_generator_c/dobot_msgs_v4/srv/detail/get_coils__functions.c.o[0m
[  5%] [32mBuilding C object CMakeFiles/dobot_msgs_v4__rosidl_generator_c.dir/rosidl_generator_c/dobot_msgs_v4/srv/detail/set_coils__functions.c.o[0m
[  5%] [32mBuilding C object CMakeFiles/dobot_msgs_v4__rosidl_generator_c.dir/rosidl_generator_c/dobot_msgs_v4/srv/detail/get_hold_regs__functions.c.o[0m
[  5%] [32mBuilding C object CMakeFiles/dobot_msgs_v4__rosidl_generator_c.dir/rosidl_generator_c/dobot_msgs_v4/srv/detail/set_hold_regs__functions.c.o[0m
[  5%] [32mBuilding C object CMakeFiles/dobot_msgs_v4__rosidl_generator_c.dir/rosidl_generator_c/dobot_msgs_v4/srv/detail/set_safe_skin__functions.c.o[0m
[  5%] [32mBuilding C object CMakeFiles/dobot_msgs_v4__rosidl_generator_c.dir/rosidl_generator_c/dobot_msgs_v4/srv/detail/mov_j__functions.c.o[0m
[  5%] [32mBuilding C object CMakeFiles/dobot_msgs_v4__rosidl_generator_c.dir/rosidl_generator_c/dobot_msgs_v4/srv/detail/mov_l__functions.c.o[0m
[  5%] [32mBuilding C object CMakeFiles/dobot_msgs_v4__rosidl_generator_c.dir/rosidl_generator_c/dobot_msgs_v4/srv/detail/rel_joint_mov_j__functions.c.o[0m
[  5%] [32mBuilding C object CMakeFiles/dobot_msgs_v4__rosidl_generator_c.dir/rosidl_generator_c/dobot_msgs_v4/srv/detail/move_jog__functions.c.o[0m
[  5%] [32mBuilding C object CMakeFiles/dobot_msgs_v4__rosidl_generator_c.dir/rosidl_generator_c/dobot_msgs_v4/srv/detail/stop_move_jog__functions.c.o[0m
[  5%] [32mBuilding C object CMakeFiles/dobot_msgs_v4__rosidl_generator_c.dir/rosidl_generator_c/dobot_msgs_v4/srv/detail/do_group__functions.c.o[0m
[  6%] [32mBuilding C object CMakeFiles/dobot_msgs_v4__rosidl_generator_c.dir/rosidl_generator_c/dobot_msgs_v4/srv/detail/brake_control__functions.c.o[0m
[  6%] [32mBuilding C object CMakeFiles/dobot_msgs_v4__rosidl_generator_c.dir/rosidl_generator_c/dobot_msgs_v4/srv/detail/start_drag__functions.c.o[0m
[  6%] [32mBuilding C object CMakeFiles/dobot_msgs_v4__rosidl_generator_c.dir/rosidl_generator_c/dobot_msgs_v4/srv/detail/enable_safe_skin__functions.c.o[0m
[  6%] [32mBuilding C object CMakeFiles/dobot_msgs_v4__rosidl_generator_c.dir/rosidl_generator_c/dobot_msgs_v4/srv/detail/get_start_pose__functions.c.o[0m
[  6%] [32mBuilding C object CMakeFiles/dobot_msgs_v4__rosidl_generator_c.dir/rosidl_generator_c/dobot_msgs_v4/srv/detail/start_path__functions.c.o[0m
[  6%] [32mBuilding C object CMakeFiles/dobot_msgs_v4__rosidl_generator_c.dir/rosidl_generator_c/dobot_msgs_v4/srv/detail/inverse_solution__functions.c.o[0m
[  6%] [32mBuilding C object CMakeFiles/dobot_msgs_v4__rosidl_generator_c.dir/rosidl_generator_c/dobot_msgs_v4/srv/detail/get_error_id__functions.c.o[0m
[  6%] [32mBuilding C object CMakeFiles/dobot_msgs_v4__rosidl_generator_c.dir/rosidl_generator_c/dobot_msgs_v4/srv/detail/di__functions.c.o[0m
[  6%] [32mBuilding C object CMakeFiles/dobot_msgs_v4__rosidl_generator_c.dir/rosidl_generator_c/dobot_msgs_v4/srv/detail/tool_di__functions.c.o[0m
[  6%] [32mBuilding C object CMakeFiles/dobot_msgs_v4__rosidl_generator_c.dir/rosidl_generator_c/dobot_msgs_v4/srv/detail/ai__functions.c.o[0m
[  7%] [32mBuilding C object CMakeFiles/dobot_msgs_v4__rosidl_generator_c.dir/rosidl_generator_c/dobot_msgs_v4/srv/detail/tool_ai__functions.c.o[0m
[  7%] [32mBuilding C object CMakeFiles/dobot_msgs_v4__rosidl_generator_c.dir/rosidl_generator_c/dobot_msgs_v4/srv/detail/di_group__functions.c.o[0m
[  7%] [32mBuilding C object CMakeFiles/dobot_msgs_v4__rosidl_generator_c.dir/rosidl_generator_c/dobot_msgs_v4/srv/detail/stop_drag__functions.c.o[0m
[  7%] [32mBuilding C object CMakeFiles/dobot_msgs_v4__rosidl_generator_c.dir/rosidl_generator_c/dobot_msgs_v4/srv/detail/get_do__functions.c.o[0m
[  7%] [32mBuilding C object CMakeFiles/dobot_msgs_v4__rosidl_generator_c.dir/rosidl_generator_c/dobot_msgs_v4/srv/detail/drag_sensivity__functions.c.o[0m
[  7%] [32mBuilding C object CMakeFiles/dobot_msgs_v4__rosidl_generator_c.dir/rosidl_generator_c/dobot_msgs_v4/srv/detail/get_ao__functions.c.o[0m
[  7%] [32mBuilding C object CMakeFiles/dobot_msgs_v4__rosidl_generator_c.dir/rosidl_generator_c/dobot_msgs_v4/srv/detail/get_do_group__functions.c.o[0m
[  7%] [32mBuilding C object CMakeFiles/dobot_msgs_v4__rosidl_generator_c.dir/rosidl_generator_c/dobot_msgs_v4/srv/detail/set_tool485__functions.c.o[0m
[  7%] [32mBuilding C object CMakeFiles/dobot_msgs_v4__rosidl_generator_c.dir/rosidl_generator_c/dobot_msgs_v4/srv/detail/set_safe_wall_enable__functions.c.o[0m
[  8%] [32mBuilding C object CMakeFiles/dobot_msgs_v4__rosidl_generator_c.dir/rosidl_generator_c/dobot_msgs_v4/srv/detail/set_tool_mode__functions.c.o[0m
[  8%] [32mBuilding C object CMakeFiles/dobot_msgs_v4__rosidl_generator_c.dir/rosidl_generator_c/dobot_msgs_v4/srv/detail/set_back_distance__functions.c.o[0m
[  8%] [32mBuilding C object CMakeFiles/dobot_msgs_v4__rosidl_generator_c.dir/rosidl_generator_c/dobot_msgs_v4/srv/detail/set_tool_power__functions.c.o[0m
[  8%] [32mBuilding C object CMakeFiles/dobot_msgs_v4__rosidl_generator_c.dir/rosidl_generator_c/dobot_msgs_v4/srv/detail/set_post_collision_mode__functions.c.o[0m
[  8%] [32mBuilding C object CMakeFiles/dobot_msgs_v4__rosidl_generator_c.dir/rosidl_generator_c/dobot_msgs_v4/srv/detail/set_user__functions.c.o[0m
[  8%] [32mBuilding C object CMakeFiles/dobot_msgs_v4__rosidl_generator_c.dir/rosidl_generator_c/dobot_msgs_v4/srv/detail/set_tool__functions.c.o[0m
[  8%] [32mBuilding C object CMakeFiles/dobot_msgs_v4__rosidl_generator_c.dir/rosidl_generator_c/dobot_msgs_v4/srv/detail/calc_tool__functions.c.o[0m
[  8%] [32mBuilding C object CMakeFiles/dobot_msgs_v4__rosidl_generator_c.dir/rosidl_generator_c/dobot_msgs_v4/srv/detail/calc_user__functions.c.o[0m
[  8%] [32mBuilding C object CMakeFiles/dobot_msgs_v4__rosidl_generator_c.dir/rosidl_generator_c/dobot_msgs_v4/srv/detail/get_input_bool__functions.c.o[0m
[  8%] [32mBuilding C object CMakeFiles/dobot_msgs_v4__rosidl_generator_c.dir/rosidl_generator_c/dobot_msgs_v4/srv/detail/get_input_int__functions.c.o[0m
[  8%] [32mBuilding C object CMakeFiles/dobot_msgs_v4__rosidl_generator_c.dir/rosidl_generator_c/dobot_msgs_v4/srv/detail/get_input_float__functions.c.o[0m
[  8%] [32mBuilding C object CMakeFiles/dobot_msgs_v4__rosidl_generator_c.dir/rosidl_generator_c/dobot_msgs_v4/srv/detail/get_output_bool__functions.c.o[0m
[  9%] [32mBuilding C object CMakeFiles/dobot_msgs_v4__rosidl_generator_c.dir/rosidl_generator_c/dobot_msgs_v4/srv/detail/get_output_int__functions.c.o[0m
[  9%] [32mBuilding C object CMakeFiles/dobot_msgs_v4__rosidl_generator_c.dir/rosidl_generator_c/dobot_msgs_v4/srv/detail/get_output_float__functions.c.o[0m
[  9%] [32mBuilding C object CMakeFiles/dobot_msgs_v4__rosidl_generator_c.dir/rosidl_generator_c/dobot_msgs_v4/srv/detail/set_output_bool__functions.c.o[0m
[  9%] [32mBuilding C object CMakeFiles/dobot_msgs_v4__rosidl_generator_c.dir/rosidl_generator_c/dobot_msgs_v4/srv/detail/set_output_int__functions.c.o[0m
[  9%] [32mBuilding C object CMakeFiles/dobot_msgs_v4__rosidl_generator_c.dir/rosidl_generator_c/dobot_msgs_v4/srv/detail/set_output_float__functions.c.o[0m
[  9%] [32mBuilding C object CMakeFiles/dobot_msgs_v4__rosidl_generator_c.dir/rosidl_generator_c/dobot_msgs_v4/srv/detail/mov_lio__functions.c.o[0m
[  9%] [32mBuilding C object CMakeFiles/dobot_msgs_v4__rosidl_generator_c.dir/rosidl_generator_c/dobot_msgs_v4/srv/detail/mov_jio__functions.c.o[0m
[  9%] [32mBuilding C object CMakeFiles/dobot_msgs_v4__rosidl_generator_c.dir/rosidl_generator_c/dobot_msgs_v4/srv/detail/circle__functions.c.o[0m
[  9%] [32mBuilding C object CMakeFiles/dobot_msgs_v4__rosidl_generator_c.dir/rosidl_generator_c/dobot_msgs_v4/srv/detail/arc__functions.c.o[0m
[  9%] [32mBuilding C object CMakeFiles/dobot_msgs_v4__rosidl_generator_c.dir/rosidl_generator_c/dobot_msgs_v4/srv/detail/rel_mov_j_tool__functions.c.o[0m
[ 10%] [32mBuilding C object CMakeFiles/dobot_msgs_v4__rosidl_generator_c.dir/rosidl_generator_c/dobot_msgs_v4/srv/detail/rel_mov_l_tool__functions.c.o[0m
[ 10%] [32mBuilding C object CMakeFiles/dobot_msgs_v4__rosidl_generator_c.dir/rosidl_generator_c/dobot_msgs_v4/srv/detail/rel_mov_j_user__functions.c.o[0m
[ 10%] [32mBuilding C object CMakeFiles/dobot_msgs_v4__rosidl_generator_c.dir/rosidl_generator_c/dobot_msgs_v4/srv/detail/rel_mov_l_user__functions.c.o[0m
[ 10%] [32mBuilding C object CMakeFiles/dobot_msgs_v4__rosidl_generator_c.dir/rosidl_generator_c/dobot_msgs_v4/srv/detail/get_current_command_id__functions.c.o[0m
[ 10%] [32mBuilding C object CMakeFiles/dobot_msgs_v4__rosidl_generator_c.dir/rosidl_generator_c/dobot_msgs_v4/srv/detail/servo_j__functions.c.o[0m
[ 10%] [32mBuilding C object CMakeFiles/dobot_msgs_v4__rosidl_generator_c.dir/rosidl_generator_c/dobot_msgs_v4/srv/detail/servo_p__functions.c.o[0m
[ 10%] [32mBuilding C object CMakeFiles/dobot_msgs_v4__rosidl_generator_c.dir/rosidl_generator_c/dobot_msgs_v4/srv/detail/tcp_dashboard__functions.c.o[0m
[ 10%] [32mBuilding C object CMakeFiles/dobot_msgs_v4__rosidl_generator_c.dir/rosidl_generator_c/dobot_msgs_v4/srv/detail/enable_ft_sensor__functions.c.o[0m
[ 10%] [32mBuilding C object CMakeFiles/dobot_msgs_v4__rosidl_generator_c.dir/rosidl_generator_c/dobot_msgs_v4/srv/detail/six_force_home__functions.c.o[0m
[ 10%] [32mBuilding C object CMakeFiles/dobot_msgs_v4__rosidl_generator_c.dir/rosidl_generator_c/dobot_msgs_v4/srv/detail/get_force__functions.c.o[0m
[ 10%] [32mBuilding C object CMakeFiles/dobot_msgs_v4__rosidl_generator_c.dir/rosidl_generator_c/dobot_msgs_v4/srv/detail/force_drive_mode__functions.c.o[0m
[ 11%] [32mBuilding C object CMakeFiles/dobot_msgs_v4__rosidl_generator_c.dir/rosidl_generator_c/dobot_msgs_v4/srv/detail/force_drive_speed__functions.c.o[0m
[ 11%] [32mBuilding C object CMakeFiles/dobot_msgs_v4__rosidl_generator_c.dir/rosidl_generator_c/dobot_msgs_v4/srv/detail/fc_force_mode__functions.c.o[0m
[ 11%] [32mBuilding C object CMakeFiles/dobot_msgs_v4__rosidl_generator_c.dir/rosidl_generator_c/dobot_msgs_v4/srv/detail/fc_set_deviation__functions.c.o[0m
[ 11%] [32mBuilding C object CMakeFiles/dobot_msgs_v4__rosidl_generator_c.dir/rosidl_generator_c/dobot_msgs_v4/srv/detail/fc_set_force_limit__functions.c.o[0m
[ 11%] [32mBuilding C object CMakeFiles/dobot_msgs_v4__rosidl_generator_c.dir/rosidl_generator_c/dobot_msgs_v4/srv/detail/fc_set_mass__functions.c.o[0m
[ 11%] [32mBuilding C object CMakeFiles/dobot_msgs_v4__rosidl_generator_c.dir/rosidl_generator_c/dobot_msgs_v4/srv/detail/fc_set_stiffness__functions.c.o[0m
[ 11%] [32mBuilding C object CMakeFiles/dobot_msgs_v4__rosidl_generator_c.dir/rosidl_generator_c/dobot_msgs_v4/srv/detail/fc_off__functions.c.o[0m
[ 11%] [32mBuilding C object CMakeFiles/dobot_msgs_v4__rosidl_generator_c.dir/rosidl_generator_c/dobot_msgs_v4/srv/detail/fc_set_damping__functions.c.o[0m
[ 11%] [32mBuilding C object CMakeFiles/dobot_msgs_v4__rosidl_generator_c.dir/rosidl_generator_c/dobot_msgs_v4/srv/detail/fc_set_force_speed_limit__functions.c.o[0m
[ 11%] [32mBuilding C object CMakeFiles/dobot_msgs_v4__rosidl_generator_c.dir/rosidl_generator_c/dobot_msgs_v4/srv/detail/fc_set_force__functions.c.o[0m
[ 12%] [32mBuilding C object CMakeFiles/dobot_msgs_v4__rosidl_generator_c.dir/rosidl_generator_c/dobot_msgs_v4/srv/detail/set_fc_collision__functions.c.o[0m
[ 12%] [32mBuilding C object CMakeFiles/dobot_msgs_v4__rosidl_generator_c.dir/rosidl_generator_c/dobot_msgs_v4/srv/detail/fc_collision_switch__functions.c.o[0m
[ 12%] [32mBuilding C object CMakeFiles/dobot_msgs_v4__rosidl_generator_c.dir/rosidl_generator_c/dobot_msgs_v4/srv/detail/set_work_zone_enable__functions.c.o[0m
[ 12%] [32mBuilding C object CMakeFiles/dobot_msgs_v4__rosidl_generator_c.dir/rosidl_generator_c/dobot_msgs_v4/srv/detail/get_tool_do__functions.c.o[0m
[ 12%] [32mBuilding C object CMakeFiles/dobot_msgs_v4__rosidl_generator_c.dir/rosidl_generator_c/dobot_msgs_v4/srv/detail/reset_robot__functions.c.o[0m
[ 12%] [32mBuilding C object CMakeFiles/dobot_msgs_v4__rosidl_generator_c.dir/rosidl_generator_c/dobot_msgs_v4/srv/detail/run_to__functions.c.o[0m
[ 12%] [32mBuilding C object CMakeFiles/dobot_msgs_v4__rosidl_generator_c.dir/rosidl_generator_c/dobot_msgs_v4/srv/detail/end_rt_offset__functions.c.o[0m
[ 12%] [32mBuilding C object CMakeFiles/dobot_msgs_v4__rosidl_generator_c.dir/rosidl_generator_c/dobot_msgs_v4/srv/detail/start_rt_offset__functions.c.o[0m
[ 12%] [32mBuilding C object CMakeFiles/dobot_msgs_v4__rosidl_generator_c.dir/rosidl_generator_c/dobot_msgs_v4/srv/detail/get_error__functions.c.o[0m
[ 12%] [32mBuilding C object CMakeFiles/dobot_msgs_v4__rosidl_generator_c.dir/rosidl_generator_c/dobot_msgs_v4/srv/detail/do_group_dec__functions.c.o[0m
[ 13%] [32mBuilding C object CMakeFiles/dobot_msgs_v4__rosidl_generator_c.dir/rosidl_generator_c/dobot_msgs_v4/srv/detail/get_do_group_dec__functions.c.o[0m
[ 13%] [32mBuilding C object CMakeFiles/dobot_msgs_v4__rosidl_generator_c.dir/rosidl_generator_c/dobot_msgs_v4/srv/detail/di_group_dec__functions.c.o[0m
[ 13%] [32mBuilding C object CMakeFiles/dobot_msgs_v4__rosidl_generator_c.dir/rosidl_generator_c/dobot_msgs_v4/srv/detail/request_control__functions.c.o[0m
[ 13%] [32mBuilding C object CMakeFiles/dobot_msgs_v4__rosidl_generator_c.dir/rosidl_generator_c/dobot_msgs_v4/srv/detail/check_odd_mov_l__functions.c.o[0m
[ 13%] [32mBuilding C object CMakeFiles/dobot_msgs_v4__rosidl_generator_c.dir/rosidl_generator_c/dobot_msgs_v4/srv/detail/check_odd_mov_j__functions.c.o[0m
[ 13%] [32mBuilding C object CMakeFiles/dobot_msgs_v4__rosidl_generator_c.dir/rosidl_generator_c/dobot_msgs_v4/srv/detail/check_odd_mov_c__functions.c.o[0m
[ 13%] [32m[1mLinking C shared library libdobot_msgs_v4__rosidl_generator_c.so[0m
[ 13%] Built target dobot_msgs_v4__cpp
[ 13%] Built target dobot_msgs_v4__rosidl_generator_c
[ 13%] [34m[1mGenerating C++ type support dispatch for ROS interfaces[0m
[ 13%] [34m[1mGenerating C++ type support for eProsima Fast-RTPS[0m
[ 13%] [34m[1mGenerating C++ introspection for ROS interfaces[0m
[ 16%] [34m[1mGenerating C type support for eProsima Fast-RTPS[0m
[ 16%] [34m[1mGenerating C type support dispatch for ROS interfaces[0m
[ 16%] [34m[1mGenerating C introspection for ROS interfaces[0m
[ 16%] [32mBuilding CXX object CMakeFiles/dobot_msgs_v4__rosidl_typesupport_c.dir/rosidl_typesupport_c/dobot_msgs_v4/msg/tool_vector_actual__type_support.cpp.o[0m
[ 16%] [32mBuilding CXX object CMakeFiles/dobot_msgs_v4__rosidl_typesupport_c.dir/rosidl_typesupport_c/dobot_msgs_v4/srv/enable_robot__type_support.cpp.o[0m
[ 16%] [32mBuilding CXX object CMakeFiles/dobot_msgs_v4__rosidl_typesupport_c.dir/rosidl_typesupport_c/dobot_msgs_v4/srv/disable_robot__type_support.cpp.o[0m
[ 16%] [32mBuilding CXX object CMakeFiles/dobot_msgs_v4__rosidl_typesupport_c.dir/rosidl_typesupport_c/dobot_msgs_v4/msg/robot_status__type_support.cpp.o[0m
[ 16%] [32mBuilding CXX object CMakeFiles/dobot_msgs_v4__rosidl_typesupport_c.dir/rosidl_typesupport_c/dobot_msgs_v4/srv/tool__type_support.cpp.o[0m
[ 16%] [32mBuilding CXX object CMakeFiles/dobot_msgs_v4__rosidl_typesupport_c.dir/rosidl_typesupport_c/dobot_msgs_v4/srv/clear_error__type_support.cpp.o[0m
[ 16%] [32mBuilding CXX object CMakeFiles/dobot_msgs_v4__rosidl_typesupport_c.dir/rosidl_typesupport_c/dobot_msgs_v4/srv/speed_factor__type_support.cpp.o[0m
[ 16%] [32mBuilding CXX object CMakeFiles/dobot_msgs_v4__rosidl_typesupport_c.dir/rosidl_typesupport_c/dobot_msgs_v4/srv/set_payload__type_support.cpp.o[0m
[ 16%] [32mBuilding CXX object CMakeFiles/dobot_msgs_v4__rosidl_typesupport_c.dir/rosidl_typesupport_c/dobot_msgs_v4/srv/robot_mode__type_support.cpp.o[0m
[ 16%] [32mBuilding CXX object CMakeFiles/dobot_msgs_v4__rosidl_typesupport_c.dir/rosidl_typesupport_c/dobot_msgs_v4/srv/user__type_support.cpp.o[0m
[ 17%] [32mBuilding CXX object CMakeFiles/dobot_msgs_v4__rosidl_typesupport_c.dir/rosidl_typesupport_c/dobot_msgs_v4/srv/do__type_support.cpp.o[0m
[ 17%] [32mBuilding CXX object CMakeFiles/dobot_msgs_v4__rosidl_typesupport_c.dir/rosidl_typesupport_c/dobot_msgs_v4/srv/do_instant__type_support.cpp.o[0m
[ 17%] [32mBuilding CXX object CMakeFiles/dobot_msgs_v4__rosidl_typesupport_c.dir/rosidl_typesupport_c/dobot_msgs_v4/srv/tool_do__type_support.cpp.o[0m
[ 17%] [32mBuilding CXX object CMakeFiles/dobot_msgs_v4__rosidl_typesupport_c.dir/rosidl_typesupport_c/dobot_msgs_v4/srv/ao__type_support.cpp.o[0m
[ 17%] [32mBuilding CXX object CMakeFiles/dobot_msgs_v4__rosidl_typesupport_c.dir/rosidl_typesupport_c/dobot_msgs_v4/srv/tool_do_instant__type_support.cpp.o[0m
[ 17%] [32mBuilding CXX object CMakeFiles/dobot_msgs_v4__rosidl_typesupport_c.dir/rosidl_typesupport_c/dobot_msgs_v4/srv/ao_instant__type_support.cpp.o[0m
[ 17%] [32mBuilding CXX object CMakeFiles/dobot_msgs_v4__rosidl_typesupport_c.dir/rosidl_typesupport_c/dobot_msgs_v4/srv/acc_j__type_support.cpp.o[0m
[ 17%] [32mBuilding CXX object CMakeFiles/dobot_msgs_v4__rosidl_typesupport_c.dir/rosidl_typesupport_c/dobot_msgs_v4/srv/acc_l__type_support.cpp.o[0m
[ 17%] [32mBuilding CXX object CMakeFiles/dobot_msgs_v4__rosidl_typesupport_c.dir/rosidl_typesupport_c/dobot_msgs_v4/srv/vel_j__type_support.cpp.o[0m
[ 17%] [32mBuilding CXX object CMakeFiles/dobot_msgs_v4__rosidl_typesupport_c.dir/rosidl_typesupport_c/dobot_msgs_v4/srv/power_on__type_support.cpp.o[0m
[ 18%] [32mBuilding CXX object CMakeFiles/dobot_msgs_v4__rosidl_typesupport_c.dir/rosidl_typesupport_c/dobot_msgs_v4/srv/vel_l__type_support.cpp.o[0m
[ 18%] [32mBuilding CXX object CMakeFiles/dobot_msgs_v4__rosidl_typesupport_c.dir/rosidl_typesupport_c/dobot_msgs_v4/srv/cp__type_support.cpp.o[0m
[ 18%] [32mBuilding CXX object CMakeFiles/dobot_msgs_v4__rosidl_typesupport_c.dir/rosidl_typesupport_c/dobot_msgs_v4/srv/run_script__type_support.cpp.o[0m
[ 18%] [32mBuilding CXX object CMakeFiles/dobot_msgs_v4__rosidl_typesupport_c.dir/rosidl_typesupport_c/dobot_msgs_v4/srv/stop__type_support.cpp.o[0m
[ 18%] [32mBuilding CXX object CMakeFiles/dobot_msgs_v4__rosidl_typesupport_c.dir/rosidl_typesupport_c/dobot_msgs_v4/srv/pause__type_support.cpp.o[0m
[ 18%] [32mBuilding CXX object CMakeFiles/dobot_msgs_v4__rosidl_typesupport_c.dir/rosidl_typesupport_c/dobot_msgs_v4/srv/continue__type_support.cpp.o[0m
[ 18%] [32mBuilding CXX object CMakeFiles/dobot_msgs_v4__rosidl_typesupport_c.dir/rosidl_typesupport_c/dobot_msgs_v4/srv/positive_kin__type_support.cpp.o[0m
[ 18%] [32mBuilding CXX object CMakeFiles/dobot_msgs_v4__rosidl_typesupport_c.dir/rosidl_typesupport_c/dobot_msgs_v4/srv/inverse_kin__type_support.cpp.o[0m
[ 18%] [32mBuilding CXX object CMakeFiles/dobot_msgs_v4__rosidl_typesupport_c.dir/rosidl_typesupport_c/dobot_msgs_v4/srv/get_angle__type_support.cpp.o[0m
[ 18%] [32mBuilding CXX object CMakeFiles/dobot_msgs_v4__rosidl_typesupport_c.dir/rosidl_typesupport_c/dobot_msgs_v4/srv/set_collision_level__type_support.cpp.o[0m
[ 19%] [32mBuilding CXX object CMakeFiles/dobot_msgs_v4__rosidl_typesupport_c.dir/rosidl_typesupport_c/dobot_msgs_v4/srv/get_pose__type_support.cpp.o[0m
[ 19%] [32mBuilding CXX object CMakeFiles/dobot_msgs_v4__rosidl_typesupport_c.dir/rosidl_typesupport_c/dobot_msgs_v4/srv/emergency_stop__type_support.cpp.o[0m
[ 19%] [32mBuilding CXX object CMakeFiles/dobot_msgs_v4__rosidl_typesupport_c.dir/rosidl_typesupport_c/dobot_msgs_v4/srv/modbus_rtu_create__type_support.cpp.o[0m
[ 19%] [32mBuilding CXX object CMakeFiles/dobot_msgs_v4__rosidl_typesupport_c.dir/rosidl_typesupport_c/dobot_msgs_v4/srv/modbus_create__type_support.cpp.o[0m
[ 19%] [32mBuilding CXX object CMakeFiles/dobot_msgs_v4__rosidl_typesupport_c.dir/rosidl_typesupport_c/dobot_msgs_v4/srv/modbus_close__type_support.cpp.o[0m
[ 19%] [32mBuilding CXX object CMakeFiles/dobot_msgs_v4__rosidl_typesupport_c.dir/rosidl_typesupport_c/dobot_msgs_v4/srv/get_in_bits__type_support.cpp.o[0m
[ 19%] [32mBuilding CXX object CMakeFiles/dobot_msgs_v4__rosidl_typesupport_c.dir/rosidl_typesupport_c/dobot_msgs_v4/srv/get_in_regs__type_support.cpp.o[0m
[ 19%] [32mBuilding CXX object CMakeFiles/dobot_msgs_v4__rosidl_typesupport_c.dir/rosidl_typesupport_c/dobot_msgs_v4/srv/get_hold_regs__type_support.cpp.o[0m
[ 19%] [32mBuilding CXX object CMakeFiles/dobot_msgs_v4__rosidl_typesupport_c.dir/rosidl_typesupport_c/dobot_msgs_v4/srv/get_coils__type_support.cpp.o[0m
[ 19%] [32mBuilding CXX object CMakeFiles/dobot_msgs_v4__rosidl_typesupport_c.dir/rosidl_typesupport_c/dobot_msgs_v4/srv/set_coils__type_support.cpp.o[0m
[ 19%] [32mBuilding CXX object CMakeFiles/dobot_msgs_v4__rosidl_typesupport_c.dir/rosidl_typesupport_c/dobot_msgs_v4/srv/set_hold_regs__type_support.cpp.o[0m
[ 20%] [32mBuilding CXX object CMakeFiles/dobot_msgs_v4__rosidl_typesupport_c.dir/rosidl_typesupport_c/dobot_msgs_v4/srv/set_safe_skin__type_support.cpp.o[0m
[ 20%] [32mBuilding CXX object CMakeFiles/dobot_msgs_v4__rosidl_typesupport_c.dir/rosidl_typesupport_c/dobot_msgs_v4/srv/mov_j__type_support.cpp.o[0m
[ 20%] [32mBuilding CXX object CMakeFiles/dobot_msgs_v4__rosidl_typesupport_c.dir/rosidl_typesupport_c/dobot_msgs_v4/srv/mov_l__type_support.cpp.o[0m
[ 20%] [32mBuilding CXX object CMakeFiles/dobot_msgs_v4__rosidl_typesupport_c.dir/rosidl_typesupport_c/dobot_msgs_v4/srv/rel_joint_mov_j__type_support.cpp.o[0m
[ 20%] [32mBuilding CXX object CMakeFiles/dobot_msgs_v4__rosidl_typesupport_c.dir/rosidl_typesupport_c/dobot_msgs_v4/srv/move_jog__type_support.cpp.o[0m
[ 20%] [32mBuilding CXX object CMakeFiles/dobot_msgs_v4__rosidl_typesupport_c.dir/rosidl_typesupport_c/dobot_msgs_v4/srv/do_group__type_support.cpp.o[0m
[ 20%] [32mBuilding CXX object CMakeFiles/dobot_msgs_v4__rosidl_typesupport_c.dir/rosidl_typesupport_c/dobot_msgs_v4/srv/start_drag__type_support.cpp.o[0m
[ 20%] [32mBuilding CXX object CMakeFiles/dobot_msgs_v4__rosidl_typesupport_c.dir/rosidl_typesupport_c/dobot_msgs_v4/srv/brake_control__type_support.cpp.o[0m
[ 20%] [32mBuilding CXX object CMakeFiles/dobot_msgs_v4__rosidl_typesupport_c.dir/rosidl_typesupport_c/dobot_msgs_v4/srv/enable_safe_skin__type_support.cpp.o[0m
[ 20%] [32mBuilding CXX object CMakeFiles/dobot_msgs_v4__rosidl_typesupport_c.dir/rosidl_typesupport_c/dobot_msgs_v4/srv/stop_move_jog__type_support.cpp.o[0m
[ 21%] [32mBuilding CXX object CMakeFiles/dobot_msgs_v4__rosidl_typesupport_c.dir/rosidl_typesupport_c/dobot_msgs_v4/srv/get_start_pose__type_support.cpp.o[0m
[ 21%] [32mBuilding CXX object CMakeFiles/dobot_msgs_v4__rosidl_typesupport_c.dir/rosidl_typesupport_c/dobot_msgs_v4/srv/start_path__type_support.cpp.o[0m
[ 21%] [32mBuilding CXX object CMakeFiles/dobot_msgs_v4__rosidl_typesupport_c.dir/rosidl_typesupport_c/dobot_msgs_v4/srv/inverse_solution__type_support.cpp.o[0m
[ 21%] [32mBuilding CXX object CMakeFiles/dobot_msgs_v4__rosidl_typesupport_c.dir/rosidl_typesupport_c/dobot_msgs_v4/srv/get_error_id__type_support.cpp.o[0m
[ 21%] [32mBuilding CXX object CMakeFiles/dobot_msgs_v4__rosidl_typesupport_c.dir/rosidl_typesupport_c/dobot_msgs_v4/srv/di__type_support.cpp.o[0m
[ 21%] [32mBuilding CXX object CMakeFiles/dobot_msgs_v4__rosidl_typesupport_c.dir/rosidl_typesupport_c/dobot_msgs_v4/srv/tool_di__type_support.cpp.o[0m
[ 21%] [32mBuilding CXX object CMakeFiles/dobot_msgs_v4__rosidl_typesupport_c.dir/rosidl_typesupport_c/dobot_msgs_v4/srv/ai__type_support.cpp.o[0m
[ 21%] [32mBuilding CXX object CMakeFiles/dobot_msgs_v4__rosidl_typesupport_c.dir/rosidl_typesupport_c/dobot_msgs_v4/srv/tool_ai__type_support.cpp.o[0m
[ 21%] [32mBuilding CXX object CMakeFiles/dobot_msgs_v4__rosidl_typesupport_c.dir/rosidl_typesupport_c/dobot_msgs_v4/srv/di_group__type_support.cpp.o[0m
[ 21%] [32mBuilding CXX object CMakeFiles/dobot_msgs_v4__rosidl_typesupport_c.dir/rosidl_typesupport_c/dobot_msgs_v4/srv/stop_drag__type_support.cpp.o[0m
[ 22%] [32mBuilding CXX object CMakeFiles/dobot_msgs_v4__rosidl_typesupport_c.dir/rosidl_typesupport_c/dobot_msgs_v4/srv/drag_sensivity__type_support.cpp.o[0m
[ 22%] [32mBuilding CXX object CMakeFiles/dobot_msgs_v4__rosidl_typesupport_c.dir/rosidl_typesupport_c/dobot_msgs_v4/srv/get_do__type_support.cpp.o[0m
[ 22%] [32mBuilding CXX object CMakeFiles/dobot_msgs_v4__rosidl_typesupport_c.dir/rosidl_typesupport_c/dobot_msgs_v4/srv/get_ao__type_support.cpp.o[0m
[ 22%] [32mBuilding CXX object CMakeFiles/dobot_msgs_v4__rosidl_typesupport_c.dir/rosidl_typesupport_c/dobot_msgs_v4/srv/get_do_group__type_support.cpp.o[0m
[ 22%] [32mBuilding CXX object CMakeFiles/dobot_msgs_v4__rosidl_typesupport_c.dir/rosidl_typesupport_c/dobot_msgs_v4/srv/set_tool485__type_support.cpp.o[0m
[ 22%] [32mBuilding CXX object CMakeFiles/dobot_msgs_v4__rosidl_typesupport_c.dir/rosidl_typesupport_c/dobot_msgs_v4/srv/set_safe_wall_enable__type_support.cpp.o[0m
[ 22%] [32mBuilding CXX object CMakeFiles/dobot_msgs_v4__rosidl_typesupport_c.dir/rosidl_typesupport_c/dobot_msgs_v4/srv/set_tool_power__type_support.cpp.o[0m
[ 22%] [32mBuilding CXX object CMakeFiles/dobot_msgs_v4__rosidl_typesupport_c.dir/rosidl_typesupport_c/dobot_msgs_v4/srv/set_tool_mode__type_support.cpp.o[0m
[ 22%] [32mBuilding CXX object CMakeFiles/dobot_msgs_v4__rosidl_typesupport_c.dir/rosidl_typesupport_c/dobot_msgs_v4/srv/set_back_distance__type_support.cpp.o[0m
[ 22%] [32mBuilding CXX object CMakeFiles/dobot_msgs_v4__rosidl_typesupport_c.dir/rosidl_typesupport_c/dobot_msgs_v4/srv/set_post_collision_mode__type_support.cpp.o[0m
[ 22%] [32mBuilding CXX object CMakeFiles/dobot_msgs_v4__rosidl_typesupport_c.dir/rosidl_typesupport_c/dobot_msgs_v4/srv/set_user__type_support.cpp.o[0m
[ 23%] [32mBuilding CXX object CMakeFiles/dobot_msgs_v4__rosidl_typesupport_c.dir/rosidl_typesupport_c/dobot_msgs_v4/srv/set_tool__type_support.cpp.o[0m
[ 23%] [32mBuilding CXX object CMakeFiles/dobot_msgs_v4__rosidl_typesupport_c.dir/rosidl_typesupport_c/dobot_msgs_v4/srv/calc_user__type_support.cpp.o[0m
[ 23%] [32mBuilding CXX object CMakeFiles/dobot_msgs_v4__rosidl_typesupport_c.dir/rosidl_typesupport_c/dobot_msgs_v4/srv/calc_tool__type_support.cpp.o[0m
[ 23%] [32mBuilding CXX object CMakeFiles/dobot_msgs_v4__rosidl_typesupport_c.dir/rosidl_typesupport_c/dobot_msgs_v4/srv/get_input_bool__type_support.cpp.o[0m
[ 23%] [32mBuilding CXX object CMakeFiles/dobot_msgs_v4__rosidl_typesupport_c.dir/rosidl_typesupport_c/dobot_msgs_v4/srv/get_input_int__type_support.cpp.o[0m
[ 23%] [32mBuilding CXX object CMakeFiles/dobot_msgs_v4__rosidl_typesupport_c.dir/rosidl_typesupport_c/dobot_msgs_v4/srv/get_input_float__type_support.cpp.o[0m
[ 23%] [32mBuilding CXX object CMakeFiles/dobot_msgs_v4__rosidl_typesupport_c.dir/rosidl_typesupport_c/dobot_msgs_v4/srv/get_output_bool__type_support.cpp.o[0m
[ 23%] [32mBuilding CXX object CMakeFiles/dobot_msgs_v4__rosidl_typesupport_c.dir/rosidl_typesupport_c/dobot_msgs_v4/srv/get_output_int__type_support.cpp.o[0m
[ 23%] [32mBuilding CXX object CMakeFiles/dobot_msgs_v4__rosidl_typesupport_c.dir/rosidl_typesupport_c/dobot_msgs_v4/srv/get_output_float__type_support.cpp.o[0m
[ 23%] [32mBuilding CXX object CMakeFiles/dobot_msgs_v4__rosidl_typesupport_c.dir/rosidl_typesupport_c/dobot_msgs_v4/srv/set_output_bool__type_support.cpp.o[0m
[ 24%] [32mBuilding CXX object CMakeFiles/dobot_msgs_v4__rosidl_typesupport_c.dir/rosidl_typesupport_c/dobot_msgs_v4/srv/set_output_int__type_support.cpp.o[0m
[ 24%] [32mBuilding CXX object CMakeFiles/dobot_msgs_v4__rosidl_typesupport_c.dir/rosidl_typesupport_c/dobot_msgs_v4/srv/set_output_float__type_support.cpp.o[0m
[ 24%] [32mBuilding CXX object CMakeFiles/dobot_msgs_v4__rosidl_typesupport_c.dir/rosidl_typesupport_c/dobot_msgs_v4/srv/mov_lio__type_support.cpp.o[0m
[ 24%] [32mBuilding CXX object CMakeFiles/dobot_msgs_v4__rosidl_typesupport_c.dir/rosidl_typesupport_c/dobot_msgs_v4/srv/mov_jio__type_support.cpp.o[0m
[ 24%] [32mBuilding CXX object CMakeFiles/dobot_msgs_v4__rosidl_typesupport_c.dir/rosidl_typesupport_c/dobot_msgs_v4/srv/arc__type_support.cpp.o[0m
[ 24%] [32mBuilding CXX object CMakeFiles/dobot_msgs_v4__rosidl_typesupport_c.dir/rosidl_typesupport_c/dobot_msgs_v4/srv/circle__type_support.cpp.o[0m
[ 24%] [32mBuilding CXX object CMakeFiles/dobot_msgs_v4__rosidl_typesupport_c.dir/rosidl_typesupport_c/dobot_msgs_v4/srv/rel_mov_j_tool__type_support.cpp.o[0m
[ 24%] [32mBuilding CXX object CMakeFiles/dobot_msgs_v4__rosidl_typesupport_c.dir/rosidl_typesupport_c/dobot_msgs_v4/srv/rel_mov_l_tool__type_support.cpp.o[0m
[ 24%] [32mBuilding CXX object CMakeFiles/dobot_msgs_v4__rosidl_typesupport_c.dir/rosidl_typesupport_c/dobot_msgs_v4/srv/rel_mov_j_user__type_support.cpp.o[0m
[ 25%] [32mBuilding CXX object CMakeFiles/dobot_msgs_v4__rosidl_typesupport_c.dir/rosidl_typesupport_c/dobot_msgs_v4/srv/rel_mov_l_user__type_support.cpp.o[0m
[ 25%] [32mBuilding CXX object CMakeFiles/dobot_msgs_v4__rosidl_typesupport_c.dir/rosidl_typesupport_c/dobot_msgs_v4/srv/get_current_command_id__type_support.cpp.o[0m
[ 25%] [32mBuilding CXX object CMakeFiles/dobot_msgs_v4__rosidl_typesupport_c.dir/rosidl_typesupport_c/dobot_msgs_v4/srv/servo_j__type_support.cpp.o[0m
[ 25%] [32mBuilding CXX object CMakeFiles/dobot_msgs_v4__rosidl_typesupport_c.dir/rosidl_typesupport_c/dobot_msgs_v4/srv/servo_p__type_support.cpp.o[0m
[ 25%] [32mBuilding CXX object CMakeFiles/dobot_msgs_v4__rosidl_typesupport_c.dir/rosidl_typesupport_c/dobot_msgs_v4/srv/tcp_dashboard__type_support.cpp.o[0m
[ 25%] [32mBuilding CXX object CMakeFiles/dobot_msgs_v4__rosidl_typesupport_c.dir/rosidl_typesupport_c/dobot_msgs_v4/srv/enable_ft_sensor__type_support.cpp.o[0m
[ 25%] [32mBuilding CXX object CMakeFiles/dobot_msgs_v4__rosidl_typesupport_c.dir/rosidl_typesupport_c/dobot_msgs_v4/srv/six_force_home__type_support.cpp.o[0m
[ 25%] [32mBuilding CXX object CMakeFiles/dobot_msgs_v4__rosidl_typesupport_c.dir/rosidl_typesupport_c/dobot_msgs_v4/srv/get_force__type_support.cpp.o[0m
[ 25%] [32mBuilding CXX object CMakeFiles/dobot_msgs_v4__rosidl_typesupport_c.dir/rosidl_typesupport_c/dobot_msgs_v4/srv/force_drive_mode__type_support.cpp.o[0m
[ 25%] [32mBuilding CXX object CMakeFiles/dobot_msgs_v4__rosidl_typesupport_c.dir/rosidl_typesupport_c/dobot_msgs_v4/srv/force_drive_speed__type_support.cpp.o[0m
[ 25%] [32mBuilding CXX object CMakeFiles/dobot_msgs_v4__rosidl_typesupport_c.dir/rosidl_typesupport_c/dobot_msgs_v4/srv/fc_force_mode__type_support.cpp.o[0m
[ 25%] [32mBuilding CXX object CMakeFiles/dobot_msgs_v4__rosidl_typesupport_c.dir/rosidl_typesupport_c/dobot_msgs_v4/srv/fc_set_deviation__type_support.cpp.o[0m
[ 26%] [32mBuilding CXX object CMakeFiles/dobot_msgs_v4__rosidl_typesupport_c.dir/rosidl_typesupport_c/dobot_msgs_v4/srv/fc_set_force_limit__type_support.cpp.o[0m
[ 26%] [32mBuilding CXX object CMakeFiles/dobot_msgs_v4__rosidl_typesupport_c.dir/rosidl_typesupport_c/dobot_msgs_v4/srv/fc_set_stiffness__type_support.cpp.o[0m
[ 26%] [32mBuilding CXX object CMakeFiles/dobot_msgs_v4__rosidl_typesupport_c.dir/rosidl_typesupport_c/dobot_msgs_v4/srv/fc_set_mass__type_support.cpp.o[0m
[ 26%] [32mBuilding CXX object CMakeFiles/dobot_msgs_v4__rosidl_typesupport_c.dir/rosidl_typesupport_c/dobot_msgs_v4/srv/fc_set_damping__type_support.cpp.o[0m
[ 26%] [32mBuilding CXX object CMakeFiles/dobot_msgs_v4__rosidl_typesupport_c.dir/rosidl_typesupport_c/dobot_msgs_v4/srv/fc_off__type_support.cpp.o[0m
[ 26%] [32mBuilding CXX object CMakeFiles/dobot_msgs_v4__rosidl_typesupport_c.dir/rosidl_typesupport_c/dobot_msgs_v4/srv/fc_set_force_speed_limit__type_support.cpp.o[0m
[ 26%] [32mBuilding CXX object CMakeFiles/dobot_msgs_v4__rosidl_typesupport_c.dir/rosidl_typesupport_c/dobot_msgs_v4/srv/fc_set_force__type_support.cpp.o[0m
[ 26%] [32mBuilding CXX object CMakeFiles/dobot_msgs_v4__rosidl_typesupport_c.dir/rosidl_typesupport_c/dobot_msgs_v4/srv/set_fc_collision__type_support.cpp.o[0m
[ 26%] [32mBuilding CXX object CMakeFiles/dobot_msgs_v4__rosidl_typesupport_c.dir/rosidl_typesupport_c/dobot_msgs_v4/srv/fc_collision_switch__type_support.cpp.o[0m
[ 26%] [32mBuilding CXX object CMakeFiles/dobot_msgs_v4__rosidl_typesupport_c.dir/rosidl_typesupport_c/dobot_msgs_v4/srv/set_work_zone_enable__type_support.cpp.o[0m
[ 27%] [32mBuilding CXX object CMakeFiles/dobot_msgs_v4__rosidl_typesupport_c.dir/rosidl_typesupport_c/dobot_msgs_v4/srv/get_tool_do__type_support.cpp.o[0m
[ 27%] [32mBuilding CXX object CMakeFiles/dobot_msgs_v4__rosidl_typesupport_c.dir/rosidl_typesupport_c/dobot_msgs_v4/srv/reset_robot__type_support.cpp.o[0m
[ 27%] [32mBuilding CXX object CMakeFiles/dobot_msgs_v4__rosidl_typesupport_c.dir/rosidl_typesupport_c/dobot_msgs_v4/srv/start_rt_offset__type_support.cpp.o[0m
[ 27%] [32mBuilding CXX object CMakeFiles/dobot_msgs_v4__rosidl_typesupport_c.dir/rosidl_typesupport_c/dobot_msgs_v4/srv/run_to__type_support.cpp.o[0m
[ 27%] [32mBuilding CXX object CMakeFiles/dobot_msgs_v4__rosidl_typesupport_c.dir/rosidl_typesupport_c/dobot_msgs_v4/srv/end_rt_offset__type_support.cpp.o[0m
[ 27%] [32mBuilding CXX object CMakeFiles/dobot_msgs_v4__rosidl_typesupport_c.dir/rosidl_typesupport_c/dobot_msgs_v4/srv/do_group_dec__type_support.cpp.o[0m
[ 27%] [32mBuilding CXX object CMakeFiles/dobot_msgs_v4__rosidl_typesupport_c.dir/rosidl_typesupport_c/dobot_msgs_v4/srv/get_error__type_support.cpp.o[0m
[ 27%] [32mBuilding CXX object CMakeFiles/dobot_msgs_v4__rosidl_typesupport_c.dir/rosidl_typesupport_c/dobot_msgs_v4/srv/di_group_dec__type_support.cpp.o[0m
[ 27%] [32mBuilding CXX object CMakeFiles/dobot_msgs_v4__rosidl_typesupport_c.dir/rosidl_typesupport_c/dobot_msgs_v4/srv/get_do_group_dec__type_support.cpp.o[0m
[ 27%] [32mBuilding CXX object CMakeFiles/dobot_msgs_v4__rosidl_typesupport_c.dir/rosidl_typesupport_c/dobot_msgs_v4/srv/request_control__type_support.cpp.o[0m
[ 28%] [32mBuilding CXX object CMakeFiles/dobot_msgs_v4__rosidl_typesupport_c.dir/rosidl_typesupport_c/dobot_msgs_v4/srv/check_odd_mov_l__type_support.cpp.o[0m
[ 28%] [32mBuilding CXX object CMakeFiles/dobot_msgs_v4__rosidl_typesupport_c.dir/rosidl_typesupport_c/dobot_msgs_v4/srv/check_odd_mov_j__type_support.cpp.o[0m
[ 28%] [32mBuilding CXX object CMakeFiles/dobot_msgs_v4__rosidl_typesupport_c.dir/rosidl_typesupport_c/dobot_msgs_v4/srv/check_odd_mov_c__type_support.cpp.o[0m
[ 28%] [32m[1mLinking CXX shared library libdobot_msgs_v4__rosidl_typesupport_c.so[0m
[ 28%] [32mBuilding CXX object CMakeFiles/dobot_msgs_v4__rosidl_typesupport_cpp.dir/rosidl_typesupport_cpp/dobot_msgs_v4/msg/robot_status__type_support.cpp.o[0m
[ 28%] [32mBuilding CXX object CMakeFiles/dobot_msgs_v4__rosidl_typesupport_cpp.dir/rosidl_typesupport_cpp/dobot_msgs_v4/srv/enable_robot__type_support.cpp.o[0m
[ 28%] [32mBuilding CXX object CMakeFiles/dobot_msgs_v4__rosidl_typesupport_cpp.dir/rosidl_typesupport_cpp/dobot_msgs_v4/srv/speed_factor__type_support.cpp.o[0m
[ 28%] [32mBuilding CXX object CMakeFiles/dobot_msgs_v4__rosidl_typesupport_cpp.dir/rosidl_typesupport_cpp/dobot_msgs_v4/msg/tool_vector_actual__type_support.cpp.o[0m
[ 28%] [32mBuilding CXX object CMakeFiles/dobot_msgs_v4__rosidl_typesupport_cpp.dir/rosidl_typesupport_cpp/dobot_msgs_v4/srv/disable_robot__type_support.cpp.o[0m
[ 29%] [32mBuilding CXX object CMakeFiles/dobot_msgs_v4__rosidl_typesupport_cpp.dir/rosidl_typesupport_cpp/dobot_msgs_v4/srv/clear_error__type_support.cpp.o[0m
[ 29%] [32mBuilding CXX object CMakeFiles/dobot_msgs_v4__rosidl_typesupport_cpp.dir/rosidl_typesupport_cpp/dobot_msgs_v4/srv/robot_mode__type_support.cpp.o[0m
[ 29%] [32mBuilding CXX object CMakeFiles/dobot_msgs_v4__rosidl_typesupport_cpp.dir/rosidl_typesupport_cpp/dobot_msgs_v4/srv/user__type_support.cpp.o[0m
[ 29%] [32mBuilding CXX object CMakeFiles/dobot_msgs_v4__rosidl_typesupport_cpp.dir/rosidl_typesupport_cpp/dobot_msgs_v4/srv/tool__type_support.cpp.o[0m
[ 29%] [32mBuilding CXX object CMakeFiles/dobot_msgs_v4__rosidl_typesupport_cpp.dir/rosidl_typesupport_cpp/dobot_msgs_v4/srv/set_payload__type_support.cpp.o[0m
[ 29%] [32mBuilding CXX object CMakeFiles/dobot_msgs_v4__rosidl_typesupport_cpp.dir/rosidl_typesupport_cpp/dobot_msgs_v4/srv/do__type_support.cpp.o[0m
[ 29%] Built target dobot_msgs_v4__rosidl_typesupport_c
[ 29%] [32mBuilding CXX object CMakeFiles/dobot_msgs_v4__rosidl_typesupport_cpp.dir/rosidl_typesupport_cpp/dobot_msgs_v4/srv/do_instant__type_support.cpp.o[0m
[ 29%] [32mBuilding CXX object CMakeFiles/dobot_msgs_v4__rosidl_typesupport_cpp.dir/rosidl_typesupport_cpp/dobot_msgs_v4/srv/tool_do_instant__type_support.cpp.o[0m
[ 29%] [32mBuilding CXX object CMakeFiles/dobot_msgs_v4__rosidl_typesupport_cpp.dir/rosidl_typesupport_cpp/dobot_msgs_v4/srv/tool_do__type_support.cpp.o[0m
[ 30%] [32mBuilding CXX object CMakeFiles/dobot_msgs_v4__rosidl_typesupport_cpp.dir/rosidl_typesupport_cpp/dobot_msgs_v4/srv/ao__type_support.cpp.o[0m
[ 30%] [32mBuilding CXX object CMakeFiles/dobot_msgs_v4__rosidl_typesupport_cpp.dir/rosidl_typesupport_cpp/dobot_msgs_v4/srv/ao_instant__type_support.cpp.o[0m
[ 30%] [32mBuilding CXX object CMakeFiles/dobot_msgs_v4__rosidl_typesupport_cpp.dir/rosidl_typesupport_cpp/dobot_msgs_v4/srv/acc_j__type_support.cpp.o[0m
[ 30%] [32mBuilding CXX object CMakeFiles/dobot_msgs_v4__rosidl_typesupport_cpp.dir/rosidl_typesupport_cpp/dobot_msgs_v4/srv/acc_l__type_support.cpp.o[0m
[ 30%] [32mBuilding CXX object CMakeFiles/dobot_msgs_v4__rosidl_typesupport_cpp.dir/rosidl_typesupport_cpp/dobot_msgs_v4/srv/vel_j__type_support.cpp.o[0m
[ 30%] [32mBuilding CXX object CMakeFiles/dobot_msgs_v4__rosidl_typesupport_cpp.dir/rosidl_typesupport_cpp/dobot_msgs_v4/srv/vel_l__type_support.cpp.o[0m
[ 30%] [32mBuilding CXX object CMakeFiles/dobot_msgs_v4__rosidl_typesupport_cpp.dir/rosidl_typesupport_cpp/dobot_msgs_v4/srv/cp__type_support.cpp.o[0m
[ 30%] [32mBuilding CXX object CMakeFiles/dobot_msgs_v4__rosidl_typesupport_cpp.dir/rosidl_typesupport_cpp/dobot_msgs_v4/srv/power_on__type_support.cpp.o[0m
[ 30%] [32mBuilding CXX object CMakeFiles/dobot_msgs_v4__rosidl_typesupport_cpp.dir/rosidl_typesupport_cpp/dobot_msgs_v4/srv/run_script__type_support.cpp.o[0m
[ 30%] [32mBuilding CXX object CMakeFiles/dobot_msgs_v4__rosidl_typesupport_cpp.dir/rosidl_typesupport_cpp/dobot_msgs_v4/srv/stop__type_support.cpp.o[0m
[ 30%] [32mBuilding CXX object CMakeFiles/dobot_msgs_v4__rosidl_typesupport_cpp.dir/rosidl_typesupport_cpp/dobot_msgs_v4/srv/continue__type_support.cpp.o[0m
[ 31%] [32mBuilding CXX object CMakeFiles/dobot_msgs_v4__rosidl_typesupport_cpp.dir/rosidl_typesupport_cpp/dobot_msgs_v4/srv/pause__type_support.cpp.o[0m
[ 31%] [32mBuilding CXX object CMakeFiles/dobot_msgs_v4__rosidl_typesupport_cpp.dir/rosidl_typesupport_cpp/dobot_msgs_v4/srv/positive_kin__type_support.cpp.o[0m
[ 31%] [32mBuilding CXX object CMakeFiles/dobot_msgs_v4__rosidl_typesupport_cpp.dir/rosidl_typesupport_cpp/dobot_msgs_v4/srv/inverse_kin__type_support.cpp.o[0m
[ 31%] [32mBuilding CXX object CMakeFiles/dobot_msgs_v4__rosidl_typesupport_cpp.dir/rosidl_typesupport_cpp/dobot_msgs_v4/srv/set_collision_level__type_support.cpp.o[0m
[ 31%] [32mBuilding CXX object CMakeFiles/dobot_msgs_v4__rosidl_typesupport_cpp.dir/rosidl_typesupport_cpp/dobot_msgs_v4/srv/get_angle__type_support.cpp.o[0m
[ 31%] [32mBuilding CXX object CMakeFiles/dobot_msgs_v4__rosidl_typesupport_cpp.dir/rosidl_typesupport_cpp/dobot_msgs_v4/srv/get_pose__type_support.cpp.o[0m
[ 31%] [32mBuilding CXX object CMakeFiles/dobot_msgs_v4__rosidl_typesupport_cpp.dir/rosidl_typesupport_cpp/dobot_msgs_v4/srv/emergency_stop__type_support.cpp.o[0m
[ 31%] [32mBuilding CXX object CMakeFiles/dobot_msgs_v4__rosidl_typesupport_cpp.dir/rosidl_typesupport_cpp/dobot_msgs_v4/srv/modbus_rtu_create__type_support.cpp.o[0m
[ 31%] [32mBuilding CXX object CMakeFiles/dobot_msgs_v4__rosidl_typesupport_cpp.dir/rosidl_typesupport_cpp/dobot_msgs_v4/srv/modbus_create__type_support.cpp.o[0m
[ 31%] [32mBuilding CXX object CMakeFiles/dobot_msgs_v4__rosidl_typesupport_cpp.dir/rosidl_typesupport_cpp/dobot_msgs_v4/srv/modbus_close__type_support.cpp.o[0m
[ 32%] [32mBuilding CXX object CMakeFiles/dobot_msgs_v4__rosidl_typesupport_cpp.dir/rosidl_typesupport_cpp/dobot_msgs_v4/srv/get_in_bits__type_support.cpp.o[0m
[ 32%] [32mBuilding CXX object CMakeFiles/dobot_msgs_v4__rosidl_typesupport_cpp.dir/rosidl_typesupport_cpp/dobot_msgs_v4/srv/get_in_regs__type_support.cpp.o[0m
[ 32%] [32mBuilding CXX object CMakeFiles/dobot_msgs_v4__rosidl_typesupport_cpp.dir/rosidl_typesupport_cpp/dobot_msgs_v4/srv/get_coils__type_support.cpp.o[0m
[ 32%] [32mBuilding CXX object CMakeFiles/dobot_msgs_v4__rosidl_typesupport_cpp.dir/rosidl_typesupport_cpp/dobot_msgs_v4/srv/get_hold_regs__type_support.cpp.o[0m
[ 32%] [32mBuilding CXX object CMakeFiles/dobot_msgs_v4__rosidl_typesupport_cpp.dir/rosidl_typesupport_cpp/dobot_msgs_v4/srv/set_coils__type_support.cpp.o[0m
[ 32%] [32mBuilding CXX object CMakeFiles/dobot_msgs_v4__rosidl_typesupport_cpp.dir/rosidl_typesupport_cpp/dobot_msgs_v4/srv/set_hold_regs__type_support.cpp.o[0m
[ 32%] [32mBuilding CXX object CMakeFiles/dobot_msgs_v4__rosidl_typesupport_cpp.dir/rosidl_typesupport_cpp/dobot_msgs_v4/srv/set_safe_skin__type_support.cpp.o[0m
[ 32%] [32mBuilding CXX object CMakeFiles/dobot_msgs_v4__rosidl_typesupport_cpp.dir/rosidl_typesupport_cpp/dobot_msgs_v4/srv/mov_j__type_support.cpp.o[0m
[ 32%] [32mBuilding CXX object CMakeFiles/dobot_msgs_v4__rosidl_typesupport_cpp.dir/rosidl_typesupport_cpp/dobot_msgs_v4/srv/mov_l__type_support.cpp.o[0m
[ 32%] [32mBuilding CXX object CMakeFiles/dobot_msgs_v4__rosidl_typesupport_cpp.dir/rosidl_typesupport_cpp/dobot_msgs_v4/srv/rel_joint_mov_j__type_support.cpp.o[0m
[ 33%] [32mBuilding CXX object CMakeFiles/dobot_msgs_v4__rosidl_typesupport_cpp.dir/rosidl_typesupport_cpp/dobot_msgs_v4/srv/move_jog__type_support.cpp.o[0m
[ 33%] [32mBuilding CXX object CMakeFiles/dobot_msgs_v4__rosidl_typesupport_cpp.dir/rosidl_typesupport_cpp/dobot_msgs_v4/srv/stop_move_jog__type_support.cpp.o[0m
[ 33%] [32mBuilding CXX object CMakeFiles/dobot_msgs_v4__rosidl_typesupport_cpp.dir/rosidl_typesupport_cpp/dobot_msgs_v4/srv/do_group__type_support.cpp.o[0m
[ 33%] [32mBuilding CXX object CMakeFiles/dobot_msgs_v4__rosidl_typesupport_cpp.dir/rosidl_typesupport_cpp/dobot_msgs_v4/srv/brake_control__type_support.cpp.o[0m
[ 33%] [32mBuilding CXX object CMakeFiles/dobot_msgs_v4__rosidl_typesupport_cpp.dir/rosidl_typesupport_cpp/dobot_msgs_v4/srv/start_drag__type_support.cpp.o[0m
[ 33%] [32mBuilding CXX object CMakeFiles/dobot_msgs_v4__rosidl_typesupport_cpp.dir/rosidl_typesupport_cpp/dobot_msgs_v4/srv/enable_safe_skin__type_support.cpp.o[0m
[ 33%] [32mBuilding CXX object CMakeFiles/dobot_msgs_v4__rosidl_typesupport_cpp.dir/rosidl_typesupport_cpp/dobot_msgs_v4/srv/get_start_pose__type_support.cpp.o[0m
[ 33%] [32mBuilding CXX object CMakeFiles/dobot_msgs_v4__rosidl_typesupport_cpp.dir/rosidl_typesupport_cpp/dobot_msgs_v4/srv/start_path__type_support.cpp.o[0m
[ 33%] [32mBuilding CXX object CMakeFiles/dobot_msgs_v4__rosidl_typesupport_cpp.dir/rosidl_typesupport_cpp/dobot_msgs_v4/srv/inverse_solution__type_support.cpp.o[0m
[ 33%] [32mBuilding CXX object CMakeFiles/dobot_msgs_v4__rosidl_typesupport_cpp.dir/rosidl_typesupport_cpp/dobot_msgs_v4/srv/get_error_id__type_support.cpp.o[0m
[ 34%] [32mBuilding CXX object CMakeFiles/dobot_msgs_v4__rosidl_typesupport_cpp.dir/rosidl_typesupport_cpp/dobot_msgs_v4/srv/di__type_support.cpp.o[0m
[ 34%] [32mBuilding CXX object CMakeFiles/dobot_msgs_v4__rosidl_typesupport_cpp.dir/rosidl_typesupport_cpp/dobot_msgs_v4/srv/tool_di__type_support.cpp.o[0m
[ 34%] [32mBuilding CXX object CMakeFiles/dobot_msgs_v4__rosidl_typesupport_cpp.dir/rosidl_typesupport_cpp/dobot_msgs_v4/srv/ai__type_support.cpp.o[0m
[ 34%] [32mBuilding CXX object CMakeFiles/dobot_msgs_v4__rosidl_typesupport_cpp.dir/rosidl_typesupport_cpp/dobot_msgs_v4/srv/tool_ai__type_support.cpp.o[0m
[ 34%] [32mBuilding CXX object CMakeFiles/dobot_msgs_v4__rosidl_typesupport_cpp.dir/rosidl_typesupport_cpp/dobot_msgs_v4/srv/di_group__type_support.cpp.o[0m
[ 34%] [32mBuilding CXX object CMakeFiles/dobot_msgs_v4__rosidl_typesupport_cpp.dir/rosidl_typesupport_cpp/dobot_msgs_v4/srv/stop_drag__type_support.cpp.o[0m
[ 34%] [32mBuilding CXX object CMakeFiles/dobot_msgs_v4__rosidl_typesupport_cpp.dir/rosidl_typesupport_cpp/dobot_msgs_v4/srv/drag_sensivity__type_support.cpp.o[0m
[ 34%] [32mBuilding CXX object CMakeFiles/dobot_msgs_v4__rosidl_typesupport_cpp.dir/rosidl_typesupport_cpp/dobot_msgs_v4/srv/get_do__type_support.cpp.o[0m
[ 34%] [32mBuilding CXX object CMakeFiles/dobot_msgs_v4__rosidl_typesupport_cpp.dir/rosidl_typesupport_cpp/dobot_msgs_v4/srv/get_ao__type_support.cpp.o[0m
[ 34%] [32mBuilding CXX object CMakeFiles/dobot_msgs_v4__rosidl_typesupport_cpp.dir/rosidl_typesupport_cpp/dobot_msgs_v4/srv/get_do_group__type_support.cpp.o[0m
[ 34%] [32mBuilding CXX object CMakeFiles/dobot_msgs_v4__rosidl_typesupport_cpp.dir/rosidl_typesupport_cpp/dobot_msgs_v4/srv/set_tool485__type_support.cpp.o[0m
[ 35%] [32mBuilding CXX object CMakeFiles/dobot_msgs_v4__rosidl_typesupport_cpp.dir/rosidl_typesupport_cpp/dobot_msgs_v4/srv/set_safe_wall_enable__type_support.cpp.o[0m
[ 35%] [32mBuilding CXX object CMakeFiles/dobot_msgs_v4__rosidl_typesupport_cpp.dir/rosidl_typesupport_cpp/dobot_msgs_v4/srv/set_tool_power__type_support.cpp.o[0m
[ 35%] [32mBuilding CXX object CMakeFiles/dobot_msgs_v4__rosidl_typesupport_cpp.dir/rosidl_typesupport_cpp/dobot_msgs_v4/srv/set_tool_mode__type_support.cpp.o[0m
[ 35%] [32mBuilding CXX object CMakeFiles/dobot_msgs_v4__rosidl_typesupport_cpp.dir/rosidl_typesupport_cpp/dobot_msgs_v4/srv/set_back_distance__type_support.cpp.o[0m
[ 35%] [32mBuilding CXX object CMakeFiles/dobot_msgs_v4__rosidl_typesupport_cpp.dir/rosidl_typesupport_cpp/dobot_msgs_v4/srv/set_post_collision_mode__type_support.cpp.o[0m
[ 35%] [32mBuilding CXX object CMakeFiles/dobot_msgs_v4__rosidl_typesupport_cpp.dir/rosidl_typesupport_cpp/dobot_msgs_v4/srv/set_user__type_support.cpp.o[0m
[ 35%] [32mBuilding CXX object CMakeFiles/dobot_msgs_v4__rosidl_typesupport_cpp.dir/rosidl_typesupport_cpp/dobot_msgs_v4/srv/set_tool__type_support.cpp.o[0m
[ 35%] [32mBuilding CXX object CMakeFiles/dobot_msgs_v4__rosidl_typesupport_cpp.dir/rosidl_typesupport_cpp/dobot_msgs_v4/srv/calc_user__type_support.cpp.o[0m
[ 35%] [32mBuilding CXX object CMakeFiles/dobot_msgs_v4__rosidl_typesupport_cpp.dir/rosidl_typesupport_cpp/dobot_msgs_v4/srv/calc_tool__type_support.cpp.o[0m
[ 35%] [32mBuilding CXX object CMakeFiles/dobot_msgs_v4__rosidl_typesupport_cpp.dir/rosidl_typesupport_cpp/dobot_msgs_v4/srv/get_input_bool__type_support.cpp.o[0m
[ 36%] [32mBuilding CXX object CMakeFiles/dobot_msgs_v4__rosidl_typesupport_cpp.dir/rosidl_typesupport_cpp/dobot_msgs_v4/srv/get_input_int__type_support.cpp.o[0m
[ 36%] [32mBuilding CXX object CMakeFiles/dobot_msgs_v4__rosidl_typesupport_cpp.dir/rosidl_typesupport_cpp/dobot_msgs_v4/srv/get_input_float__type_support.cpp.o[0m
[ 36%] [32mBuilding CXX object CMakeFiles/dobot_msgs_v4__rosidl_typesupport_cpp.dir/rosidl_typesupport_cpp/dobot_msgs_v4/srv/get_output_bool__type_support.cpp.o[0m
[ 36%] [32mBuilding CXX object CMakeFiles/dobot_msgs_v4__rosidl_typesupport_cpp.dir/rosidl_typesupport_cpp/dobot_msgs_v4/srv/get_output_int__type_support.cpp.o[0m
[ 36%] [32mBuilding CXX object CMakeFiles/dobot_msgs_v4__rosidl_typesupport_cpp.dir/rosidl_typesupport_cpp/dobot_msgs_v4/srv/get_output_float__type_support.cpp.o[0m
[ 36%] [32mBuilding CXX object CMakeFiles/dobot_msgs_v4__rosidl_typesupport_cpp.dir/rosidl_typesupport_cpp/dobot_msgs_v4/srv/set_output_bool__type_support.cpp.o[0m
[ 36%] [32mBuilding CXX object CMakeFiles/dobot_msgs_v4__rosidl_typesupport_cpp.dir/rosidl_typesupport_cpp/dobot_msgs_v4/srv/set_output_int__type_support.cpp.o[0m
[ 36%] [32mBuilding CXX object CMakeFiles/dobot_msgs_v4__rosidl_typesupport_cpp.dir/rosidl_typesupport_cpp/dobot_msgs_v4/srv/set_output_float__type_support.cpp.o[0m
[ 36%] [32mBuilding CXX object CMakeFiles/dobot_msgs_v4__rosidl_typesupport_cpp.dir/rosidl_typesupport_cpp/dobot_msgs_v4/srv/mov_lio__type_support.cpp.o[0m
[ 36%] [32mBuilding CXX object CMakeFiles/dobot_msgs_v4__rosidl_typesupport_cpp.dir/rosidl_typesupport_cpp/dobot_msgs_v4/srv/mov_jio__type_support.cpp.o[0m
[ 37%] [32mBuilding CXX object CMakeFiles/dobot_msgs_v4__rosidl_typesupport_cpp.dir/rosidl_typesupport_cpp/dobot_msgs_v4/srv/arc__type_support.cpp.o[0m
[ 37%] [32mBuilding CXX object CMakeFiles/dobot_msgs_v4__rosidl_typesupport_cpp.dir/rosidl_typesupport_cpp/dobot_msgs_v4/srv/circle__type_support.cpp.o[0m
[ 37%] [32mBuilding CXX object CMakeFiles/dobot_msgs_v4__rosidl_typesupport_cpp.dir/rosidl_typesupport_cpp/dobot_msgs_v4/srv/rel_mov_j_tool__type_support.cpp.o[0m
[ 37%] [32mBuilding CXX object CMakeFiles/dobot_msgs_v4__rosidl_typesupport_cpp.dir/rosidl_typesupport_cpp/dobot_msgs_v4/srv/rel_mov_l_tool__type_support.cpp.o[0m
[ 37%] [32mBuilding CXX object CMakeFiles/dobot_msgs_v4__rosidl_typesupport_cpp.dir/rosidl_typesupport_cpp/dobot_msgs_v4/srv/rel_mov_j_user__type_support.cpp.o[0m
[ 37%] [32mBuilding CXX object CMakeFiles/dobot_msgs_v4__rosidl_typesupport_cpp.dir/rosidl_typesupport_cpp/dobot_msgs_v4/srv/rel_mov_l_user__type_support.cpp.o[0m
[ 37%] [32mBuilding CXX object CMakeFiles/dobot_msgs_v4__rosidl_typesupport_cpp.dir/rosidl_typesupport_cpp/dobot_msgs_v4/srv/get_current_command_id__type_support.cpp.o[0m
[ 37%] [32mBuilding CXX object CMakeFiles/dobot_msgs_v4__rosidl_typesupport_cpp.dir/rosidl_typesupport_cpp/dobot_msgs_v4/srv/servo_j__type_support.cpp.o[0m
[ 37%] [32mBuilding CXX object CMakeFiles/dobot_msgs_v4__rosidl_typesupport_cpp.dir/rosidl_typesupport_cpp/dobot_msgs_v4/srv/servo_p__type_support.cpp.o[0m
[ 37%] [32mBuilding CXX object CMakeFiles/dobot_msgs_v4__rosidl_typesupport_cpp.dir/rosidl_typesupport_cpp/dobot_msgs_v4/srv/tcp_dashboard__type_support.cpp.o[0m
[ 37%] [32mBuilding CXX object CMakeFiles/dobot_msgs_v4__rosidl_typesupport_cpp.dir/rosidl_typesupport_cpp/dobot_msgs_v4/srv/enable_ft_sensor__type_support.cpp.o[0m
[ 38%] [32mBuilding CXX object CMakeFiles/dobot_msgs_v4__rosidl_typesupport_cpp.dir/rosidl_typesupport_cpp/dobot_msgs_v4/srv/six_force_home__type_support.cpp.o[0m
[ 38%] [32mBuilding CXX object CMakeFiles/dobot_msgs_v4__rosidl_typesupport_cpp.dir/rosidl_typesupport_cpp/dobot_msgs_v4/srv/get_force__type_support.cpp.o[0m
[ 38%] [32mBuilding CXX object CMakeFiles/dobot_msgs_v4__rosidl_typesupport_cpp.dir/rosidl_typesupport_cpp/dobot_msgs_v4/srv/force_drive_mode__type_support.cpp.o[0m
[ 38%] [32mBuilding CXX object CMakeFiles/dobot_msgs_v4__rosidl_typesupport_cpp.dir/rosidl_typesupport_cpp/dobot_msgs_v4/srv/force_drive_speed__type_support.cpp.o[0m
[ 38%] [32mBuilding CXX object CMakeFiles/dobot_msgs_v4__rosidl_typesupport_cpp.dir/rosidl_typesupport_cpp/dobot_msgs_v4/srv/fc_force_mode__type_support.cpp.o[0m
[ 38%] [32mBuilding CXX object CMakeFiles/dobot_msgs_v4__rosidl_typesupport_cpp.dir/rosidl_typesupport_cpp/dobot_msgs_v4/srv/fc_set_deviation__type_support.cpp.o[0m
[ 38%] [32mBuilding CXX object CMakeFiles/dobot_msgs_v4__rosidl_typesupport_cpp.dir/rosidl_typesupport_cpp/dobot_msgs_v4/srv/fc_set_force_limit__type_support.cpp.o[0m
[ 38%] [32mBuilding CXX object CMakeFiles/dobot_msgs_v4__rosidl_typesupport_cpp.dir/rosidl_typesupport_cpp/dobot_msgs_v4/srv/fc_set_mass__type_support.cpp.o[0m
[ 38%] [32mBuilding CXX object CMakeFiles/dobot_msgs_v4__rosidl_typesupport_cpp.dir/rosidl_typesupport_cpp/dobot_msgs_v4/srv/fc_set_stiffness__type_support.cpp.o[0m
[ 38%] [32mBuilding CXX object CMakeFiles/dobot_msgs_v4__rosidl_typesupport_cpp.dir/rosidl_typesupport_cpp/dobot_msgs_v4/srv/fc_set_damping__type_support.cpp.o[0m
[ 39%] [32mBuilding CXX object CMakeFiles/dobot_msgs_v4__rosidl_typesupport_cpp.dir/rosidl_typesupport_cpp/dobot_msgs_v4/srv/fc_off__type_support.cpp.o[0m
[ 39%] [32mBuilding CXX object CMakeFiles/dobot_msgs_v4__rosidl_typesupport_cpp.dir/rosidl_typesupport_cpp/dobot_msgs_v4/srv/fc_set_force_speed_limit__type_support.cpp.o[0m
[ 39%] [32mBuilding CXX object CMakeFiles/dobot_msgs_v4__rosidl_typesupport_cpp.dir/rosidl_typesupport_cpp/dobot_msgs_v4/srv/fc_set_force__type_support.cpp.o[0m
[ 39%] [32mBuilding CXX object CMakeFiles/dobot_msgs_v4__rosidl_typesupport_cpp.dir/rosidl_typesupport_cpp/dobot_msgs_v4/srv/set_fc_collision__type_support.cpp.o[0m
[ 39%] [32mBuilding CXX object CMakeFiles/dobot_msgs_v4__rosidl_typesupport_cpp.dir/rosidl_typesupport_cpp/dobot_msgs_v4/srv/fc_collision_switch__type_support.cpp.o[0m
[ 39%] [32mBuilding CXX object CMakeFiles/dobot_msgs_v4__rosidl_typesupport_cpp.dir/rosidl_typesupport_cpp/dobot_msgs_v4/srv/set_work_zone_enable__type_support.cpp.o[0m
[ 39%] [32mBuilding CXX object CMakeFiles/dobot_msgs_v4__rosidl_typesupport_cpp.dir/rosidl_typesupport_cpp/dobot_msgs_v4/srv/get_tool_do__type_support.cpp.o[0m
[ 39%] [32mBuilding CXX object CMakeFiles/dobot_msgs_v4__rosidl_typesupport_cpp.dir/rosidl_typesupport_cpp/dobot_msgs_v4/srv/reset_robot__type_support.cpp.o[0m
[ 39%] [32mBuilding CXX object CMakeFiles/dobot_msgs_v4__rosidl_typesupport_cpp.dir/rosidl_typesupport_cpp/dobot_msgs_v4/srv/run_to__type_support.cpp.o[0m
[ 39%] [32mBuilding CXX object CMakeFiles/dobot_msgs_v4__rosidl_typesupport_cpp.dir/rosidl_typesupport_cpp/dobot_msgs_v4/srv/start_rt_offset__type_support.cpp.o[0m
[ 40%] [32mBuilding CXX object CMakeFiles/dobot_msgs_v4__rosidl_typesupport_cpp.dir/rosidl_typesupport_cpp/dobot_msgs_v4/srv/end_rt_offset__type_support.cpp.o[0m
[ 40%] [32mBuilding CXX object CMakeFiles/dobot_msgs_v4__rosidl_typesupport_cpp.dir/rosidl_typesupport_cpp/dobot_msgs_v4/srv/get_error__type_support.cpp.o[0m
[ 40%] [32mBuilding CXX object CMakeFiles/dobot_msgs_v4__rosidl_typesupport_cpp.dir/rosidl_typesupport_cpp/dobot_msgs_v4/srv/do_group_dec__type_support.cpp.o[0m
[ 40%] [32mBuilding CXX object CMakeFiles/dobot_msgs_v4__rosidl_typesupport_cpp.dir/rosidl_typesupport_cpp/dobot_msgs_v4/srv/get_do_group_dec__type_support.cpp.o[0m
[ 40%] [32mBuilding CXX object CMakeFiles/dobot_msgs_v4__rosidl_typesupport_introspection_cpp.dir/rosidl_typesupport_introspection_cpp/dobot_msgs_v4/msg/detail/robot_status__type_support.cpp.o[0m
[ 40%] [32mBuilding CXX object CMakeFiles/dobot_msgs_v4__rosidl_typesupport_introspection_cpp.dir/rosidl_typesupport_introspection_cpp/dobot_msgs_v4/msg/detail/tool_vector_actual__type_support.cpp.o[0m
[ 40%] [32mBuilding CXX object CMakeFiles/dobot_msgs_v4__rosidl_typesupport_introspection_cpp.dir/rosidl_typesupport_introspection_cpp/dobot_msgs_v4/srv/detail/enable_robot__type_support.cpp.o[0m
[ 40%] [32mBuilding CXX object CMakeFiles/dobot_msgs_v4__rosidl_typesupport_introspection_cpp.dir/rosidl_typesupport_introspection_cpp/dobot_msgs_v4/srv/detail/disable_robot__type_support.cpp.o[0m
[ 40%] [32mBuilding CXX object CMakeFiles/dobot_msgs_v4__rosidl_typesupport_cpp.dir/rosidl_typesupport_cpp/dobot_msgs_v4/srv/di_group_dec__type_support.cpp.o[0m
[ 41%] [32mBuilding CXX object CMakeFiles/dobot_msgs_v4__rosidl_typesupport_introspection_cpp.dir/rosidl_typesupport_introspection_cpp/dobot_msgs_v4/srv/detail/clear_error__type_support.cpp.o[0m
[ 41%] [32mBuilding CXX object CMakeFiles/dobot_msgs_v4__rosidl_typesupport_introspection_cpp.dir/rosidl_typesupport_introspection_cpp/dobot_msgs_v4/srv/detail/speed_factor__type_support.cpp.o[0m
[ 41%] [32mBuilding CXX object CMakeFiles/dobot_msgs_v4__rosidl_typesupport_cpp.dir/rosidl_typesupport_cpp/dobot_msgs_v4/srv/request_control__type_support.cpp.o[0m
[ 41%] [32mBuilding CXX object CMakeFiles/dobot_msgs_v4__rosidl_typesupport_introspection_cpp.dir/rosidl_typesupport_introspection_cpp/dobot_msgs_v4/srv/detail/user__type_support.cpp.o[0m
[ 41%] [32mBuilding CXX object CMakeFiles/dobot_msgs_v4__rosidl_typesupport_cpp.dir/rosidl_typesupport_cpp/dobot_msgs_v4/srv/check_odd_mov_l__type_support.cpp.o[0m
[ 41%] [32mBuilding CXX object CMakeFiles/dobot_msgs_v4__rosidl_typesupport_introspection_cpp.dir/rosidl_typesupport_introspection_cpp/dobot_msgs_v4/srv/detail/tool__type_support.cpp.o[0m
[ 41%] [32mBuilding CXX object CMakeFiles/dobot_msgs_v4__rosidl_typesupport_cpp.dir/rosidl_typesupport_cpp/dobot_msgs_v4/srv/check_odd_mov_j__type_support.cpp.o[0m
[ 41%] [32mBuilding CXX object CMakeFiles/dobot_msgs_v4__rosidl_typesupport_introspection_cpp.dir/rosidl_typesupport_introspection_cpp/dobot_msgs_v4/srv/detail/robot_mode__type_support.cpp.o[0m
[ 41%] [32mBuilding CXX object CMakeFiles/dobot_msgs_v4__rosidl_typesupport_cpp.dir/rosidl_typesupport_cpp/dobot_msgs_v4/srv/check_odd_mov_c__type_support.cpp.o[0m
[ 41%] [32mBuilding CXX object CMakeFiles/dobot_msgs_v4__rosidl_typesupport_introspection_cpp.dir/rosidl_typesupport_introspection_cpp/dobot_msgs_v4/srv/detail/set_payload__type_support.cpp.o[0m
[ 41%] [32mBuilding CXX object CMakeFiles/dobot_msgs_v4__rosidl_typesupport_introspection_cpp.dir/rosidl_typesupport_introspection_cpp/dobot_msgs_v4/srv/detail/do__type_support.cpp.o[0m
[ 41%] [32mBuilding CXX object CMakeFiles/dobot_msgs_v4__rosidl_typesupport_introspection_cpp.dir/rosidl_typesupport_introspection_cpp/dobot_msgs_v4/srv/detail/do_instant__type_support.cpp.o[0m
[ 41%] [32mBuilding CXX object CMakeFiles/dobot_msgs_v4__rosidl_typesupport_introspection_cpp.dir/rosidl_typesupport_introspection_cpp/dobot_msgs_v4/srv/detail/tool_do__type_support.cpp.o[0m
[ 41%] [32mBuilding CXX object CMakeFiles/dobot_msgs_v4__rosidl_typesupport_introspection_cpp.dir/rosidl_typesupport_introspection_cpp/dobot_msgs_v4/srv/detail/tool_do_instant__type_support.cpp.o[0m
[ 42%] [32mBuilding CXX object CMakeFiles/dobot_msgs_v4__rosidl_typesupport_introspection_cpp.dir/rosidl_typesupport_introspection_cpp/dobot_msgs_v4/srv/detail/ao__type_support.cpp.o[0m
[ 42%] [32mBuilding CXX object CMakeFiles/dobot_msgs_v4__rosidl_typesupport_introspection_cpp.dir/rosidl_typesupport_introspection_cpp/dobot_msgs_v4/srv/detail/ao_instant__type_support.cpp.o[0m
[ 42%] [32mBuilding CXX object CMakeFiles/dobot_msgs_v4__rosidl_typesupport_introspection_cpp.dir/rosidl_typesupport_introspection_cpp/dobot_msgs_v4/srv/detail/acc_j__type_support.cpp.o[0m
[ 42%] [32mBuilding CXX object CMakeFiles/dobot_msgs_v4__rosidl_typesupport_introspection_cpp.dir/rosidl_typesupport_introspection_cpp/dobot_msgs_v4/srv/detail/acc_l__type_support.cpp.o[0m
[ 42%] [32mBuilding CXX object CMakeFiles/dobot_msgs_v4__rosidl_typesupport_introspection_cpp.dir/rosidl_typesupport_introspection_cpp/dobot_msgs_v4/srv/detail/vel_j__type_support.cpp.o[0m
[ 42%] [32mBuilding CXX object CMakeFiles/dobot_msgs_v4__rosidl_typesupport_introspection_cpp.dir/rosidl_typesupport_introspection_cpp/dobot_msgs_v4/srv/detail/vel_l__type_support.cpp.o[0m
[ 42%] [32m[1mLinking CXX shared library libdobot_msgs_v4__rosidl_typesupport_cpp.so[0m
[ 42%] [32mBuilding CXX object CMakeFiles/dobot_msgs_v4__rosidl_typesupport_introspection_cpp.dir/rosidl_typesupport_introspection_cpp/dobot_msgs_v4/srv/detail/cp__type_support.cpp.o[0m
[ 42%] [32mBuilding CXX object CMakeFiles/dobot_msgs_v4__rosidl_typesupport_introspection_cpp.dir/rosidl_typesupport_introspection_cpp/dobot_msgs_v4/srv/detail/power_on__type_support.cpp.o[0m
[ 42%] [32mBuilding CXX object CMakeFiles/dobot_msgs_v4__rosidl_typesupport_introspection_cpp.dir/rosidl_typesupport_introspection_cpp/dobot_msgs_v4/srv/detail/run_script__type_support.cpp.o[0m
[ 42%] Built target dobot_msgs_v4__rosidl_typesupport_cpp
[ 42%] [32mBuilding CXX object CMakeFiles/dobot_msgs_v4__rosidl_typesupport_introspection_cpp.dir/rosidl_typesupport_introspection_cpp/dobot_msgs_v4/srv/detail/stop__type_support.cpp.o[0m
[ 43%] [32mBuilding CXX object CMakeFiles/dobot_msgs_v4__rosidl_typesupport_introspection_cpp.dir/rosidl_typesupport_introspection_cpp/dobot_msgs_v4/srv/detail/pause__type_support.cpp.o[0m
[ 43%] [32mBuilding CXX object CMakeFiles/dobot_msgs_v4__rosidl_typesupport_introspection_cpp.dir/rosidl_typesupport_introspection_cpp/dobot_msgs_v4/srv/detail/continue__type_support.cpp.o[0m
[ 43%] [32mBuilding CXX object CMakeFiles/dobot_msgs_v4__rosidl_typesupport_introspection_cpp.dir/rosidl_typesupport_introspection_cpp/dobot_msgs_v4/srv/detail/positive_kin__type_support.cpp.o[0m
[ 43%] [32mBuilding CXX object CMakeFiles/dobot_msgs_v4__rosidl_typesupport_introspection_cpp.dir/rosidl_typesupport_introspection_cpp/dobot_msgs_v4/srv/detail/inverse_kin__type_support.cpp.o[0m
[ 43%] [32mBuilding CXX object CMakeFiles/dobot_msgs_v4__rosidl_typesupport_introspection_cpp.dir/rosidl_typesupport_introspection_cpp/dobot_msgs_v4/srv/detail/set_collision_level__type_support.cpp.o[0m
[ 43%] [32mBuilding CXX object CMakeFiles/dobot_msgs_v4__rosidl_typesupport_introspection_cpp.dir/rosidl_typesupport_introspection_cpp/dobot_msgs_v4/srv/detail/get_angle__type_support.cpp.o[0m
[ 43%] [32mBuilding CXX object CMakeFiles/dobot_msgs_v4__rosidl_typesupport_introspection_cpp.dir/rosidl_typesupport_introspection_cpp/dobot_msgs_v4/srv/detail/get_pose__type_support.cpp.o[0m
[ 43%] [32mBuilding CXX object CMakeFiles/dobot_msgs_v4__rosidl_typesupport_introspection_cpp.dir/rosidl_typesupport_introspection_cpp/dobot_msgs_v4/srv/detail/emergency_stop__type_support.cpp.o[0m
[ 43%] [32mBuilding CXX object CMakeFiles/dobot_msgs_v4__rosidl_typesupport_introspection_cpp.dir/rosidl_typesupport_introspection_cpp/dobot_msgs_v4/srv/detail/modbus_rtu_create__type_support.cpp.o[0m
[ 43%] [32mBuilding CXX object CMakeFiles/dobot_msgs_v4__rosidl_typesupport_introspection_cpp.dir/rosidl_typesupport_introspection_cpp/dobot_msgs_v4/srv/detail/modbus_create__type_support.cpp.o[0m
[ 43%] [32mBuilding CXX object CMakeFiles/dobot_msgs_v4__rosidl_typesupport_introspection_cpp.dir/rosidl_typesupport_introspection_cpp/dobot_msgs_v4/srv/detail/modbus_close__type_support.cpp.o[0m
[ 44%] [32mBuilding CXX object CMakeFiles/dobot_msgs_v4__rosidl_typesupport_introspection_cpp.dir/rosidl_typesupport_introspection_cpp/dobot_msgs_v4/srv/detail/get_in_bits__type_support.cpp.o[0m
[ 44%] [32mBuilding CXX object CMakeFiles/dobot_msgs_v4__rosidl_typesupport_introspection_cpp.dir/rosidl_typesupport_introspection_cpp/dobot_msgs_v4/srv/detail/get_in_regs__type_support.cpp.o[0m
[ 44%] [32mBuilding CXX object CMakeFiles/dobot_msgs_v4__rosidl_typesupport_introspection_cpp.dir/rosidl_typesupport_introspection_cpp/dobot_msgs_v4/srv/detail/get_coils__type_support.cpp.o[0m
[ 44%] [32mBuilding C object CMakeFiles/dobot_msgs_v4__rosidl_typesupport_introspection_c.dir/rosidl_typesupport_introspection_c/dobot_msgs_v4/msg/detail/robot_status__type_support.c.o[0m
[ 44%] [32mBuilding C object CMakeFiles/dobot_msgs_v4__rosidl_typesupport_introspection_c.dir/rosidl_typesupport_introspection_c/dobot_msgs_v4/msg/detail/tool_vector_actual__type_support.c.o[0m
[ 44%] [32mBuilding C object CMakeFiles/dobot_msgs_v4__rosidl_typesupport_introspection_c.dir/rosidl_typesupport_introspection_c/dobot_msgs_v4/srv/detail/enable_robot__type_support.c.o[0m
[ 44%] [32mBuilding C object CMakeFiles/dobot_msgs_v4__rosidl_typesupport_introspection_c.dir/rosidl_typesupport_introspection_c/dobot_msgs_v4/srv/detail/disable_robot__type_support.c.o[0m
[ 44%] [32mBuilding CXX object CMakeFiles/dobot_msgs_v4__rosidl_typesupport_introspection_cpp.dir/rosidl_typesupport_introspection_cpp/dobot_msgs_v4/srv/detail/set_coils__type_support.cpp.o[0m
[ 44%] [32mBuilding C object CMakeFiles/dobot_msgs_v4__rosidl_typesupport_introspection_c.dir/rosidl_typesupport_introspection_c/dobot_msgs_v4/srv/detail/clear_error__type_support.c.o[0m
[ 44%] [32mBuilding C object CMakeFiles/dobot_msgs_v4__rosidl_typesupport_introspection_c.dir/rosidl_typesupport_introspection_c/dobot_msgs_v4/srv/detail/speed_factor__type_support.c.o[0m
[ 44%] [32mBuilding C object CMakeFiles/dobot_msgs_v4__rosidl_typesupport_introspection_c.dir/rosidl_typesupport_introspection_c/dobot_msgs_v4/srv/detail/tool__type_support.c.o[0m
[ 44%] [32mBuilding C object CMakeFiles/dobot_msgs_v4__rosidl_typesupport_introspection_c.dir/rosidl_typesupport_introspection_c/dobot_msgs_v4/srv/detail/user__type_support.c.o[0m
[ 44%] [32mBuilding C object CMakeFiles/dobot_msgs_v4__rosidl_typesupport_introspection_c.dir/rosidl_typesupport_introspection_c/dobot_msgs_v4/srv/detail/robot_mode__type_support.c.o[0m
[ 44%] [32mBuilding C object CMakeFiles/dobot_msgs_v4__rosidl_typesupport_introspection_c.dir/rosidl_typesupport_introspection_c/dobot_msgs_v4/srv/detail/set_payload__type_support.c.o[0m
[ 45%] [32mBuilding C object CMakeFiles/dobot_msgs_v4__rosidl_typesupport_introspection_c.dir/rosidl_typesupport_introspection_c/dobot_msgs_v4/srv/detail/do__type_support.c.o[0m
[ 45%] [32mBuilding CXX object CMakeFiles/dobot_msgs_v4__rosidl_typesupport_introspection_cpp.dir/rosidl_typesupport_introspection_cpp/dobot_msgs_v4/srv/detail/get_hold_regs__type_support.cpp.o[0m
[ 45%] [32mBuilding CXX object CMakeFiles/dobot_msgs_v4__rosidl_typesupport_introspection_cpp.dir/rosidl_typesupport_introspection_cpp/dobot_msgs_v4/srv/detail/set_hold_regs__type_support.cpp.o[0m
[ 45%] [32mBuilding C object CMakeFiles/dobot_msgs_v4__rosidl_typesupport_introspection_c.dir/rosidl_typesupport_introspection_c/dobot_msgs_v4/srv/detail/do_instant__type_support.c.o[0m
[ 45%] [32mBuilding C object CMakeFiles/dobot_msgs_v4__rosidl_typesupport_introspection_c.dir/rosidl_typesupport_introspection_c/dobot_msgs_v4/srv/detail/tool_do__type_support.c.o[0m
[ 45%] [32mBuilding C object CMakeFiles/dobot_msgs_v4__rosidl_typesupport_introspection_c.dir/rosidl_typesupport_introspection_c/dobot_msgs_v4/srv/detail/tool_do_instant__type_support.c.o[0m
[ 45%] [32mBuilding CXX object CMakeFiles/dobot_msgs_v4__rosidl_typesupport_introspection_cpp.dir/rosidl_typesupport_introspection_cpp/dobot_msgs_v4/srv/detail/set_safe_skin__type_support.cpp.o[0m
[ 45%] [32mBuilding CXX object CMakeFiles/dobot_msgs_v4__rosidl_typesupport_introspection_cpp.dir/rosidl_typesupport_introspection_cpp/dobot_msgs_v4/srv/detail/mov_j__type_support.cpp.o[0m
[ 45%] [32mBuilding C object CMakeFiles/dobot_msgs_v4__rosidl_typesupport_introspection_c.dir/rosidl_typesupport_introspection_c/dobot_msgs_v4/srv/detail/ao__type_support.c.o[0m
[ 45%] [32mBuilding CXX object CMakeFiles/dobot_msgs_v4__rosidl_typesupport_introspection_cpp.dir/rosidl_typesupport_introspection_cpp/dobot_msgs_v4/srv/detail/mov_l__type_support.cpp.o[0m
[ 45%] [32mBuilding CXX object CMakeFiles/dobot_msgs_v4__rosidl_typesupport_introspection_cpp.dir/rosidl_typesupport_introspection_cpp/dobot_msgs_v4/srv/detail/rel_joint_mov_j__type_support.cpp.o[0m
[ 45%] [32mBuilding C object CMakeFiles/dobot_msgs_v4__rosidl_typesupport_introspection_c.dir/rosidl_typesupport_introspection_c/dobot_msgs_v4/srv/detail/ao_instant__type_support.c.o[0m
[ 45%] [32mBuilding C object CMakeFiles/dobot_msgs_v4__rosidl_typesupport_introspection_c.dir/rosidl_typesupport_introspection_c/dobot_msgs_v4/srv/detail/acc_j__type_support.c.o[0m
[ 45%] [32mBuilding C object CMakeFiles/dobot_msgs_v4__rosidl_typesupport_introspection_c.dir/rosidl_typesupport_introspection_c/dobot_msgs_v4/srv/detail/acc_l__type_support.c.o[0m
[ 45%] [32mBuilding C object CMakeFiles/dobot_msgs_v4__rosidl_typesupport_introspection_c.dir/rosidl_typesupport_introspection_c/dobot_msgs_v4/srv/detail/vel_j__type_support.c.o[0m
[ 45%] [32mBuilding C object CMakeFiles/dobot_msgs_v4__rosidl_typesupport_introspection_c.dir/rosidl_typesupport_introspection_c/dobot_msgs_v4/srv/detail/vel_l__type_support.c.o[0m
[ 46%] [32mBuilding CXX object CMakeFiles/dobot_msgs_v4__rosidl_typesupport_introspection_cpp.dir/rosidl_typesupport_introspection_cpp/dobot_msgs_v4/srv/detail/move_jog__type_support.cpp.o[0m
[ 47%] [32mBuilding C object CMakeFiles/dobot_msgs_v4__rosidl_typesupport_introspection_c.dir/rosidl_typesupport_introspection_c/dobot_msgs_v4/srv/detail/cp__type_support.c.o[0m
[ 47%] [32mBuilding C object CMakeFiles/dobot_msgs_v4__rosidl_typesupport_introspection_c.dir/rosidl_typesupport_introspection_c/dobot_msgs_v4/srv/detail/power_on__type_support.c.o[0m
[ 47%] [32mBuilding C object CMakeFiles/dobot_msgs_v4__rosidl_typesupport_introspection_c.dir/rosidl_typesupport_introspection_c/dobot_msgs_v4/srv/detail/run_script__type_support.c.o[0m
[ 47%] [32mBuilding C object CMakeFiles/dobot_msgs_v4__rosidl_typesupport_introspection_c.dir/rosidl_typesupport_introspection_c/dobot_msgs_v4/srv/detail/stop__type_support.c.o[0m
[ 47%] [32mBuilding C object CMakeFiles/dobot_msgs_v4__rosidl_typesupport_introspection_c.dir/rosidl_typesupport_introspection_c/dobot_msgs_v4/srv/detail/pause__type_support.c.o[0m
[ 47%] [32mBuilding C object CMakeFiles/dobot_msgs_v4__rosidl_typesupport_introspection_c.dir/rosidl_typesupport_introspection_c/dobot_msgs_v4/srv/detail/continue__type_support.c.o[0m
[ 47%] [32mBuilding C object CMakeFiles/dobot_msgs_v4__rosidl_typesupport_introspection_c.dir/rosidl_typesupport_introspection_c/dobot_msgs_v4/srv/detail/positive_kin__type_support.c.o[0m
[ 47%] [32mBuilding C object CMakeFiles/dobot_msgs_v4__rosidl_typesupport_introspection_c.dir/rosidl_typesupport_introspection_c/dobot_msgs_v4/srv/detail/inverse_kin__type_support.c.o[0m
[ 47%] [32mBuilding CXX object CMakeFiles/dobot_msgs_v4__rosidl_typesupport_introspection_cpp.dir/rosidl_typesupport_introspection_cpp/dobot_msgs_v4/srv/detail/stop_move_jog__type_support.cpp.o[0m
[ 47%] [32mBuilding CXX object CMakeFiles/dobot_msgs_v4__rosidl_typesupport_introspection_cpp.dir/rosidl_typesupport_introspection_cpp/dobot_msgs_v4/srv/detail/do_group__type_support.cpp.o[0m
[ 47%] [32mBuilding C object CMakeFiles/dobot_msgs_v4__rosidl_typesupport_introspection_c.dir/rosidl_typesupport_introspection_c/dobot_msgs_v4/srv/detail/set_collision_level__type_support.c.o[0m
[ 47%] [32mBuilding C object CMakeFiles/dobot_msgs_v4__rosidl_typesupport_introspection_c.dir/rosidl_typesupport_introspection_c/dobot_msgs_v4/srv/detail/get_angle__type_support.c.o[0m
[ 47%] [32mBuilding CXX object CMakeFiles/dobot_msgs_v4__rosidl_typesupport_introspection_cpp.dir/rosidl_typesupport_introspection_cpp/dobot_msgs_v4/srv/detail/brake_control__type_support.cpp.o[0m
[ 47%] [32mBuilding CXX object CMakeFiles/dobot_msgs_v4__rosidl_typesupport_introspection_cpp.dir/rosidl_typesupport_introspection_cpp/dobot_msgs_v4/srv/detail/start_drag__type_support.cpp.o[0m
[ 48%] [32mBuilding C object CMakeFiles/dobot_msgs_v4__rosidl_typesupport_introspection_c.dir/rosidl_typesupport_introspection_c/dobot_msgs_v4/srv/detail/get_pose__type_support.c.o[0m
[ 48%] [32mBuilding CXX object CMakeFiles/dobot_msgs_v4__rosidl_typesupport_introspection_cpp.dir/rosidl_typesupport_introspection_cpp/dobot_msgs_v4/srv/detail/enable_safe_skin__type_support.cpp.o[0m
[ 48%] [32mBuilding CXX object CMakeFiles/dobot_msgs_v4__rosidl_typesupport_introspection_cpp.dir/rosidl_typesupport_introspection_cpp/dobot_msgs_v4/srv/detail/get_start_pose__type_support.cpp.o[0m
[ 48%] [32mBuilding C object CMakeFiles/dobot_msgs_v4__rosidl_typesupport_introspection_c.dir/rosidl_typesupport_introspection_c/dobot_msgs_v4/srv/detail/emergency_stop__type_support.c.o[0m
[ 48%] [32mBuilding C object CMakeFiles/dobot_msgs_v4__rosidl_typesupport_introspection_c.dir/rosidl_typesupport_introspection_c/dobot_msgs_v4/srv/detail/modbus_rtu_create__type_support.c.o[0m
[ 48%] [32mBuilding C object CMakeFiles/dobot_msgs_v4__rosidl_typesupport_introspection_c.dir/rosidl_typesupport_introspection_c/dobot_msgs_v4/srv/detail/modbus_create__type_support.c.o[0m
[ 48%] [32mBuilding C object CMakeFiles/dobot_msgs_v4__rosidl_typesupport_introspection_c.dir/rosidl_typesupport_introspection_c/dobot_msgs_v4/srv/detail/modbus_close__type_support.c.o[0m
[ 48%] [32mBuilding CXX object CMakeFiles/dobot_msgs_v4__rosidl_typesupport_introspection_cpp.dir/rosidl_typesupport_introspection_cpp/dobot_msgs_v4/srv/detail/start_path__type_support.cpp.o[0m
[ 48%] [32mBuilding CXX object CMakeFiles/dobot_msgs_v4__rosidl_typesupport_introspection_cpp.dir/rosidl_typesupport_introspection_cpp/dobot_msgs_v4/srv/detail/inverse_solution__type_support.cpp.o[0m
[ 48%] [32mBuilding C object CMakeFiles/dobot_msgs_v4__rosidl_typesupport_introspection_c.dir/rosidl_typesupport_introspection_c/dobot_msgs_v4/srv/detail/get_in_bits__type_support.c.o[0m
[ 48%] [32mBuilding CXX object CMakeFiles/dobot_msgs_v4__rosidl_typesupport_introspection_cpp.dir/rosidl_typesupport_introspection_cpp/dobot_msgs_v4/srv/detail/get_error_id__type_support.cpp.o[0m
[ 48%] [32mBuilding C object CMakeFiles/dobot_msgs_v4__rosidl_typesupport_introspection_c.dir/rosidl_typesupport_introspection_c/dobot_msgs_v4/srv/detail/get_in_regs__type_support.c.o[0m
[ 48%] [32mBuilding C object CMakeFiles/dobot_msgs_v4__rosidl_typesupport_introspection_c.dir/rosidl_typesupport_introspection_c/dobot_msgs_v4/srv/detail/get_coils__type_support.c.o[0m
[ 49%] [32mBuilding CXX object CMakeFiles/dobot_msgs_v4__rosidl_typesupport_introspection_cpp.dir/rosidl_typesupport_introspection_cpp/dobot_msgs_v4/srv/detail/di__type_support.cpp.o[0m
[ 49%] [32mBuilding CXX object CMakeFiles/dobot_msgs_v4__rosidl_typesupport_introspection_cpp.dir/rosidl_typesupport_introspection_cpp/dobot_msgs_v4/srv/detail/tool_di__type_support.cpp.o[0m
[ 49%] [32mBuilding C object CMakeFiles/dobot_msgs_v4__rosidl_typesupport_introspection_c.dir/rosidl_typesupport_introspection_c/dobot_msgs_v4/srv/detail/set_coils__type_support.c.o[0m
[ 49%] [32mBuilding CXX object CMakeFiles/dobot_msgs_v4__rosidl_typesupport_introspection_cpp.dir/rosidl_typesupport_introspection_cpp/dobot_msgs_v4/srv/detail/ai__type_support.cpp.o[0m
[ 49%] [32mBuilding CXX object CMakeFiles/dobot_msgs_v4__rosidl_typesupport_fastrtps_c.dir/rosidl_typesupport_fastrtps_c/dobot_msgs_v4/msg/detail/robot_status__type_support_c.cpp.o[0m
[ 49%] [32mBuilding C object CMakeFiles/dobot_msgs_v4__rosidl_typesupport_introspection_c.dir/rosidl_typesupport_introspection_c/dobot_msgs_v4/srv/detail/get_hold_regs__type_support.c.o[0m
[ 49%] [32mBuilding C object CMakeFiles/dobot_msgs_v4__rosidl_typesupport_introspection_c.dir/rosidl_typesupport_introspection_c/dobot_msgs_v4/srv/detail/set_hold_regs__type_support.c.o[0m
[ 50%] [32mBuilding C object CMakeFiles/dobot_msgs_v4__rosidl_typesupport_introspection_c.dir/rosidl_typesupport_introspection_c/dobot_msgs_v4/srv/detail/set_safe_skin__type_support.c.o[0m
[ 50%] [32mBuilding C object CMakeFiles/dobot_msgs_v4__rosidl_typesupport_introspection_c.dir/rosidl_typesupport_introspection_c/dobot_msgs_v4/srv/detail/mov_j__type_support.c.o[0m
[ 50%] [32mBuilding CXX object CMakeFiles/dobot_msgs_v4__rosidl_typesupport_introspection_cpp.dir/rosidl_typesupport_introspection_cpp/dobot_msgs_v4/srv/detail/tool_ai__type_support.cpp.o[0m
[ 50%] [32mBuilding CXX object CMakeFiles/dobot_msgs_v4__rosidl_typesupport_fastrtps_c.dir/rosidl_typesupport_fastrtps_c/dobot_msgs_v4/msg/detail/tool_vector_actual__type_support_c.cpp.o[0m
[ 50%] [32mBuilding C object CMakeFiles/dobot_msgs_v4__rosidl_typesupport_introspection_c.dir/rosidl_typesupport_introspection_c/dobot_msgs_v4/srv/detail/mov_l__type_support.c.o[0m
[ 50%] [32mBuilding C object CMakeFiles/dobot_msgs_v4__rosidl_typesupport_introspection_c.dir/rosidl_typesupport_introspection_c/dobot_msgs_v4/srv/detail/rel_joint_mov_j__type_support.c.o[0m
[ 50%] [32mBuilding CXX object CMakeFiles/dobot_msgs_v4__rosidl_typesupport_fastrtps_c.dir/rosidl_typesupport_fastrtps_c/dobot_msgs_v4/srv/detail/enable_robot__type_support_c.cpp.o[0m
[ 50%] [32mBuilding CXX object CMakeFiles/dobot_msgs_v4__rosidl_typesupport_fastrtps_c.dir/rosidl_typesupport_fastrtps_c/dobot_msgs_v4/srv/detail/disable_robot__type_support_c.cpp.o[0m
[ 50%] [32mBuilding CXX object CMakeFiles/dobot_msgs_v4__rosidl_typesupport_fastrtps_c.dir/rosidl_typesupport_fastrtps_c/dobot_msgs_v4/srv/detail/clear_error__type_support_c.cpp.o[0m
[ 50%] [32mBuilding C object CMakeFiles/dobot_msgs_v4__rosidl_typesupport_introspection_c.dir/rosidl_typesupport_introspection_c/dobot_msgs_v4/srv/detail/move_jog__type_support.c.o[0m
[ 50%] [32mBuilding CXX object CMakeFiles/dobot_msgs_v4__rosidl_typesupport_introspection_cpp.dir/rosidl_typesupport_introspection_cpp/dobot_msgs_v4/srv/detail/di_group__type_support.cpp.o[0m
[ 50%] [32mBuilding CXX object CMakeFiles/dobot_msgs_v4__rosidl_typesupport_fastrtps_c.dir/rosidl_typesupport_fastrtps_c/dobot_msgs_v4/srv/detail/speed_factor__type_support_c.cpp.o[0m
[ 50%] [32mBuilding C object CMakeFiles/dobot_msgs_v4__rosidl_typesupport_introspection_c.dir/rosidl_typesupport_introspection_c/dobot_msgs_v4/srv/detail/stop_move_jog__type_support.c.o[0m
[ 50%] [32mBuilding C object CMakeFiles/dobot_msgs_v4__rosidl_typesupport_introspection_c.dir/rosidl_typesupport_introspection_c/dobot_msgs_v4/srv/detail/do_group__type_support.c.o[0m
[ 50%] [32mBuilding CXX object CMakeFiles/dobot_msgs_v4__rosidl_typesupport_fastrtps_c.dir/rosidl_typesupport_fastrtps_c/dobot_msgs_v4/srv/detail/user__type_support_c.cpp.o[0m
[ 50%] [32mBuilding C object CMakeFiles/dobot_msgs_v4__rosidl_typesupport_introspection_c.dir/rosidl_typesupport_introspection_c/dobot_msgs_v4/srv/detail/brake_control__type_support.c.o[0m
[ 50%] [32mBuilding CXX object CMakeFiles/dobot_msgs_v4__rosidl_typesupport_fastrtps_c.dir/rosidl_typesupport_fastrtps_c/dobot_msgs_v4/srv/detail/tool__type_support_c.cpp.o[0m
[ 50%] [32mBuilding C object CMakeFiles/dobot_msgs_v4__rosidl_typesupport_introspection_c.dir/rosidl_typesupport_introspection_c/dobot_msgs_v4/srv/detail/start_drag__type_support.c.o[0m
[ 50%] [32mBuilding C object CMakeFiles/dobot_msgs_v4__rosidl_typesupport_introspection_c.dir/rosidl_typesupport_introspection_c/dobot_msgs_v4/srv/detail/enable_safe_skin__type_support.c.o[0m
[ 51%] [32mBuilding C object CMakeFiles/dobot_msgs_v4__rosidl_typesupport_introspection_c.dir/rosidl_typesupport_introspection_c/dobot_msgs_v4/srv/detail/get_start_pose__type_support.c.o[0m
[ 51%] [32mBuilding C object CMakeFiles/dobot_msgs_v4__rosidl_typesupport_introspection_c.dir/rosidl_typesupport_introspection_c/dobot_msgs_v4/srv/detail/start_path__type_support.c.o[0m
[ 51%] [32mBuilding C object CMakeFiles/dobot_msgs_v4__rosidl_typesupport_introspection_c.dir/rosidl_typesupport_introspection_c/dobot_msgs_v4/srv/detail/inverse_solution__type_support.c.o[0m
[ 51%] [32mBuilding C object CMakeFiles/dobot_msgs_v4__rosidl_typesupport_introspection_c.dir/rosidl_typesupport_introspection_c/dobot_msgs_v4/srv/detail/get_error_id__type_support.c.o[0m
[ 51%] [32mBuilding CXX object CMakeFiles/dobot_msgs_v4__rosidl_typesupport_fastrtps_c.dir/rosidl_typesupport_fastrtps_c/dobot_msgs_v4/srv/detail/robot_mode__type_support_c.cpp.o[0m
[ 51%] [32mBuilding CXX object CMakeFiles/dobot_msgs_v4__rosidl_typesupport_introspection_cpp.dir/rosidl_typesupport_introspection_cpp/dobot_msgs_v4/srv/detail/stop_drag__type_support.cpp.o[0m
[ 51%] [32mBuilding CXX object CMakeFiles/dobot_msgs_v4__rosidl_typesupport_fastrtps_c.dir/rosidl_typesupport_fastrtps_c/dobot_msgs_v4/srv/detail/set_payload__type_support_c.cpp.o[0m
[ 52%] [32mBuilding CXX object CMakeFiles/dobot_msgs_v4__rosidl_typesupport_fastrtps_c.dir/rosidl_typesupport_fastrtps_c/dobot_msgs_v4/srv/detail/do__type_support_c.cpp.o[0m
[ 52%] [32mBuilding CXX object CMakeFiles/dobot_msgs_v4__rosidl_typesupport_introspection_cpp.dir/rosidl_typesupport_introspection_cpp/dobot_msgs_v4/srv/detail/drag_sensivity__type_support.cpp.o[0m
[ 52%] [32mBuilding C object CMakeFiles/dobot_msgs_v4__rosidl_typesupport_introspection_c.dir/rosidl_typesupport_introspection_c/dobot_msgs_v4/srv/detail/di__type_support.c.o[0m
[ 52%] [32mBuilding C object CMakeFiles/dobot_msgs_v4__rosidl_typesupport_introspection_c.dir/rosidl_typesupport_introspection_c/dobot_msgs_v4/srv/detail/tool_di__type_support.c.o[0m
[ 52%] [32mBuilding CXX object CMakeFiles/dobot_msgs_v4__rosidl_typesupport_fastrtps_c.dir/rosidl_typesupport_fastrtps_c/dobot_msgs_v4/srv/detail/do_instant__type_support_c.cpp.o[0m
[ 52%] [32mBuilding C object CMakeFiles/dobot_msgs_v4__rosidl_typesupport_introspection_c.dir/rosidl_typesupport_introspection_c/dobot_msgs_v4/srv/detail/ai__type_support.c.o[0m
[ 52%] [32mBuilding C object CMakeFiles/dobot_msgs_v4__rosidl_typesupport_introspection_c.dir/rosidl_typesupport_introspection_c/dobot_msgs_v4/srv/detail/tool_ai__type_support.c.o[0m
[ 52%] [32mBuilding C object CMakeFiles/dobot_msgs_v4__rosidl_typesupport_introspection_c.dir/rosidl_typesupport_introspection_c/dobot_msgs_v4/srv/detail/di_group__type_support.c.o[0m
[ 52%] [32mBuilding CXX object CMakeFiles/dobot_msgs_v4__rosidl_typesupport_fastrtps_c.dir/rosidl_typesupport_fastrtps_c/dobot_msgs_v4/srv/detail/tool_do__type_support_c.cpp.o[0m
[ 52%] [32mBuilding CXX object CMakeFiles/dobot_msgs_v4__rosidl_typesupport_introspection_cpp.dir/rosidl_typesupport_introspection_cpp/dobot_msgs_v4/srv/detail/get_do__type_support.cpp.o[0m
[ 52%] [32mBuilding C object CMakeFiles/dobot_msgs_v4__rosidl_typesupport_introspection_c.dir/rosidl_typesupport_introspection_c/dobot_msgs_v4/srv/detail/stop_drag__type_support.c.o[0m
[ 53%] [32mBuilding C object CMakeFiles/dobot_msgs_v4__rosidl_typesupport_introspection_c.dir/rosidl_typesupport_introspection_c/dobot_msgs_v4/srv/detail/drag_sensivity__type_support.c.o[0m
[ 53%] [32mBuilding CXX object CMakeFiles/dobot_msgs_v4__rosidl_typesupport_fastrtps_c.dir/rosidl_typesupport_fastrtps_c/dobot_msgs_v4/srv/detail/tool_do_instant__type_support_c.cpp.o[0m
[ 53%] [32mBuilding CXX object CMakeFiles/dobot_msgs_v4__rosidl_typesupport_introspection_cpp.dir/rosidl_typesupport_introspection_cpp/dobot_msgs_v4/srv/detail/get_ao__type_support.cpp.o[0m
[ 53%] [32mBuilding CXX object CMakeFiles/dobot_msgs_v4__rosidl_typesupport_fastrtps_c.dir/rosidl_typesupport_fastrtps_c/dobot_msgs_v4/srv/detail/ao__type_support_c.cpp.o[0m
[ 53%] [32mBuilding C object CMakeFiles/dobot_msgs_v4__rosidl_typesupport_introspection_c.dir/rosidl_typesupport_introspection_c/dobot_msgs_v4/srv/detail/get_do__type_support.c.o[0m
[ 53%] [32mBuilding CXX object CMakeFiles/dobot_msgs_v4__rosidl_typesupport_introspection_cpp.dir/rosidl_typesupport_introspection_cpp/dobot_msgs_v4/srv/detail/get_do_group__type_support.cpp.o[0m
[ 53%] [32mBuilding CXX object CMakeFiles/dobot_msgs_v4__rosidl_typesupport_fastrtps_cpp.dir/rosidl_typesupport_fastrtps_cpp/dobot_msgs_v4/msg/detail/dds_fastrtps/robot_status__type_support.cpp.o[0m
[ 53%] [32mBuilding C object CMakeFiles/dobot_msgs_v4__rosidl_typesupport_introspection_c.dir/rosidl_typesupport_introspection_c/dobot_msgs_v4/srv/detail/get_ao__type_support.c.o[0m
[ 53%] [32mBuilding CXX object CMakeFiles/dobot_msgs_v4__rosidl_typesupport_fastrtps_cpp.dir/rosidl_typesupport_fastrtps_cpp/dobot_msgs_v4/msg/detail/dds_fastrtps/tool_vector_actual__type_support.cpp.o[0m
[ 53%] [32mBuilding C object CMakeFiles/dobot_msgs_v4__rosidl_typesupport_introspection_c.dir/rosidl_typesupport_introspection_c/dobot_msgs_v4/srv/detail/get_do_group__type_support.c.o[0m
[ 53%] [32mBuilding C object CMakeFiles/dobot_msgs_v4__rosidl_typesupport_introspection_c.dir/rosidl_typesupport_introspection_c/dobot_msgs_v4/srv/detail/set_tool485__type_support.c.o[0m
[ 53%] [32mBuilding CXX object CMakeFiles/dobot_msgs_v4__rosidl_typesupport_fastrtps_cpp.dir/rosidl_typesupport_fastrtps_cpp/dobot_msgs_v4/srv/detail/dds_fastrtps/enable_robot__type_support.cpp.o[0m
[ 53%] [32mBuilding CXX object CMakeFiles/dobot_msgs_v4__rosidl_typesupport_fastrtps_cpp.dir/rosidl_typesupport_fastrtps_cpp/dobot_msgs_v4/srv/detail/dds_fastrtps/disable_robot__type_support.cpp.o[0m
[ 53%] [32mBuilding C object CMakeFiles/dobot_msgs_v4__rosidl_typesupport_introspection_c.dir/rosidl_typesupport_introspection_c/dobot_msgs_v4/srv/detail/set_safe_wall_enable__type_support.c.o[0m
[ 53%] [32mBuilding C object CMakeFiles/dobot_msgs_v4__rosidl_typesupport_introspection_c.dir/rosidl_typesupport_introspection_c/dobot_msgs_v4/srv/detail/set_tool_power__type_support.c.o[0m
[ 53%] [32mBuilding C object CMakeFiles/dobot_msgs_v4__rosidl_typesupport_introspection_c.dir/rosidl_typesupport_introspection_c/dobot_msgs_v4/srv/detail/set_tool_mode__type_support.c.o[0m
[ 53%] [32mBuilding CXX object CMakeFiles/dobot_msgs_v4__rosidl_typesupport_fastrtps_c.dir/rosidl_typesupport_fastrtps_c/dobot_msgs_v4/srv/detail/ao_instant__type_support_c.cpp.o[0m
[ 53%] [32mBuilding CXX object CMakeFiles/dobot_msgs_v4__rosidl_typesupport_fastrtps_c.dir/rosidl_typesupport_fastrtps_c/dobot_msgs_v4/srv/detail/acc_j__type_support_c.cpp.o[0m
[ 53%] [32mBuilding CXX object CMakeFiles/dobot_msgs_v4__rosidl_typesupport_introspection_cpp.dir/rosidl_typesupport_introspection_cpp/dobot_msgs_v4/srv/detail/set_tool485__type_support.cpp.o[0m
[ 54%] [32mBuilding CXX object CMakeFiles/dobot_msgs_v4__rosidl_typesupport_fastrtps_cpp.dir/rosidl_typesupport_fastrtps_cpp/dobot_msgs_v4/srv/detail/dds_fastrtps/clear_error__type_support.cpp.o[0m
[ 54%] [32mBuilding C object CMakeFiles/dobot_msgs_v4__rosidl_typesupport_introspection_c.dir/rosidl_typesupport_introspection_c/dobot_msgs_v4/srv/detail/set_back_distance__type_support.c.o[0m
[ 54%] [32mBuilding CXX object CMakeFiles/dobot_msgs_v4__rosidl_typesupport_fastrtps_cpp.dir/rosidl_typesupport_fastrtps_cpp/dobot_msgs_v4/srv/detail/dds_fastrtps/speed_factor__type_support.cpp.o[0m
[ 54%] [32mBuilding C object CMakeFiles/dobot_msgs_v4__rosidl_typesupport_introspection_c.dir/rosidl_typesupport_introspection_c/dobot_msgs_v4/srv/detail/set_post_collision_mode__type_support.c.o[0m
[ 54%] [32mBuilding C object CMakeFiles/dobot_msgs_v4__rosidl_typesupport_introspection_c.dir/rosidl_typesupport_introspection_c/dobot_msgs_v4/srv/detail/set_user__type_support.c.o[0m
[ 54%] [32mBuilding CXX object CMakeFiles/dobot_msgs_v4__rosidl_typesupport_fastrtps_cpp.dir/rosidl_typesupport_fastrtps_cpp/dobot_msgs_v4/srv/detail/dds_fastrtps/user__type_support.cpp.o[0m
[ 55%] [32mBuilding C object CMakeFiles/dobot_msgs_v4__rosidl_typesupport_introspection_c.dir/rosidl_typesupport_introspection_c/dobot_msgs_v4/srv/detail/set_tool__type_support.c.o[0m
[ 55%] [32mBuilding CXX object CMakeFiles/dobot_msgs_v4__rosidl_typesupport_fastrtps_cpp.dir/rosidl_typesupport_fastrtps_cpp/dobot_msgs_v4/srv/detail/dds_fastrtps/tool__type_support.cpp.o[0m
[ 55%] [32mBuilding C object CMakeFiles/dobot_msgs_v4__rosidl_typesupport_introspection_c.dir/rosidl_typesupport_introspection_c/dobot_msgs_v4/srv/detail/calc_user__type_support.c.o[0m
[ 55%] [32mBuilding C object CMakeFiles/dobot_msgs_v4__rosidl_typesupport_introspection_c.dir/rosidl_typesupport_introspection_c/dobot_msgs_v4/srv/detail/calc_tool__type_support.c.o[0m
[ 55%] [32mBuilding CXX object CMakeFiles/dobot_msgs_v4__rosidl_typesupport_fastrtps_cpp.dir/rosidl_typesupport_fastrtps_cpp/dobot_msgs_v4/srv/detail/dds_fastrtps/robot_mode__type_support.cpp.o[0m
[ 55%] [32mBuilding C object CMakeFiles/dobot_msgs_v4__rosidl_typesupport_introspection_c.dir/rosidl_typesupport_introspection_c/dobot_msgs_v4/srv/detail/get_input_bool__type_support.c.o[0m
[ 55%] [32mBuilding CXX object CMakeFiles/dobot_msgs_v4__rosidl_typesupport_fastrtps_cpp.dir/rosidl_typesupport_fastrtps_cpp/dobot_msgs_v4/srv/detail/dds_fastrtps/set_payload__type_support.cpp.o[0m
[ 55%] [32mBuilding CXX object CMakeFiles/dobot_msgs_v4__rosidl_typesupport_fastrtps_c.dir/rosidl_typesupport_fastrtps_c/dobot_msgs_v4/srv/detail/acc_l__type_support_c.cpp.o[0m
[ 55%] [32mBuilding CXX object CMakeFiles/dobot_msgs_v4__rosidl_typesupport_fastrtps_c.dir/rosidl_typesupport_fastrtps_c/dobot_msgs_v4/srv/detail/vel_j__type_support_c.cpp.o[0m
[ 55%] [32mBuilding C object CMakeFiles/dobot_msgs_v4__rosidl_typesupport_introspection_c.dir/rosidl_typesupport_introspection_c/dobot_msgs_v4/srv/detail/get_input_int__type_support.c.o[0m
[ 55%] [32mBuilding C object CMakeFiles/dobot_msgs_v4__rosidl_typesupport_introspection_c.dir/rosidl_typesupport_introspection_c/dobot_msgs_v4/srv/detail/get_input_float__type_support.c.o[0m
[ 55%] [32mBuilding CXX object CMakeFiles/dobot_msgs_v4__rosidl_typesupport_fastrtps_c.dir/rosidl_typesupport_fastrtps_c/dobot_msgs_v4/srv/detail/vel_l__type_support_c.cpp.o[0m
[ 55%] [32mBuilding C object CMakeFiles/dobot_msgs_v4__rosidl_typesupport_introspection_c.dir/rosidl_typesupport_introspection_c/dobot_msgs_v4/srv/detail/get_output_bool__type_support.c.o[0m
[ 55%] [32mBuilding C object CMakeFiles/dobot_msgs_v4__rosidl_typesupport_introspection_c.dir/rosidl_typesupport_introspection_c/dobot_msgs_v4/srv/detail/get_output_int__type_support.c.o[0m
[ 55%] [32mBuilding C object CMakeFiles/dobot_msgs_v4__rosidl_typesupport_introspection_c.dir/rosidl_typesupport_introspection_c/dobot_msgs_v4/srv/detail/get_output_float__type_support.c.o[0m
[ 55%] [32mBuilding CXX object CMakeFiles/dobot_msgs_v4__rosidl_typesupport_fastrtps_cpp.dir/rosidl_typesupport_fastrtps_cpp/dobot_msgs_v4/srv/detail/dds_fastrtps/do__type_support.cpp.o[0m
[ 55%] [32mBuilding C object CMakeFiles/dobot_msgs_v4__rosidl_typesupport_introspection_c.dir/rosidl_typesupport_introspection_c/dobot_msgs_v4/srv/detail/set_output_bool__type_support.c.o[0m
[ 56%] [32mBuilding CXX object CMakeFiles/dobot_msgs_v4__rosidl_typesupport_introspection_cpp.dir/rosidl_typesupport_introspection_cpp/dobot_msgs_v4/srv/detail/set_safe_wall_enable__type_support.cpp.o[0m
[ 57%] [32mBuilding C object CMakeFiles/dobot_msgs_v4__rosidl_typesupport_introspection_c.dir/rosidl_typesupport_introspection_c/dobot_msgs_v4/srv/detail/set_output_int__type_support.c.o[0m
[ 57%] [32mBuilding C object CMakeFiles/dobot_msgs_v4__rosidl_typesupport_introspection_c.dir/rosidl_typesupport_introspection_c/dobot_msgs_v4/srv/detail/set_output_float__type_support.c.o[0m
[ 57%] [32mBuilding C object CMakeFiles/dobot_msgs_v4__rosidl_typesupport_introspection_c.dir/rosidl_typesupport_introspection_c/dobot_msgs_v4/srv/detail/mov_lio__type_support.c.o[0m
[ 57%] [32mBuilding CXX object CMakeFiles/dobot_msgs_v4__rosidl_typesupport_introspection_cpp.dir/rosidl_typesupport_introspection_cpp/dobot_msgs_v4/srv/detail/set_tool_power__type_support.cpp.o[0m
[ 58%] [32mBuilding CXX object CMakeFiles/dobot_msgs_v4__rosidl_typesupport_fastrtps_c.dir/rosidl_typesupport_fastrtps_c/dobot_msgs_v4/srv/detail/cp__type_support_c.cpp.o[0m
[ 58%] [32mBuilding CXX object CMakeFiles/dobot_msgs_v4__rosidl_typesupport_fastrtps_c.dir/rosidl_typesupport_fastrtps_c/dobot_msgs_v4/srv/detail/power_on__type_support_c.cpp.o[0m
[ 58%] [32mBuilding CXX object CMakeFiles/dobot_msgs_v4__rosidl_typesupport_introspection_cpp.dir/rosidl_typesupport_introspection_cpp/dobot_msgs_v4/srv/detail/set_tool_mode__type_support.cpp.o[0m
[ 58%] [32mBuilding C object CMakeFiles/dobot_msgs_v4__rosidl_typesupport_introspection_c.dir/rosidl_typesupport_introspection_c/dobot_msgs_v4/srv/detail/mov_jio__type_support.c.o[0m
[ 58%] [32mBuilding C object CMakeFiles/dobot_msgs_v4__rosidl_typesupport_introspection_c.dir/rosidl_typesupport_introspection_c/dobot_msgs_v4/srv/detail/arc__type_support.c.o[0m
[ 58%] [32mBuilding CXX object CMakeFiles/dobot_msgs_v4__rosidl_typesupport_introspection_cpp.dir/rosidl_typesupport_introspection_cpp/dobot_msgs_v4/srv/detail/set_back_distance__type_support.cpp.o[0m
[ 58%] [32mBuilding CXX object CMakeFiles/dobot_msgs_v4__rosidl_typesupport_introspection_cpp.dir/rosidl_typesupport_introspection_cpp/dobot_msgs_v4/srv/detail/set_post_collision_mode__type_support.cpp.o[0m
[ 58%] [32mBuilding C object CMakeFiles/dobot_msgs_v4__rosidl_typesupport_introspection_c.dir/rosidl_typesupport_introspection_c/dobot_msgs_v4/srv/detail/circle__type_support.c.o[0m
[ 58%] [32mBuilding C object CMakeFiles/dobot_msgs_v4__rosidl_typesupport_introspection_c.dir/rosidl_typesupport_introspection_c/dobot_msgs_v4/srv/detail/rel_mov_j_tool__type_support.c.o[0m
[ 58%] [32mBuilding CXX object CMakeFiles/dobot_msgs_v4__rosidl_typesupport_introspection_cpp.dir/rosidl_typesupport_introspection_cpp/dobot_msgs_v4/srv/detail/set_user__type_support.cpp.o[0m
[ 58%] [32mBuilding C object CMakeFiles/dobot_msgs_v4__rosidl_typesupport_introspection_c.dir/rosidl_typesupport_introspection_c/dobot_msgs_v4/srv/detail/rel_mov_l_tool__type_support.c.o[0m
[ 58%] [32mBuilding C object CMakeFiles/dobot_msgs_v4__rosidl_typesupport_introspection_c.dir/rosidl_typesupport_introspection_c/dobot_msgs_v4/srv/detail/rel_mov_j_user__type_support.c.o[0m
[ 58%] [32mBuilding C object CMakeFiles/dobot_msgs_v4__rosidl_typesupport_introspection_c.dir/rosidl_typesupport_introspection_c/dobot_msgs_v4/srv/detail/rel_mov_l_user__type_support.c.o[0m
[ 59%] [32mBuilding C object CMakeFiles/dobot_msgs_v4__rosidl_typesupport_introspection_c.dir/rosidl_typesupport_introspection_c/dobot_msgs_v4/srv/detail/get_current_command_id__type_support.c.o[0m
[ 59%] [32mBuilding CXX object CMakeFiles/dobot_msgs_v4__rosidl_typesupport_fastrtps_c.dir/rosidl_typesupport_fastrtps_c/dobot_msgs_v4/srv/detail/run_script__type_support_c.cpp.o[0m
[ 59%] [32mBuilding CXX object CMakeFiles/dobot_msgs_v4__rosidl_typesupport_fastrtps_c.dir/rosidl_typesupport_fastrtps_c/dobot_msgs_v4/srv/detail/stop__type_support_c.cpp.o[0m
[ 59%] [32mBuilding CXX object CMakeFiles/dobot_msgs_v4__rosidl_typesupport_introspection_cpp.dir/rosidl_typesupport_introspection_cpp/dobot_msgs_v4/srv/detail/set_tool__type_support.cpp.o[0m
[ 59%] [32mBuilding CXX object CMakeFiles/dobot_msgs_v4__rosidl_typesupport_fastrtps_c.dir/rosidl_typesupport_fastrtps_c/dobot_msgs_v4/srv/detail/pause__type_support_c.cpp.o[0m
[ 59%] [32mBuilding CXX object CMakeFiles/dobot_msgs_v4__rosidl_typesupport_introspection_cpp.dir/rosidl_typesupport_introspection_cpp/dobot_msgs_v4/srv/detail/calc_user__type_support.cpp.o[0m
[ 59%] [32mBuilding C object CMakeFiles/dobot_msgs_v4__rosidl_typesupport_introspection_c.dir/rosidl_typesupport_introspection_c/dobot_msgs_v4/srv/detail/servo_j__type_support.c.o[0m
[ 59%] [32mBuilding CXX object CMakeFiles/dobot_msgs_v4__rosidl_typesupport_fastrtps_cpp.dir/rosidl_typesupport_fastrtps_cpp/dobot_msgs_v4/srv/detail/dds_fastrtps/do_instant__type_support.cpp.o[0m
[ 59%] [32mBuilding C object CMakeFiles/dobot_msgs_v4__rosidl_typesupport_introspection_c.dir/rosidl_typesupport_introspection_c/dobot_msgs_v4/srv/detail/servo_p__type_support.c.o[0m
[ 59%] [32mBuilding C object CMakeFiles/dobot_msgs_v4__rosidl_typesupport_introspection_c.dir/rosidl_typesupport_introspection_c/dobot_msgs_v4/srv/detail/tcp_dashboard__type_support.c.o[0m
[ 59%] [32mBuilding CXX object CMakeFiles/dobot_msgs_v4__rosidl_typesupport_fastrtps_cpp.dir/rosidl_typesupport_fastrtps_cpp/dobot_msgs_v4/srv/detail/dds_fastrtps/tool_do__type_support.cpp.o[0m
[ 59%] [32mBuilding C object CMakeFiles/dobot_msgs_v4__rosidl_typesupport_introspection_c.dir/rosidl_typesupport_introspection_c/dobot_msgs_v4/srv/detail/enable_ft_sensor__type_support.c.o[0m
[ 59%] [32mBuilding CXX object CMakeFiles/dobot_msgs_v4__rosidl_typesupport_fastrtps_c.dir/rosidl_typesupport_fastrtps_c/dobot_msgs_v4/srv/detail/continue__type_support_c.cpp.o[0m
[ 59%] [32mBuilding C object CMakeFiles/dobot_msgs_v4__rosidl_typesupport_introspection_c.dir/rosidl_typesupport_introspection_c/dobot_msgs_v4/srv/detail/six_force_home__type_support.c.o[0m
[ 59%] [32mBuilding C object CMakeFiles/dobot_msgs_v4__rosidl_typesupport_introspection_c.dir/rosidl_typesupport_introspection_c/dobot_msgs_v4/srv/detail/get_force__type_support.c.o[0m
[ 59%] [32mBuilding CXX object CMakeFiles/dobot_msgs_v4__rosidl_typesupport_fastrtps_c.dir/rosidl_typesupport_fastrtps_c/dobot_msgs_v4/srv/detail/positive_kin__type_support_c.cpp.o[0m
[ 59%] [32mBuilding CXX object CMakeFiles/dobot_msgs_v4__rosidl_typesupport_fastrtps_cpp.dir/rosidl_typesupport_fastrtps_cpp/dobot_msgs_v4/srv/detail/dds_fastrtps/tool_do_instant__type_support.cpp.o[0m
[ 59%] [32mBuilding C object CMakeFiles/dobot_msgs_v4__rosidl_typesupport_introspection_c.dir/rosidl_typesupport_introspection_c/dobot_msgs_v4/srv/detail/force_drive_mode__type_support.c.o[0m
[ 59%] [32mBuilding C object CMakeFiles/dobot_msgs_v4__rosidl_typesupport_introspection_c.dir/rosidl_typesupport_introspection_c/dobot_msgs_v4/srv/detail/force_drive_speed__type_support.c.o[0m
[ 59%] [32mBuilding C object CMakeFiles/dobot_msgs_v4__rosidl_typesupport_introspection_c.dir/rosidl_typesupport_introspection_c/dobot_msgs_v4/srv/detail/fc_force_mode__type_support.c.o[0m
[ 60%] [32mBuilding CXX object CMakeFiles/dobot_msgs_v4__rosidl_typesupport_fastrtps_cpp.dir/rosidl_typesupport_fastrtps_cpp/dobot_msgs_v4/srv/detail/dds_fastrtps/ao__type_support.cpp.o[0m
[ 60%] [32mBuilding CXX object CMakeFiles/dobot_msgs_v4__rosidl_typesupport_fastrtps_c.dir/rosidl_typesupport_fastrtps_c/dobot_msgs_v4/srv/detail/inverse_kin__type_support_c.cpp.o[0m
[ 60%] [32mBuilding CXX object CMakeFiles/dobot_msgs_v4__rosidl_typesupport_fastrtps_cpp.dir/rosidl_typesupport_fastrtps_cpp/dobot_msgs_v4/srv/detail/dds_fastrtps/ao_instant__type_support.cpp.o[0m
[ 60%] [32mBuilding C object CMakeFiles/dobot_msgs_v4__rosidl_typesupport_introspection_c.dir/rosidl_typesupport_introspection_c/dobot_msgs_v4/srv/detail/fc_set_deviation__type_support.c.o[0m
[ 60%] [32mBuilding CXX object CMakeFiles/dobot_msgs_v4__rosidl_typesupport_fastrtps_cpp.dir/rosidl_typesupport_fastrtps_cpp/dobot_msgs_v4/srv/detail/dds_fastrtps/acc_j__type_support.cpp.o[0m
[ 61%] [32mBuilding C object CMakeFiles/dobot_msgs_v4__rosidl_typesupport_introspection_c.dir/rosidl_typesupport_introspection_c/dobot_msgs_v4/srv/detail/fc_set_force_limit__type_support.c.o[0m
[ 61%] [32mBuilding CXX object CMakeFiles/dobot_msgs_v4__rosidl_typesupport_fastrtps_cpp.dir/rosidl_typesupport_fastrtps_cpp/dobot_msgs_v4/srv/detail/dds_fastrtps/acc_l__type_support.cpp.o[0m
[ 61%] [32mBuilding C object CMakeFiles/dobot_msgs_v4__rosidl_typesupport_introspection_c.dir/rosidl_typesupport_introspection_c/dobot_msgs_v4/srv/detail/fc_set_mass__type_support.c.o[0m
[ 61%] [32mBuilding CXX object CMakeFiles/dobot_msgs_v4__rosidl_typesupport_fastrtps_c.dir/rosidl_typesupport_fastrtps_c/dobot_msgs_v4/srv/detail/set_collision_level__type_support_c.cpp.o[0m
[ 61%] [32mBuilding C object CMakeFiles/dobot_msgs_v4__rosidl_typesupport_introspection_c.dir/rosidl_typesupport_introspection_c/dobot_msgs_v4/srv/detail/fc_set_stiffness__type_support.c.o[0m
[ 61%] [32mBuilding C object CMakeFiles/dobot_msgs_v4__rosidl_typesupport_introspection_c.dir/rosidl_typesupport_introspection_c/dobot_msgs_v4/srv/detail/fc_set_damping__type_support.c.o[0m
[ 61%] [32mBuilding CXX object CMakeFiles/dobot_msgs_v4__rosidl_typesupport_introspection_cpp.dir/rosidl_typesupport_introspection_cpp/dobot_msgs_v4/srv/detail/calc_tool__type_support.cpp.o[0m
[ 61%] [32mBuilding CXX object CMakeFiles/dobot_msgs_v4__rosidl_typesupport_fastrtps_cpp.dir/rosidl_typesupport_fastrtps_cpp/dobot_msgs_v4/srv/detail/dds_fastrtps/vel_j__type_support.cpp.o[0m
[ 61%] [32mBuilding CXX object CMakeFiles/dobot_msgs_v4__rosidl_typesupport_fastrtps_cpp.dir/rosidl_typesupport_fastrtps_cpp/dobot_msgs_v4/srv/detail/dds_fastrtps/vel_l__type_support.cpp.o[0m
[ 61%] [32mBuilding CXX object CMakeFiles/dobot_msgs_v4__rosidl_typesupport_fastrtps_cpp.dir/rosidl_typesupport_fastrtps_cpp/dobot_msgs_v4/srv/detail/dds_fastrtps/cp__type_support.cpp.o[0m
[ 61%] [32mBuilding C object CMakeFiles/dobot_msgs_v4__rosidl_typesupport_introspection_c.dir/rosidl_typesupport_introspection_c/dobot_msgs_v4/srv/detail/fc_off__type_support.c.o[0m
[ 61%] [32mBuilding C object CMakeFiles/dobot_msgs_v4__rosidl_typesupport_introspection_c.dir/rosidl_typesupport_introspection_c/dobot_msgs_v4/srv/detail/fc_set_force_speed_limit__type_support.c.o[0m
[ 61%] [32mBuilding C object CMakeFiles/dobot_msgs_v4__rosidl_typesupport_introspection_c.dir/rosidl_typesupport_introspection_c/dobot_msgs_v4/srv/detail/fc_set_force__type_support.c.o[0m
[ 61%] [32mBuilding CXX object CMakeFiles/dobot_msgs_v4__rosidl_typesupport_introspection_cpp.dir/rosidl_typesupport_introspection_cpp/dobot_msgs_v4/srv/detail/get_input_bool__type_support.cpp.o[0m
[ 61%] [32mBuilding C object CMakeFiles/dobot_msgs_v4__rosidl_typesupport_introspection_c.dir/rosidl_typesupport_introspection_c/dobot_msgs_v4/srv/detail/set_fc_collision__type_support.c.o[0m
[ 61%] [32mBuilding C object CMakeFiles/dobot_msgs_v4__rosidl_typesupport_introspection_c.dir/rosidl_typesupport_introspection_c/dobot_msgs_v4/srv/detail/fc_collision_switch__type_support.c.o[0m
[ 61%] [32mBuilding CXX object CMakeFiles/dobot_msgs_v4__rosidl_typesupport_fastrtps_c.dir/rosidl_typesupport_fastrtps_c/dobot_msgs_v4/srv/detail/get_angle__type_support_c.cpp.o[0m
[ 62%] [32mBuilding CXX object CMakeFiles/dobot_msgs_v4__rosidl_typesupport_introspection_cpp.dir/rosidl_typesupport_introspection_cpp/dobot_msgs_v4/srv/detail/get_input_int__type_support.cpp.o[0m
[ 62%] [32mBuilding C object CMakeFiles/dobot_msgs_v4__rosidl_typesupport_introspection_c.dir/rosidl_typesupport_introspection_c/dobot_msgs_v4/srv/detail/set_work_zone_enable__type_support.c.o[0m
[ 62%] [32mBuilding CXX object CMakeFiles/dobot_msgs_v4__rosidl_typesupport_fastrtps_cpp.dir/rosidl_typesupport_fastrtps_cpp/dobot_msgs_v4/srv/detail/dds_fastrtps/power_on__type_support.cpp.o[0m
[ 63%] [32mBuilding C object CMakeFiles/dobot_msgs_v4__rosidl_typesupport_introspection_c.dir/rosidl_typesupport_introspection_c/dobot_msgs_v4/srv/detail/get_tool_do__type_support.c.o[0m
[ 63%] [32mBuilding CXX object CMakeFiles/dobot_msgs_v4__rosidl_typesupport_introspection_cpp.dir/rosidl_typesupport_introspection_cpp/dobot_msgs_v4/srv/detail/get_input_float__type_support.cpp.o[0m
[ 63%] [32mBuilding C object CMakeFiles/dobot_msgs_v4__rosidl_typesupport_introspection_c.dir/rosidl_typesupport_introspection_c/dobot_msgs_v4/srv/detail/reset_robot__type_support.c.o[0m
[ 63%] [32mBuilding CXX object CMakeFiles/dobot_msgs_v4__rosidl_typesupport_fastrtps_cpp.dir/rosidl_typesupport_fastrtps_cpp/dobot_msgs_v4/srv/detail/dds_fastrtps/run_script__type_support.cpp.o[0m
[ 64%] [32mBuilding CXX object CMakeFiles/dobot_msgs_v4__rosidl_typesupport_fastrtps_c.dir/rosidl_typesupport_fastrtps_c/dobot_msgs_v4/srv/detail/get_pose__type_support_c.cpp.o[0m
[ 64%] [32mBuilding CXX object CMakeFiles/dobot_msgs_v4__rosidl_typesupport_introspection_cpp.dir/rosidl_typesupport_introspection_cpp/dobot_msgs_v4/srv/detail/get_output_bool__type_support.cpp.o[0m
[ 64%] [32mBuilding CXX object CMakeFiles/dobot_msgs_v4__rosidl_typesupport_fastrtps_c.dir/rosidl_typesupport_fastrtps_c/dobot_msgs_v4/srv/detail/emergency_stop__type_support_c.cpp.o[0m
[ 64%] [32mBuilding C object CMakeFiles/dobot_msgs_v4__rosidl_typesupport_introspection_c.dir/rosidl_typesupport_introspection_c/dobot_msgs_v4/srv/detail/run_to__type_support.c.o[0m
[ 64%] [32mBuilding CXX object CMakeFiles/dobot_msgs_v4__rosidl_typesupport_introspection_cpp.dir/rosidl_typesupport_introspection_cpp/dobot_msgs_v4/srv/detail/get_output_int__type_support.cpp.o[0m
[ 64%] [32mBuilding C object CMakeFiles/dobot_msgs_v4__rosidl_typesupport_introspection_c.dir/rosidl_typesupport_introspection_c/dobot_msgs_v4/srv/detail/start_rt_offset__type_support.c.o[0m
[ 64%] [32mBuilding C object CMakeFiles/dobot_msgs_v4__rosidl_typesupport_introspection_c.dir/rosidl_typesupport_introspection_c/dobot_msgs_v4/srv/detail/end_rt_offset__type_support.c.o[0m
[ 64%] [32mBuilding CXX object CMakeFiles/dobot_msgs_v4__rosidl_typesupport_fastrtps_c.dir/rosidl_typesupport_fastrtps_c/dobot_msgs_v4/srv/detail/modbus_rtu_create__type_support_c.cpp.o[0m
[ 64%] [32mBuilding C object CMakeFiles/dobot_msgs_v4__rosidl_typesupport_introspection_c.dir/rosidl_typesupport_introspection_c/dobot_msgs_v4/srv/detail/get_error__type_support.c.o[0m
[ 64%] [32mBuilding CXX object CMakeFiles/dobot_msgs_v4__rosidl_typesupport_fastrtps_cpp.dir/rosidl_typesupport_fastrtps_cpp/dobot_msgs_v4/srv/detail/dds_fastrtps/stop__type_support.cpp.o[0m
[ 64%] [32mBuilding CXX object CMakeFiles/dobot_msgs_v4__rosidl_typesupport_fastrtps_c.dir/rosidl_typesupport_fastrtps_c/dobot_msgs_v4/srv/detail/modbus_create__type_support_c.cpp.o[0m
[ 64%] [32mBuilding CXX object CMakeFiles/dobot_msgs_v4__rosidl_typesupport_fastrtps_c.dir/rosidl_typesupport_fastrtps_c/dobot_msgs_v4/srv/detail/modbus_close__type_support_c.cpp.o[0m
[ 64%] [32mBuilding C object CMakeFiles/dobot_msgs_v4__rosidl_typesupport_introspection_c.dir/rosidl_typesupport_introspection_c/dobot_msgs_v4/srv/detail/do_group_dec__type_support.c.o[0m
[ 64%] [32mBuilding CXX object CMakeFiles/dobot_msgs_v4__rosidl_typesupport_fastrtps_c.dir/rosidl_typesupport_fastrtps_c/dobot_msgs_v4/srv/detail/get_in_bits__type_support_c.cpp.o[0m
[ 64%] [32mBuilding C object CMakeFiles/dobot_msgs_v4__rosidl_typesupport_introspection_c.dir/rosidl_typesupport_introspection_c/dobot_msgs_v4/srv/detail/get_do_group_dec__type_support.c.o[0m
[ 64%] [32mBuilding C object CMakeFiles/dobot_msgs_v4__rosidl_typesupport_introspection_c.dir/rosidl_typesupport_introspection_c/dobot_msgs_v4/srv/detail/di_group_dec__type_support.c.o[0m
[ 64%] [32mBuilding C object CMakeFiles/dobot_msgs_v4__rosidl_typesupport_introspection_c.dir/rosidl_typesupport_introspection_c/dobot_msgs_v4/srv/detail/request_control__type_support.c.o[0m
[ 64%] [32mBuilding CXX object CMakeFiles/dobot_msgs_v4__rosidl_typesupport_fastrtps_c.dir/rosidl_typesupport_fastrtps_c/dobot_msgs_v4/srv/detail/get_in_regs__type_support_c.cpp.o[0m
[ 64%] [32mBuilding CXX object CMakeFiles/dobot_msgs_v4__rosidl_typesupport_fastrtps_c.dir/rosidl_typesupport_fastrtps_c/dobot_msgs_v4/srv/detail/get_coils__type_support_c.cpp.o[0m
[ 65%] [32mBuilding C object CMakeFiles/dobot_msgs_v4__rosidl_typesupport_introspection_c.dir/rosidl_typesupport_introspection_c/dobot_msgs_v4/srv/detail/check_odd_mov_l__type_support.c.o[0m
[ 66%] [32mBuilding CXX object CMakeFiles/dobot_msgs_v4__rosidl_typesupport_fastrtps_cpp.dir/rosidl_typesupport_fastrtps_cpp/dobot_msgs_v4/srv/detail/dds_fastrtps/pause__type_support.cpp.o[0m
[ 66%] [32mBuilding C object CMakeFiles/dobot_msgs_v4__rosidl_typesupport_introspection_c.dir/rosidl_typesupport_introspection_c/dobot_msgs_v4/srv/detail/check_odd_mov_j__type_support.c.o[0m
[ 66%] [32mBuilding C object CMakeFiles/dobot_msgs_v4__rosidl_typesupport_introspection_c.dir/rosidl_typesupport_introspection_c/dobot_msgs_v4/srv/detail/check_odd_mov_c__type_support.c.o[0m
[ 66%] [32mBuilding CXX object CMakeFiles/dobot_msgs_v4__rosidl_typesupport_fastrtps_c.dir/rosidl_typesupport_fastrtps_c/dobot_msgs_v4/srv/detail/set_coils__type_support_c.cpp.o[0m
[ 66%] [32m[1mLinking C shared library libdobot_msgs_v4__rosidl_typesupport_introspection_c.so[0m
[ 66%] [32mBuilding CXX object CMakeFiles/dobot_msgs_v4__rosidl_typesupport_fastrtps_c.dir/rosidl_typesupport_fastrtps_c/dobot_msgs_v4/srv/detail/get_hold_regs__type_support_c.cpp.o[0m
[ 66%] [32mBuilding CXX object CMakeFiles/dobot_msgs_v4__rosidl_typesupport_introspection_cpp.dir/rosidl_typesupport_introspection_cpp/dobot_msgs_v4/srv/detail/get_output_float__type_support.cpp.o[0m
[ 66%] [32mBuilding CXX object CMakeFiles/dobot_msgs_v4__rosidl_typesupport_fastrtps_cpp.dir/rosidl_typesupport_fastrtps_cpp/dobot_msgs_v4/srv/detail/dds_fastrtps/continue__type_support.cpp.o[0m
[ 66%] [32mBuilding CXX object CMakeFiles/dobot_msgs_v4__rosidl_typesupport_fastrtps_cpp.dir/rosidl_typesupport_fastrtps_cpp/dobot_msgs_v4/srv/detail/dds_fastrtps/positive_kin__type_support.cpp.o[0m
[ 66%] [32mBuilding CXX object CMakeFiles/dobot_msgs_v4__rosidl_typesupport_introspection_cpp.dir/rosidl_typesupport_introspection_cpp/dobot_msgs_v4/srv/detail/set_output_bool__type_support.cpp.o[0m
[ 66%] Built target dobot_msgs_v4__rosidl_typesupport_introspection_c
[ 66%] [32mBuilding CXX object CMakeFiles/dobot_msgs_v4__rosidl_typesupport_introspection_cpp.dir/rosidl_typesupport_introspection_cpp/dobot_msgs_v4/srv/detail/set_output_int__type_support.cpp.o[0m
[ 66%] [32mBuilding CXX object CMakeFiles/dobot_msgs_v4__rosidl_typesupport_fastrtps_c.dir/rosidl_typesupport_fastrtps_c/dobot_msgs_v4/srv/detail/set_hold_regs__type_support_c.cpp.o[0m
[ 66%] [32mBuilding CXX object CMakeFiles/dobot_msgs_v4__rosidl_typesupport_introspection_cpp.dir/rosidl_typesupport_introspection_cpp/dobot_msgs_v4/srv/detail/set_output_float__type_support.cpp.o[0m
[ 66%] [32mBuilding CXX object CMakeFiles/dobot_msgs_v4__rosidl_typesupport_introspection_cpp.dir/rosidl_typesupport_introspection_cpp/dobot_msgs_v4/srv/detail/mov_lio__type_support.cpp.o[0m
[ 66%] [32mBuilding CXX object CMakeFiles/dobot_msgs_v4__rosidl_typesupport_fastrtps_cpp.dir/rosidl_typesupport_fastrtps_cpp/dobot_msgs_v4/srv/detail/dds_fastrtps/inverse_kin__type_support.cpp.o[0m
[ 66%] [32mBuilding CXX object CMakeFiles/dobot_msgs_v4__rosidl_typesupport_introspection_cpp.dir/rosidl_typesupport_introspection_cpp/dobot_msgs_v4/srv/detail/mov_jio__type_support.cpp.o[0m
[ 67%] [32mBuilding CXX object CMakeFiles/dobot_msgs_v4__rosidl_typesupport_introspection_cpp.dir/rosidl_typesupport_introspection_cpp/dobot_msgs_v4/srv/detail/arc__type_support.cpp.o[0m
[ 68%] [32mBuilding CXX object CMakeFiles/dobot_msgs_v4__rosidl_typesupport_fastrtps_c.dir/rosidl_typesupport_fastrtps_c/dobot_msgs_v4/srv/detail/set_safe_skin__type_support_c.cpp.o[0m
[ 68%] [32mBuilding CXX object CMakeFiles/dobot_msgs_v4__rosidl_typesupport_fastrtps_cpp.dir/rosidl_typesupport_fastrtps_cpp/dobot_msgs_v4/srv/detail/dds_fastrtps/set_collision_level__type_support.cpp.o[0m
[ 68%] [32mBuilding CXX object CMakeFiles/dobot_msgs_v4__rosidl_typesupport_fastrtps_cpp.dir/rosidl_typesupport_fastrtps_cpp/dobot_msgs_v4/srv/detail/dds_fastrtps/get_angle__type_support.cpp.o[0m
[ 68%] [32mBuilding CXX object CMakeFiles/dobot_msgs_v4__rosidl_typesupport_fastrtps_c.dir/rosidl_typesupport_fastrtps_c/dobot_msgs_v4/srv/detail/mov_j__type_support_c.cpp.o[0m
[ 68%] [32mBuilding CXX object CMakeFiles/dobot_msgs_v4__rosidl_typesupport_fastrtps_c.dir/rosidl_typesupport_fastrtps_c/dobot_msgs_v4/srv/detail/mov_l__type_support_c.cpp.o[0m
[ 68%] [32mBuilding CXX object CMakeFiles/dobot_msgs_v4__rosidl_typesupport_introspection_cpp.dir/rosidl_typesupport_introspection_cpp/dobot_msgs_v4/srv/detail/circle__type_support.cpp.o[0m
[ 68%] [32mBuilding CXX object CMakeFiles/dobot_msgs_v4__rosidl_typesupport_fastrtps_cpp.dir/rosidl_typesupport_fastrtps_cpp/dobot_msgs_v4/srv/detail/dds_fastrtps/get_pose__type_support.cpp.o[0m
[ 68%] [32mBuilding CXX object CMakeFiles/dobot_msgs_v4__rosidl_typesupport_introspection_cpp.dir/rosidl_typesupport_introspection_cpp/dobot_msgs_v4/srv/detail/rel_mov_j_tool__type_support.cpp.o[0m
[ 68%] [32mBuilding CXX object CMakeFiles/dobot_msgs_v4__rosidl_typesupport_introspection_cpp.dir/rosidl_typesupport_introspection_cpp/dobot_msgs_v4/srv/detail/rel_mov_l_tool__type_support.cpp.o[0m
[ 68%] [32mBuilding CXX object CMakeFiles/dobot_msgs_v4__rosidl_typesupport_fastrtps_cpp.dir/rosidl_typesupport_fastrtps_cpp/dobot_msgs_v4/srv/detail/dds_fastrtps/emergency_stop__type_support.cpp.o[0m
[ 68%] [32mBuilding CXX object CMakeFiles/dobot_msgs_v4__rosidl_typesupport_introspection_cpp.dir/rosidl_typesupport_introspection_cpp/dobot_msgs_v4/srv/detail/rel_mov_j_user__type_support.cpp.o[0m
[ 68%] [32mBuilding CXX object CMakeFiles/dobot_msgs_v4__rosidl_typesupport_fastrtps_c.dir/rosidl_typesupport_fastrtps_c/dobot_msgs_v4/srv/detail/rel_joint_mov_j__type_support_c.cpp.o[0m
[ 68%] [32mBuilding CXX object CMakeFiles/dobot_msgs_v4__rosidl_typesupport_introspection_cpp.dir/rosidl_typesupport_introspection_cpp/dobot_msgs_v4/srv/detail/rel_mov_l_user__type_support.cpp.o[0m
[ 68%] [32mBuilding CXX object CMakeFiles/dobot_msgs_v4__rosidl_typesupport_fastrtps_c.dir/rosidl_typesupport_fastrtps_c/dobot_msgs_v4/srv/detail/move_jog__type_support_c.cpp.o[0m
[ 68%] [32mBuilding CXX object CMakeFiles/dobot_msgs_v4__rosidl_typesupport_fastrtps_cpp.dir/rosidl_typesupport_fastrtps_cpp/dobot_msgs_v4/srv/detail/dds_fastrtps/modbus_rtu_create__type_support.cpp.o[0m
[ 68%] [32mBuilding CXX object CMakeFiles/dobot_msgs_v4__rosidl_typesupport_fastrtps_c.dir/rosidl_typesupport_fastrtps_c/dobot_msgs_v4/srv/detail/stop_move_jog__type_support_c.cpp.o[0m
[ 68%] [32mBuilding CXX object CMakeFiles/dobot_msgs_v4__rosidl_typesupport_fastrtps_c.dir/rosidl_typesupport_fastrtps_c/dobot_msgs_v4/srv/detail/do_group__type_support_c.cpp.o[0m
[ 68%] [32mBuilding CXX object CMakeFiles/dobot_msgs_v4__rosidl_typesupport_introspection_cpp.dir/rosidl_typesupport_introspection_cpp/dobot_msgs_v4/srv/detail/get_current_command_id__type_support.cpp.o[0m
[ 68%] [32mBuilding CXX object CMakeFiles/dobot_msgs_v4__rosidl_typesupport_introspection_cpp.dir/rosidl_typesupport_introspection_cpp/dobot_msgs_v4/srv/detail/servo_j__type_support.cpp.o[0m
[ 68%] [32mBuilding CXX object CMakeFiles/dobot_msgs_v4__rosidl_typesupport_fastrtps_cpp.dir/rosidl_typesupport_fastrtps_cpp/dobot_msgs_v4/srv/detail/dds_fastrtps/modbus_create__type_support.cpp.o[0m
[ 68%] [32mBuilding CXX object CMakeFiles/dobot_msgs_v4__rosidl_typesupport_fastrtps_cpp.dir/rosidl_typesupport_fastrtps_cpp/dobot_msgs_v4/srv/detail/dds_fastrtps/modbus_close__type_support.cpp.o[0m
[ 68%] [32mBuilding CXX object CMakeFiles/dobot_msgs_v4__rosidl_typesupport_introspection_cpp.dir/rosidl_typesupport_introspection_cpp/dobot_msgs_v4/srv/detail/servo_p__type_support.cpp.o[0m
[ 69%] [32mBuilding CXX object CMakeFiles/dobot_msgs_v4__rosidl_typesupport_fastrtps_cpp.dir/rosidl_typesupport_fastrtps_cpp/dobot_msgs_v4/srv/detail/dds_fastrtps/get_in_bits__type_support.cpp.o[0m
[ 69%] [32mBuilding CXX object CMakeFiles/dobot_msgs_v4__rosidl_typesupport_fastrtps_cpp.dir/rosidl_typesupport_fastrtps_cpp/dobot_msgs_v4/srv/detail/dds_fastrtps/get_in_regs__type_support.cpp.o[0m
[ 69%] [32mBuilding CXX object CMakeFiles/dobot_msgs_v4__rosidl_typesupport_fastrtps_c.dir/rosidl_typesupport_fastrtps_c/dobot_msgs_v4/srv/detail/brake_control__type_support_c.cpp.o[0m
[ 69%] [32mBuilding CXX object CMakeFiles/dobot_msgs_v4__rosidl_typesupport_fastrtps_c.dir/rosidl_typesupport_fastrtps_c/dobot_msgs_v4/srv/detail/start_drag__type_support_c.cpp.o[0m
[ 69%] [32mBuilding CXX object CMakeFiles/dobot_msgs_v4__rosidl_typesupport_fastrtps_cpp.dir/rosidl_typesupport_fastrtps_cpp/dobot_msgs_v4/srv/detail/dds_fastrtps/get_coils__type_support.cpp.o[0m
[ 69%] [32mBuilding CXX object CMakeFiles/dobot_msgs_v4__rosidl_typesupport_fastrtps_cpp.dir/rosidl_typesupport_fastrtps_cpp/dobot_msgs_v4/srv/detail/dds_fastrtps/set_coils__type_support.cpp.o[0m
[ 69%] [32mBuilding CXX object CMakeFiles/dobot_msgs_v4__rosidl_typesupport_fastrtps_cpp.dir/rosidl_typesupport_fastrtps_cpp/dobot_msgs_v4/srv/detail/dds_fastrtps/get_hold_regs__type_support.cpp.o[0m
[ 69%] [32mBuilding CXX object CMakeFiles/dobot_msgs_v4__rosidl_typesupport_fastrtps_cpp.dir/rosidl_typesupport_fastrtps_cpp/dobot_msgs_v4/srv/detail/dds_fastrtps/set_hold_regs__type_support.cpp.o[0m
[ 69%] [32mBuilding CXX object CMakeFiles/dobot_msgs_v4__rosidl_typesupport_introspection_cpp.dir/rosidl_typesupport_introspection_cpp/dobot_msgs_v4/srv/detail/tcp_dashboard__type_support.cpp.o[0m
[ 69%] [32mBuilding CXX object CMakeFiles/dobot_msgs_v4__rosidl_typesupport_fastrtps_cpp.dir/rosidl_typesupport_fastrtps_cpp/dobot_msgs_v4/srv/detail/dds_fastrtps/set_safe_skin__type_support.cpp.o[0m
[ 69%] [32mBuilding CXX object CMakeFiles/dobot_msgs_v4__rosidl_typesupport_introspection_cpp.dir/rosidl_typesupport_introspection_cpp/dobot_msgs_v4/srv/detail/enable_ft_sensor__type_support.cpp.o[0m
[ 69%] [32mBuilding CXX object CMakeFiles/dobot_msgs_v4__rosidl_typesupport_fastrtps_cpp.dir/rosidl_typesupport_fastrtps_cpp/dobot_msgs_v4/srv/detail/dds_fastrtps/mov_j__type_support.cpp.o[0m
[ 69%] [32mBuilding CXX object CMakeFiles/dobot_msgs_v4__rosidl_typesupport_fastrtps_c.dir/rosidl_typesupport_fastrtps_c/dobot_msgs_v4/srv/detail/enable_safe_skin__type_support_c.cpp.o[0m
[ 70%] [32mBuilding CXX object CMakeFiles/dobot_msgs_v4__rosidl_typesupport_fastrtps_c.dir/rosidl_typesupport_fastrtps_c/dobot_msgs_v4/srv/detail/get_start_pose__type_support_c.cpp.o[0m
[ 70%] [32mBuilding CXX object CMakeFiles/dobot_msgs_v4__rosidl_typesupport_fastrtps_c.dir/rosidl_typesupport_fastrtps_c/dobot_msgs_v4/srv/detail/start_path__type_support_c.cpp.o[0m
[ 70%] [32mBuilding CXX object CMakeFiles/dobot_msgs_v4__rosidl_typesupport_fastrtps_c.dir/rosidl_typesupport_fastrtps_c/dobot_msgs_v4/srv/detail/inverse_solution__type_support_c.cpp.o[0m
[ 70%] [32mBuilding CXX object CMakeFiles/dobot_msgs_v4__rosidl_typesupport_fastrtps_cpp.dir/rosidl_typesupport_fastrtps_cpp/dobot_msgs_v4/srv/detail/dds_fastrtps/mov_l__type_support.cpp.o[0m
[ 71%] [32mBuilding CXX object CMakeFiles/dobot_msgs_v4__rosidl_typesupport_introspection_cpp.dir/rosidl_typesupport_introspection_cpp/dobot_msgs_v4/srv/detail/six_force_home__type_support.cpp.o[0m
[ 71%] [32mBuilding CXX object CMakeFiles/dobot_msgs_v4__rosidl_typesupport_introspection_cpp.dir/rosidl_typesupport_introspection_cpp/dobot_msgs_v4/srv/detail/get_force__type_support.cpp.o[0m
[ 71%] [32mBuilding CXX object CMakeFiles/dobot_msgs_v4__rosidl_typesupport_fastrtps_c.dir/rosidl_typesupport_fastrtps_c/dobot_msgs_v4/srv/detail/get_error_id__type_support_c.cpp.o[0m
[ 71%] [32mBuilding CXX object CMakeFiles/dobot_msgs_v4__rosidl_typesupport_fastrtps_cpp.dir/rosidl_typesupport_fastrtps_cpp/dobot_msgs_v4/srv/detail/dds_fastrtps/rel_joint_mov_j__type_support.cpp.o[0m
[ 72%] [32mBuilding CXX object CMakeFiles/dobot_msgs_v4__rosidl_typesupport_fastrtps_cpp.dir/rosidl_typesupport_fastrtps_cpp/dobot_msgs_v4/srv/detail/dds_fastrtps/move_jog__type_support.cpp.o[0m
[ 72%] [32mBuilding CXX object CMakeFiles/dobot_msgs_v4__rosidl_typesupport_fastrtps_cpp.dir/rosidl_typesupport_fastrtps_cpp/dobot_msgs_v4/srv/detail/dds_fastrtps/stop_move_jog__type_support.cpp.o[0m
[ 72%] [32mBuilding CXX object CMakeFiles/dobot_msgs_v4__rosidl_typesupport_fastrtps_c.dir/rosidl_typesupport_fastrtps_c/dobot_msgs_v4/srv/detail/di__type_support_c.cpp.o[0m
[ 72%] [32mBuilding CXX object CMakeFiles/dobot_msgs_v4__rosidl_typesupport_fastrtps_c.dir/rosidl_typesupport_fastrtps_c/dobot_msgs_v4/srv/detail/tool_di__type_support_c.cpp.o[0m
[ 72%] [32mBuilding CXX object CMakeFiles/dobot_msgs_v4__rosidl_typesupport_fastrtps_c.dir/rosidl_typesupport_fastrtps_c/dobot_msgs_v4/srv/detail/ai__type_support_c.cpp.o[0m
[ 72%] [32mBuilding CXX object CMakeFiles/dobot_msgs_v4__rosidl_typesupport_fastrtps_c.dir/rosidl_typesupport_fastrtps_c/dobot_msgs_v4/srv/detail/tool_ai__type_support_c.cpp.o[0m
[ 72%] [32mBuilding CXX object CMakeFiles/dobot_msgs_v4__rosidl_typesupport_fastrtps_cpp.dir/rosidl_typesupport_fastrtps_cpp/dobot_msgs_v4/srv/detail/dds_fastrtps/do_group__type_support.cpp.o[0m
[ 72%] [32mBuilding CXX object CMakeFiles/dobot_msgs_v4__rosidl_typesupport_introspection_cpp.dir/rosidl_typesupport_introspection_cpp/dobot_msgs_v4/srv/detail/force_drive_mode__type_support.cpp.o[0m
[ 72%] [32mBuilding CXX object CMakeFiles/dobot_msgs_v4__rosidl_typesupport_introspection_cpp.dir/rosidl_typesupport_introspection_cpp/dobot_msgs_v4/srv/detail/force_drive_speed__type_support.cpp.o[0m
[ 72%] [32mBuilding CXX object CMakeFiles/dobot_msgs_v4__rosidl_typesupport_introspection_cpp.dir/rosidl_typesupport_introspection_cpp/dobot_msgs_v4/srv/detail/fc_force_mode__type_support.cpp.o[0m
[ 72%] [32mBuilding CXX object CMakeFiles/dobot_msgs_v4__rosidl_typesupport_fastrtps_c.dir/rosidl_typesupport_fastrtps_c/dobot_msgs_v4/srv/detail/di_group__type_support_c.cpp.o[0m
[ 72%] [32mBuilding CXX object CMakeFiles/dobot_msgs_v4__rosidl_typesupport_introspection_cpp.dir/rosidl_typesupport_introspection_cpp/dobot_msgs_v4/srv/detail/fc_set_deviation__type_support.cpp.o[0m
[ 72%] [32mBuilding CXX object CMakeFiles/dobot_msgs_v4__rosidl_typesupport_fastrtps_cpp.dir/rosidl_typesupport_fastrtps_cpp/dobot_msgs_v4/srv/detail/dds_fastrtps/brake_control__type_support.cpp.o[0m
[ 72%] [32mBuilding CXX object CMakeFiles/dobot_msgs_v4__rosidl_typesupport_introspection_cpp.dir/rosidl_typesupport_introspection_cpp/dobot_msgs_v4/srv/detail/fc_set_force_limit__type_support.cpp.o[0m
[ 72%] [32mBuilding CXX object CMakeFiles/dobot_msgs_v4__rosidl_typesupport_fastrtps_cpp.dir/rosidl_typesupport_fastrtps_cpp/dobot_msgs_v4/srv/detail/dds_fastrtps/start_drag__type_support.cpp.o[0m
[ 72%] [32mBuilding CXX object CMakeFiles/dobot_msgs_v4__rosidl_typesupport_fastrtps_cpp.dir/rosidl_typesupport_fastrtps_cpp/dobot_msgs_v4/srv/detail/dds_fastrtps/enable_safe_skin__type_support.cpp.o[0m
[ 72%] [32mBuilding CXX object CMakeFiles/dobot_msgs_v4__rosidl_typesupport_introspection_cpp.dir/rosidl_typesupport_introspection_cpp/dobot_msgs_v4/srv/detail/fc_set_mass__type_support.cpp.o[0m
[ 72%] [32mBuilding CXX object CMakeFiles/dobot_msgs_v4__rosidl_typesupport_fastrtps_cpp.dir/rosidl_typesupport_fastrtps_cpp/dobot_msgs_v4/srv/detail/dds_fastrtps/get_start_pose__type_support.cpp.o[0m
[ 72%] [32mBuilding CXX object CMakeFiles/dobot_msgs_v4__rosidl_typesupport_fastrtps_cpp.dir/rosidl_typesupport_fastrtps_cpp/dobot_msgs_v4/srv/detail/dds_fastrtps/start_path__type_support.cpp.o[0m
[ 72%] [32mBuilding CXX object CMakeFiles/dobot_msgs_v4__rosidl_typesupport_introspection_cpp.dir/rosidl_typesupport_introspection_cpp/dobot_msgs_v4/srv/detail/fc_set_stiffness__type_support.cpp.o[0m
[ 72%] [32mBuilding CXX object CMakeFiles/dobot_msgs_v4__rosidl_typesupport_introspection_cpp.dir/rosidl_typesupport_introspection_cpp/dobot_msgs_v4/srv/detail/fc_set_damping__type_support.cpp.o[0m
[ 72%] [32mBuilding CXX object CMakeFiles/dobot_msgs_v4__rosidl_typesupport_fastrtps_cpp.dir/rosidl_typesupport_fastrtps_cpp/dobot_msgs_v4/srv/detail/dds_fastrtps/inverse_solution__type_support.cpp.o[0m
[ 72%] [32mBuilding CXX object CMakeFiles/dobot_msgs_v4__rosidl_typesupport_fastrtps_cpp.dir/rosidl_typesupport_fastrtps_cpp/dobot_msgs_v4/srv/detail/dds_fastrtps/get_error_id__type_support.cpp.o[0m
[ 73%] [32mBuilding CXX object CMakeFiles/dobot_msgs_v4__rosidl_typesupport_fastrtps_cpp.dir/rosidl_typesupport_fastrtps_cpp/dobot_msgs_v4/srv/detail/dds_fastrtps/di__type_support.cpp.o[0m
[ 73%] [32mBuilding CXX object CMakeFiles/dobot_msgs_v4__rosidl_typesupport_fastrtps_c.dir/rosidl_typesupport_fastrtps_c/dobot_msgs_v4/srv/detail/stop_drag__type_support_c.cpp.o[0m
[ 74%] [32mBuilding CXX object CMakeFiles/dobot_msgs_v4__rosidl_typesupport_fastrtps_c.dir/rosidl_typesupport_fastrtps_c/dobot_msgs_v4/srv/detail/drag_sensivity__type_support_c.cpp.o[0m
[ 74%] [32mBuilding CXX object CMakeFiles/dobot_msgs_v4__rosidl_typesupport_fastrtps_c.dir/rosidl_typesupport_fastrtps_c/dobot_msgs_v4/srv/detail/get_do__type_support_c.cpp.o[0m
[ 74%] [32mBuilding CXX object CMakeFiles/dobot_msgs_v4__rosidl_typesupport_fastrtps_c.dir/rosidl_typesupport_fastrtps_c/dobot_msgs_v4/srv/detail/get_ao__type_support_c.cpp.o[0m
[ 74%] [32mBuilding CXX object CMakeFiles/dobot_msgs_v4__rosidl_typesupport_fastrtps_c.dir/rosidl_typesupport_fastrtps_c/dobot_msgs_v4/srv/detail/get_do_group__type_support_c.cpp.o[0m
[ 74%] [32mBuilding CXX object CMakeFiles/dobot_msgs_v4__rosidl_typesupport_fastrtps_c.dir/rosidl_typesupport_fastrtps_c/dobot_msgs_v4/srv/detail/set_tool485__type_support_c.cpp.o[0m
[ 74%] [32mBuilding CXX object CMakeFiles/dobot_msgs_v4__rosidl_typesupport_fastrtps_c.dir/rosidl_typesupport_fastrtps_c/dobot_msgs_v4/srv/detail/set_safe_wall_enable__type_support_c.cpp.o[0m
[ 75%] [32mBuilding CXX object CMakeFiles/dobot_msgs_v4__rosidl_typesupport_introspection_cpp.dir/rosidl_typesupport_introspection_cpp/dobot_msgs_v4/srv/detail/fc_off__type_support.cpp.o[0m
[ 75%] [32mBuilding CXX object CMakeFiles/dobot_msgs_v4__rosidl_typesupport_fastrtps_c.dir/rosidl_typesupport_fastrtps_c/dobot_msgs_v4/srv/detail/set_tool_power__type_support_c.cpp.o[0m
[ 75%] [32mBuilding CXX object CMakeFiles/dobot_msgs_v4__rosidl_typesupport_introspection_cpp.dir/rosidl_typesupport_introspection_cpp/dobot_msgs_v4/srv/detail/fc_set_force_speed_limit__type_support.cpp.o[0m
[ 75%] [32mBuilding CXX object CMakeFiles/dobot_msgs_v4__rosidl_typesupport_fastrtps_c.dir/rosidl_typesupport_fastrtps_c/dobot_msgs_v4/srv/detail/set_tool_mode__type_support_c.cpp.o[0m
[ 75%] [32mBuilding CXX object CMakeFiles/dobot_msgs_v4__rosidl_typesupport_introspection_cpp.dir/rosidl_typesupport_introspection_cpp/dobot_msgs_v4/srv/detail/fc_set_force__type_support.cpp.o[0m
[ 75%] [32mBuilding CXX object CMakeFiles/dobot_msgs_v4__rosidl_typesupport_fastrtps_cpp.dir/rosidl_typesupport_fastrtps_cpp/dobot_msgs_v4/srv/detail/dds_fastrtps/tool_di__type_support.cpp.o[0m
[ 75%] [32mBuilding CXX object CMakeFiles/dobot_msgs_v4__rosidl_typesupport_introspection_cpp.dir/rosidl_typesupport_introspection_cpp/dobot_msgs_v4/srv/detail/set_fc_collision__type_support.cpp.o[0m
[ 75%] [32mBuilding CXX object CMakeFiles/dobot_msgs_v4__rosidl_typesupport_fastrtps_c.dir/rosidl_typesupport_fastrtps_c/dobot_msgs_v4/srv/detail/set_back_distance__type_support_c.cpp.o[0m
[ 75%] [32mBuilding CXX object CMakeFiles/dobot_msgs_v4__rosidl_typesupport_introspection_cpp.dir/rosidl_typesupport_introspection_cpp/dobot_msgs_v4/srv/detail/fc_collision_switch__type_support.cpp.o[0m
[ 75%] [32mBuilding CXX object CMakeFiles/dobot_msgs_v4__rosidl_typesupport_fastrtps_c.dir/rosidl_typesupport_fastrtps_c/dobot_msgs_v4/srv/detail/set_post_collision_mode__type_support_c.cpp.o[0m
[ 75%] [32mBuilding CXX object CMakeFiles/dobot_msgs_v4__rosidl_typesupport_fastrtps_cpp.dir/rosidl_typesupport_fastrtps_cpp/dobot_msgs_v4/srv/detail/dds_fastrtps/ai__type_support.cpp.o[0m
[ 75%] [32mBuilding CXX object CMakeFiles/dobot_msgs_v4__rosidl_typesupport_introspection_cpp.dir/rosidl_typesupport_introspection_cpp/dobot_msgs_v4/srv/detail/set_work_zone_enable__type_support.cpp.o[0m
[ 75%] [32mBuilding CXX object CMakeFiles/dobot_msgs_v4__rosidl_typesupport_fastrtps_c.dir/rosidl_typesupport_fastrtps_c/dobot_msgs_v4/srv/detail/set_user__type_support_c.cpp.o[0m
[ 75%] [32mBuilding CXX object CMakeFiles/dobot_msgs_v4__rosidl_typesupport_fastrtps_cpp.dir/rosidl_typesupport_fastrtps_cpp/dobot_msgs_v4/srv/detail/dds_fastrtps/tool_ai__type_support.cpp.o[0m
[ 75%] [32mBuilding CXX object CMakeFiles/dobot_msgs_v4__rosidl_typesupport_introspection_cpp.dir/rosidl_typesupport_introspection_cpp/dobot_msgs_v4/srv/detail/get_tool_do__type_support.cpp.o[0m
[ 76%] [32mBuilding CXX object CMakeFiles/dobot_msgs_v4__rosidl_typesupport_fastrtps_c.dir/rosidl_typesupport_fastrtps_c/dobot_msgs_v4/srv/detail/set_tool__type_support_c.cpp.o[0m
[ 76%] [32mBuilding CXX object CMakeFiles/dobot_msgs_v4__rosidl_typesupport_introspection_cpp.dir/rosidl_typesupport_introspection_cpp/dobot_msgs_v4/srv/detail/reset_robot__type_support.cpp.o[0m
[ 76%] [32mBuilding CXX object CMakeFiles/dobot_msgs_v4__rosidl_typesupport_fastrtps_cpp.dir/rosidl_typesupport_fastrtps_cpp/dobot_msgs_v4/srv/detail/dds_fastrtps/di_group__type_support.cpp.o[0m
[ 76%] [32mBuilding CXX object CMakeFiles/dobot_msgs_v4__rosidl_typesupport_fastrtps_cpp.dir/rosidl_typesupport_fastrtps_cpp/dobot_msgs_v4/srv/detail/dds_fastrtps/stop_drag__type_support.cpp.o[0m
[ 76%] [32mBuilding CXX object CMakeFiles/dobot_msgs_v4__rosidl_typesupport_fastrtps_cpp.dir/rosidl_typesupport_fastrtps_cpp/dobot_msgs_v4/srv/detail/dds_fastrtps/drag_sensivity__type_support.cpp.o[0m
[ 76%] [32mBuilding CXX object CMakeFiles/dobot_msgs_v4__rosidl_typesupport_introspection_cpp.dir/rosidl_typesupport_introspection_cpp/dobot_msgs_v4/srv/detail/run_to__type_support.cpp.o[0m
[ 76%] [32mBuilding CXX object CMakeFiles/dobot_msgs_v4__rosidl_typesupport_fastrtps_cpp.dir/rosidl_typesupport_fastrtps_cpp/dobot_msgs_v4/srv/detail/dds_fastrtps/get_do__type_support.cpp.o[0m
[ 76%] [32mBuilding CXX object CMakeFiles/dobot_msgs_v4__rosidl_typesupport_fastrtps_cpp.dir/rosidl_typesupport_fastrtps_cpp/dobot_msgs_v4/srv/detail/dds_fastrtps/get_ao__type_support.cpp.o[0m
[ 76%] [32mBuilding CXX object CMakeFiles/dobot_msgs_v4__rosidl_typesupport_fastrtps_cpp.dir/rosidl_typesupport_fastrtps_cpp/dobot_msgs_v4/srv/detail/dds_fastrtps/get_do_group__type_support.cpp.o[0m
[ 76%] [32mBuilding CXX object CMakeFiles/dobot_msgs_v4__rosidl_typesupport_fastrtps_cpp.dir/rosidl_typesupport_fastrtps_cpp/dobot_msgs_v4/srv/detail/dds_fastrtps/set_tool485__type_support.cpp.o[0m
[ 77%] [32mBuilding CXX object CMakeFiles/dobot_msgs_v4__rosidl_typesupport_fastrtps_cpp.dir/rosidl_typesupport_fastrtps_cpp/dobot_msgs_v4/srv/detail/dds_fastrtps/set_safe_wall_enable__type_support.cpp.o[0m
[ 77%] [32mBuilding CXX object CMakeFiles/dobot_msgs_v4__rosidl_typesupport_fastrtps_cpp.dir/rosidl_typesupport_fastrtps_cpp/dobot_msgs_v4/srv/detail/dds_fastrtps/set_tool_power__type_support.cpp.o[0m
[ 77%] [32mBuilding CXX object CMakeFiles/dobot_msgs_v4__rosidl_typesupport_fastrtps_cpp.dir/rosidl_typesupport_fastrtps_cpp/dobot_msgs_v4/srv/detail/dds_fastrtps/set_tool_mode__type_support.cpp.o[0m
[ 77%] [32mBuilding CXX object CMakeFiles/dobot_msgs_v4__rosidl_typesupport_fastrtps_c.dir/rosidl_typesupport_fastrtps_c/dobot_msgs_v4/srv/detail/calc_user__type_support_c.cpp.o[0m
[ 77%] [32mBuilding CXX object CMakeFiles/dobot_msgs_v4__rosidl_typesupport_introspection_cpp.dir/rosidl_typesupport_introspection_cpp/dobot_msgs_v4/srv/detail/start_rt_offset__type_support.cpp.o[0m
[ 77%] [32mBuilding CXX object CMakeFiles/dobot_msgs_v4__rosidl_typesupport_fastrtps_c.dir/rosidl_typesupport_fastrtps_c/dobot_msgs_v4/srv/detail/calc_tool__type_support_c.cpp.o[0m
[ 77%] [32mBuilding CXX object CMakeFiles/dobot_msgs_v4__rosidl_typesupport_fastrtps_c.dir/rosidl_typesupport_fastrtps_c/dobot_msgs_v4/srv/detail/get_input_bool__type_support_c.cpp.o[0m
[ 77%] [32mBuilding CXX object CMakeFiles/dobot_msgs_v4__rosidl_typesupport_fastrtps_c.dir/rosidl_typesupport_fastrtps_c/dobot_msgs_v4/srv/detail/get_input_int__type_support_c.cpp.o[0m
[ 77%] [32mBuilding CXX object CMakeFiles/dobot_msgs_v4__rosidl_typesupport_fastrtps_cpp.dir/rosidl_typesupport_fastrtps_cpp/dobot_msgs_v4/srv/detail/dds_fastrtps/set_back_distance__type_support.cpp.o[0m
[ 77%] [32mBuilding CXX object CMakeFiles/dobot_msgs_v4__rosidl_typesupport_fastrtps_c.dir/rosidl_typesupport_fastrtps_c/dobot_msgs_v4/srv/detail/get_input_float__type_support_c.cpp.o[0m
[ 77%] [32mBuilding CXX object CMakeFiles/dobot_msgs_v4__rosidl_typesupport_fastrtps_c.dir/rosidl_typesupport_fastrtps_c/dobot_msgs_v4/srv/detail/get_output_bool__type_support_c.cpp.o[0m
[ 77%] [32mBuilding CXX object CMakeFiles/dobot_msgs_v4__rosidl_typesupport_fastrtps_c.dir/rosidl_typesupport_fastrtps_c/dobot_msgs_v4/srv/detail/get_output_int__type_support_c.cpp.o[0m
[ 78%] [32mBuilding CXX object CMakeFiles/dobot_msgs_v4__rosidl_typesupport_introspection_cpp.dir/rosidl_typesupport_introspection_cpp/dobot_msgs_v4/srv/detail/end_rt_offset__type_support.cpp.o[0m
[ 78%] [32mBuilding CXX object CMakeFiles/dobot_msgs_v4__rosidl_typesupport_introspection_cpp.dir/rosidl_typesupport_introspection_cpp/dobot_msgs_v4/srv/detail/get_error__type_support.cpp.o[0m
[ 78%] [32mBuilding CXX object CMakeFiles/dobot_msgs_v4__rosidl_typesupport_introspection_cpp.dir/rosidl_typesupport_introspection_cpp/dobot_msgs_v4/srv/detail/do_group_dec__type_support.cpp.o[0m
[ 78%] [32mBuilding CXX object CMakeFiles/dobot_msgs_v4__rosidl_typesupport_introspection_cpp.dir/rosidl_typesupport_introspection_cpp/dobot_msgs_v4/srv/detail/get_do_group_dec__type_support.cpp.o[0m
[ 78%] [32mBuilding CXX object CMakeFiles/dobot_msgs_v4__rosidl_typesupport_fastrtps_cpp.dir/rosidl_typesupport_fastrtps_cpp/dobot_msgs_v4/srv/detail/dds_fastrtps/set_post_collision_mode__type_support.cpp.o[0m
[ 78%] [32mBuilding CXX object CMakeFiles/dobot_msgs_v4__rosidl_typesupport_fastrtps_cpp.dir/rosidl_typesupport_fastrtps_cpp/dobot_msgs_v4/srv/detail/dds_fastrtps/set_user__type_support.cpp.o[0m
[ 78%] [32mBuilding CXX object CMakeFiles/dobot_msgs_v4__rosidl_typesupport_introspection_cpp.dir/rosidl_typesupport_introspection_cpp/dobot_msgs_v4/srv/detail/di_group_dec__type_support.cpp.o[0m
[ 78%] [32mBuilding CXX object CMakeFiles/dobot_msgs_v4__rosidl_typesupport_introspection_cpp.dir/rosidl_typesupport_introspection_cpp/dobot_msgs_v4/srv/detail/request_control__type_support.cpp.o[0m
[ 78%] [32mBuilding CXX object CMakeFiles/dobot_msgs_v4__rosidl_typesupport_fastrtps_c.dir/rosidl_typesupport_fastrtps_c/dobot_msgs_v4/srv/detail/get_output_float__type_support_c.cpp.o[0m
[ 78%] [32mBuilding CXX object CMakeFiles/dobot_msgs_v4__rosidl_typesupport_introspection_cpp.dir/rosidl_typesupport_introspection_cpp/dobot_msgs_v4/srv/detail/check_odd_mov_l__type_support.cpp.o[0m
[ 78%] [32mBuilding CXX object CMakeFiles/dobot_msgs_v4__rosidl_typesupport_introspection_cpp.dir/rosidl_typesupport_introspection_cpp/dobot_msgs_v4/srv/detail/check_odd_mov_j__type_support.cpp.o[0m
[ 78%] [32mBuilding CXX object CMakeFiles/dobot_msgs_v4__rosidl_typesupport_fastrtps_c.dir/rosidl_typesupport_fastrtps_c/dobot_msgs_v4/srv/detail/set_output_bool__type_support_c.cpp.o[0m
[ 78%] [32mBuilding CXX object CMakeFiles/dobot_msgs_v4__rosidl_typesupport_introspection_cpp.dir/rosidl_typesupport_introspection_cpp/dobot_msgs_v4/srv/detail/check_odd_mov_c__type_support.cpp.o[0m
[ 79%] [32mBuilding CXX object CMakeFiles/dobot_msgs_v4__rosidl_typesupport_fastrtps_c.dir/rosidl_typesupport_fastrtps_c/dobot_msgs_v4/srv/detail/set_output_int__type_support_c.cpp.o[0m
[ 79%] [32mBuilding CXX object CMakeFiles/dobot_msgs_v4__rosidl_typesupport_fastrtps_c.dir/rosidl_typesupport_fastrtps_c/dobot_msgs_v4/srv/detail/set_output_float__type_support_c.cpp.o[0m
[ 79%] [32mBuilding CXX object CMakeFiles/dobot_msgs_v4__rosidl_typesupport_fastrtps_cpp.dir/rosidl_typesupport_fastrtps_cpp/dobot_msgs_v4/srv/detail/dds_fastrtps/set_tool__type_support.cpp.o[0m
[ 79%] [32mBuilding CXX object CMakeFiles/dobot_msgs_v4__rosidl_typesupport_fastrtps_c.dir/rosidl_typesupport_fastrtps_c/dobot_msgs_v4/srv/detail/mov_lio__type_support_c.cpp.o[0m
[ 79%] [32mBuilding CXX object CMakeFiles/dobot_msgs_v4__rosidl_typesupport_fastrtps_cpp.dir/rosidl_typesupport_fastrtps_cpp/dobot_msgs_v4/srv/detail/dds_fastrtps/calc_user__type_support.cpp.o[0m
[ 79%] [32mBuilding CXX object CMakeFiles/dobot_msgs_v4__rosidl_typesupport_fastrtps_cpp.dir/rosidl_typesupport_fastrtps_cpp/dobot_msgs_v4/srv/detail/dds_fastrtps/calc_tool__type_support.cpp.o[0m
[ 79%] [32mBuilding CXX object CMakeFiles/dobot_msgs_v4__rosidl_typesupport_fastrtps_cpp.dir/rosidl_typesupport_fastrtps_cpp/dobot_msgs_v4/srv/detail/dds_fastrtps/get_input_bool__type_support.cpp.o[0m
[ 79%] [32mBuilding CXX object CMakeFiles/dobot_msgs_v4__rosidl_typesupport_fastrtps_c.dir/rosidl_typesupport_fastrtps_c/dobot_msgs_v4/srv/detail/mov_jio__type_support_c.cpp.o[0m
[ 79%] [32mBuilding CXX object CMakeFiles/dobot_msgs_v4__rosidl_typesupport_fastrtps_c.dir/rosidl_typesupport_fastrtps_c/dobot_msgs_v4/srv/detail/arc__type_support_c.cpp.o[0m
[ 79%] [32mBuilding CXX object CMakeFiles/dobot_msgs_v4__rosidl_typesupport_fastrtps_c.dir/rosidl_typesupport_fastrtps_c/dobot_msgs_v4/srv/detail/circle__type_support_c.cpp.o[0m
[ 80%] [32mBuilding CXX object CMakeFiles/dobot_msgs_v4__rosidl_typesupport_fastrtps_cpp.dir/rosidl_typesupport_fastrtps_cpp/dobot_msgs_v4/srv/detail/dds_fastrtps/get_input_int__type_support.cpp.o[0m
[ 80%] [32mBuilding CXX object CMakeFiles/dobot_msgs_v4__rosidl_typesupport_fastrtps_cpp.dir/rosidl_typesupport_fastrtps_cpp/dobot_msgs_v4/srv/detail/dds_fastrtps/get_input_float__type_support.cpp.o[0m
[ 80%] [32mBuilding CXX object CMakeFiles/dobot_msgs_v4__rosidl_typesupport_fastrtps_c.dir/rosidl_typesupport_fastrtps_c/dobot_msgs_v4/srv/detail/rel_mov_j_tool__type_support_c.cpp.o[0m
[ 80%] [32mBuilding CXX object CMakeFiles/dobot_msgs_v4__rosidl_typesupport_fastrtps_cpp.dir/rosidl_typesupport_fastrtps_cpp/dobot_msgs_v4/srv/detail/dds_fastrtps/get_output_bool__type_support.cpp.o[0m
[ 80%] [32mBuilding CXX object CMakeFiles/dobot_msgs_v4__rosidl_typesupport_fastrtps_cpp.dir/rosidl_typesupport_fastrtps_cpp/dobot_msgs_v4/srv/detail/dds_fastrtps/get_output_int__type_support.cpp.o[0m
[ 80%] [32m[1mLinking CXX shared library libdobot_msgs_v4__rosidl_typesupport_introspection_cpp.so[0m
[ 80%] [32mBuilding CXX object CMakeFiles/dobot_msgs_v4__rosidl_typesupport_fastrtps_cpp.dir/rosidl_typesupport_fastrtps_cpp/dobot_msgs_v4/srv/detail/dds_fastrtps/get_output_float__type_support.cpp.o[0m
[ 80%] [32mBuilding CXX object CMakeFiles/dobot_msgs_v4__rosidl_typesupport_fastrtps_cpp.dir/rosidl_typesupport_fastrtps_cpp/dobot_msgs_v4/srv/detail/dds_fastrtps/set_output_bool__type_support.cpp.o[0m
[ 80%] [32mBuilding CXX object CMakeFiles/dobot_msgs_v4__rosidl_typesupport_fastrtps_cpp.dir/rosidl_typesupport_fastrtps_cpp/dobot_msgs_v4/srv/detail/dds_fastrtps/set_output_int__type_support.cpp.o[0m
[ 80%] [32mBuilding CXX object CMakeFiles/dobot_msgs_v4__rosidl_typesupport_fastrtps_c.dir/rosidl_typesupport_fastrtps_c/dobot_msgs_v4/srv/detail/rel_mov_l_tool__type_support_c.cpp.o[0m
[ 80%] [32mBuilding CXX object CMakeFiles/dobot_msgs_v4__rosidl_typesupport_fastrtps_c.dir/rosidl_typesupport_fastrtps_c/dobot_msgs_v4/srv/detail/rel_mov_j_user__type_support_c.cpp.o[0m
[ 80%] Built target dobot_msgs_v4__rosidl_typesupport_introspection_cpp
[ 80%] [32mBuilding CXX object CMakeFiles/dobot_msgs_v4__rosidl_typesupport_fastrtps_c.dir/rosidl_typesupport_fastrtps_c/dobot_msgs_v4/srv/detail/rel_mov_l_user__type_support_c.cpp.o[0m
[ 81%] [32mBuilding CXX object CMakeFiles/dobot_msgs_v4__rosidl_typesupport_fastrtps_c.dir/rosidl_typesupport_fastrtps_c/dobot_msgs_v4/srv/detail/get_current_command_id__type_support_c.cpp.o[0m
[ 81%] [32mBuilding CXX object CMakeFiles/dobot_msgs_v4__rosidl_typesupport_fastrtps_c.dir/rosidl_typesupport_fastrtps_c/dobot_msgs_v4/srv/detail/servo_j__type_support_c.cpp.o[0m
[ 81%] [32mBuilding CXX object CMakeFiles/dobot_msgs_v4__rosidl_typesupport_fastrtps_cpp.dir/rosidl_typesupport_fastrtps_cpp/dobot_msgs_v4/srv/detail/dds_fastrtps/set_output_float__type_support.cpp.o[0m
[ 81%] [32mBuilding CXX object CMakeFiles/dobot_msgs_v4__rosidl_typesupport_fastrtps_cpp.dir/rosidl_typesupport_fastrtps_cpp/dobot_msgs_v4/srv/detail/dds_fastrtps/mov_lio__type_support.cpp.o[0m
[ 81%] [32mBuilding CXX object CMakeFiles/dobot_msgs_v4__rosidl_typesupport_fastrtps_c.dir/rosidl_typesupport_fastrtps_c/dobot_msgs_v4/srv/detail/servo_p__type_support_c.cpp.o[0m
[ 81%] [32mBuilding CXX object CMakeFiles/dobot_msgs_v4__rosidl_typesupport_fastrtps_cpp.dir/rosidl_typesupport_fastrtps_cpp/dobot_msgs_v4/srv/detail/dds_fastrtps/mov_jio__type_support.cpp.o[0m
[ 81%] [32mBuilding CXX object CMakeFiles/dobot_msgs_v4__rosidl_typesupport_fastrtps_c.dir/rosidl_typesupport_fastrtps_c/dobot_msgs_v4/srv/detail/tcp_dashboard__type_support_c.cpp.o[0m
[ 81%] [32mBuilding CXX object CMakeFiles/dobot_msgs_v4__rosidl_typesupport_fastrtps_c.dir/rosidl_typesupport_fastrtps_c/dobot_msgs_v4/srv/detail/enable_ft_sensor__type_support_c.cpp.o[0m
[ 81%] [32mBuilding CXX object CMakeFiles/dobot_msgs_v4__rosidl_typesupport_fastrtps_c.dir/rosidl_typesupport_fastrtps_c/dobot_msgs_v4/srv/detail/six_force_home__type_support_c.cpp.o[0m
[ 81%] [32mBuilding CXX object CMakeFiles/dobot_msgs_v4__rosidl_typesupport_fastrtps_c.dir/rosidl_typesupport_fastrtps_c/dobot_msgs_v4/srv/detail/get_force__type_support_c.cpp.o[0m
[ 81%] [32mBuilding CXX object CMakeFiles/dobot_msgs_v4__rosidl_typesupport_fastrtps_c.dir/rosidl_typesupport_fastrtps_c/dobot_msgs_v4/srv/detail/force_drive_mode__type_support_c.cpp.o[0m
[ 82%] [32mBuilding CXX object CMakeFiles/dobot_msgs_v4__rosidl_typesupport_fastrtps_cpp.dir/rosidl_typesupport_fastrtps_cpp/dobot_msgs_v4/srv/detail/dds_fastrtps/arc__type_support.cpp.o[0m
[ 82%] [32mBuilding CXX object CMakeFiles/dobot_msgs_v4__rosidl_typesupport_fastrtps_cpp.dir/rosidl_typesupport_fastrtps_cpp/dobot_msgs_v4/srv/detail/dds_fastrtps/circle__type_support.cpp.o[0m
[ 82%] [32mBuilding CXX object CMakeFiles/dobot_msgs_v4__rosidl_typesupport_fastrtps_cpp.dir/rosidl_typesupport_fastrtps_cpp/dobot_msgs_v4/srv/detail/dds_fastrtps/rel_mov_j_tool__type_support.cpp.o[0m
[ 82%] [32mBuilding CXX object CMakeFiles/dobot_msgs_v4__rosidl_typesupport_fastrtps_cpp.dir/rosidl_typesupport_fastrtps_cpp/dobot_msgs_v4/srv/detail/dds_fastrtps/rel_mov_l_tool__type_support.cpp.o[0m
[ 82%] [32mBuilding CXX object CMakeFiles/dobot_msgs_v4__rosidl_typesupport_fastrtps_cpp.dir/rosidl_typesupport_fastrtps_cpp/dobot_msgs_v4/srv/detail/dds_fastrtps/rel_mov_j_user__type_support.cpp.o[0m
[ 82%] [32mBuilding CXX object CMakeFiles/dobot_msgs_v4__rosidl_typesupport_fastrtps_cpp.dir/rosidl_typesupport_fastrtps_cpp/dobot_msgs_v4/srv/detail/dds_fastrtps/rel_mov_l_user__type_support.cpp.o[0m
[ 82%] [32mBuilding CXX object CMakeFiles/dobot_msgs_v4__rosidl_typesupport_fastrtps_cpp.dir/rosidl_typesupport_fastrtps_cpp/dobot_msgs_v4/srv/detail/dds_fastrtps/get_current_command_id__type_support.cpp.o[0m
[ 82%] [32mBuilding CXX object CMakeFiles/dobot_msgs_v4__rosidl_typesupport_fastrtps_c.dir/rosidl_typesupport_fastrtps_c/dobot_msgs_v4/srv/detail/force_drive_speed__type_support_c.cpp.o[0m
[ 82%] [32mBuilding CXX object CMakeFiles/dobot_msgs_v4__rosidl_typesupport_fastrtps_cpp.dir/rosidl_typesupport_fastrtps_cpp/dobot_msgs_v4/srv/detail/dds_fastrtps/servo_j__type_support.cpp.o[0m
[ 82%] [32mBuilding CXX object CMakeFiles/dobot_msgs_v4__rosidl_typesupport_fastrtps_cpp.dir/rosidl_typesupport_fastrtps_cpp/dobot_msgs_v4/srv/detail/dds_fastrtps/servo_p__type_support.cpp.o[0m
[ 82%] [32mBuilding CXX object CMakeFiles/dobot_msgs_v4__rosidl_typesupport_fastrtps_cpp.dir/rosidl_typesupport_fastrtps_cpp/dobot_msgs_v4/srv/detail/dds_fastrtps/tcp_dashboard__type_support.cpp.o[0m
[ 82%] [32mBuilding CXX object CMakeFiles/dobot_msgs_v4__rosidl_typesupport_fastrtps_cpp.dir/rosidl_typesupport_fastrtps_cpp/dobot_msgs_v4/srv/detail/dds_fastrtps/enable_ft_sensor__type_support.cpp.o[0m
[ 82%] [32mBuilding CXX object CMakeFiles/dobot_msgs_v4__rosidl_typesupport_fastrtps_c.dir/rosidl_typesupport_fastrtps_c/dobot_msgs_v4/srv/detail/fc_force_mode__type_support_c.cpp.o[0m
[ 82%] [32mBuilding CXX object CMakeFiles/dobot_msgs_v4__rosidl_typesupport_fastrtps_c.dir/rosidl_typesupport_fastrtps_c/dobot_msgs_v4/srv/detail/fc_set_deviation__type_support_c.cpp.o[0m
[ 83%] [32mBuilding CXX object CMakeFiles/dobot_msgs_v4__rosidl_typesupport_fastrtps_cpp.dir/rosidl_typesupport_fastrtps_cpp/dobot_msgs_v4/srv/detail/dds_fastrtps/six_force_home__type_support.cpp.o[0m
[ 83%] [32mBuilding CXX object CMakeFiles/dobot_msgs_v4__rosidl_typesupport_fastrtps_cpp.dir/rosidl_typesupport_fastrtps_cpp/dobot_msgs_v4/srv/detail/dds_fastrtps/get_force__type_support.cpp.o[0m
[ 84%] [32mBuilding CXX object CMakeFiles/dobot_msgs_v4__rosidl_typesupport_fastrtps_c.dir/rosidl_typesupport_fastrtps_c/dobot_msgs_v4/srv/detail/fc_set_force_limit__type_support_c.cpp.o[0m
[ 84%] [32mBuilding CXX object CMakeFiles/dobot_msgs_v4__rosidl_typesupport_fastrtps_cpp.dir/rosidl_typesupport_fastrtps_cpp/dobot_msgs_v4/srv/detail/dds_fastrtps/force_drive_mode__type_support.cpp.o[0m
[ 84%] [32mBuilding CXX object CMakeFiles/dobot_msgs_v4__rosidl_typesupport_fastrtps_c.dir/rosidl_typesupport_fastrtps_c/dobot_msgs_v4/srv/detail/fc_set_mass__type_support_c.cpp.o[0m
[ 84%] [32mBuilding CXX object CMakeFiles/dobot_msgs_v4__rosidl_typesupport_fastrtps_cpp.dir/rosidl_typesupport_fastrtps_cpp/dobot_msgs_v4/srv/detail/dds_fastrtps/force_drive_speed__type_support.cpp.o[0m
[ 84%] [32mBuilding CXX object CMakeFiles/dobot_msgs_v4__rosidl_typesupport_fastrtps_cpp.dir/rosidl_typesupport_fastrtps_cpp/dobot_msgs_v4/srv/detail/dds_fastrtps/fc_force_mode__type_support.cpp.o[0m
[ 84%] [32mBuilding CXX object CMakeFiles/dobot_msgs_v4__rosidl_typesupport_fastrtps_cpp.dir/rosidl_typesupport_fastrtps_cpp/dobot_msgs_v4/srv/detail/dds_fastrtps/fc_set_deviation__type_support.cpp.o[0m
[ 84%] [32mBuilding CXX object CMakeFiles/dobot_msgs_v4__rosidl_typesupport_fastrtps_c.dir/rosidl_typesupport_fastrtps_c/dobot_msgs_v4/srv/detail/fc_set_stiffness__type_support_c.cpp.o[0m
[ 84%] [32mBuilding CXX object CMakeFiles/dobot_msgs_v4__rosidl_typesupport_fastrtps_cpp.dir/rosidl_typesupport_fastrtps_cpp/dobot_msgs_v4/srv/detail/dds_fastrtps/fc_set_force_limit__type_support.cpp.o[0m
[ 84%] [32mBuilding CXX object CMakeFiles/dobot_msgs_v4__rosidl_typesupport_fastrtps_cpp.dir/rosidl_typesupport_fastrtps_cpp/dobot_msgs_v4/srv/detail/dds_fastrtps/fc_set_mass__type_support.cpp.o[0m
[ 84%] [32mBuilding CXX object CMakeFiles/dobot_msgs_v4__rosidl_typesupport_fastrtps_cpp.dir/rosidl_typesupport_fastrtps_cpp/dobot_msgs_v4/srv/detail/dds_fastrtps/fc_set_stiffness__type_support.cpp.o[0m
[ 84%] [32mBuilding CXX object CMakeFiles/dobot_msgs_v4__rosidl_typesupport_fastrtps_c.dir/rosidl_typesupport_fastrtps_c/dobot_msgs_v4/srv/detail/fc_set_damping__type_support_c.cpp.o[0m
[ 84%] [32mBuilding CXX object CMakeFiles/dobot_msgs_v4__rosidl_typesupport_fastrtps_c.dir/rosidl_typesupport_fastrtps_c/dobot_msgs_v4/srv/detail/fc_off__type_support_c.cpp.o[0m
[ 84%] [32mBuilding CXX object CMakeFiles/dobot_msgs_v4__rosidl_typesupport_fastrtps_c.dir/rosidl_typesupport_fastrtps_c/dobot_msgs_v4/srv/detail/fc_set_force_speed_limit__type_support_c.cpp.o[0m
[ 84%] [32mBuilding CXX object CMakeFiles/dobot_msgs_v4__rosidl_typesupport_fastrtps_c.dir/rosidl_typesupport_fastrtps_c/dobot_msgs_v4/srv/detail/fc_set_force__type_support_c.cpp.o[0m
[ 84%] [32mBuilding CXX object CMakeFiles/dobot_msgs_v4__rosidl_typesupport_fastrtps_c.dir/rosidl_typesupport_fastrtps_c/dobot_msgs_v4/srv/detail/set_fc_collision__type_support_c.cpp.o[0m
[ 84%] [32mBuilding CXX object CMakeFiles/dobot_msgs_v4__rosidl_typesupport_fastrtps_cpp.dir/rosidl_typesupport_fastrtps_cpp/dobot_msgs_v4/srv/detail/dds_fastrtps/fc_set_damping__type_support.cpp.o[0m
[ 85%] [32mBuilding CXX object CMakeFiles/dobot_msgs_v4__rosidl_typesupport_fastrtps_cpp.dir/rosidl_typesupport_fastrtps_cpp/dobot_msgs_v4/srv/detail/dds_fastrtps/fc_off__type_support.cpp.o[0m
[ 85%] [32mBuilding CXX object CMakeFiles/dobot_msgs_v4__rosidl_typesupport_fastrtps_cpp.dir/rosidl_typesupport_fastrtps_cpp/dobot_msgs_v4/srv/detail/dds_fastrtps/fc_set_force_speed_limit__type_support.cpp.o[0m
[ 85%] [32mBuilding CXX object CMakeFiles/dobot_msgs_v4__rosidl_typesupport_fastrtps_cpp.dir/rosidl_typesupport_fastrtps_cpp/dobot_msgs_v4/srv/detail/dds_fastrtps/fc_set_force__type_support.cpp.o[0m
[ 85%] [32mBuilding CXX object CMakeFiles/dobot_msgs_v4__rosidl_typesupport_fastrtps_c.dir/rosidl_typesupport_fastrtps_c/dobot_msgs_v4/srv/detail/fc_collision_switch__type_support_c.cpp.o[0m
[ 85%] [32mBuilding CXX object CMakeFiles/dobot_msgs_v4__rosidl_typesupport_fastrtps_c.dir/rosidl_typesupport_fastrtps_c/dobot_msgs_v4/srv/detail/set_work_zone_enable__type_support_c.cpp.o[0m
[ 86%] [32mBuilding CXX object CMakeFiles/dobot_msgs_v4__rosidl_typesupport_fastrtps_c.dir/rosidl_typesupport_fastrtps_c/dobot_msgs_v4/srv/detail/get_tool_do__type_support_c.cpp.o[0m
[ 86%] [32mBuilding CXX object CMakeFiles/dobot_msgs_v4__rosidl_typesupport_fastrtps_c.dir/rosidl_typesupport_fastrtps_c/dobot_msgs_v4/srv/detail/reset_robot__type_support_c.cpp.o[0m
[ 86%] [32mBuilding CXX object CMakeFiles/dobot_msgs_v4__rosidl_typesupport_fastrtps_cpp.dir/rosidl_typesupport_fastrtps_cpp/dobot_msgs_v4/srv/detail/dds_fastrtps/set_fc_collision__type_support.cpp.o[0m
[ 86%] [32mBuilding CXX object CMakeFiles/dobot_msgs_v4__rosidl_typesupport_fastrtps_cpp.dir/rosidl_typesupport_fastrtps_cpp/dobot_msgs_v4/srv/detail/dds_fastrtps/fc_collision_switch__type_support.cpp.o[0m
[ 86%] [32mBuilding CXX object CMakeFiles/dobot_msgs_v4__rosidl_typesupport_fastrtps_c.dir/rosidl_typesupport_fastrtps_c/dobot_msgs_v4/srv/detail/run_to__type_support_c.cpp.o[0m
[ 86%] [32mBuilding CXX object CMakeFiles/dobot_msgs_v4__rosidl_typesupport_fastrtps_cpp.dir/rosidl_typesupport_fastrtps_cpp/dobot_msgs_v4/srv/detail/dds_fastrtps/set_work_zone_enable__type_support.cpp.o[0m
[ 86%] [32mBuilding CXX object CMakeFiles/dobot_msgs_v4__rosidl_typesupport_fastrtps_c.dir/rosidl_typesupport_fastrtps_c/dobot_msgs_v4/srv/detail/start_rt_offset__type_support_c.cpp.o[0m
[ 86%] [32mBuilding CXX object CMakeFiles/dobot_msgs_v4__rosidl_typesupport_fastrtps_cpp.dir/rosidl_typesupport_fastrtps_cpp/dobot_msgs_v4/srv/detail/dds_fastrtps/get_tool_do__type_support.cpp.o[0m
[ 86%] [32mBuilding CXX object CMakeFiles/dobot_msgs_v4__rosidl_typesupport_fastrtps_cpp.dir/rosidl_typesupport_fastrtps_cpp/dobot_msgs_v4/srv/detail/dds_fastrtps/reset_robot__type_support.cpp.o[0m
[ 86%] [32mBuilding CXX object CMakeFiles/dobot_msgs_v4__rosidl_typesupport_fastrtps_cpp.dir/rosidl_typesupport_fastrtps_cpp/dobot_msgs_v4/srv/detail/dds_fastrtps/run_to__type_support.cpp.o[0m
[ 86%] [32mBuilding CXX object CMakeFiles/dobot_msgs_v4__rosidl_typesupport_fastrtps_c.dir/rosidl_typesupport_fastrtps_c/dobot_msgs_v4/srv/detail/end_rt_offset__type_support_c.cpp.o[0m
[ 86%] [32mBuilding CXX object CMakeFiles/dobot_msgs_v4__rosidl_typesupport_fastrtps_cpp.dir/rosidl_typesupport_fastrtps_cpp/dobot_msgs_v4/srv/detail/dds_fastrtps/start_rt_offset__type_support.cpp.o[0m
[ 87%] [32mBuilding CXX object CMakeFiles/dobot_msgs_v4__rosidl_typesupport_fastrtps_cpp.dir/rosidl_typesupport_fastrtps_cpp/dobot_msgs_v4/srv/detail/dds_fastrtps/end_rt_offset__type_support.cpp.o[0m
[ 87%] [32mBuilding CXX object CMakeFiles/dobot_msgs_v4__rosidl_typesupport_fastrtps_cpp.dir/rosidl_typesupport_fastrtps_cpp/dobot_msgs_v4/srv/detail/dds_fastrtps/get_error__type_support.cpp.o[0m
[ 87%] [32mBuilding CXX object CMakeFiles/dobot_msgs_v4__rosidl_typesupport_fastrtps_cpp.dir/rosidl_typesupport_fastrtps_cpp/dobot_msgs_v4/srv/detail/dds_fastrtps/do_group_dec__type_support.cpp.o[0m
[ 87%] [32mBuilding CXX object CMakeFiles/dobot_msgs_v4__rosidl_typesupport_fastrtps_cpp.dir/rosidl_typesupport_fastrtps_cpp/dobot_msgs_v4/srv/detail/dds_fastrtps/get_do_group_dec__type_support.cpp.o[0m
[ 87%] [32mBuilding CXX object CMakeFiles/dobot_msgs_v4__rosidl_typesupport_fastrtps_cpp.dir/rosidl_typesupport_fastrtps_cpp/dobot_msgs_v4/srv/detail/dds_fastrtps/di_group_dec__type_support.cpp.o[0m
[ 87%] [32mBuilding CXX object CMakeFiles/dobot_msgs_v4__rosidl_typesupport_fastrtps_cpp.dir/rosidl_typesupport_fastrtps_cpp/dobot_msgs_v4/srv/detail/dds_fastrtps/check_odd_mov_l__type_support.cpp.o[0m
[ 87%] [32mBuilding CXX object CMakeFiles/dobot_msgs_v4__rosidl_typesupport_fastrtps_cpp.dir/rosidl_typesupport_fastrtps_cpp/dobot_msgs_v4/srv/detail/dds_fastrtps/request_control__type_support.cpp.o[0m
[ 87%] [32mBuilding CXX object CMakeFiles/dobot_msgs_v4__rosidl_typesupport_fastrtps_cpp.dir/rosidl_typesupport_fastrtps_cpp/dobot_msgs_v4/srv/detail/dds_fastrtps/check_odd_mov_j__type_support.cpp.o[0m
[ 87%] [32mBuilding CXX object CMakeFiles/dobot_msgs_v4__rosidl_typesupport_fastrtps_c.dir/rosidl_typesupport_fastrtps_c/dobot_msgs_v4/srv/detail/get_error__type_support_c.cpp.o[0m
[ 87%] [32mBuilding CXX object CMakeFiles/dobot_msgs_v4__rosidl_typesupport_fastrtps_c.dir/rosidl_typesupport_fastrtps_c/dobot_msgs_v4/srv/detail/do_group_dec__type_support_c.cpp.o[0m
[ 87%] [32mBuilding CXX object CMakeFiles/dobot_msgs_v4__rosidl_typesupport_fastrtps_c.dir/rosidl_typesupport_fastrtps_c/dobot_msgs_v4/srv/detail/get_do_group_dec__type_support_c.cpp.o[0m
[ 87%] [32mBuilding CXX object CMakeFiles/dobot_msgs_v4__rosidl_typesupport_fastrtps_c.dir/rosidl_typesupport_fastrtps_c/dobot_msgs_v4/srv/detail/di_group_dec__type_support_c.cpp.o[0m
[ 87%] [32mBuilding CXX object CMakeFiles/dobot_msgs_v4__rosidl_typesupport_fastrtps_c.dir/rosidl_typesupport_fastrtps_c/dobot_msgs_v4/srv/detail/request_control__type_support_c.cpp.o[0m
[ 87%] [32mBuilding CXX object CMakeFiles/dobot_msgs_v4__rosidl_typesupport_fastrtps_cpp.dir/rosidl_typesupport_fastrtps_cpp/dobot_msgs_v4/srv/detail/dds_fastrtps/check_odd_mov_c__type_support.cpp.o[0m
[ 88%] [32mBuilding CXX object CMakeFiles/dobot_msgs_v4__rosidl_typesupport_fastrtps_c.dir/rosidl_typesupport_fastrtps_c/dobot_msgs_v4/srv/detail/check_odd_mov_l__type_support_c.cpp.o[0m
[ 88%] [32mBuilding CXX object CMakeFiles/dobot_msgs_v4__rosidl_typesupport_fastrtps_c.dir/rosidl_typesupport_fastrtps_c/dobot_msgs_v4/srv/detail/check_odd_mov_j__type_support_c.cpp.o[0m
[ 88%] [32mBuilding CXX object CMakeFiles/dobot_msgs_v4__rosidl_typesupport_fastrtps_c.dir/rosidl_typesupport_fastrtps_c/dobot_msgs_v4/srv/detail/check_odd_mov_c__type_support_c.cpp.o[0m
[ 88%] [32m[1mLinking CXX shared library libdobot_msgs_v4__rosidl_typesupport_fastrtps_c.so[0m
[ 88%] [32m[1mLinking CXX shared library libdobot_msgs_v4__rosidl_typesupport_fastrtps_cpp.so[0m
[ 88%] Built target dobot_msgs_v4__rosidl_typesupport_fastrtps_c
[ 88%] Built target dobot_msgs_v4__rosidl_typesupport_fastrtps_cpp
[ 88%] Built target dobot_msgs_v4
[ 88%] [34m[1mGenerating Python code for ROS interfaces[0m
[ 88%] Built target dobot_msgs_v4__py
[ 88%] [32mBuilding C object CMakeFiles/dobot_msgs_v4__rosidl_generator_py.dir/rosidl_generator_py/dobot_msgs_v4/msg/_robot_status_s.c.o[0m
[ 88%] [32mBuilding C object CMakeFiles/dobot_msgs_v4__rosidl_generator_py.dir/rosidl_generator_py/dobot_msgs_v4/msg/_tool_vector_actual_s.c.o[0m
[ 88%] [32mBuilding C object CMakeFiles/dobot_msgs_v4__rosidl_generator_py.dir/rosidl_generator_py/dobot_msgs_v4/srv/_enable_robot_s.c.o[0m
[ 89%] [32mBuilding C object CMakeFiles/dobot_msgs_v4__rosidl_generator_py.dir/rosidl_generator_py/dobot_msgs_v4/srv/_disable_robot_s.c.o[0m
[ 89%] [32mBuilding C object CMakeFiles/dobot_msgs_v4__rosidl_generator_py.dir/rosidl_generator_py/dobot_msgs_v4/srv/_tool_s.c.o[0m
[ 89%] [32mBuilding C object CMakeFiles/dobot_msgs_v4__rosidl_generator_py.dir/rosidl_generator_py/dobot_msgs_v4/srv/_clear_error_s.c.o[0m
[ 89%] [32mBuilding C object CMakeFiles/dobot_msgs_v4__rosidl_generator_py.dir/rosidl_generator_py/dobot_msgs_v4/srv/_speed_factor_s.c.o[0m
[ 89%] [32mBuilding C object CMakeFiles/dobot_msgs_v4__rosidl_generator_py.dir/rosidl_generator_py/dobot_msgs_v4/srv/_user_s.c.o[0m
[ 89%] [32mBuilding C object CMakeFiles/dobot_msgs_v4__rosidl_generator_py.dir/rosidl_generator_py/dobot_msgs_v4/srv/_robot_mode_s.c.o[0m
[ 89%] [32mBuilding C object CMakeFiles/dobot_msgs_v4__rosidl_generator_py.dir/rosidl_generator_py/dobot_msgs_v4/srv/_set_payload_s.c.o[0m
[ 89%] [32mBuilding C object CMakeFiles/dobot_msgs_v4__rosidl_generator_py.dir/rosidl_generator_py/dobot_msgs_v4/srv/_do_s.c.o[0m
[ 89%] [32mBuilding C object CMakeFiles/dobot_msgs_v4__rosidl_generator_py.dir/rosidl_generator_py/dobot_msgs_v4/srv/_do_instant_s.c.o[0m
[ 89%] [32mBuilding C object CMakeFiles/dobot_msgs_v4__rosidl_generator_py.dir/rosidl_generator_py/dobot_msgs_v4/srv/_tool_do_instant_s.c.o[0m
[ 89%] [32mBuilding C object CMakeFiles/dobot_msgs_v4__rosidl_generator_py.dir/rosidl_generator_py/dobot_msgs_v4/srv/_tool_do_s.c.o[0m
[ 90%] [32mBuilding C object CMakeFiles/dobot_msgs_v4__rosidl_generator_py.dir/rosidl_generator_py/dobot_msgs_v4/srv/_ao_s.c.o[0m
[ 90%] [32mBuilding C object CMakeFiles/dobot_msgs_v4__rosidl_generator_py.dir/rosidl_generator_py/dobot_msgs_v4/srv/_ao_instant_s.c.o[0m
[ 90%] [32mBuilding C object CMakeFiles/dobot_msgs_v4__rosidl_generator_py.dir/rosidl_generator_py/dobot_msgs_v4/srv/_acc_j_s.c.o[0m
[ 90%] [32mBuilding C object CMakeFiles/dobot_msgs_v4__rosidl_generator_py.dir/rosidl_generator_py/dobot_msgs_v4/srv/_acc_l_s.c.o[0m
[ 90%] [32mBuilding C object CMakeFiles/dobot_msgs_v4__rosidl_generator_py.dir/rosidl_generator_py/dobot_msgs_v4/srv/_vel_l_s.c.o[0m
[ 90%] [32mBuilding C object CMakeFiles/dobot_msgs_v4__rosidl_generator_py.dir/rosidl_generator_py/dobot_msgs_v4/srv/_vel_j_s.c.o[0m
[ 90%] [32mBuilding C object CMakeFiles/dobot_msgs_v4__rosidl_generator_py.dir/rosidl_generator_py/dobot_msgs_v4/srv/_power_on_s.c.o[0m
[ 90%] [32mBuilding C object CMakeFiles/dobot_msgs_v4__rosidl_generator_py.dir/rosidl_generator_py/dobot_msgs_v4/srv/_cp_s.c.o[0m
[ 90%] [32mBuilding C object CMakeFiles/dobot_msgs_v4__rosidl_generator_py.dir/rosidl_generator_py/dobot_msgs_v4/srv/_stop_s.c.o[0m
[ 90%] [32mBuilding C object CMakeFiles/dobot_msgs_v4__rosidl_generator_py.dir/rosidl_generator_py/dobot_msgs_v4/srv/_run_script_s.c.o[0m
[ 91%] [32mBuilding C object CMakeFiles/dobot_msgs_v4__rosidl_generator_py.dir/rosidl_generator_py/dobot_msgs_v4/srv/_pause_s.c.o[0m
[ 91%] [32mBuilding C object CMakeFiles/dobot_msgs_v4__rosidl_generator_py.dir/rosidl_generator_py/dobot_msgs_v4/srv/_positive_kin_s.c.o[0m
[ 91%] [32mBuilding C object CMakeFiles/dobot_msgs_v4__rosidl_generator_py.dir/rosidl_generator_py/dobot_msgs_v4/srv/_set_collision_level_s.c.o[0m
[ 91%] [32mBuilding C object CMakeFiles/dobot_msgs_v4__rosidl_generator_py.dir/rosidl_generator_py/dobot_msgs_v4/srv/_inverse_kin_s.c.o[0m
[ 91%] [32mBuilding C object CMakeFiles/dobot_msgs_v4__rosidl_generator_py.dir/rosidl_generator_py/dobot_msgs_v4/srv/_get_angle_s.c.o[0m
[ 91%] [32mBuilding C object CMakeFiles/dobot_msgs_v4__rosidl_generator_py.dir/rosidl_generator_py/dobot_msgs_v4/srv/_continue_s.c.o[0m
[ 91%] [32mBuilding C object CMakeFiles/dobot_msgs_v4__rosidl_generator_py.dir/rosidl_generator_py/dobot_msgs_v4/srv/_get_pose_s.c.o[0m
[ 91%] [32mBuilding C object CMakeFiles/dobot_msgs_v4__rosidl_generator_py.dir/rosidl_generator_py/dobot_msgs_v4/srv/_emergency_stop_s.c.o[0m
[ 91%] [32mBuilding C object CMakeFiles/dobot_msgs_v4__rosidl_generator_py.dir/rosidl_generator_py/dobot_msgs_v4/srv/_modbus_rtu_create_s.c.o[0m
[ 91%] [32mBuilding C object CMakeFiles/dobot_msgs_v4__rosidl_generator_py.dir/rosidl_generator_py/dobot_msgs_v4/srv/_modbus_create_s.c.o[0m
[ 91%] [32mBuilding C object CMakeFiles/dobot_msgs_v4__rosidl_generator_py.dir/rosidl_generator_py/dobot_msgs_v4/srv/_get_in_regs_s.c.o[0m
[ 92%] [32mBuilding C object CMakeFiles/dobot_msgs_v4__rosidl_generator_py.dir/rosidl_generator_py/dobot_msgs_v4/srv/_get_in_bits_s.c.o[0m
[ 92%] [32mBuilding C object CMakeFiles/dobot_msgs_v4__rosidl_generator_py.dir/rosidl_generator_py/dobot_msgs_v4/srv/_modbus_close_s.c.o[0m
[ 92%] [32mBuilding C object CMakeFiles/dobot_msgs_v4__rosidl_generator_py.dir/rosidl_generator_py/dobot_msgs_v4/srv/_get_coils_s.c.o[0m
[ 92%] [32mBuilding C object CMakeFiles/dobot_msgs_v4__rosidl_generator_py.dir/rosidl_generator_py/dobot_msgs_v4/srv/_get_hold_regs_s.c.o[0m
[ 92%] [32mBuilding C object CMakeFiles/dobot_msgs_v4__rosidl_generator_py.dir/rosidl_generator_py/dobot_msgs_v4/srv/_set_coils_s.c.o[0m
[ 92%] [32mBuilding C object CMakeFiles/dobot_msgs_v4__rosidl_generator_py.dir/rosidl_generator_py/dobot_msgs_v4/srv/_set_hold_regs_s.c.o[0m
[ 92%] [32mBuilding C object CMakeFiles/dobot_msgs_v4__rosidl_generator_py.dir/rosidl_generator_py/dobot_msgs_v4/srv/_set_safe_skin_s.c.o[0m
[ 92%] [32mBuilding C object CMakeFiles/dobot_msgs_v4__rosidl_generator_py.dir/rosidl_generator_py/dobot_msgs_v4/srv/_mov_j_s.c.o[0m
[ 92%] [32mBuilding C object CMakeFiles/dobot_msgs_v4__rosidl_generator_py.dir/rosidl_generator_py/dobot_msgs_v4/srv/_mov_l_s.c.o[0m
[ 92%] [32mBuilding C object CMakeFiles/dobot_msgs_v4__rosidl_generator_py.dir/rosidl_generator_py/dobot_msgs_v4/srv/_rel_joint_mov_j_s.c.o[0m
[ 93%] [32mBuilding C object CMakeFiles/dobot_msgs_v4__rosidl_generator_py.dir/rosidl_generator_py/dobot_msgs_v4/srv/_move_jog_s.c.o[0m
[ 93%] [32mBuilding C object CMakeFiles/dobot_msgs_v4__rosidl_generator_py.dir/rosidl_generator_py/dobot_msgs_v4/srv/_stop_move_jog_s.c.o[0m
[ 93%] [32mBuilding C object CMakeFiles/dobot_msgs_v4__rosidl_generator_py.dir/rosidl_generator_py/dobot_msgs_v4/srv/_do_group_s.c.o[0m
[ 93%] [32mBuilding C object CMakeFiles/dobot_msgs_v4__rosidl_generator_py.dir/rosidl_generator_py/dobot_msgs_v4/srv/_brake_control_s.c.o[0m
[ 93%] [32mBuilding C object CMakeFiles/dobot_msgs_v4__rosidl_generator_py.dir/rosidl_generator_py/dobot_msgs_v4/srv/_enable_safe_skin_s.c.o[0m
[ 93%] [32mBuilding C object CMakeFiles/dobot_msgs_v4__rosidl_generator_py.dir/rosidl_generator_py/dobot_msgs_v4/srv/_start_drag_s.c.o[0m
[ 93%] [32mBuilding C object CMakeFiles/dobot_msgs_v4__rosidl_generator_py.dir/rosidl_generator_py/dobot_msgs_v4/srv/_get_start_pose_s.c.o[0m
[ 93%] [32mBuilding C object CMakeFiles/dobot_msgs_v4__rosidl_generator_py.dir/rosidl_generator_py/dobot_msgs_v4/srv/_start_path_s.c.o[0m
[ 93%] [32mBuilding C object CMakeFiles/dobot_msgs_v4__rosidl_generator_py.dir/rosidl_generator_py/dobot_msgs_v4/srv/_get_error_id_s.c.o[0m
[ 93%] [32mBuilding C object CMakeFiles/dobot_msgs_v4__rosidl_generator_py.dir/rosidl_generator_py/dobot_msgs_v4/srv/_inverse_solution_s.c.o[0m
[ 94%] [32mBuilding C object CMakeFiles/dobot_msgs_v4__rosidl_generator_py.dir/rosidl_generator_py/dobot_msgs_v4/srv/_di_s.c.o[0m
[ 94%] [32mBuilding C object CMakeFiles/dobot_msgs_v4__rosidl_generator_py.dir/rosidl_generator_py/dobot_msgs_v4/srv/_tool_di_s.c.o[0m
[ 94%] [32mBuilding C object CMakeFiles/dobot_msgs_v4__rosidl_generator_py.dir/rosidl_generator_py/dobot_msgs_v4/srv/_ai_s.c.o[0m
[ 94%] [32mBuilding C object CMakeFiles/dobot_msgs_v4__rosidl_generator_py.dir/rosidl_generator_py/dobot_msgs_v4/srv/_tool_ai_s.c.o[0m
[ 94%] [32mBuilding C object CMakeFiles/dobot_msgs_v4__rosidl_generator_py.dir/rosidl_generator_py/dobot_msgs_v4/srv/_di_group_s.c.o[0m
[ 94%] [32mBuilding C object CMakeFiles/dobot_msgs_v4__rosidl_generator_py.dir/rosidl_generator_py/dobot_msgs_v4/srv/_stop_drag_s.c.o[0m
[ 94%] [32mBuilding C object CMakeFiles/dobot_msgs_v4__rosidl_generator_py.dir/rosidl_generator_py/dobot_msgs_v4/srv/_get_do_s.c.o[0m
[ 94%] [32mBuilding C object CMakeFiles/dobot_msgs_v4__rosidl_generator_py.dir/rosidl_generator_py/dobot_msgs_v4/srv/_drag_sensivity_s.c.o[0m
[ 94%] [32mBuilding C object CMakeFiles/dobot_msgs_v4__rosidl_generator_py.dir/rosidl_generator_py/dobot_msgs_v4/srv/_get_ao_s.c.o[0m
[ 94%] [32mBuilding C object CMakeFiles/dobot_msgs_v4__rosidl_generator_py.dir/rosidl_generator_py/dobot_msgs_v4/srv/_get_do_group_s.c.o[0m
[ 94%] [32mBuilding C object CMakeFiles/dobot_msgs_v4__rosidl_generator_py.dir/rosidl_generator_py/dobot_msgs_v4/srv/_set_tool485_s.c.o[0m
[ 95%] [32mBuilding C object CMakeFiles/dobot_msgs_v4__rosidl_generator_py.dir/rosidl_generator_py/dobot_msgs_v4/srv/_set_safe_wall_enable_s.c.o[0m
[ 95%] [32mBuilding C object CMakeFiles/dobot_msgs_v4__rosidl_generator_py.dir/rosidl_generator_py/dobot_msgs_v4/srv/_set_tool_power_s.c.o[0m
[ 95%] [32mBuilding C object CMakeFiles/dobot_msgs_v4__rosidl_generator_py.dir/rosidl_generator_py/dobot_msgs_v4/srv/_set_tool_mode_s.c.o[0m
[ 95%] [32mBuilding C object CMakeFiles/dobot_msgs_v4__rosidl_generator_py.dir/rosidl_generator_py/dobot_msgs_v4/srv/_set_user_s.c.o[0m
[ 95%] [32mBuilding C object CMakeFiles/dobot_msgs_v4__rosidl_generator_py.dir/rosidl_generator_py/dobot_msgs_v4/srv/_set_back_distance_s.c.o[0m
[ 95%] [32mBuilding C object CMakeFiles/dobot_msgs_v4__rosidl_generator_py.dir/rosidl_generator_py/dobot_msgs_v4/srv/_set_post_collision_mode_s.c.o[0m
[ 95%] [32mBuilding C object CMakeFiles/dobot_msgs_v4__rosidl_generator_py.dir/rosidl_generator_py/dobot_msgs_v4/srv/_set_tool_s.c.o[0m
[ 95%] [32mBuilding C object CMakeFiles/dobot_msgs_v4__rosidl_generator_py.dir/rosidl_generator_py/dobot_msgs_v4/srv/_calc_user_s.c.o[0m
[ 95%] [32mBuilding C object CMakeFiles/dobot_msgs_v4__rosidl_generator_py.dir/rosidl_generator_py/dobot_msgs_v4/srv/_get_input_bool_s.c.o[0m
[ 95%] [32mBuilding C object CMakeFiles/dobot_msgs_v4__rosidl_generator_py.dir/rosidl_generator_py/dobot_msgs_v4/srv/_calc_tool_s.c.o[0m
[ 96%] [32mBuilding C object CMakeFiles/dobot_msgs_v4__rosidl_generator_py.dir/rosidl_generator_py/dobot_msgs_v4/srv/_get_input_int_s.c.o[0m
[ 96%] [32mBuilding C object CMakeFiles/dobot_msgs_v4__rosidl_generator_py.dir/rosidl_generator_py/dobot_msgs_v4/srv/_get_input_float_s.c.o[0m
[ 96%] [32mBuilding C object CMakeFiles/dobot_msgs_v4__rosidl_generator_py.dir/rosidl_generator_py/dobot_msgs_v4/srv/_get_output_int_s.c.o[0m
[ 96%] [32mBuilding C object CMakeFiles/dobot_msgs_v4__rosidl_generator_py.dir/rosidl_generator_py/dobot_msgs_v4/srv/_get_output_bool_s.c.o[0m
[ 96%] [32mBuilding C object CMakeFiles/dobot_msgs_v4__rosidl_generator_py.dir/rosidl_generator_py/dobot_msgs_v4/srv/_get_output_float_s.c.o[0m
[ 96%] [32mBuilding C object CMakeFiles/dobot_msgs_v4__rosidl_generator_py.dir/rosidl_generator_py/dobot_msgs_v4/srv/_set_output_bool_s.c.o[0m
[ 96%] [32mBuilding C object CMakeFiles/dobot_msgs_v4__rosidl_generator_py.dir/rosidl_generator_py/dobot_msgs_v4/srv/_set_output_int_s.c.o[0m
[ 96%] [32mBuilding C object CMakeFiles/dobot_msgs_v4__rosidl_generator_py.dir/rosidl_generator_py/dobot_msgs_v4/srv/_set_output_float_s.c.o[0m
[ 96%] [32mBuilding C object CMakeFiles/dobot_msgs_v4__rosidl_generator_py.dir/rosidl_generator_py/dobot_msgs_v4/srv/_mov_lio_s.c.o[0m
[ 97%] [32mBuilding C object CMakeFiles/dobot_msgs_v4__rosidl_generator_py.dir/rosidl_generator_py/dobot_msgs_v4/srv/_arc_s.c.o[0m
[ 97%] [32mBuilding C object CMakeFiles/dobot_msgs_v4__rosidl_generator_py.dir/rosidl_generator_py/dobot_msgs_v4/srv/_mov_jio_s.c.o[0m
[ 97%] [32mBuilding C object CMakeFiles/dobot_msgs_v4__rosidl_generator_py.dir/rosidl_generator_py/dobot_msgs_v4/srv/_rel_mov_l_tool_s.c.o[0m
[ 97%] [32mBuilding C object CMakeFiles/dobot_msgs_v4__rosidl_generator_py.dir/rosidl_generator_py/dobot_msgs_v4/srv/_rel_mov_j_tool_s.c.o[0m
[ 97%] [32mBuilding C object CMakeFiles/dobot_msgs_v4__rosidl_generator_py.dir/rosidl_generator_py/dobot_msgs_v4/srv/_circle_s.c.o[0m
[ 97%] [32mBuilding C object CMakeFiles/dobot_msgs_v4__rosidl_generator_py.dir/rosidl_generator_py/dobot_msgs_v4/srv/_rel_mov_j_user_s.c.o[0m
[ 97%] [32mBuilding C object CMakeFiles/dobot_msgs_v4__rosidl_generator_py.dir/rosidl_generator_py/dobot_msgs_v4/srv/_rel_mov_l_user_s.c.o[0m
[ 97%] [32mBuilding C object CMakeFiles/dobot_msgs_v4__rosidl_generator_py.dir/rosidl_generator_py/dobot_msgs_v4/srv/_get_current_command_id_s.c.o[0m
[ 97%] [32mBuilding C object CMakeFiles/dobot_msgs_v4__rosidl_generator_py.dir/rosidl_generator_py/dobot_msgs_v4/srv/_servo_j_s.c.o[0m
[ 97%] [32mBuilding C object CMakeFiles/dobot_msgs_v4__rosidl_generator_py.dir/rosidl_generator_py/dobot_msgs_v4/srv/_tcp_dashboard_s.c.o[0m
[ 97%] [32mBuilding C object CMakeFiles/dobot_msgs_v4__rosidl_generator_py.dir/rosidl_generator_py/dobot_msgs_v4/srv/_servo_p_s.c.o[0m
[ 98%] [32mBuilding C object CMakeFiles/dobot_msgs_v4__rosidl_generator_py.dir/rosidl_generator_py/dobot_msgs_v4/srv/_enable_ft_sensor_s.c.o[0m
[ 98%] [32mBuilding C object CMakeFiles/dobot_msgs_v4__rosidl_generator_py.dir/rosidl_generator_py/dobot_msgs_v4/srv/_six_force_home_s.c.o[0m
[ 98%] [32mBuilding C object CMakeFiles/dobot_msgs_v4__rosidl_generator_py.dir/rosidl_generator_py/dobot_msgs_v4/srv/_get_force_s.c.o[0m
[ 98%] [32mBuilding C object CMakeFiles/dobot_msgs_v4__rosidl_generator_py.dir/rosidl_generator_py/dobot_msgs_v4/srv/_force_drive_mode_s.c.o[0m
[ 98%] [32mBuilding C object CMakeFiles/dobot_msgs_v4__rosidl_generator_py.dir/rosidl_generator_py/dobot_msgs_v4/srv/_force_drive_speed_s.c.o[0m
[ 98%] [32mBuilding C object CMakeFiles/dobot_msgs_v4__rosidl_generator_py.dir/rosidl_generator_py/dobot_msgs_v4/srv/_fc_force_mode_s.c.o[0m
[ 98%] [32mBuilding C object CMakeFiles/dobot_msgs_v4__rosidl_generator_py.dir/rosidl_generator_py/dobot_msgs_v4/srv/_fc_set_deviation_s.c.o[0m
[ 98%] [32mBuilding C object CMakeFiles/dobot_msgs_v4__rosidl_generator_py.dir/rosidl_generator_py/dobot_msgs_v4/srv/_fc_set_force_limit_s.c.o[0m
[ 98%] [32mBuilding C object CMakeFiles/dobot_msgs_v4__rosidl_generator_py.dir/rosidl_generator_py/dobot_msgs_v4/srv/_fc_set_mass_s.c.o[0m
[ 98%] [32mBuilding C object CMakeFiles/dobot_msgs_v4__rosidl_generator_py.dir/rosidl_generator_py/dobot_msgs_v4/srv/_fc_set_stiffness_s.c.o[0m
[ 98%] [32mBuilding C object CMakeFiles/dobot_msgs_v4__rosidl_generator_py.dir/rosidl_generator_py/dobot_msgs_v4/srv/_fc_set_damping_s.c.o[0m
[ 99%] [32mBuilding C object CMakeFiles/dobot_msgs_v4__rosidl_generator_py.dir/rosidl_generator_py/dobot_msgs_v4/srv/_fc_off_s.c.o[0m
[ 99%] [32mBuilding C object CMakeFiles/dobot_msgs_v4__rosidl_generator_py.dir/rosidl_generator_py/dobot_msgs_v4/srv/_fc_set_force_speed_limit_s.c.o[0m
[ 99%] [32mBuilding C object CMakeFiles/dobot_msgs_v4__rosidl_generator_py.dir/rosidl_generator_py/dobot_msgs_v4/srv/_fc_set_force_s.c.o[0m
[ 99%] [32mBuilding C object CMakeFiles/dobot_msgs_v4__rosidl_generator_py.dir/rosidl_generator_py/dobot_msgs_v4/srv/_set_fc_collision_s.c.o[0m
[ 99%] [32mBuilding C object CMakeFiles/dobot_msgs_v4__rosidl_generator_py.dir/rosidl_generator_py/dobot_msgs_v4/srv/_fc_collision_switch_s.c.o[0m
[ 99%] [32mBuilding C object CMakeFiles/dobot_msgs_v4__rosidl_generator_py.dir/rosidl_generator_py/dobot_msgs_v4/srv/_get_tool_do_s.c.o[0m
[ 99%] [32mBuilding C object CMakeFiles/dobot_msgs_v4__rosidl_generator_py.dir/rosidl_generator_py/dobot_msgs_v4/srv/_set_work_zone_enable_s.c.o[0m
[ 99%] [32mBuilding C object CMakeFiles/dobot_msgs_v4__rosidl_generator_py.dir/rosidl_generator_py/dobot_msgs_v4/srv/_reset_robot_s.c.o[0m
[ 99%] [32mBuilding C object CMakeFiles/dobot_msgs_v4__rosidl_generator_py.dir/rosidl_generator_py/dobot_msgs_v4/srv/_run_to_s.c.o[0m
[ 99%] [32mBuilding C object CMakeFiles/dobot_msgs_v4__rosidl_generator_py.dir/rosidl_generator_py/dobot_msgs_v4/srv/_start_rt_offset_s.c.o[0m
[100%] [32mBuilding C object CMakeFiles/dobot_msgs_v4__rosidl_generator_py.dir/rosidl_generator_py/dobot_msgs_v4/srv/_end_rt_offset_s.c.o[0m
[100%] [32mBuilding C object CMakeFiles/dobot_msgs_v4__rosidl_generator_py.dir/rosidl_generator_py/dobot_msgs_v4/srv/_get_error_s.c.o[0m
[100%] [32mBuilding C object CMakeFiles/dobot_msgs_v4__rosidl_generator_py.dir/rosidl_generator_py/dobot_msgs_v4/srv/_do_group_dec_s.c.o[0m
[100%] [32mBuilding C object CMakeFiles/dobot_msgs_v4__rosidl_generator_py.dir/rosidl_generator_py/dobot_msgs_v4/srv/_get_do_group_dec_s.c.o[0m
[100%] [32mBuilding C object CMakeFiles/dobot_msgs_v4__rosidl_generator_py.dir/rosidl_generator_py/dobot_msgs_v4/srv/_di_group_dec_s.c.o[0m
[100%] [32mBuilding C object CMakeFiles/dobot_msgs_v4__rosidl_generator_py.dir/rosidl_generator_py/dobot_msgs_v4/srv/_request_control_s.c.o[0m
[100%] [32mBuilding C object CMakeFiles/dobot_msgs_v4__rosidl_generator_py.dir/rosidl_generator_py/dobot_msgs_v4/srv/_check_odd_mov_l_s.c.o[0m
[100%] [32mBuilding C object CMakeFiles/dobot_msgs_v4__rosidl_generator_py.dir/rosidl_generator_py/dobot_msgs_v4/srv/_check_odd_mov_j_s.c.o[0m
[100%] [32mBuilding C object CMakeFiles/dobot_msgs_v4__rosidl_generator_py.dir/rosidl_generator_py/dobot_msgs_v4/srv/_check_odd_mov_c_s.c.o[0m
[100%] [32m[1mLinking C shared library rosidl_generator_py/dobot_msgs_v4/libdobot_msgs_v4__rosidl_generator_py.so[0m
[100%] Built target dobot_msgs_v4__rosidl_generator_py
[100%] [32mBuilding C object CMakeFiles/dobot_msgs_v4__rosidl_typesupport_introspection_c__pyext.dir/rosidl_generator_py/dobot_msgs_v4/_dobot_msgs_v4_s.ep.rosidl_typesupport_introspection_c.c.o[0m
[100%] [32mBuilding C object CMakeFiles/dobot_msgs_v4__rosidl_typesupport_fastrtps_c__pyext.dir/rosidl_generator_py/dobot_msgs_v4/_dobot_msgs_v4_s.ep.rosidl_typesupport_fastrtps_c.c.o[0m
[100%] [32mBuilding C object CMakeFiles/dobot_msgs_v4__rosidl_typesupport_c__pyext.dir/rosidl_generator_py/dobot_msgs_v4/_dobot_msgs_v4_s.ep.rosidl_typesupport_c.c.o[0m
[100%] [32m[1mLinking C shared library rosidl_generator_py/dobot_msgs_v4/dobot_msgs_v4_s__rosidl_typesupport_fastrtps_c.cpython-310-x86_64-linux-gnu.so[0m
[100%] [32m[1mLinking C shared library rosidl_generator_py/dobot_msgs_v4/dobot_msgs_v4_s__rosidl_typesupport_c.cpython-310-x86_64-linux-gnu.so[0m
[100%] [32m[1mLinking C shared library rosidl_generator_py/dobot_msgs_v4/dobot_msgs_v4_s__rosidl_typesupport_introspection_c.cpython-310-x86_64-linux-gnu.so[0m
[100%] Built target dobot_msgs_v4__rosidl_typesupport_fastrtps_c__pyext
[100%] Built target dobot_msgs_v4__rosidl_typesupport_c__pyext
[100%] Built target dobot_msgs_v4__rosidl_typesupport_introspection_c__pyext
-- Install configuration: ""
-- Installing: /home/user/dobot_ws/install/dobot_msgs_v4/share/ament_index/resource_index/rosidl_interfaces/dobot_msgs_v4
-- Installing: /home/user/dobot_ws/install/dobot_msgs_v4/include/dobot_msgs_v4/dobot_msgs_v4
-- Installing: /home/user/dobot_ws/install/dobot_msgs_v4/include/dobot_msgs_v4/dobot_msgs_v4/msg
-- Installing: /home/user/dobot_ws/install/dobot_msgs_v4/include/dobot_msgs_v4/dobot_msgs_v4/msg/tool_vector_actual.h
-- Installing: /home/user/dobot_ws/install/dobot_msgs_v4/include/dobot_msgs_v4/dobot_msgs_v4/msg/rosidl_generator_c__visibility_control.h
-- Installing: /home/user/dobot_ws/install/dobot_msgs_v4/include/dobot_msgs_v4/dobot_msgs_v4/msg/robot_status.h
-- Installing: /home/user/dobot_ws/install/dobot_msgs_v4/include/dobot_msgs_v4/dobot_msgs_v4/msg/detail
-- Installing: /home/user/dobot_ws/install/dobot_msgs_v4/include/dobot_msgs_v4/dobot_msgs_v4/msg/detail/tool_vector_actual__type_support.h
-- Installing: /home/user/dobot_ws/install/dobot_msgs_v4/include/dobot_msgs_v4/dobot_msgs_v4/msg/detail/robot_status__type_support.h
-- Installing: /home/user/dobot_ws/install/dobot_msgs_v4/include/dobot_msgs_v4/dobot_msgs_v4/msg/detail/tool_vector_actual__functions.c
-- Installing: /home/user/dobot_ws/install/dobot_msgs_v4/include/dobot_msgs_v4/dobot_msgs_v4/msg/detail/tool_vector_actual__struct.h
-- Installing: /home/user/dobot_ws/install/dobot_msgs_v4/include/dobot_msgs_v4/dobot_msgs_v4/msg/detail/tool_vector_actual__functions.h
-- Installing: /home/user/dobot_ws/install/dobot_msgs_v4/include/dobot_msgs_v4/dobot_msgs_v4/msg/detail/robot_status__functions.c
-- Installing: /home/user/dobot_ws/install/dobot_msgs_v4/include/dobot_msgs_v4/dobot_msgs_v4/msg/detail/robot_status__functions.h
-- Installing: /home/user/dobot_ws/install/dobot_msgs_v4/include/dobot_msgs_v4/dobot_msgs_v4/msg/detail/robot_status__struct.h
-- Installing: /home/user/dobot_ws/install/dobot_msgs_v4/include/dobot_msgs_v4/dobot_msgs_v4/srv
-- Installing: /home/user/dobot_ws/install/dobot_msgs_v4/include/dobot_msgs_v4/dobot_msgs_v4/srv/check_odd_mov_j.h
-- Installing: /home/user/dobot_ws/install/dobot_msgs_v4/include/dobot_msgs_v4/dobot_msgs_v4/srv/fc_set_force.h
-- Installing: /home/user/dobot_ws/install/dobot_msgs_v4/include/dobot_msgs_v4/dobot_msgs_v4/srv/set_coils.h
-- Installing: /home/user/dobot_ws/install/dobot_msgs_v4/include/dobot_msgs_v4/dobot_msgs_v4/srv/fc_collision_switch.h
-- Installing: /home/user/dobot_ws/install/dobot_msgs_v4/include/dobot_msgs_v4/dobot_msgs_v4/srv/get_in_bits.h
-- Installing: /home/user/dobot_ws/install/dobot_msgs_v4/include/dobot_msgs_v4/dobot_msgs_v4/srv/vel_l.h
-- Installing: /home/user/dobot_ws/install/dobot_msgs_v4/include/dobot_msgs_v4/dobot_msgs_v4/srv/set_payload.h
-- Installing: /home/user/dobot_ws/install/dobot_msgs_v4/include/dobot_msgs_v4/dobot_msgs_v4/srv/clear_error.h
-- Installing: /home/user/dobot_ws/install/dobot_msgs_v4/include/dobot_msgs_v4/dobot_msgs_v4/srv/fc_set_force_limit.h
-- Installing: /home/user/dobot_ws/install/dobot_msgs_v4/include/dobot_msgs_v4/dobot_msgs_v4/srv/calc_user.h
-- Installing: /home/user/dobot_ws/install/dobot_msgs_v4/include/dobot_msgs_v4/dobot_msgs_v4/srv/do_group_dec.h
-- Installing: /home/user/dobot_ws/install/dobot_msgs_v4/include/dobot_msgs_v4/dobot_msgs_v4/srv/do.h
-- Installing: /home/user/dobot_ws/install/dobot_msgs_v4/include/dobot_msgs_v4/dobot_msgs_v4/srv/acc_l.h
-- Installing: /home/user/dobot_ws/install/dobot_msgs_v4/include/dobot_msgs_v4/dobot_msgs_v4/srv/set_safe_skin.h
-- Installing: /home/user/dobot_ws/install/dobot_msgs_v4/include/dobot_msgs_v4/dobot_msgs_v4/srv/get_error_id.h
-- Installing: /home/user/dobot_ws/install/dobot_msgs_v4/include/dobot_msgs_v4/dobot_msgs_v4/srv/force_drive_mode.h
-- Installing: /home/user/dobot_ws/install/dobot_msgs_v4/include/dobot_msgs_v4/dobot_msgs_v4/srv/fc_set_mass.h
-- Installing: /home/user/dobot_ws/install/dobot_msgs_v4/include/dobot_msgs_v4/dobot_msgs_v4/srv/fc_set_damping.h
-- Installing: /home/user/dobot_ws/install/dobot_msgs_v4/include/dobot_msgs_v4/dobot_msgs_v4/srv/set_fc_collision.h
-- Installing: /home/user/dobot_ws/install/dobot_msgs_v4/include/dobot_msgs_v4/dobot_msgs_v4/srv/rel_mov_l_user.h
-- Installing: /home/user/dobot_ws/install/dobot_msgs_v4/include/dobot_msgs_v4/dobot_msgs_v4/srv/set_post_collision_mode.h
-- Installing: /home/user/dobot_ws/install/dobot_msgs_v4/include/dobot_msgs_v4/dobot_msgs_v4/srv/tcp_dashboard.h
-- Installing: /home/user/dobot_ws/install/dobot_msgs_v4/include/dobot_msgs_v4/dobot_msgs_v4/srv/stop_drag.h
-- Installing: /home/user/dobot_ws/install/dobot_msgs_v4/include/dobot_msgs_v4/dobot_msgs_v4/srv/get_angle.h
-- Installing: /home/user/dobot_ws/install/dobot_msgs_v4/include/dobot_msgs_v4/dobot_msgs_v4/srv/check_odd_mov_l.h
-- Installing: /home/user/dobot_ws/install/dobot_msgs_v4/include/dobot_msgs_v4/dobot_msgs_v4/srv/power_on.h
-- Installing: /home/user/dobot_ws/install/dobot_msgs_v4/include/dobot_msgs_v4/dobot_msgs_v4/srv/end_rt_offset.h
-- Installing: /home/user/dobot_ws/install/dobot_msgs_v4/include/dobot_msgs_v4/dobot_msgs_v4/srv/get_do_group_dec.h
-- Installing: /home/user/dobot_ws/install/dobot_msgs_v4/include/dobot_msgs_v4/dobot_msgs_v4/srv/fc_set_deviation.h
-- Installing: /home/user/dobot_ws/install/dobot_msgs_v4/include/dobot_msgs_v4/dobot_msgs_v4/srv/six_force_home.h
-- Installing: /home/user/dobot_ws/install/dobot_msgs_v4/include/dobot_msgs_v4/dobot_msgs_v4/srv/reset_robot.h
-- Installing: /home/user/dobot_ws/install/dobot_msgs_v4/include/dobot_msgs_v4/dobot_msgs_v4/srv/modbus_create.h
-- Installing: /home/user/dobot_ws/install/dobot_msgs_v4/include/dobot_msgs_v4/dobot_msgs_v4/srv/servo_j.h
-- Installing: /home/user/dobot_ws/install/dobot_msgs_v4/include/dobot_msgs_v4/dobot_msgs_v4/srv/mov_l.h
-- Installing: /home/user/dobot_ws/install/dobot_msgs_v4/include/dobot_msgs_v4/dobot_msgs_v4/srv/robot_mode.h
-- Installing: /home/user/dobot_ws/install/dobot_msgs_v4/include/dobot_msgs_v4/dobot_msgs_v4/srv/request_control.h
-- Installing: /home/user/dobot_ws/install/dobot_msgs_v4/include/dobot_msgs_v4/dobot_msgs_v4/srv/get_in_regs.h
-- Installing: /home/user/dobot_ws/install/dobot_msgs_v4/include/dobot_msgs_v4/dobot_msgs_v4/srv/calc_tool.h
-- Installing: /home/user/dobot_ws/install/dobot_msgs_v4/include/dobot_msgs_v4/dobot_msgs_v4/srv/get_coils.h
-- Installing: /home/user/dobot_ws/install/dobot_msgs_v4/include/dobot_msgs_v4/dobot_msgs_v4/srv/di_group_dec.h
-- Installing: /home/user/dobot_ws/install/dobot_msgs_v4/include/dobot_msgs_v4/dobot_msgs_v4/srv/get_ao.h
-- Installing: /home/user/dobot_ws/install/dobot_msgs_v4/include/dobot_msgs_v4/dobot_msgs_v4/srv/set_tool.h
-- Installing: /home/user/dobot_ws/install/dobot_msgs_v4/include/dobot_msgs_v4/dobot_msgs_v4/srv/start_rt_offset.h
-- Installing: /home/user/dobot_ws/install/dobot_msgs_v4/include/dobot_msgs_v4/dobot_msgs_v4/srv/do_instant.h
-- Installing: /home/user/dobot_ws/install/dobot_msgs_v4/include/dobot_msgs_v4/dobot_msgs_v4/srv/continue.h
-- Installing: /home/user/dobot_ws/install/dobot_msgs_v4/include/dobot_msgs_v4/dobot_msgs_v4/srv/tool_ai.h
-- Installing: /home/user/dobot_ws/install/dobot_msgs_v4/include/dobot_msgs_v4/dobot_msgs_v4/srv/get_error.h
-- Installing: /home/user/dobot_ws/install/dobot_msgs_v4/include/dobot_msgs_v4/dobot_msgs_v4/srv/di.h
-- Installing: /home/user/dobot_ws/install/dobot_msgs_v4/include/dobot_msgs_v4/dobot_msgs_v4/srv/set_hold_regs.h
-- Installing: /home/user/dobot_ws/install/dobot_msgs_v4/include/dobot_msgs_v4/dobot_msgs_v4/srv/ai.h
-- Installing: /home/user/dobot_ws/install/dobot_msgs_v4/include/dobot_msgs_v4/dobot_msgs_v4/srv/vel_j.h
-- Installing: /home/user/dobot_ws/install/dobot_msgs_v4/include/dobot_msgs_v4/dobot_msgs_v4/srv/run_script.h
-- Installing: /home/user/dobot_ws/install/dobot_msgs_v4/include/dobot_msgs_v4/dobot_msgs_v4/srv/fc_set_stiffness.h
-- Installing: /home/user/dobot_ws/install/dobot_msgs_v4/include/dobot_msgs_v4/dobot_msgs_v4/srv/enable_robot.h
-- Installing: /home/user/dobot_ws/install/dobot_msgs_v4/include/dobot_msgs_v4/dobot_msgs_v4/srv/set_safe_wall_enable.h
-- Installing: /home/user/dobot_ws/install/dobot_msgs_v4/include/dobot_msgs_v4/dobot_msgs_v4/srv/set_tool485.h
-- Installing: /home/user/dobot_ws/install/dobot_msgs_v4/include/dobot_msgs_v4/dobot_msgs_v4/srv/drag_sensivity.h
-- Installing: /home/user/dobot_ws/install/dobot_msgs_v4/include/dobot_msgs_v4/dobot_msgs_v4/srv/tool_di.h
-- Installing: /home/user/dobot_ws/install/dobot_msgs_v4/include/dobot_msgs_v4/dobot_msgs_v4/srv/get_do_group.h
-- Installing: /home/user/dobot_ws/install/dobot_msgs_v4/include/dobot_msgs_v4/dobot_msgs_v4/srv/set_output_float.h
-- Installing: /home/user/dobot_ws/install/dobot_msgs_v4/include/dobot_msgs_v4/dobot_msgs_v4/srv/di_group.h
-- Installing: /home/user/dobot_ws/install/dobot_msgs_v4/include/dobot_msgs_v4/dobot_msgs_v4/srv/get_tool_do.h
-- Installing: /home/user/dobot_ws/install/dobot_msgs_v4/include/dobot_msgs_v4/dobot_msgs_v4/srv/force_drive_speed.h
-- Installing: /home/user/dobot_ws/install/dobot_msgs_v4/include/dobot_msgs_v4/dobot_msgs_v4/srv/circle.h
-- Installing: /home/user/dobot_ws/install/dobot_msgs_v4/include/dobot_msgs_v4/dobot_msgs_v4/srv/pause.h
-- Installing: /home/user/dobot_ws/install/dobot_msgs_v4/include/dobot_msgs_v4/dobot_msgs_v4/srv/move_jog.h
-- Installing: /home/user/dobot_ws/install/dobot_msgs_v4/include/dobot_msgs_v4/dobot_msgs_v4/srv/set_tool_mode.h
-- Installing: /home/user/dobot_ws/install/dobot_msgs_v4/include/dobot_msgs_v4/dobot_msgs_v4/srv/rel_joint_mov_j.h
-- Installing: /home/user/dobot_ws/install/dobot_msgs_v4/include/dobot_msgs_v4/dobot_msgs_v4/srv/enable_ft_sensor.h
-- Installing: /home/user/dobot_ws/install/dobot_msgs_v4/include/dobot_msgs_v4/dobot_msgs_v4/srv/start_path.h
-- Installing: /home/user/dobot_ws/install/dobot_msgs_v4/include/dobot_msgs_v4/dobot_msgs_v4/srv/ao_instant.h
-- Installing: /home/user/dobot_ws/install/dobot_msgs_v4/include/dobot_msgs_v4/dobot_msgs_v4/srv/rel_mov_l_tool.h
-- Installing: /home/user/dobot_ws/install/dobot_msgs_v4/include/dobot_msgs_v4/dobot_msgs_v4/srv/do_group.h
-- Installing: /home/user/dobot_ws/install/dobot_msgs_v4/include/dobot_msgs_v4/dobot_msgs_v4/srv/rel_mov_j_tool.h
-- Installing: /home/user/dobot_ws/install/dobot_msgs_v4/include/dobot_msgs_v4/dobot_msgs_v4/srv/tool.h
-- Installing: /home/user/dobot_ws/install/dobot_msgs_v4/include/dobot_msgs_v4/dobot_msgs_v4/srv/positive_kin.h
-- Installing: /home/user/dobot_ws/install/dobot_msgs_v4/include/dobot_msgs_v4/dobot_msgs_v4/srv/get_output_int.h
-- Installing: /home/user/dobot_ws/install/dobot_msgs_v4/include/dobot_msgs_v4/dobot_msgs_v4/srv/stop.h
-- Installing: /home/user/dobot_ws/install/dobot_msgs_v4/include/dobot_msgs_v4/dobot_msgs_v4/srv/mov_j.h
-- Installing: /home/user/dobot_ws/install/dobot_msgs_v4/include/dobot_msgs_v4/dobot_msgs_v4/srv/speed_factor.h
-- Installing: /home/user/dobot_ws/install/dobot_msgs_v4/include/dobot_msgs_v4/dobot_msgs_v4/srv/set_work_zone_enable.h
-- Installing: /home/user/dobot_ws/install/dobot_msgs_v4/include/dobot_msgs_v4/dobot_msgs_v4/srv/disable_robot.h
-- Installing: /home/user/dobot_ws/install/dobot_msgs_v4/include/dobot_msgs_v4/dobot_msgs_v4/srv/user.h
-- Installing: /home/user/dobot_ws/install/dobot_msgs_v4/include/dobot_msgs_v4/dobot_msgs_v4/srv/tool_do.h
-- Installing: /home/user/dobot_ws/install/dobot_msgs_v4/include/dobot_msgs_v4/dobot_msgs_v4/srv/mov_jio.h
-- Installing: /home/user/dobot_ws/install/dobot_msgs_v4/include/dobot_msgs_v4/dobot_msgs_v4/srv/cp.h
-- Installing: /home/user/dobot_ws/install/dobot_msgs_v4/include/dobot_msgs_v4/dobot_msgs_v4/srv/tool_do_instant.h
-- Installing: /home/user/dobot_ws/install/dobot_msgs_v4/include/dobot_msgs_v4/dobot_msgs_v4/srv/rel_mov_j_user.h
-- Installing: /home/user/dobot_ws/install/dobot_msgs_v4/include/dobot_msgs_v4/dobot_msgs_v4/srv/ao.h
-- Installing: /home/user/dobot_ws/install/dobot_msgs_v4/include/dobot_msgs_v4/dobot_msgs_v4/srv/get_input_int.h
-- Installing: /home/user/dobot_ws/install/dobot_msgs_v4/include/dobot_msgs_v4/dobot_msgs_v4/srv/acc_j.h
-- Installing: /home/user/dobot_ws/install/dobot_msgs_v4/include/dobot_msgs_v4/dobot_msgs_v4/srv/get_hold_regs.h
-- Installing: /home/user/dobot_ws/install/dobot_msgs_v4/include/dobot_msgs_v4/dobot_msgs_v4/srv/get_output_bool.h
-- Installing: /home/user/dobot_ws/install/dobot_msgs_v4/include/dobot_msgs_v4/dobot_msgs_v4/srv/arc.h
-- Installing: /home/user/dobot_ws/install/dobot_msgs_v4/include/dobot_msgs_v4/dobot_msgs_v4/srv/mov_lio.h
-- Installing: /home/user/dobot_ws/install/dobot_msgs_v4/include/dobot_msgs_v4/dobot_msgs_v4/srv/emergency_stop.h
-- Installing: /home/user/dobot_ws/install/dobot_msgs_v4/include/dobot_msgs_v4/dobot_msgs_v4/srv/get_do.h
-- Installing: /home/user/dobot_ws/install/dobot_msgs_v4/include/dobot_msgs_v4/dobot_msgs_v4/srv/get_pose.h
-- Installing: /home/user/dobot_ws/install/dobot_msgs_v4/include/dobot_msgs_v4/dobot_msgs_v4/srv/set_output_int.h
-- Installing: /home/user/dobot_ws/install/dobot_msgs_v4/include/dobot_msgs_v4/dobot_msgs_v4/srv/fc_force_mode.h
-- Installing: /home/user/dobot_ws/install/dobot_msgs_v4/include/dobot_msgs_v4/dobot_msgs_v4/srv/modbus_close.h
-- Installing: /home/user/dobot_ws/install/dobot_msgs_v4/include/dobot_msgs_v4/dobot_msgs_v4/srv/servo_p.h
-- Installing: /home/user/dobot_ws/install/dobot_msgs_v4/include/dobot_msgs_v4/dobot_msgs_v4/srv/get_start_pose.h
-- Installing: /home/user/dobot_ws/install/dobot_msgs_v4/include/dobot_msgs_v4/dobot_msgs_v4/srv/get_output_float.h
-- Installing: /home/user/dobot_ws/install/dobot_msgs_v4/include/dobot_msgs_v4/dobot_msgs_v4/srv/set_back_distance.h
-- Installing: /home/user/dobot_ws/install/dobot_msgs_v4/include/dobot_msgs_v4/dobot_msgs_v4/srv/fc_set_force_speed_limit.h
-- Installing: /home/user/dobot_ws/install/dobot_msgs_v4/include/dobot_msgs_v4/dobot_msgs_v4/srv/inverse_kin.h
-- Installing: /home/user/dobot_ws/install/dobot_msgs_v4/include/dobot_msgs_v4/dobot_msgs_v4/srv/set_output_bool.h
-- Installing: /home/user/dobot_ws/install/dobot_msgs_v4/include/dobot_msgs_v4/dobot_msgs_v4/srv/set_collision_level.h
-- Installing: /home/user/dobot_ws/install/dobot_msgs_v4/include/dobot_msgs_v4/dobot_msgs_v4/srv/get_current_command_id.h
-- Installing: /home/user/dobot_ws/install/dobot_msgs_v4/include/dobot_msgs_v4/dobot_msgs_v4/srv/brake_control.h
-- Installing: /home/user/dobot_ws/install/dobot_msgs_v4/include/dobot_msgs_v4/dobot_msgs_v4/srv/fc_off.h
-- Installing: /home/user/dobot_ws/install/dobot_msgs_v4/include/dobot_msgs_v4/dobot_msgs_v4/srv/check_odd_mov_c.h
-- Installing: /home/user/dobot_ws/install/dobot_msgs_v4/include/dobot_msgs_v4/dobot_msgs_v4/srv/detail
-- Installing: /home/user/dobot_ws/install/dobot_msgs_v4/include/dobot_msgs_v4/dobot_msgs_v4/srv/detail/mov_lio__type_support.h
-- Installing: /home/user/dobot_ws/install/dobot_msgs_v4/include/dobot_msgs_v4/dobot_msgs_v4/srv/detail/fc_set_force__functions.c
-- Installing: /home/user/dobot_ws/install/dobot_msgs_v4/include/dobot_msgs_v4/dobot_msgs_v4/srv/detail/start_rt_offset__functions.h
-- Installing: /home/user/dobot_ws/install/dobot_msgs_v4/include/dobot_msgs_v4/dobot_msgs_v4/srv/detail/set_post_collision_mode__type_support.h
-- Installing: /home/user/dobot_ws/install/dobot_msgs_v4/include/dobot_msgs_v4/dobot_msgs_v4/srv/detail/get_input_bool__functions.h
-- Installing: /home/user/dobot_ws/install/dobot_msgs_v4/include/dobot_msgs_v4/dobot_msgs_v4/srv/detail/speed_factor__functions.c
-- Installing: /home/user/dobot_ws/install/dobot_msgs_v4/include/dobot_msgs_v4/dobot_msgs_v4/srv/detail/acc_j__struct.h
-- Installing: /home/user/dobot_ws/install/dobot_msgs_v4/include/dobot_msgs_v4/dobot_msgs_v4/srv/detail/get_output_float__type_support.h
-- Installing: /home/user/dobot_ws/install/dobot_msgs_v4/include/dobot_msgs_v4/dobot_msgs_v4/srv/detail/mov_l__struct.h
-- Installing: /home/user/dobot_ws/install/dobot_msgs_v4/include/dobot_msgs_v4/dobot_msgs_v4/srv/detail/set_tool485__struct.h
-- Installing: /home/user/dobot_ws/install/dobot_msgs_v4/include/dobot_msgs_v4/dobot_msgs_v4/srv/detail/end_rt_offset__functions.c
-- Installing: /home/user/dobot_ws/install/dobot_msgs_v4/include/dobot_msgs_v4/dobot_msgs_v4/srv/detail/rel_joint_mov_j__struct.h
-- Installing: /home/user/dobot_ws/install/dobot_msgs_v4/include/dobot_msgs_v4/dobot_msgs_v4/srv/detail/set_output_float__functions.h
-- Installing: /home/user/dobot_ws/install/dobot_msgs_v4/include/dobot_msgs_v4/dobot_msgs_v4/srv/detail/move_jog__functions.h
-- Installing: /home/user/dobot_ws/install/dobot_msgs_v4/include/dobot_msgs_v4/dobot_msgs_v4/srv/detail/disable_robot__struct.h
-- Installing: /home/user/dobot_ws/install/dobot_msgs_v4/include/dobot_msgs_v4/dobot_msgs_v4/srv/detail/fc_set_mass__functions.h
-- Installing: /home/user/dobot_ws/install/dobot_msgs_v4/include/dobot_msgs_v4/dobot_msgs_v4/srv/detail/fc_set_force_limit__functions.h
-- Installing: /home/user/dobot_ws/install/dobot_msgs_v4/include/dobot_msgs_v4/dobot_msgs_v4/srv/detail/set_coils__functions.c
-- Installing: /home/user/dobot_ws/install/dobot_msgs_v4/include/dobot_msgs_v4/dobot_msgs_v4/srv/detail/rel_mov_j_tool__functions.c
-- Installing: /home/user/dobot_ws/install/dobot_msgs_v4/include/dobot_msgs_v4/dobot_msgs_v4/srv/detail/fc_set_damping__functions.c
-- Installing: /home/user/dobot_ws/install/dobot_msgs_v4/include/dobot_msgs_v4/dobot_msgs_v4/srv/detail/user__type_support.h
-- Installing: /home/user/dobot_ws/install/dobot_msgs_v4/include/dobot_msgs_v4/dobot_msgs_v4/srv/detail/circle__functions.c
-- Installing: /home/user/dobot_ws/install/dobot_msgs_v4/include/dobot_msgs_v4/dobot_msgs_v4/srv/detail/get_coils__type_support.h
-- Installing: /home/user/dobot_ws/install/dobot_msgs_v4/include/dobot_msgs_v4/dobot_msgs_v4/srv/detail/get_do__type_support.h
-- Installing: /home/user/dobot_ws/install/dobot_msgs_v4/include/dobot_msgs_v4/dobot_msgs_v4/srv/detail/drag_sensivity__functions.h
-- Installing: /home/user/dobot_ws/install/dobot_msgs_v4/include/dobot_msgs_v4/dobot_msgs_v4/srv/detail/get_pose__type_support.h
-- Installing: /home/user/dobot_ws/install/dobot_msgs_v4/include/dobot_msgs_v4/dobot_msgs_v4/srv/detail/fc_set_force_limit__type_support.h
-- Installing: /home/user/dobot_ws/install/dobot_msgs_v4/include/dobot_msgs_v4/dobot_msgs_v4/srv/detail/inverse_solution__struct.h
-- Installing: /home/user/dobot_ws/install/dobot_msgs_v4/include/dobot_msgs_v4/dobot_msgs_v4/srv/detail/start_drag__functions.h
-- Installing: /home/user/dobot_ws/install/dobot_msgs_v4/include/dobot_msgs_v4/dobot_msgs_v4/srv/detail/start_drag__functions.c
-- Installing: /home/user/dobot_ws/install/dobot_msgs_v4/include/dobot_msgs_v4/dobot_msgs_v4/srv/detail/fc_set_force__type_support.h
-- Installing: /home/user/dobot_ws/install/dobot_msgs_v4/include/dobot_msgs_v4/dobot_msgs_v4/srv/detail/acc_l__type_support.h
-- Installing: /home/user/dobot_ws/install/dobot_msgs_v4/include/dobot_msgs_v4/dobot_msgs_v4/srv/detail/fc_set_mass__struct.h
-- Installing: /home/user/dobot_ws/install/dobot_msgs_v4/include/dobot_msgs_v4/dobot_msgs_v4/srv/detail/enable_robot__functions.c
-- Installing: /home/user/dobot_ws/install/dobot_msgs_v4/include/dobot_msgs_v4/dobot_msgs_v4/srv/detail/set_collision_level__functions.h
-- Installing: /home/user/dobot_ws/install/dobot_msgs_v4/include/dobot_msgs_v4/dobot_msgs_v4/srv/detail/acc_j__functions.c
-- Installing: /home/user/dobot_ws/install/dobot_msgs_v4/include/dobot_msgs_v4/dobot_msgs_v4/srv/detail/fc_set_stiffness__struct.h
-- Installing: /home/user/dobot_ws/install/dobot_msgs_v4/include/dobot_msgs_v4/dobot_msgs_v4/srv/detail/set_hold_regs__functions.h
-- Installing: /home/user/dobot_ws/install/dobot_msgs_v4/include/dobot_msgs_v4/dobot_msgs_v4/srv/detail/clear_error__functions.h
-- Installing: /home/user/dobot_ws/install/dobot_msgs_v4/include/dobot_msgs_v4/dobot_msgs_v4/srv/detail/get_input_bool__struct.h
-- Installing: /home/user/dobot_ws/install/dobot_msgs_v4/include/dobot_msgs_v4/dobot_msgs_v4/srv/detail/di_group__type_support.h
-- Installing: /home/user/dobot_ws/install/dobot_msgs_v4/include/dobot_msgs_v4/dobot_msgs_v4/srv/detail/stop__functions.h
-- Installing: /home/user/dobot_ws/install/dobot_msgs_v4/include/dobot_msgs_v4/dobot_msgs_v4/srv/detail/emergency_stop__functions.h
-- Installing: /home/user/dobot_ws/install/dobot_msgs_v4/include/dobot_msgs_v4/dobot_msgs_v4/srv/detail/do_group__functions.h
-- Installing: /home/user/dobot_ws/install/dobot_msgs_v4/include/dobot_msgs_v4/dobot_msgs_v4/srv/detail/positive_kin__functions.c
-- Installing: /home/user/dobot_ws/install/dobot_msgs_v4/include/dobot_msgs_v4/dobot_msgs_v4/srv/detail/pause__struct.h
-- Installing: /home/user/dobot_ws/install/dobot_msgs_v4/include/dobot_msgs_v4/dobot_msgs_v4/srv/detail/run_script__functions.h
-- Installing: /home/user/dobot_ws/install/dobot_msgs_v4/include/dobot_msgs_v4/dobot_msgs_v4/srv/detail/get_input_int__type_support.h
-- Installing: /home/user/dobot_ws/install/dobot_msgs_v4/include/dobot_msgs_v4/dobot_msgs_v4/srv/detail/servo_p__struct.h
-- Installing: /home/user/dobot_ws/install/dobot_msgs_v4/include/dobot_msgs_v4/dobot_msgs_v4/srv/detail/vel_l__functions.c
-- Installing: /home/user/dobot_ws/install/dobot_msgs_v4/include/dobot_msgs_v4/dobot_msgs_v4/srv/detail/check_odd_mov_c__type_support.h
-- Installing: /home/user/dobot_ws/install/dobot_msgs_v4/include/dobot_msgs_v4/dobot_msgs_v4/srv/detail/do_group_dec__type_support.h
-- Installing: /home/user/dobot_ws/install/dobot_msgs_v4/include/dobot_msgs_v4/dobot_msgs_v4/srv/detail/request_control__type_support.h
-- Installing: /home/user/dobot_ws/install/dobot_msgs_v4/include/dobot_msgs_v4/dobot_msgs_v4/srv/detail/run_to__type_support.h
-- Installing: /home/user/dobot_ws/install/dobot_msgs_v4/include/dobot_msgs_v4/dobot_msgs_v4/srv/detail/set_coils__type_support.h
-- Installing: /home/user/dobot_ws/install/dobot_msgs_v4/include/dobot_msgs_v4/dobot_msgs_v4/srv/detail/rel_mov_j_tool__functions.h
-- Installing: /home/user/dobot_ws/install/dobot_msgs_v4/include/dobot_msgs_v4/dobot_msgs_v4/srv/detail/check_odd_mov_j__type_support.h
-- Installing: /home/user/dobot_ws/install/dobot_msgs_v4/include/dobot_msgs_v4/dobot_msgs_v4/srv/detail/power_on__type_support.h
-- Installing: /home/user/dobot_ws/install/dobot_msgs_v4/include/dobot_msgs_v4/dobot_msgs_v4/srv/detail/set_tool_power__functions.c
-- Installing: /home/user/dobot_ws/install/dobot_msgs_v4/include/dobot_msgs_v4/dobot_msgs_v4/srv/detail/get_do_group_dec__struct.h
-- Installing: /home/user/dobot_ws/install/dobot_msgs_v4/include/dobot_msgs_v4/dobot_msgs_v4/srv/detail/positive_kin__struct.h
-- Installing: /home/user/dobot_ws/install/dobot_msgs_v4/include/dobot_msgs_v4/dobot_msgs_v4/srv/detail/get_start_pose__type_support.h
-- Installing: /home/user/dobot_ws/install/dobot_msgs_v4/include/dobot_msgs_v4/dobot_msgs_v4/srv/detail/stop__struct.h
-- Installing: /home/user/dobot_ws/install/dobot_msgs_v4/include/dobot_msgs_v4/dobot_msgs_v4/srv/detail/start_drag__struct.h
-- Installing: /home/user/dobot_ws/install/dobot_msgs_v4/include/dobot_msgs_v4/dobot_msgs_v4/srv/detail/clear_error__functions.c
-- Installing: /home/user/dobot_ws/install/dobot_msgs_v4/include/dobot_msgs_v4/dobot_msgs_v4/srv/detail/get_do_group__struct.h
-- Installing: /home/user/dobot_ws/install/dobot_msgs_v4/include/dobot_msgs_v4/dobot_msgs_v4/srv/detail/get_in_bits__type_support.h
-- Installing: /home/user/dobot_ws/install/dobot_msgs_v4/include/dobot_msgs_v4/dobot_msgs_v4/srv/detail/get_input_bool__functions.c
-- Installing: /home/user/dobot_ws/install/dobot_msgs_v4/include/dobot_msgs_v4/dobot_msgs_v4/srv/detail/get_angle__type_support.h
-- Installing: /home/user/dobot_ws/install/dobot_msgs_v4/include/dobot_msgs_v4/dobot_msgs_v4/srv/detail/mov_jio__type_support.h
-- Installing: /home/user/dobot_ws/install/dobot_msgs_v4/include/dobot_msgs_v4/dobot_msgs_v4/srv/detail/speed_factor__struct.h
-- Installing: /home/user/dobot_ws/install/dobot_msgs_v4/include/dobot_msgs_v4/dobot_msgs_v4/srv/detail/get_output_bool__functions.h
-- Installing: /home/user/dobot_ws/install/dobot_msgs_v4/include/dobot_msgs_v4/dobot_msgs_v4/srv/detail/get_do__functions.c
-- Installing: /home/user/dobot_ws/install/dobot_msgs_v4/include/dobot_msgs_v4/dobot_msgs_v4/srv/detail/set_tool__type_support.h
-- Installing: /home/user/dobot_ws/install/dobot_msgs_v4/include/dobot_msgs_v4/dobot_msgs_v4/srv/detail/brake_control__type_support.h
-- Installing: /home/user/dobot_ws/install/dobot_msgs_v4/include/dobot_msgs_v4/dobot_msgs_v4/srv/detail/start_rt_offset__functions.c
-- Installing: /home/user/dobot_ws/install/dobot_msgs_v4/include/dobot_msgs_v4/dobot_msgs_v4/srv/detail/tool__functions.c
-- Installing: /home/user/dobot_ws/install/dobot_msgs_v4/include/dobot_msgs_v4/dobot_msgs_v4/srv/detail/check_odd_mov_j__functions.h
-- Installing: /home/user/dobot_ws/install/dobot_msgs_v4/include/dobot_msgs_v4/dobot_msgs_v4/srv/detail/reset_robot__type_support.h
-- Installing: /home/user/dobot_ws/install/dobot_msgs_v4/include/dobot_msgs_v4/dobot_msgs_v4/srv/detail/rel_mov_l_user__struct.h
-- Installing: /home/user/dobot_ws/install/dobot_msgs_v4/include/dobot_msgs_v4/dobot_msgs_v4/srv/detail/set_post_collision_mode__functions.h
-- Installing: /home/user/dobot_ws/install/dobot_msgs_v4/include/dobot_msgs_v4/dobot_msgs_v4/srv/detail/tool_di__struct.h
-- Installing: /home/user/dobot_ws/install/dobot_msgs_v4/include/dobot_msgs_v4/dobot_msgs_v4/srv/detail/set_tool485__functions.h
-- Installing: /home/user/dobot_ws/install/dobot_msgs_v4/include/dobot_msgs_v4/dobot_msgs_v4/srv/detail/get_do__functions.h
-- Installing: /home/user/dobot_ws/install/dobot_msgs_v4/include/dobot_msgs_v4/dobot_msgs_v4/srv/detail/set_back_distance__struct.h
-- Installing: /home/user/dobot_ws/install/dobot_msgs_v4/include/dobot_msgs_v4/dobot_msgs_v4/srv/detail/set_collision_level__type_support.h
-- Installing: /home/user/dobot_ws/install/dobot_msgs_v4/include/dobot_msgs_v4/dobot_msgs_v4/srv/detail/check_odd_mov_c__functions.h
-- Installing: /home/user/dobot_ws/install/dobot_msgs_v4/include/dobot_msgs_v4/dobot_msgs_v4/srv/detail/set_payload__functions.c
-- Installing: /home/user/dobot_ws/install/dobot_msgs_v4/include/dobot_msgs_v4/dobot_msgs_v4/srv/detail/check_odd_mov_l__functions.c
-- Installing: /home/user/dobot_ws/install/dobot_msgs_v4/include/dobot_msgs_v4/dobot_msgs_v4/srv/detail/get_hold_regs__functions.c
-- Installing: /home/user/dobot_ws/install/dobot_msgs_v4/include/dobot_msgs_v4/dobot_msgs_v4/srv/detail/ao__functions.c
-- Installing: /home/user/dobot_ws/install/dobot_msgs_v4/include/dobot_msgs_v4/dobot_msgs_v4/srv/detail/set_back_distance__functions.h
-- Installing: /home/user/dobot_ws/install/dobot_msgs_v4/include/dobot_msgs_v4/dobot_msgs_v4/srv/detail/get_angle__struct.h
-- Installing: /home/user/dobot_ws/install/dobot_msgs_v4/include/dobot_msgs_v4/dobot_msgs_v4/srv/detail/set_fc_collision__functions.c
-- Installing: /home/user/dobot_ws/install/dobot_msgs_v4/include/dobot_msgs_v4/dobot_msgs_v4/srv/detail/force_drive_mode__functions.h
-- Installing: /home/user/dobot_ws/install/dobot_msgs_v4/include/dobot_msgs_v4/dobot_msgs_v4/srv/detail/calc_tool__functions.h
-- Installing: /home/user/dobot_ws/install/dobot_msgs_v4/include/dobot_msgs_v4/dobot_msgs_v4/srv/detail/set_output_bool__struct.h
-- Installing: /home/user/dobot_ws/install/dobot_msgs_v4/include/dobot_msgs_v4/dobot_msgs_v4/srv/detail/run_script__type_support.h
-- Installing: /home/user/dobot_ws/install/dobot_msgs_v4/include/dobot_msgs_v4/dobot_msgs_v4/srv/detail/drag_sensivity__type_support.h
-- Installing: /home/user/dobot_ws/install/dobot_msgs_v4/include/dobot_msgs_v4/dobot_msgs_v4/srv/detail/get_ao__functions.h
-- Installing: /home/user/dobot_ws/install/dobot_msgs_v4/include/dobot_msgs_v4/dobot_msgs_v4/srv/detail/emergency_stop__functions.c
-- Installing: /home/user/dobot_ws/install/dobot_msgs_v4/include/dobot_msgs_v4/dobot_msgs_v4/srv/detail/arc__functions.c
-- Installing: /home/user/dobot_ws/install/dobot_msgs_v4/include/dobot_msgs_v4/dobot_msgs_v4/srv/detail/stop_drag__struct.h
-- Installing: /home/user/dobot_ws/install/dobot_msgs_v4/include/dobot_msgs_v4/dobot_msgs_v4/srv/detail/rel_mov_j_user__struct.h
-- Installing: /home/user/dobot_ws/install/dobot_msgs_v4/include/dobot_msgs_v4/dobot_msgs_v4/srv/detail/inverse_kin__struct.h
-- Installing: /home/user/dobot_ws/install/dobot_msgs_v4/include/dobot_msgs_v4/dobot_msgs_v4/srv/detail/rel_joint_mov_j__functions.c
-- Installing: /home/user/dobot_ws/install/dobot_msgs_v4/include/dobot_msgs_v4/dobot_msgs_v4/srv/detail/brake_control__functions.c
-- Installing: /home/user/dobot_ws/install/dobot_msgs_v4/include/dobot_msgs_v4/dobot_msgs_v4/srv/detail/set_tool__struct.h
-- Installing: /home/user/dobot_ws/install/dobot_msgs_v4/include/dobot_msgs_v4/dobot_msgs_v4/srv/detail/rel_mov_j_user__type_support.h
-- Installing: /home/user/dobot_ws/install/dobot_msgs_v4/include/dobot_msgs_v4/dobot_msgs_v4/srv/detail/get_tool_do__struct.h
-- Installing: /home/user/dobot_ws/install/dobot_msgs_v4/include/dobot_msgs_v4/dobot_msgs_v4/srv/detail/get_do_group__functions.c
-- Installing: /home/user/dobot_ws/install/dobot_msgs_v4/include/dobot_msgs_v4/dobot_msgs_v4/srv/detail/get_output_int__type_support.h
-- Installing: /home/user/dobot_ws/install/dobot_msgs_v4/include/dobot_msgs_v4/dobot_msgs_v4/srv/detail/do__functions.h
-- Installing: /home/user/dobot_ws/install/dobot_msgs_v4/include/dobot_msgs_v4/dobot_msgs_v4/srv/detail/enable_ft_sensor__type_support.h
-- Installing: /home/user/dobot_ws/install/dobot_msgs_v4/include/dobot_msgs_v4/dobot_msgs_v4/srv/detail/set_output_int__struct.h
-- Installing: /home/user/dobot_ws/install/dobot_msgs_v4/include/dobot_msgs_v4/dobot_msgs_v4/srv/detail/robot_mode__functions.h
-- Installing: /home/user/dobot_ws/install/dobot_msgs_v4/include/dobot_msgs_v4/dobot_msgs_v4/srv/detail/get_output_bool__type_support.h
-- Installing: /home/user/dobot_ws/install/dobot_msgs_v4/include/dobot_msgs_v4/dobot_msgs_v4/srv/detail/set_hold_regs__functions.c
-- Installing: /home/user/dobot_ws/install/dobot_msgs_v4/include/dobot_msgs_v4/dobot_msgs_v4/srv/detail/ao__functions.h
-- Installing: /home/user/dobot_ws/install/dobot_msgs_v4/include/dobot_msgs_v4/dobot_msgs_v4/srv/detail/set_safe_wall_enable__functions.h
-- Installing: /home/user/dobot_ws/install/dobot_msgs_v4/include/dobot_msgs_v4/dobot_msgs_v4/srv/detail/request_control__functions.h
-- Installing: /home/user/dobot_ws/install/dobot_msgs_v4/include/dobot_msgs_v4/dobot_msgs_v4/srv/detail/get_output_int__struct.h
-- Installing: /home/user/dobot_ws/install/dobot_msgs_v4/include/dobot_msgs_v4/dobot_msgs_v4/srv/detail/set_user__functions.c
-- Installing: /home/user/dobot_ws/install/dobot_msgs_v4/include/dobot_msgs_v4/dobot_msgs_v4/srv/detail/tool__type_support.h
-- Installing: /home/user/dobot_ws/install/dobot_msgs_v4/include/dobot_msgs_v4/dobot_msgs_v4/srv/detail/di_group_dec__functions.c
-- Installing: /home/user/dobot_ws/install/dobot_msgs_v4/include/dobot_msgs_v4/dobot_msgs_v4/srv/detail/inverse_kin__functions.c
-- Installing: /home/user/dobot_ws/install/dobot_msgs_v4/include/dobot_msgs_v4/dobot_msgs_v4/srv/detail/ao_instant__functions.h
-- Installing: /home/user/dobot_ws/install/dobot_msgs_v4/include/dobot_msgs_v4/dobot_msgs_v4/srv/detail/arc__struct.h
-- Installing: /home/user/dobot_ws/install/dobot_msgs_v4/include/dobot_msgs_v4/dobot_msgs_v4/srv/detail/get_ao__type_support.h
-- Installing: /home/user/dobot_ws/install/dobot_msgs_v4/include/dobot_msgs_v4/dobot_msgs_v4/srv/detail/tool_ai__struct.h
-- Installing: /home/user/dobot_ws/install/dobot_msgs_v4/include/dobot_msgs_v4/dobot_msgs_v4/srv/detail/mov_jio__struct.h
-- Installing: /home/user/dobot_ws/install/dobot_msgs_v4/include/dobot_msgs_v4/dobot_msgs_v4/srv/detail/start_path__functions.c
-- Installing: /home/user/dobot_ws/install/dobot_msgs_v4/include/dobot_msgs_v4/dobot_msgs_v4/srv/detail/get_input_float__struct.h
-- Installing: /home/user/dobot_ws/install/dobot_msgs_v4/include/dobot_msgs_v4/dobot_msgs_v4/srv/detail/circle__struct.h
-- Installing: /home/user/dobot_ws/install/dobot_msgs_v4/include/dobot_msgs_v4/dobot_msgs_v4/srv/detail/positive_kin__type_support.h
-- Installing: /home/user/dobot_ws/install/dobot_msgs_v4/include/dobot_msgs_v4/dobot_msgs_v4/srv/detail/get_in_bits__functions.c
-- Installing: /home/user/dobot_ws/install/dobot_msgs_v4/include/dobot_msgs_v4/dobot_msgs_v4/srv/detail/get_error_id__struct.h
-- Installing: /home/user/dobot_ws/install/dobot_msgs_v4/include/dobot_msgs_v4/dobot_msgs_v4/srv/detail/di__struct.h
-- Installing: /home/user/dobot_ws/install/dobot_msgs_v4/include/dobot_msgs_v4/dobot_msgs_v4/srv/detail/six_force_home__functions.c
-- Installing: /home/user/dobot_ws/install/dobot_msgs_v4/include/dobot_msgs_v4/dobot_msgs_v4/srv/detail/force_drive_speed__functions.h
-- Installing: /home/user/dobot_ws/install/dobot_msgs_v4/include/dobot_msgs_v4/dobot_msgs_v4/srv/detail/speed_factor__type_support.h
-- Installing: /home/user/dobot_ws/install/dobot_msgs_v4/include/dobot_msgs_v4/dobot_msgs_v4/srv/detail/fc_set_force_speed_limit__functions.c
-- Installing: /home/user/dobot_ws/install/dobot_msgs_v4/include/dobot_msgs_v4/dobot_msgs_v4/srv/detail/fc_set_stiffness__functions.h
-- Installing: /home/user/dobot_ws/install/dobot_msgs_v4/include/dobot_msgs_v4/dobot_msgs_v4/srv/detail/circle__functions.h
-- Installing: /home/user/dobot_ws/install/dobot_msgs_v4/include/dobot_msgs_v4/dobot_msgs_v4/srv/detail/fc_set_force_speed_limit__functions.h
-- Installing: /home/user/dobot_ws/install/dobot_msgs_v4/include/dobot_msgs_v4/dobot_msgs_v4/srv/detail/get_current_command_id__functions.c
-- Installing: /home/user/dobot_ws/install/dobot_msgs_v4/include/dobot_msgs_v4/dobot_msgs_v4/srv/detail/get_in_regs__type_support.h
-- Installing: /home/user/dobot_ws/install/dobot_msgs_v4/include/dobot_msgs_v4/dobot_msgs_v4/srv/detail/tool_do_instant__functions.c
-- Installing: /home/user/dobot_ws/install/dobot_msgs_v4/include/dobot_msgs_v4/dobot_msgs_v4/srv/detail/get_pose__functions.c
-- Installing: /home/user/dobot_ws/install/dobot_msgs_v4/include/dobot_msgs_v4/dobot_msgs_v4/srv/detail/cp__functions.c
-- Installing: /home/user/dobot_ws/install/dobot_msgs_v4/include/dobot_msgs_v4/dobot_msgs_v4/srv/detail/positive_kin__functions.h
-- Installing: /home/user/dobot_ws/install/dobot_msgs_v4/include/dobot_msgs_v4/dobot_msgs_v4/srv/detail/get_in_regs__struct.h
-- Installing: /home/user/dobot_ws/install/dobot_msgs_v4/include/dobot_msgs_v4/dobot_msgs_v4/srv/detail/get_error__functions.h
-- Installing: /home/user/dobot_ws/install/dobot_msgs_v4/include/dobot_msgs_v4/dobot_msgs_v4/srv/detail/run_script__functions.c
-- Installing: /home/user/dobot_ws/install/dobot_msgs_v4/include/dobot_msgs_v4/dobot_msgs_v4/srv/detail/get_error__type_support.h
-- Installing: /home/user/dobot_ws/install/dobot_msgs_v4/include/dobot_msgs_v4/dobot_msgs_v4/srv/detail/set_post_collision_mode__struct.h
-- Installing: /home/user/dobot_ws/install/dobot_msgs_v4/include/dobot_msgs_v4/dobot_msgs_v4/srv/detail/modbus_create__type_support.h
-- Installing: /home/user/dobot_ws/install/dobot_msgs_v4/include/dobot_msgs_v4/dobot_msgs_v4/srv/detail/fc_collision_switch__functions.c
-- Installing: /home/user/dobot_ws/install/dobot_msgs_v4/include/dobot_msgs_v4/dobot_msgs_v4/srv/detail/rel_mov_j_user__functions.h
-- Installing: /home/user/dobot_ws/install/dobot_msgs_v4/include/dobot_msgs_v4/dobot_msgs_v4/srv/detail/set_fc_collision__functions.h
-- Installing: /home/user/dobot_ws/install/dobot_msgs_v4/include/dobot_msgs_v4/dobot_msgs_v4/srv/detail/modbus_close__struct.h
-- Installing: /home/user/dobot_ws/install/dobot_msgs_v4/include/dobot_msgs_v4/dobot_msgs_v4/srv/detail/enable_safe_skin__struct.h
-- Installing: /home/user/dobot_ws/install/dobot_msgs_v4/include/dobot_msgs_v4/dobot_msgs_v4/srv/detail/do_group_dec__functions.h
-- Installing: /home/user/dobot_ws/install/dobot_msgs_v4/include/dobot_msgs_v4/dobot_msgs_v4/srv/detail/ai__functions.h
-- Installing: /home/user/dobot_ws/install/dobot_msgs_v4/include/dobot_msgs_v4/dobot_msgs_v4/srv/detail/set_payload__functions.h
-- Installing: /home/user/dobot_ws/install/dobot_msgs_v4/include/dobot_msgs_v4/dobot_msgs_v4/srv/detail/set_tool_power__struct.h
-- Installing: /home/user/dobot_ws/install/dobot_msgs_v4/include/dobot_msgs_v4/dobot_msgs_v4/srv/detail/get_input_float__functions.c
-- Installing: /home/user/dobot_ws/install/dobot_msgs_v4/include/dobot_msgs_v4/dobot_msgs_v4/srv/detail/ai__functions.c
-- Installing: /home/user/dobot_ws/install/dobot_msgs_v4/include/dobot_msgs_v4/dobot_msgs_v4/srv/detail/enable_robot__type_support.h
-- Installing: /home/user/dobot_ws/install/dobot_msgs_v4/include/dobot_msgs_v4/dobot_msgs_v4/srv/detail/ao__struct.h
-- Installing: /home/user/dobot_ws/install/dobot_msgs_v4/include/dobot_msgs_v4/dobot_msgs_v4/srv/detail/inverse_solution__functions.c
-- Installing: /home/user/dobot_ws/install/dobot_msgs_v4/include/dobot_msgs_v4/dobot_msgs_v4/srv/detail/enable_safe_skin__functions.c
-- Installing: /home/user/dobot_ws/install/dobot_msgs_v4/include/dobot_msgs_v4/dobot_msgs_v4/srv/detail/calc_tool__type_support.h
-- Installing: /home/user/dobot_ws/install/dobot_msgs_v4/include/dobot_msgs_v4/dobot_msgs_v4/srv/detail/rel_joint_mov_j__functions.h
-- Installing: /home/user/dobot_ws/install/dobot_msgs_v4/include/dobot_msgs_v4/dobot_msgs_v4/srv/detail/get_force__functions.h
-- Installing: /home/user/dobot_ws/install/dobot_msgs_v4/include/dobot_msgs_v4/dobot_msgs_v4/srv/detail/get_pose__functions.h
-- Installing: /home/user/dobot_ws/install/dobot_msgs_v4/include/dobot_msgs_v4/dobot_msgs_v4/srv/detail/tool_di__functions.c
-- Installing: /home/user/dobot_ws/install/dobot_msgs_v4/include/dobot_msgs_v4/dobot_msgs_v4/srv/detail/disable_robot__type_support.h
-- Installing: /home/user/dobot_ws/install/dobot_msgs_v4/include/dobot_msgs_v4/dobot_msgs_v4/srv/detail/do_instant__type_support.h
-- Installing: /home/user/dobot_ws/install/dobot_msgs_v4/include/dobot_msgs_v4/dobot_msgs_v4/srv/detail/ao__type_support.h
-- Installing: /home/user/dobot_ws/install/dobot_msgs_v4/include/dobot_msgs_v4/dobot_msgs_v4/srv/detail/di_group_dec__functions.h
-- Installing: /home/user/dobot_ws/install/dobot_msgs_v4/include/dobot_msgs_v4/dobot_msgs_v4/srv/detail/get_current_command_id__struct.h
-- Installing: /home/user/dobot_ws/install/dobot_msgs_v4/include/dobot_msgs_v4/dobot_msgs_v4/srv/detail/fc_set_damping__struct.h
-- Installing: /home/user/dobot_ws/install/dobot_msgs_v4/include/dobot_msgs_v4/dobot_msgs_v4/srv/detail/brake_control__functions.h
-- Installing: /home/user/dobot_ws/install/dobot_msgs_v4/include/dobot_msgs_v4/dobot_msgs_v4/srv/detail/fc_force_mode__functions.h
-- Installing: /home/user/dobot_ws/install/dobot_msgs_v4/include/dobot_msgs_v4/dobot_msgs_v4/srv/detail/tool_do_instant__type_support.h
-- Installing: /home/user/dobot_ws/install/dobot_msgs_v4/include/dobot_msgs_v4/dobot_msgs_v4/srv/detail/get_input_float__type_support.h
-- Installing: /home/user/dobot_ws/install/dobot_msgs_v4/include/dobot_msgs_v4/dobot_msgs_v4/srv/detail/move_jog__struct.h
-- Installing: /home/user/dobot_ws/install/dobot_msgs_v4/include/dobot_msgs_v4/dobot_msgs_v4/srv/detail/fc_set_stiffness__type_support.h
-- Installing: /home/user/dobot_ws/install/dobot_msgs_v4/include/dobot_msgs_v4/dobot_msgs_v4/srv/detail/end_rt_offset__type_support.h
-- Installing: /home/user/dobot_ws/install/dobot_msgs_v4/include/dobot_msgs_v4/dobot_msgs_v4/srv/detail/di__type_support.h
-- Installing: /home/user/dobot_ws/install/dobot_msgs_v4/include/dobot_msgs_v4/dobot_msgs_v4/srv/detail/get_error_id__functions.h
-- Installing: /home/user/dobot_ws/install/dobot_msgs_v4/include/dobot_msgs_v4/dobot_msgs_v4/srv/detail/set_hold_regs__type_support.h
-- Installing: /home/user/dobot_ws/install/dobot_msgs_v4/include/dobot_msgs_v4/dobot_msgs_v4/srv/detail/mov_jio__functions.c
-- Installing: /home/user/dobot_ws/install/dobot_msgs_v4/include/dobot_msgs_v4/dobot_msgs_v4/srv/detail/fc_collision_switch__type_support.h
-- Installing: /home/user/dobot_ws/install/dobot_msgs_v4/include/dobot_msgs_v4/dobot_msgs_v4/srv/detail/di_group__functions.c
-- Installing: /home/user/dobot_ws/install/dobot_msgs_v4/include/dobot_msgs_v4/dobot_msgs_v4/srv/detail/tool_ai__functions.h
-- Installing: /home/user/dobot_ws/install/dobot_msgs_v4/include/dobot_msgs_v4/dobot_msgs_v4/srv/detail/get_output_bool__functions.c
-- Installing: /home/user/dobot_ws/install/dobot_msgs_v4/include/dobot_msgs_v4/dobot_msgs_v4/srv/detail/force_drive_mode__type_support.h
-- Installing: /home/user/dobot_ws/install/dobot_msgs_v4/include/dobot_msgs_v4/dobot_msgs_v4/srv/detail/vel_j__functions.h
-- Installing: /home/user/dobot_ws/install/dobot_msgs_v4/include/dobot_msgs_v4/dobot_msgs_v4/srv/detail/di__functions.c
-- Installing: /home/user/dobot_ws/install/dobot_msgs_v4/include/dobot_msgs_v4/dobot_msgs_v4/srv/detail/set_user__struct.h
-- Installing: /home/user/dobot_ws/install/dobot_msgs_v4/include/dobot_msgs_v4/dobot_msgs_v4/srv/detail/continue__functions.c
-- Installing: /home/user/dobot_ws/install/dobot_msgs_v4/include/dobot_msgs_v4/dobot_msgs_v4/srv/detail/ao_instant__struct.h
-- Installing: /home/user/dobot_ws/install/dobot_msgs_v4/include/dobot_msgs_v4/dobot_msgs_v4/srv/detail/calc_tool__functions.c
-- Installing: /home/user/dobot_ws/install/dobot_msgs_v4/include/dobot_msgs_v4/dobot_msgs_v4/srv/detail/get_start_pose__struct.h
-- Installing: /home/user/dobot_ws/install/dobot_msgs_v4/include/dobot_msgs_v4/dobot_msgs_v4/srv/detail/di_group_dec__struct.h
-- Installing: /home/user/dobot_ws/install/dobot_msgs_v4/include/dobot_msgs_v4/dobot_msgs_v4/srv/detail/set_collision_level__functions.c
-- Installing: /home/user/dobot_ws/install/dobot_msgs_v4/include/dobot_msgs_v4/dobot_msgs_v4/srv/detail/inverse_solution__functions.h
-- Installing: /home/user/dobot_ws/install/dobot_msgs_v4/include/dobot_msgs_v4/dobot_msgs_v4/srv/detail/set_safe_skin__functions.c
-- Installing: /home/user/dobot_ws/install/dobot_msgs_v4/include/dobot_msgs_v4/dobot_msgs_v4/srv/detail/fc_collision_switch__struct.h
-- Installing: /home/user/dobot_ws/install/dobot_msgs_v4/include/dobot_msgs_v4/dobot_msgs_v4/srv/detail/arc__functions.h
-- Installing: /home/user/dobot_ws/install/dobot_msgs_v4/include/dobot_msgs_v4/dobot_msgs_v4/srv/detail/mov_l__type_support.h
-- Installing: /home/user/dobot_ws/install/dobot_msgs_v4/include/dobot_msgs_v4/dobot_msgs_v4/srv/detail/disable_robot__functions.c
-- Installing: /home/user/dobot_ws/install/dobot_msgs_v4/include/dobot_msgs_v4/dobot_msgs_v4/srv/detail/get_force__struct.h
-- Installing: /home/user/dobot_ws/install/dobot_msgs_v4/include/dobot_msgs_v4/dobot_msgs_v4/srv/detail/request_control__struct.h
-- Installing: /home/user/dobot_ws/install/dobot_msgs_v4/include/dobot_msgs_v4/dobot_msgs_v4/srv/detail/vel_l__type_support.h
-- Installing: /home/user/dobot_ws/install/dobot_msgs_v4/include/dobot_msgs_v4/dobot_msgs_v4/srv/detail/clear_error__struct.h
-- Installing: /home/user/dobot_ws/install/dobot_msgs_v4/include/dobot_msgs_v4/dobot_msgs_v4/srv/detail/power_on__struct.h
-- Installing: /home/user/dobot_ws/install/dobot_msgs_v4/include/dobot_msgs_v4/dobot_msgs_v4/srv/detail/acc_l__functions.c
-- Installing: /home/user/dobot_ws/install/dobot_msgs_v4/include/dobot_msgs_v4/dobot_msgs_v4/srv/detail/force_drive_speed__struct.h
-- Installing: /home/user/dobot_ws/install/dobot_msgs_v4/include/dobot_msgs_v4/dobot_msgs_v4/srv/detail/get_in_regs__functions.h
-- Installing: /home/user/dobot_ws/install/dobot_msgs_v4/include/dobot_msgs_v4/dobot_msgs_v4/srv/detail/set_output_bool__type_support.h
-- Installing: /home/user/dobot_ws/install/dobot_msgs_v4/include/dobot_msgs_v4/dobot_msgs_v4/srv/detail/do__functions.c
-- Installing: /home/user/dobot_ws/install/dobot_msgs_v4/include/dobot_msgs_v4/dobot_msgs_v4/srv/detail/set_output_int__functions.h
-- Installing: /home/user/dobot_ws/install/dobot_msgs_v4/include/dobot_msgs_v4/dobot_msgs_v4/srv/detail/tool_do__type_support.h
-- Installing: /home/user/dobot_ws/install/dobot_msgs_v4/include/dobot_msgs_v4/dobot_msgs_v4/srv/detail/tool_ai__type_support.h
-- Installing: /home/user/dobot_ws/install/dobot_msgs_v4/include/dobot_msgs_v4/dobot_msgs_v4/srv/detail/fc_set_force__struct.h
-- Installing: /home/user/dobot_ws/install/dobot_msgs_v4/include/dobot_msgs_v4/dobot_msgs_v4/srv/detail/circle__type_support.h
-- Installing: /home/user/dobot_ws/install/dobot_msgs_v4/include/dobot_msgs_v4/dobot_msgs_v4/srv/detail/set_fc_collision__type_support.h
-- Installing: /home/user/dobot_ws/install/dobot_msgs_v4/include/dobot_msgs_v4/dobot_msgs_v4/srv/detail/pause__functions.h
-- Installing: /home/user/dobot_ws/install/dobot_msgs_v4/include/dobot_msgs_v4/dobot_msgs_v4/srv/detail/set_hold_regs__struct.h
-- Installing: /home/user/dobot_ws/install/dobot_msgs_v4/include/dobot_msgs_v4/dobot_msgs_v4/srv/detail/stop_move_jog__type_support.h
-- Installing: /home/user/dobot_ws/install/dobot_msgs_v4/include/dobot_msgs_v4/dobot_msgs_v4/srv/detail/get_do_group_dec__functions.c
-- Installing: /home/user/dobot_ws/install/dobot_msgs_v4/include/dobot_msgs_v4/dobot_msgs_v4/srv/detail/get_do_group__type_support.h
-- Installing: /home/user/dobot_ws/install/dobot_msgs_v4/include/dobot_msgs_v4/dobot_msgs_v4/srv/detail/tool_do__functions.c
-- Installing: /home/user/dobot_ws/install/dobot_msgs_v4/include/dobot_msgs_v4/dobot_msgs_v4/srv/detail/set_tool485__type_support.h
-- Installing: /home/user/dobot_ws/install/dobot_msgs_v4/include/dobot_msgs_v4/dobot_msgs_v4/srv/detail/mov_jio__functions.h
-- Installing: /home/user/dobot_ws/install/dobot_msgs_v4/include/dobot_msgs_v4/dobot_msgs_v4/srv/detail/do_instant__functions.c
-- Installing: /home/user/dobot_ws/install/dobot_msgs_v4/include/dobot_msgs_v4/dobot_msgs_v4/srv/detail/get_tool_do__functions.h
-- Installing: /home/user/dobot_ws/install/dobot_msgs_v4/include/dobot_msgs_v4/dobot_msgs_v4/srv/detail/get_output_bool__struct.h
-- Installing: /home/user/dobot_ws/install/dobot_msgs_v4/include/dobot_msgs_v4/dobot_msgs_v4/srv/detail/check_odd_mov_j__functions.c
-- Installing: /home/user/dobot_ws/install/dobot_msgs_v4/include/dobot_msgs_v4/dobot_msgs_v4/srv/detail/check_odd_mov_l__struct.h
-- Installing: /home/user/dobot_ws/install/dobot_msgs_v4/include/dobot_msgs_v4/dobot_msgs_v4/srv/detail/drag_sensivity__struct.h
-- Installing: /home/user/dobot_ws/install/dobot_msgs_v4/include/dobot_msgs_v4/dobot_msgs_v4/srv/detail/fc_set_force_speed_limit__type_support.h
-- Installing: /home/user/dobot_ws/install/dobot_msgs_v4/include/dobot_msgs_v4/dobot_msgs_v4/srv/detail/set_work_zone_enable__type_support.h
-- Installing: /home/user/dobot_ws/install/dobot_msgs_v4/include/dobot_msgs_v4/dobot_msgs_v4/srv/detail/fc_set_force_limit__struct.h
-- Installing: /home/user/dobot_ws/install/dobot_msgs_v4/include/dobot_msgs_v4/dobot_msgs_v4/srv/detail/get_ao__struct.h
-- Installing: /home/user/dobot_ws/install/dobot_msgs_v4/include/dobot_msgs_v4/dobot_msgs_v4/srv/detail/ai__struct.h
-- Installing: /home/user/dobot_ws/install/dobot_msgs_v4/include/dobot_msgs_v4/dobot_msgs_v4/srv/detail/get_start_pose__functions.c
-- Installing: /home/user/dobot_ws/install/dobot_msgs_v4/include/dobot_msgs_v4/dobot_msgs_v4/srv/detail/enable_robot__functions.h
-- Installing: /home/user/dobot_ws/install/dobot_msgs_v4/include/dobot_msgs_v4/dobot_msgs_v4/srv/detail/tool_do_instant__functions.h
-- Installing: /home/user/dobot_ws/install/dobot_msgs_v4/include/dobot_msgs_v4/dobot_msgs_v4/srv/detail/modbus_close__functions.h
-- Installing: /home/user/dobot_ws/install/dobot_msgs_v4/include/dobot_msgs_v4/dobot_msgs_v4/srv/detail/set_tool__functions.h
-- Installing: /home/user/dobot_ws/install/dobot_msgs_v4/include/dobot_msgs_v4/dobot_msgs_v4/srv/detail/rel_mov_l_user__type_support.h
-- Installing: /home/user/dobot_ws/install/dobot_msgs_v4/include/dobot_msgs_v4/dobot_msgs_v4/srv/detail/get_tool_do__functions.c
-- Installing: /home/user/dobot_ws/install/dobot_msgs_v4/include/dobot_msgs_v4/dobot_msgs_v4/srv/detail/user__functions.c
-- Installing: /home/user/dobot_ws/install/dobot_msgs_v4/include/dobot_msgs_v4/dobot_msgs_v4/srv/detail/check_odd_mov_l__functions.h
-- Installing: /home/user/dobot_ws/install/dobot_msgs_v4/include/dobot_msgs_v4/dobot_msgs_v4/srv/detail/fc_collision_switch__functions.h
-- Installing: /home/user/dobot_ws/install/dobot_msgs_v4/include/dobot_msgs_v4/dobot_msgs_v4/srv/detail/mov_lio__functions.h
-- Installing: /home/user/dobot_ws/install/dobot_msgs_v4/include/dobot_msgs_v4/dobot_msgs_v4/srv/detail/servo_j__struct.h
-- Installing: /home/user/dobot_ws/install/dobot_msgs_v4/include/dobot_msgs_v4/dobot_msgs_v4/srv/detail/modbus_close__functions.c
-- Installing: /home/user/dobot_ws/install/dobot_msgs_v4/include/dobot_msgs_v4/dobot_msgs_v4/srv/detail/check_odd_mov_c__struct.h
-- Installing: /home/user/dobot_ws/install/dobot_msgs_v4/include/dobot_msgs_v4/dobot_msgs_v4/srv/detail/set_tool_power__functions.h
-- Installing: /home/user/dobot_ws/install/dobot_msgs_v4/include/dobot_msgs_v4/dobot_msgs_v4/srv/detail/tcp_dashboard__type_support.h
-- Installing: /home/user/dobot_ws/install/dobot_msgs_v4/include/dobot_msgs_v4/dobot_msgs_v4/srv/detail/do__struct.h
-- Installing: /home/user/dobot_ws/install/dobot_msgs_v4/include/dobot_msgs_v4/dobot_msgs_v4/srv/detail/run_script__struct.h
-- Installing: /home/user/dobot_ws/install/dobot_msgs_v4/include/dobot_msgs_v4/dobot_msgs_v4/srv/detail/calc_user__functions.c
-- Installing: /home/user/dobot_ws/install/dobot_msgs_v4/include/dobot_msgs_v4/dobot_msgs_v4/srv/detail/arc__type_support.h
-- Installing: /home/user/dobot_ws/install/dobot_msgs_v4/include/dobot_msgs_v4/dobot_msgs_v4/srv/detail/set_safe_skin__struct.h
-- Installing: /home/user/dobot_ws/install/dobot_msgs_v4/include/dobot_msgs_v4/dobot_msgs_v4/srv/detail/set_output_float__functions.c
-- Installing: /home/user/dobot_ws/install/dobot_msgs_v4/include/dobot_msgs_v4/dobot_msgs_v4/srv/detail/mov_j__functions.c
-- Installing: /home/user/dobot_ws/install/dobot_msgs_v4/include/dobot_msgs_v4/dobot_msgs_v4/srv/detail/get_output_int__functions.c
-- Installing: /home/user/dobot_ws/install/dobot_msgs_v4/include/dobot_msgs_v4/dobot_msgs_v4/srv/detail/servo_j__functions.h
-- Installing: /home/user/dobot_ws/install/dobot_msgs_v4/include/dobot_msgs_v4/dobot_msgs_v4/srv/detail/set_back_distance__type_support.h
-- Installing: /home/user/dobot_ws/install/dobot_msgs_v4/include/dobot_msgs_v4/dobot_msgs_v4/srv/detail/get_current_command_id__type_support.h
-- Installing: /home/user/dobot_ws/install/dobot_msgs_v4/include/dobot_msgs_v4/dobot_msgs_v4/srv/detail/reset_robot__struct.h
-- Installing: /home/user/dobot_ws/install/dobot_msgs_v4/include/dobot_msgs_v4/dobot_msgs_v4/srv/detail/disable_robot__functions.h
-- Installing: /home/user/dobot_ws/install/dobot_msgs_v4/include/dobot_msgs_v4/dobot_msgs_v4/srv/detail/enable_ft_sensor__functions.c
-- Installing: /home/user/dobot_ws/install/dobot_msgs_v4/include/dobot_msgs_v4/dobot_msgs_v4/srv/detail/modbus_rtu_create__functions.c
-- Installing: /home/user/dobot_ws/install/dobot_msgs_v4/include/dobot_msgs_v4/dobot_msgs_v4/srv/detail/di_group__functions.h
-- Installing: /home/user/dobot_ws/install/dobot_msgs_v4/include/dobot_msgs_v4/dobot_msgs_v4/srv/detail/set_output_float__type_support.h
-- Installing: /home/user/dobot_ws/install/dobot_msgs_v4/include/dobot_msgs_v4/dobot_msgs_v4/srv/detail/set_safe_skin__functions.h
-- Installing: /home/user/dobot_ws/install/dobot_msgs_v4/include/dobot_msgs_v4/dobot_msgs_v4/srv/detail/get_pose__struct.h
-- Installing: /home/user/dobot_ws/install/dobot_msgs_v4/include/dobot_msgs_v4/dobot_msgs_v4/srv/detail/get_angle__functions.c
-- Installing: /home/user/dobot_ws/install/dobot_msgs_v4/include/dobot_msgs_v4/dobot_msgs_v4/srv/detail/reset_robot__functions.c
-- Installing: /home/user/dobot_ws/install/dobot_msgs_v4/include/dobot_msgs_v4/dobot_msgs_v4/srv/detail/stop_drag__type_support.h
-- Installing: /home/user/dobot_ws/install/dobot_msgs_v4/include/dobot_msgs_v4/dobot_msgs_v4/srv/detail/tool_do__struct.h
-- Installing: /home/user/dobot_ws/install/dobot_msgs_v4/include/dobot_msgs_v4/dobot_msgs_v4/srv/detail/get_coils__functions.c
-- Installing: /home/user/dobot_ws/install/dobot_msgs_v4/include/dobot_msgs_v4/dobot_msgs_v4/srv/detail/fc_off__functions.c
-- Installing: /home/user/dobot_ws/install/dobot_msgs_v4/include/dobot_msgs_v4/dobot_msgs_v4/srv/detail/set_tool_power__type_support.h
-- Installing: /home/user/dobot_ws/install/dobot_msgs_v4/include/dobot_msgs_v4/dobot_msgs_v4/srv/detail/reset_robot__functions.h
-- Installing: /home/user/dobot_ws/install/dobot_msgs_v4/include/dobot_msgs_v4/dobot_msgs_v4/srv/detail/rel_mov_l_user__functions.h
-- Installing: /home/user/dobot_ws/install/dobot_msgs_v4/include/dobot_msgs_v4/dobot_msgs_v4/srv/detail/get_do__struct.h
-- Installing: /home/user/dobot_ws/install/dobot_msgs_v4/include/dobot_msgs_v4/dobot_msgs_v4/srv/detail/drag_sensivity__functions.c
-- Installing: /home/user/dobot_ws/install/dobot_msgs_v4/include/dobot_msgs_v4/dobot_msgs_v4/srv/detail/fc_set_mass__functions.c
-- Installing: /home/user/dobot_ws/install/dobot_msgs_v4/include/dobot_msgs_v4/dobot_msgs_v4/srv/detail/set_user__type_support.h
-- Installing: /home/user/dobot_ws/install/dobot_msgs_v4/include/dobot_msgs_v4/dobot_msgs_v4/srv/detail/get_input_int__functions.c
-- Installing: /home/user/dobot_ws/install/dobot_msgs_v4/include/dobot_msgs_v4/dobot_msgs_v4/srv/detail/rel_mov_j_tool__type_support.h
-- Installing: /home/user/dobot_ws/install/dobot_msgs_v4/include/dobot_msgs_v4/dobot_msgs_v4/srv/detail/set_user__functions.h
-- Installing: /home/user/dobot_ws/install/dobot_msgs_v4/include/dobot_msgs_v4/dobot_msgs_v4/srv/detail/move_jog__functions.c
-- Installing: /home/user/dobot_ws/install/dobot_msgs_v4/include/dobot_msgs_v4/dobot_msgs_v4/srv/detail/fc_set_force_speed_limit__struct.h
-- Installing: /home/user/dobot_ws/install/dobot_msgs_v4/include/dobot_msgs_v4/dobot_msgs_v4/srv/detail/pause__type_support.h
-- Installing: /home/user/dobot_ws/install/dobot_msgs_v4/include/dobot_msgs_v4/dobot_msgs_v4/srv/detail/calc_user__struct.h
-- Installing: /home/user/dobot_ws/install/dobot_msgs_v4/include/dobot_msgs_v4/dobot_msgs_v4/srv/detail/fc_set_force__functions.h
-- Installing: /home/user/dobot_ws/install/dobot_msgs_v4/include/dobot_msgs_v4/dobot_msgs_v4/srv/detail/get_error__functions.c
-- Installing: /home/user/dobot_ws/install/dobot_msgs_v4/include/dobot_msgs_v4/dobot_msgs_v4/srv/detail/fc_set_mass__type_support.h
-- Installing: /home/user/dobot_ws/install/dobot_msgs_v4/include/dobot_msgs_v4/dobot_msgs_v4/srv/detail/enable_ft_sensor__functions.h
-- Installing: /home/user/dobot_ws/install/dobot_msgs_v4/include/dobot_msgs_v4/dobot_msgs_v4/srv/detail/mov_lio__struct.h
-- Installing: /home/user/dobot_ws/install/dobot_msgs_v4/include/dobot_msgs_v4/dobot_msgs_v4/srv/detail/check_odd_mov_j__struct.h
-- Installing: /home/user/dobot_ws/install/dobot_msgs_v4/include/dobot_msgs_v4/dobot_msgs_v4/srv/detail/fc_set_damping__functions.h
-- Installing: /home/user/dobot_ws/install/dobot_msgs_v4/include/dobot_msgs_v4/dobot_msgs_v4/srv/detail/tool_do__functions.h
-- Installing: /home/user/dobot_ws/install/dobot_msgs_v4/include/dobot_msgs_v4/dobot_msgs_v4/srv/detail/start_path__type_support.h
-- Installing: /home/user/dobot_ws/install/dobot_msgs_v4/include/dobot_msgs_v4/dobot_msgs_v4/srv/detail/get_input_bool__type_support.h
-- Installing: /home/user/dobot_ws/install/dobot_msgs_v4/include/dobot_msgs_v4/dobot_msgs_v4/srv/detail/modbus_create__struct.h
-- Installing: /home/user/dobot_ws/install/dobot_msgs_v4/include/dobot_msgs_v4/dobot_msgs_v4/srv/detail/fc_set_deviation__type_support.h
-- Installing: /home/user/dobot_ws/install/dobot_msgs_v4/include/dobot_msgs_v4/dobot_msgs_v4/srv/detail/robot_mode__type_support.h
-- Installing: /home/user/dobot_ws/install/dobot_msgs_v4/include/dobot_msgs_v4/dobot_msgs_v4/srv/detail/move_jog__type_support.h
-- Installing: /home/user/dobot_ws/install/dobot_msgs_v4/include/dobot_msgs_v4/dobot_msgs_v4/srv/detail/tool__struct.h
-- Installing: /home/user/dobot_ws/install/dobot_msgs_v4/include/dobot_msgs_v4/dobot_msgs_v4/srv/detail/tool__functions.h
-- Installing: /home/user/dobot_ws/install/dobot_msgs_v4/include/dobot_msgs_v4/dobot_msgs_v4/srv/detail/set_fc_collision__struct.h
-- Installing: /home/user/dobot_ws/install/dobot_msgs_v4/include/dobot_msgs_v4/dobot_msgs_v4/srv/detail/power_on__functions.c
-- Installing: /home/user/dobot_ws/install/dobot_msgs_v4/include/dobot_msgs_v4/dobot_msgs_v4/srv/detail/fc_set_damping__type_support.h
-- Installing: /home/user/dobot_ws/install/dobot_msgs_v4/include/dobot_msgs_v4/dobot_msgs_v4/srv/detail/six_force_home__struct.h
-- Installing: /home/user/dobot_ws/install/dobot_msgs_v4/include/dobot_msgs_v4/dobot_msgs_v4/srv/detail/run_to__functions.h
-- Installing: /home/user/dobot_ws/install/dobot_msgs_v4/include/dobot_msgs_v4/dobot_msgs_v4/srv/detail/set_tool_mode__struct.h
-- Installing: /home/user/dobot_ws/install/dobot_msgs_v4/include/dobot_msgs_v4/dobot_msgs_v4/srv/detail/enable_safe_skin__functions.h
-- Installing: /home/user/dobot_ws/install/dobot_msgs_v4/include/dobot_msgs_v4/dobot_msgs_v4/srv/detail/user__functions.h
-- Installing: /home/user/dobot_ws/install/dobot_msgs_v4/include/dobot_msgs_v4/dobot_msgs_v4/srv/detail/get_output_int__functions.h
-- Installing: /home/user/dobot_ws/install/dobot_msgs_v4/include/dobot_msgs_v4/dobot_msgs_v4/srv/detail/set_tool_mode__type_support.h
-- Installing: /home/user/dobot_ws/install/dobot_msgs_v4/include/dobot_msgs_v4/dobot_msgs_v4/srv/detail/start_path__functions.h
-- Installing: /home/user/dobot_ws/install/dobot_msgs_v4/include/dobot_msgs_v4/dobot_msgs_v4/srv/detail/cp__struct.h
-- Installing: /home/user/dobot_ws/install/dobot_msgs_v4/include/dobot_msgs_v4/dobot_msgs_v4/srv/detail/get_do_group__functions.h
-- Installing: /home/user/dobot_ws/install/dobot_msgs_v4/include/dobot_msgs_v4/dobot_msgs_v4/srv/detail/six_force_home__functions.h
-- Installing: /home/user/dobot_ws/install/dobot_msgs_v4/include/dobot_msgs_v4/dobot_msgs_v4/srv/detail/set_work_zone_enable__struct.h
-- Installing: /home/user/dobot_ws/install/dobot_msgs_v4/include/dobot_msgs_v4/dobot_msgs_v4/srv/detail/get_coils__functions.h
-- Installing: /home/user/dobot_ws/install/dobot_msgs_v4/include/dobot_msgs_v4/dobot_msgs_v4/srv/detail/set_payload__type_support.h
-- Installing: /home/user/dobot_ws/install/dobot_msgs_v4/include/dobot_msgs_v4/dobot_msgs_v4/srv/detail/inverse_kin__type_support.h
-- Installing: /home/user/dobot_ws/install/dobot_msgs_v4/include/dobot_msgs_v4/dobot_msgs_v4/srv/detail/rel_mov_l_tool__functions.c
-- Installing: /home/user/dobot_ws/install/dobot_msgs_v4/include/dobot_msgs_v4/dobot_msgs_v4/srv/detail/rel_mov_l_user__functions.c
-- Installing: /home/user/dobot_ws/install/dobot_msgs_v4/include/dobot_msgs_v4/dobot_msgs_v4/srv/detail/do__type_support.h
-- Installing: /home/user/dobot_ws/install/dobot_msgs_v4/include/dobot_msgs_v4/dobot_msgs_v4/srv/detail/get_input_int__functions.h
-- Installing: /home/user/dobot_ws/install/dobot_msgs_v4/include/dobot_msgs_v4/dobot_msgs_v4/srv/detail/get_in_bits__struct.h
-- Installing: /home/user/dobot_ws/install/dobot_msgs_v4/include/dobot_msgs_v4/dobot_msgs_v4/srv/detail/mov_lio__functions.c
-- Installing: /home/user/dobot_ws/install/dobot_msgs_v4/include/dobot_msgs_v4/dobot_msgs_v4/srv/detail/cp__functions.h
-- Installing: /home/user/dobot_ws/install/dobot_msgs_v4/include/dobot_msgs_v4/dobot_msgs_v4/srv/detail/servo_p__type_support.h
-- Installing: /home/user/dobot_ws/install/dobot_msgs_v4/include/dobot_msgs_v4/dobot_msgs_v4/srv/detail/enable_robot__struct.h
-- Installing: /home/user/dobot_ws/install/dobot_msgs_v4/include/dobot_msgs_v4/dobot_msgs_v4/srv/detail/stop_drag__functions.h
-- Installing: /home/user/dobot_ws/install/dobot_msgs_v4/include/dobot_msgs_v4/dobot_msgs_v4/srv/detail/set_safe_skin__type_support.h
-- Installing: /home/user/dobot_ws/install/dobot_msgs_v4/include/dobot_msgs_v4/dobot_msgs_v4/srv/detail/set_tool_mode__functions.c
-- Installing: /home/user/dobot_ws/install/dobot_msgs_v4/include/dobot_msgs_v4/dobot_msgs_v4/srv/detail/ao_instant__functions.c
-- Installing: /home/user/dobot_ws/install/dobot_msgs_v4/include/dobot_msgs_v4/dobot_msgs_v4/srv/detail/get_current_command_id__functions.h
-- Installing: /home/user/dobot_ws/install/dobot_msgs_v4/include/dobot_msgs_v4/dobot_msgs_v4/srv/detail/set_output_bool__functions.c
-- Installing: /home/user/dobot_ws/install/dobot_msgs_v4/include/dobot_msgs_v4/dobot_msgs_v4/srv/detail/get_force__type_support.h
-- Installing: /home/user/dobot_ws/install/dobot_msgs_v4/include/dobot_msgs_v4/dobot_msgs_v4/srv/detail/do_group__type_support.h
-- Installing: /home/user/dobot_ws/install/dobot_msgs_v4/include/dobot_msgs_v4/dobot_msgs_v4/srv/detail/get_start_pose__functions.h
-- Installing: /home/user/dobot_ws/install/dobot_msgs_v4/include/dobot_msgs_v4/dobot_msgs_v4/srv/detail/tool_do_instant__struct.h
-- Installing: /home/user/dobot_ws/install/dobot_msgs_v4/include/dobot_msgs_v4/dobot_msgs_v4/srv/detail/user__struct.h
-- Installing: /home/user/dobot_ws/install/dobot_msgs_v4/include/dobot_msgs_v4/dobot_msgs_v4/srv/detail/force_drive_mode__struct.h
-- Installing: /home/user/dobot_ws/install/dobot_msgs_v4/include/dobot_msgs_v4/dobot_msgs_v4/srv/detail/tcp_dashboard__functions.c
-- Installing: /home/user/dobot_ws/install/dobot_msgs_v4/include/dobot_msgs_v4/dobot_msgs_v4/srv/detail/set_output_int__functions.c
-- Installing: /home/user/dobot_ws/install/dobot_msgs_v4/include/dobot_msgs_v4/dobot_msgs_v4/srv/detail/force_drive_mode__functions.c
-- Installing: /home/user/dobot_ws/install/dobot_msgs_v4/include/dobot_msgs_v4/dobot_msgs_v4/srv/detail/fc_set_deviation__struct.h
-- Installing: /home/user/dobot_ws/install/dobot_msgs_v4/include/dobot_msgs_v4/dobot_msgs_v4/srv/detail/modbus_rtu_create__type_support.h
-- Installing: /home/user/dobot_ws/install/dobot_msgs_v4/include/dobot_msgs_v4/dobot_msgs_v4/srv/detail/set_safe_wall_enable__type_support.h
-- Installing: /home/user/dobot_ws/install/dobot_msgs_v4/include/dobot_msgs_v4/dobot_msgs_v4/srv/detail/emergency_stop__struct.h
-- Installing: /home/user/dobot_ws/install/dobot_msgs_v4/include/dobot_msgs_v4/dobot_msgs_v4/srv/detail/end_rt_offset__functions.h
-- Installing: /home/user/dobot_ws/install/dobot_msgs_v4/include/dobot_msgs_v4/dobot_msgs_v4/srv/detail/set_back_distance__functions.c
-- Installing: /home/user/dobot_ws/install/dobot_msgs_v4/include/dobot_msgs_v4/dobot_msgs_v4/srv/detail/mov_j__functions.h
-- Installing: /home/user/dobot_ws/install/dobot_msgs_v4/include/dobot_msgs_v4/dobot_msgs_v4/srv/detail/pause__functions.c
-- Installing: /home/user/dobot_ws/install/dobot_msgs_v4/include/dobot_msgs_v4/dobot_msgs_v4/srv/detail/continue__struct.h
-- Installing: /home/user/dobot_ws/install/dobot_msgs_v4/include/dobot_msgs_v4/dobot_msgs_v4/srv/detail/stop_move_jog__struct.h
-- Installing: /home/user/dobot_ws/install/dobot_msgs_v4/include/dobot_msgs_v4/dobot_msgs_v4/srv/detail/fc_off__type_support.h
-- Installing: /home/user/dobot_ws/install/dobot_msgs_v4/include/dobot_msgs_v4/dobot_msgs_v4/srv/detail/mov_l__functions.c
-- Installing: /home/user/dobot_ws/install/dobot_msgs_v4/include/dobot_msgs_v4/dobot_msgs_v4/srv/detail/rel_mov_l_tool__struct.h
-- Installing: /home/user/dobot_ws/install/dobot_msgs_v4/include/dobot_msgs_v4/dobot_msgs_v4/srv/detail/di_group__struct.h
-- Installing: /home/user/dobot_ws/install/dobot_msgs_v4/include/dobot_msgs_v4/dobot_msgs_v4/srv/detail/stop__functions.c
-- Installing: /home/user/dobot_ws/install/dobot_msgs_v4/include/dobot_msgs_v4/dobot_msgs_v4/srv/detail/set_output_int__type_support.h
-- Installing: /home/user/dobot_ws/install/dobot_msgs_v4/include/dobot_msgs_v4/dobot_msgs_v4/srv/detail/tool_ai__functions.c
-- Installing: /home/user/dobot_ws/install/dobot_msgs_v4/include/dobot_msgs_v4/dobot_msgs_v4/srv/detail/get_output_float__functions.h
-- Installing: /home/user/dobot_ws/install/dobot_msgs_v4/include/dobot_msgs_v4/dobot_msgs_v4/srv/detail/get_ao__functions.c
-- Installing: /home/user/dobot_ws/install/dobot_msgs_v4/include/dobot_msgs_v4/dobot_msgs_v4/srv/detail/get_hold_regs__functions.h
-- Installing: /home/user/dobot_ws/install/dobot_msgs_v4/include/dobot_msgs_v4/dobot_msgs_v4/srv/detail/get_do_group_dec__functions.h
-- Installing: /home/user/dobot_ws/install/dobot_msgs_v4/include/dobot_msgs_v4/dobot_msgs_v4/srv/detail/robot_mode__functions.c
-- Installing: /home/user/dobot_ws/install/dobot_msgs_v4/include/dobot_msgs_v4/dobot_msgs_v4/srv/detail/set_tool_mode__functions.h
-- Installing: /home/user/dobot_ws/install/dobot_msgs_v4/include/dobot_msgs_v4/dobot_msgs_v4/srv/detail/modbus_create__functions.c
-- Installing: /home/user/dobot_ws/install/dobot_msgs_v4/include/dobot_msgs_v4/dobot_msgs_v4/srv/detail/get_output_float__struct.h
-- Installing: /home/user/dobot_ws/install/dobot_msgs_v4/include/dobot_msgs_v4/dobot_msgs_v4/srv/detail/acc_l__functions.h
-- Installing: /home/user/dobot_ws/install/dobot_msgs_v4/include/dobot_msgs_v4/dobot_msgs_v4/srv/detail/stop_move_jog__functions.c
-- Installing: /home/user/dobot_ws/install/dobot_msgs_v4/include/dobot_msgs_v4/dobot_msgs_v4/srv/detail/vel_j__type_support.h
-- Installing: /home/user/dobot_ws/install/dobot_msgs_v4/include/dobot_msgs_v4/dobot_msgs_v4/srv/detail/fc_set_deviation__functions.h
-- Installing: /home/user/dobot_ws/install/dobot_msgs_v4/include/dobot_msgs_v4/dobot_msgs_v4/srv/detail/acc_j__type_support.h
-- Installing: /home/user/dobot_ws/install/dobot_msgs_v4/include/dobot_msgs_v4/dobot_msgs_v4/srv/detail/get_in_bits__functions.h
-- Installing: /home/user/dobot_ws/install/dobot_msgs_v4/include/dobot_msgs_v4/dobot_msgs_v4/srv/detail/tool_di__functions.h
-- Installing: /home/user/dobot_ws/install/dobot_msgs_v4/include/dobot_msgs_v4/dobot_msgs_v4/srv/detail/do_group_dec__struct.h
-- Installing: /home/user/dobot_ws/install/dobot_msgs_v4/include/dobot_msgs_v4/dobot_msgs_v4/srv/detail/force_drive_speed__functions.c
-- Installing: /home/user/dobot_ws/install/dobot_msgs_v4/include/dobot_msgs_v4/dobot_msgs_v4/srv/detail/inverse_solution__type_support.h
-- Installing: /home/user/dobot_ws/install/dobot_msgs_v4/include/dobot_msgs_v4/dobot_msgs_v4/srv/detail/set_safe_wall_enable__functions.c
-- Installing: /home/user/dobot_ws/install/dobot_msgs_v4/include/dobot_msgs_v4/dobot_msgs_v4/srv/detail/get_force__functions.c
-- Installing: /home/user/dobot_ws/install/dobot_msgs_v4/include/dobot_msgs_v4/dobot_msgs_v4/srv/detail/force_drive_speed__type_support.h
-- Installing: /home/user/dobot_ws/install/dobot_msgs_v4/include/dobot_msgs_v4/dobot_msgs_v4/srv/detail/mov_j__type_support.h
-- Installing: /home/user/dobot_ws/install/dobot_msgs_v4/include/dobot_msgs_v4/dobot_msgs_v4/srv/detail/set_work_zone_enable__functions.h
-- Installing: /home/user/dobot_ws/install/dobot_msgs_v4/include/dobot_msgs_v4/dobot_msgs_v4/srv/detail/get_error__struct.h
-- Installing: /home/user/dobot_ws/install/dobot_msgs_v4/include/dobot_msgs_v4/dobot_msgs_v4/srv/detail/servo_p__functions.c
-- Installing: /home/user/dobot_ws/install/dobot_msgs_v4/include/dobot_msgs_v4/dobot_msgs_v4/srv/detail/get_hold_regs__type_support.h
-- Installing: /home/user/dobot_ws/install/dobot_msgs_v4/include/dobot_msgs_v4/dobot_msgs_v4/srv/detail/fc_force_mode__functions.c
-- Installing: /home/user/dobot_ws/install/dobot_msgs_v4/include/dobot_msgs_v4/dobot_msgs_v4/srv/detail/rel_mov_l_tool__functions.h
-- Installing: /home/user/dobot_ws/install/dobot_msgs_v4/include/dobot_msgs_v4/dobot_msgs_v4/srv/detail/do_group__functions.c
-- Installing: /home/user/dobot_ws/install/dobot_msgs_v4/include/dobot_msgs_v4/dobot_msgs_v4/srv/detail/modbus_close__type_support.h
-- Installing: /home/user/dobot_ws/install/dobot_msgs_v4/include/dobot_msgs_v4/dobot_msgs_v4/srv/detail/set_output_float__struct.h
-- Installing: /home/user/dobot_ws/install/dobot_msgs_v4/include/dobot_msgs_v4/dobot_msgs_v4/srv/detail/fc_set_stiffness__functions.c
-- Installing: /home/user/dobot_ws/install/dobot_msgs_v4/include/dobot_msgs_v4/dobot_msgs_v4/srv/detail/servo_j__type_support.h
-- Installing: /home/user/dobot_ws/install/dobot_msgs_v4/include/dobot_msgs_v4/dobot_msgs_v4/srv/detail/start_path__struct.h
-- Installing: /home/user/dobot_ws/install/dobot_msgs_v4/include/dobot_msgs_v4/dobot_msgs_v4/srv/detail/run_to__struct.h
-- Installing: /home/user/dobot_ws/install/dobot_msgs_v4/include/dobot_msgs_v4/dobot_msgs_v4/srv/detail/vel_j__functions.c
-- Installing: /home/user/dobot_ws/install/dobot_msgs_v4/include/dobot_msgs_v4/dobot_msgs_v4/srv/detail/set_collision_level__struct.h
-- Installing: /home/user/dobot_ws/install/dobot_msgs_v4/include/dobot_msgs_v4/dobot_msgs_v4/srv/detail/tool_di__type_support.h
-- Installing: /home/user/dobot_ws/install/dobot_msgs_v4/include/dobot_msgs_v4/dobot_msgs_v4/srv/detail/emergency_stop__type_support.h
-- Installing: /home/user/dobot_ws/install/dobot_msgs_v4/include/dobot_msgs_v4/dobot_msgs_v4/srv/detail/calc_user__type_support.h
-- Installing: /home/user/dobot_ws/install/dobot_msgs_v4/include/dobot_msgs_v4/dobot_msgs_v4/srv/detail/continue__functions.h
-- Installing: /home/user/dobot_ws/install/dobot_msgs_v4/include/dobot_msgs_v4/dobot_msgs_v4/srv/detail/get_in_regs__functions.c
-- Installing: /home/user/dobot_ws/install/dobot_msgs_v4/include/dobot_msgs_v4/dobot_msgs_v4/srv/detail/vel_l__functions.h
-- Installing: /home/user/dobot_ws/install/dobot_msgs_v4/include/dobot_msgs_v4/dobot_msgs_v4/srv/detail/calc_user__functions.h
-- Installing: /home/user/dobot_ws/install/dobot_msgs_v4/include/dobot_msgs_v4/dobot_msgs_v4/srv/detail/set_tool485__functions.c
-- Installing: /home/user/dobot_ws/install/dobot_msgs_v4/include/dobot_msgs_v4/dobot_msgs_v4/srv/detail/stop__type_support.h
-- Installing: /home/user/dobot_ws/install/dobot_msgs_v4/include/dobot_msgs_v4/dobot_msgs_v4/srv/detail/di__functions.h
-- Installing: /home/user/dobot_ws/install/dobot_msgs_v4/include/dobot_msgs_v4/dobot_msgs_v4/srv/detail/fc_force_mode__type_support.h
-- Installing: /home/user/dobot_ws/install/dobot_msgs_v4/include/dobot_msgs_v4/dobot_msgs_v4/srv/detail/set_work_zone_enable__functions.c
-- Installing: /home/user/dobot_ws/install/dobot_msgs_v4/include/dobot_msgs_v4/dobot_msgs_v4/srv/detail/get_coils__struct.h
-- Installing: /home/user/dobot_ws/install/dobot_msgs_v4/include/dobot_msgs_v4/dobot_msgs_v4/srv/detail/set_safe_wall_enable__struct.h
-- Installing: /home/user/dobot_ws/install/dobot_msgs_v4/include/dobot_msgs_v4/dobot_msgs_v4/srv/detail/get_angle__functions.h
-- Installing: /home/user/dobot_ws/install/dobot_msgs_v4/include/dobot_msgs_v4/dobot_msgs_v4/srv/detail/set_coils__functions.h
-- Installing: /home/user/dobot_ws/install/dobot_msgs_v4/include/dobot_msgs_v4/dobot_msgs_v4/srv/detail/start_rt_offset__struct.h
-- Installing: /home/user/dobot_ws/install/dobot_msgs_v4/include/dobot_msgs_v4/dobot_msgs_v4/srv/detail/do_instant__functions.h
-- Installing: /home/user/dobot_ws/install/dobot_msgs_v4/include/dobot_msgs_v4/dobot_msgs_v4/srv/detail/vel_l__struct.h
-- Installing: /home/user/dobot_ws/install/dobot_msgs_v4/include/dobot_msgs_v4/dobot_msgs_v4/srv/detail/set_tool__functions.c
-- Installing: /home/user/dobot_ws/install/dobot_msgs_v4/include/dobot_msgs_v4/dobot_msgs_v4/srv/detail/get_hold_regs__struct.h
-- Installing: /home/user/dobot_ws/install/dobot_msgs_v4/include/dobot_msgs_v4/dobot_msgs_v4/srv/detail/power_on__functions.h
-- Installing: /home/user/dobot_ws/install/dobot_msgs_v4/include/dobot_msgs_v4/dobot_msgs_v4/srv/detail/get_output_float__functions.c
-- Installing: /home/user/dobot_ws/install/dobot_msgs_v4/include/dobot_msgs_v4/dobot_msgs_v4/srv/detail/do_group_dec__functions.c
-- Installing: /home/user/dobot_ws/install/dobot_msgs_v4/include/dobot_msgs_v4/dobot_msgs_v4/srv/detail/mov_l__functions.h
-- Installing: /home/user/dobot_ws/install/dobot_msgs_v4/include/dobot_msgs_v4/dobot_msgs_v4/srv/detail/check_odd_mov_c__functions.c
-- Installing: /home/user/dobot_ws/install/dobot_msgs_v4/include/dobot_msgs_v4/dobot_msgs_v4/srv/detail/set_payload__struct.h
-- Installing: /home/user/dobot_ws/install/dobot_msgs_v4/include/dobot_msgs_v4/dobot_msgs_v4/srv/detail/fc_set_force_limit__functions.c
-- Installing: /home/user/dobot_ws/install/dobot_msgs_v4/include/dobot_msgs_v4/dobot_msgs_v4/srv/detail/vel_j__struct.h
-- Installing: /home/user/dobot_ws/install/dobot_msgs_v4/include/dobot_msgs_v4/dobot_msgs_v4/srv/detail/fc_set_deviation__functions.c
-- Installing: /home/user/dobot_ws/install/dobot_msgs_v4/include/dobot_msgs_v4/dobot_msgs_v4/srv/detail/fc_force_mode__struct.h
-- Installing: /home/user/dobot_ws/install/dobot_msgs_v4/include/dobot_msgs_v4/dobot_msgs_v4/srv/detail/servo_j__functions.c
-- Installing: /home/user/dobot_ws/install/dobot_msgs_v4/include/dobot_msgs_v4/dobot_msgs_v4/srv/detail/rel_joint_mov_j__type_support.h
-- Installing: /home/user/dobot_ws/install/dobot_msgs_v4/include/dobot_msgs_v4/dobot_msgs_v4/srv/detail/set_output_bool__functions.h
-- Installing: /home/user/dobot_ws/install/dobot_msgs_v4/include/dobot_msgs_v4/dobot_msgs_v4/srv/detail/start_drag__type_support.h
-- Installing: /home/user/dobot_ws/install/dobot_msgs_v4/include/dobot_msgs_v4/dobot_msgs_v4/srv/detail/tcp_dashboard__struct.h
-- Installing: /home/user/dobot_ws/install/dobot_msgs_v4/include/dobot_msgs_v4/dobot_msgs_v4/srv/detail/mov_j__struct.h
-- Installing: /home/user/dobot_ws/install/dobot_msgs_v4/include/dobot_msgs_v4/dobot_msgs_v4/srv/detail/fc_off__struct.h
-- Installing: /home/user/dobot_ws/install/dobot_msgs_v4/include/dobot_msgs_v4/dobot_msgs_v4/srv/detail/continue__type_support.h
-- Installing: /home/user/dobot_ws/install/dobot_msgs_v4/include/dobot_msgs_v4/dobot_msgs_v4/srv/detail/stop_move_jog__functions.h
-- Installing: /home/user/dobot_ws/install/dobot_msgs_v4/include/dobot_msgs_v4/dobot_msgs_v4/srv/detail/acc_j__functions.h
-- Installing: /home/user/dobot_ws/install/dobot_msgs_v4/include/dobot_msgs_v4/dobot_msgs_v4/srv/detail/modbus_rtu_create__functions.h
-- Installing: /home/user/dobot_ws/install/dobot_msgs_v4/include/dobot_msgs_v4/dobot_msgs_v4/srv/detail/do_instant__struct.h
-- Installing: /home/user/dobot_ws/install/dobot_msgs_v4/include/dobot_msgs_v4/dobot_msgs_v4/srv/detail/robot_mode__struct.h
-- Installing: /home/user/dobot_ws/install/dobot_msgs_v4/include/dobot_msgs_v4/dobot_msgs_v4/srv/detail/clear_error__type_support.h
-- Installing: /home/user/dobot_ws/install/dobot_msgs_v4/include/dobot_msgs_v4/dobot_msgs_v4/srv/detail/calc_tool__struct.h
-- Installing: /home/user/dobot_ws/install/dobot_msgs_v4/include/dobot_msgs_v4/dobot_msgs_v4/srv/detail/brake_control__struct.h
-- Installing: /home/user/dobot_ws/install/dobot_msgs_v4/include/dobot_msgs_v4/dobot_msgs_v4/srv/detail/request_control__functions.c
-- Installing: /home/user/dobot_ws/install/dobot_msgs_v4/include/dobot_msgs_v4/dobot_msgs_v4/srv/detail/fc_off__functions.h
-- Installing: /home/user/dobot_ws/install/dobot_msgs_v4/include/dobot_msgs_v4/dobot_msgs_v4/srv/detail/six_force_home__type_support.h
-- Installing: /home/user/dobot_ws/install/dobot_msgs_v4/include/dobot_msgs_v4/dobot_msgs_v4/srv/detail/inverse_kin__functions.h
-- Installing: /home/user/dobot_ws/install/dobot_msgs_v4/include/dobot_msgs_v4/dobot_msgs_v4/srv/detail/set_coils__struct.h
-- Installing: /home/user/dobot_ws/install/dobot_msgs_v4/include/dobot_msgs_v4/dobot_msgs_v4/srv/detail/modbus_create__functions.h
-- Installing: /home/user/dobot_ws/install/dobot_msgs_v4/include/dobot_msgs_v4/dobot_msgs_v4/srv/detail/run_to__functions.c
-- Installing: /home/user/dobot_ws/install/dobot_msgs_v4/include/dobot_msgs_v4/dobot_msgs_v4/srv/detail/cp__type_support.h
-- Installing: /home/user/dobot_ws/install/dobot_msgs_v4/include/dobot_msgs_v4/dobot_msgs_v4/srv/detail/enable_safe_skin__type_support.h
-- Installing: /home/user/dobot_ws/install/dobot_msgs_v4/include/dobot_msgs_v4/dobot_msgs_v4/srv/detail/get_do_group_dec__type_support.h
-- Installing: /home/user/dobot_ws/install/dobot_msgs_v4/include/dobot_msgs_v4/dobot_msgs_v4/srv/detail/rel_mov_j_user__functions.c
-- Installing: /home/user/dobot_ws/install/dobot_msgs_v4/include/dobot_msgs_v4/dobot_msgs_v4/srv/detail/get_input_int__struct.h
-- Installing: /home/user/dobot_ws/install/dobot_msgs_v4/include/dobot_msgs_v4/dobot_msgs_v4/srv/detail/speed_factor__functions.h
-- Installing: /home/user/dobot_ws/install/dobot_msgs_v4/include/dobot_msgs_v4/dobot_msgs_v4/srv/detail/acc_l__struct.h
-- Installing: /home/user/dobot_ws/install/dobot_msgs_v4/include/dobot_msgs_v4/dobot_msgs_v4/srv/detail/tcp_dashboard__functions.h
-- Installing: /home/user/dobot_ws/install/dobot_msgs_v4/include/dobot_msgs_v4/dobot_msgs_v4/srv/detail/get_error_id__type_support.h
-- Installing: /home/user/dobot_ws/install/dobot_msgs_v4/include/dobot_msgs_v4/dobot_msgs_v4/srv/detail/ao_instant__type_support.h
-- Installing: /home/user/dobot_ws/install/dobot_msgs_v4/include/dobot_msgs_v4/dobot_msgs_v4/srv/detail/enable_ft_sensor__struct.h
-- Installing: /home/user/dobot_ws/install/dobot_msgs_v4/include/dobot_msgs_v4/dobot_msgs_v4/srv/detail/set_post_collision_mode__functions.c
-- Installing: /home/user/dobot_ws/install/dobot_msgs_v4/include/dobot_msgs_v4/dobot_msgs_v4/srv/detail/rel_mov_l_tool__type_support.h
-- Installing: /home/user/dobot_ws/install/dobot_msgs_v4/include/dobot_msgs_v4/dobot_msgs_v4/srv/detail/modbus_rtu_create__struct.h
-- Installing: /home/user/dobot_ws/install/dobot_msgs_v4/include/dobot_msgs_v4/dobot_msgs_v4/srv/detail/do_group__struct.h
-- Installing: /home/user/dobot_ws/install/dobot_msgs_v4/include/dobot_msgs_v4/dobot_msgs_v4/srv/detail/start_rt_offset__type_support.h
-- Installing: /home/user/dobot_ws/install/dobot_msgs_v4/include/dobot_msgs_v4/dobot_msgs_v4/srv/detail/end_rt_offset__struct.h
-- Installing: /home/user/dobot_ws/install/dobot_msgs_v4/include/dobot_msgs_v4/dobot_msgs_v4/srv/detail/di_group_dec__type_support.h
-- Installing: /home/user/dobot_ws/install/dobot_msgs_v4/include/dobot_msgs_v4/dobot_msgs_v4/srv/detail/servo_p__functions.h
-- Installing: /home/user/dobot_ws/install/dobot_msgs_v4/include/dobot_msgs_v4/dobot_msgs_v4/srv/detail/stop_drag__functions.c
-- Installing: /home/user/dobot_ws/install/dobot_msgs_v4/include/dobot_msgs_v4/dobot_msgs_v4/srv/detail/ai__type_support.h
-- Installing: /home/user/dobot_ws/install/dobot_msgs_v4/include/dobot_msgs_v4/dobot_msgs_v4/srv/detail/rel_mov_j_tool__struct.h
-- Installing: /home/user/dobot_ws/install/dobot_msgs_v4/include/dobot_msgs_v4/dobot_msgs_v4/srv/detail/get_error_id__functions.c
-- Installing: /home/user/dobot_ws/install/dobot_msgs_v4/include/dobot_msgs_v4/dobot_msgs_v4/srv/detail/check_odd_mov_l__type_support.h
-- Installing: /home/user/dobot_ws/install/dobot_msgs_v4/include/dobot_msgs_v4/dobot_msgs_v4/srv/detail/get_tool_do__type_support.h
-- Installing: /home/user/dobot_ws/install/dobot_msgs_v4/include/dobot_msgs_v4/dobot_msgs_v4/srv/detail/get_input_float__functions.h
-- Installing: /home/user/dobot_ws/install/dobot_msgs_v4/include/dobot_msgs_v4/dobot_msgs_v4/srv/set_tool_power.h
-- Installing: /home/user/dobot_ws/install/dobot_msgs_v4/include/dobot_msgs_v4/dobot_msgs_v4/srv/run_to.h
-- Installing: /home/user/dobot_ws/install/dobot_msgs_v4/include/dobot_msgs_v4/dobot_msgs_v4/srv/start_drag.h
-- Installing: /home/user/dobot_ws/install/dobot_msgs_v4/include/dobot_msgs_v4/dobot_msgs_v4/srv/inverse_solution.h
-- Installing: /home/user/dobot_ws/install/dobot_msgs_v4/include/dobot_msgs_v4/dobot_msgs_v4/srv/modbus_rtu_create.h
-- Installing: /home/user/dobot_ws/install/dobot_msgs_v4/include/dobot_msgs_v4/dobot_msgs_v4/srv/stop_move_jog.h
-- Installing: /home/user/dobot_ws/install/dobot_msgs_v4/include/dobot_msgs_v4/dobot_msgs_v4/srv/get_force.h
-- Installing: /home/user/dobot_ws/install/dobot_msgs_v4/include/dobot_msgs_v4/dobot_msgs_v4/srv/enable_safe_skin.h
-- Installing: /home/user/dobot_ws/install/dobot_msgs_v4/include/dobot_msgs_v4/dobot_msgs_v4/srv/set_user.h
-- Installing: /home/user/dobot_ws/install/dobot_msgs_v4/include/dobot_msgs_v4/dobot_msgs_v4/srv/get_input_bool.h
-- Installing: /home/user/dobot_ws/install/dobot_msgs_v4/include/dobot_msgs_v4/dobot_msgs_v4/srv/get_input_float.h
-- Installing: /home/user/dobot_ws/install/dobot_msgs_v4/share/dobot_msgs_v4/environment/library_path.sh
-- Installing: /home/user/dobot_ws/install/dobot_msgs_v4/share/dobot_msgs_v4/environment/library_path.dsv
-- Installing: /home/user/dobot_ws/install/dobot_msgs_v4/lib/libdobot_msgs_v4__rosidl_generator_c.so
-- Set runtime path of "/home/user/dobot_ws/install/dobot_msgs_v4/lib/libdobot_msgs_v4__rosidl_generator_c.so" to ""
-- Up-to-date: /home/user/dobot_ws/install/dobot_msgs_v4/include/dobot_msgs_v4/dobot_msgs_v4
-- Up-to-date: /home/user/dobot_ws/install/dobot_msgs_v4/include/dobot_msgs_v4/dobot_msgs_v4/msg
-- Installing: /home/user/dobot_ws/install/dobot_msgs_v4/include/dobot_msgs_v4/dobot_msgs_v4/msg/rosidl_typesupport_fastrtps_c__visibility_control.h
-- Up-to-date: /home/user/dobot_ws/install/dobot_msgs_v4/include/dobot_msgs_v4/dobot_msgs_v4/msg/detail
-- Installing: /home/user/dobot_ws/install/dobot_msgs_v4/include/dobot_msgs_v4/dobot_msgs_v4/msg/detail/tool_vector_actual__rosidl_typesupport_fastrtps_c.h
-- Installing: /home/user/dobot_ws/install/dobot_msgs_v4/include/dobot_msgs_v4/dobot_msgs_v4/msg/detail/robot_status__rosidl_typesupport_fastrtps_c.h
-- Up-to-date: /home/user/dobot_ws/install/dobot_msgs_v4/include/dobot_msgs_v4/dobot_msgs_v4/srv
-- Up-to-date: /home/user/dobot_ws/install/dobot_msgs_v4/include/dobot_msgs_v4/dobot_msgs_v4/srv/detail
-- Installing: /home/user/dobot_ws/install/dobot_msgs_v4/include/dobot_msgs_v4/dobot_msgs_v4/srv/detail/set_hold_regs__rosidl_typesupport_fastrtps_c.h
-- Installing: /home/user/dobot_ws/install/dobot_msgs_v4/include/dobot_msgs_v4/dobot_msgs_v4/srv/detail/get_output_float__rosidl_typesupport_fastrtps_c.h
-- Installing: /home/user/dobot_ws/install/dobot_msgs_v4/include/dobot_msgs_v4/dobot_msgs_v4/srv/detail/set_output_float__rosidl_typesupport_fastrtps_c.h
-- Installing: /home/user/dobot_ws/install/dobot_msgs_v4/include/dobot_msgs_v4/dobot_msgs_v4/srv/detail/fc_collision_switch__rosidl_typesupport_fastrtps_c.h
-- Installing: /home/user/dobot_ws/install/dobot_msgs_v4/include/dobot_msgs_v4/dobot_msgs_v4/srv/detail/continue__rosidl_typesupport_fastrtps_c.h
-- Installing: /home/user/dobot_ws/install/dobot_msgs_v4/include/dobot_msgs_v4/dobot_msgs_v4/srv/detail/get_start_pose__rosidl_typesupport_fastrtps_c.h
-- Installing: /home/user/dobot_ws/install/dobot_msgs_v4/include/dobot_msgs_v4/dobot_msgs_v4/srv/detail/calc_tool__rosidl_typesupport_fastrtps_c.h
-- Installing: /home/user/dobot_ws/install/dobot_msgs_v4/include/dobot_msgs_v4/dobot_msgs_v4/srv/detail/modbus_rtu_create__rosidl_typesupport_fastrtps_c.h
-- Installing: /home/user/dobot_ws/install/dobot_msgs_v4/include/dobot_msgs_v4/dobot_msgs_v4/srv/detail/set_output_bool__rosidl_typesupport_fastrtps_c.h
-- Installing: /home/user/dobot_ws/install/dobot_msgs_v4/include/dobot_msgs_v4/dobot_msgs_v4/srv/detail/tool__rosidl_typesupport_fastrtps_c.h
-- Installing: /home/user/dobot_ws/install/dobot_msgs_v4/include/dobot_msgs_v4/dobot_msgs_v4/srv/detail/set_user__rosidl_typesupport_fastrtps_c.h
-- Installing: /home/user/dobot_ws/install/dobot_msgs_v4/include/dobot_msgs_v4/dobot_msgs_v4/srv/detail/clear_error__rosidl_typesupport_fastrtps_c.h
-- Installing: /home/user/dobot_ws/install/dobot_msgs_v4/include/dobot_msgs_v4/dobot_msgs_v4/srv/detail/check_odd_mov_l__rosidl_typesupport_fastrtps_c.h
-- Installing: /home/user/dobot_ws/install/dobot_msgs_v4/include/dobot_msgs_v4/dobot_msgs_v4/srv/detail/fc_set_force_speed_limit__rosidl_typesupport_fastrtps_c.h
-- Installing: /home/user/dobot_ws/install/dobot_msgs_v4/include/dobot_msgs_v4/dobot_msgs_v4/srv/detail/get_input_float__rosidl_typesupport_fastrtps_c.h
-- Installing: /home/user/dobot_ws/install/dobot_msgs_v4/include/dobot_msgs_v4/dobot_msgs_v4/srv/detail/get_force__rosidl_typesupport_fastrtps_c.h
-- Installing: /home/user/dobot_ws/install/dobot_msgs_v4/include/dobot_msgs_v4/dobot_msgs_v4/srv/detail/get_tool_do__rosidl_typesupport_fastrtps_c.h
-- Installing: /home/user/dobot_ws/install/dobot_msgs_v4/include/dobot_msgs_v4/dobot_msgs_v4/srv/detail/tcp_dashboard__rosidl_typesupport_fastrtps_c.h
-- Installing: /home/user/dobot_ws/install/dobot_msgs_v4/include/dobot_msgs_v4/dobot_msgs_v4/srv/detail/get_input_int__rosidl_typesupport_fastrtps_c.h
-- Installing: /home/user/dobot_ws/install/dobot_msgs_v4/include/dobot_msgs_v4/dobot_msgs_v4/srv/detail/get_angle__rosidl_typesupport_fastrtps_c.h
-- Installing: /home/user/dobot_ws/install/dobot_msgs_v4/include/dobot_msgs_v4/dobot_msgs_v4/srv/detail/set_tool_mode__rosidl_typesupport_fastrtps_c.h
-- Installing: /home/user/dobot_ws/install/dobot_msgs_v4/include/dobot_msgs_v4/dobot_msgs_v4/srv/detail/six_force_home__rosidl_typesupport_fastrtps_c.h
-- Installing: /home/user/dobot_ws/install/dobot_msgs_v4/include/dobot_msgs_v4/dobot_msgs_v4/srv/detail/fc_set_deviation__rosidl_typesupport_fastrtps_c.h
-- Installing: /home/user/dobot_ws/install/dobot_msgs_v4/include/dobot_msgs_v4/dobot_msgs_v4/srv/detail/reset_robot__rosidl_typesupport_fastrtps_c.h
-- Installing: /home/user/dobot_ws/install/dobot_msgs_v4/include/dobot_msgs_v4/dobot_msgs_v4/srv/detail/set_post_collision_mode__rosidl_typesupport_fastrtps_c.h
-- Installing: /home/user/dobot_ws/install/dobot_msgs_v4/include/dobot_msgs_v4/dobot_msgs_v4/srv/detail/run_to__rosidl_typesupport_fastrtps_c.h
-- Installing: /home/user/dobot_ws/install/dobot_msgs_v4/include/dobot_msgs_v4/dobot_msgs_v4/srv/detail/tool_ai__rosidl_typesupport_fastrtps_c.h
-- Installing: /home/user/dobot_ws/install/dobot_msgs_v4/include/dobot_msgs_v4/dobot_msgs_v4/srv/detail/get_hold_regs__rosidl_typesupport_fastrtps_c.h
-- Installing: /home/user/dobot_ws/install/dobot_msgs_v4/include/dobot_msgs_v4/dobot_msgs_v4/srv/detail/modbus_close__rosidl_typesupport_fastrtps_c.h
-- Installing: /home/user/dobot_ws/install/dobot_msgs_v4/include/dobot_msgs_v4/dobot_msgs_v4/srv/detail/get_in_bits__rosidl_typesupport_fastrtps_c.h
-- Installing: /home/user/dobot_ws/install/dobot_msgs_v4/include/dobot_msgs_v4/dobot_msgs_v4/srv/detail/fc_set_damping__rosidl_typesupport_fastrtps_c.h
-- Installing: /home/user/dobot_ws/install/dobot_msgs_v4/include/dobot_msgs_v4/dobot_msgs_v4/srv/detail/inverse_kin__rosidl_typesupport_fastrtps_c.h
-- Installing: /home/user/dobot_ws/install/dobot_msgs_v4/include/dobot_msgs_v4/dobot_msgs_v4/srv/detail/mov_l__rosidl_typesupport_fastrtps_c.h
-- Installing: /home/user/dobot_ws/install/dobot_msgs_v4/include/dobot_msgs_v4/dobot_msgs_v4/srv/detail/di_group_dec__rosidl_typesupport_fastrtps_c.h
-- Installing: /home/user/dobot_ws/install/dobot_msgs_v4/include/dobot_msgs_v4/dobot_msgs_v4/srv/detail/do__rosidl_typesupport_fastrtps_c.h
-- Installing: /home/user/dobot_ws/install/dobot_msgs_v4/include/dobot_msgs_v4/dobot_msgs_v4/srv/detail/get_coils__rosidl_typesupport_fastrtps_c.h
-- Installing: /home/user/dobot_ws/install/dobot_msgs_v4/include/dobot_msgs_v4/dobot_msgs_v4/srv/detail/get_ao__rosidl_typesupport_fastrtps_c.h
-- Installing: /home/user/dobot_ws/install/dobot_msgs_v4/include/dobot_msgs_v4/dobot_msgs_v4/srv/detail/mov_jio__rosidl_typesupport_fastrtps_c.h
-- Installing: /home/user/dobot_ws/install/dobot_msgs_v4/include/dobot_msgs_v4/dobot_msgs_v4/srv/detail/servo_p__rosidl_typesupport_fastrtps_c.h
-- Installing: /home/user/dobot_ws/install/dobot_msgs_v4/include/dobot_msgs_v4/dobot_msgs_v4/srv/detail/ao_instant__rosidl_typesupport_fastrtps_c.h
-- Installing: /home/user/dobot_ws/install/dobot_msgs_v4/include/dobot_msgs_v4/dobot_msgs_v4/srv/detail/rel_mov_j_tool__rosidl_typesupport_fastrtps_c.h
-- Installing: /home/user/dobot_ws/install/dobot_msgs_v4/include/dobot_msgs_v4/dobot_msgs_v4/srv/detail/get_error__rosidl_typesupport_fastrtps_c.h
-- Installing: /home/user/dobot_ws/install/dobot_msgs_v4/include/dobot_msgs_v4/dobot_msgs_v4/srv/detail/set_safe_wall_enable__rosidl_typesupport_fastrtps_c.h
-- Installing: /home/user/dobot_ws/install/dobot_msgs_v4/include/dobot_msgs_v4/dobot_msgs_v4/srv/detail/get_output_int__rosidl_typesupport_fastrtps_c.h
-- Installing: /home/user/dobot_ws/install/dobot_msgs_v4/include/dobot_msgs_v4/dobot_msgs_v4/srv/detail/arc__rosidl_typesupport_fastrtps_c.h
-- Installing: /home/user/dobot_ws/install/dobot_msgs_v4/include/dobot_msgs_v4/dobot_msgs_v4/srv/detail/rel_mov_l_tool__rosidl_typesupport_fastrtps_c.h
-- Installing: /home/user/dobot_ws/install/dobot_msgs_v4/include/dobot_msgs_v4/dobot_msgs_v4/srv/detail/set_back_distance__rosidl_typesupport_fastrtps_c.h
-- Installing: /home/user/dobot_ws/install/dobot_msgs_v4/include/dobot_msgs_v4/dobot_msgs_v4/srv/detail/stop__rosidl_typesupport_fastrtps_c.h
-- Installing: /home/user/dobot_ws/install/dobot_msgs_v4/include/dobot_msgs_v4/dobot_msgs_v4/srv/detail/start_rt_offset__rosidl_typesupport_fastrtps_c.h
-- Installing: /home/user/dobot_ws/install/dobot_msgs_v4/include/dobot_msgs_v4/dobot_msgs_v4/srv/detail/calc_user__rosidl_typesupport_fastrtps_c.h
-- Installing: /home/user/dobot_ws/install/dobot_msgs_v4/include/dobot_msgs_v4/dobot_msgs_v4/srv/detail/di__rosidl_typesupport_fastrtps_c.h
-- Installing: /home/user/dobot_ws/install/dobot_msgs_v4/include/dobot_msgs_v4/dobot_msgs_v4/srv/detail/vel_j__rosidl_typesupport_fastrtps_c.h
-- Installing: /home/user/dobot_ws/install/dobot_msgs_v4/include/dobot_msgs_v4/dobot_msgs_v4/srv/detail/modbus_create__rosidl_typesupport_fastrtps_c.h
-- Installing: /home/user/dobot_ws/install/dobot_msgs_v4/include/dobot_msgs_v4/dobot_msgs_v4/srv/detail/fc_set_stiffness__rosidl_typesupport_fastrtps_c.h
-- Installing: /home/user/dobot_ws/install/dobot_msgs_v4/include/dobot_msgs_v4/dobot_msgs_v4/srv/detail/set_work_zone_enable__rosidl_typesupport_fastrtps_c.h
-- Installing: /home/user/dobot_ws/install/dobot_msgs_v4/include/dobot_msgs_v4/dobot_msgs_v4/srv/detail/fc_force_mode__rosidl_typesupport_fastrtps_c.h
-- Installing: /home/user/dobot_ws/install/dobot_msgs_v4/include/dobot_msgs_v4/dobot_msgs_v4/srv/detail/fc_set_force_limit__rosidl_typesupport_fastrtps_c.h
-- Installing: /home/user/dobot_ws/install/dobot_msgs_v4/include/dobot_msgs_v4/dobot_msgs_v4/srv/detail/do_instant__rosidl_typesupport_fastrtps_c.h
-- Installing: /home/user/dobot_ws/install/dobot_msgs_v4/include/dobot_msgs_v4/dobot_msgs_v4/srv/detail/start_drag__rosidl_typesupport_fastrtps_c.h
-- Installing: /home/user/dobot_ws/install/dobot_msgs_v4/include/dobot_msgs_v4/dobot_msgs_v4/srv/detail/request_control__rosidl_typesupport_fastrtps_c.h
-- Installing: /home/user/dobot_ws/install/dobot_msgs_v4/include/dobot_msgs_v4/dobot_msgs_v4/srv/detail/start_path__rosidl_typesupport_fastrtps_c.h
-- Installing: /home/user/dobot_ws/install/dobot_msgs_v4/include/dobot_msgs_v4/dobot_msgs_v4/srv/detail/force_drive_mode__rosidl_typesupport_fastrtps_c.h
-- Installing: /home/user/dobot_ws/install/dobot_msgs_v4/include/dobot_msgs_v4/dobot_msgs_v4/srv/detail/acc_j__rosidl_typesupport_fastrtps_c.h
-- Installing: /home/user/dobot_ws/install/dobot_msgs_v4/include/dobot_msgs_v4/dobot_msgs_v4/srv/detail/enable_ft_sensor__rosidl_typesupport_fastrtps_c.h
-- Installing: /home/user/dobot_ws/install/dobot_msgs_v4/include/dobot_msgs_v4/dobot_msgs_v4/srv/detail/check_odd_mov_c__rosidl_typesupport_fastrtps_c.h
-- Installing: /home/user/dobot_ws/install/dobot_msgs_v4/include/dobot_msgs_v4/dobot_msgs_v4/srv/detail/user__rosidl_typesupport_fastrtps_c.h
-- Installing: /home/user/dobot_ws/install/dobot_msgs_v4/include/dobot_msgs_v4/dobot_msgs_v4/srv/detail/get_do_group__rosidl_typesupport_fastrtps_c.h
-- Installing: /home/user/dobot_ws/install/dobot_msgs_v4/include/dobot_msgs_v4/dobot_msgs_v4/srv/detail/drag_sensivity__rosidl_typesupport_fastrtps_c.h
-- Installing: /home/user/dobot_ws/install/dobot_msgs_v4/include/dobot_msgs_v4/dobot_msgs_v4/srv/detail/set_fc_collision__rosidl_typesupport_fastrtps_c.h
-- Installing: /home/user/dobot_ws/install/dobot_msgs_v4/include/dobot_msgs_v4/dobot_msgs_v4/srv/detail/move_jog__rosidl_typesupport_fastrtps_c.h
-- Installing: /home/user/dobot_ws/install/dobot_msgs_v4/include/dobot_msgs_v4/dobot_msgs_v4/srv/detail/set_tool_power__rosidl_typesupport_fastrtps_c.h
-- Installing: /home/user/dobot_ws/install/dobot_msgs_v4/include/dobot_msgs_v4/dobot_msgs_v4/srv/detail/set_payload__rosidl_typesupport_fastrtps_c.h
-- Installing: /home/user/dobot_ws/install/dobot_msgs_v4/include/dobot_msgs_v4/dobot_msgs_v4/srv/detail/tool_do__rosidl_typesupport_fastrtps_c.h
-- Installing: /home/user/dobot_ws/install/dobot_msgs_v4/include/dobot_msgs_v4/dobot_msgs_v4/srv/detail/positive_kin__rosidl_typesupport_fastrtps_c.h
-- Installing: /home/user/dobot_ws/install/dobot_msgs_v4/include/dobot_msgs_v4/dobot_msgs_v4/srv/detail/rel_mov_l_user__rosidl_typesupport_fastrtps_c.h
-- Installing: /home/user/dobot_ws/install/dobot_msgs_v4/include/dobot_msgs_v4/dobot_msgs_v4/srv/detail/ai__rosidl_typesupport_fastrtps_c.h
-- Installing: /home/user/dobot_ws/install/dobot_msgs_v4/include/dobot_msgs_v4/dobot_msgs_v4/srv/detail/get_error_id__rosidl_typesupport_fastrtps_c.h
-- Installing: /home/user/dobot_ws/install/dobot_msgs_v4/include/dobot_msgs_v4/dobot_msgs_v4/srv/detail/vel_l__rosidl_typesupport_fastrtps_c.h
-- Installing: /home/user/dobot_ws/install/dobot_msgs_v4/include/dobot_msgs_v4/dobot_msgs_v4/srv/detail/get_current_command_id__rosidl_typesupport_fastrtps_c.h
-- Installing: /home/user/dobot_ws/install/dobot_msgs_v4/include/dobot_msgs_v4/dobot_msgs_v4/srv/detail/get_pose__rosidl_typesupport_fastrtps_c.h
-- Installing: /home/user/dobot_ws/install/dobot_msgs_v4/include/dobot_msgs_v4/dobot_msgs_v4/srv/detail/circle__rosidl_typesupport_fastrtps_c.h
-- Installing: /home/user/dobot_ws/install/dobot_msgs_v4/include/dobot_msgs_v4/dobot_msgs_v4/srv/detail/disable_robot__rosidl_typesupport_fastrtps_c.h
-- Installing: /home/user/dobot_ws/install/dobot_msgs_v4/include/dobot_msgs_v4/dobot_msgs_v4/srv/detail/set_coils__rosidl_typesupport_fastrtps_c.h
-- Installing: /home/user/dobot_ws/install/dobot_msgs_v4/include/dobot_msgs_v4/dobot_msgs_v4/srv/detail/ao__rosidl_typesupport_fastrtps_c.h
-- Installing: /home/user/dobot_ws/install/dobot_msgs_v4/include/dobot_msgs_v4/dobot_msgs_v4/srv/detail/get_in_regs__rosidl_typesupport_fastrtps_c.h
-- Installing: /home/user/dobot_ws/install/dobot_msgs_v4/include/dobot_msgs_v4/dobot_msgs_v4/srv/detail/get_do__rosidl_typesupport_fastrtps_c.h
-- Installing: /home/user/dobot_ws/install/dobot_msgs_v4/include/dobot_msgs_v4/dobot_msgs_v4/srv/detail/brake_control__rosidl_typesupport_fastrtps_c.h
-- Installing: /home/user/dobot_ws/install/dobot_msgs_v4/include/dobot_msgs_v4/dobot_msgs_v4/srv/detail/stop_move_jog__rosidl_typesupport_fastrtps_c.h
-- Installing: /home/user/dobot_ws/install/dobot_msgs_v4/include/dobot_msgs_v4/dobot_msgs_v4/srv/detail/mov_j__rosidl_typesupport_fastrtps_c.h
-- Installing: /home/user/dobot_ws/install/dobot_msgs_v4/include/dobot_msgs_v4/dobot_msgs_v4/srv/detail/mov_lio__rosidl_typesupport_fastrtps_c.h
-- Installing: /home/user/dobot_ws/install/dobot_msgs_v4/include/dobot_msgs_v4/dobot_msgs_v4/srv/detail/enable_safe_skin__rosidl_typesupport_fastrtps_c.h
-- Installing: /home/user/dobot_ws/install/dobot_msgs_v4/include/dobot_msgs_v4/dobot_msgs_v4/srv/detail/get_do_group_dec__rosidl_typesupport_fastrtps_c.h
-- Installing: /home/user/dobot_ws/install/dobot_msgs_v4/include/dobot_msgs_v4/dobot_msgs_v4/srv/detail/stop_drag__rosidl_typesupport_fastrtps_c.h
-- Installing: /home/user/dobot_ws/install/dobot_msgs_v4/include/dobot_msgs_v4/dobot_msgs_v4/srv/detail/fc_off__rosidl_typesupport_fastrtps_c.h
-- Installing: /home/user/dobot_ws/install/dobot_msgs_v4/include/dobot_msgs_v4/dobot_msgs_v4/srv/detail/set_tool485__rosidl_typesupport_fastrtps_c.h
-- Installing: /home/user/dobot_ws/install/dobot_msgs_v4/include/dobot_msgs_v4/dobot_msgs_v4/srv/detail/servo_j__rosidl_typesupport_fastrtps_c.h
-- Installing: /home/user/dobot_ws/install/dobot_msgs_v4/include/dobot_msgs_v4/dobot_msgs_v4/srv/detail/set_output_int__rosidl_typesupport_fastrtps_c.h
-- Installing: /home/user/dobot_ws/install/dobot_msgs_v4/include/dobot_msgs_v4/dobot_msgs_v4/srv/detail/rel_joint_mov_j__rosidl_typesupport_fastrtps_c.h
-- Installing: /home/user/dobot_ws/install/dobot_msgs_v4/include/dobot_msgs_v4/dobot_msgs_v4/srv/detail/end_rt_offset__rosidl_typesupport_fastrtps_c.h
-- Installing: /home/user/dobot_ws/install/dobot_msgs_v4/include/dobot_msgs_v4/dobot_msgs_v4/srv/detail/set_collision_level__rosidl_typesupport_fastrtps_c.h
-- Installing: /home/user/dobot_ws/install/dobot_msgs_v4/include/dobot_msgs_v4/dobot_msgs_v4/srv/detail/acc_l__rosidl_typesupport_fastrtps_c.h
-- Installing: /home/user/dobot_ws/install/dobot_msgs_v4/include/dobot_msgs_v4/dobot_msgs_v4/srv/detail/di_group__rosidl_typesupport_fastrtps_c.h
-- Installing: /home/user/dobot_ws/install/dobot_msgs_v4/include/dobot_msgs_v4/dobot_msgs_v4/srv/detail/check_odd_mov_j__rosidl_typesupport_fastrtps_c.h
-- Installing: /home/user/dobot_ws/install/dobot_msgs_v4/include/dobot_msgs_v4/dobot_msgs_v4/srv/detail/inverse_solution__rosidl_typesupport_fastrtps_c.h
-- Installing: /home/user/dobot_ws/install/dobot_msgs_v4/include/dobot_msgs_v4/dobot_msgs_v4/srv/detail/tool_do_instant__rosidl_typesupport_fastrtps_c.h
-- Installing: /home/user/dobot_ws/install/dobot_msgs_v4/include/dobot_msgs_v4/dobot_msgs_v4/srv/detail/emergency_stop__rosidl_typesupport_fastrtps_c.h
-- Installing: /home/user/dobot_ws/install/dobot_msgs_v4/include/dobot_msgs_v4/dobot_msgs_v4/srv/detail/fc_set_force__rosidl_typesupport_fastrtps_c.h
-- Installing: /home/user/dobot_ws/install/dobot_msgs_v4/include/dobot_msgs_v4/dobot_msgs_v4/srv/detail/set_tool__rosidl_typesupport_fastrtps_c.h
-- Installing: /home/user/dobot_ws/install/dobot_msgs_v4/include/dobot_msgs_v4/dobot_msgs_v4/srv/detail/get_output_bool__rosidl_typesupport_fastrtps_c.h
-- Installing: /home/user/dobot_ws/install/dobot_msgs_v4/include/dobot_msgs_v4/dobot_msgs_v4/srv/detail/tool_di__rosidl_typesupport_fastrtps_c.h
-- Installing: /home/user/dobot_ws/install/dobot_msgs_v4/include/dobot_msgs_v4/dobot_msgs_v4/srv/detail/robot_mode__rosidl_typesupport_fastrtps_c.h
-- Installing: /home/user/dobot_ws/install/dobot_msgs_v4/include/dobot_msgs_v4/dobot_msgs_v4/srv/detail/rel_mov_j_user__rosidl_typesupport_fastrtps_c.h
-- Installing: /home/user/dobot_ws/install/dobot_msgs_v4/include/dobot_msgs_v4/dobot_msgs_v4/srv/detail/set_safe_skin__rosidl_typesupport_fastrtps_c.h
-- Installing: /home/user/dobot_ws/install/dobot_msgs_v4/include/dobot_msgs_v4/dobot_msgs_v4/srv/detail/run_script__rosidl_typesupport_fastrtps_c.h
-- Installing: /home/user/dobot_ws/install/dobot_msgs_v4/include/dobot_msgs_v4/dobot_msgs_v4/srv/detail/power_on__rosidl_typesupport_fastrtps_c.h
-- Installing: /home/user/dobot_ws/install/dobot_msgs_v4/include/dobot_msgs_v4/dobot_msgs_v4/srv/detail/speed_factor__rosidl_typesupport_fastrtps_c.h
-- Installing: /home/user/dobot_ws/install/dobot_msgs_v4/include/dobot_msgs_v4/dobot_msgs_v4/srv/detail/get_input_bool__rosidl_typesupport_fastrtps_c.h
-- Installing: /home/user/dobot_ws/install/dobot_msgs_v4/include/dobot_msgs_v4/dobot_msgs_v4/srv/detail/force_drive_speed__rosidl_typesupport_fastrtps_c.h
-- Installing: /home/user/dobot_ws/install/dobot_msgs_v4/include/dobot_msgs_v4/dobot_msgs_v4/srv/detail/do_group__rosidl_typesupport_fastrtps_c.h
-- Installing: /home/user/dobot_ws/install/dobot_msgs_v4/include/dobot_msgs_v4/dobot_msgs_v4/srv/detail/do_group_dec__rosidl_typesupport_fastrtps_c.h
-- Installing: /home/user/dobot_ws/install/dobot_msgs_v4/include/dobot_msgs_v4/dobot_msgs_v4/srv/detail/cp__rosidl_typesupport_fastrtps_c.h
-- Installing: /home/user/dobot_ws/install/dobot_msgs_v4/include/dobot_msgs_v4/dobot_msgs_v4/srv/detail/pause__rosidl_typesupport_fastrtps_c.h
-- Installing: /home/user/dobot_ws/install/dobot_msgs_v4/include/dobot_msgs_v4/dobot_msgs_v4/srv/detail/enable_robot__rosidl_typesupport_fastrtps_c.h
-- Installing: /home/user/dobot_ws/install/dobot_msgs_v4/include/dobot_msgs_v4/dobot_msgs_v4/srv/detail/fc_set_mass__rosidl_typesupport_fastrtps_c.h
-- Installing: /home/user/dobot_ws/install/dobot_msgs_v4/lib/libdobot_msgs_v4__rosidl_typesupport_fastrtps_c.so
-- Set runtime path of "/home/user/dobot_ws/install/dobot_msgs_v4/lib/libdobot_msgs_v4__rosidl_typesupport_fastrtps_c.so" to ""
-- Up-to-date: /home/user/dobot_ws/install/dobot_msgs_v4/include/dobot_msgs_v4/dobot_msgs_v4
-- Up-to-date: /home/user/dobot_ws/install/dobot_msgs_v4/include/dobot_msgs_v4/dobot_msgs_v4/msg
-- Installing: /home/user/dobot_ws/install/dobot_msgs_v4/include/dobot_msgs_v4/dobot_msgs_v4/msg/rosidl_generator_cpp__visibility_control.hpp
-- Installing: /home/user/dobot_ws/install/dobot_msgs_v4/include/dobot_msgs_v4/dobot_msgs_v4/msg/robot_status.hpp
-- Installing: /home/user/dobot_ws/install/dobot_msgs_v4/include/dobot_msgs_v4/dobot_msgs_v4/msg/tool_vector_actual.hpp
-- Up-to-date: /home/user/dobot_ws/install/dobot_msgs_v4/include/dobot_msgs_v4/dobot_msgs_v4/msg/detail
-- Installing: /home/user/dobot_ws/install/dobot_msgs_v4/include/dobot_msgs_v4/dobot_msgs_v4/msg/detail/tool_vector_actual__builder.hpp
-- Installing: /home/user/dobot_ws/install/dobot_msgs_v4/include/dobot_msgs_v4/dobot_msgs_v4/msg/detail/tool_vector_actual__type_support.hpp
-- Installing: /home/user/dobot_ws/install/dobot_msgs_v4/include/dobot_msgs_v4/dobot_msgs_v4/msg/detail/robot_status__type_support.hpp
-- Installing: /home/user/dobot_ws/install/dobot_msgs_v4/include/dobot_msgs_v4/dobot_msgs_v4/msg/detail/tool_vector_actual__struct.hpp
-- Installing: /home/user/dobot_ws/install/dobot_msgs_v4/include/dobot_msgs_v4/dobot_msgs_v4/msg/detail/robot_status__traits.hpp
-- Installing: /home/user/dobot_ws/install/dobot_msgs_v4/include/dobot_msgs_v4/dobot_msgs_v4/msg/detail/robot_status__struct.hpp
-- Installing: /home/user/dobot_ws/install/dobot_msgs_v4/include/dobot_msgs_v4/dobot_msgs_v4/msg/detail/tool_vector_actual__traits.hpp
-- Installing: /home/user/dobot_ws/install/dobot_msgs_v4/include/dobot_msgs_v4/dobot_msgs_v4/msg/detail/robot_status__builder.hpp
-- Up-to-date: /home/user/dobot_ws/install/dobot_msgs_v4/include/dobot_msgs_v4/dobot_msgs_v4/srv
-- Installing: /home/user/dobot_ws/install/dobot_msgs_v4/include/dobot_msgs_v4/dobot_msgs_v4/srv/request_control.hpp
-- Installing: /home/user/dobot_ws/install/dobot_msgs_v4/include/dobot_msgs_v4/dobot_msgs_v4/srv/force_drive_speed.hpp
-- Installing: /home/user/dobot_ws/install/dobot_msgs_v4/include/dobot_msgs_v4/dobot_msgs_v4/srv/start_rt_offset.hpp
-- Installing: /home/user/dobot_ws/install/dobot_msgs_v4/include/dobot_msgs_v4/dobot_msgs_v4/srv/set_back_distance.hpp
-- Installing: /home/user/dobot_ws/install/dobot_msgs_v4/include/dobot_msgs_v4/dobot_msgs_v4/srv/mov_l.hpp
-- Installing: /home/user/dobot_ws/install/dobot_msgs_v4/include/dobot_msgs_v4/dobot_msgs_v4/srv/modbus_create.hpp
-- Installing: /home/user/dobot_ws/install/dobot_msgs_v4/include/dobot_msgs_v4/dobot_msgs_v4/srv/ai.hpp
-- Installing: /home/user/dobot_ws/install/dobot_msgs_v4/include/dobot_msgs_v4/dobot_msgs_v4/srv/rel_mov_j_tool.hpp
-- Installing: /home/user/dobot_ws/install/dobot_msgs_v4/include/dobot_msgs_v4/dobot_msgs_v4/srv/get_hold_regs.hpp
-- Installing: /home/user/dobot_ws/install/dobot_msgs_v4/include/dobot_msgs_v4/dobot_msgs_v4/srv/user.hpp
-- Installing: /home/user/dobot_ws/install/dobot_msgs_v4/include/dobot_msgs_v4/dobot_msgs_v4/srv/get_in_bits.hpp
-- Installing: /home/user/dobot_ws/install/dobot_msgs_v4/include/dobot_msgs_v4/dobot_msgs_v4/srv/mov_j.hpp
-- Installing: /home/user/dobot_ws/install/dobot_msgs_v4/include/dobot_msgs_v4/dobot_msgs_v4/srv/rel_mov_l_user.hpp
-- Installing: /home/user/dobot_ws/install/dobot_msgs_v4/include/dobot_msgs_v4/dobot_msgs_v4/srv/rel_mov_j_user.hpp
-- Installing: /home/user/dobot_ws/install/dobot_msgs_v4/include/dobot_msgs_v4/dobot_msgs_v4/srv/set_output_bool.hpp
-- Installing: /home/user/dobot_ws/install/dobot_msgs_v4/include/dobot_msgs_v4/dobot_msgs_v4/srv/enable_ft_sensor.hpp
-- Installing: /home/user/dobot_ws/install/dobot_msgs_v4/include/dobot_msgs_v4/dobot_msgs_v4/srv/get_do_group.hpp
-- Installing: /home/user/dobot_ws/install/dobot_msgs_v4/include/dobot_msgs_v4/dobot_msgs_v4/srv/get_start_pose.hpp
-- Installing: /home/user/dobot_ws/install/dobot_msgs_v4/include/dobot_msgs_v4/dobot_msgs_v4/srv/disable_robot.hpp
-- Installing: /home/user/dobot_ws/install/dobot_msgs_v4/include/dobot_msgs_v4/dobot_msgs_v4/srv/arc.hpp
-- Installing: /home/user/dobot_ws/install/dobot_msgs_v4/include/dobot_msgs_v4/dobot_msgs_v4/srv/check_odd_mov_c.hpp
-- Installing: /home/user/dobot_ws/install/dobot_msgs_v4/include/dobot_msgs_v4/dobot_msgs_v4/srv/pause.hpp
-- Installing: /home/user/dobot_ws/install/dobot_msgs_v4/include/dobot_msgs_v4/dobot_msgs_v4/srv/mov_jio.hpp
-- Installing: /home/user/dobot_ws/install/dobot_msgs_v4/include/dobot_msgs_v4/dobot_msgs_v4/srv/inverse_kin.hpp
-- Installing: /home/user/dobot_ws/install/dobot_msgs_v4/include/dobot_msgs_v4/dobot_msgs_v4/srv/rel_mov_l_tool.hpp
-- Installing: /home/user/dobot_ws/install/dobot_msgs_v4/include/dobot_msgs_v4/dobot_msgs_v4/srv/di_group_dec.hpp
-- Installing: /home/user/dobot_ws/install/dobot_msgs_v4/include/dobot_msgs_v4/dobot_msgs_v4/srv/stop.hpp
-- Installing: /home/user/dobot_ws/install/dobot_msgs_v4/include/dobot_msgs_v4/dobot_msgs_v4/srv/enable_safe_skin.hpp
-- Installing: /home/user/dobot_ws/install/dobot_msgs_v4/include/dobot_msgs_v4/dobot_msgs_v4/srv/stop_move_jog.hpp
-- Installing: /home/user/dobot_ws/install/dobot_msgs_v4/include/dobot_msgs_v4/dobot_msgs_v4/srv/set_tool_power.hpp
-- Installing: /home/user/dobot_ws/install/dobot_msgs_v4/include/dobot_msgs_v4/dobot_msgs_v4/srv/tool_di.hpp
-- Installing: /home/user/dobot_ws/install/dobot_msgs_v4/include/dobot_msgs_v4/dobot_msgs_v4/srv/stop_drag.hpp
-- Installing: /home/user/dobot_ws/install/dobot_msgs_v4/include/dobot_msgs_v4/dobot_msgs_v4/srv/set_tool.hpp
-- Installing: /home/user/dobot_ws/install/dobot_msgs_v4/include/dobot_msgs_v4/dobot_msgs_v4/srv/get_do.hpp
-- Installing: /home/user/dobot_ws/install/dobot_msgs_v4/include/dobot_msgs_v4/dobot_msgs_v4/srv/di.hpp
-- Installing: /home/user/dobot_ws/install/dobot_msgs_v4/include/dobot_msgs_v4/dobot_msgs_v4/srv/six_force_home.hpp
-- Installing: /home/user/dobot_ws/install/dobot_msgs_v4/include/dobot_msgs_v4/dobot_msgs_v4/srv/mov_lio.hpp
-- Installing: /home/user/dobot_ws/install/dobot_msgs_v4/include/dobot_msgs_v4/dobot_msgs_v4/srv/set_output_int.hpp
-- Installing: /home/user/dobot_ws/install/dobot_msgs_v4/include/dobot_msgs_v4/dobot_msgs_v4/srv/get_output_float.hpp
-- Installing: /home/user/dobot_ws/install/dobot_msgs_v4/include/dobot_msgs_v4/dobot_msgs_v4/srv/vel_j.hpp
-- Installing: /home/user/dobot_ws/install/dobot_msgs_v4/include/dobot_msgs_v4/dobot_msgs_v4/srv/ao_instant.hpp
-- Installing: /home/user/dobot_ws/install/dobot_msgs_v4/include/dobot_msgs_v4/dobot_msgs_v4/srv/clear_error.hpp
-- Installing: /home/user/dobot_ws/install/dobot_msgs_v4/include/dobot_msgs_v4/dobot_msgs_v4/srv/start_path.hpp
-- Installing: /home/user/dobot_ws/install/dobot_msgs_v4/include/dobot_msgs_v4/dobot_msgs_v4/srv/fc_set_force_limit.hpp
-- Installing: /home/user/dobot_ws/install/dobot_msgs_v4/include/dobot_msgs_v4/dobot_msgs_v4/srv/rel_joint_mov_j.hpp
-- Installing: /home/user/dobot_ws/install/dobot_msgs_v4/include/dobot_msgs_v4/dobot_msgs_v4/srv/start_drag.hpp
-- Installing: /home/user/dobot_ws/install/dobot_msgs_v4/include/dobot_msgs_v4/dobot_msgs_v4/srv/tool_do_instant.hpp
-- Installing: /home/user/dobot_ws/install/dobot_msgs_v4/include/dobot_msgs_v4/dobot_msgs_v4/srv/fc_set_deviation.hpp
-- Installing: /home/user/dobot_ws/install/dobot_msgs_v4/include/dobot_msgs_v4/dobot_msgs_v4/srv/do_instant.hpp
-- Installing: /home/user/dobot_ws/install/dobot_msgs_v4/include/dobot_msgs_v4/dobot_msgs_v4/srv/ao.hpp
-- Installing: /home/user/dobot_ws/install/dobot_msgs_v4/include/dobot_msgs_v4/dobot_msgs_v4/srv/set_safe_skin.hpp
-- Installing: /home/user/dobot_ws/install/dobot_msgs_v4/include/dobot_msgs_v4/dobot_msgs_v4/srv/servo_p.hpp
-- Installing: /home/user/dobot_ws/install/dobot_msgs_v4/include/dobot_msgs_v4/dobot_msgs_v4/srv/get_tool_do.hpp
-- Installing: /home/user/dobot_ws/install/dobot_msgs_v4/include/dobot_msgs_v4/dobot_msgs_v4/srv/servo_j.hpp
-- Installing: /home/user/dobot_ws/install/dobot_msgs_v4/include/dobot_msgs_v4/dobot_msgs_v4/srv/move_jog.hpp
-- Installing: /home/user/dobot_ws/install/dobot_msgs_v4/include/dobot_msgs_v4/dobot_msgs_v4/srv/speed_factor.hpp
-- Installing: /home/user/dobot_ws/install/dobot_msgs_v4/include/dobot_msgs_v4/dobot_msgs_v4/srv/get_input_bool.hpp
-- Installing: /home/user/dobot_ws/install/dobot_msgs_v4/include/dobot_msgs_v4/dobot_msgs_v4/srv/inverse_solution.hpp
-- Installing: /home/user/dobot_ws/install/dobot_msgs_v4/include/dobot_msgs_v4/dobot_msgs_v4/srv/enable_robot.hpp
-- Installing: /home/user/dobot_ws/install/dobot_msgs_v4/include/dobot_msgs_v4/dobot_msgs_v4/srv/acc_j.hpp
-- Installing: /home/user/dobot_ws/install/dobot_msgs_v4/include/dobot_msgs_v4/dobot_msgs_v4/srv/fc_force_mode.hpp
-- Installing: /home/user/dobot_ws/install/dobot_msgs_v4/include/dobot_msgs_v4/dobot_msgs_v4/srv/do_group.hpp
-- Installing: /home/user/dobot_ws/install/dobot_msgs_v4/include/dobot_msgs_v4/dobot_msgs_v4/srv/set_coils.hpp
-- Installing: /home/user/dobot_ws/install/dobot_msgs_v4/include/dobot_msgs_v4/dobot_msgs_v4/srv/get_pose.hpp
-- Installing: /home/user/dobot_ws/install/dobot_msgs_v4/include/dobot_msgs_v4/dobot_msgs_v4/srv/calc_tool.hpp
-- Installing: /home/user/dobot_ws/install/dobot_msgs_v4/include/dobot_msgs_v4/dobot_msgs_v4/srv/do.hpp
-- Installing: /home/user/dobot_ws/install/dobot_msgs_v4/include/dobot_msgs_v4/dobot_msgs_v4/srv/reset_robot.hpp
-- Installing: /home/user/dobot_ws/install/dobot_msgs_v4/include/dobot_msgs_v4/dobot_msgs_v4/srv/fc_set_stiffness.hpp
-- Installing: /home/user/dobot_ws/install/dobot_msgs_v4/include/dobot_msgs_v4/dobot_msgs_v4/srv/circle.hpp
-- Installing: /home/user/dobot_ws/install/dobot_msgs_v4/include/dobot_msgs_v4/dobot_msgs_v4/srv/do_group_dec.hpp
-- Installing: /home/user/dobot_ws/install/dobot_msgs_v4/include/dobot_msgs_v4/dobot_msgs_v4/srv/get_output_int.hpp
-- Installing: /home/user/dobot_ws/install/dobot_msgs_v4/include/dobot_msgs_v4/dobot_msgs_v4/srv/fc_set_damping.hpp
-- Installing: /home/user/dobot_ws/install/dobot_msgs_v4/include/dobot_msgs_v4/dobot_msgs_v4/srv/tool_ai.hpp
-- Installing: /home/user/dobot_ws/install/dobot_msgs_v4/include/dobot_msgs_v4/dobot_msgs_v4/srv/set_output_float.hpp
-- Installing: /home/user/dobot_ws/install/dobot_msgs_v4/include/dobot_msgs_v4/dobot_msgs_v4/srv/modbus_close.hpp
-- Installing: /home/user/dobot_ws/install/dobot_msgs_v4/include/dobot_msgs_v4/dobot_msgs_v4/srv/check_odd_mov_j.hpp
-- Installing: /home/user/dobot_ws/install/dobot_msgs_v4/include/dobot_msgs_v4/dobot_msgs_v4/srv/get_force.hpp
-- Installing: /home/user/dobot_ws/install/dobot_msgs_v4/include/dobot_msgs_v4/dobot_msgs_v4/srv/modbus_rtu_create.hpp
-- Installing: /home/user/dobot_ws/install/dobot_msgs_v4/include/dobot_msgs_v4/dobot_msgs_v4/srv/get_angle.hpp
-- Installing: /home/user/dobot_ws/install/dobot_msgs_v4/include/dobot_msgs_v4/dobot_msgs_v4/srv/force_drive_mode.hpp
-- Installing: /home/user/dobot_ws/install/dobot_msgs_v4/include/dobot_msgs_v4/dobot_msgs_v4/srv/continue.hpp
-- Installing: /home/user/dobot_ws/install/dobot_msgs_v4/include/dobot_msgs_v4/dobot_msgs_v4/srv/get_error.hpp
-- Installing: /home/user/dobot_ws/install/dobot_msgs_v4/include/dobot_msgs_v4/dobot_msgs_v4/srv/brake_control.hpp
-- Installing: /home/user/dobot_ws/install/dobot_msgs_v4/include/dobot_msgs_v4/dobot_msgs_v4/srv/set_fc_collision.hpp
-- Installing: /home/user/dobot_ws/install/dobot_msgs_v4/include/dobot_msgs_v4/dobot_msgs_v4/srv/set_tool485.hpp
-- Installing: /home/user/dobot_ws/install/dobot_msgs_v4/include/dobot_msgs_v4/dobot_msgs_v4/srv/acc_l.hpp
-- Installing: /home/user/dobot_ws/install/dobot_msgs_v4/include/dobot_msgs_v4/dobot_msgs_v4/srv/fc_off.hpp
-- Installing: /home/user/dobot_ws/install/dobot_msgs_v4/include/dobot_msgs_v4/dobot_msgs_v4/srv/tool_do.hpp
-- Installing: /home/user/dobot_ws/install/dobot_msgs_v4/include/dobot_msgs_v4/dobot_msgs_v4/srv/set_tool_mode.hpp
-- Installing: /home/user/dobot_ws/install/dobot_msgs_v4/include/dobot_msgs_v4/dobot_msgs_v4/srv/fc_set_force.hpp
-- Installing: /home/user/dobot_ws/install/dobot_msgs_v4/include/dobot_msgs_v4/dobot_msgs_v4/srv/set_user.hpp
-- Installing: /home/user/dobot_ws/install/dobot_msgs_v4/include/dobot_msgs_v4/dobot_msgs_v4/srv/get_ao.hpp
-- Installing: /home/user/dobot_ws/install/dobot_msgs_v4/include/dobot_msgs_v4/dobot_msgs_v4/srv/robot_mode.hpp
-- Installing: /home/user/dobot_ws/install/dobot_msgs_v4/include/dobot_msgs_v4/dobot_msgs_v4/srv/get_do_group_dec.hpp
-- Installing: /home/user/dobot_ws/install/dobot_msgs_v4/include/dobot_msgs_v4/dobot_msgs_v4/srv/calc_user.hpp
-- Installing: /home/user/dobot_ws/install/dobot_msgs_v4/include/dobot_msgs_v4/dobot_msgs_v4/srv/tcp_dashboard.hpp
-- Installing: /home/user/dobot_ws/install/dobot_msgs_v4/include/dobot_msgs_v4/dobot_msgs_v4/srv/emergency_stop.hpp
-- Installing: /home/user/dobot_ws/install/dobot_msgs_v4/include/dobot_msgs_v4/dobot_msgs_v4/srv/get_input_float.hpp
-- Installing: /home/user/dobot_ws/install/dobot_msgs_v4/include/dobot_msgs_v4/dobot_msgs_v4/srv/fc_set_force_speed_limit.hpp
-- Installing: /home/user/dobot_ws/install/dobot_msgs_v4/include/dobot_msgs_v4/dobot_msgs_v4/srv/tool.hpp
-- Installing: /home/user/dobot_ws/install/dobot_msgs_v4/include/dobot_msgs_v4/dobot_msgs_v4/srv/drag_sensivity.hpp
-- Installing: /home/user/dobot_ws/install/dobot_msgs_v4/include/dobot_msgs_v4/dobot_msgs_v4/srv/get_coils.hpp
-- Installing: /home/user/dobot_ws/install/dobot_msgs_v4/include/dobot_msgs_v4/dobot_msgs_v4/srv/get_in_regs.hpp
-- Installing: /home/user/dobot_ws/install/dobot_msgs_v4/include/dobot_msgs_v4/dobot_msgs_v4/srv/get_current_command_id.hpp
-- Installing: /home/user/dobot_ws/install/dobot_msgs_v4/include/dobot_msgs_v4/dobot_msgs_v4/srv/set_collision_level.hpp
-- Installing: /home/user/dobot_ws/install/dobot_msgs_v4/include/dobot_msgs_v4/dobot_msgs_v4/srv/set_payload.hpp
-- Installing: /home/user/dobot_ws/install/dobot_msgs_v4/include/dobot_msgs_v4/dobot_msgs_v4/srv/cp.hpp
-- Installing: /home/user/dobot_ws/install/dobot_msgs_v4/include/dobot_msgs_v4/dobot_msgs_v4/srv/set_safe_wall_enable.hpp
-- Installing: /home/user/dobot_ws/install/dobot_msgs_v4/include/dobot_msgs_v4/dobot_msgs_v4/srv/end_rt_offset.hpp
-- Installing: /home/user/dobot_ws/install/dobot_msgs_v4/include/dobot_msgs_v4/dobot_msgs_v4/srv/run_to.hpp
-- Installing: /home/user/dobot_ws/install/dobot_msgs_v4/include/dobot_msgs_v4/dobot_msgs_v4/srv/set_post_collision_mode.hpp
-- Installing: /home/user/dobot_ws/install/dobot_msgs_v4/include/dobot_msgs_v4/dobot_msgs_v4/srv/get_error_id.hpp
-- Up-to-date: /home/user/dobot_ws/install/dobot_msgs_v4/include/dobot_msgs_v4/dobot_msgs_v4/srv/detail
-- Installing: /home/user/dobot_ws/install/dobot_msgs_v4/include/dobot_msgs_v4/dobot_msgs_v4/srv/detail/acc_l__builder.hpp
-- Installing: /home/user/dobot_ws/install/dobot_msgs_v4/include/dobot_msgs_v4/dobot_msgs_v4/srv/detail/fc_force_mode__traits.hpp
-- Installing: /home/user/dobot_ws/install/dobot_msgs_v4/include/dobot_msgs_v4/dobot_msgs_v4/srv/detail/set_safe_wall_enable__struct.hpp
-- Installing: /home/user/dobot_ws/install/dobot_msgs_v4/include/dobot_msgs_v4/dobot_msgs_v4/srv/detail/di__type_support.hpp
-- Installing: /home/user/dobot_ws/install/dobot_msgs_v4/include/dobot_msgs_v4/dobot_msgs_v4/srv/detail/set_coils__builder.hpp
-- Installing: /home/user/dobot_ws/install/dobot_msgs_v4/include/dobot_msgs_v4/dobot_msgs_v4/srv/detail/stop__traits.hpp
-- Installing: /home/user/dobot_ws/install/dobot_msgs_v4/include/dobot_msgs_v4/dobot_msgs_v4/srv/detail/get_input_int__type_support.hpp
-- Installing: /home/user/dobot_ws/install/dobot_msgs_v4/include/dobot_msgs_v4/dobot_msgs_v4/srv/detail/fc_set_stiffness__type_support.hpp
-- Installing: /home/user/dobot_ws/install/dobot_msgs_v4/include/dobot_msgs_v4/dobot_msgs_v4/srv/detail/circle__builder.hpp
-- Installing: /home/user/dobot_ws/install/dobot_msgs_v4/include/dobot_msgs_v4/dobot_msgs_v4/srv/detail/pause__type_support.hpp
-- Installing: /home/user/dobot_ws/install/dobot_msgs_v4/include/dobot_msgs_v4/dobot_msgs_v4/srv/detail/stop_drag__builder.hpp
-- Installing: /home/user/dobot_ws/install/dobot_msgs_v4/include/dobot_msgs_v4/dobot_msgs_v4/srv/detail/set_safe_wall_enable__builder.hpp
-- Installing: /home/user/dobot_ws/install/dobot_msgs_v4/include/dobot_msgs_v4/dobot_msgs_v4/srv/detail/enable_safe_skin__type_support.hpp
-- Installing: /home/user/dobot_ws/install/dobot_msgs_v4/include/dobot_msgs_v4/dobot_msgs_v4/srv/detail/get_ao__type_support.hpp
-- Installing: /home/user/dobot_ws/install/dobot_msgs_v4/include/dobot_msgs_v4/dobot_msgs_v4/srv/detail/check_odd_mov_l__type_support.hpp
-- Installing: /home/user/dobot_ws/install/dobot_msgs_v4/include/dobot_msgs_v4/dobot_msgs_v4/srv/detail/modbus_rtu_create__type_support.hpp
-- Installing: /home/user/dobot_ws/install/dobot_msgs_v4/include/dobot_msgs_v4/dobot_msgs_v4/srv/detail/set_back_distance__traits.hpp
-- Installing: /home/user/dobot_ws/install/dobot_msgs_v4/include/dobot_msgs_v4/dobot_msgs_v4/srv/detail/power_on__traits.hpp
-- Installing: /home/user/dobot_ws/install/dobot_msgs_v4/include/dobot_msgs_v4/dobot_msgs_v4/srv/detail/tcp_dashboard__builder.hpp
-- Installing: /home/user/dobot_ws/install/dobot_msgs_v4/include/dobot_msgs_v4/dobot_msgs_v4/srv/detail/set_tool485__struct.hpp
-- Installing: /home/user/dobot_ws/install/dobot_msgs_v4/include/dobot_msgs_v4/dobot_msgs_v4/srv/detail/get_input_int__struct.hpp
-- Installing: /home/user/dobot_ws/install/dobot_msgs_v4/include/dobot_msgs_v4/dobot_msgs_v4/srv/detail/tool__type_support.hpp
-- Installing: /home/user/dobot_ws/install/dobot_msgs_v4/include/dobot_msgs_v4/dobot_msgs_v4/srv/detail/clear_error__builder.hpp
-- Installing: /home/user/dobot_ws/install/dobot_msgs_v4/include/dobot_msgs_v4/dobot_msgs_v4/srv/detail/tcp_dashboard__struct.hpp
-- Installing: /home/user/dobot_ws/install/dobot_msgs_v4/include/dobot_msgs_v4/dobot_msgs_v4/srv/detail/calc_tool__builder.hpp
-- Installing: /home/user/dobot_ws/install/dobot_msgs_v4/include/dobot_msgs_v4/dobot_msgs_v4/srv/detail/set_hold_regs__struct.hpp
-- Installing: /home/user/dobot_ws/install/dobot_msgs_v4/include/dobot_msgs_v4/dobot_msgs_v4/srv/detail/set_tool_power__type_support.hpp
-- Installing: /home/user/dobot_ws/install/dobot_msgs_v4/include/dobot_msgs_v4/dobot_msgs_v4/srv/detail/brake_control__type_support.hpp
-- Installing: /home/user/dobot_ws/install/dobot_msgs_v4/include/dobot_msgs_v4/dobot_msgs_v4/srv/detail/get_input_int__traits.hpp
-- Installing: /home/user/dobot_ws/install/dobot_msgs_v4/include/dobot_msgs_v4/dobot_msgs_v4/srv/detail/servo_p__struct.hpp
-- Installing: /home/user/dobot_ws/install/dobot_msgs_v4/include/dobot_msgs_v4/dobot_msgs_v4/srv/detail/di__builder.hpp
-- Installing: /home/user/dobot_ws/install/dobot_msgs_v4/include/dobot_msgs_v4/dobot_msgs_v4/srv/detail/fc_set_deviation__traits.hpp
-- Installing: /home/user/dobot_ws/install/dobot_msgs_v4/include/dobot_msgs_v4/dobot_msgs_v4/srv/detail/rel_mov_l_user__traits.hpp
-- Installing: /home/user/dobot_ws/install/dobot_msgs_v4/include/dobot_msgs_v4/dobot_msgs_v4/srv/detail/get_in_regs__type_support.hpp
-- Installing: /home/user/dobot_ws/install/dobot_msgs_v4/include/dobot_msgs_v4/dobot_msgs_v4/srv/detail/set_collision_level__builder.hpp
-- Installing: /home/user/dobot_ws/install/dobot_msgs_v4/include/dobot_msgs_v4/dobot_msgs_v4/srv/detail/get_do_group_dec__type_support.hpp
-- Installing: /home/user/dobot_ws/install/dobot_msgs_v4/include/dobot_msgs_v4/dobot_msgs_v4/srv/detail/set_output_bool__type_support.hpp
-- Installing: /home/user/dobot_ws/install/dobot_msgs_v4/include/dobot_msgs_v4/dobot_msgs_v4/srv/detail/tool_ai__type_support.hpp
-- Installing: /home/user/dobot_ws/install/dobot_msgs_v4/include/dobot_msgs_v4/dobot_msgs_v4/srv/detail/get_error__traits.hpp
-- Installing: /home/user/dobot_ws/install/dobot_msgs_v4/include/dobot_msgs_v4/dobot_msgs_v4/srv/detail/disable_robot__struct.hpp
-- Installing: /home/user/dobot_ws/install/dobot_msgs_v4/include/dobot_msgs_v4/dobot_msgs_v4/srv/detail/do_group_dec__traits.hpp
-- Installing: /home/user/dobot_ws/install/dobot_msgs_v4/include/dobot_msgs_v4/dobot_msgs_v4/srv/detail/set_output_int__traits.hpp
-- Installing: /home/user/dobot_ws/install/dobot_msgs_v4/include/dobot_msgs_v4/dobot_msgs_v4/srv/detail/set_hold_regs__type_support.hpp
-- Installing: /home/user/dobot_ws/install/dobot_msgs_v4/include/dobot_msgs_v4/dobot_msgs_v4/srv/detail/fc_off__builder.hpp
-- Installing: /home/user/dobot_ws/install/dobot_msgs_v4/include/dobot_msgs_v4/dobot_msgs_v4/srv/detail/robot_mode__struct.hpp
-- Installing: /home/user/dobot_ws/install/dobot_msgs_v4/include/dobot_msgs_v4/dobot_msgs_v4/srv/detail/robot_mode__builder.hpp
-- Installing: /home/user/dobot_ws/install/dobot_msgs_v4/include/dobot_msgs_v4/dobot_msgs_v4/srv/detail/reset_robot__traits.hpp
-- Installing: /home/user/dobot_ws/install/dobot_msgs_v4/include/dobot_msgs_v4/dobot_msgs_v4/srv/detail/fc_set_damping__type_support.hpp
-- Installing: /home/user/dobot_ws/install/dobot_msgs_v4/include/dobot_msgs_v4/dobot_msgs_v4/srv/detail/get_pose__builder.hpp
-- Installing: /home/user/dobot_ws/install/dobot_msgs_v4/include/dobot_msgs_v4/dobot_msgs_v4/srv/detail/get_start_pose__builder.hpp
-- Installing: /home/user/dobot_ws/install/dobot_msgs_v4/include/dobot_msgs_v4/dobot_msgs_v4/srv/detail/ao__traits.hpp
-- Installing: /home/user/dobot_ws/install/dobot_msgs_v4/include/dobot_msgs_v4/dobot_msgs_v4/srv/detail/rel_joint_mov_j__traits.hpp
-- Installing: /home/user/dobot_ws/install/dobot_msgs_v4/include/dobot_msgs_v4/dobot_msgs_v4/srv/detail/cp__struct.hpp
-- Installing: /home/user/dobot_ws/install/dobot_msgs_v4/include/dobot_msgs_v4/dobot_msgs_v4/srv/detail/calc_tool__struct.hpp
-- Installing: /home/user/dobot_ws/install/dobot_msgs_v4/include/dobot_msgs_v4/dobot_msgs_v4/srv/detail/get_output_bool__type_support.hpp
-- Installing: /home/user/dobot_ws/install/dobot_msgs_v4/include/dobot_msgs_v4/dobot_msgs_v4/srv/detail/acc_l__traits.hpp
-- Installing: /home/user/dobot_ws/install/dobot_msgs_v4/include/dobot_msgs_v4/dobot_msgs_v4/srv/detail/vel_j__type_support.hpp
-- Installing: /home/user/dobot_ws/install/dobot_msgs_v4/include/dobot_msgs_v4/dobot_msgs_v4/srv/detail/check_odd_mov_j__struct.hpp
-- Installing: /home/user/dobot_ws/install/dobot_msgs_v4/include/dobot_msgs_v4/dobot_msgs_v4/srv/detail/mov_l__type_support.hpp
-- Installing: /home/user/dobot_ws/install/dobot_msgs_v4/include/dobot_msgs_v4/dobot_msgs_v4/srv/detail/mov_j__traits.hpp
-- Installing: /home/user/dobot_ws/install/dobot_msgs_v4/include/dobot_msgs_v4/dobot_msgs_v4/srv/detail/stop_drag__type_support.hpp
-- Installing: /home/user/dobot_ws/install/dobot_msgs_v4/include/dobot_msgs_v4/dobot_msgs_v4/srv/detail/get_do__type_support.hpp
-- Installing: /home/user/dobot_ws/install/dobot_msgs_v4/include/dobot_msgs_v4/dobot_msgs_v4/srv/detail/get_tool_do__struct.hpp
-- Installing: /home/user/dobot_ws/install/dobot_msgs_v4/include/dobot_msgs_v4/dobot_msgs_v4/srv/detail/cp__builder.hpp
-- Installing: /home/user/dobot_ws/install/dobot_msgs_v4/include/dobot_msgs_v4/dobot_msgs_v4/srv/detail/pause__builder.hpp
-- Installing: /home/user/dobot_ws/install/dobot_msgs_v4/include/dobot_msgs_v4/dobot_msgs_v4/srv/detail/mov_lio__traits.hpp
-- Installing: /home/user/dobot_ws/install/dobot_msgs_v4/include/dobot_msgs_v4/dobot_msgs_v4/srv/detail/request_control__struct.hpp
-- Installing: /home/user/dobot_ws/install/dobot_msgs_v4/include/dobot_msgs_v4/dobot_msgs_v4/srv/detail/tool__struct.hpp
-- Installing: /home/user/dobot_ws/install/dobot_msgs_v4/include/dobot_msgs_v4/dobot_msgs_v4/srv/detail/fc_set_force__struct.hpp
-- Installing: /home/user/dobot_ws/install/dobot_msgs_v4/include/dobot_msgs_v4/dobot_msgs_v4/srv/detail/inverse_solution__builder.hpp
-- Installing: /home/user/dobot_ws/install/dobot_msgs_v4/include/dobot_msgs_v4/dobot_msgs_v4/srv/detail/fc_set_force__builder.hpp
-- Installing: /home/user/dobot_ws/install/dobot_msgs_v4/include/dobot_msgs_v4/dobot_msgs_v4/srv/detail/tcp_dashboard__traits.hpp
-- Installing: /home/user/dobot_ws/install/dobot_msgs_v4/include/dobot_msgs_v4/dobot_msgs_v4/srv/detail/cp__type_support.hpp
-- Installing: /home/user/dobot_ws/install/dobot_msgs_v4/include/dobot_msgs_v4/dobot_msgs_v4/srv/detail/get_input_float__traits.hpp
-- Installing: /home/user/dobot_ws/install/dobot_msgs_v4/include/dobot_msgs_v4/dobot_msgs_v4/srv/detail/move_jog__builder.hpp
-- Installing: /home/user/dobot_ws/install/dobot_msgs_v4/include/dobot_msgs_v4/dobot_msgs_v4/srv/detail/fc_force_mode__struct.hpp
-- Installing: /home/user/dobot_ws/install/dobot_msgs_v4/include/dobot_msgs_v4/dobot_msgs_v4/srv/detail/modbus_rtu_create__builder.hpp
-- Installing: /home/user/dobot_ws/install/dobot_msgs_v4/include/dobot_msgs_v4/dobot_msgs_v4/srv/detail/arc__struct.hpp
-- Installing: /home/user/dobot_ws/install/dobot_msgs_v4/include/dobot_msgs_v4/dobot_msgs_v4/srv/detail/set_tool__traits.hpp
-- Installing: /home/user/dobot_ws/install/dobot_msgs_v4/include/dobot_msgs_v4/dobot_msgs_v4/srv/detail/circle__traits.hpp
-- Installing: /home/user/dobot_ws/install/dobot_msgs_v4/include/dobot_msgs_v4/dobot_msgs_v4/srv/detail/rel_mov_j_tool__type_support.hpp
-- Installing: /home/user/dobot_ws/install/dobot_msgs_v4/include/dobot_msgs_v4/dobot_msgs_v4/srv/detail/calc_user__type_support.hpp
-- Installing: /home/user/dobot_ws/install/dobot_msgs_v4/include/dobot_msgs_v4/dobot_msgs_v4/srv/detail/inverse_kin__struct.hpp
-- Installing: /home/user/dobot_ws/install/dobot_msgs_v4/include/dobot_msgs_v4/dobot_msgs_v4/srv/detail/fc_set_mass__type_support.hpp
-- Installing: /home/user/dobot_ws/install/dobot_msgs_v4/include/dobot_msgs_v4/dobot_msgs_v4/srv/detail/get_error__builder.hpp
-- Installing: /home/user/dobot_ws/install/dobot_msgs_v4/include/dobot_msgs_v4/dobot_msgs_v4/srv/detail/get_tool_do__builder.hpp
-- Installing: /home/user/dobot_ws/install/dobot_msgs_v4/include/dobot_msgs_v4/dobot_msgs_v4/srv/detail/get_force__struct.hpp
-- Installing: /home/user/dobot_ws/install/dobot_msgs_v4/include/dobot_msgs_v4/dobot_msgs_v4/srv/detail/run_to__traits.hpp
-- Installing: /home/user/dobot_ws/install/dobot_msgs_v4/include/dobot_msgs_v4/dobot_msgs_v4/srv/detail/fc_collision_switch__type_support.hpp
-- Installing: /home/user/dobot_ws/install/dobot_msgs_v4/include/dobot_msgs_v4/dobot_msgs_v4/srv/detail/fc_set_damping__struct.hpp
-- Installing: /home/user/dobot_ws/install/dobot_msgs_v4/include/dobot_msgs_v4/dobot_msgs_v4/srv/detail/set_output_int__builder.hpp
-- Installing: /home/user/dobot_ws/install/dobot_msgs_v4/include/dobot_msgs_v4/dobot_msgs_v4/srv/detail/get_current_command_id__builder.hpp
-- Installing: /home/user/dobot_ws/install/dobot_msgs_v4/include/dobot_msgs_v4/dobot_msgs_v4/srv/detail/get_error_id__builder.hpp
-- Installing: /home/user/dobot_ws/install/dobot_msgs_v4/include/dobot_msgs_v4/dobot_msgs_v4/srv/detail/set_fc_collision__struct.hpp
-- Installing: /home/user/dobot_ws/install/dobot_msgs_v4/include/dobot_msgs_v4/dobot_msgs_v4/srv/detail/acc_l__type_support.hpp
-- Installing: /home/user/dobot_ws/install/dobot_msgs_v4/include/dobot_msgs_v4/dobot_msgs_v4/srv/detail/get_in_bits__type_support.hpp
-- Installing: /home/user/dobot_ws/install/dobot_msgs_v4/include/dobot_msgs_v4/dobot_msgs_v4/srv/detail/tcp_dashboard__type_support.hpp
-- Installing: /home/user/dobot_ws/install/dobot_msgs_v4/include/dobot_msgs_v4/dobot_msgs_v4/srv/detail/set_fc_collision__traits.hpp
-- Installing: /home/user/dobot_ws/install/dobot_msgs_v4/include/dobot_msgs_v4/dobot_msgs_v4/srv/detail/get_output_float__traits.hpp
-- Installing: /home/user/dobot_ws/install/dobot_msgs_v4/include/dobot_msgs_v4/dobot_msgs_v4/srv/detail/do_instant__traits.hpp
-- Installing: /home/user/dobot_ws/install/dobot_msgs_v4/include/dobot_msgs_v4/dobot_msgs_v4/srv/detail/rel_mov_j_tool__builder.hpp
-- Installing: /home/user/dobot_ws/install/dobot_msgs_v4/include/dobot_msgs_v4/dobot_msgs_v4/srv/detail/get_pose__traits.hpp
-- Installing: /home/user/dobot_ws/install/dobot_msgs_v4/include/dobot_msgs_v4/dobot_msgs_v4/srv/detail/get_input_float__builder.hpp
-- Installing: /home/user/dobot_ws/install/dobot_msgs_v4/include/dobot_msgs_v4/dobot_msgs_v4/srv/detail/start_path__type_support.hpp
-- Installing: /home/user/dobot_ws/install/dobot_msgs_v4/include/dobot_msgs_v4/dobot_msgs_v4/srv/detail/di_group__type_support.hpp
-- Installing: /home/user/dobot_ws/install/dobot_msgs_v4/include/dobot_msgs_v4/dobot_msgs_v4/srv/detail/fc_set_force__type_support.hpp
-- Installing: /home/user/dobot_ws/install/dobot_msgs_v4/include/dobot_msgs_v4/dobot_msgs_v4/srv/detail/set_safe_skin__type_support.hpp
-- Installing: /home/user/dobot_ws/install/dobot_msgs_v4/include/dobot_msgs_v4/dobot_msgs_v4/srv/detail/speed_factor__struct.hpp
-- Installing: /home/user/dobot_ws/install/dobot_msgs_v4/include/dobot_msgs_v4/dobot_msgs_v4/srv/detail/set_user__builder.hpp
-- Installing: /home/user/dobot_ws/install/dobot_msgs_v4/include/dobot_msgs_v4/dobot_msgs_v4/srv/detail/set_tool__struct.hpp
-- Installing: /home/user/dobot_ws/install/dobot_msgs_v4/include/dobot_msgs_v4/dobot_msgs_v4/srv/detail/set_post_collision_mode__type_support.hpp
-- Installing: /home/user/dobot_ws/install/dobot_msgs_v4/include/dobot_msgs_v4/dobot_msgs_v4/srv/detail/inverse_kin__builder.hpp
-- Installing: /home/user/dobot_ws/install/dobot_msgs_v4/include/dobot_msgs_v4/dobot_msgs_v4/srv/detail/do_instant__builder.hpp
-- Installing: /home/user/dobot_ws/install/dobot_msgs_v4/include/dobot_msgs_v4/dobot_msgs_v4/srv/detail/tool_do_instant__struct.hpp
-- Installing: /home/user/dobot_ws/install/dobot_msgs_v4/include/dobot_msgs_v4/dobot_msgs_v4/srv/detail/fc_off__struct.hpp
-- Installing: /home/user/dobot_ws/install/dobot_msgs_v4/include/dobot_msgs_v4/dobot_msgs_v4/srv/detail/run_script__builder.hpp
-- Installing: /home/user/dobot_ws/install/dobot_msgs_v4/include/dobot_msgs_v4/dobot_msgs_v4/srv/detail/check_odd_mov_j__builder.hpp
-- Installing: /home/user/dobot_ws/install/dobot_msgs_v4/include/dobot_msgs_v4/dobot_msgs_v4/srv/detail/vel_l__traits.hpp
-- Installing: /home/user/dobot_ws/install/dobot_msgs_v4/include/dobot_msgs_v4/dobot_msgs_v4/srv/detail/cp__traits.hpp
-- Installing: /home/user/dobot_ws/install/dobot_msgs_v4/include/dobot_msgs_v4/dobot_msgs_v4/srv/detail/get_do_group__struct.hpp
-- Installing: /home/user/dobot_ws/install/dobot_msgs_v4/include/dobot_msgs_v4/dobot_msgs_v4/srv/detail/fc_collision_switch__struct.hpp
-- Installing: /home/user/dobot_ws/install/dobot_msgs_v4/include/dobot_msgs_v4/dobot_msgs_v4/srv/detail/vel_l__builder.hpp
-- Installing: /home/user/dobot_ws/install/dobot_msgs_v4/include/dobot_msgs_v4/dobot_msgs_v4/srv/detail/get_output_int__struct.hpp
-- Installing: /home/user/dobot_ws/install/dobot_msgs_v4/include/dobot_msgs_v4/dobot_msgs_v4/srv/detail/set_safe_skin__struct.hpp
-- Installing: /home/user/dobot_ws/install/dobot_msgs_v4/include/dobot_msgs_v4/dobot_msgs_v4/srv/detail/tool_do_instant__type_support.hpp
-- Installing: /home/user/dobot_ws/install/dobot_msgs_v4/include/dobot_msgs_v4/dobot_msgs_v4/srv/detail/get_force__type_support.hpp
-- Installing: /home/user/dobot_ws/install/dobot_msgs_v4/include/dobot_msgs_v4/dobot_msgs_v4/srv/detail/continue__type_support.hpp
-- Installing: /home/user/dobot_ws/install/dobot_msgs_v4/include/dobot_msgs_v4/dobot_msgs_v4/srv/detail/ai__type_support.hpp
-- Installing: /home/user/dobot_ws/install/dobot_msgs_v4/include/dobot_msgs_v4/dobot_msgs_v4/srv/detail/servo_p__traits.hpp
-- Installing: /home/user/dobot_ws/install/dobot_msgs_v4/include/dobot_msgs_v4/dobot_msgs_v4/srv/detail/set_back_distance__type_support.hpp
-- Installing: /home/user/dobot_ws/install/dobot_msgs_v4/include/dobot_msgs_v4/dobot_msgs_v4/srv/detail/tool_do__builder.hpp
-- Installing: /home/user/dobot_ws/install/dobot_msgs_v4/include/dobot_msgs_v4/dobot_msgs_v4/srv/detail/set_output_bool__struct.hpp
-- Installing: /home/user/dobot_ws/install/dobot_msgs_v4/include/dobot_msgs_v4/dobot_msgs_v4/srv/detail/continue__builder.hpp
-- Installing: /home/user/dobot_ws/install/dobot_msgs_v4/include/dobot_msgs_v4/dobot_msgs_v4/srv/detail/get_do__traits.hpp
-- Installing: /home/user/dobot_ws/install/dobot_msgs_v4/include/dobot_msgs_v4/dobot_msgs_v4/srv/detail/move_jog__traits.hpp
-- Installing: /home/user/dobot_ws/install/dobot_msgs_v4/include/dobot_msgs_v4/dobot_msgs_v4/srv/detail/set_back_distance__struct.hpp
-- Installing: /home/user/dobot_ws/install/dobot_msgs_v4/include/dobot_msgs_v4/dobot_msgs_v4/srv/detail/continue__struct.hpp
-- Installing: /home/user/dobot_ws/install/dobot_msgs_v4/include/dobot_msgs_v4/dobot_msgs_v4/srv/detail/get_angle__struct.hpp
-- Installing: /home/user/dobot_ws/install/dobot_msgs_v4/include/dobot_msgs_v4/dobot_msgs_v4/srv/detail/set_output_bool__builder.hpp
-- Installing: /home/user/dobot_ws/install/dobot_msgs_v4/include/dobot_msgs_v4/dobot_msgs_v4/srv/detail/set_tool_mode__struct.hpp
-- Installing: /home/user/dobot_ws/install/dobot_msgs_v4/include/dobot_msgs_v4/dobot_msgs_v4/srv/detail/request_control__builder.hpp
-- Installing: /home/user/dobot_ws/install/dobot_msgs_v4/include/dobot_msgs_v4/dobot_msgs_v4/srv/detail/set_tool_power__builder.hpp
-- Installing: /home/user/dobot_ws/install/dobot_msgs_v4/include/dobot_msgs_v4/dobot_msgs_v4/srv/detail/continue__traits.hpp
-- Installing: /home/user/dobot_ws/install/dobot_msgs_v4/include/dobot_msgs_v4/dobot_msgs_v4/srv/detail/modbus_close__traits.hpp
-- Installing: /home/user/dobot_ws/install/dobot_msgs_v4/include/dobot_msgs_v4/dobot_msgs_v4/srv/detail/get_do_group_dec__struct.hpp
-- Installing: /home/user/dobot_ws/install/dobot_msgs_v4/include/dobot_msgs_v4/dobot_msgs_v4/srv/detail/enable_ft_sensor__traits.hpp
-- Installing: /home/user/dobot_ws/install/dobot_msgs_v4/include/dobot_msgs_v4/dobot_msgs_v4/srv/detail/start_rt_offset__struct.hpp
-- Installing: /home/user/dobot_ws/install/dobot_msgs_v4/include/dobot_msgs_v4/dobot_msgs_v4/srv/detail/di__struct.hpp
-- Installing: /home/user/dobot_ws/install/dobot_msgs_v4/include/dobot_msgs_v4/dobot_msgs_v4/srv/detail/set_tool__builder.hpp
-- Installing: /home/user/dobot_ws/install/dobot_msgs_v4/include/dobot_msgs_v4/dobot_msgs_v4/srv/detail/set_safe_wall_enable__traits.hpp
-- Installing: /home/user/dobot_ws/install/dobot_msgs_v4/include/dobot_msgs_v4/dobot_msgs_v4/srv/detail/do_group__builder.hpp
-- Installing: /home/user/dobot_ws/install/dobot_msgs_v4/include/dobot_msgs_v4/dobot_msgs_v4/srv/detail/vel_j__struct.hpp
-- Installing: /home/user/dobot_ws/install/dobot_msgs_v4/include/dobot_msgs_v4/dobot_msgs_v4/srv/detail/tool_ai__struct.hpp
-- Installing: /home/user/dobot_ws/install/dobot_msgs_v4/include/dobot_msgs_v4/dobot_msgs_v4/srv/detail/force_drive_mode__struct.hpp
-- Installing: /home/user/dobot_ws/install/dobot_msgs_v4/include/dobot_msgs_v4/dobot_msgs_v4/srv/detail/set_coils__traits.hpp
-- Installing: /home/user/dobot_ws/install/dobot_msgs_v4/include/dobot_msgs_v4/dobot_msgs_v4/srv/detail/drag_sensivity__type_support.hpp
-- Installing: /home/user/dobot_ws/install/dobot_msgs_v4/include/dobot_msgs_v4/dobot_msgs_v4/srv/detail/set_coils__type_support.hpp
-- Installing: /home/user/dobot_ws/install/dobot_msgs_v4/include/dobot_msgs_v4/dobot_msgs_v4/srv/detail/get_in_regs__builder.hpp
-- Installing: /home/user/dobot_ws/install/dobot_msgs_v4/include/dobot_msgs_v4/dobot_msgs_v4/srv/detail/reset_robot__type_support.hpp
-- Installing: /home/user/dobot_ws/install/dobot_msgs_v4/include/dobot_msgs_v4/dobot_msgs_v4/srv/detail/get_pose__type_support.hpp
-- Installing: /home/user/dobot_ws/install/dobot_msgs_v4/include/dobot_msgs_v4/dobot_msgs_v4/srv/detail/get_output_int__traits.hpp
-- Installing: /home/user/dobot_ws/install/dobot_msgs_v4/include/dobot_msgs_v4/dobot_msgs_v4/srv/detail/modbus_create__type_support.hpp
-- Installing: /home/user/dobot_ws/install/dobot_msgs_v4/include/dobot_msgs_v4/dobot_msgs_v4/srv/detail/ao__struct.hpp
-- Installing: /home/user/dobot_ws/install/dobot_msgs_v4/include/dobot_msgs_v4/dobot_msgs_v4/srv/detail/servo_j__traits.hpp
-- Installing: /home/user/dobot_ws/install/dobot_msgs_v4/include/dobot_msgs_v4/dobot_msgs_v4/srv/detail/set_output_float__type_support.hpp
-- Installing: /home/user/dobot_ws/install/dobot_msgs_v4/include/dobot_msgs_v4/dobot_msgs_v4/srv/detail/mov_l__builder.hpp
-- Installing: /home/user/dobot_ws/install/dobot_msgs_v4/include/dobot_msgs_v4/dobot_msgs_v4/srv/detail/circle__type_support.hpp
-- Installing: /home/user/dobot_ws/install/dobot_msgs_v4/include/dobot_msgs_v4/dobot_msgs_v4/srv/detail/run_script__traits.hpp
-- Installing: /home/user/dobot_ws/install/dobot_msgs_v4/include/dobot_msgs_v4/dobot_msgs_v4/srv/detail/enable_robot__builder.hpp
-- Installing: /home/user/dobot_ws/install/dobot_msgs_v4/include/dobot_msgs_v4/dobot_msgs_v4/srv/detail/user__traits.hpp
-- Installing: /home/user/dobot_ws/install/dobot_msgs_v4/include/dobot_msgs_v4/dobot_msgs_v4/srv/detail/reset_robot__struct.hpp
-- Installing: /home/user/dobot_ws/install/dobot_msgs_v4/include/dobot_msgs_v4/dobot_msgs_v4/srv/detail/get_output_float__type_support.hpp
-- Installing: /home/user/dobot_ws/install/dobot_msgs_v4/include/dobot_msgs_v4/dobot_msgs_v4/srv/detail/get_do__struct.hpp
-- Installing: /home/user/dobot_ws/install/dobot_msgs_v4/include/dobot_msgs_v4/dobot_msgs_v4/srv/detail/get_current_command_id__struct.hpp
-- Installing: /home/user/dobot_ws/install/dobot_msgs_v4/include/dobot_msgs_v4/dobot_msgs_v4/srv/detail/arc__builder.hpp
-- Installing: /home/user/dobot_ws/install/dobot_msgs_v4/include/dobot_msgs_v4/dobot_msgs_v4/srv/detail/brake_control__struct.hpp
-- Installing: /home/user/dobot_ws/install/dobot_msgs_v4/include/dobot_msgs_v4/dobot_msgs_v4/srv/detail/enable_robot__traits.hpp
-- Installing: /home/user/dobot_ws/install/dobot_msgs_v4/include/dobot_msgs_v4/dobot_msgs_v4/srv/detail/rel_mov_j_user__struct.hpp
-- Installing: /home/user/dobot_ws/install/dobot_msgs_v4/include/dobot_msgs_v4/dobot_msgs_v4/srv/detail/tool_ai__traits.hpp
-- Installing: /home/user/dobot_ws/install/dobot_msgs_v4/include/dobot_msgs_v4/dobot_msgs_v4/srv/detail/get_coils__struct.hpp
-- Installing: /home/user/dobot_ws/install/dobot_msgs_v4/include/dobot_msgs_v4/dobot_msgs_v4/srv/detail/drag_sensivity__struct.hpp
-- Installing: /home/user/dobot_ws/install/dobot_msgs_v4/include/dobot_msgs_v4/dobot_msgs_v4/srv/detail/ai__traits.hpp
-- Installing: /home/user/dobot_ws/install/dobot_msgs_v4/include/dobot_msgs_v4/dobot_msgs_v4/srv/detail/fc_set_force_speed_limit__type_support.hpp
-- Installing: /home/user/dobot_ws/install/dobot_msgs_v4/include/dobot_msgs_v4/dobot_msgs_v4/srv/detail/set_payload__struct.hpp
-- Installing: /home/user/dobot_ws/install/dobot_msgs_v4/include/dobot_msgs_v4/dobot_msgs_v4/srv/detail/positive_kin__traits.hpp
-- Installing: /home/user/dobot_ws/install/dobot_msgs_v4/include/dobot_msgs_v4/dobot_msgs_v4/srv/detail/mov_jio__type_support.hpp
-- Installing: /home/user/dobot_ws/install/dobot_msgs_v4/include/dobot_msgs_v4/dobot_msgs_v4/srv/detail/end_rt_offset__traits.hpp
-- Installing: /home/user/dobot_ws/install/dobot_msgs_v4/include/dobot_msgs_v4/dobot_msgs_v4/srv/detail/start_path__struct.hpp
-- Installing: /home/user/dobot_ws/install/dobot_msgs_v4/include/dobot_msgs_v4/dobot_msgs_v4/srv/detail/six_force_home__type_support.hpp
-- Installing: /home/user/dobot_ws/install/dobot_msgs_v4/include/dobot_msgs_v4/dobot_msgs_v4/srv/detail/get_do_group__type_support.hpp
-- Installing: /home/user/dobot_ws/install/dobot_msgs_v4/include/dobot_msgs_v4/dobot_msgs_v4/srv/detail/do_group__struct.hpp
-- Installing: /home/user/dobot_ws/install/dobot_msgs_v4/include/dobot_msgs_v4/dobot_msgs_v4/srv/detail/set_coils__struct.hpp
-- Installing: /home/user/dobot_ws/install/dobot_msgs_v4/include/dobot_msgs_v4/dobot_msgs_v4/srv/detail/get_input_float__type_support.hpp
-- Installing: /home/user/dobot_ws/install/dobot_msgs_v4/include/dobot_msgs_v4/dobot_msgs_v4/srv/detail/mov_j__type_support.hpp
-- Installing: /home/user/dobot_ws/install/dobot_msgs_v4/include/dobot_msgs_v4/dobot_msgs_v4/srv/detail/set_payload__traits.hpp
-- Installing: /home/user/dobot_ws/install/dobot_msgs_v4/include/dobot_msgs_v4/dobot_msgs_v4/srv/detail/speed_factor__builder.hpp
-- Installing: /home/user/dobot_ws/install/dobot_msgs_v4/include/dobot_msgs_v4/dobot_msgs_v4/srv/detail/set_tool485__traits.hpp
-- Installing: /home/user/dobot_ws/install/dobot_msgs_v4/include/dobot_msgs_v4/dobot_msgs_v4/srv/detail/di_group__struct.hpp
-- Installing: /home/user/dobot_ws/install/dobot_msgs_v4/include/dobot_msgs_v4/dobot_msgs_v4/srv/detail/set_output_int__type_support.hpp
-- Installing: /home/user/dobot_ws/install/dobot_msgs_v4/include/dobot_msgs_v4/dobot_msgs_v4/srv/detail/get_in_regs__struct.hpp
-- Installing: /home/user/dobot_ws/install/dobot_msgs_v4/include/dobot_msgs_v4/dobot_msgs_v4/srv/detail/servo_j__struct.hpp
-- Installing: /home/user/dobot_ws/install/dobot_msgs_v4/include/dobot_msgs_v4/dobot_msgs_v4/srv/detail/run_to__builder.hpp
-- Installing: /home/user/dobot_ws/install/dobot_msgs_v4/include/dobot_msgs_v4/dobot_msgs_v4/srv/detail/set_output_int__struct.hpp
-- Installing: /home/user/dobot_ws/install/dobot_msgs_v4/include/dobot_msgs_v4/dobot_msgs_v4/srv/detail/stop_drag__struct.hpp
-- Installing: /home/user/dobot_ws/install/dobot_msgs_v4/include/dobot_msgs_v4/dobot_msgs_v4/srv/detail/get_coils__builder.hpp
-- Installing: /home/user/dobot_ws/install/dobot_msgs_v4/include/dobot_msgs_v4/dobot_msgs_v4/srv/detail/start_rt_offset__type_support.hpp
-- Installing: /home/user/dobot_ws/install/dobot_msgs_v4/include/dobot_msgs_v4/dobot_msgs_v4/srv/detail/start_drag__type_support.hpp
-- Installing: /home/user/dobot_ws/install/dobot_msgs_v4/include/dobot_msgs_v4/dobot_msgs_v4/srv/detail/tool__builder.hpp
-- Installing: /home/user/dobot_ws/install/dobot_msgs_v4/include/dobot_msgs_v4/dobot_msgs_v4/srv/detail/get_output_bool__traits.hpp
-- Installing: /home/user/dobot_ws/install/dobot_msgs_v4/include/dobot_msgs_v4/dobot_msgs_v4/srv/detail/force_drive_mode__traits.hpp
-- Installing: /home/user/dobot_ws/install/dobot_msgs_v4/include/dobot_msgs_v4/dobot_msgs_v4/srv/detail/start_drag__traits.hpp
-- Installing: /home/user/dobot_ws/install/dobot_msgs_v4/include/dobot_msgs_v4/dobot_msgs_v4/srv/detail/get_hold_regs__builder.hpp
-- Installing: /home/user/dobot_ws/install/dobot_msgs_v4/include/dobot_msgs_v4/dobot_msgs_v4/srv/detail/get_in_bits__builder.hpp
-- Installing: /home/user/dobot_ws/install/dobot_msgs_v4/include/dobot_msgs_v4/dobot_msgs_v4/srv/detail/modbus_close__struct.hpp
-- Installing: /home/user/dobot_ws/install/dobot_msgs_v4/include/dobot_msgs_v4/dobot_msgs_v4/srv/detail/disable_robot__traits.hpp
-- Installing: /home/user/dobot_ws/install/dobot_msgs_v4/include/dobot_msgs_v4/dobot_msgs_v4/srv/detail/drag_sensivity__traits.hpp
-- Installing: /home/user/dobot_ws/install/dobot_msgs_v4/include/dobot_msgs_v4/dobot_msgs_v4/srv/detail/set_user__struct.hpp
-- Installing: /home/user/dobot_ws/install/dobot_msgs_v4/include/dobot_msgs_v4/dobot_msgs_v4/srv/detail/emergency_stop__builder.hpp
-- Installing: /home/user/dobot_ws/install/dobot_msgs_v4/include/dobot_msgs_v4/dobot_msgs_v4/srv/detail/set_safe_skin__traits.hpp
-- Installing: /home/user/dobot_ws/install/dobot_msgs_v4/include/dobot_msgs_v4/dobot_msgs_v4/srv/detail/six_force_home__traits.hpp
-- Installing: /home/user/dobot_ws/install/dobot_msgs_v4/include/dobot_msgs_v4/dobot_msgs_v4/srv/detail/check_odd_mov_c__type_support.hpp
-- Installing: /home/user/dobot_ws/install/dobot_msgs_v4/include/dobot_msgs_v4/dobot_msgs_v4/srv/detail/get_ao__traits.hpp
-- Installing: /home/user/dobot_ws/install/dobot_msgs_v4/include/dobot_msgs_v4/dobot_msgs_v4/srv/detail/modbus_rtu_create__struct.hpp
-- Installing: /home/user/dobot_ws/install/dobot_msgs_v4/include/dobot_msgs_v4/dobot_msgs_v4/srv/detail/set_post_collision_mode__traits.hpp
-- Installing: /home/user/dobot_ws/install/dobot_msgs_v4/include/dobot_msgs_v4/dobot_msgs_v4/srv/detail/mov_l__struct.hpp
-- Installing: /home/user/dobot_ws/install/dobot_msgs_v4/include/dobot_msgs_v4/dobot_msgs_v4/srv/detail/vel_l__type_support.hpp
-- Installing: /home/user/dobot_ws/install/dobot_msgs_v4/include/dobot_msgs_v4/dobot_msgs_v4/srv/detail/get_in_bits__traits.hpp
-- Installing: /home/user/dobot_ws/install/dobot_msgs_v4/include/dobot_msgs_v4/dobot_msgs_v4/srv/detail/do__builder.hpp
-- Installing: /home/user/dobot_ws/install/dobot_msgs_v4/include/dobot_msgs_v4/dobot_msgs_v4/srv/detail/clear_error__struct.hpp
-- Installing: /home/user/dobot_ws/install/dobot_msgs_v4/include/dobot_msgs_v4/dobot_msgs_v4/srv/detail/get_hold_regs__type_support.hpp
-- Installing: /home/user/dobot_ws/install/dobot_msgs_v4/include/dobot_msgs_v4/dobot_msgs_v4/srv/detail/tool_do__type_support.hpp
-- Installing: /home/user/dobot_ws/install/dobot_msgs_v4/include/dobot_msgs_v4/dobot_msgs_v4/srv/detail/get_output_int__builder.hpp
-- Installing: /home/user/dobot_ws/install/dobot_msgs_v4/include/dobot_msgs_v4/dobot_msgs_v4/srv/detail/rel_mov_l_tool__builder.hpp
-- Installing: /home/user/dobot_ws/install/dobot_msgs_v4/include/dobot_msgs_v4/dobot_msgs_v4/srv/detail/force_drive_speed__struct.hpp
-- Installing: /home/user/dobot_ws/install/dobot_msgs_v4/include/dobot_msgs_v4/dobot_msgs_v4/srv/detail/end_rt_offset__type_support.hpp
-- Installing: /home/user/dobot_ws/install/dobot_msgs_v4/include/dobot_msgs_v4/dobot_msgs_v4/srv/detail/move_jog__struct.hpp
-- Installing: /home/user/dobot_ws/install/dobot_msgs_v4/include/dobot_msgs_v4/dobot_msgs_v4/srv/detail/force_drive_speed__type_support.hpp
-- Installing: /home/user/dobot_ws/install/dobot_msgs_v4/include/dobot_msgs_v4/dobot_msgs_v4/srv/detail/vel_j__builder.hpp
-- Installing: /home/user/dobot_ws/install/dobot_msgs_v4/include/dobot_msgs_v4/dobot_msgs_v4/srv/detail/set_tool_mode__builder.hpp
-- Installing: /home/user/dobot_ws/install/dobot_msgs_v4/include/dobot_msgs_v4/dobot_msgs_v4/srv/detail/do_instant__struct.hpp
-- Installing: /home/user/dobot_ws/install/dobot_msgs_v4/include/dobot_msgs_v4/dobot_msgs_v4/srv/detail/calc_tool__type_support.hpp
-- Installing: /home/user/dobot_ws/install/dobot_msgs_v4/include/dobot_msgs_v4/dobot_msgs_v4/srv/detail/get_error_id__type_support.hpp
-- Installing: /home/user/dobot_ws/install/dobot_msgs_v4/include/dobot_msgs_v4/dobot_msgs_v4/srv/detail/do__struct.hpp
-- Installing: /home/user/dobot_ws/install/dobot_msgs_v4/include/dobot_msgs_v4/dobot_msgs_v4/srv/detail/power_on__type_support.hpp
-- Installing: /home/user/dobot_ws/install/dobot_msgs_v4/include/dobot_msgs_v4/dobot_msgs_v4/srv/detail/move_jog__type_support.hpp
-- Installing: /home/user/dobot_ws/install/dobot_msgs_v4/include/dobot_msgs_v4/dobot_msgs_v4/srv/detail/set_tool_mode__traits.hpp
-- Installing: /home/user/dobot_ws/install/dobot_msgs_v4/include/dobot_msgs_v4/dobot_msgs_v4/srv/detail/get_ao__builder.hpp
-- Installing: /home/user/dobot_ws/install/dobot_msgs_v4/include/dobot_msgs_v4/dobot_msgs_v4/srv/detail/modbus_create__builder.hpp
-- Installing: /home/user/dobot_ws/install/dobot_msgs_v4/include/dobot_msgs_v4/dobot_msgs_v4/srv/detail/di__traits.hpp
-- Installing: /home/user/dobot_ws/install/dobot_msgs_v4/include/dobot_msgs_v4/dobot_msgs_v4/srv/detail/modbus_close__builder.hpp
-- Installing: /home/user/dobot_ws/install/dobot_msgs_v4/include/dobot_msgs_v4/dobot_msgs_v4/srv/detail/stop_move_jog__builder.hpp
-- Installing: /home/user/dobot_ws/install/dobot_msgs_v4/include/dobot_msgs_v4/dobot_msgs_v4/srv/detail/do_group__type_support.hpp
-- Installing: /home/user/dobot_ws/install/dobot_msgs_v4/include/dobot_msgs_v4/dobot_msgs_v4/srv/detail/set_post_collision_mode__struct.hpp
-- Installing: /home/user/dobot_ws/install/dobot_msgs_v4/include/dobot_msgs_v4/dobot_msgs_v4/srv/detail/rel_mov_l_user__type_support.hpp
-- Installing: /home/user/dobot_ws/install/dobot_msgs_v4/include/dobot_msgs_v4/dobot_msgs_v4/srv/detail/get_current_command_id__traits.hpp
-- Installing: /home/user/dobot_ws/install/dobot_msgs_v4/include/dobot_msgs_v4/dobot_msgs_v4/srv/detail/acc_j__struct.hpp
-- Installing: /home/user/dobot_ws/install/dobot_msgs_v4/include/dobot_msgs_v4/dobot_msgs_v4/srv/detail/fc_collision_switch__traits.hpp
-- Installing: /home/user/dobot_ws/install/dobot_msgs_v4/include/dobot_msgs_v4/dobot_msgs_v4/srv/detail/di_group__traits.hpp
-- Installing: /home/user/dobot_ws/install/dobot_msgs_v4/include/dobot_msgs_v4/dobot_msgs_v4/srv/detail/mov_j__builder.hpp
-- Installing: /home/user/dobot_ws/install/dobot_msgs_v4/include/dobot_msgs_v4/dobot_msgs_v4/srv/detail/set_safe_wall_enable__type_support.hpp
-- Installing: /home/user/dobot_ws/install/dobot_msgs_v4/include/dobot_msgs_v4/dobot_msgs_v4/srv/detail/tool_di__builder.hpp
-- Installing: /home/user/dobot_ws/install/dobot_msgs_v4/include/dobot_msgs_v4/dobot_msgs_v4/srv/detail/emergency_stop__struct.hpp
-- Installing: /home/user/dobot_ws/install/dobot_msgs_v4/include/dobot_msgs_v4/dobot_msgs_v4/srv/detail/modbus_create__traits.hpp
-- Installing: /home/user/dobot_ws/install/dobot_msgs_v4/include/dobot_msgs_v4/dobot_msgs_v4/srv/detail/rel_mov_l_tool__traits.hpp
-- Installing: /home/user/dobot_ws/install/dobot_msgs_v4/include/dobot_msgs_v4/dobot_msgs_v4/srv/detail/positive_kin__type_support.hpp
-- Installing: /home/user/dobot_ws/install/dobot_msgs_v4/include/dobot_msgs_v4/dobot_msgs_v4/srv/detail/fc_force_mode__builder.hpp
-- Installing: /home/user/dobot_ws/install/dobot_msgs_v4/include/dobot_msgs_v4/dobot_msgs_v4/srv/detail/get_do_group_dec__builder.hpp
-- Installing: /home/user/dobot_ws/install/dobot_msgs_v4/include/dobot_msgs_v4/dobot_msgs_v4/srv/detail/get_input_bool__struct.hpp
-- Installing: /home/user/dobot_ws/install/dobot_msgs_v4/include/dobot_msgs_v4/dobot_msgs_v4/srv/detail/get_tool_do__type_support.hpp
-- Installing: /home/user/dobot_ws/install/dobot_msgs_v4/include/dobot_msgs_v4/dobot_msgs_v4/srv/detail/start_path__builder.hpp
-- Installing: /home/user/dobot_ws/install/dobot_msgs_v4/include/dobot_msgs_v4/dobot_msgs_v4/srv/detail/start_rt_offset__traits.hpp
-- Installing: /home/user/dobot_ws/install/dobot_msgs_v4/include/dobot_msgs_v4/dobot_msgs_v4/srv/detail/check_odd_mov_c__builder.hpp
-- Installing: /home/user/dobot_ws/install/dobot_msgs_v4/include/dobot_msgs_v4/dobot_msgs_v4/srv/detail/acc_j__traits.hpp
-- Installing: /home/user/dobot_ws/install/dobot_msgs_v4/include/dobot_msgs_v4/dobot_msgs_v4/srv/detail/circle__struct.hpp
-- Installing: /home/user/dobot_ws/install/dobot_msgs_v4/include/dobot_msgs_v4/dobot_msgs_v4/srv/detail/get_angle__type_support.hpp
-- Installing: /home/user/dobot_ws/install/dobot_msgs_v4/include/dobot_msgs_v4/dobot_msgs_v4/srv/detail/clear_error__type_support.hpp
-- Installing: /home/user/dobot_ws/install/dobot_msgs_v4/include/dobot_msgs_v4/dobot_msgs_v4/srv/detail/inverse_solution__traits.hpp
-- Installing: /home/user/dobot_ws/install/dobot_msgs_v4/include/dobot_msgs_v4/dobot_msgs_v4/srv/detail/robot_mode__type_support.hpp
-- Installing: /home/user/dobot_ws/install/dobot_msgs_v4/include/dobot_msgs_v4/dobot_msgs_v4/srv/detail/start_drag__builder.hpp
-- Installing: /home/user/dobot_ws/install/dobot_msgs_v4/include/dobot_msgs_v4/dobot_msgs_v4/srv/detail/modbus_close__type_support.hpp
-- Installing: /home/user/dobot_ws/install/dobot_msgs_v4/include/dobot_msgs_v4/dobot_msgs_v4/srv/detail/set_user__traits.hpp
-- Installing: /home/user/dobot_ws/install/dobot_msgs_v4/include/dobot_msgs_v4/dobot_msgs_v4/srv/detail/end_rt_offset__builder.hpp
-- Installing: /home/user/dobot_ws/install/dobot_msgs_v4/include/dobot_msgs_v4/dobot_msgs_v4/srv/detail/emergency_stop__traits.hpp
-- Installing: /home/user/dobot_ws/install/dobot_msgs_v4/include/dobot_msgs_v4/dobot_msgs_v4/srv/detail/six_force_home__struct.hpp
-- Installing: /home/user/dobot_ws/install/dobot_msgs_v4/include/dobot_msgs_v4/dobot_msgs_v4/srv/detail/inverse_solution__struct.hpp
-- Installing: /home/user/dobot_ws/install/dobot_msgs_v4/include/dobot_msgs_v4/dobot_msgs_v4/srv/detail/tool_di__struct.hpp
-- Installing: /home/user/dobot_ws/install/dobot_msgs_v4/include/dobot_msgs_v4/dobot_msgs_v4/srv/detail/user__type_support.hpp
-- Installing: /home/user/dobot_ws/install/dobot_msgs_v4/include/dobot_msgs_v4/dobot_msgs_v4/srv/detail/arc__type_support.hpp
-- Installing: /home/user/dobot_ws/install/dobot_msgs_v4/include/dobot_msgs_v4/dobot_msgs_v4/srv/detail/set_output_float__builder.hpp
-- Installing: /home/user/dobot_ws/install/dobot_msgs_v4/include/dobot_msgs_v4/dobot_msgs_v4/srv/detail/set_fc_collision__builder.hpp
-- Installing: /home/user/dobot_ws/install/dobot_msgs_v4/include/dobot_msgs_v4/dobot_msgs_v4/srv/detail/rel_mov_l_user__builder.hpp
-- Installing: /home/user/dobot_ws/install/dobot_msgs_v4/include/dobot_msgs_v4/dobot_msgs_v4/srv/detail/mov_lio__builder.hpp
-- Installing: /home/user/dobot_ws/install/dobot_msgs_v4/include/dobot_msgs_v4/dobot_msgs_v4/srv/detail/servo_p__builder.hpp
-- Installing: /home/user/dobot_ws/install/dobot_msgs_v4/include/dobot_msgs_v4/dobot_msgs_v4/srv/detail/enable_ft_sensor__type_support.hpp
-- Installing: /home/user/dobot_ws/install/dobot_msgs_v4/include/dobot_msgs_v4/dobot_msgs_v4/srv/detail/user__builder.hpp
-- Installing: /home/user/dobot_ws/install/dobot_msgs_v4/include/dobot_msgs_v4/dobot_msgs_v4/srv/detail/inverse_solution__type_support.hpp
-- Installing: /home/user/dobot_ws/install/dobot_msgs_v4/include/dobot_msgs_v4/dobot_msgs_v4/srv/detail/get_pose__struct.hpp
-- Installing: /home/user/dobot_ws/install/dobot_msgs_v4/include/dobot_msgs_v4/dobot_msgs_v4/srv/detail/check_odd_mov_l__struct.hpp
-- Installing: /home/user/dobot_ws/install/dobot_msgs_v4/include/dobot_msgs_v4/dobot_msgs_v4/srv/detail/get_current_command_id__type_support.hpp
-- Installing: /home/user/dobot_ws/install/dobot_msgs_v4/include/dobot_msgs_v4/dobot_msgs_v4/srv/detail/mov_jio__struct.hpp
-- Installing: /home/user/dobot_ws/install/dobot_msgs_v4/include/dobot_msgs_v4/dobot_msgs_v4/srv/detail/fc_set_damping__traits.hpp
-- Installing: /home/user/dobot_ws/install/dobot_msgs_v4/include/dobot_msgs_v4/dobot_msgs_v4/srv/detail/set_payload__type_support.hpp
-- Installing: /home/user/dobot_ws/install/dobot_msgs_v4/include/dobot_msgs_v4/dobot_msgs_v4/srv/detail/rel_mov_j_user__traits.hpp
-- Installing: /home/user/dobot_ws/install/dobot_msgs_v4/include/dobot_msgs_v4/dobot_msgs_v4/srv/detail/tool_do__struct.hpp
-- Installing: /home/user/dobot_ws/install/dobot_msgs_v4/include/dobot_msgs_v4/dobot_msgs_v4/srv/detail/get_error__type_support.hpp
-- Installing: /home/user/dobot_ws/install/dobot_msgs_v4/include/dobot_msgs_v4/dobot_msgs_v4/srv/detail/get_angle__builder.hpp
-- Installing: /home/user/dobot_ws/install/dobot_msgs_v4/include/dobot_msgs_v4/dobot_msgs_v4/srv/detail/fc_set_damping__builder.hpp
-- Installing: /home/user/dobot_ws/install/dobot_msgs_v4/include/dobot_msgs_v4/dobot_msgs_v4/srv/detail/clear_error__traits.hpp
-- Installing: /home/user/dobot_ws/install/dobot_msgs_v4/include/dobot_msgs_v4/dobot_msgs_v4/srv/detail/ao_instant__type_support.hpp
-- Installing: /home/user/dobot_ws/install/dobot_msgs_v4/include/dobot_msgs_v4/dobot_msgs_v4/srv/detail/fc_set_force_limit__traits.hpp
-- Installing: /home/user/dobot_ws/install/dobot_msgs_v4/include/dobot_msgs_v4/dobot_msgs_v4/srv/detail/get_force__builder.hpp
-- Installing: /home/user/dobot_ws/install/dobot_msgs_v4/include/dobot_msgs_v4/dobot_msgs_v4/srv/detail/emergency_stop__type_support.hpp
-- Installing: /home/user/dobot_ws/install/dobot_msgs_v4/include/dobot_msgs_v4/dobot_msgs_v4/srv/detail/ao__type_support.hpp
-- Installing: /home/user/dobot_ws/install/dobot_msgs_v4/include/dobot_msgs_v4/dobot_msgs_v4/srv/detail/check_odd_mov_l__builder.hpp
-- Installing: /home/user/dobot_ws/install/dobot_msgs_v4/include/dobot_msgs_v4/dobot_msgs_v4/srv/detail/set_work_zone_enable__type_support.hpp
-- Installing: /home/user/dobot_ws/install/dobot_msgs_v4/include/dobot_msgs_v4/dobot_msgs_v4/srv/detail/fc_set_force_limit__builder.hpp
-- Installing: /home/user/dobot_ws/install/dobot_msgs_v4/include/dobot_msgs_v4/dobot_msgs_v4/srv/detail/tool_ai__builder.hpp
-- Installing: /home/user/dobot_ws/install/dobot_msgs_v4/include/dobot_msgs_v4/dobot_msgs_v4/srv/detail/fc_off__type_support.hpp
-- Installing: /home/user/dobot_ws/install/dobot_msgs_v4/include/dobot_msgs_v4/dobot_msgs_v4/srv/detail/do_group_dec__struct.hpp
-- Installing: /home/user/dobot_ws/install/dobot_msgs_v4/include/dobot_msgs_v4/dobot_msgs_v4/srv/detail/run_script__struct.hpp
-- Installing: /home/user/dobot_ws/install/dobot_msgs_v4/include/dobot_msgs_v4/dobot_msgs_v4/srv/detail/speed_factor__type_support.hpp
-- Installing: /home/user/dobot_ws/install/dobot_msgs_v4/include/dobot_msgs_v4/dobot_msgs_v4/srv/detail/enable_ft_sensor__builder.hpp
-- Installing: /home/user/dobot_ws/install/dobot_msgs_v4/include/dobot_msgs_v4/dobot_msgs_v4/srv/detail/get_error_id__struct.hpp
-- Installing: /home/user/dobot_ws/install/dobot_msgs_v4/include/dobot_msgs_v4/dobot_msgs_v4/srv/detail/set_output_float__struct.hpp
-- Installing: /home/user/dobot_ws/install/dobot_msgs_v4/include/dobot_msgs_v4/dobot_msgs_v4/srv/detail/get_input_bool__builder.hpp
-- Installing: /home/user/dobot_ws/install/dobot_msgs_v4/include/dobot_msgs_v4/dobot_msgs_v4/srv/detail/enable_safe_skin__traits.hpp
-- Installing: /home/user/dobot_ws/install/dobot_msgs_v4/include/dobot_msgs_v4/dobot_msgs_v4/srv/detail/servo_j__builder.hpp
-- Installing: /home/user/dobot_ws/install/dobot_msgs_v4/include/dobot_msgs_v4/dobot_msgs_v4/srv/detail/get_tool_do__traits.hpp
-- Installing: /home/user/dobot_ws/install/dobot_msgs_v4/include/dobot_msgs_v4/dobot_msgs_v4/srv/detail/power_on__builder.hpp
-- Installing: /home/user/dobot_ws/install/dobot_msgs_v4/include/dobot_msgs_v4/dobot_msgs_v4/srv/detail/set_tool_power__struct.hpp
-- Installing: /home/user/dobot_ws/install/dobot_msgs_v4/include/dobot_msgs_v4/dobot_msgs_v4/srv/detail/fc_set_deviation__builder.hpp
-- Installing: /home/user/dobot_ws/install/dobot_msgs_v4/include/dobot_msgs_v4/dobot_msgs_v4/srv/detail/fc_collision_switch__builder.hpp
-- Installing: /home/user/dobot_ws/install/dobot_msgs_v4/include/dobot_msgs_v4/dobot_msgs_v4/srv/detail/set_output_bool__traits.hpp
-- Installing: /home/user/dobot_ws/install/dobot_msgs_v4/include/dobot_msgs_v4/dobot_msgs_v4/srv/detail/rel_mov_j_user__type_support.hpp
-- Installing: /home/user/dobot_ws/install/dobot_msgs_v4/include/dobot_msgs_v4/dobot_msgs_v4/srv/detail/stop_drag__traits.hpp
-- Installing: /home/user/dobot_ws/install/dobot_msgs_v4/include/dobot_msgs_v4/dobot_msgs_v4/srv/detail/check_odd_mov_c__struct.hpp
-- Installing: /home/user/dobot_ws/install/dobot_msgs_v4/include/dobot_msgs_v4/dobot_msgs_v4/srv/detail/inverse_kin__type_support.hpp
-- Installing: /home/user/dobot_ws/install/dobot_msgs_v4/include/dobot_msgs_v4/dobot_msgs_v4/srv/detail/rel_joint_mov_j__type_support.hpp
-- Installing: /home/user/dobot_ws/install/dobot_msgs_v4/include/dobot_msgs_v4/dobot_msgs_v4/srv/detail/set_hold_regs__builder.hpp
-- Installing: /home/user/dobot_ws/install/dobot_msgs_v4/include/dobot_msgs_v4/dobot_msgs_v4/srv/detail/user__struct.hpp
-- Installing: /home/user/dobot_ws/install/dobot_msgs_v4/include/dobot_msgs_v4/dobot_msgs_v4/srv/detail/tool_di__traits.hpp
-- Installing: /home/user/dobot_ws/install/dobot_msgs_v4/include/dobot_msgs_v4/dobot_msgs_v4/srv/detail/set_post_collision_mode__builder.hpp
-- Installing: /home/user/dobot_ws/install/dobot_msgs_v4/include/dobot_msgs_v4/dobot_msgs_v4/srv/detail/get_hold_regs__struct.hpp
-- Installing: /home/user/dobot_ws/install/dobot_msgs_v4/include/dobot_msgs_v4/dobot_msgs_v4/srv/detail/tool_do__traits.hpp
-- Installing: /home/user/dobot_ws/install/dobot_msgs_v4/include/dobot_msgs_v4/dobot_msgs_v4/srv/detail/fc_set_mass__struct.hpp
-- Installing: /home/user/dobot_ws/install/dobot_msgs_v4/include/dobot_msgs_v4/dobot_msgs_v4/srv/detail/rel_mov_l_tool__type_support.hpp
-- Installing: /home/user/dobot_ws/install/dobot_msgs_v4/include/dobot_msgs_v4/dobot_msgs_v4/srv/detail/get_start_pose__struct.hpp
-- Installing: /home/user/dobot_ws/install/dobot_msgs_v4/include/dobot_msgs_v4/dobot_msgs_v4/srv/detail/calc_tool__traits.hpp
-- Installing: /home/user/dobot_ws/install/dobot_msgs_v4/include/dobot_msgs_v4/dobot_msgs_v4/srv/detail/set_collision_level__struct.hpp
-- Installing: /home/user/dobot_ws/install/dobot_msgs_v4/include/dobot_msgs_v4/dobot_msgs_v4/srv/detail/ao_instant__builder.hpp
-- Installing: /home/user/dobot_ws/install/dobot_msgs_v4/include/dobot_msgs_v4/dobot_msgs_v4/srv/detail/fc_set_deviation__struct.hpp
-- Installing: /home/user/dobot_ws/install/dobot_msgs_v4/include/dobot_msgs_v4/dobot_msgs_v4/srv/detail/calc_user__struct.hpp
-- Installing: /home/user/dobot_ws/install/dobot_msgs_v4/include/dobot_msgs_v4/dobot_msgs_v4/srv/detail/acc_l__struct.hpp
-- Installing: /home/user/dobot_ws/install/dobot_msgs_v4/include/dobot_msgs_v4/dobot_msgs_v4/srv/detail/enable_robot__type_support.hpp
-- Installing: /home/user/dobot_ws/install/dobot_msgs_v4/include/dobot_msgs_v4/dobot_msgs_v4/srv/detail/get_do_group_dec__traits.hpp
-- Installing: /home/user/dobot_ws/install/dobot_msgs_v4/include/dobot_msgs_v4/dobot_msgs_v4/srv/detail/start_path__traits.hpp
-- Installing: /home/user/dobot_ws/install/dobot_msgs_v4/include/dobot_msgs_v4/dobot_msgs_v4/srv/detail/tool_di__type_support.hpp
-- Installing: /home/user/dobot_ws/install/dobot_msgs_v4/include/dobot_msgs_v4/dobot_msgs_v4/srv/detail/set_user__type_support.hpp
-- Installing: /home/user/dobot_ws/install/dobot_msgs_v4/include/dobot_msgs_v4/dobot_msgs_v4/srv/detail/check_odd_mov_j__traits.hpp
-- Installing: /home/user/dobot_ws/install/dobot_msgs_v4/include/dobot_msgs_v4/dobot_msgs_v4/srv/detail/rel_joint_mov_j__struct.hpp
-- Installing: /home/user/dobot_ws/install/dobot_msgs_v4/include/dobot_msgs_v4/dobot_msgs_v4/srv/detail/fc_set_force_speed_limit__traits.hpp
-- Installing: /home/user/dobot_ws/install/dobot_msgs_v4/include/dobot_msgs_v4/dobot_msgs_v4/srv/detail/set_collision_level__traits.hpp
-- Installing: /home/user/dobot_ws/install/dobot_msgs_v4/include/dobot_msgs_v4/dobot_msgs_v4/srv/detail/run_script__type_support.hpp
-- Installing: /home/user/dobot_ws/install/dobot_msgs_v4/include/dobot_msgs_v4/dobot_msgs_v4/srv/detail/get_coils__type_support.hpp
-- Installing: /home/user/dobot_ws/install/dobot_msgs_v4/include/dobot_msgs_v4/dobot_msgs_v4/srv/detail/stop_move_jog__type_support.hpp
-- Installing: /home/user/dobot_ws/install/dobot_msgs_v4/include/dobot_msgs_v4/dobot_msgs_v4/srv/detail/set_tool485__type_support.hpp
-- Installing: /home/user/dobot_ws/install/dobot_msgs_v4/include/dobot_msgs_v4/dobot_msgs_v4/srv/detail/get_do_group__builder.hpp
-- Installing: /home/user/dobot_ws/install/dobot_msgs_v4/include/dobot_msgs_v4/dobot_msgs_v4/srv/detail/power_on__struct.hpp
-- Installing: /home/user/dobot_ws/install/dobot_msgs_v4/include/dobot_msgs_v4/dobot_msgs_v4/srv/detail/disable_robot__builder.hpp
-- Installing: /home/user/dobot_ws/install/dobot_msgs_v4/include/dobot_msgs_v4/dobot_msgs_v4/srv/detail/fc_set_force_limit__struct.hpp
-- Installing: /home/user/dobot_ws/install/dobot_msgs_v4/include/dobot_msgs_v4/dobot_msgs_v4/srv/detail/set_safe_skin__builder.hpp
-- Installing: /home/user/dobot_ws/install/dobot_msgs_v4/include/dobot_msgs_v4/dobot_msgs_v4/srv/detail/run_to__struct.hpp
-- Installing: /home/user/dobot_ws/install/dobot_msgs_v4/include/dobot_msgs_v4/dobot_msgs_v4/srv/detail/start_drag__struct.hpp
-- Installing: /home/user/dobot_ws/install/dobot_msgs_v4/include/dobot_msgs_v4/dobot_msgs_v4/srv/detail/modbus_rtu_create__traits.hpp
-- Installing: /home/user/dobot_ws/install/dobot_msgs_v4/include/dobot_msgs_v4/dobot_msgs_v4/srv/detail/do_group_dec__builder.hpp
-- Installing: /home/user/dobot_ws/install/dobot_msgs_v4/include/dobot_msgs_v4/dobot_msgs_v4/srv/detail/fc_set_force_speed_limit__builder.hpp
-- Installing: /home/user/dobot_ws/install/dobot_msgs_v4/include/dobot_msgs_v4/dobot_msgs_v4/srv/detail/positive_kin__builder.hpp
-- Installing: /home/user/dobot_ws/install/dobot_msgs_v4/include/dobot_msgs_v4/dobot_msgs_v4/srv/detail/do_group__traits.hpp
-- Installing: /home/user/dobot_ws/install/dobot_msgs_v4/include/dobot_msgs_v4/dobot_msgs_v4/srv/detail/get_output_bool__struct.hpp
-- Installing: /home/user/dobot_ws/install/dobot_msgs_v4/include/dobot_msgs_v4/dobot_msgs_v4/srv/detail/check_odd_mov_j__type_support.hpp
-- Installing: /home/user/dobot_ws/install/dobot_msgs_v4/include/dobot_msgs_v4/dobot_msgs_v4/srv/detail/mov_l__traits.hpp
-- Installing: /home/user/dobot_ws/install/dobot_msgs_v4/include/dobot_msgs_v4/dobot_msgs_v4/srv/detail/brake_control__traits.hpp
-- Installing: /home/user/dobot_ws/install/dobot_msgs_v4/include/dobot_msgs_v4/dobot_msgs_v4/srv/detail/rel_mov_j_tool__struct.hpp
-- Installing: /home/user/dobot_ws/install/dobot_msgs_v4/include/dobot_msgs_v4/dobot_msgs_v4/srv/detail/calc_user__traits.hpp
-- Installing: /home/user/dobot_ws/install/dobot_msgs_v4/include/dobot_msgs_v4/dobot_msgs_v4/srv/detail/fc_set_stiffness__builder.hpp
-- Installing: /home/user/dobot_ws/install/dobot_msgs_v4/include/dobot_msgs_v4/dobot_msgs_v4/srv/detail/di_group_dec__struct.hpp
-- Installing: /home/user/dobot_ws/install/dobot_msgs_v4/include/dobot_msgs_v4/dobot_msgs_v4/srv/detail/fc_off__traits.hpp
-- Installing: /home/user/dobot_ws/install/dobot_msgs_v4/include/dobot_msgs_v4/dobot_msgs_v4/srv/detail/calc_user__builder.hpp
-- Installing: /home/user/dobot_ws/install/dobot_msgs_v4/include/dobot_msgs_v4/dobot_msgs_v4/srv/detail/get_error_id__traits.hpp
-- Installing: /home/user/dobot_ws/install/dobot_msgs_v4/include/dobot_msgs_v4/dobot_msgs_v4/srv/detail/ai__builder.hpp
-- Installing: /home/user/dobot_ws/install/dobot_msgs_v4/include/dobot_msgs_v4/dobot_msgs_v4/srv/detail/set_tool__type_support.hpp
-- Installing: /home/user/dobot_ws/install/dobot_msgs_v4/include/dobot_msgs_v4/dobot_msgs_v4/srv/detail/fc_set_stiffness__traits.hpp
-- Installing: /home/user/dobot_ws/install/dobot_msgs_v4/include/dobot_msgs_v4/dobot_msgs_v4/srv/detail/mov_jio__builder.hpp
-- Installing: /home/user/dobot_ws/install/dobot_msgs_v4/include/dobot_msgs_v4/dobot_msgs_v4/srv/detail/get_output_bool__builder.hpp
-- Installing: /home/user/dobot_ws/install/dobot_msgs_v4/include/dobot_msgs_v4/dobot_msgs_v4/srv/detail/request_control__traits.hpp
-- Installing: /home/user/dobot_ws/install/dobot_msgs_v4/include/dobot_msgs_v4/dobot_msgs_v4/srv/detail/ao_instant__struct.hpp
-- Installing: /home/user/dobot_ws/install/dobot_msgs_v4/include/dobot_msgs_v4/dobot_msgs_v4/srv/detail/get_coils__traits.hpp
-- Installing: /home/user/dobot_ws/install/dobot_msgs_v4/include/dobot_msgs_v4/dobot_msgs_v4/srv/detail/tool__traits.hpp
-- Installing: /home/user/dobot_ws/install/dobot_msgs_v4/include/dobot_msgs_v4/dobot_msgs_v4/srv/detail/vel_j__traits.hpp
-- Installing: /home/user/dobot_ws/install/dobot_msgs_v4/include/dobot_msgs_v4/dobot_msgs_v4/srv/detail/check_odd_mov_c__traits.hpp
-- Installing: /home/user/dobot_ws/install/dobot_msgs_v4/include/dobot_msgs_v4/dobot_msgs_v4/srv/detail/modbus_create__struct.hpp
-- Installing: /home/user/dobot_ws/install/dobot_msgs_v4/include/dobot_msgs_v4/dobot_msgs_v4/srv/detail/enable_ft_sensor__struct.hpp
-- Installing: /home/user/dobot_ws/install/dobot_msgs_v4/include/dobot_msgs_v4/dobot_msgs_v4/srv/detail/acc_j__type_support.hpp
-- Installing: /home/user/dobot_ws/install/dobot_msgs_v4/include/dobot_msgs_v4/dobot_msgs_v4/srv/detail/set_work_zone_enable__builder.hpp
-- Installing: /home/user/dobot_ws/install/dobot_msgs_v4/include/dobot_msgs_v4/dobot_msgs_v4/srv/detail/positive_kin__struct.hpp
-- Installing: /home/user/dobot_ws/install/dobot_msgs_v4/include/dobot_msgs_v4/dobot_msgs_v4/srv/detail/fc_set_deviation__type_support.hpp
-- Installing: /home/user/dobot_ws/install/dobot_msgs_v4/include/dobot_msgs_v4/dobot_msgs_v4/srv/detail/set_output_float__traits.hpp
-- Installing: /home/user/dobot_ws/install/dobot_msgs_v4/include/dobot_msgs_v4/dobot_msgs_v4/srv/detail/get_in_regs__traits.hpp
-- Installing: /home/user/dobot_ws/install/dobot_msgs_v4/include/dobot_msgs_v4/dobot_msgs_v4/srv/detail/mov_j__struct.hpp
-- Installing: /home/user/dobot_ws/install/dobot_msgs_v4/include/dobot_msgs_v4/dobot_msgs_v4/srv/detail/set_tool_mode__type_support.hpp
-- Installing: /home/user/dobot_ws/install/dobot_msgs_v4/include/dobot_msgs_v4/dobot_msgs_v4/srv/detail/fc_set_force_limit__type_support.hpp
-- Installing: /home/user/dobot_ws/install/dobot_msgs_v4/include/dobot_msgs_v4/dobot_msgs_v4/srv/detail/get_start_pose__traits.hpp
-- Installing: /home/user/dobot_ws/install/dobot_msgs_v4/include/dobot_msgs_v4/dobot_msgs_v4/srv/detail/arc__traits.hpp
-- Installing: /home/user/dobot_ws/install/dobot_msgs_v4/include/dobot_msgs_v4/dobot_msgs_v4/srv/detail/force_drive_speed__traits.hpp
-- Installing: /home/user/dobot_ws/install/dobot_msgs_v4/include/dobot_msgs_v4/dobot_msgs_v4/srv/detail/drag_sensivity__builder.hpp
-- Installing: /home/user/dobot_ws/install/dobot_msgs_v4/include/dobot_msgs_v4/dobot_msgs_v4/srv/detail/stop__builder.hpp
-- Installing: /home/user/dobot_ws/install/dobot_msgs_v4/include/dobot_msgs_v4/dobot_msgs_v4/srv/detail/get_angle__traits.hpp
-- Installing: /home/user/dobot_ws/install/dobot_msgs_v4/include/dobot_msgs_v4/dobot_msgs_v4/srv/detail/get_input_bool__traits.hpp
-- Installing: /home/user/dobot_ws/install/dobot_msgs_v4/include/dobot_msgs_v4/dobot_msgs_v4/srv/detail/force_drive_speed__builder.hpp
-- Installing: /home/user/dobot_ws/install/dobot_msgs_v4/include/dobot_msgs_v4/dobot_msgs_v4/srv/detail/stop__struct.hpp
-- Installing: /home/user/dobot_ws/install/dobot_msgs_v4/include/dobot_msgs_v4/dobot_msgs_v4/srv/detail/force_drive_mode__type_support.hpp
-- Installing: /home/user/dobot_ws/install/dobot_msgs_v4/include/dobot_msgs_v4/dobot_msgs_v4/srv/detail/request_control__type_support.hpp
-- Installing: /home/user/dobot_ws/install/dobot_msgs_v4/include/dobot_msgs_v4/dobot_msgs_v4/srv/detail/enable_safe_skin__struct.hpp
-- Installing: /home/user/dobot_ws/install/dobot_msgs_v4/include/dobot_msgs_v4/dobot_msgs_v4/srv/detail/get_output_float__struct.hpp
-- Installing: /home/user/dobot_ws/install/dobot_msgs_v4/include/dobot_msgs_v4/dobot_msgs_v4/srv/detail/check_odd_mov_l__traits.hpp
-- Installing: /home/user/dobot_ws/install/dobot_msgs_v4/include/dobot_msgs_v4/dobot_msgs_v4/srv/detail/fc_set_force_speed_limit__struct.hpp
-- Installing: /home/user/dobot_ws/install/dobot_msgs_v4/include/dobot_msgs_v4/dobot_msgs_v4/srv/detail/get_in_bits__struct.hpp
-- Installing: /home/user/dobot_ws/install/dobot_msgs_v4/include/dobot_msgs_v4/dobot_msgs_v4/srv/detail/rel_joint_mov_j__builder.hpp
-- Installing: /home/user/dobot_ws/install/dobot_msgs_v4/include/dobot_msgs_v4/dobot_msgs_v4/srv/detail/do__type_support.hpp
-- Installing: /home/user/dobot_ws/install/dobot_msgs_v4/include/dobot_msgs_v4/dobot_msgs_v4/srv/detail/mov_lio__type_support.hpp
-- Installing: /home/user/dobot_ws/install/dobot_msgs_v4/include/dobot_msgs_v4/dobot_msgs_v4/srv/detail/start_rt_offset__builder.hpp
-- Installing: /home/user/dobot_ws/install/dobot_msgs_v4/include/dobot_msgs_v4/dobot_msgs_v4/srv/detail/enable_safe_skin__builder.hpp
-- Installing: /home/user/dobot_ws/install/dobot_msgs_v4/include/dobot_msgs_v4/dobot_msgs_v4/srv/detail/set_tool485__builder.hpp
-- Installing: /home/user/dobot_ws/install/dobot_msgs_v4/include/dobot_msgs_v4/dobot_msgs_v4/srv/detail/vel_l__struct.hpp
-- Installing: /home/user/dobot_ws/install/dobot_msgs_v4/include/dobot_msgs_v4/dobot_msgs_v4/srv/detail/pause__traits.hpp
-- Installing: /home/user/dobot_ws/install/dobot_msgs_v4/include/dobot_msgs_v4/dobot_msgs_v4/srv/detail/rel_mov_j_user__builder.hpp
-- Installing: /home/user/dobot_ws/install/dobot_msgs_v4/include/dobot_msgs_v4/dobot_msgs_v4/srv/detail/speed_factor__traits.hpp
-- Installing: /home/user/dobot_ws/install/dobot_msgs_v4/include/dobot_msgs_v4/dobot_msgs_v4/srv/detail/pause__struct.hpp
-- Installing: /home/user/dobot_ws/install/dobot_msgs_v4/include/dobot_msgs_v4/dobot_msgs_v4/srv/detail/get_error__struct.hpp
-- Installing: /home/user/dobot_ws/install/dobot_msgs_v4/include/dobot_msgs_v4/dobot_msgs_v4/srv/detail/brake_control__builder.hpp
-- Installing: /home/user/dobot_ws/install/dobot_msgs_v4/include/dobot_msgs_v4/dobot_msgs_v4/srv/detail/get_input_int__builder.hpp
-- Installing: /home/user/dobot_ws/install/dobot_msgs_v4/include/dobot_msgs_v4/dobot_msgs_v4/srv/detail/servo_j__type_support.hpp
-- Installing: /home/user/dobot_ws/install/dobot_msgs_v4/include/dobot_msgs_v4/dobot_msgs_v4/srv/detail/stop_move_jog__traits.hpp
-- Installing: /home/user/dobot_ws/install/dobot_msgs_v4/include/dobot_msgs_v4/dobot_msgs_v4/srv/detail/fc_set_mass__traits.hpp
-- Installing: /home/user/dobot_ws/install/dobot_msgs_v4/include/dobot_msgs_v4/dobot_msgs_v4/srv/detail/di_group_dec__builder.hpp
-- Installing: /home/user/dobot_ws/install/dobot_msgs_v4/include/dobot_msgs_v4/dobot_msgs_v4/srv/detail/inverse_kin__traits.hpp
-- Installing: /home/user/dobot_ws/install/dobot_msgs_v4/include/dobot_msgs_v4/dobot_msgs_v4/srv/detail/di_group_dec__traits.hpp
-- Installing: /home/user/dobot_ws/install/dobot_msgs_v4/include/dobot_msgs_v4/dobot_msgs_v4/srv/detail/get_force__traits.hpp
-- Installing: /home/user/dobot_ws/install/dobot_msgs_v4/include/dobot_msgs_v4/dobot_msgs_v4/srv/detail/stop_move_jog__struct.hpp
-- Installing: /home/user/dobot_ws/install/dobot_msgs_v4/include/dobot_msgs_v4/dobot_msgs_v4/srv/detail/acc_j__builder.hpp
-- Installing: /home/user/dobot_ws/install/dobot_msgs_v4/include/dobot_msgs_v4/dobot_msgs_v4/srv/detail/force_drive_mode__builder.hpp
-- Installing: /home/user/dobot_ws/install/dobot_msgs_v4/include/dobot_msgs_v4/dobot_msgs_v4/srv/detail/rel_mov_l_tool__struct.hpp
-- Installing: /home/user/dobot_ws/install/dobot_msgs_v4/include/dobot_msgs_v4/dobot_msgs_v4/srv/detail/robot_mode__traits.hpp
-- Installing: /home/user/dobot_ws/install/dobot_msgs_v4/include/dobot_msgs_v4/dobot_msgs_v4/srv/detail/set_fc_collision__type_support.hpp
-- Installing: /home/user/dobot_ws/install/dobot_msgs_v4/include/dobot_msgs_v4/dobot_msgs_v4/srv/detail/ao__builder.hpp
-- Installing: /home/user/dobot_ws/install/dobot_msgs_v4/include/dobot_msgs_v4/dobot_msgs_v4/srv/detail/fc_force_mode__type_support.hpp
-- Installing: /home/user/dobot_ws/install/dobot_msgs_v4/include/dobot_msgs_v4/dobot_msgs_v4/srv/detail/do__traits.hpp
-- Installing: /home/user/dobot_ws/install/dobot_msgs_v4/include/dobot_msgs_v4/dobot_msgs_v4/srv/detail/set_back_distance__builder.hpp
-- Installing: /home/user/dobot_ws/install/dobot_msgs_v4/include/dobot_msgs_v4/dobot_msgs_v4/srv/detail/get_do_group__traits.hpp
-- Installing: /home/user/dobot_ws/install/dobot_msgs_v4/include/dobot_msgs_v4/dobot_msgs_v4/srv/detail/run_to__type_support.hpp
-- Installing: /home/user/dobot_ws/install/dobot_msgs_v4/include/dobot_msgs_v4/dobot_msgs_v4/srv/detail/get_hold_regs__traits.hpp
-- Installing: /home/user/dobot_ws/install/dobot_msgs_v4/include/dobot_msgs_v4/dobot_msgs_v4/srv/detail/set_work_zone_enable__struct.hpp
-- Installing: /home/user/dobot_ws/install/dobot_msgs_v4/include/dobot_msgs_v4/dobot_msgs_v4/srv/detail/reset_robot__builder.hpp
-- Installing: /home/user/dobot_ws/install/dobot_msgs_v4/include/dobot_msgs_v4/dobot_msgs_v4/srv/detail/ao_instant__traits.hpp
-- Installing: /home/user/dobot_ws/install/dobot_msgs_v4/include/dobot_msgs_v4/dobot_msgs_v4/srv/detail/get_input_float__struct.hpp
-- Installing: /home/user/dobot_ws/install/dobot_msgs_v4/include/dobot_msgs_v4/dobot_msgs_v4/srv/detail/di_group__builder.hpp
-- Installing: /home/user/dobot_ws/install/dobot_msgs_v4/include/dobot_msgs_v4/dobot_msgs_v4/srv/detail/fc_set_stiffness__struct.hpp
-- Installing: /home/user/dobot_ws/install/dobot_msgs_v4/include/dobot_msgs_v4/dobot_msgs_v4/srv/detail/rel_mov_j_tool__traits.hpp
-- Installing: /home/user/dobot_ws/install/dobot_msgs_v4/include/dobot_msgs_v4/dobot_msgs_v4/srv/detail/get_output_int__type_support.hpp
-- Installing: /home/user/dobot_ws/install/dobot_msgs_v4/include/dobot_msgs_v4/dobot_msgs_v4/srv/detail/six_force_home__builder.hpp
-- Installing: /home/user/dobot_ws/install/dobot_msgs_v4/include/dobot_msgs_v4/dobot_msgs_v4/srv/detail/set_hold_regs__traits.hpp
-- Installing: /home/user/dobot_ws/install/dobot_msgs_v4/include/dobot_msgs_v4/dobot_msgs_v4/srv/detail/disable_robot__type_support.hpp
-- Installing: /home/user/dobot_ws/install/dobot_msgs_v4/include/dobot_msgs_v4/dobot_msgs_v4/srv/detail/stop__type_support.hpp
-- Installing: /home/user/dobot_ws/install/dobot_msgs_v4/include/dobot_msgs_v4/dobot_msgs_v4/srv/detail/get_start_pose__type_support.hpp
-- Installing: /home/user/dobot_ws/install/dobot_msgs_v4/include/dobot_msgs_v4/dobot_msgs_v4/srv/detail/fc_set_mass__builder.hpp
-- Installing: /home/user/dobot_ws/install/dobot_msgs_v4/include/dobot_msgs_v4/dobot_msgs_v4/srv/detail/get_do__builder.hpp
-- Installing: /home/user/dobot_ws/install/dobot_msgs_v4/include/dobot_msgs_v4/dobot_msgs_v4/srv/detail/get_ao__struct.hpp
-- Installing: /home/user/dobot_ws/install/dobot_msgs_v4/include/dobot_msgs_v4/dobot_msgs_v4/srv/detail/get_output_float__builder.hpp
-- Installing: /home/user/dobot_ws/install/dobot_msgs_v4/include/dobot_msgs_v4/dobot_msgs_v4/srv/detail/set_work_zone_enable__traits.hpp
-- Installing: /home/user/dobot_ws/install/dobot_msgs_v4/include/dobot_msgs_v4/dobot_msgs_v4/srv/detail/tool_do_instant__builder.hpp
-- Installing: /home/user/dobot_ws/install/dobot_msgs_v4/include/dobot_msgs_v4/dobot_msgs_v4/srv/detail/set_payload__builder.hpp
-- Installing: /home/user/dobot_ws/install/dobot_msgs_v4/include/dobot_msgs_v4/dobot_msgs_v4/srv/detail/do_group_dec__type_support.hpp
-- Installing: /home/user/dobot_ws/install/dobot_msgs_v4/include/dobot_msgs_v4/dobot_msgs_v4/srv/detail/ai__struct.hpp
-- Installing: /home/user/dobot_ws/install/dobot_msgs_v4/include/dobot_msgs_v4/dobot_msgs_v4/srv/detail/tool_do_instant__traits.hpp
-- Installing: /home/user/dobot_ws/install/dobot_msgs_v4/include/dobot_msgs_v4/dobot_msgs_v4/srv/detail/mov_jio__traits.hpp
-- Installing: /home/user/dobot_ws/install/dobot_msgs_v4/include/dobot_msgs_v4/dobot_msgs_v4/srv/detail/fc_set_force__traits.hpp
-- Installing: /home/user/dobot_ws/install/dobot_msgs_v4/include/dobot_msgs_v4/dobot_msgs_v4/srv/detail/set_tool_power__traits.hpp
-- Installing: /home/user/dobot_ws/install/dobot_msgs_v4/include/dobot_msgs_v4/dobot_msgs_v4/srv/detail/di_group_dec__type_support.hpp
-- Installing: /home/user/dobot_ws/install/dobot_msgs_v4/include/dobot_msgs_v4/dobot_msgs_v4/srv/detail/end_rt_offset__struct.hpp
-- Installing: /home/user/dobot_ws/install/dobot_msgs_v4/include/dobot_msgs_v4/dobot_msgs_v4/srv/detail/enable_robot__struct.hpp
-- Installing: /home/user/dobot_ws/install/dobot_msgs_v4/include/dobot_msgs_v4/dobot_msgs_v4/srv/detail/mov_lio__struct.hpp
-- Installing: /home/user/dobot_ws/install/dobot_msgs_v4/include/dobot_msgs_v4/dobot_msgs_v4/srv/detail/do_instant__type_support.hpp
-- Installing: /home/user/dobot_ws/install/dobot_msgs_v4/include/dobot_msgs_v4/dobot_msgs_v4/srv/detail/get_input_bool__type_support.hpp
-- Installing: /home/user/dobot_ws/install/dobot_msgs_v4/include/dobot_msgs_v4/dobot_msgs_v4/srv/detail/rel_mov_l_user__struct.hpp
-- Installing: /home/user/dobot_ws/install/dobot_msgs_v4/include/dobot_msgs_v4/dobot_msgs_v4/srv/detail/set_collision_level__type_support.hpp
-- Installing: /home/user/dobot_ws/install/dobot_msgs_v4/include/dobot_msgs_v4/dobot_msgs_v4/srv/detail/servo_p__type_support.hpp
-- Installing: /home/user/dobot_ws/install/dobot_msgs_v4/include/dobot_msgs_v4/dobot_msgs_v4/srv/run_script.hpp
-- Installing: /home/user/dobot_ws/install/dobot_msgs_v4/include/dobot_msgs_v4/dobot_msgs_v4/srv/di_group.hpp
-- Installing: /home/user/dobot_ws/install/dobot_msgs_v4/include/dobot_msgs_v4/dobot_msgs_v4/srv/get_output_bool.hpp
-- Installing: /home/user/dobot_ws/install/dobot_msgs_v4/include/dobot_msgs_v4/dobot_msgs_v4/srv/fc_set_mass.hpp
-- Installing: /home/user/dobot_ws/install/dobot_msgs_v4/include/dobot_msgs_v4/dobot_msgs_v4/srv/fc_collision_switch.hpp
-- Installing: /home/user/dobot_ws/install/dobot_msgs_v4/include/dobot_msgs_v4/dobot_msgs_v4/srv/set_work_zone_enable.hpp
-- Installing: /home/user/dobot_ws/install/dobot_msgs_v4/include/dobot_msgs_v4/dobot_msgs_v4/srv/set_hold_regs.hpp
-- Installing: /home/user/dobot_ws/install/dobot_msgs_v4/include/dobot_msgs_v4/dobot_msgs_v4/srv/check_odd_mov_l.hpp
-- Installing: /home/user/dobot_ws/install/dobot_msgs_v4/include/dobot_msgs_v4/dobot_msgs_v4/srv/power_on.hpp
-- Installing: /home/user/dobot_ws/install/dobot_msgs_v4/include/dobot_msgs_v4/dobot_msgs_v4/srv/positive_kin.hpp
-- Installing: /home/user/dobot_ws/install/dobot_msgs_v4/include/dobot_msgs_v4/dobot_msgs_v4/srv/vel_l.hpp
-- Installing: /home/user/dobot_ws/install/dobot_msgs_v4/include/dobot_msgs_v4/dobot_msgs_v4/srv/get_input_int.hpp
-- Up-to-date: /home/user/dobot_ws/install/dobot_msgs_v4/include/dobot_msgs_v4/dobot_msgs_v4
-- Up-to-date: /home/user/dobot_ws/install/dobot_msgs_v4/include/dobot_msgs_v4/dobot_msgs_v4/msg
-- Up-to-date: /home/user/dobot_ws/install/dobot_msgs_v4/include/dobot_msgs_v4/dobot_msgs_v4/msg/detail
-- Installing: /home/user/dobot_ws/install/dobot_msgs_v4/include/dobot_msgs_v4/dobot_msgs_v4/msg/detail/robot_status__rosidl_typesupport_fastrtps_cpp.hpp
-- Installing: /home/user/dobot_ws/install/dobot_msgs_v4/include/dobot_msgs_v4/dobot_msgs_v4/msg/detail/tool_vector_actual__rosidl_typesupport_fastrtps_cpp.hpp
-- Installing: /home/user/dobot_ws/install/dobot_msgs_v4/include/dobot_msgs_v4/dobot_msgs_v4/msg/detail/dds_fastrtps
-- Installing: /home/user/dobot_ws/install/dobot_msgs_v4/include/dobot_msgs_v4/dobot_msgs_v4/msg/rosidl_typesupport_fastrtps_cpp__visibility_control.h
-- Up-to-date: /home/user/dobot_ws/install/dobot_msgs_v4/include/dobot_msgs_v4/dobot_msgs_v4/srv
-- Up-to-date: /home/user/dobot_ws/install/dobot_msgs_v4/include/dobot_msgs_v4/dobot_msgs_v4/srv/detail
-- Installing: /home/user/dobot_ws/install/dobot_msgs_v4/include/dobot_msgs_v4/dobot_msgs_v4/srv/detail/fc_set_force_speed_limit__rosidl_typesupport_fastrtps_cpp.hpp
-- Installing: /home/user/dobot_ws/install/dobot_msgs_v4/include/dobot_msgs_v4/dobot_msgs_v4/srv/detail/stop_move_jog__rosidl_typesupport_fastrtps_cpp.hpp
-- Installing: /home/user/dobot_ws/install/dobot_msgs_v4/include/dobot_msgs_v4/dobot_msgs_v4/srv/detail/fc_off__rosidl_typesupport_fastrtps_cpp.hpp
-- Installing: /home/user/dobot_ws/install/dobot_msgs_v4/include/dobot_msgs_v4/dobot_msgs_v4/srv/detail/set_safe_wall_enable__rosidl_typesupport_fastrtps_cpp.hpp
-- Installing: /home/user/dobot_ws/install/dobot_msgs_v4/include/dobot_msgs_v4/dobot_msgs_v4/srv/detail/power_on__rosidl_typesupport_fastrtps_cpp.hpp
-- Installing: /home/user/dobot_ws/install/dobot_msgs_v4/include/dobot_msgs_v4/dobot_msgs_v4/srv/detail/get_angle__rosidl_typesupport_fastrtps_cpp.hpp
-- Installing: /home/user/dobot_ws/install/dobot_msgs_v4/include/dobot_msgs_v4/dobot_msgs_v4/srv/detail/set_tool_mode__rosidl_typesupport_fastrtps_cpp.hpp
-- Installing: /home/user/dobot_ws/install/dobot_msgs_v4/include/dobot_msgs_v4/dobot_msgs_v4/srv/detail/do_instant__rosidl_typesupport_fastrtps_cpp.hpp
-- Installing: /home/user/dobot_ws/install/dobot_msgs_v4/include/dobot_msgs_v4/dobot_msgs_v4/srv/detail/di_group__rosidl_typesupport_fastrtps_cpp.hpp
-- Installing: /home/user/dobot_ws/install/dobot_msgs_v4/include/dobot_msgs_v4/dobot_msgs_v4/srv/detail/request_control__rosidl_typesupport_fastrtps_cpp.hpp
-- Installing: /home/user/dobot_ws/install/dobot_msgs_v4/include/dobot_msgs_v4/dobot_msgs_v4/srv/detail/rel_mov_j_user__rosidl_typesupport_fastrtps_cpp.hpp
-- Installing: /home/user/dobot_ws/install/dobot_msgs_v4/include/dobot_msgs_v4/dobot_msgs_v4/srv/detail/arc__rosidl_typesupport_fastrtps_cpp.hpp
-- Installing: /home/user/dobot_ws/install/dobot_msgs_v4/include/dobot_msgs_v4/dobot_msgs_v4/srv/detail/fc_collision_switch__rosidl_typesupport_fastrtps_cpp.hpp
-- Installing: /home/user/dobot_ws/install/dobot_msgs_v4/include/dobot_msgs_v4/dobot_msgs_v4/srv/detail/fc_force_mode__rosidl_typesupport_fastrtps_cpp.hpp
-- Installing: /home/user/dobot_ws/install/dobot_msgs_v4/include/dobot_msgs_v4/dobot_msgs_v4/srv/detail/set_coils__rosidl_typesupport_fastrtps_cpp.hpp
-- Installing: /home/user/dobot_ws/install/dobot_msgs_v4/include/dobot_msgs_v4/dobot_msgs_v4/srv/detail/force_drive_speed__rosidl_typesupport_fastrtps_cpp.hpp
-- Installing: /home/user/dobot_ws/install/dobot_msgs_v4/include/dobot_msgs_v4/dobot_msgs_v4/srv/detail/get_output_float__rosidl_typesupport_fastrtps_cpp.hpp
-- Installing: /home/user/dobot_ws/install/dobot_msgs_v4/include/dobot_msgs_v4/dobot_msgs_v4/srv/detail/check_odd_mov_c__rosidl_typesupport_fastrtps_cpp.hpp
-- Installing: /home/user/dobot_ws/install/dobot_msgs_v4/include/dobot_msgs_v4/dobot_msgs_v4/srv/detail/tool_do__rosidl_typesupport_fastrtps_cpp.hpp
-- Installing: /home/user/dobot_ws/install/dobot_msgs_v4/include/dobot_msgs_v4/dobot_msgs_v4/srv/detail/tcp_dashboard__rosidl_typesupport_fastrtps_cpp.hpp
-- Installing: /home/user/dobot_ws/install/dobot_msgs_v4/include/dobot_msgs_v4/dobot_msgs_v4/srv/detail/rel_mov_l_user__rosidl_typesupport_fastrtps_cpp.hpp
-- Installing: /home/user/dobot_ws/install/dobot_msgs_v4/include/dobot_msgs_v4/dobot_msgs_v4/srv/detail/fc_set_force_limit__rosidl_typesupport_fastrtps_cpp.hpp
-- Installing: /home/user/dobot_ws/install/dobot_msgs_v4/include/dobot_msgs_v4/dobot_msgs_v4/srv/detail/stop_drag__rosidl_typesupport_fastrtps_cpp.hpp
-- Installing: /home/user/dobot_ws/install/dobot_msgs_v4/include/dobot_msgs_v4/dobot_msgs_v4/srv/detail/acc_j__rosidl_typesupport_fastrtps_cpp.hpp
-- Installing: /home/user/dobot_ws/install/dobot_msgs_v4/include/dobot_msgs_v4/dobot_msgs_v4/srv/detail/continue__rosidl_typesupport_fastrtps_cpp.hpp
-- Installing: /home/user/dobot_ws/install/dobot_msgs_v4/include/dobot_msgs_v4/dobot_msgs_v4/srv/detail/tool_di__rosidl_typesupport_fastrtps_cpp.hpp
-- Installing: /home/user/dobot_ws/install/dobot_msgs_v4/include/dobot_msgs_v4/dobot_msgs_v4/srv/detail/mov_j__rosidl_typesupport_fastrtps_cpp.hpp
-- Installing: /home/user/dobot_ws/install/dobot_msgs_v4/include/dobot_msgs_v4/dobot_msgs_v4/srv/detail/start_drag__rosidl_typesupport_fastrtps_cpp.hpp
-- Installing: /home/user/dobot_ws/install/dobot_msgs_v4/include/dobot_msgs_v4/dobot_msgs_v4/srv/detail/set_tool485__rosidl_typesupport_fastrtps_cpp.hpp
-- Installing: /home/user/dobot_ws/install/dobot_msgs_v4/include/dobot_msgs_v4/dobot_msgs_v4/srv/detail/reset_robot__rosidl_typesupport_fastrtps_cpp.hpp
-- Installing: /home/user/dobot_ws/install/dobot_msgs_v4/include/dobot_msgs_v4/dobot_msgs_v4/srv/detail/set_payload__rosidl_typesupport_fastrtps_cpp.hpp
-- Installing: /home/user/dobot_ws/install/dobot_msgs_v4/include/dobot_msgs_v4/dobot_msgs_v4/srv/detail/get_do__rosidl_typesupport_fastrtps_cpp.hpp
-- Installing: /home/user/dobot_ws/install/dobot_msgs_v4/include/dobot_msgs_v4/dobot_msgs_v4/srv/detail/end_rt_offset__rosidl_typesupport_fastrtps_cpp.hpp
-- Installing: /home/user/dobot_ws/install/dobot_msgs_v4/include/dobot_msgs_v4/dobot_msgs_v4/srv/detail/acc_l__rosidl_typesupport_fastrtps_cpp.hpp
-- Installing: /home/user/dobot_ws/install/dobot_msgs_v4/include/dobot_msgs_v4/dobot_msgs_v4/srv/detail/get_error__rosidl_typesupport_fastrtps_cpp.hpp
-- Installing: /home/user/dobot_ws/install/dobot_msgs_v4/include/dobot_msgs_v4/dobot_msgs_v4/srv/detail/set_work_zone_enable__rosidl_typesupport_fastrtps_cpp.hpp
-- Installing: /home/user/dobot_ws/install/dobot_msgs_v4/include/dobot_msgs_v4/dobot_msgs_v4/srv/detail/pause__rosidl_typesupport_fastrtps_cpp.hpp
-- Installing: /home/user/dobot_ws/install/dobot_msgs_v4/include/dobot_msgs_v4/dobot_msgs_v4/srv/detail/stop__rosidl_typesupport_fastrtps_cpp.hpp
-- Installing: /home/user/dobot_ws/install/dobot_msgs_v4/include/dobot_msgs_v4/dobot_msgs_v4/srv/detail/fc_set_deviation__rosidl_typesupport_fastrtps_cpp.hpp
-- Installing: /home/user/dobot_ws/install/dobot_msgs_v4/include/dobot_msgs_v4/dobot_msgs_v4/srv/detail/inverse_solution__rosidl_typesupport_fastrtps_cpp.hpp
-- Installing: /home/user/dobot_ws/install/dobot_msgs_v4/include/dobot_msgs_v4/dobot_msgs_v4/srv/detail/fc_set_force__rosidl_typesupport_fastrtps_cpp.hpp
-- Installing: /home/user/dobot_ws/install/dobot_msgs_v4/include/dobot_msgs_v4/dobot_msgs_v4/srv/detail/check_odd_mov_l__rosidl_typesupport_fastrtps_cpp.hpp
-- Installing: /home/user/dobot_ws/install/dobot_msgs_v4/include/dobot_msgs_v4/dobot_msgs_v4/srv/detail/get_output_int__rosidl_typesupport_fastrtps_cpp.hpp
-- Installing: /home/user/dobot_ws/install/dobot_msgs_v4/include/dobot_msgs_v4/dobot_msgs_v4/srv/detail/clear_error__rosidl_typesupport_fastrtps_cpp.hpp
-- Installing: /home/user/dobot_ws/install/dobot_msgs_v4/include/dobot_msgs_v4/dobot_msgs_v4/srv/detail/inverse_kin__rosidl_typesupport_fastrtps_cpp.hpp
-- Installing: /home/user/dobot_ws/install/dobot_msgs_v4/include/dobot_msgs_v4/dobot_msgs_v4/srv/detail/set_collision_level__rosidl_typesupport_fastrtps_cpp.hpp
-- Installing: /home/user/dobot_ws/install/dobot_msgs_v4/include/dobot_msgs_v4/dobot_msgs_v4/srv/detail/brake_control__rosidl_typesupport_fastrtps_cpp.hpp
-- Installing: /home/user/dobot_ws/install/dobot_msgs_v4/include/dobot_msgs_v4/dobot_msgs_v4/srv/detail/rel_mov_l_tool__rosidl_typesupport_fastrtps_cpp.hpp
-- Installing: /home/user/dobot_ws/install/dobot_msgs_v4/include/dobot_msgs_v4/dobot_msgs_v4/srv/detail/fc_set_damping__rosidl_typesupport_fastrtps_cpp.hpp
-- Installing: /home/user/dobot_ws/install/dobot_msgs_v4/include/dobot_msgs_v4/dobot_msgs_v4/srv/detail/circle__rosidl_typesupport_fastrtps_cpp.hpp
-- Installing: /home/user/dobot_ws/install/dobot_msgs_v4/include/dobot_msgs_v4/dobot_msgs_v4/srv/detail/ai__rosidl_typesupport_fastrtps_cpp.hpp
-- Installing: /home/user/dobot_ws/install/dobot_msgs_v4/include/dobot_msgs_v4/dobot_msgs_v4/srv/detail/get_coils__rosidl_typesupport_fastrtps_cpp.hpp
-- Installing: /home/user/dobot_ws/install/dobot_msgs_v4/include/dobot_msgs_v4/dobot_msgs_v4/srv/detail/enable_ft_sensor__rosidl_typesupport_fastrtps_cpp.hpp
-- Installing: /home/user/dobot_ws/install/dobot_msgs_v4/include/dobot_msgs_v4/dobot_msgs_v4/srv/detail/six_force_home__rosidl_typesupport_fastrtps_cpp.hpp
-- Installing: /home/user/dobot_ws/install/dobot_msgs_v4/include/dobot_msgs_v4/dobot_msgs_v4/srv/detail/disable_robot__rosidl_typesupport_fastrtps_cpp.hpp
-- Installing: /home/user/dobot_ws/install/dobot_msgs_v4/include/dobot_msgs_v4/dobot_msgs_v4/srv/detail/fc_set_stiffness__rosidl_typesupport_fastrtps_cpp.hpp
-- Installing: /home/user/dobot_ws/install/dobot_msgs_v4/include/dobot_msgs_v4/dobot_msgs_v4/srv/detail/dds_fastrtps
-- Installing: /home/user/dobot_ws/install/dobot_msgs_v4/include/dobot_msgs_v4/dobot_msgs_v4/srv/detail/get_output_bool__rosidl_typesupport_fastrtps_cpp.hpp
-- Installing: /home/user/dobot_ws/install/dobot_msgs_v4/include/dobot_msgs_v4/dobot_msgs_v4/srv/detail/drag_sensivity__rosidl_typesupport_fastrtps_cpp.hpp
-- Installing: /home/user/dobot_ws/install/dobot_msgs_v4/include/dobot_msgs_v4/dobot_msgs_v4/srv/detail/get_input_float__rosidl_typesupport_fastrtps_cpp.hpp
-- Installing: /home/user/dobot_ws/install/dobot_msgs_v4/include/dobot_msgs_v4/dobot_msgs_v4/srv/detail/get_start_pose__rosidl_typesupport_fastrtps_cpp.hpp
-- Installing: /home/user/dobot_ws/install/dobot_msgs_v4/include/dobot_msgs_v4/dobot_msgs_v4/srv/detail/set_output_bool__rosidl_typesupport_fastrtps_cpp.hpp
-- Installing: /home/user/dobot_ws/install/dobot_msgs_v4/include/dobot_msgs_v4/dobot_msgs_v4/srv/detail/do_group_dec__rosidl_typesupport_fastrtps_cpp.hpp
-- Installing: /home/user/dobot_ws/install/dobot_msgs_v4/include/dobot_msgs_v4/dobot_msgs_v4/srv/detail/mov_jio__rosidl_typesupport_fastrtps_cpp.hpp
-- Installing: /home/user/dobot_ws/install/dobot_msgs_v4/include/dobot_msgs_v4/dobot_msgs_v4/srv/detail/calc_user__rosidl_typesupport_fastrtps_cpp.hpp
-- Installing: /home/user/dobot_ws/install/dobot_msgs_v4/include/dobot_msgs_v4/dobot_msgs_v4/srv/detail/servo_j__rosidl_typesupport_fastrtps_cpp.hpp
-- Installing: /home/user/dobot_ws/install/dobot_msgs_v4/include/dobot_msgs_v4/dobot_msgs_v4/srv/detail/set_back_distance__rosidl_typesupport_fastrtps_cpp.hpp
-- Installing: /home/user/dobot_ws/install/dobot_msgs_v4/include/dobot_msgs_v4/dobot_msgs_v4/srv/detail/get_in_bits__rosidl_typesupport_fastrtps_cpp.hpp
-- Installing: /home/user/dobot_ws/install/dobot_msgs_v4/include/dobot_msgs_v4/dobot_msgs_v4/srv/detail/set_fc_collision__rosidl_typesupport_fastrtps_cpp.hpp
-- Installing: /home/user/dobot_ws/install/dobot_msgs_v4/include/dobot_msgs_v4/dobot_msgs_v4/srv/detail/get_in_regs__rosidl_typesupport_fastrtps_cpp.hpp
-- Installing: /home/user/dobot_ws/install/dobot_msgs_v4/include/dobot_msgs_v4/dobot_msgs_v4/srv/detail/fc_set_mass__rosidl_typesupport_fastrtps_cpp.hpp
-- Installing: /home/user/dobot_ws/install/dobot_msgs_v4/include/dobot_msgs_v4/dobot_msgs_v4/srv/detail/start_path__rosidl_typesupport_fastrtps_cpp.hpp
-- Installing: /home/user/dobot_ws/install/dobot_msgs_v4/include/dobot_msgs_v4/dobot_msgs_v4/srv/detail/servo_p__rosidl_typesupport_fastrtps_cpp.hpp
-- Installing: /home/user/dobot_ws/install/dobot_msgs_v4/include/dobot_msgs_v4/dobot_msgs_v4/srv/detail/start_rt_offset__rosidl_typesupport_fastrtps_cpp.hpp
-- Installing: /home/user/dobot_ws/install/dobot_msgs_v4/include/dobot_msgs_v4/dobot_msgs_v4/srv/detail/set_hold_regs__rosidl_typesupport_fastrtps_cpp.hpp
-- Installing: /home/user/dobot_ws/install/dobot_msgs_v4/include/dobot_msgs_v4/dobot_msgs_v4/srv/detail/mov_lio__rosidl_typesupport_fastrtps_cpp.hpp
-- Installing: /home/user/dobot_ws/install/dobot_msgs_v4/include/dobot_msgs_v4/dobot_msgs_v4/srv/detail/get_input_int__rosidl_typesupport_fastrtps_cpp.hpp
-- Installing: /home/user/dobot_ws/install/dobot_msgs_v4/include/dobot_msgs_v4/dobot_msgs_v4/srv/detail/enable_robot__rosidl_typesupport_fastrtps_cpp.hpp
-- Installing: /home/user/dobot_ws/install/dobot_msgs_v4/include/dobot_msgs_v4/dobot_msgs_v4/srv/detail/set_tool_power__rosidl_typesupport_fastrtps_cpp.hpp
-- Installing: /home/user/dobot_ws/install/dobot_msgs_v4/include/dobot_msgs_v4/dobot_msgs_v4/srv/detail/get_tool_do__rosidl_typesupport_fastrtps_cpp.hpp
-- Installing: /home/user/dobot_ws/install/dobot_msgs_v4/include/dobot_msgs_v4/dobot_msgs_v4/srv/detail/get_do_group_dec__rosidl_typesupport_fastrtps_cpp.hpp
-- Installing: /home/user/dobot_ws/install/dobot_msgs_v4/include/dobot_msgs_v4/dobot_msgs_v4/srv/detail/user__rosidl_typesupport_fastrtps_cpp.hpp
-- Installing: /home/user/dobot_ws/install/dobot_msgs_v4/include/dobot_msgs_v4/dobot_msgs_v4/srv/detail/tool_ai__rosidl_typesupport_fastrtps_cpp.hpp
-- Installing: /home/user/dobot_ws/install/dobot_msgs_v4/include/dobot_msgs_v4/dobot_msgs_v4/srv/detail/robot_mode__rosidl_typesupport_fastrtps_cpp.hpp
-- Installing: /home/user/dobot_ws/install/dobot_msgs_v4/include/dobot_msgs_v4/dobot_msgs_v4/srv/detail/rel_joint_mov_j__rosidl_typesupport_fastrtps_cpp.hpp
-- Installing: /home/user/dobot_ws/install/dobot_msgs_v4/include/dobot_msgs_v4/dobot_msgs_v4/srv/detail/calc_tool__rosidl_typesupport_fastrtps_cpp.hpp
-- Installing: /home/user/dobot_ws/install/dobot_msgs_v4/include/dobot_msgs_v4/dobot_msgs_v4/srv/detail/vel_l__rosidl_typesupport_fastrtps_cpp.hpp
-- Installing: /home/user/dobot_ws/install/dobot_msgs_v4/include/dobot_msgs_v4/dobot_msgs_v4/srv/detail/rel_mov_j_tool__rosidl_typesupport_fastrtps_cpp.hpp
-- Installing: /home/user/dobot_ws/install/dobot_msgs_v4/include/dobot_msgs_v4/dobot_msgs_v4/srv/detail/tool_do_instant__rosidl_typesupport_fastrtps_cpp.hpp
-- Installing: /home/user/dobot_ws/install/dobot_msgs_v4/include/dobot_msgs_v4/dobot_msgs_v4/srv/detail/get_input_bool__rosidl_typesupport_fastrtps_cpp.hpp
-- Installing: /home/user/dobot_ws/install/dobot_msgs_v4/include/dobot_msgs_v4/dobot_msgs_v4/srv/detail/get_pose__rosidl_typesupport_fastrtps_cpp.hpp
-- Installing: /home/user/dobot_ws/install/dobot_msgs_v4/include/dobot_msgs_v4/dobot_msgs_v4/srv/detail/run_script__rosidl_typesupport_fastrtps_cpp.hpp
-- Installing: /home/user/dobot_ws/install/dobot_msgs_v4/include/dobot_msgs_v4/dobot_msgs_v4/srv/detail/run_to__rosidl_typesupport_fastrtps_cpp.hpp
-- Installing: /home/user/dobot_ws/install/dobot_msgs_v4/include/dobot_msgs_v4/dobot_msgs_v4/srv/detail/set_user__rosidl_typesupport_fastrtps_cpp.hpp
-- Installing: /home/user/dobot_ws/install/dobot_msgs_v4/include/dobot_msgs_v4/dobot_msgs_v4/srv/detail/get_ao__rosidl_typesupport_fastrtps_cpp.hpp
-- Installing: /home/user/dobot_ws/install/dobot_msgs_v4/include/dobot_msgs_v4/dobot_msgs_v4/srv/detail/get_force__rosidl_typesupport_fastrtps_cpp.hpp
-- Installing: /home/user/dobot_ws/install/dobot_msgs_v4/include/dobot_msgs_v4/dobot_msgs_v4/srv/detail/mov_l__rosidl_typesupport_fastrtps_cpp.hpp
-- Installing: /home/user/dobot_ws/install/dobot_msgs_v4/include/dobot_msgs_v4/dobot_msgs_v4/srv/detail/get_current_command_id__rosidl_typesupport_fastrtps_cpp.hpp
-- Installing: /home/user/dobot_ws/install/dobot_msgs_v4/include/dobot_msgs_v4/dobot_msgs_v4/srv/detail/set_output_float__rosidl_typesupport_fastrtps_cpp.hpp
-- Installing: /home/user/dobot_ws/install/dobot_msgs_v4/include/dobot_msgs_v4/dobot_msgs_v4/srv/detail/move_jog__rosidl_typesupport_fastrtps_cpp.hpp
-- Installing: /home/user/dobot_ws/install/dobot_msgs_v4/include/dobot_msgs_v4/dobot_msgs_v4/srv/detail/get_hold_regs__rosidl_typesupport_fastrtps_cpp.hpp
-- Installing: /home/user/dobot_ws/install/dobot_msgs_v4/include/dobot_msgs_v4/dobot_msgs_v4/srv/detail/get_error_id__rosidl_typesupport_fastrtps_cpp.hpp
-- Installing: /home/user/dobot_ws/install/dobot_msgs_v4/include/dobot_msgs_v4/dobot_msgs_v4/srv/detail/di_group_dec__rosidl_typesupport_fastrtps_cpp.hpp
-- Installing: /home/user/dobot_ws/install/dobot_msgs_v4/include/dobot_msgs_v4/dobot_msgs_v4/srv/detail/emergency_stop__rosidl_typesupport_fastrtps_cpp.hpp
-- Installing: /home/user/dobot_ws/install/dobot_msgs_v4/include/dobot_msgs_v4/dobot_msgs_v4/srv/detail/tool__rosidl_typesupport_fastrtps_cpp.hpp
-- Installing: /home/user/dobot_ws/install/dobot_msgs_v4/include/dobot_msgs_v4/dobot_msgs_v4/srv/detail/positive_kin__rosidl_typesupport_fastrtps_cpp.hpp
-- Installing: /home/user/dobot_ws/install/dobot_msgs_v4/include/dobot_msgs_v4/dobot_msgs_v4/srv/detail/enable_safe_skin__rosidl_typesupport_fastrtps_cpp.hpp
-- Installing: /home/user/dobot_ws/install/dobot_msgs_v4/include/dobot_msgs_v4/dobot_msgs_v4/srv/detail/ao_instant__rosidl_typesupport_fastrtps_cpp.hpp
-- Installing: /home/user/dobot_ws/install/dobot_msgs_v4/include/dobot_msgs_v4/dobot_msgs_v4/srv/detail/get_do_group__rosidl_typesupport_fastrtps_cpp.hpp
-- Installing: /home/user/dobot_ws/install/dobot_msgs_v4/include/dobot_msgs_v4/dobot_msgs_v4/srv/detail/do__rosidl_typesupport_fastrtps_cpp.hpp
-- Installing: /home/user/dobot_ws/install/dobot_msgs_v4/include/dobot_msgs_v4/dobot_msgs_v4/srv/detail/set_safe_skin__rosidl_typesupport_fastrtps_cpp.hpp
-- Installing: /home/user/dobot_ws/install/dobot_msgs_v4/include/dobot_msgs_v4/dobot_msgs_v4/srv/detail/speed_factor__rosidl_typesupport_fastrtps_cpp.hpp
-- Installing: /home/user/dobot_ws/install/dobot_msgs_v4/include/dobot_msgs_v4/dobot_msgs_v4/srv/detail/set_tool__rosidl_typesupport_fastrtps_cpp.hpp
-- Installing: /home/user/dobot_ws/install/dobot_msgs_v4/include/dobot_msgs_v4/dobot_msgs_v4/srv/detail/check_odd_mov_j__rosidl_typesupport_fastrtps_cpp.hpp
-- Installing: /home/user/dobot_ws/install/dobot_msgs_v4/include/dobot_msgs_v4/dobot_msgs_v4/srv/detail/modbus_create__rosidl_typesupport_fastrtps_cpp.hpp
-- Installing: /home/user/dobot_ws/install/dobot_msgs_v4/include/dobot_msgs_v4/dobot_msgs_v4/srv/detail/di__rosidl_typesupport_fastrtps_cpp.hpp
-- Installing: /home/user/dobot_ws/install/dobot_msgs_v4/include/dobot_msgs_v4/dobot_msgs_v4/srv/detail/modbus_close__rosidl_typesupport_fastrtps_cpp.hpp
-- Installing: /home/user/dobot_ws/install/dobot_msgs_v4/include/dobot_msgs_v4/dobot_msgs_v4/srv/detail/force_drive_mode__rosidl_typesupport_fastrtps_cpp.hpp
-- Installing: /home/user/dobot_ws/install/dobot_msgs_v4/include/dobot_msgs_v4/dobot_msgs_v4/srv/detail/set_post_collision_mode__rosidl_typesupport_fastrtps_cpp.hpp
-- Installing: /home/user/dobot_ws/install/dobot_msgs_v4/include/dobot_msgs_v4/dobot_msgs_v4/srv/detail/vel_j__rosidl_typesupport_fastrtps_cpp.hpp
-- Installing: /home/user/dobot_ws/install/dobot_msgs_v4/include/dobot_msgs_v4/dobot_msgs_v4/srv/detail/ao__rosidl_typesupport_fastrtps_cpp.hpp
-- Installing: /home/user/dobot_ws/install/dobot_msgs_v4/include/dobot_msgs_v4/dobot_msgs_v4/srv/detail/do_group__rosidl_typesupport_fastrtps_cpp.hpp
-- Installing: /home/user/dobot_ws/install/dobot_msgs_v4/include/dobot_msgs_v4/dobot_msgs_v4/srv/detail/set_output_int__rosidl_typesupport_fastrtps_cpp.hpp
-- Installing: /home/user/dobot_ws/install/dobot_msgs_v4/include/dobot_msgs_v4/dobot_msgs_v4/srv/detail/cp__rosidl_typesupport_fastrtps_cpp.hpp
-- Installing: /home/user/dobot_ws/install/dobot_msgs_v4/include/dobot_msgs_v4/dobot_msgs_v4/srv/detail/modbus_rtu_create__rosidl_typesupport_fastrtps_cpp.hpp
-- Installing: /home/user/dobot_ws/install/dobot_msgs_v4/lib/libdobot_msgs_v4__rosidl_typesupport_fastrtps_cpp.so
-- Set runtime path of "/home/user/dobot_ws/install/dobot_msgs_v4/lib/libdobot_msgs_v4__rosidl_typesupport_fastrtps_cpp.so" to ""
-- Up-to-date: /home/user/dobot_ws/install/dobot_msgs_v4/include/dobot_msgs_v4/dobot_msgs_v4
-- Up-to-date: /home/user/dobot_ws/install/dobot_msgs_v4/include/dobot_msgs_v4/dobot_msgs_v4/msg
-- Installing: /home/user/dobot_ws/install/dobot_msgs_v4/include/dobot_msgs_v4/dobot_msgs_v4/msg/rosidl_typesupport_introspection_c__visibility_control.h
-- Up-to-date: /home/user/dobot_ws/install/dobot_msgs_v4/include/dobot_msgs_v4/dobot_msgs_v4/msg/detail
-- Installing: /home/user/dobot_ws/install/dobot_msgs_v4/include/dobot_msgs_v4/dobot_msgs_v4/msg/detail/tool_vector_actual__rosidl_typesupport_introspection_c.h
-- Installing: /home/user/dobot_ws/install/dobot_msgs_v4/include/dobot_msgs_v4/dobot_msgs_v4/msg/detail/tool_vector_actual__type_support.c
-- Installing: /home/user/dobot_ws/install/dobot_msgs_v4/include/dobot_msgs_v4/dobot_msgs_v4/msg/detail/robot_status__type_support.c
-- Installing: /home/user/dobot_ws/install/dobot_msgs_v4/include/dobot_msgs_v4/dobot_msgs_v4/msg/detail/robot_status__rosidl_typesupport_introspection_c.h
-- Up-to-date: /home/user/dobot_ws/install/dobot_msgs_v4/include/dobot_msgs_v4/dobot_msgs_v4/srv
-- Up-to-date: /home/user/dobot_ws/install/dobot_msgs_v4/include/dobot_msgs_v4/dobot_msgs_v4/srv/detail
-- Installing: /home/user/dobot_ws/install/dobot_msgs_v4/include/dobot_msgs_v4/dobot_msgs_v4/srv/detail/circle__rosidl_typesupport_introspection_c.h
-- Installing: /home/user/dobot_ws/install/dobot_msgs_v4/include/dobot_msgs_v4/dobot_msgs_v4/srv/detail/check_odd_mov_l__rosidl_typesupport_introspection_c.h
-- Installing: /home/user/dobot_ws/install/dobot_msgs_v4/include/dobot_msgs_v4/dobot_msgs_v4/srv/detail/force_drive_speed__rosidl_typesupport_introspection_c.h
-- Installing: /home/user/dobot_ws/install/dobot_msgs_v4/include/dobot_msgs_v4/dobot_msgs_v4/srv/detail/mov_l__rosidl_typesupport_introspection_c.h
-- Installing: /home/user/dobot_ws/install/dobot_msgs_v4/include/dobot_msgs_v4/dobot_msgs_v4/srv/detail/enable_robot__rosidl_typesupport_introspection_c.h
-- Installing: /home/user/dobot_ws/install/dobot_msgs_v4/include/dobot_msgs_v4/dobot_msgs_v4/srv/detail/set_fc_collision__type_support.c
-- Installing: /home/user/dobot_ws/install/dobot_msgs_v4/include/dobot_msgs_v4/dobot_msgs_v4/srv/detail/check_odd_mov_c__type_support.c
-- Installing: /home/user/dobot_ws/install/dobot_msgs_v4/include/dobot_msgs_v4/dobot_msgs_v4/srv/detail/start_path__rosidl_typesupport_introspection_c.h
-- Installing: /home/user/dobot_ws/install/dobot_msgs_v4/include/dobot_msgs_v4/dobot_msgs_v4/srv/detail/do_instant__type_support.c
-- Installing: /home/user/dobot_ws/install/dobot_msgs_v4/include/dobot_msgs_v4/dobot_msgs_v4/srv/detail/inverse_kin__rosidl_typesupport_introspection_c.h
-- Installing: /home/user/dobot_ws/install/dobot_msgs_v4/include/dobot_msgs_v4/dobot_msgs_v4/srv/detail/do_group_dec__type_support.c
-- Installing: /home/user/dobot_ws/install/dobot_msgs_v4/include/dobot_msgs_v4/dobot_msgs_v4/srv/detail/set_safe_wall_enable__type_support.c
-- Installing: /home/user/dobot_ws/install/dobot_msgs_v4/include/dobot_msgs_v4/dobot_msgs_v4/srv/detail/set_hold_regs__rosidl_typesupport_introspection_c.h
-- Installing: /home/user/dobot_ws/install/dobot_msgs_v4/include/dobot_msgs_v4/dobot_msgs_v4/srv/detail/tool_do_instant__type_support.c
-- Installing: /home/user/dobot_ws/install/dobot_msgs_v4/include/dobot_msgs_v4/dobot_msgs_v4/srv/detail/get_in_regs__rosidl_typesupport_introspection_c.h
-- Installing: /home/user/dobot_ws/install/dobot_msgs_v4/include/dobot_msgs_v4/dobot_msgs_v4/srv/detail/get_output_int__rosidl_typesupport_introspection_c.h
-- Installing: /home/user/dobot_ws/install/dobot_msgs_v4/include/dobot_msgs_v4/dobot_msgs_v4/srv/detail/power_on__type_support.c
-- Installing: /home/user/dobot_ws/install/dobot_msgs_v4/include/dobot_msgs_v4/dobot_msgs_v4/srv/detail/start_path__type_support.c
-- Installing: /home/user/dobot_ws/install/dobot_msgs_v4/include/dobot_msgs_v4/dobot_msgs_v4/srv/detail/get_angle__rosidl_typesupport_introspection_c.h
-- Installing: /home/user/dobot_ws/install/dobot_msgs_v4/include/dobot_msgs_v4/dobot_msgs_v4/srv/detail/ao_instant__rosidl_typesupport_introspection_c.h
-- Installing: /home/user/dobot_ws/install/dobot_msgs_v4/include/dobot_msgs_v4/dobot_msgs_v4/srv/detail/set_tool__rosidl_typesupport_introspection_c.h
-- Installing: /home/user/dobot_ws/install/dobot_msgs_v4/include/dobot_msgs_v4/dobot_msgs_v4/srv/detail/vel_j__type_support.c
-- Installing: /home/user/dobot_ws/install/dobot_msgs_v4/include/dobot_msgs_v4/dobot_msgs_v4/srv/detail/modbus_create__rosidl_typesupport_introspection_c.h
-- Installing: /home/user/dobot_ws/install/dobot_msgs_v4/include/dobot_msgs_v4/dobot_msgs_v4/srv/detail/get_do_group__type_support.c
-- Installing: /home/user/dobot_ws/install/dobot_msgs_v4/include/dobot_msgs_v4/dobot_msgs_v4/srv/detail/six_force_home__rosidl_typesupport_introspection_c.h
-- Installing: /home/user/dobot_ws/install/dobot_msgs_v4/include/dobot_msgs_v4/dobot_msgs_v4/srv/detail/set_user__rosidl_typesupport_introspection_c.h
-- Installing: /home/user/dobot_ws/install/dobot_msgs_v4/include/dobot_msgs_v4/dobot_msgs_v4/srv/detail/di_group__type_support.c
-- Installing: /home/user/dobot_ws/install/dobot_msgs_v4/include/dobot_msgs_v4/dobot_msgs_v4/srv/detail/six_force_home__type_support.c
-- Installing: /home/user/dobot_ws/install/dobot_msgs_v4/include/dobot_msgs_v4/dobot_msgs_v4/srv/detail/rel_mov_l_user__type_support.c
-- Installing: /home/user/dobot_ws/install/dobot_msgs_v4/include/dobot_msgs_v4/dobot_msgs_v4/srv/detail/fc_off__rosidl_typesupport_introspection_c.h
-- Installing: /home/user/dobot_ws/install/dobot_msgs_v4/include/dobot_msgs_v4/dobot_msgs_v4/srv/detail/fc_collision_switch__rosidl_typesupport_introspection_c.h
-- Installing: /home/user/dobot_ws/install/dobot_msgs_v4/include/dobot_msgs_v4/dobot_msgs_v4/srv/detail/rel_mov_l_tool__rosidl_typesupport_introspection_c.h
-- Installing: /home/user/dobot_ws/install/dobot_msgs_v4/include/dobot_msgs_v4/dobot_msgs_v4/srv/detail/stop_drag__type_support.c
-- Installing: /home/user/dobot_ws/install/dobot_msgs_v4/include/dobot_msgs_v4/dobot_msgs_v4/srv/detail/end_rt_offset__rosidl_typesupport_introspection_c.h
-- Installing: /home/user/dobot_ws/install/dobot_msgs_v4/include/dobot_msgs_v4/dobot_msgs_v4/srv/detail/run_script__type_support.c
-- Installing: /home/user/dobot_ws/install/dobot_msgs_v4/include/dobot_msgs_v4/dobot_msgs_v4/srv/detail/get_output_int__type_support.c
-- Installing: /home/user/dobot_ws/install/dobot_msgs_v4/include/dobot_msgs_v4/dobot_msgs_v4/srv/detail/tcp_dashboard__rosidl_typesupport_introspection_c.h
-- Installing: /home/user/dobot_ws/install/dobot_msgs_v4/include/dobot_msgs_v4/dobot_msgs_v4/srv/detail/set_output_float__type_support.c
-- Installing: /home/user/dobot_ws/install/dobot_msgs_v4/include/dobot_msgs_v4/dobot_msgs_v4/srv/detail/ao__rosidl_typesupport_introspection_c.h
-- Installing: /home/user/dobot_ws/install/dobot_msgs_v4/include/dobot_msgs_v4/dobot_msgs_v4/srv/detail/mov_lio__rosidl_typesupport_introspection_c.h
-- Installing: /home/user/dobot_ws/install/dobot_msgs_v4/include/dobot_msgs_v4/dobot_msgs_v4/srv/detail/set_back_distance__rosidl_typesupport_introspection_c.h
-- Installing: /home/user/dobot_ws/install/dobot_msgs_v4/include/dobot_msgs_v4/dobot_msgs_v4/srv/detail/set_collision_level__rosidl_typesupport_introspection_c.h
-- Installing: /home/user/dobot_ws/install/dobot_msgs_v4/include/dobot_msgs_v4/dobot_msgs_v4/srv/detail/do_instant__rosidl_typesupport_introspection_c.h
-- Installing: /home/user/dobot_ws/install/dobot_msgs_v4/include/dobot_msgs_v4/dobot_msgs_v4/srv/detail/speed_factor__type_support.c
-- Installing: /home/user/dobot_ws/install/dobot_msgs_v4/include/dobot_msgs_v4/dobot_msgs_v4/srv/detail/enable_robot__type_support.c
-- Installing: /home/user/dobot_ws/install/dobot_msgs_v4/include/dobot_msgs_v4/dobot_msgs_v4/srv/detail/pause__rosidl_typesupport_introspection_c.h
-- Installing: /home/user/dobot_ws/install/dobot_msgs_v4/include/dobot_msgs_v4/dobot_msgs_v4/srv/detail/vel_j__rosidl_typesupport_introspection_c.h
-- Installing: /home/user/dobot_ws/install/dobot_msgs_v4/include/dobot_msgs_v4/dobot_msgs_v4/srv/detail/move_jog__rosidl_typesupport_introspection_c.h
-- Installing: /home/user/dobot_ws/install/dobot_msgs_v4/include/dobot_msgs_v4/dobot_msgs_v4/srv/detail/fc_force_mode__type_support.c
-- Installing: /home/user/dobot_ws/install/dobot_msgs_v4/include/dobot_msgs_v4/dobot_msgs_v4/srv/detail/continue__rosidl_typesupport_introspection_c.h
-- Installing: /home/user/dobot_ws/install/dobot_msgs_v4/include/dobot_msgs_v4/dobot_msgs_v4/srv/detail/user__type_support.c
-- Installing: /home/user/dobot_ws/install/dobot_msgs_v4/include/dobot_msgs_v4/dobot_msgs_v4/srv/detail/get_start_pose__type_support.c
-- Installing: /home/user/dobot_ws/install/dobot_msgs_v4/include/dobot_msgs_v4/dobot_msgs_v4/srv/detail/start_rt_offset__type_support.c
-- Installing: /home/user/dobot_ws/install/dobot_msgs_v4/include/dobot_msgs_v4/dobot_msgs_v4/srv/detail/set_post_collision_mode__rosidl_typesupport_introspection_c.h
-- Installing: /home/user/dobot_ws/install/dobot_msgs_v4/include/dobot_msgs_v4/dobot_msgs_v4/srv/detail/get_coils__type_support.c
-- Installing: /home/user/dobot_ws/install/dobot_msgs_v4/include/dobot_msgs_v4/dobot_msgs_v4/srv/detail/get_do_group_dec__rosidl_typesupport_introspection_c.h
-- Installing: /home/user/dobot_ws/install/dobot_msgs_v4/include/dobot_msgs_v4/dobot_msgs_v4/srv/detail/force_drive_mode__rosidl_typesupport_introspection_c.h
-- Installing: /home/user/dobot_ws/install/dobot_msgs_v4/include/dobot_msgs_v4/dobot_msgs_v4/srv/detail/stop_move_jog__type_support.c
-- Installing: /home/user/dobot_ws/install/dobot_msgs_v4/include/dobot_msgs_v4/dobot_msgs_v4/srv/detail/speed_factor__rosidl_typesupport_introspection_c.h
-- Installing: /home/user/dobot_ws/install/dobot_msgs_v4/include/dobot_msgs_v4/dobot_msgs_v4/srv/detail/get_error__rosidl_typesupport_introspection_c.h
-- Installing: /home/user/dobot_ws/install/dobot_msgs_v4/include/dobot_msgs_v4/dobot_msgs_v4/srv/detail/clear_error__type_support.c
-- Installing: /home/user/dobot_ws/install/dobot_msgs_v4/include/dobot_msgs_v4/dobot_msgs_v4/srv/detail/disable_robot__rosidl_typesupport_introspection_c.h
-- Installing: /home/user/dobot_ws/install/dobot_msgs_v4/include/dobot_msgs_v4/dobot_msgs_v4/srv/detail/fc_set_mass__type_support.c
-- Installing: /home/user/dobot_ws/install/dobot_msgs_v4/include/dobot_msgs_v4/dobot_msgs_v4/srv/detail/fc_set_mass__rosidl_typesupport_introspection_c.h
-- Installing: /home/user/dobot_ws/install/dobot_msgs_v4/include/dobot_msgs_v4/dobot_msgs_v4/srv/detail/servo_p__type_support.c
-- Installing: /home/user/dobot_ws/install/dobot_msgs_v4/include/dobot_msgs_v4/dobot_msgs_v4/srv/detail/tool_di__rosidl_typesupport_introspection_c.h
-- Installing: /home/user/dobot_ws/install/dobot_msgs_v4/include/dobot_msgs_v4/dobot_msgs_v4/srv/detail/set_tool485__rosidl_typesupport_introspection_c.h
-- Installing: /home/user/dobot_ws/install/dobot_msgs_v4/include/dobot_msgs_v4/dobot_msgs_v4/srv/detail/enable_ft_sensor__type_support.c
-- Installing: /home/user/dobot_ws/install/dobot_msgs_v4/include/dobot_msgs_v4/dobot_msgs_v4/srv/detail/positive_kin__rosidl_typesupport_introspection_c.h
-- Installing: /home/user/dobot_ws/install/dobot_msgs_v4/include/dobot_msgs_v4/dobot_msgs_v4/srv/detail/di_group__rosidl_typesupport_introspection_c.h
-- Installing: /home/user/dobot_ws/install/dobot_msgs_v4/include/dobot_msgs_v4/dobot_msgs_v4/srv/detail/set_tool_mode__type_support.c
-- Installing: /home/user/dobot_ws/install/dobot_msgs_v4/include/dobot_msgs_v4/dobot_msgs_v4/srv/detail/set_user__type_support.c
-- Installing: /home/user/dobot_ws/install/dobot_msgs_v4/include/dobot_msgs_v4/dobot_msgs_v4/srv/detail/fc_set_force_limit__type_support.c
-- Installing: /home/user/dobot_ws/install/dobot_msgs_v4/include/dobot_msgs_v4/dobot_msgs_v4/srv/detail/modbus_close__rosidl_typesupport_introspection_c.h
-- Installing: /home/user/dobot_ws/install/dobot_msgs_v4/include/dobot_msgs_v4/dobot_msgs_v4/srv/detail/stop_drag__rosidl_typesupport_introspection_c.h
-- Installing: /home/user/dobot_ws/install/dobot_msgs_v4/include/dobot_msgs_v4/dobot_msgs_v4/srv/detail/fc_set_force_speed_limit__type_support.c
-- Installing: /home/user/dobot_ws/install/dobot_msgs_v4/include/dobot_msgs_v4/dobot_msgs_v4/srv/detail/get_error_id__rosidl_typesupport_introspection_c.h
-- Installing: /home/user/dobot_ws/install/dobot_msgs_v4/include/dobot_msgs_v4/dobot_msgs_v4/srv/detail/drag_sensivity__type_support.c
-- Installing: /home/user/dobot_ws/install/dobot_msgs_v4/include/dobot_msgs_v4/dobot_msgs_v4/srv/detail/get_current_command_id__type_support.c
-- Installing: /home/user/dobot_ws/install/dobot_msgs_v4/include/dobot_msgs_v4/dobot_msgs_v4/srv/detail/get_error__type_support.c
-- Installing: /home/user/dobot_ws/install/dobot_msgs_v4/include/dobot_msgs_v4/dobot_msgs_v4/srv/detail/set_safe_wall_enable__rosidl_typesupport_introspection_c.h
-- Installing: /home/user/dobot_ws/install/dobot_msgs_v4/include/dobot_msgs_v4/dobot_msgs_v4/srv/detail/di__rosidl_typesupport_introspection_c.h
-- Installing: /home/user/dobot_ws/install/dobot_msgs_v4/include/dobot_msgs_v4/dobot_msgs_v4/srv/detail/di_group_dec__rosidl_typesupport_introspection_c.h
-- Installing: /home/user/dobot_ws/install/dobot_msgs_v4/include/dobot_msgs_v4/dobot_msgs_v4/srv/detail/acc_l__type_support.c
-- Installing: /home/user/dobot_ws/install/dobot_msgs_v4/include/dobot_msgs_v4/dobot_msgs_v4/srv/detail/brake_control__rosidl_typesupport_introspection_c.h
-- Installing: /home/user/dobot_ws/install/dobot_msgs_v4/include/dobot_msgs_v4/dobot_msgs_v4/srv/detail/set_coils__type_support.c
-- Installing: /home/user/dobot_ws/install/dobot_msgs_v4/include/dobot_msgs_v4/dobot_msgs_v4/srv/detail/robot_mode__rosidl_typesupport_introspection_c.h
-- Installing: /home/user/dobot_ws/install/dobot_msgs_v4/include/dobot_msgs_v4/dobot_msgs_v4/srv/detail/set_fc_collision__rosidl_typesupport_introspection_c.h
-- Installing: /home/user/dobot_ws/install/dobot_msgs_v4/include/dobot_msgs_v4/dobot_msgs_v4/srv/detail/modbus_rtu_create__type_support.c
-- Installing: /home/user/dobot_ws/install/dobot_msgs_v4/include/dobot_msgs_v4/dobot_msgs_v4/srv/detail/set_work_zone_enable__type_support.c
-- Installing: /home/user/dobot_ws/install/dobot_msgs_v4/include/dobot_msgs_v4/dobot_msgs_v4/srv/detail/reset_robot__type_support.c
-- Installing: /home/user/dobot_ws/install/dobot_msgs_v4/include/dobot_msgs_v4/dobot_msgs_v4/srv/detail/fc_collision_switch__type_support.c
-- Installing: /home/user/dobot_ws/install/dobot_msgs_v4/include/dobot_msgs_v4/dobot_msgs_v4/srv/detail/fc_set_damping__type_support.c
-- Installing: /home/user/dobot_ws/install/dobot_msgs_v4/include/dobot_msgs_v4/dobot_msgs_v4/srv/detail/set_back_distance__type_support.c
-- Installing: /home/user/dobot_ws/install/dobot_msgs_v4/include/dobot_msgs_v4/dobot_msgs_v4/srv/detail/do_group__type_support.c
-- Installing: /home/user/dobot_ws/install/dobot_msgs_v4/include/dobot_msgs_v4/dobot_msgs_v4/srv/detail/get_input_float__rosidl_typesupport_introspection_c.h
-- Installing: /home/user/dobot_ws/install/dobot_msgs_v4/include/dobot_msgs_v4/dobot_msgs_v4/srv/detail/get_tool_do__rosidl_typesupport_introspection_c.h
-- Installing: /home/user/dobot_ws/install/dobot_msgs_v4/include/dobot_msgs_v4/dobot_msgs_v4/srv/detail/di_group_dec__type_support.c
-- Installing: /home/user/dobot_ws/install/dobot_msgs_v4/include/dobot_msgs_v4/dobot_msgs_v4/srv/detail/get_output_bool__rosidl_typesupport_introspection_c.h
-- Installing: /home/user/dobot_ws/install/dobot_msgs_v4/include/dobot_msgs_v4/dobot_msgs_v4/srv/detail/rel_mov_j_user__rosidl_typesupport_introspection_c.h
-- Installing: /home/user/dobot_ws/install/dobot_msgs_v4/include/dobot_msgs_v4/dobot_msgs_v4/srv/detail/mov_j__type_support.c
-- Installing: /home/user/dobot_ws/install/dobot_msgs_v4/include/dobot_msgs_v4/dobot_msgs_v4/srv/detail/enable_safe_skin__rosidl_typesupport_introspection_c.h
-- Installing: /home/user/dobot_ws/install/dobot_msgs_v4/include/dobot_msgs_v4/dobot_msgs_v4/srv/detail/set_collision_level__type_support.c
-- Installing: /home/user/dobot_ws/install/dobot_msgs_v4/include/dobot_msgs_v4/dobot_msgs_v4/srv/detail/stop_move_jog__rosidl_typesupport_introspection_c.h
-- Installing: /home/user/dobot_ws/install/dobot_msgs_v4/include/dobot_msgs_v4/dobot_msgs_v4/srv/detail/fc_set_force__type_support.c
-- Installing: /home/user/dobot_ws/install/dobot_msgs_v4/include/dobot_msgs_v4/dobot_msgs_v4/srv/detail/rel_mov_l_tool__type_support.c
-- Installing: /home/user/dobot_ws/install/dobot_msgs_v4/include/dobot_msgs_v4/dobot_msgs_v4/srv/detail/get_output_float__type_support.c
-- Installing: /home/user/dobot_ws/install/dobot_msgs_v4/include/dobot_msgs_v4/dobot_msgs_v4/srv/detail/acc_j__rosidl_typesupport_introspection_c.h
-- Installing: /home/user/dobot_ws/install/dobot_msgs_v4/include/dobot_msgs_v4/dobot_msgs_v4/srv/detail/fc_force_mode__rosidl_typesupport_introspection_c.h
-- Installing: /home/user/dobot_ws/install/dobot_msgs_v4/include/dobot_msgs_v4/dobot_msgs_v4/srv/detail/get_ao__type_support.c
-- Installing: /home/user/dobot_ws/install/dobot_msgs_v4/include/dobot_msgs_v4/dobot_msgs_v4/srv/detail/calc_tool__rosidl_typesupport_introspection_c.h
-- Installing: /home/user/dobot_ws/install/dobot_msgs_v4/include/dobot_msgs_v4/dobot_msgs_v4/srv/detail/rel_mov_j_tool__rosidl_typesupport_introspection_c.h
-- Installing: /home/user/dobot_ws/install/dobot_msgs_v4/include/dobot_msgs_v4/dobot_msgs_v4/srv/detail/do__rosidl_typesupport_introspection_c.h
-- Installing: /home/user/dobot_ws/install/dobot_msgs_v4/include/dobot_msgs_v4/dobot_msgs_v4/srv/detail/end_rt_offset__type_support.c
-- Installing: /home/user/dobot_ws/install/dobot_msgs_v4/include/dobot_msgs_v4/dobot_msgs_v4/srv/detail/mov_j__rosidl_typesupport_introspection_c.h
-- Installing: /home/user/dobot_ws/install/dobot_msgs_v4/include/dobot_msgs_v4/dobot_msgs_v4/srv/detail/get_do_group_dec__type_support.c
-- Installing: /home/user/dobot_ws/install/dobot_msgs_v4/include/dobot_msgs_v4/dobot_msgs_v4/srv/detail/get_coils__rosidl_typesupport_introspection_c.h
-- Installing: /home/user/dobot_ws/install/dobot_msgs_v4/include/dobot_msgs_v4/dobot_msgs_v4/srv/detail/power_on__rosidl_typesupport_introspection_c.h
-- Installing: /home/user/dobot_ws/install/dobot_msgs_v4/include/dobot_msgs_v4/dobot_msgs_v4/srv/detail/servo_j__type_support.c
-- Installing: /home/user/dobot_ws/install/dobot_msgs_v4/include/dobot_msgs_v4/dobot_msgs_v4/srv/detail/set_payload__rosidl_typesupport_introspection_c.h
-- Installing: /home/user/dobot_ws/install/dobot_msgs_v4/include/dobot_msgs_v4/dobot_msgs_v4/srv/detail/disable_robot__type_support.c
-- Installing: /home/user/dobot_ws/install/dobot_msgs_v4/include/dobot_msgs_v4/dobot_msgs_v4/srv/detail/enable_ft_sensor__rosidl_typesupport_introspection_c.h
-- Installing: /home/user/dobot_ws/install/dobot_msgs_v4/include/dobot_msgs_v4/dobot_msgs_v4/srv/detail/positive_kin__type_support.c
-- Installing: /home/user/dobot_ws/install/dobot_msgs_v4/include/dobot_msgs_v4/dobot_msgs_v4/srv/detail/ao__type_support.c
-- Installing: /home/user/dobot_ws/install/dobot_msgs_v4/include/dobot_msgs_v4/dobot_msgs_v4/srv/detail/arc__rosidl_typesupport_introspection_c.h
-- Installing: /home/user/dobot_ws/install/dobot_msgs_v4/include/dobot_msgs_v4/dobot_msgs_v4/srv/detail/set_hold_regs__type_support.c
-- Installing: /home/user/dobot_ws/install/dobot_msgs_v4/include/dobot_msgs_v4/dobot_msgs_v4/srv/detail/get_in_regs__type_support.c
-- Installing: /home/user/dobot_ws/install/dobot_msgs_v4/include/dobot_msgs_v4/dobot_msgs_v4/srv/detail/fc_set_damping__rosidl_typesupport_introspection_c.h
-- Installing: /home/user/dobot_ws/install/dobot_msgs_v4/include/dobot_msgs_v4/dobot_msgs_v4/srv/detail/tool_ai__type_support.c
-- Installing: /home/user/dobot_ws/install/dobot_msgs_v4/include/dobot_msgs_v4/dobot_msgs_v4/srv/detail/get_input_bool__type_support.c
-- Installing: /home/user/dobot_ws/install/dobot_msgs_v4/include/dobot_msgs_v4/dobot_msgs_v4/srv/detail/mov_jio__rosidl_typesupport_introspection_c.h
-- Installing: /home/user/dobot_ws/install/dobot_msgs_v4/include/dobot_msgs_v4/dobot_msgs_v4/srv/detail/acc_j__type_support.c
-- Installing: /home/user/dobot_ws/install/dobot_msgs_v4/include/dobot_msgs_v4/dobot_msgs_v4/srv/detail/get_output_float__rosidl_typesupport_introspection_c.h
-- Installing: /home/user/dobot_ws/install/dobot_msgs_v4/include/dobot_msgs_v4/dobot_msgs_v4/srv/detail/set_output_float__rosidl_typesupport_introspection_c.h
-- Installing: /home/user/dobot_ws/install/dobot_msgs_v4/include/dobot_msgs_v4/dobot_msgs_v4/srv/detail/set_output_bool__rosidl_typesupport_introspection_c.h
-- Installing: /home/user/dobot_ws/install/dobot_msgs_v4/include/dobot_msgs_v4/dobot_msgs_v4/srv/detail/get_ao__rosidl_typesupport_introspection_c.h
-- Installing: /home/user/dobot_ws/install/dobot_msgs_v4/include/dobot_msgs_v4/dobot_msgs_v4/srv/detail/tool_di__type_support.c
-- Installing: /home/user/dobot_ws/install/dobot_msgs_v4/include/dobot_msgs_v4/dobot_msgs_v4/srv/detail/set_output_bool__type_support.c
-- Installing: /home/user/dobot_ws/install/dobot_msgs_v4/include/dobot_msgs_v4/dobot_msgs_v4/srv/detail/set_output_int__rosidl_typesupport_introspection_c.h
-- Installing: /home/user/dobot_ws/install/dobot_msgs_v4/include/dobot_msgs_v4/dobot_msgs_v4/srv/detail/run_to__rosidl_typesupport_introspection_c.h
-- Installing: /home/user/dobot_ws/install/dobot_msgs_v4/include/dobot_msgs_v4/dobot_msgs_v4/srv/detail/do__type_support.c
-- Installing: /home/user/dobot_ws/install/dobot_msgs_v4/include/dobot_msgs_v4/dobot_msgs_v4/srv/detail/tool__type_support.c
-- Installing: /home/user/dobot_ws/install/dobot_msgs_v4/include/dobot_msgs_v4/dobot_msgs_v4/srv/detail/move_jog__type_support.c
-- Installing: /home/user/dobot_ws/install/dobot_msgs_v4/include/dobot_msgs_v4/dobot_msgs_v4/srv/detail/calc_tool__type_support.c
-- Installing: /home/user/dobot_ws/install/dobot_msgs_v4/include/dobot_msgs_v4/dobot_msgs_v4/srv/detail/check_odd_mov_j__rosidl_typesupport_introspection_c.h
-- Installing: /home/user/dobot_ws/install/dobot_msgs_v4/include/dobot_msgs_v4/dobot_msgs_v4/srv/detail/stop__rosidl_typesupport_introspection_c.h
-- Installing: /home/user/dobot_ws/install/dobot_msgs_v4/include/dobot_msgs_v4/dobot_msgs_v4/srv/detail/set_work_zone_enable__rosidl_typesupport_introspection_c.h
-- Installing: /home/user/dobot_ws/install/dobot_msgs_v4/include/dobot_msgs_v4/dobot_msgs_v4/srv/detail/get_force__type_support.c
-- Installing: /home/user/dobot_ws/install/dobot_msgs_v4/include/dobot_msgs_v4/dobot_msgs_v4/srv/detail/get_input_int__type_support.c
-- Installing: /home/user/dobot_ws/install/dobot_msgs_v4/include/dobot_msgs_v4/dobot_msgs_v4/srv/detail/get_tool_do__type_support.c
-- Installing: /home/user/dobot_ws/install/dobot_msgs_v4/include/dobot_msgs_v4/dobot_msgs_v4/srv/detail/run_to__type_support.c
-- Installing: /home/user/dobot_ws/install/dobot_msgs_v4/include/dobot_msgs_v4/dobot_msgs_v4/srv/detail/get_pose__type_support.c
-- Installing: /home/user/dobot_ws/install/dobot_msgs_v4/include/dobot_msgs_v4/dobot_msgs_v4/srv/detail/tool_do__type_support.c
-- Installing: /home/user/dobot_ws/install/dobot_msgs_v4/include/dobot_msgs_v4/dobot_msgs_v4/srv/detail/modbus_create__type_support.c
-- Installing: /home/user/dobot_ws/install/dobot_msgs_v4/include/dobot_msgs_v4/dobot_msgs_v4/srv/detail/start_drag__rosidl_typesupport_introspection_c.h
-- Installing: /home/user/dobot_ws/install/dobot_msgs_v4/include/dobot_msgs_v4/dobot_msgs_v4/srv/detail/set_tool_power__type_support.c
-- Installing: /home/user/dobot_ws/install/dobot_msgs_v4/include/dobot_msgs_v4/dobot_msgs_v4/srv/detail/tool__rosidl_typesupport_introspection_c.h
-- Installing: /home/user/dobot_ws/install/dobot_msgs_v4/include/dobot_msgs_v4/dobot_msgs_v4/srv/detail/do_group__rosidl_typesupport_introspection_c.h
-- Installing: /home/user/dobot_ws/install/dobot_msgs_v4/include/dobot_msgs_v4/dobot_msgs_v4/srv/detail/check_odd_mov_j__type_support.c
-- Installing: /home/user/dobot_ws/install/dobot_msgs_v4/include/dobot_msgs_v4/dobot_msgs_v4/srv/detail/tcp_dashboard__type_support.c
-- Installing: /home/user/dobot_ws/install/dobot_msgs_v4/include/dobot_msgs_v4/dobot_msgs_v4/srv/detail/set_safe_skin__type_support.c
-- Installing: /home/user/dobot_ws/install/dobot_msgs_v4/include/dobot_msgs_v4/dobot_msgs_v4/srv/detail/servo_j__rosidl_typesupport_introspection_c.h
-- Installing: /home/user/dobot_ws/install/dobot_msgs_v4/include/dobot_msgs_v4/dobot_msgs_v4/srv/detail/fc_set_force_speed_limit__rosidl_typesupport_introspection_c.h
-- Installing: /home/user/dobot_ws/install/dobot_msgs_v4/include/dobot_msgs_v4/dobot_msgs_v4/srv/detail/stop__type_support.c
-- Installing: /home/user/dobot_ws/install/dobot_msgs_v4/include/dobot_msgs_v4/dobot_msgs_v4/srv/detail/get_start_pose__rosidl_typesupport_introspection_c.h
-- Installing: /home/user/dobot_ws/install/dobot_msgs_v4/include/dobot_msgs_v4/dobot_msgs_v4/srv/detail/get_in_bits__type_support.c
-- Installing: /home/user/dobot_ws/install/dobot_msgs_v4/include/dobot_msgs_v4/dobot_msgs_v4/srv/detail/get_do__type_support.c
-- Installing: /home/user/dobot_ws/install/dobot_msgs_v4/include/dobot_msgs_v4/dobot_msgs_v4/srv/detail/get_current_command_id__rosidl_typesupport_introspection_c.h
-- Installing: /home/user/dobot_ws/install/dobot_msgs_v4/include/dobot_msgs_v4/dobot_msgs_v4/srv/detail/inverse_solution__rosidl_typesupport_introspection_c.h
-- Installing: /home/user/dobot_ws/install/dobot_msgs_v4/include/dobot_msgs_v4/dobot_msgs_v4/srv/detail/set_safe_skin__rosidl_typesupport_introspection_c.h
-- Installing: /home/user/dobot_ws/install/dobot_msgs_v4/include/dobot_msgs_v4/dobot_msgs_v4/srv/detail/mov_lio__type_support.c
-- Installing: /home/user/dobot_ws/install/dobot_msgs_v4/include/dobot_msgs_v4/dobot_msgs_v4/srv/detail/modbus_rtu_create__rosidl_typesupport_introspection_c.h
-- Installing: /home/user/dobot_ws/install/dobot_msgs_v4/include/dobot_msgs_v4/dobot_msgs_v4/srv/detail/get_input_float__type_support.c
-- Installing: /home/user/dobot_ws/install/dobot_msgs_v4/include/dobot_msgs_v4/dobot_msgs_v4/srv/detail/get_hold_regs__type_support.c
-- Installing: /home/user/dobot_ws/install/dobot_msgs_v4/include/dobot_msgs_v4/dobot_msgs_v4/srv/detail/get_in_bits__rosidl_typesupport_introspection_c.h
-- Installing: /home/user/dobot_ws/install/dobot_msgs_v4/include/dobot_msgs_v4/dobot_msgs_v4/srv/detail/cp__rosidl_typesupport_introspection_c.h
-- Installing: /home/user/dobot_ws/install/dobot_msgs_v4/include/dobot_msgs_v4/dobot_msgs_v4/srv/detail/reset_robot__rosidl_typesupport_introspection_c.h
-- Installing: /home/user/dobot_ws/install/dobot_msgs_v4/include/dobot_msgs_v4/dobot_msgs_v4/srv/detail/force_drive_mode__type_support.c
-- Installing: /home/user/dobot_ws/install/dobot_msgs_v4/include/dobot_msgs_v4/dobot_msgs_v4/srv/detail/fc_set_deviation__type_support.c
-- Installing: /home/user/dobot_ws/install/dobot_msgs_v4/include/dobot_msgs_v4/dobot_msgs_v4/srv/detail/di__type_support.c
-- Installing: /home/user/dobot_ws/install/dobot_msgs_v4/include/dobot_msgs_v4/dobot_msgs_v4/srv/detail/fc_set_stiffness__type_support.c
-- Installing: /home/user/dobot_ws/install/dobot_msgs_v4/include/dobot_msgs_v4/dobot_msgs_v4/srv/detail/set_coils__rosidl_typesupport_introspection_c.h
-- Installing: /home/user/dobot_ws/install/dobot_msgs_v4/include/dobot_msgs_v4/dobot_msgs_v4/srv/detail/get_force__rosidl_typesupport_introspection_c.h
-- Installing: /home/user/dobot_ws/install/dobot_msgs_v4/include/dobot_msgs_v4/dobot_msgs_v4/srv/detail/circle__type_support.c
-- Installing: /home/user/dobot_ws/install/dobot_msgs_v4/include/dobot_msgs_v4/dobot_msgs_v4/srv/detail/emergency_stop__type_support.c
-- Installing: /home/user/dobot_ws/install/dobot_msgs_v4/include/dobot_msgs_v4/dobot_msgs_v4/srv/detail/inverse_solution__type_support.c
-- Installing: /home/user/dobot_ws/install/dobot_msgs_v4/include/dobot_msgs_v4/dobot_msgs_v4/srv/detail/clear_error__rosidl_typesupport_introspection_c.h
-- Installing: /home/user/dobot_ws/install/dobot_msgs_v4/include/dobot_msgs_v4/dobot_msgs_v4/srv/detail/vel_l__rosidl_typesupport_introspection_c.h
-- Installing: /home/user/dobot_ws/install/dobot_msgs_v4/include/dobot_msgs_v4/dobot_msgs_v4/srv/detail/rel_joint_mov_j__rosidl_typesupport_introspection_c.h
-- Installing: /home/user/dobot_ws/install/dobot_msgs_v4/include/dobot_msgs_v4/dobot_msgs_v4/srv/detail/get_angle__type_support.c
-- Installing: /home/user/dobot_ws/install/dobot_msgs_v4/include/dobot_msgs_v4/dobot_msgs_v4/srv/detail/get_input_int__rosidl_typesupport_introspection_c.h
-- Installing: /home/user/dobot_ws/install/dobot_msgs_v4/include/dobot_msgs_v4/dobot_msgs_v4/srv/detail/start_drag__type_support.c
-- Installing: /home/user/dobot_ws/install/dobot_msgs_v4/include/dobot_msgs_v4/dobot_msgs_v4/srv/detail/fc_set_force_limit__rosidl_typesupport_introspection_c.h
-- Installing: /home/user/dobot_ws/install/dobot_msgs_v4/include/dobot_msgs_v4/dobot_msgs_v4/srv/detail/request_control__type_support.c
-- Installing: /home/user/dobot_ws/install/dobot_msgs_v4/include/dobot_msgs_v4/dobot_msgs_v4/srv/detail/run_script__rosidl_typesupport_introspection_c.h
-- Installing: /home/user/dobot_ws/install/dobot_msgs_v4/include/dobot_msgs_v4/dobot_msgs_v4/srv/detail/set_output_int__type_support.c
-- Installing: /home/user/dobot_ws/install/dobot_msgs_v4/include/dobot_msgs_v4/dobot_msgs_v4/srv/detail/drag_sensivity__rosidl_typesupport_introspection_c.h
-- Installing: /home/user/dobot_ws/install/dobot_msgs_v4/include/dobot_msgs_v4/dobot_msgs_v4/srv/detail/set_tool_mode__rosidl_typesupport_introspection_c.h
-- Installing: /home/user/dobot_ws/install/dobot_msgs_v4/include/dobot_msgs_v4/dobot_msgs_v4/srv/detail/servo_p__rosidl_typesupport_introspection_c.h
-- Installing: /home/user/dobot_ws/install/dobot_msgs_v4/include/dobot_msgs_v4/dobot_msgs_v4/srv/detail/tool_do__rosidl_typesupport_introspection_c.h
-- Installing: /home/user/dobot_ws/install/dobot_msgs_v4/include/dobot_msgs_v4/dobot_msgs_v4/srv/detail/force_drive_speed__type_support.c
-- Installing: /home/user/dobot_ws/install/dobot_msgs_v4/include/dobot_msgs_v4/dobot_msgs_v4/srv/detail/fc_off__type_support.c
-- Installing: /home/user/dobot_ws/install/dobot_msgs_v4/include/dobot_msgs_v4/dobot_msgs_v4/srv/detail/get_hold_regs__rosidl_typesupport_introspection_c.h
-- Installing: /home/user/dobot_ws/install/dobot_msgs_v4/include/dobot_msgs_v4/dobot_msgs_v4/srv/detail/get_input_bool__rosidl_typesupport_introspection_c.h
-- Installing: /home/user/dobot_ws/install/dobot_msgs_v4/include/dobot_msgs_v4/dobot_msgs_v4/srv/detail/ai__rosidl_typesupport_introspection_c.h
-- Installing: /home/user/dobot_ws/install/dobot_msgs_v4/include/dobot_msgs_v4/dobot_msgs_v4/srv/detail/calc_user__rosidl_typesupport_introspection_c.h
-- Installing: /home/user/dobot_ws/install/dobot_msgs_v4/include/dobot_msgs_v4/dobot_msgs_v4/srv/detail/do_group_dec__rosidl_typesupport_introspection_c.h
-- Installing: /home/user/dobot_ws/install/dobot_msgs_v4/include/dobot_msgs_v4/dobot_msgs_v4/srv/detail/brake_control__type_support.c
-- Installing: /home/user/dobot_ws/install/dobot_msgs_v4/include/dobot_msgs_v4/dobot_msgs_v4/srv/detail/set_post_collision_mode__type_support.c
-- Installing: /home/user/dobot_ws/install/dobot_msgs_v4/include/dobot_msgs_v4/dobot_msgs_v4/srv/detail/pause__type_support.c
-- Installing: /home/user/dobot_ws/install/dobot_msgs_v4/include/dobot_msgs_v4/dobot_msgs_v4/srv/detail/rel_mov_l_user__rosidl_typesupport_introspection_c.h
-- Installing: /home/user/dobot_ws/install/dobot_msgs_v4/include/dobot_msgs_v4/dobot_msgs_v4/srv/detail/mov_l__type_support.c
-- Installing: /home/user/dobot_ws/install/dobot_msgs_v4/include/dobot_msgs_v4/dobot_msgs_v4/srv/detail/acc_l__rosidl_typesupport_introspection_c.h
-- Installing: /home/user/dobot_ws/install/dobot_msgs_v4/include/dobot_msgs_v4/dobot_msgs_v4/srv/detail/mov_jio__type_support.c
-- Installing: /home/user/dobot_ws/install/dobot_msgs_v4/include/dobot_msgs_v4/dobot_msgs_v4/srv/detail/ai__type_support.c
-- Installing: /home/user/dobot_ws/install/dobot_msgs_v4/include/dobot_msgs_v4/dobot_msgs_v4/srv/detail/fc_set_stiffness__rosidl_typesupport_introspection_c.h
-- Installing: /home/user/dobot_ws/install/dobot_msgs_v4/include/dobot_msgs_v4/dobot_msgs_v4/srv/detail/rel_mov_j_user__type_support.c
-- Installing: /home/user/dobot_ws/install/dobot_msgs_v4/include/dobot_msgs_v4/dobot_msgs_v4/srv/detail/fc_set_force__rosidl_typesupport_introspection_c.h
-- Installing: /home/user/dobot_ws/install/dobot_msgs_v4/include/dobot_msgs_v4/dobot_msgs_v4/srv/detail/rel_joint_mov_j__type_support.c
-- Installing: /home/user/dobot_ws/install/dobot_msgs_v4/include/dobot_msgs_v4/dobot_msgs_v4/srv/detail/rel_mov_j_tool__type_support.c
-- Installing: /home/user/dobot_ws/install/dobot_msgs_v4/include/dobot_msgs_v4/dobot_msgs_v4/srv/detail/start_rt_offset__rosidl_typesupport_introspection_c.h
-- Installing: /home/user/dobot_ws/install/dobot_msgs_v4/include/dobot_msgs_v4/dobot_msgs_v4/srv/detail/arc__type_support.c
-- Installing: /home/user/dobot_ws/install/dobot_msgs_v4/include/dobot_msgs_v4/dobot_msgs_v4/srv/detail/set_tool__type_support.c
-- Installing: /home/user/dobot_ws/install/dobot_msgs_v4/include/dobot_msgs_v4/dobot_msgs_v4/srv/detail/tool_do_instant__rosidl_typesupport_introspection_c.h
-- Installing: /home/user/dobot_ws/install/dobot_msgs_v4/include/dobot_msgs_v4/dobot_msgs_v4/srv/detail/calc_user__type_support.c
-- Installing: /home/user/dobot_ws/install/dobot_msgs_v4/include/dobot_msgs_v4/dobot_msgs_v4/srv/detail/get_do__rosidl_typesupport_introspection_c.h
-- Installing: /home/user/dobot_ws/install/dobot_msgs_v4/include/dobot_msgs_v4/dobot_msgs_v4/srv/detail/get_do_group__rosidl_typesupport_introspection_c.h
-- Installing: /home/user/dobot_ws/install/dobot_msgs_v4/include/dobot_msgs_v4/dobot_msgs_v4/srv/detail/emergency_stop__rosidl_typesupport_introspection_c.h
-- Installing: /home/user/dobot_ws/install/dobot_msgs_v4/include/dobot_msgs_v4/dobot_msgs_v4/srv/detail/cp__type_support.c
-- Installing: /home/user/dobot_ws/install/dobot_msgs_v4/include/dobot_msgs_v4/dobot_msgs_v4/srv/detail/request_control__rosidl_typesupport_introspection_c.h
-- Installing: /home/user/dobot_ws/install/dobot_msgs_v4/include/dobot_msgs_v4/dobot_msgs_v4/srv/detail/fc_set_deviation__rosidl_typesupport_introspection_c.h
-- Installing: /home/user/dobot_ws/install/dobot_msgs_v4/include/dobot_msgs_v4/dobot_msgs_v4/srv/detail/check_odd_mov_l__type_support.c
-- Installing: /home/user/dobot_ws/install/dobot_msgs_v4/include/dobot_msgs_v4/dobot_msgs_v4/srv/detail/set_payload__type_support.c
-- Installing: /home/user/dobot_ws/install/dobot_msgs_v4/include/dobot_msgs_v4/dobot_msgs_v4/srv/detail/user__rosidl_typesupport_introspection_c.h
-- Installing: /home/user/dobot_ws/install/dobot_msgs_v4/include/dobot_msgs_v4/dobot_msgs_v4/srv/detail/vel_l__type_support.c
-- Installing: /home/user/dobot_ws/install/dobot_msgs_v4/include/dobot_msgs_v4/dobot_msgs_v4/srv/detail/get_pose__rosidl_typesupport_introspection_c.h
-- Installing: /home/user/dobot_ws/install/dobot_msgs_v4/include/dobot_msgs_v4/dobot_msgs_v4/srv/detail/get_output_bool__type_support.c
-- Installing: /home/user/dobot_ws/install/dobot_msgs_v4/include/dobot_msgs_v4/dobot_msgs_v4/srv/detail/modbus_close__type_support.c
-- Installing: /home/user/dobot_ws/install/dobot_msgs_v4/include/dobot_msgs_v4/dobot_msgs_v4/srv/detail/inverse_kin__type_support.c
-- Installing: /home/user/dobot_ws/install/dobot_msgs_v4/include/dobot_msgs_v4/dobot_msgs_v4/srv/detail/robot_mode__type_support.c
-- Installing: /home/user/dobot_ws/install/dobot_msgs_v4/include/dobot_msgs_v4/dobot_msgs_v4/srv/detail/get_error_id__type_support.c
-- Installing: /home/user/dobot_ws/install/dobot_msgs_v4/include/dobot_msgs_v4/dobot_msgs_v4/srv/detail/continue__type_support.c
-- Installing: /home/user/dobot_ws/install/dobot_msgs_v4/include/dobot_msgs_v4/dobot_msgs_v4/srv/detail/tool_ai__rosidl_typesupport_introspection_c.h
-- Installing: /home/user/dobot_ws/install/dobot_msgs_v4/include/dobot_msgs_v4/dobot_msgs_v4/srv/detail/enable_safe_skin__type_support.c
-- Installing: /home/user/dobot_ws/install/dobot_msgs_v4/include/dobot_msgs_v4/dobot_msgs_v4/srv/detail/check_odd_mov_c__rosidl_typesupport_introspection_c.h
-- Installing: /home/user/dobot_ws/install/dobot_msgs_v4/include/dobot_msgs_v4/dobot_msgs_v4/srv/detail/set_tool_power__rosidl_typesupport_introspection_c.h
-- Installing: /home/user/dobot_ws/install/dobot_msgs_v4/include/dobot_msgs_v4/dobot_msgs_v4/srv/detail/ao_instant__type_support.c
-- Installing: /home/user/dobot_ws/install/dobot_msgs_v4/include/dobot_msgs_v4/dobot_msgs_v4/srv/detail/set_tool485__type_support.c
-- Installing: /home/user/dobot_ws/install/dobot_msgs_v4/lib/libdobot_msgs_v4__rosidl_typesupport_introspection_c.so
-- Set runtime path of "/home/user/dobot_ws/install/dobot_msgs_v4/lib/libdobot_msgs_v4__rosidl_typesupport_introspection_c.so" to ""
-- Installing: /home/user/dobot_ws/install/dobot_msgs_v4/lib/libdobot_msgs_v4__rosidl_typesupport_c.so
-- Set runtime path of "/home/user/dobot_ws/install/dobot_msgs_v4/lib/libdobot_msgs_v4__rosidl_typesupport_c.so" to ""
-- Up-to-date: /home/user/dobot_ws/install/dobot_msgs_v4/include/dobot_msgs_v4/dobot_msgs_v4
-- Up-to-date: /home/user/dobot_ws/install/dobot_msgs_v4/include/dobot_msgs_v4/dobot_msgs_v4/msg
-- Up-to-date: /home/user/dobot_ws/install/dobot_msgs_v4/include/dobot_msgs_v4/dobot_msgs_v4/msg/detail
-- Installing: /home/user/dobot_ws/install/dobot_msgs_v4/include/dobot_msgs_v4/dobot_msgs_v4/msg/detail/tool_vector_actual__type_support.cpp
-- Installing: /home/user/dobot_ws/install/dobot_msgs_v4/include/dobot_msgs_v4/dobot_msgs_v4/msg/detail/tool_vector_actual__rosidl_typesupport_introspection_cpp.hpp
-- Installing: /home/user/dobot_ws/install/dobot_msgs_v4/include/dobot_msgs_v4/dobot_msgs_v4/msg/detail/robot_status__rosidl_typesupport_introspection_cpp.hpp
-- Installing: /home/user/dobot_ws/install/dobot_msgs_v4/include/dobot_msgs_v4/dobot_msgs_v4/msg/detail/robot_status__type_support.cpp
-- Up-to-date: /home/user/dobot_ws/install/dobot_msgs_v4/include/dobot_msgs_v4/dobot_msgs_v4/srv
-- Up-to-date: /home/user/dobot_ws/install/dobot_msgs_v4/include/dobot_msgs_v4/dobot_msgs_v4/srv/detail
-- Installing: /home/user/dobot_ws/install/dobot_msgs_v4/include/dobot_msgs_v4/dobot_msgs_v4/srv/detail/check_odd_mov_l__type_support.cpp
-- Installing: /home/user/dobot_ws/install/dobot_msgs_v4/include/dobot_msgs_v4/dobot_msgs_v4/srv/detail/get_coils__rosidl_typesupport_introspection_cpp.hpp
-- Installing: /home/user/dobot_ws/install/dobot_msgs_v4/include/dobot_msgs_v4/dobot_msgs_v4/srv/detail/get_error_id__type_support.cpp
-- Installing: /home/user/dobot_ws/install/dobot_msgs_v4/include/dobot_msgs_v4/dobot_msgs_v4/srv/detail/get_hold_regs__rosidl_typesupport_introspection_cpp.hpp
-- Installing: /home/user/dobot_ws/install/dobot_msgs_v4/include/dobot_msgs_v4/dobot_msgs_v4/srv/detail/brake_control__rosidl_typesupport_introspection_cpp.hpp
-- Installing: /home/user/dobot_ws/install/dobot_msgs_v4/include/dobot_msgs_v4/dobot_msgs_v4/srv/detail/rel_mov_j_user__rosidl_typesupport_introspection_cpp.hpp
-- Installing: /home/user/dobot_ws/install/dobot_msgs_v4/include/dobot_msgs_v4/dobot_msgs_v4/srv/detail/positive_kin__type_support.cpp
-- Installing: /home/user/dobot_ws/install/dobot_msgs_v4/include/dobot_msgs_v4/dobot_msgs_v4/srv/detail/get_coils__type_support.cpp
-- Installing: /home/user/dobot_ws/install/dobot_msgs_v4/include/dobot_msgs_v4/dobot_msgs_v4/srv/detail/acc_l__type_support.cpp
-- Installing: /home/user/dobot_ws/install/dobot_msgs_v4/include/dobot_msgs_v4/dobot_msgs_v4/srv/detail/set_work_zone_enable__rosidl_typesupport_introspection_cpp.hpp
-- Installing: /home/user/dobot_ws/install/dobot_msgs_v4/include/dobot_msgs_v4/dobot_msgs_v4/srv/detail/speed_factor__type_support.cpp
-- Installing: /home/user/dobot_ws/install/dobot_msgs_v4/include/dobot_msgs_v4/dobot_msgs_v4/srv/detail/calc_user__rosidl_typesupport_introspection_cpp.hpp
-- Installing: /home/user/dobot_ws/install/dobot_msgs_v4/include/dobot_msgs_v4/dobot_msgs_v4/srv/detail/get_do_group__rosidl_typesupport_introspection_cpp.hpp
-- Installing: /home/user/dobot_ws/install/dobot_msgs_v4/include/dobot_msgs_v4/dobot_msgs_v4/srv/detail/continue__type_support.cpp
-- Installing: /home/user/dobot_ws/install/dobot_msgs_v4/include/dobot_msgs_v4/dobot_msgs_v4/srv/detail/set_fc_collision__type_support.cpp
-- Installing: /home/user/dobot_ws/install/dobot_msgs_v4/include/dobot_msgs_v4/dobot_msgs_v4/srv/detail/inverse_solution__type_support.cpp
-- Installing: /home/user/dobot_ws/install/dobot_msgs_v4/include/dobot_msgs_v4/dobot_msgs_v4/srv/detail/fc_set_force_speed_limit__type_support.cpp
-- Installing: /home/user/dobot_ws/install/dobot_msgs_v4/include/dobot_msgs_v4/dobot_msgs_v4/srv/detail/set_coils__type_support.cpp
-- Installing: /home/user/dobot_ws/install/dobot_msgs_v4/include/dobot_msgs_v4/dobot_msgs_v4/srv/detail/move_jog__rosidl_typesupport_introspection_cpp.hpp
-- Installing: /home/user/dobot_ws/install/dobot_msgs_v4/include/dobot_msgs_v4/dobot_msgs_v4/srv/detail/cp__type_support.cpp
-- Installing: /home/user/dobot_ws/install/dobot_msgs_v4/include/dobot_msgs_v4/dobot_msgs_v4/srv/detail/ai__rosidl_typesupport_introspection_cpp.hpp
-- Installing: /home/user/dobot_ws/install/dobot_msgs_v4/include/dobot_msgs_v4/dobot_msgs_v4/srv/detail/do_instant__type_support.cpp
-- Installing: /home/user/dobot_ws/install/dobot_msgs_v4/include/dobot_msgs_v4/dobot_msgs_v4/srv/detail/get_ao__rosidl_typesupport_introspection_cpp.hpp
-- Installing: /home/user/dobot_ws/install/dobot_msgs_v4/include/dobot_msgs_v4/dobot_msgs_v4/srv/detail/do_group__type_support.cpp
-- Installing: /home/user/dobot_ws/install/dobot_msgs_v4/include/dobot_msgs_v4/dobot_msgs_v4/srv/detail/ao__type_support.cpp
-- Installing: /home/user/dobot_ws/install/dobot_msgs_v4/include/dobot_msgs_v4/dobot_msgs_v4/srv/detail/get_output_int__type_support.cpp
-- Installing: /home/user/dobot_ws/install/dobot_msgs_v4/include/dobot_msgs_v4/dobot_msgs_v4/srv/detail/fc_set_force__rosidl_typesupport_introspection_cpp.hpp
-- Installing: /home/user/dobot_ws/install/dobot_msgs_v4/include/dobot_msgs_v4/dobot_msgs_v4/srv/detail/power_on__rosidl_typesupport_introspection_cpp.hpp
-- Installing: /home/user/dobot_ws/install/dobot_msgs_v4/include/dobot_msgs_v4/dobot_msgs_v4/srv/detail/set_output_float__rosidl_typesupport_introspection_cpp.hpp
-- Installing: /home/user/dobot_ws/install/dobot_msgs_v4/include/dobot_msgs_v4/dobot_msgs_v4/srv/detail/set_safe_wall_enable__rosidl_typesupport_introspection_cpp.hpp
-- Installing: /home/user/dobot_ws/install/dobot_msgs_v4/include/dobot_msgs_v4/dobot_msgs_v4/srv/detail/get_pose__type_support.cpp
-- Installing: /home/user/dobot_ws/install/dobot_msgs_v4/include/dobot_msgs_v4/dobot_msgs_v4/srv/detail/get_do_group__type_support.cpp
-- Installing: /home/user/dobot_ws/install/dobot_msgs_v4/include/dobot_msgs_v4/dobot_msgs_v4/srv/detail/do_group_dec__type_support.cpp
-- Installing: /home/user/dobot_ws/install/dobot_msgs_v4/include/dobot_msgs_v4/dobot_msgs_v4/srv/detail/stop__type_support.cpp
-- Installing: /home/user/dobot_ws/install/dobot_msgs_v4/include/dobot_msgs_v4/dobot_msgs_v4/srv/detail/set_safe_skin__type_support.cpp
-- Installing: /home/user/dobot_ws/install/dobot_msgs_v4/include/dobot_msgs_v4/dobot_msgs_v4/srv/detail/set_payload__type_support.cpp
-- Installing: /home/user/dobot_ws/install/dobot_msgs_v4/include/dobot_msgs_v4/dobot_msgs_v4/srv/detail/modbus_close__rosidl_typesupport_introspection_cpp.hpp
-- Installing: /home/user/dobot_ws/install/dobot_msgs_v4/include/dobot_msgs_v4/dobot_msgs_v4/srv/detail/mov_jio__type_support.cpp
-- Installing: /home/user/dobot_ws/install/dobot_msgs_v4/include/dobot_msgs_v4/dobot_msgs_v4/srv/detail/set_tool485__type_support.cpp
-- Installing: /home/user/dobot_ws/install/dobot_msgs_v4/include/dobot_msgs_v4/dobot_msgs_v4/srv/detail/tool_ai__rosidl_typesupport_introspection_cpp.hpp
-- Installing: /home/user/dobot_ws/install/dobot_msgs_v4/include/dobot_msgs_v4/dobot_msgs_v4/srv/detail/fc_set_mass__type_support.cpp
-- Installing: /home/user/dobot_ws/install/dobot_msgs_v4/include/dobot_msgs_v4/dobot_msgs_v4/srv/detail/arc__rosidl_typesupport_introspection_cpp.hpp
-- Installing: /home/user/dobot_ws/install/dobot_msgs_v4/include/dobot_msgs_v4/dobot_msgs_v4/srv/detail/tool_di__rosidl_typesupport_introspection_cpp.hpp
-- Installing: /home/user/dobot_ws/install/dobot_msgs_v4/include/dobot_msgs_v4/dobot_msgs_v4/srv/detail/rel_mov_l_tool__type_support.cpp
-- Installing: /home/user/dobot_ws/install/dobot_msgs_v4/include/dobot_msgs_v4/dobot_msgs_v4/srv/detail/drag_sensivity__type_support.cpp
-- Installing: /home/user/dobot_ws/install/dobot_msgs_v4/include/dobot_msgs_v4/dobot_msgs_v4/srv/detail/set_coils__rosidl_typesupport_introspection_cpp.hpp
-- Installing: /home/user/dobot_ws/install/dobot_msgs_v4/include/dobot_msgs_v4/dobot_msgs_v4/srv/detail/acc_j__rosidl_typesupport_introspection_cpp.hpp
-- Installing: /home/user/dobot_ws/install/dobot_msgs_v4/include/dobot_msgs_v4/dobot_msgs_v4/srv/detail/calc_user__type_support.cpp
-- Installing: /home/user/dobot_ws/install/dobot_msgs_v4/include/dobot_msgs_v4/dobot_msgs_v4/srv/detail/fc_set_stiffness__rosidl_typesupport_introspection_cpp.hpp
-- Installing: /home/user/dobot_ws/install/dobot_msgs_v4/include/dobot_msgs_v4/dobot_msgs_v4/srv/detail/speed_factor__rosidl_typesupport_introspection_cpp.hpp
-- Installing: /home/user/dobot_ws/install/dobot_msgs_v4/include/dobot_msgs_v4/dobot_msgs_v4/srv/detail/set_output_float__type_support.cpp
-- Installing: /home/user/dobot_ws/install/dobot_msgs_v4/include/dobot_msgs_v4/dobot_msgs_v4/srv/detail/get_output_float__rosidl_typesupport_introspection_cpp.hpp
-- Installing: /home/user/dobot_ws/install/dobot_msgs_v4/include/dobot_msgs_v4/dobot_msgs_v4/srv/detail/user__rosidl_typesupport_introspection_cpp.hpp
-- Installing: /home/user/dobot_ws/install/dobot_msgs_v4/include/dobot_msgs_v4/dobot_msgs_v4/srv/detail/tool__rosidl_typesupport_introspection_cpp.hpp
-- Installing: /home/user/dobot_ws/install/dobot_msgs_v4/include/dobot_msgs_v4/dobot_msgs_v4/srv/detail/robot_mode__rosidl_typesupport_introspection_cpp.hpp
-- Installing: /home/user/dobot_ws/install/dobot_msgs_v4/include/dobot_msgs_v4/dobot_msgs_v4/srv/detail/di_group__rosidl_typesupport_introspection_cpp.hpp
-- Installing: /home/user/dobot_ws/install/dobot_msgs_v4/include/dobot_msgs_v4/dobot_msgs_v4/srv/detail/get_ao__type_support.cpp
-- Installing: /home/user/dobot_ws/install/dobot_msgs_v4/include/dobot_msgs_v4/dobot_msgs_v4/srv/detail/get_current_command_id__rosidl_typesupport_introspection_cpp.hpp
-- Installing: /home/user/dobot_ws/install/dobot_msgs_v4/include/dobot_msgs_v4/dobot_msgs_v4/srv/detail/vel_j__rosidl_typesupport_introspection_cpp.hpp
-- Installing: /home/user/dobot_ws/install/dobot_msgs_v4/include/dobot_msgs_v4/dobot_msgs_v4/srv/detail/mov_j__type_support.cpp
-- Installing: /home/user/dobot_ws/install/dobot_msgs_v4/include/dobot_msgs_v4/dobot_msgs_v4/srv/detail/fc_force_mode__rosidl_typesupport_introspection_cpp.hpp
-- Installing: /home/user/dobot_ws/install/dobot_msgs_v4/include/dobot_msgs_v4/dobot_msgs_v4/srv/detail/set_back_distance__type_support.cpp
-- Installing: /home/user/dobot_ws/install/dobot_msgs_v4/include/dobot_msgs_v4/dobot_msgs_v4/srv/detail/get_output_bool__rosidl_typesupport_introspection_cpp.hpp
-- Installing: /home/user/dobot_ws/install/dobot_msgs_v4/include/dobot_msgs_v4/dobot_msgs_v4/srv/detail/fc_set_force_limit__rosidl_typesupport_introspection_cpp.hpp
-- Installing: /home/user/dobot_ws/install/dobot_msgs_v4/include/dobot_msgs_v4/dobot_msgs_v4/srv/detail/acc_l__rosidl_typesupport_introspection_cpp.hpp
-- Installing: /home/user/dobot_ws/install/dobot_msgs_v4/include/dobot_msgs_v4/dobot_msgs_v4/srv/detail/reset_robot__type_support.cpp
-- Installing: /home/user/dobot_ws/install/dobot_msgs_v4/include/dobot_msgs_v4/dobot_msgs_v4/srv/detail/set_hold_regs__type_support.cpp
-- Installing: /home/user/dobot_ws/install/dobot_msgs_v4/include/dobot_msgs_v4/dobot_msgs_v4/srv/detail/enable_safe_skin__rosidl_typesupport_introspection_cpp.hpp
-- Installing: /home/user/dobot_ws/install/dobot_msgs_v4/include/dobot_msgs_v4/dobot_msgs_v4/srv/detail/check_odd_mov_l__rosidl_typesupport_introspection_cpp.hpp
-- Installing: /home/user/dobot_ws/install/dobot_msgs_v4/include/dobot_msgs_v4/dobot_msgs_v4/srv/detail/continue__rosidl_typesupport_introspection_cpp.hpp
-- Installing: /home/user/dobot_ws/install/dobot_msgs_v4/include/dobot_msgs_v4/dobot_msgs_v4/srv/detail/tool_do_instant__rosidl_typesupport_introspection_cpp.hpp
-- Installing: /home/user/dobot_ws/install/dobot_msgs_v4/include/dobot_msgs_v4/dobot_msgs_v4/srv/detail/stop_move_jog__rosidl_typesupport_introspection_cpp.hpp
-- Installing: /home/user/dobot_ws/install/dobot_msgs_v4/include/dobot_msgs_v4/dobot_msgs_v4/srv/detail/rel_mov_l_tool__rosidl_typesupport_introspection_cpp.hpp
-- Installing: /home/user/dobot_ws/install/dobot_msgs_v4/include/dobot_msgs_v4/dobot_msgs_v4/srv/detail/set_back_distance__rosidl_typesupport_introspection_cpp.hpp
-- Installing: /home/user/dobot_ws/install/dobot_msgs_v4/include/dobot_msgs_v4/dobot_msgs_v4/srv/detail/tcp_dashboard__rosidl_typesupport_introspection_cpp.hpp
-- Installing: /home/user/dobot_ws/install/dobot_msgs_v4/include/dobot_msgs_v4/dobot_msgs_v4/srv/detail/set_tool_mode__type_support.cpp
-- Installing: /home/user/dobot_ws/install/dobot_msgs_v4/include/dobot_msgs_v4/dobot_msgs_v4/srv/detail/get_tool_do__type_support.cpp
-- Installing: /home/user/dobot_ws/install/dobot_msgs_v4/include/dobot_msgs_v4/dobot_msgs_v4/srv/detail/do__type_support.cpp
-- Installing: /home/user/dobot_ws/install/dobot_msgs_v4/include/dobot_msgs_v4/dobot_msgs_v4/srv/detail/modbus_create__type_support.cpp
-- Installing: /home/user/dobot_ws/install/dobot_msgs_v4/include/dobot_msgs_v4/dobot_msgs_v4/srv/detail/start_drag__rosidl_typesupport_introspection_cpp.hpp
-- Installing: /home/user/dobot_ws/install/dobot_msgs_v4/include/dobot_msgs_v4/dobot_msgs_v4/srv/detail/run_to__rosidl_typesupport_introspection_cpp.hpp
-- Installing: /home/user/dobot_ws/install/dobot_msgs_v4/include/dobot_msgs_v4/dobot_msgs_v4/srv/detail/run_to__type_support.cpp
-- Installing: /home/user/dobot_ws/install/dobot_msgs_v4/include/dobot_msgs_v4/dobot_msgs_v4/srv/detail/get_do__type_support.cpp
-- Installing: /home/user/dobot_ws/install/dobot_msgs_v4/include/dobot_msgs_v4/dobot_msgs_v4/srv/detail/set_post_collision_mode__rosidl_typesupport_introspection_cpp.hpp
-- Installing: /home/user/dobot_ws/install/dobot_msgs_v4/include/dobot_msgs_v4/dobot_msgs_v4/srv/detail/tool_di__type_support.cpp
-- Installing: /home/user/dobot_ws/install/dobot_msgs_v4/include/dobot_msgs_v4/dobot_msgs_v4/srv/detail/end_rt_offset__rosidl_typesupport_introspection_cpp.hpp
-- Installing: /home/user/dobot_ws/install/dobot_msgs_v4/include/dobot_msgs_v4/dobot_msgs_v4/srv/detail/check_odd_mov_j__type_support.cpp
-- Installing: /home/user/dobot_ws/install/dobot_msgs_v4/include/dobot_msgs_v4/dobot_msgs_v4/srv/detail/servo_j__type_support.cpp
-- Installing: /home/user/dobot_ws/install/dobot_msgs_v4/include/dobot_msgs_v4/dobot_msgs_v4/srv/detail/cp__rosidl_typesupport_introspection_cpp.hpp
-- Installing: /home/user/dobot_ws/install/dobot_msgs_v4/include/dobot_msgs_v4/dobot_msgs_v4/srv/detail/servo_p__rosidl_typesupport_introspection_cpp.hpp
-- Installing: /home/user/dobot_ws/install/dobot_msgs_v4/include/dobot_msgs_v4/dobot_msgs_v4/srv/detail/tool_do__rosidl_typesupport_introspection_cpp.hpp
-- Installing: /home/user/dobot_ws/install/dobot_msgs_v4/include/dobot_msgs_v4/dobot_msgs_v4/srv/detail/get_error__type_support.cpp
-- Installing: /home/user/dobot_ws/install/dobot_msgs_v4/include/dobot_msgs_v4/dobot_msgs_v4/srv/detail/get_hold_regs__type_support.cpp
-- Installing: /home/user/dobot_ws/install/dobot_msgs_v4/include/dobot_msgs_v4/dobot_msgs_v4/srv/detail/enable_safe_skin__type_support.cpp
-- Installing: /home/user/dobot_ws/install/dobot_msgs_v4/include/dobot_msgs_v4/dobot_msgs_v4/srv/detail/stop_move_jog__type_support.cpp
-- Installing: /home/user/dobot_ws/install/dobot_msgs_v4/include/dobot_msgs_v4/dobot_msgs_v4/srv/detail/get_input_float__rosidl_typesupport_introspection_cpp.hpp
-- Installing: /home/user/dobot_ws/install/dobot_msgs_v4/include/dobot_msgs_v4/dobot_msgs_v4/srv/detail/fc_set_damping__rosidl_typesupport_introspection_cpp.hpp
-- Installing: /home/user/dobot_ws/install/dobot_msgs_v4/include/dobot_msgs_v4/dobot_msgs_v4/srv/detail/fc_set_deviation__rosidl_typesupport_introspection_cpp.hpp
-- Installing: /home/user/dobot_ws/install/dobot_msgs_v4/include/dobot_msgs_v4/dobot_msgs_v4/srv/detail/set_user__rosidl_typesupport_introspection_cpp.hpp
-- Installing: /home/user/dobot_ws/install/dobot_msgs_v4/include/dobot_msgs_v4/dobot_msgs_v4/srv/detail/force_drive_mode__type_support.cpp
-- Installing: /home/user/dobot_ws/install/dobot_msgs_v4/include/dobot_msgs_v4/dobot_msgs_v4/srv/detail/tool_ai__type_support.cpp
-- Installing: /home/user/dobot_ws/install/dobot_msgs_v4/include/dobot_msgs_v4/dobot_msgs_v4/srv/detail/set_tool__rosidl_typesupport_introspection_cpp.hpp
-- Installing: /home/user/dobot_ws/install/dobot_msgs_v4/include/dobot_msgs_v4/dobot_msgs_v4/srv/detail/get_input_float__type_support.cpp
-- Installing: /home/user/dobot_ws/install/dobot_msgs_v4/include/dobot_msgs_v4/dobot_msgs_v4/srv/detail/check_odd_mov_c__type_support.cpp
-- Installing: /home/user/dobot_ws/install/dobot_msgs_v4/include/dobot_msgs_v4/dobot_msgs_v4/srv/detail/start_rt_offset__type_support.cpp
-- Installing: /home/user/dobot_ws/install/dobot_msgs_v4/include/dobot_msgs_v4/dobot_msgs_v4/srv/detail/calc_tool__rosidl_typesupport_introspection_cpp.hpp
-- Installing: /home/user/dobot_ws/install/dobot_msgs_v4/include/dobot_msgs_v4/dobot_msgs_v4/srv/detail/request_control__type_support.cpp
-- Installing: /home/user/dobot_ws/install/dobot_msgs_v4/include/dobot_msgs_v4/dobot_msgs_v4/srv/detail/modbus_rtu_create__type_support.cpp
-- Installing: /home/user/dobot_ws/install/dobot_msgs_v4/include/dobot_msgs_v4/dobot_msgs_v4/srv/detail/fc_set_force_limit__type_support.cpp
-- Installing: /home/user/dobot_ws/install/dobot_msgs_v4/include/dobot_msgs_v4/dobot_msgs_v4/srv/detail/inverse_solution__rosidl_typesupport_introspection_cpp.hpp
-- Installing: /home/user/dobot_ws/install/dobot_msgs_v4/include/dobot_msgs_v4/dobot_msgs_v4/srv/detail/request_control__rosidl_typesupport_introspection_cpp.hpp
-- Installing: /home/user/dobot_ws/install/dobot_msgs_v4/include/dobot_msgs_v4/dobot_msgs_v4/srv/detail/mov_jio__rosidl_typesupport_introspection_cpp.hpp
-- Installing: /home/user/dobot_ws/install/dobot_msgs_v4/include/dobot_msgs_v4/dobot_msgs_v4/srv/detail/get_tool_do__rosidl_typesupport_introspection_cpp.hpp
-- Installing: /home/user/dobot_ws/install/dobot_msgs_v4/include/dobot_msgs_v4/dobot_msgs_v4/srv/detail/servo_p__type_support.cpp
-- Installing: /home/user/dobot_ws/install/dobot_msgs_v4/include/dobot_msgs_v4/dobot_msgs_v4/srv/detail/fc_set_force__type_support.cpp
-- Installing: /home/user/dobot_ws/install/dobot_msgs_v4/include/dobot_msgs_v4/dobot_msgs_v4/srv/detail/force_drive_mode__rosidl_typesupport_introspection_cpp.hpp
-- Installing: /home/user/dobot_ws/install/dobot_msgs_v4/include/dobot_msgs_v4/dobot_msgs_v4/srv/detail/inverse_kin__rosidl_typesupport_introspection_cpp.hpp
-- Installing: /home/user/dobot_ws/install/dobot_msgs_v4/include/dobot_msgs_v4/dobot_msgs_v4/srv/detail/enable_robot__type_support.cpp
-- Installing: /home/user/dobot_ws/install/dobot_msgs_v4/include/dobot_msgs_v4/dobot_msgs_v4/srv/detail/vel_l__rosidl_typesupport_introspection_cpp.hpp
-- Installing: /home/user/dobot_ws/install/dobot_msgs_v4/include/dobot_msgs_v4/dobot_msgs_v4/srv/detail/inverse_kin__type_support.cpp
-- Installing: /home/user/dobot_ws/install/dobot_msgs_v4/include/dobot_msgs_v4/dobot_msgs_v4/srv/detail/di__rosidl_typesupport_introspection_cpp.hpp
-- Installing: /home/user/dobot_ws/install/dobot_msgs_v4/include/dobot_msgs_v4/dobot_msgs_v4/srv/detail/set_tool__type_support.cpp
-- Installing: /home/user/dobot_ws/install/dobot_msgs_v4/include/dobot_msgs_v4/dobot_msgs_v4/srv/detail/enable_ft_sensor__type_support.cpp
-- Installing: /home/user/dobot_ws/install/dobot_msgs_v4/include/dobot_msgs_v4/dobot_msgs_v4/srv/detail/get_force__rosidl_typesupport_introspection_cpp.hpp
-- Installing: /home/user/dobot_ws/install/dobot_msgs_v4/include/dobot_msgs_v4/dobot_msgs_v4/srv/detail/tool_do__type_support.cpp
-- Installing: /home/user/dobot_ws/install/dobot_msgs_v4/include/dobot_msgs_v4/dobot_msgs_v4/srv/detail/run_script__type_support.cpp
-- Installing: /home/user/dobot_ws/install/dobot_msgs_v4/include/dobot_msgs_v4/dobot_msgs_v4/srv/detail/check_odd_mov_c__rosidl_typesupport_introspection_cpp.hpp
-- Installing: /home/user/dobot_ws/install/dobot_msgs_v4/include/dobot_msgs_v4/dobot_msgs_v4/srv/detail/get_do_group_dec__rosidl_typesupport_introspection_cpp.hpp
-- Installing: /home/user/dobot_ws/install/dobot_msgs_v4/include/dobot_msgs_v4/dobot_msgs_v4/srv/detail/positive_kin__rosidl_typesupport_introspection_cpp.hpp
-- Installing: /home/user/dobot_ws/install/dobot_msgs_v4/include/dobot_msgs_v4/dobot_msgs_v4/srv/detail/brake_control__type_support.cpp
-- Installing: /home/user/dobot_ws/install/dobot_msgs_v4/include/dobot_msgs_v4/dobot_msgs_v4/srv/detail/get_do_group_dec__type_support.cpp
-- Installing: /home/user/dobot_ws/install/dobot_msgs_v4/include/dobot_msgs_v4/dobot_msgs_v4/srv/detail/disable_robot__rosidl_typesupport_introspection_cpp.hpp
-- Installing: /home/user/dobot_ws/install/dobot_msgs_v4/include/dobot_msgs_v4/dobot_msgs_v4/srv/detail/ao__rosidl_typesupport_introspection_cpp.hpp
-- Installing: /home/user/dobot_ws/install/dobot_msgs_v4/include/dobot_msgs_v4/dobot_msgs_v4/srv/detail/get_start_pose__rosidl_typesupport_introspection_cpp.hpp
-- Installing: /home/user/dobot_ws/install/dobot_msgs_v4/include/dobot_msgs_v4/dobot_msgs_v4/srv/detail/get_in_bits__rosidl_typesupport_introspection_cpp.hpp
-- Installing: /home/user/dobot_ws/install/dobot_msgs_v4/include/dobot_msgs_v4/dobot_msgs_v4/srv/detail/get_pose__rosidl_typesupport_introspection_cpp.hpp
-- Installing: /home/user/dobot_ws/install/dobot_msgs_v4/include/dobot_msgs_v4/dobot_msgs_v4/srv/detail/get_in_regs__rosidl_typesupport_introspection_cpp.hpp
-- Installing: /home/user/dobot_ws/install/dobot_msgs_v4/include/dobot_msgs_v4/dobot_msgs_v4/srv/detail/start_path__type_support.cpp
-- Installing: /home/user/dobot_ws/install/dobot_msgs_v4/include/dobot_msgs_v4/dobot_msgs_v4/srv/detail/fc_off__rosidl_typesupport_introspection_cpp.hpp
-- Installing: /home/user/dobot_ws/install/dobot_msgs_v4/include/dobot_msgs_v4/dobot_msgs_v4/srv/detail/fc_collision_switch__type_support.cpp
-- Installing: /home/user/dobot_ws/install/dobot_msgs_v4/include/dobot_msgs_v4/dobot_msgs_v4/srv/detail/start_path__rosidl_typesupport_introspection_cpp.hpp
-- Installing: /home/user/dobot_ws/install/dobot_msgs_v4/include/dobot_msgs_v4/dobot_msgs_v4/srv/detail/mov_lio__rosidl_typesupport_introspection_cpp.hpp
-- Installing: /home/user/dobot_ws/install/dobot_msgs_v4/include/dobot_msgs_v4/dobot_msgs_v4/srv/detail/force_drive_speed__rosidl_typesupport_introspection_cpp.hpp
-- Installing: /home/user/dobot_ws/install/dobot_msgs_v4/include/dobot_msgs_v4/dobot_msgs_v4/srv/detail/disable_robot__type_support.cpp
-- Installing: /home/user/dobot_ws/install/dobot_msgs_v4/include/dobot_msgs_v4/dobot_msgs_v4/srv/detail/clear_error__rosidl_typesupport_introspection_cpp.hpp
-- Installing: /home/user/dobot_ws/install/dobot_msgs_v4/include/dobot_msgs_v4/dobot_msgs_v4/srv/detail/di_group_dec__rosidl_typesupport_introspection_cpp.hpp
-- Installing: /home/user/dobot_ws/install/dobot_msgs_v4/include/dobot_msgs_v4/dobot_msgs_v4/srv/detail/get_do__rosidl_typesupport_introspection_cpp.hpp
-- Installing: /home/user/dobot_ws/install/dobot_msgs_v4/include/dobot_msgs_v4/dobot_msgs_v4/srv/detail/ao_instant__rosidl_typesupport_introspection_cpp.hpp
-- Installing: /home/user/dobot_ws/install/dobot_msgs_v4/include/dobot_msgs_v4/dobot_msgs_v4/srv/detail/modbus_close__type_support.cpp
-- Installing: /home/user/dobot_ws/install/dobot_msgs_v4/include/dobot_msgs_v4/dobot_msgs_v4/srv/detail/tcp_dashboard__type_support.cpp
-- Installing: /home/user/dobot_ws/install/dobot_msgs_v4/include/dobot_msgs_v4/dobot_msgs_v4/srv/detail/fc_set_damping__type_support.cpp
-- Installing: /home/user/dobot_ws/install/dobot_msgs_v4/include/dobot_msgs_v4/dobot_msgs_v4/srv/detail/get_angle__rosidl_typesupport_introspection_cpp.hpp
-- Installing: /home/user/dobot_ws/install/dobot_msgs_v4/include/dobot_msgs_v4/dobot_msgs_v4/srv/detail/check_odd_mov_j__rosidl_typesupport_introspection_cpp.hpp
-- Installing: /home/user/dobot_ws/install/dobot_msgs_v4/include/dobot_msgs_v4/dobot_msgs_v4/srv/detail/force_drive_speed__type_support.cpp
-- Installing: /home/user/dobot_ws/install/dobot_msgs_v4/include/dobot_msgs_v4/dobot_msgs_v4/srv/detail/tool__type_support.cpp
-- Installing: /home/user/dobot_ws/install/dobot_msgs_v4/include/dobot_msgs_v4/dobot_msgs_v4/srv/detail/power_on__type_support.cpp
-- Installing: /home/user/dobot_ws/install/dobot_msgs_v4/include/dobot_msgs_v4/dobot_msgs_v4/srv/detail/circle__type_support.cpp
-- Installing: /home/user/dobot_ws/install/dobot_msgs_v4/include/dobot_msgs_v4/dobot_msgs_v4/srv/detail/end_rt_offset__type_support.cpp
-- Installing: /home/user/dobot_ws/install/dobot_msgs_v4/include/dobot_msgs_v4/dobot_msgs_v4/srv/detail/ai__type_support.cpp
-- Installing: /home/user/dobot_ws/install/dobot_msgs_v4/include/dobot_msgs_v4/dobot_msgs_v4/srv/detail/set_output_bool__type_support.cpp
-- Installing: /home/user/dobot_ws/install/dobot_msgs_v4/include/dobot_msgs_v4/dobot_msgs_v4/srv/detail/get_start_pose__type_support.cpp
-- Installing: /home/user/dobot_ws/install/dobot_msgs_v4/include/dobot_msgs_v4/dobot_msgs_v4/srv/detail/do_group_dec__rosidl_typesupport_introspection_cpp.hpp
-- Installing: /home/user/dobot_ws/install/dobot_msgs_v4/include/dobot_msgs_v4/dobot_msgs_v4/srv/detail/do_instant__rosidl_typesupport_introspection_cpp.hpp
-- Installing: /home/user/dobot_ws/install/dobot_msgs_v4/include/dobot_msgs_v4/dobot_msgs_v4/srv/detail/vel_l__type_support.cpp
-- Installing: /home/user/dobot_ws/install/dobot_msgs_v4/include/dobot_msgs_v4/dobot_msgs_v4/srv/detail/get_current_command_id__type_support.cpp
-- Installing: /home/user/dobot_ws/install/dobot_msgs_v4/include/dobot_msgs_v4/dobot_msgs_v4/srv/detail/set_collision_level__rosidl_typesupport_introspection_cpp.hpp
-- Installing: /home/user/dobot_ws/install/dobot_msgs_v4/include/dobot_msgs_v4/dobot_msgs_v4/srv/detail/set_fc_collision__rosidl_typesupport_introspection_cpp.hpp
-- Installing: /home/user/dobot_ws/install/dobot_msgs_v4/include/dobot_msgs_v4/dobot_msgs_v4/srv/detail/servo_j__rosidl_typesupport_introspection_cpp.hpp
-- Installing: /home/user/dobot_ws/install/dobot_msgs_v4/include/dobot_msgs_v4/dobot_msgs_v4/srv/detail/di__type_support.cpp
-- Installing: /home/user/dobot_ws/install/dobot_msgs_v4/include/dobot_msgs_v4/dobot_msgs_v4/srv/detail/rel_mov_l_user__type_support.cpp
-- Installing: /home/user/dobot_ws/install/dobot_msgs_v4/include/dobot_msgs_v4/dobot_msgs_v4/srv/detail/start_drag__type_support.cpp
-- Installing: /home/user/dobot_ws/install/dobot_msgs_v4/include/dobot_msgs_v4/dobot_msgs_v4/srv/detail/rel_mov_j_user__type_support.cpp
-- Installing: /home/user/dobot_ws/install/dobot_msgs_v4/include/dobot_msgs_v4/dobot_msgs_v4/srv/detail/set_user__type_support.cpp
-- Installing: /home/user/dobot_ws/install/dobot_msgs_v4/include/dobot_msgs_v4/dobot_msgs_v4/srv/detail/mov_j__rosidl_typesupport_introspection_cpp.hpp
-- Installing: /home/user/dobot_ws/install/dobot_msgs_v4/include/dobot_msgs_v4/dobot_msgs_v4/srv/detail/set_safe_skin__rosidl_typesupport_introspection_cpp.hpp
-- Installing: /home/user/dobot_ws/install/dobot_msgs_v4/include/dobot_msgs_v4/dobot_msgs_v4/srv/detail/set_tool485__rosidl_typesupport_introspection_cpp.hpp
-- Installing: /home/user/dobot_ws/install/dobot_msgs_v4/include/dobot_msgs_v4/dobot_msgs_v4/srv/detail/mov_l__rosidl_typesupport_introspection_cpp.hpp
-- Installing: /home/user/dobot_ws/install/dobot_msgs_v4/include/dobot_msgs_v4/dobot_msgs_v4/srv/detail/acc_j__type_support.cpp
-- Installing: /home/user/dobot_ws/install/dobot_msgs_v4/include/dobot_msgs_v4/dobot_msgs_v4/srv/detail/six_force_home__type_support.cpp
-- Installing: /home/user/dobot_ws/install/dobot_msgs_v4/include/dobot_msgs_v4/dobot_msgs_v4/srv/detail/reset_robot__rosidl_typesupport_introspection_cpp.hpp
-- Installing: /home/user/dobot_ws/install/dobot_msgs_v4/include/dobot_msgs_v4/dobot_msgs_v4/srv/detail/move_jog__type_support.cpp
-- Installing: /home/user/dobot_ws/install/dobot_msgs_v4/include/dobot_msgs_v4/dobot_msgs_v4/srv/detail/circle__rosidl_typesupport_introspection_cpp.hpp
-- Installing: /home/user/dobot_ws/install/dobot_msgs_v4/include/dobot_msgs_v4/dobot_msgs_v4/srv/detail/get_output_float__type_support.cpp
-- Installing: /home/user/dobot_ws/install/dobot_msgs_v4/include/dobot_msgs_v4/dobot_msgs_v4/srv/detail/set_output_int__type_support.cpp
-- Installing: /home/user/dobot_ws/install/dobot_msgs_v4/include/dobot_msgs_v4/dobot_msgs_v4/srv/detail/rel_mov_j_tool__rosidl_typesupport_introspection_cpp.hpp
-- Installing: /home/user/dobot_ws/install/dobot_msgs_v4/include/dobot_msgs_v4/dobot_msgs_v4/srv/detail/get_in_regs__type_support.cpp
-- Installing: /home/user/dobot_ws/install/dobot_msgs_v4/include/dobot_msgs_v4/dobot_msgs_v4/srv/detail/set_hold_regs__rosidl_typesupport_introspection_cpp.hpp
-- Installing: /home/user/dobot_ws/install/dobot_msgs_v4/include/dobot_msgs_v4/dobot_msgs_v4/srv/detail/rel_mov_j_tool__type_support.cpp
-- Installing: /home/user/dobot_ws/install/dobot_msgs_v4/include/dobot_msgs_v4/dobot_msgs_v4/srv/detail/rel_mov_l_user__rosidl_typesupport_introspection_cpp.hpp
-- Installing: /home/user/dobot_ws/install/dobot_msgs_v4/include/dobot_msgs_v4/dobot_msgs_v4/srv/detail/fc_off__type_support.cpp
-- Installing: /home/user/dobot_ws/install/dobot_msgs_v4/include/dobot_msgs_v4/dobot_msgs_v4/srv/detail/emergency_stop__type_support.cpp
-- Installing: /home/user/dobot_ws/install/dobot_msgs_v4/include/dobot_msgs_v4/dobot_msgs_v4/srv/detail/set_work_zone_enable__type_support.cpp
-- Installing: /home/user/dobot_ws/install/dobot_msgs_v4/include/dobot_msgs_v4/dobot_msgs_v4/srv/detail/modbus_rtu_create__rosidl_typesupport_introspection_cpp.hpp
-- Installing: /home/user/dobot_ws/install/dobot_msgs_v4/include/dobot_msgs_v4/dobot_msgs_v4/srv/detail/pause__rosidl_typesupport_introspection_cpp.hpp
-- Installing: /home/user/dobot_ws/install/dobot_msgs_v4/include/dobot_msgs_v4/dobot_msgs_v4/srv/detail/clear_error__type_support.cpp
-- Installing: /home/user/dobot_ws/install/dobot_msgs_v4/include/dobot_msgs_v4/dobot_msgs_v4/srv/detail/set_tool_power__type_support.cpp
-- Installing: /home/user/dobot_ws/install/dobot_msgs_v4/include/dobot_msgs_v4/dobot_msgs_v4/srv/detail/modbus_create__rosidl_typesupport_introspection_cpp.hpp
-- Installing: /home/user/dobot_ws/install/dobot_msgs_v4/include/dobot_msgs_v4/dobot_msgs_v4/srv/detail/get_force__type_support.cpp
-- Installing: /home/user/dobot_ws/install/dobot_msgs_v4/include/dobot_msgs_v4/dobot_msgs_v4/srv/detail/arc__type_support.cpp
-- Installing: /home/user/dobot_ws/install/dobot_msgs_v4/include/dobot_msgs_v4/dobot_msgs_v4/srv/detail/fc_force_mode__type_support.cpp
-- Installing: /home/user/dobot_ws/install/dobot_msgs_v4/include/dobot_msgs_v4/dobot_msgs_v4/srv/detail/run_script__rosidl_typesupport_introspection_cpp.hpp
-- Installing: /home/user/dobot_ws/install/dobot_msgs_v4/include/dobot_msgs_v4/dobot_msgs_v4/srv/detail/set_collision_level__type_support.cpp
-- Installing: /home/user/dobot_ws/install/dobot_msgs_v4/include/dobot_msgs_v4/dobot_msgs_v4/srv/detail/stop__rosidl_typesupport_introspection_cpp.hpp
-- Installing: /home/user/dobot_ws/install/dobot_msgs_v4/include/dobot_msgs_v4/dobot_msgs_v4/srv/detail/get_output_int__rosidl_typesupport_introspection_cpp.hpp
-- Installing: /home/user/dobot_ws/install/dobot_msgs_v4/include/dobot_msgs_v4/dobot_msgs_v4/srv/detail/fc_set_stiffness__type_support.cpp
-- Installing: /home/user/dobot_ws/install/dobot_msgs_v4/include/dobot_msgs_v4/dobot_msgs_v4/srv/detail/get_input_int__type_support.cpp
-- Installing: /home/user/dobot_ws/install/dobot_msgs_v4/include/dobot_msgs_v4/dobot_msgs_v4/srv/detail/get_angle__type_support.cpp
-- Installing: /home/user/dobot_ws/install/dobot_msgs_v4/include/dobot_msgs_v4/dobot_msgs_v4/srv/detail/user__type_support.cpp
-- Installing: /home/user/dobot_ws/install/dobot_msgs_v4/include/dobot_msgs_v4/dobot_msgs_v4/srv/detail/fc_collision_switch__rosidl_typesupport_introspection_cpp.hpp
-- Installing: /home/user/dobot_ws/install/dobot_msgs_v4/include/dobot_msgs_v4/dobot_msgs_v4/srv/detail/get_input_int__rosidl_typesupport_introspection_cpp.hpp
-- Installing: /home/user/dobot_ws/install/dobot_msgs_v4/include/dobot_msgs_v4/dobot_msgs_v4/srv/detail/set_tool_power__rosidl_typesupport_introspection_cpp.hpp
-- Installing: /home/user/dobot_ws/install/dobot_msgs_v4/include/dobot_msgs_v4/dobot_msgs_v4/srv/detail/stop_drag__rosidl_typesupport_introspection_cpp.hpp
-- Installing: /home/user/dobot_ws/install/dobot_msgs_v4/include/dobot_msgs_v4/dobot_msgs_v4/srv/detail/drag_sensivity__rosidl_typesupport_introspection_cpp.hpp
-- Installing: /home/user/dobot_ws/install/dobot_msgs_v4/include/dobot_msgs_v4/dobot_msgs_v4/srv/detail/do__rosidl_typesupport_introspection_cpp.hpp
-- Installing: /home/user/dobot_ws/install/dobot_msgs_v4/include/dobot_msgs_v4/dobot_msgs_v4/srv/detail/set_safe_wall_enable__type_support.cpp
-- Installing: /home/user/dobot_ws/install/dobot_msgs_v4/include/dobot_msgs_v4/dobot_msgs_v4/srv/detail/rel_joint_mov_j__rosidl_typesupport_introspection_cpp.hpp
-- Installing: /home/user/dobot_ws/install/dobot_msgs_v4/include/dobot_msgs_v4/dobot_msgs_v4/srv/detail/ao_instant__type_support.cpp
-- Installing: /home/user/dobot_ws/install/dobot_msgs_v4/include/dobot_msgs_v4/dobot_msgs_v4/srv/detail/set_output_bool__rosidl_typesupport_introspection_cpp.hpp
-- Installing: /home/user/dobot_ws/install/dobot_msgs_v4/include/dobot_msgs_v4/dobot_msgs_v4/srv/detail/get_error_id__rosidl_typesupport_introspection_cpp.hpp
-- Installing: /home/user/dobot_ws/install/dobot_msgs_v4/include/dobot_msgs_v4/dobot_msgs_v4/srv/detail/set_post_collision_mode__type_support.cpp
-- Installing: /home/user/dobot_ws/install/dobot_msgs_v4/include/dobot_msgs_v4/dobot_msgs_v4/srv/detail/enable_ft_sensor__rosidl_typesupport_introspection_cpp.hpp
-- Installing: /home/user/dobot_ws/install/dobot_msgs_v4/include/dobot_msgs_v4/dobot_msgs_v4/srv/detail/start_rt_offset__rosidl_typesupport_introspection_cpp.hpp
-- Installing: /home/user/dobot_ws/install/dobot_msgs_v4/include/dobot_msgs_v4/dobot_msgs_v4/srv/detail/get_input_bool__rosidl_typesupport_introspection_cpp.hpp
-- Installing: /home/user/dobot_ws/install/dobot_msgs_v4/include/dobot_msgs_v4/dobot_msgs_v4/srv/detail/rel_joint_mov_j__type_support.cpp
-- Installing: /home/user/dobot_ws/install/dobot_msgs_v4/include/dobot_msgs_v4/dobot_msgs_v4/srv/detail/mov_lio__type_support.cpp
-- Installing: /home/user/dobot_ws/install/dobot_msgs_v4/include/dobot_msgs_v4/dobot_msgs_v4/srv/detail/tool_do_instant__type_support.cpp
-- Installing: /home/user/dobot_ws/install/dobot_msgs_v4/include/dobot_msgs_v4/dobot_msgs_v4/srv/detail/get_in_bits__type_support.cpp
-- Installing: /home/user/dobot_ws/install/dobot_msgs_v4/include/dobot_msgs_v4/dobot_msgs_v4/srv/detail/set_payload__rosidl_typesupport_introspection_cpp.hpp
-- Installing: /home/user/dobot_ws/install/dobot_msgs_v4/include/dobot_msgs_v4/dobot_msgs_v4/srv/detail/vel_j__type_support.cpp
-- Installing: /home/user/dobot_ws/install/dobot_msgs_v4/include/dobot_msgs_v4/dobot_msgs_v4/srv/detail/get_output_bool__type_support.cpp
-- Installing: /home/user/dobot_ws/install/dobot_msgs_v4/include/dobot_msgs_v4/dobot_msgs_v4/srv/detail/robot_mode__type_support.cpp
-- Installing: /home/user/dobot_ws/install/dobot_msgs_v4/include/dobot_msgs_v4/dobot_msgs_v4/srv/detail/enable_robot__rosidl_typesupport_introspection_cpp.hpp
-- Installing: /home/user/dobot_ws/install/dobot_msgs_v4/include/dobot_msgs_v4/dobot_msgs_v4/srv/detail/calc_tool__type_support.cpp
-- Installing: /home/user/dobot_ws/install/dobot_msgs_v4/include/dobot_msgs_v4/dobot_msgs_v4/srv/detail/fc_set_mass__rosidl_typesupport_introspection_cpp.hpp
-- Installing: /home/user/dobot_ws/install/dobot_msgs_v4/include/dobot_msgs_v4/dobot_msgs_v4/srv/detail/six_force_home__rosidl_typesupport_introspection_cpp.hpp
-- Installing: /home/user/dobot_ws/install/dobot_msgs_v4/include/dobot_msgs_v4/dobot_msgs_v4/srv/detail/di_group_dec__type_support.cpp
-- Installing: /home/user/dobot_ws/install/dobot_msgs_v4/include/dobot_msgs_v4/dobot_msgs_v4/srv/detail/get_input_bool__type_support.cpp
-- Installing: /home/user/dobot_ws/install/dobot_msgs_v4/include/dobot_msgs_v4/dobot_msgs_v4/srv/detail/pause__type_support.cpp
-- Installing: /home/user/dobot_ws/install/dobot_msgs_v4/include/dobot_msgs_v4/dobot_msgs_v4/srv/detail/set_output_int__rosidl_typesupport_introspection_cpp.hpp
-- Installing: /home/user/dobot_ws/install/dobot_msgs_v4/include/dobot_msgs_v4/dobot_msgs_v4/srv/detail/mov_l__type_support.cpp
-- Installing: /home/user/dobot_ws/install/dobot_msgs_v4/include/dobot_msgs_v4/dobot_msgs_v4/srv/detail/get_error__rosidl_typesupport_introspection_cpp.hpp
-- Installing: /home/user/dobot_ws/install/dobot_msgs_v4/include/dobot_msgs_v4/dobot_msgs_v4/srv/detail/do_group__rosidl_typesupport_introspection_cpp.hpp
-- Installing: /home/user/dobot_ws/install/dobot_msgs_v4/include/dobot_msgs_v4/dobot_msgs_v4/srv/detail/di_group__type_support.cpp
-- Installing: /home/user/dobot_ws/install/dobot_msgs_v4/include/dobot_msgs_v4/dobot_msgs_v4/srv/detail/emergency_stop__rosidl_typesupport_introspection_cpp.hpp
-- Installing: /home/user/dobot_ws/install/dobot_msgs_v4/include/dobot_msgs_v4/dobot_msgs_v4/srv/detail/stop_drag__type_support.cpp
-- Installing: /home/user/dobot_ws/install/dobot_msgs_v4/include/dobot_msgs_v4/dobot_msgs_v4/srv/detail/fc_set_force_speed_limit__rosidl_typesupport_introspection_cpp.hpp
-- Installing: /home/user/dobot_ws/install/dobot_msgs_v4/include/dobot_msgs_v4/dobot_msgs_v4/srv/detail/fc_set_deviation__type_support.cpp
-- Installing: /home/user/dobot_ws/install/dobot_msgs_v4/include/dobot_msgs_v4/dobot_msgs_v4/srv/detail/set_tool_mode__rosidl_typesupport_introspection_cpp.hpp
-- Installing: /home/user/dobot_ws/install/dobot_msgs_v4/lib/libdobot_msgs_v4__rosidl_typesupport_introspection_cpp.so
-- Set runtime path of "/home/user/dobot_ws/install/dobot_msgs_v4/lib/libdobot_msgs_v4__rosidl_typesupport_introspection_cpp.so" to ""
-- Installing: /home/user/dobot_ws/install/dobot_msgs_v4/lib/libdobot_msgs_v4__rosidl_typesupport_cpp.so
-- Set runtime path of "/home/user/dobot_ws/install/dobot_msgs_v4/lib/libdobot_msgs_v4__rosidl_typesupport_cpp.so" to ""
-- Installing: /home/user/dobot_ws/install/dobot_msgs_v4/share/dobot_msgs_v4/environment/pythonpath.sh
-- Installing: /home/user/dobot_ws/install/dobot_msgs_v4/share/dobot_msgs_v4/environment/pythonpath.dsv
-- Installing: /home/user/dobot_ws/install/dobot_msgs_v4/local/lib/python3.10/dist-packages/dobot_msgs_v4-0.0.0-py3.10.egg-info
-- Installing: /home/user/dobot_ws/install/dobot_msgs_v4/local/lib/python3.10/dist-packages/dobot_msgs_v4-0.0.0-py3.10.egg-info/SOURCES.txt
-- Installing: /home/user/dobot_ws/install/dobot_msgs_v4/local/lib/python3.10/dist-packages/dobot_msgs_v4-0.0.0-py3.10.egg-info/top_level.txt
-- Installing: /home/user/dobot_ws/install/dobot_msgs_v4/local/lib/python3.10/dist-packages/dobot_msgs_v4-0.0.0-py3.10.egg-info/PKG-INFO
-- Installing: /home/user/dobot_ws/install/dobot_msgs_v4/local/lib/python3.10/dist-packages/dobot_msgs_v4-0.0.0-py3.10.egg-info/dependency_links.txt
-- Installing: /home/user/dobot_ws/install/dobot_msgs_v4/local/lib/python3.10/dist-packages/dobot_msgs_v4
-- Installing: /home/user/dobot_ws/install/dobot_msgs_v4/local/lib/python3.10/dist-packages/dobot_msgs_v4/libdobot_msgs_v4__rosidl_generator_py.so
-- Installing: /home/user/dobot_ws/install/dobot_msgs_v4/local/lib/python3.10/dist-packages/dobot_msgs_v4/msg
-- Installing: /home/user/dobot_ws/install/dobot_msgs_v4/local/lib/python3.10/dist-packages/dobot_msgs_v4/msg/_tool_vector_actual_s.c
-- Installing: /home/user/dobot_ws/install/dobot_msgs_v4/local/lib/python3.10/dist-packages/dobot_msgs_v4/msg/_robot_status.py
-- Installing: /home/user/dobot_ws/install/dobot_msgs_v4/local/lib/python3.10/dist-packages/dobot_msgs_v4/msg/_tool_vector_actual.py
-- Installing: /home/user/dobot_ws/install/dobot_msgs_v4/local/lib/python3.10/dist-packages/dobot_msgs_v4/msg/__init__.py
-- Installing: /home/user/dobot_ws/install/dobot_msgs_v4/local/lib/python3.10/dist-packages/dobot_msgs_v4/msg/_robot_status_s.c
-- Installing: /home/user/dobot_ws/install/dobot_msgs_v4/local/lib/python3.10/dist-packages/dobot_msgs_v4/_dobot_msgs_v4_s.ep.rosidl_typesupport_introspection_c.c
-- Installing: /home/user/dobot_ws/install/dobot_msgs_v4/local/lib/python3.10/dist-packages/dobot_msgs_v4/dobot_msgs_v4_s__rosidl_typesupport_c.cpython-310-x86_64-linux-gnu.so
-- Installing: /home/user/dobot_ws/install/dobot_msgs_v4/local/lib/python3.10/dist-packages/dobot_msgs_v4/__init__.py
-- Installing: /home/user/dobot_ws/install/dobot_msgs_v4/local/lib/python3.10/dist-packages/dobot_msgs_v4/_dobot_msgs_v4_s.ep.rosidl_typesupport_fastrtps_c.c
-- Installing: /home/user/dobot_ws/install/dobot_msgs_v4/local/lib/python3.10/dist-packages/dobot_msgs_v4/dobot_msgs_v4_s__rosidl_typesupport_introspection_c.cpython-310-x86_64-linux-gnu.so
-- Installing: /home/user/dobot_ws/install/dobot_msgs_v4/local/lib/python3.10/dist-packages/dobot_msgs_v4/srv
-- Installing: /home/user/dobot_ws/install/dobot_msgs_v4/local/lib/python3.10/dist-packages/dobot_msgs_v4/srv/_set_coils.py
-- Installing: /home/user/dobot_ws/install/dobot_msgs_v4/local/lib/python3.10/dist-packages/dobot_msgs_v4/srv/_get_input_bool_s.c
-- Installing: /home/user/dobot_ws/install/dobot_msgs_v4/local/lib/python3.10/dist-packages/dobot_msgs_v4/srv/_get_coils_s.c
-- Installing: /home/user/dobot_ws/install/dobot_msgs_v4/local/lib/python3.10/dist-packages/dobot_msgs_v4/srv/_check_odd_mov_j_s.c
-- Installing: /home/user/dobot_ws/install/dobot_msgs_v4/local/lib/python3.10/dist-packages/dobot_msgs_v4/srv/_acc_j_s.c
-- Installing: /home/user/dobot_ws/install/dobot_msgs_v4/local/lib/python3.10/dist-packages/dobot_msgs_v4/srv/_enable_ft_sensor_s.c
-- Installing: /home/user/dobot_ws/install/dobot_msgs_v4/local/lib/python3.10/dist-packages/dobot_msgs_v4/srv/_calc_user_s.c
-- Installing: /home/user/dobot_ws/install/dobot_msgs_v4/local/lib/python3.10/dist-packages/dobot_msgs_v4/srv/_mov_lio.py
-- Installing: /home/user/dobot_ws/install/dobot_msgs_v4/local/lib/python3.10/dist-packages/dobot_msgs_v4/srv/_get_output_bool_s.c
-- Installing: /home/user/dobot_ws/install/dobot_msgs_v4/local/lib/python3.10/dist-packages/dobot_msgs_v4/srv/_ao.py
-- Installing: /home/user/dobot_ws/install/dobot_msgs_v4/local/lib/python3.10/dist-packages/dobot_msgs_v4/srv/_cp.py
-- Installing: /home/user/dobot_ws/install/dobot_msgs_v4/local/lib/python3.10/dist-packages/dobot_msgs_v4/srv/_ao_s.c
-- Installing: /home/user/dobot_ws/install/dobot_msgs_v4/local/lib/python3.10/dist-packages/dobot_msgs_v4/srv/_tool_do_instant.py
-- Installing: /home/user/dobot_ws/install/dobot_msgs_v4/local/lib/python3.10/dist-packages/dobot_msgs_v4/srv/_enable_robot_s.c
-- Installing: /home/user/dobot_ws/install/dobot_msgs_v4/local/lib/python3.10/dist-packages/dobot_msgs_v4/srv/_inverse_solution.py
-- Installing: /home/user/dobot_ws/install/dobot_msgs_v4/local/lib/python3.10/dist-packages/dobot_msgs_v4/srv/_enable_robot.py
-- Installing: /home/user/dobot_ws/install/dobot_msgs_v4/local/lib/python3.10/dist-packages/dobot_msgs_v4/srv/_get_output_float_s.c
-- Installing: /home/user/dobot_ws/install/dobot_msgs_v4/local/lib/python3.10/dist-packages/dobot_msgs_v4/srv/_vel_j_s.c
-- Installing: /home/user/dobot_ws/install/dobot_msgs_v4/local/lib/python3.10/dist-packages/dobot_msgs_v4/srv/_start_rt_offset.py
-- Installing: /home/user/dobot_ws/install/dobot_msgs_v4/local/lib/python3.10/dist-packages/dobot_msgs_v4/srv/_mov_j.py
-- Installing: /home/user/dobot_ws/install/dobot_msgs_v4/local/lib/python3.10/dist-packages/dobot_msgs_v4/srv/_fc_set_force_s.c
-- Installing: /home/user/dobot_ws/install/dobot_msgs_v4/local/lib/python3.10/dist-packages/dobot_msgs_v4/srv/_get_in_regs_s.c
-- Installing: /home/user/dobot_ws/install/dobot_msgs_v4/local/lib/python3.10/dist-packages/dobot_msgs_v4/srv/_get_ao_s.c
-- Installing: /home/user/dobot_ws/install/dobot_msgs_v4/local/lib/python3.10/dist-packages/dobot_msgs_v4/srv/_set_post_collision_mode_s.c
-- Installing: /home/user/dobot_ws/install/dobot_msgs_v4/local/lib/python3.10/dist-packages/dobot_msgs_v4/srv/_set_hold_regs.py
-- Installing: /home/user/dobot_ws/install/dobot_msgs_v4/local/lib/python3.10/dist-packages/dobot_msgs_v4/srv/_set_tool485_s.c
-- Installing: /home/user/dobot_ws/install/dobot_msgs_v4/local/lib/python3.10/dist-packages/dobot_msgs_v4/srv/_acc_l.py
-- Installing: /home/user/dobot_ws/install/dobot_msgs_v4/local/lib/python3.10/dist-packages/dobot_msgs_v4/srv/_continue_s.c
-- Installing: /home/user/dobot_ws/install/dobot_msgs_v4/local/lib/python3.10/dist-packages/dobot_msgs_v4/srv/_fc_set_force_speed_limit_s.c
-- Installing: /home/user/dobot_ws/install/dobot_msgs_v4/local/lib/python3.10/dist-packages/dobot_msgs_v4/srv/_do_group_s.c
-- Installing: /home/user/dobot_ws/install/dobot_msgs_v4/local/lib/python3.10/dist-packages/dobot_msgs_v4/srv/_fc_set_deviation_s.c
-- Installing: /home/user/dobot_ws/install/dobot_msgs_v4/local/lib/python3.10/dist-packages/dobot_msgs_v4/srv/_calc_tool.py
-- Installing: /home/user/dobot_ws/install/dobot_msgs_v4/local/lib/python3.10/dist-packages/dobot_msgs_v4/srv/_ai.py
-- Installing: /home/user/dobot_ws/install/dobot_msgs_v4/local/lib/python3.10/dist-packages/dobot_msgs_v4/srv/_di_group.py
-- Installing: /home/user/dobot_ws/install/dobot_msgs_v4/local/lib/python3.10/dist-packages/dobot_msgs_v4/srv/_mov_jio_s.c
-- Installing: /home/user/dobot_ws/install/dobot_msgs_v4/local/lib/python3.10/dist-packages/dobot_msgs_v4/srv/_rel_mov_l_user.py
-- Installing: /home/user/dobot_ws/install/dobot_msgs_v4/local/lib/python3.10/dist-packages/dobot_msgs_v4/srv/_get_do_group_dec_s.c
-- Installing: /home/user/dobot_ws/install/dobot_msgs_v4/local/lib/python3.10/dist-packages/dobot_msgs_v4/srv/_rel_mov_j_tool_s.c
-- Installing: /home/user/dobot_ws/install/dobot_msgs_v4/local/lib/python3.10/dist-packages/dobot_msgs_v4/srv/_fc_collision_switch.py
-- Installing: /home/user/dobot_ws/install/dobot_msgs_v4/local/lib/python3.10/dist-packages/dobot_msgs_v4/srv/_positive_kin_s.c
-- Installing: /home/user/dobot_ws/install/dobot_msgs_v4/local/lib/python3.10/dist-packages/dobot_msgs_v4/srv/_modbus_close.py
-- Installing: /home/user/dobot_ws/install/dobot_msgs_v4/local/lib/python3.10/dist-packages/dobot_msgs_v4/srv/_get_angle_s.c
-- Installing: /home/user/dobot_ws/install/dobot_msgs_v4/local/lib/python3.10/dist-packages/dobot_msgs_v4/srv/_pause.py
-- Installing: /home/user/dobot_ws/install/dobot_msgs_v4/local/lib/python3.10/dist-packages/dobot_msgs_v4/srv/_end_rt_offset.py
-- Installing: /home/user/dobot_ws/install/dobot_msgs_v4/local/lib/python3.10/dist-packages/dobot_msgs_v4/srv/_rel_mov_l_tool.py
-- Installing: /home/user/dobot_ws/install/dobot_msgs_v4/local/lib/python3.10/dist-packages/dobot_msgs_v4/srv/_ao_instant_s.c
-- Installing: /home/user/dobot_ws/install/dobot_msgs_v4/local/lib/python3.10/dist-packages/dobot_msgs_v4/srv/_get_in_bits.py
-- Installing: /home/user/dobot_ws/install/dobot_msgs_v4/local/lib/python3.10/dist-packages/dobot_msgs_v4/srv/_set_tool_mode_s.c
-- Installing: /home/user/dobot_ws/install/dobot_msgs_v4/local/lib/python3.10/dist-packages/dobot_msgs_v4/srv/_power_on_s.c
-- Installing: /home/user/dobot_ws/install/dobot_msgs_v4/local/lib/python3.10/dist-packages/dobot_msgs_v4/srv/_set_back_distance.py
-- Installing: /home/user/dobot_ws/install/dobot_msgs_v4/local/lib/python3.10/dist-packages/dobot_msgs_v4/srv/_set_user.py
-- Installing: /home/user/dobot_ws/install/dobot_msgs_v4/local/lib/python3.10/dist-packages/dobot_msgs_v4/srv/_fc_set_damping.py
-- Installing: /home/user/dobot_ws/install/dobot_msgs_v4/local/lib/python3.10/dist-packages/dobot_msgs_v4/srv/_start_path.py
-- Installing: /home/user/dobot_ws/install/dobot_msgs_v4/local/lib/python3.10/dist-packages/dobot_msgs_v4/srv/_set_user_s.c
-- Installing: /home/user/dobot_ws/install/dobot_msgs_v4/local/lib/python3.10/dist-packages/dobot_msgs_v4/srv/_clear_error.py
-- Installing: /home/user/dobot_ws/install/dobot_msgs_v4/local/lib/python3.10/dist-packages/dobot_msgs_v4/srv/_robot_mode_s.c
-- Installing: /home/user/dobot_ws/install/dobot_msgs_v4/local/lib/python3.10/dist-packages/dobot_msgs_v4/srv/_stop_move_jog.py
-- Installing: /home/user/dobot_ws/install/dobot_msgs_v4/local/lib/python3.10/dist-packages/dobot_msgs_v4/srv/_check_odd_mov_c.py
-- Installing: /home/user/dobot_ws/install/dobot_msgs_v4/local/lib/python3.10/dist-packages/dobot_msgs_v4/srv/_ao_instant.py
-- Installing: /home/user/dobot_ws/install/dobot_msgs_v4/local/lib/python3.10/dist-packages/dobot_msgs_v4/srv/_force_drive_mode.py
-- Installing: /home/user/dobot_ws/install/dobot_msgs_v4/local/lib/python3.10/dist-packages/dobot_msgs_v4/srv/_set_back_distance_s.c
-- Installing: /home/user/dobot_ws/install/dobot_msgs_v4/local/lib/python3.10/dist-packages/dobot_msgs_v4/srv/_modbus_create.py
-- Installing: /home/user/dobot_ws/install/dobot_msgs_v4/local/lib/python3.10/dist-packages/dobot_msgs_v4/srv/_get_angle.py
-- Installing: /home/user/dobot_ws/install/dobot_msgs_v4/local/lib/python3.10/dist-packages/dobot_msgs_v4/srv/_get_pose_s.c
-- Installing: /home/user/dobot_ws/install/dobot_msgs_v4/local/lib/python3.10/dist-packages/dobot_msgs_v4/srv/_get_do_s.c
-- Installing: /home/user/dobot_ws/install/dobot_msgs_v4/local/lib/python3.10/dist-packages/dobot_msgs_v4/srv/_fc_set_force_limit_s.c
-- Installing: /home/user/dobot_ws/install/dobot_msgs_v4/local/lib/python3.10/dist-packages/dobot_msgs_v4/srv/_get_do_group_dec.py
-- Installing: /home/user/dobot_ws/install/dobot_msgs_v4/local/lib/python3.10/dist-packages/dobot_msgs_v4/srv/_set_tool_power.py
-- Installing: /home/user/dobot_ws/install/dobot_msgs_v4/local/lib/python3.10/dist-packages/dobot_msgs_v4/srv/_get_hold_regs.py
-- Installing: /home/user/dobot_ws/install/dobot_msgs_v4/local/lib/python3.10/dist-packages/dobot_msgs_v4/srv/_move_jog_s.c
-- Installing: /home/user/dobot_ws/install/dobot_msgs_v4/local/lib/python3.10/dist-packages/dobot_msgs_v4/srv/_calc_user.py
-- Installing: /home/user/dobot_ws/install/dobot_msgs_v4/local/lib/python3.10/dist-packages/dobot_msgs_v4/srv/_servo_j.py
-- Installing: /home/user/dobot_ws/install/dobot_msgs_v4/local/lib/python3.10/dist-packages/dobot_msgs_v4/srv/_force_drive_speed.py
-- Installing: /home/user/dobot_ws/install/dobot_msgs_v4/local/lib/python3.10/dist-packages/dobot_msgs_v4/srv/_get_output_bool.py
-- Installing: /home/user/dobot_ws/install/dobot_msgs_v4/local/lib/python3.10/dist-packages/dobot_msgs_v4/srv/_set_output_float.py
-- Installing: /home/user/dobot_ws/install/dobot_msgs_v4/local/lib/python3.10/dist-packages/dobot_msgs_v4/srv/_modbus_create_s.c
-- Installing: /home/user/dobot_ws/install/dobot_msgs_v4/local/lib/python3.10/dist-packages/dobot_msgs_v4/srv/_brake_control.py
-- Installing: /home/user/dobot_ws/install/dobot_msgs_v4/local/lib/python3.10/dist-packages/dobot_msgs_v4/srv/_do_group_dec_s.c
-- Installing: /home/user/dobot_ws/install/dobot_msgs_v4/local/lib/python3.10/dist-packages/dobot_msgs_v4/srv/_get_output_float.py
-- Installing: /home/user/dobot_ws/install/dobot_msgs_v4/local/lib/python3.10/dist-packages/dobot_msgs_v4/srv/_set_tool_mode.py
-- Installing: /home/user/dobot_ws/install/dobot_msgs_v4/local/lib/python3.10/dist-packages/dobot_msgs_v4/srv/_get_input_float.py
-- Installing: /home/user/dobot_ws/install/dobot_msgs_v4/local/lib/python3.10/dist-packages/dobot_msgs_v4/srv/_tool_ai.py
-- Installing: /home/user/dobot_ws/install/dobot_msgs_v4/local/lib/python3.10/dist-packages/dobot_msgs_v4/srv/_get_force_s.c
-- Installing: /home/user/dobot_ws/install/dobot_msgs_v4/local/lib/python3.10/dist-packages/dobot_msgs_v4/srv/_set_output_bool.py
-- Installing: /home/user/dobot_ws/install/dobot_msgs_v4/local/lib/python3.10/dist-packages/dobot_msgs_v4/srv/_set_fc_collision.py
-- Installing: /home/user/dobot_ws/install/dobot_msgs_v4/local/lib/python3.10/dist-packages/dobot_msgs_v4/srv/_modbus_close_s.c
-- Installing: /home/user/dobot_ws/install/dobot_msgs_v4/local/lib/python3.10/dist-packages/dobot_msgs_v4/srv/_stop_drag_s.c
-- Installing: /home/user/dobot_ws/install/dobot_msgs_v4/local/lib/python3.10/dist-packages/dobot_msgs_v4/srv/_set_output_int_s.c
-- Installing: /home/user/dobot_ws/install/dobot_msgs_v4/local/lib/python3.10/dist-packages/dobot_msgs_v4/srv/_tool_ai_s.c
-- Installing: /home/user/dobot_ws/install/dobot_msgs_v4/local/lib/python3.10/dist-packages/dobot_msgs_v4/srv/_rel_mov_j_user_s.c
-- Installing: /home/user/dobot_ws/install/dobot_msgs_v4/local/lib/python3.10/dist-packages/dobot_msgs_v4/srv/_fc_collision_switch_s.c
-- Installing: /home/user/dobot_ws/install/dobot_msgs_v4/local/lib/python3.10/dist-packages/dobot_msgs_v4/srv/_drag_sensivity.py
-- Installing: /home/user/dobot_ws/install/dobot_msgs_v4/local/lib/python3.10/dist-packages/dobot_msgs_v4/srv/_start_drag.py
-- Installing: /home/user/dobot_ws/install/dobot_msgs_v4/local/lib/python3.10/dist-packages/dobot_msgs_v4/srv/_check_odd_mov_l_s.c
-- Installing: /home/user/dobot_ws/install/dobot_msgs_v4/local/lib/python3.10/dist-packages/dobot_msgs_v4/srv/_set_fc_collision_s.c
-- Installing: /home/user/dobot_ws/install/dobot_msgs_v4/local/lib/python3.10/dist-packages/dobot_msgs_v4/srv/_di_group_dec_s.c
-- Installing: /home/user/dobot_ws/install/dobot_msgs_v4/local/lib/python3.10/dist-packages/dobot_msgs_v4/srv/_set_hold_regs_s.c
-- Installing: /home/user/dobot_ws/install/dobot_msgs_v4/local/lib/python3.10/dist-packages/dobot_msgs_v4/srv/_fc_set_stiffness_s.c
-- Installing: /home/user/dobot_ws/install/dobot_msgs_v4/local/lib/python3.10/dist-packages/dobot_msgs_v4/srv/_tool_s.c
-- Installing: /home/user/dobot_ws/install/dobot_msgs_v4/local/lib/python3.10/dist-packages/dobot_msgs_v4/srv/_request_control.py
-- Installing: /home/user/dobot_ws/install/dobot_msgs_v4/local/lib/python3.10/dist-packages/dobot_msgs_v4/srv/_di_group_dec.py
-- Installing: /home/user/dobot_ws/install/dobot_msgs_v4/local/lib/python3.10/dist-packages/dobot_msgs_v4/srv/_get_tool_do_s.c
-- Installing: /home/user/dobot_ws/install/dobot_msgs_v4/local/lib/python3.10/dist-packages/dobot_msgs_v4/srv/_vel_l.py
-- Installing: /home/user/dobot_ws/install/dobot_msgs_v4/local/lib/python3.10/dist-packages/dobot_msgs_v4/srv/_start_path_s.c
-- Installing: /home/user/dobot_ws/install/dobot_msgs_v4/local/lib/python3.10/dist-packages/dobot_msgs_v4/srv/_rel_mov_l_tool_s.c
-- Installing: /home/user/dobot_ws/install/dobot_msgs_v4/local/lib/python3.10/dist-packages/dobot_msgs_v4/srv/_get_input_int_s.c
-- Installing: /home/user/dobot_ws/install/dobot_msgs_v4/local/lib/python3.10/dist-packages/dobot_msgs_v4/srv/_set_output_int.py
-- Installing: /home/user/dobot_ws/install/dobot_msgs_v4/local/lib/python3.10/dist-packages/dobot_msgs_v4/srv/_check_odd_mov_j.py
-- Installing: /home/user/dobot_ws/install/dobot_msgs_v4/local/lib/python3.10/dist-packages/dobot_msgs_v4/srv/_ai_s.c
-- Installing: /home/user/dobot_ws/install/dobot_msgs_v4/local/lib/python3.10/dist-packages/dobot_msgs_v4/srv/_fc_set_force.py
-- Installing: /home/user/dobot_ws/install/dobot_msgs_v4/local/lib/python3.10/dist-packages/dobot_msgs_v4/srv/_get_error.py
-- Installing: /home/user/dobot_ws/install/dobot_msgs_v4/local/lib/python3.10/dist-packages/dobot_msgs_v4/srv/_di_s.c
-- Installing: /home/user/dobot_ws/install/dobot_msgs_v4/local/lib/python3.10/dist-packages/dobot_msgs_v4/srv/_get_in_regs.py
-- Installing: /home/user/dobot_ws/install/dobot_msgs_v4/local/lib/python3.10/dist-packages/dobot_msgs_v4/srv/_force_drive_speed_s.c
-- Installing: /home/user/dobot_ws/install/dobot_msgs_v4/local/lib/python3.10/dist-packages/dobot_msgs_v4/srv/_rel_mov_j_user.py
-- Installing: /home/user/dobot_ws/install/dobot_msgs_v4/local/lib/python3.10/dist-packages/dobot_msgs_v4/srv/_set_tool_power_s.c
-- Installing: /home/user/dobot_ws/install/dobot_msgs_v4/local/lib/python3.10/dist-packages/dobot_msgs_v4/srv/_get_do_group_s.c
-- Installing: /home/user/dobot_ws/install/dobot_msgs_v4/local/lib/python3.10/dist-packages/dobot_msgs_v4/srv/_rel_joint_mov_j_s.c
-- Installing: /home/user/dobot_ws/install/dobot_msgs_v4/local/lib/python3.10/dist-packages/dobot_msgs_v4/srv/_get_error_id.py
-- Installing: /home/user/dobot_ws/install/dobot_msgs_v4/local/lib/python3.10/dist-packages/dobot_msgs_v4/srv/_acc_j.py
-- Installing: /home/user/dobot_ws/install/dobot_msgs_v4/local/lib/python3.10/dist-packages/dobot_msgs_v4/srv/_vel_j.py
-- Installing: /home/user/dobot_ws/install/dobot_msgs_v4/local/lib/python3.10/dist-packages/dobot_msgs_v4/srv/_enable_safe_skin.py
-- Installing: /home/user/dobot_ws/install/dobot_msgs_v4/local/lib/python3.10/dist-packages/dobot_msgs_v4/srv/_run_script.py
-- Installing: /home/user/dobot_ws/install/dobot_msgs_v4/local/lib/python3.10/dist-packages/dobot_msgs_v4/srv/_start_rt_offset_s.c
-- Installing: /home/user/dobot_ws/install/dobot_msgs_v4/local/lib/python3.10/dist-packages/dobot_msgs_v4/srv/_fc_set_mass.py
-- Installing: /home/user/dobot_ws/install/dobot_msgs_v4/local/lib/python3.10/dist-packages/dobot_msgs_v4/srv/_mov_j_s.c
-- Installing: /home/user/dobot_ws/install/dobot_msgs_v4/local/lib/python3.10/dist-packages/dobot_msgs_v4/srv/_stop_drag.py
-- Installing: /home/user/dobot_ws/install/dobot_msgs_v4/local/lib/python3.10/dist-packages/dobot_msgs_v4/srv/_set_work_zone_enable_s.c
-- Installing: /home/user/dobot_ws/install/dobot_msgs_v4/local/lib/python3.10/dist-packages/dobot_msgs_v4/srv/_drag_sensivity_s.c
-- Installing: /home/user/dobot_ws/install/dobot_msgs_v4/local/lib/python3.10/dist-packages/dobot_msgs_v4/srv/_rel_mov_j_tool.py
-- Installing: /home/user/dobot_ws/install/dobot_msgs_v4/local/lib/python3.10/dist-packages/dobot_msgs_v4/srv/_set_safe_wall_enable.py
-- Installing: /home/user/dobot_ws/install/dobot_msgs_v4/local/lib/python3.10/dist-packages/dobot_msgs_v4/srv/_fc_off_s.c
-- Installing: /home/user/dobot_ws/install/dobot_msgs_v4/local/lib/python3.10/dist-packages/dobot_msgs_v4/srv/_fc_set_stiffness.py
-- Installing: /home/user/dobot_ws/install/dobot_msgs_v4/local/lib/python3.10/dist-packages/dobot_msgs_v4/srv/_continue.py
-- Installing: /home/user/dobot_ws/install/dobot_msgs_v4/local/lib/python3.10/dist-packages/dobot_msgs_v4/srv/_inverse_kin.py
-- Installing: /home/user/dobot_ws/install/dobot_msgs_v4/local/lib/python3.10/dist-packages/dobot_msgs_v4/srv/_robot_mode.py
-- Installing: /home/user/dobot_ws/install/dobot_msgs_v4/local/lib/python3.10/dist-packages/dobot_msgs_v4/srv/_emergency_stop_s.c
-- Installing: /home/user/dobot_ws/install/dobot_msgs_v4/local/lib/python3.10/dist-packages/dobot_msgs_v4/srv/_do_instant_s.c
-- Installing: /home/user/dobot_ws/install/dobot_msgs_v4/local/lib/python3.10/dist-packages/dobot_msgs_v4/srv/_do_s.c
-- Installing: /home/user/dobot_ws/install/dobot_msgs_v4/local/lib/python3.10/dist-packages/dobot_msgs_v4/srv/_arc_s.c
-- Installing: /home/user/dobot_ws/install/dobot_msgs_v4/local/lib/python3.10/dist-packages/dobot_msgs_v4/srv/_get_pose.py
-- Installing: /home/user/dobot_ws/install/dobot_msgs_v4/local/lib/python3.10/dist-packages/dobot_msgs_v4/srv/_get_tool_do.py
-- Installing: /home/user/dobot_ws/install/dobot_msgs_v4/local/lib/python3.10/dist-packages/dobot_msgs_v4/srv/_modbus_rtu_create_s.c
-- Installing: /home/user/dobot_ws/install/dobot_msgs_v4/local/lib/python3.10/dist-packages/dobot_msgs_v4/srv/_start_drag_s.c
-- Installing: /home/user/dobot_ws/install/dobot_msgs_v4/local/lib/python3.10/dist-packages/dobot_msgs_v4/srv/__init__.py
-- Installing: /home/user/dobot_ws/install/dobot_msgs_v4/local/lib/python3.10/dist-packages/dobot_msgs_v4/srv/_set_tool_s.c
-- Installing: /home/user/dobot_ws/install/dobot_msgs_v4/local/lib/python3.10/dist-packages/dobot_msgs_v4/srv/_do_group.py
-- Installing: /home/user/dobot_ws/install/dobot_msgs_v4/local/lib/python3.10/dist-packages/dobot_msgs_v4/srv/_do.py
-- Installing: /home/user/dobot_ws/install/dobot_msgs_v4/local/lib/python3.10/dist-packages/dobot_msgs_v4/srv/_check_odd_mov_c_s.c
-- Installing: /home/user/dobot_ws/install/dobot_msgs_v4/local/lib/python3.10/dist-packages/dobot_msgs_v4/srv/_reset_robot.py
-- Installing: /home/user/dobot_ws/install/dobot_msgs_v4/local/lib/python3.10/dist-packages/dobot_msgs_v4/srv/_get_input_int.py
-- Installing: /home/user/dobot_ws/install/dobot_msgs_v4/local/lib/python3.10/dist-packages/dobot_msgs_v4/srv/_run_script_s.c
-- Installing: /home/user/dobot_ws/install/dobot_msgs_v4/local/lib/python3.10/dist-packages/dobot_msgs_v4/srv/_tool_do_s.c
-- Installing: /home/user/dobot_ws/install/dobot_msgs_v4/local/lib/python3.10/dist-packages/dobot_msgs_v4/srv/_get_current_command_id.py
-- Installing: /home/user/dobot_ws/install/dobot_msgs_v4/local/lib/python3.10/dist-packages/dobot_msgs_v4/srv/_di_group_s.c
-- Installing: /home/user/dobot_ws/install/dobot_msgs_v4/local/lib/python3.10/dist-packages/dobot_msgs_v4/srv/_force_drive_mode_s.c
-- Installing: /home/user/dobot_ws/install/dobot_msgs_v4/local/lib/python3.10/dist-packages/dobot_msgs_v4/srv/_circle.py
-- Installing: /home/user/dobot_ws/install/dobot_msgs_v4/local/lib/python3.10/dist-packages/dobot_msgs_v4/srv/_end_rt_offset_s.c
-- Installing: /home/user/dobot_ws/install/dobot_msgs_v4/local/lib/python3.10/dist-packages/dobot_msgs_v4/srv/_servo_p_s.c
-- Installing: /home/user/dobot_ws/install/dobot_msgs_v4/local/lib/python3.10/dist-packages/dobot_msgs_v4/srv/_get_do.py
-- Installing: /home/user/dobot_ws/install/dobot_msgs_v4/local/lib/python3.10/dist-packages/dobot_msgs_v4/srv/_tool_do_instant_s.c
-- Installing: /home/user/dobot_ws/install/dobot_msgs_v4/local/lib/python3.10/dist-packages/dobot_msgs_v4/srv/_stop_move_jog_s.c
-- Installing: /home/user/dobot_ws/install/dobot_msgs_v4/local/lib/python3.10/dist-packages/dobot_msgs_v4/srv/_mov_l_s.c
-- Installing: /home/user/dobot_ws/install/dobot_msgs_v4/local/lib/python3.10/dist-packages/dobot_msgs_v4/srv/_set_collision_level.py
-- Installing: /home/user/dobot_ws/install/dobot_msgs_v4/local/lib/python3.10/dist-packages/dobot_msgs_v4/srv/_vel_l_s.c
-- Installing: /home/user/dobot_ws/install/dobot_msgs_v4/local/lib/python3.10/dist-packages/dobot_msgs_v4/srv/_tool_do.py
-- Installing: /home/user/dobot_ws/install/dobot_msgs_v4/local/lib/python3.10/dist-packages/dobot_msgs_v4/srv/_modbus_rtu_create.py
-- Installing: /home/user/dobot_ws/install/dobot_msgs_v4/local/lib/python3.10/dist-packages/dobot_msgs_v4/srv/_get_error_id_s.c
-- Installing: /home/user/dobot_ws/install/dobot_msgs_v4/local/lib/python3.10/dist-packages/dobot_msgs_v4/srv/_set_tool.py
-- Installing: /home/user/dobot_ws/install/dobot_msgs_v4/local/lib/python3.10/dist-packages/dobot_msgs_v4/srv/_mov_lio_s.c
-- Installing: /home/user/dobot_ws/install/dobot_msgs_v4/local/lib/python3.10/dist-packages/dobot_msgs_v4/srv/_pause_s.c
-- Installing: /home/user/dobot_ws/install/dobot_msgs_v4/local/lib/python3.10/dist-packages/dobot_msgs_v4/srv/_fc_force_mode_s.c
-- Installing: /home/user/dobot_ws/install/dobot_msgs_v4/local/lib/python3.10/dist-packages/dobot_msgs_v4/srv/_cp_s.c
-- Installing: /home/user/dobot_ws/install/dobot_msgs_v4/local/lib/python3.10/dist-packages/dobot_msgs_v4/srv/_fc_off.py
-- Installing: /home/user/dobot_ws/install/dobot_msgs_v4/local/lib/python3.10/dist-packages/dobot_msgs_v4/srv/_get_in_bits_s.c
-- Installing: /home/user/dobot_ws/install/dobot_msgs_v4/local/lib/python3.10/dist-packages/dobot_msgs_v4/srv/_speed_factor_s.c
-- Installing: /home/user/dobot_ws/install/dobot_msgs_v4/local/lib/python3.10/dist-packages/dobot_msgs_v4/srv/_set_output_bool_s.c
-- Installing: /home/user/dobot_ws/install/dobot_msgs_v4/local/lib/python3.10/dist-packages/dobot_msgs_v4/srv/_reset_robot_s.c
-- Installing: /home/user/dobot_ws/install/dobot_msgs_v4/local/lib/python3.10/dist-packages/dobot_msgs_v4/srv/_inverse_solution_s.c
-- Installing: /home/user/dobot_ws/install/dobot_msgs_v4/local/lib/python3.10/dist-packages/dobot_msgs_v4/srv/_tcp_dashboard_s.c
-- Installing: /home/user/dobot_ws/install/dobot_msgs_v4/local/lib/python3.10/dist-packages/dobot_msgs_v4/srv/_get_do_group.py
-- Installing: /home/user/dobot_ws/install/dobot_msgs_v4/local/lib/python3.10/dist-packages/dobot_msgs_v4/srv/_get_coils.py
-- Installing: /home/user/dobot_ws/install/dobot_msgs_v4/local/lib/python3.10/dist-packages/dobot_msgs_v4/srv/_enable_safe_skin_s.c
-- Installing: /home/user/dobot_ws/install/dobot_msgs_v4/local/lib/python3.10/dist-packages/dobot_msgs_v4/srv/_set_output_float_s.c
-- Installing: /home/user/dobot_ws/install/dobot_msgs_v4/local/lib/python3.10/dist-packages/dobot_msgs_v4/srv/_servo_p.py
-- Installing: /home/user/dobot_ws/install/dobot_msgs_v4/local/lib/python3.10/dist-packages/dobot_msgs_v4/srv/_tool_di.py
-- Installing: /home/user/dobot_ws/install/dobot_msgs_v4/local/lib/python3.10/dist-packages/dobot_msgs_v4/srv/_fc_set_force_speed_limit.py
-- Installing: /home/user/dobot_ws/install/dobot_msgs_v4/local/lib/python3.10/dist-packages/dobot_msgs_v4/srv/_mov_jio.py
-- Installing: /home/user/dobot_ws/install/dobot_msgs_v4/local/lib/python3.10/dist-packages/dobot_msgs_v4/srv/_stop.py
-- Installing: /home/user/dobot_ws/install/dobot_msgs_v4/local/lib/python3.10/dist-packages/dobot_msgs_v4/srv/_request_control_s.c
-- Installing: /home/user/dobot_ws/install/dobot_msgs_v4/local/lib/python3.10/dist-packages/dobot_msgs_v4/srv/_do_group_dec.py
-- Installing: /home/user/dobot_ws/install/dobot_msgs_v4/local/lib/python3.10/dist-packages/dobot_msgs_v4/srv/_positive_kin.py
-- Installing: /home/user/dobot_ws/install/dobot_msgs_v4/local/lib/python3.10/dist-packages/dobot_msgs_v4/srv/_set_post_collision_mode.py
-- Installing: /home/user/dobot_ws/install/dobot_msgs_v4/local/lib/python3.10/dist-packages/dobot_msgs_v4/srv/_fc_set_force_limit.py
-- Installing: /home/user/dobot_ws/install/dobot_msgs_v4/local/lib/python3.10/dist-packages/dobot_msgs_v4/srv/_move_jog.py
-- Installing: /home/user/dobot_ws/install/dobot_msgs_v4/local/lib/python3.10/dist-packages/dobot_msgs_v4/srv/_inverse_kin_s.c
-- Installing: /home/user/dobot_ws/install/dobot_msgs_v4/local/lib/python3.10/dist-packages/dobot_msgs_v4/srv/_user.py
-- Installing: /home/user/dobot_ws/install/dobot_msgs_v4/local/lib/python3.10/dist-packages/dobot_msgs_v4/srv/_fc_force_mode.py
-- Installing: /home/user/dobot_ws/install/dobot_msgs_v4/local/lib/python3.10/dist-packages/dobot_msgs_v4/srv/_circle_s.c
-- Installing: /home/user/dobot_ws/install/dobot_msgs_v4/local/lib/python3.10/dist-packages/dobot_msgs_v4/srv/_set_safe_wall_enable_s.c
-- Installing: /home/user/dobot_ws/install/dobot_msgs_v4/local/lib/python3.10/dist-packages/dobot_msgs_v4/srv/_six_force_home.py
-- Installing: /home/user/dobot_ws/install/dobot_msgs_v4/local/lib/python3.10/dist-packages/dobot_msgs_v4/srv/_tool_di_s.c
-- Installing: /home/user/dobot_ws/install/dobot_msgs_v4/local/lib/python3.10/dist-packages/dobot_msgs_v4/srv/_get_input_float_s.c
-- Installing: /home/user/dobot_ws/install/dobot_msgs_v4/local/lib/python3.10/dist-packages/dobot_msgs_v4/srv/_set_tool485.py
-- Installing: /home/user/dobot_ws/install/dobot_msgs_v4/local/lib/python3.10/dist-packages/dobot_msgs_v4/srv/_power_on.py
-- Installing: /home/user/dobot_ws/install/dobot_msgs_v4/local/lib/python3.10/dist-packages/dobot_msgs_v4/srv/_fc_set_mass_s.c
-- Installing: /home/user/dobot_ws/install/dobot_msgs_v4/local/lib/python3.10/dist-packages/dobot_msgs_v4/srv/_disable_robot.py
-- Installing: /home/user/dobot_ws/install/dobot_msgs_v4/local/lib/python3.10/dist-packages/dobot_msgs_v4/srv/_servo_j_s.c
-- Installing: /home/user/dobot_ws/install/dobot_msgs_v4/local/lib/python3.10/dist-packages/dobot_msgs_v4/srv/_get_input_bool.py
-- Installing: /home/user/dobot_ws/install/dobot_msgs_v4/local/lib/python3.10/dist-packages/dobot_msgs_v4/srv/_emergency_stop.py
-- Installing: /home/user/dobot_ws/install/dobot_msgs_v4/local/lib/python3.10/dist-packages/dobot_msgs_v4/srv/_speed_factor.py
-- Installing: /home/user/dobot_ws/install/dobot_msgs_v4/local/lib/python3.10/dist-packages/dobot_msgs_v4/srv/_check_odd_mov_l.py
-- Installing: /home/user/dobot_ws/install/dobot_msgs_v4/local/lib/python3.10/dist-packages/dobot_msgs_v4/srv/_rel_joint_mov_j.py
-- Installing: /home/user/dobot_ws/install/dobot_msgs_v4/local/lib/python3.10/dist-packages/dobot_msgs_v4/srv/_get_output_int.py
-- Installing: /home/user/dobot_ws/install/dobot_msgs_v4/local/lib/python3.10/dist-packages/dobot_msgs_v4/srv/_mov_l.py
-- Installing: /home/user/dobot_ws/install/dobot_msgs_v4/local/lib/python3.10/dist-packages/dobot_msgs_v4/srv/_di.py
-- Installing: /home/user/dobot_ws/install/dobot_msgs_v4/local/lib/python3.10/dist-packages/dobot_msgs_v4/srv/_get_error_s.c
-- Installing: /home/user/dobot_ws/install/dobot_msgs_v4/local/lib/python3.10/dist-packages/dobot_msgs_v4/srv/_set_coils_s.c
-- Installing: /home/user/dobot_ws/install/dobot_msgs_v4/local/lib/python3.10/dist-packages/dobot_msgs_v4/srv/_do_instant.py
-- Installing: /home/user/dobot_ws/install/dobot_msgs_v4/local/lib/python3.10/dist-packages/dobot_msgs_v4/srv/_run_to.py
-- Installing: /home/user/dobot_ws/install/dobot_msgs_v4/local/lib/python3.10/dist-packages/dobot_msgs_v4/srv/_run_to_s.c
-- Installing: /home/user/dobot_ws/install/dobot_msgs_v4/local/lib/python3.10/dist-packages/dobot_msgs_v4/srv/_get_current_command_id_s.c
-- Installing: /home/user/dobot_ws/install/dobot_msgs_v4/local/lib/python3.10/dist-packages/dobot_msgs_v4/srv/_enable_ft_sensor.py
-- Installing: /home/user/dobot_ws/install/dobot_msgs_v4/local/lib/python3.10/dist-packages/dobot_msgs_v4/srv/_stop_s.c
-- Installing: /home/user/dobot_ws/install/dobot_msgs_v4/local/lib/python3.10/dist-packages/dobot_msgs_v4/srv/_calc_tool_s.c
-- Installing: /home/user/dobot_ws/install/dobot_msgs_v4/local/lib/python3.10/dist-packages/dobot_msgs_v4/srv/_get_hold_regs_s.c
-- Installing: /home/user/dobot_ws/install/dobot_msgs_v4/local/lib/python3.10/dist-packages/dobot_msgs_v4/srv/_set_payload.py
-- Installing: /home/user/dobot_ws/install/dobot_msgs_v4/local/lib/python3.10/dist-packages/dobot_msgs_v4/srv/_brake_control_s.c
-- Installing: /home/user/dobot_ws/install/dobot_msgs_v4/local/lib/python3.10/dist-packages/dobot_msgs_v4/srv/_tcp_dashboard.py
-- Installing: /home/user/dobot_ws/install/dobot_msgs_v4/local/lib/python3.10/dist-packages/dobot_msgs_v4/srv/_get_start_pose_s.c
-- Installing: /home/user/dobot_ws/install/dobot_msgs_v4/local/lib/python3.10/dist-packages/dobot_msgs_v4/srv/_six_force_home_s.c
-- Installing: /home/user/dobot_ws/install/dobot_msgs_v4/local/lib/python3.10/dist-packages/dobot_msgs_v4/srv/_rel_mov_l_user_s.c
-- Installing: /home/user/dobot_ws/install/dobot_msgs_v4/local/lib/python3.10/dist-packages/dobot_msgs_v4/srv/_set_collision_level_s.c
-- Installing: /home/user/dobot_ws/install/dobot_msgs_v4/local/lib/python3.10/dist-packages/dobot_msgs_v4/srv/_set_safe_skin_s.c
-- Installing: /home/user/dobot_ws/install/dobot_msgs_v4/local/lib/python3.10/dist-packages/dobot_msgs_v4/srv/_fc_set_damping_s.c
-- Installing: /home/user/dobot_ws/install/dobot_msgs_v4/local/lib/python3.10/dist-packages/dobot_msgs_v4/srv/_fc_set_deviation.py
-- Installing: /home/user/dobot_ws/install/dobot_msgs_v4/local/lib/python3.10/dist-packages/dobot_msgs_v4/srv/_acc_l_s.c
-- Installing: /home/user/dobot_ws/install/dobot_msgs_v4/local/lib/python3.10/dist-packages/dobot_msgs_v4/srv/_tool.py
-- Installing: /home/user/dobot_ws/install/dobot_msgs_v4/local/lib/python3.10/dist-packages/dobot_msgs_v4/srv/_clear_error_s.c
-- Installing: /home/user/dobot_ws/install/dobot_msgs_v4/local/lib/python3.10/dist-packages/dobot_msgs_v4/srv/_disable_robot_s.c
-- Installing: /home/user/dobot_ws/install/dobot_msgs_v4/local/lib/python3.10/dist-packages/dobot_msgs_v4/srv/_arc.py
-- Installing: /home/user/dobot_ws/install/dobot_msgs_v4/local/lib/python3.10/dist-packages/dobot_msgs_v4/srv/_get_force.py
-- Installing: /home/user/dobot_ws/install/dobot_msgs_v4/local/lib/python3.10/dist-packages/dobot_msgs_v4/srv/_set_safe_skin.py
-- Installing: /home/user/dobot_ws/install/dobot_msgs_v4/local/lib/python3.10/dist-packages/dobot_msgs_v4/srv/_set_payload_s.c
-- Installing: /home/user/dobot_ws/install/dobot_msgs_v4/local/lib/python3.10/dist-packages/dobot_msgs_v4/srv/_get_ao.py
-- Installing: /home/user/dobot_ws/install/dobot_msgs_v4/local/lib/python3.10/dist-packages/dobot_msgs_v4/srv/_set_work_zone_enable.py
-- Installing: /home/user/dobot_ws/install/dobot_msgs_v4/local/lib/python3.10/dist-packages/dobot_msgs_v4/srv/_user_s.c
-- Installing: /home/user/dobot_ws/install/dobot_msgs_v4/local/lib/python3.10/dist-packages/dobot_msgs_v4/srv/_get_output_int_s.c
-- Installing: /home/user/dobot_ws/install/dobot_msgs_v4/local/lib/python3.10/dist-packages/dobot_msgs_v4/srv/_get_start_pose.py
-- Installing: /home/user/dobot_ws/install/dobot_msgs_v4/local/lib/python3.10/dist-packages/dobot_msgs_v4/dobot_msgs_v4_s__rosidl_typesupport_fastrtps_c.cpython-310-x86_64-linux-gnu.so
-- Installing: /home/user/dobot_ws/install/dobot_msgs_v4/local/lib/python3.10/dist-packages/dobot_msgs_v4/_dobot_msgs_v4_s.ep.rosidl_typesupport_c.c
Listing '/home/user/dobot_ws/install/dobot_msgs_v4/local/lib/python3.10/dist-packages/dobot_msgs_v4'...
Compiling '/home/user/dobot_ws/install/dobot_msgs_v4/local/lib/python3.10/dist-packages/dobot_msgs_v4/__init__.py'...
Listing '/home/user/dobot_ws/install/dobot_msgs_v4/local/lib/python3.10/dist-packages/dobot_msgs_v4/msg'...
Compiling '/home/user/dobot_ws/install/dobot_msgs_v4/local/lib/python3.10/dist-packages/dobot_msgs_v4/msg/__init__.py'...
Compiling '/home/user/dobot_ws/install/dobot_msgs_v4/local/lib/python3.10/dist-packages/dobot_msgs_v4/msg/_robot_status.py'...
Compiling '/home/user/dobot_ws/install/dobot_msgs_v4/local/lib/python3.10/dist-packages/dobot_msgs_v4/msg/_tool_vector_actual.py'...
Listing '/home/user/dobot_ws/install/dobot_msgs_v4/local/lib/python3.10/dist-packages/dobot_msgs_v4/srv'...
Compiling '/home/user/dobot_ws/install/dobot_msgs_v4/local/lib/python3.10/dist-packages/dobot_msgs_v4/srv/__init__.py'...
Compiling '/home/user/dobot_ws/install/dobot_msgs_v4/local/lib/python3.10/dist-packages/dobot_msgs_v4/srv/_acc_j.py'...
Compiling '/home/user/dobot_ws/install/dobot_msgs_v4/local/lib/python3.10/dist-packages/dobot_msgs_v4/srv/_acc_l.py'...
Compiling '/home/user/dobot_ws/install/dobot_msgs_v4/local/lib/python3.10/dist-packages/dobot_msgs_v4/srv/_ai.py'...
Compiling '/home/user/dobot_ws/install/dobot_msgs_v4/local/lib/python3.10/dist-packages/dobot_msgs_v4/srv/_ao.py'...
Compiling '/home/user/dobot_ws/install/dobot_msgs_v4/local/lib/python3.10/dist-packages/dobot_msgs_v4/srv/_ao_instant.py'...
Compiling '/home/user/dobot_ws/install/dobot_msgs_v4/local/lib/python3.10/dist-packages/dobot_msgs_v4/srv/_arc.py'...
Compiling '/home/user/dobot_ws/install/dobot_msgs_v4/local/lib/python3.10/dist-packages/dobot_msgs_v4/srv/_brake_control.py'...
Compiling '/home/user/dobot_ws/install/dobot_msgs_v4/local/lib/python3.10/dist-packages/dobot_msgs_v4/srv/_calc_tool.py'...
Compiling '/home/user/dobot_ws/install/dobot_msgs_v4/local/lib/python3.10/dist-packages/dobot_msgs_v4/srv/_calc_user.py'...
Compiling '/home/user/dobot_ws/install/dobot_msgs_v4/local/lib/python3.10/dist-packages/dobot_msgs_v4/srv/_check_odd_mov_c.py'...
Compiling '/home/user/dobot_ws/install/dobot_msgs_v4/local/lib/python3.10/dist-packages/dobot_msgs_v4/srv/_check_odd_mov_j.py'...
Compiling '/home/user/dobot_ws/install/dobot_msgs_v4/local/lib/python3.10/dist-packages/dobot_msgs_v4/srv/_check_odd_mov_l.py'...
Compiling '/home/user/dobot_ws/install/dobot_msgs_v4/local/lib/python3.10/dist-packages/dobot_msgs_v4/srv/_circle.py'...
Compiling '/home/user/dobot_ws/install/dobot_msgs_v4/local/lib/python3.10/dist-packages/dobot_msgs_v4/srv/_clear_error.py'...
Compiling '/home/user/dobot_ws/install/dobot_msgs_v4/local/lib/python3.10/dist-packages/dobot_msgs_v4/srv/_continue.py'...
Compiling '/home/user/dobot_ws/install/dobot_msgs_v4/local/lib/python3.10/dist-packages/dobot_msgs_v4/srv/_cp.py'...
Compiling '/home/user/dobot_ws/install/dobot_msgs_v4/local/lib/python3.10/dist-packages/dobot_msgs_v4/srv/_di.py'...
Compiling '/home/user/dobot_ws/install/dobot_msgs_v4/local/lib/python3.10/dist-packages/dobot_msgs_v4/srv/_di_group.py'...
Compiling '/home/user/dobot_ws/install/dobot_msgs_v4/local/lib/python3.10/dist-packages/dobot_msgs_v4/srv/_di_group_dec.py'...
Compiling '/home/user/dobot_ws/install/dobot_msgs_v4/local/lib/python3.10/dist-packages/dobot_msgs_v4/srv/_disable_robot.py'...
Compiling '/home/user/dobot_ws/install/dobot_msgs_v4/local/lib/python3.10/dist-packages/dobot_msgs_v4/srv/_do.py'...
Compiling '/home/user/dobot_ws/install/dobot_msgs_v4/local/lib/python3.10/dist-packages/dobot_msgs_v4/srv/_do_group.py'...
Compiling '/home/user/dobot_ws/install/dobot_msgs_v4/local/lib/python3.10/dist-packages/dobot_msgs_v4/srv/_do_group_dec.py'...
Compiling '/home/user/dobot_ws/install/dobot_msgs_v4/local/lib/python3.10/dist-packages/dobot_msgs_v4/srv/_do_instant.py'...
Compiling '/home/user/dobot_ws/install/dobot_msgs_v4/local/lib/python3.10/dist-packages/dobot_msgs_v4/srv/_drag_sensivity.py'...
Compiling '/home/user/dobot_ws/install/dobot_msgs_v4/local/lib/python3.10/dist-packages/dobot_msgs_v4/srv/_emergency_stop.py'...
Compiling '/home/user/dobot_ws/install/dobot_msgs_v4/local/lib/python3.10/dist-packages/dobot_msgs_v4/srv/_enable_ft_sensor.py'...
Compiling '/home/user/dobot_ws/install/dobot_msgs_v4/local/lib/python3.10/dist-packages/dobot_msgs_v4/srv/_enable_robot.py'...
Compiling '/home/user/dobot_ws/install/dobot_msgs_v4/local/lib/python3.10/dist-packages/dobot_msgs_v4/srv/_enable_safe_skin.py'...
Compiling '/home/user/dobot_ws/install/dobot_msgs_v4/local/lib/python3.10/dist-packages/dobot_msgs_v4/srv/_end_rt_offset.py'...
Compiling '/home/user/dobot_ws/install/dobot_msgs_v4/local/lib/python3.10/dist-packages/dobot_msgs_v4/srv/_fc_collision_switch.py'...
Compiling '/home/user/dobot_ws/install/dobot_msgs_v4/local/lib/python3.10/dist-packages/dobot_msgs_v4/srv/_fc_force_mode.py'...
Compiling '/home/user/dobot_ws/install/dobot_msgs_v4/local/lib/python3.10/dist-packages/dobot_msgs_v4/srv/_fc_off.py'...
Compiling '/home/user/dobot_ws/install/dobot_msgs_v4/local/lib/python3.10/dist-packages/dobot_msgs_v4/srv/_fc_set_damping.py'...
Compiling '/home/user/dobot_ws/install/dobot_msgs_v4/local/lib/python3.10/dist-packages/dobot_msgs_v4/srv/_fc_set_deviation.py'...
Compiling '/home/user/dobot_ws/install/dobot_msgs_v4/local/lib/python3.10/dist-packages/dobot_msgs_v4/srv/_fc_set_force.py'...
Compiling '/home/user/dobot_ws/install/dobot_msgs_v4/local/lib/python3.10/dist-packages/dobot_msgs_v4/srv/_fc_set_force_limit.py'...
Compiling '/home/user/dobot_ws/install/dobot_msgs_v4/local/lib/python3.10/dist-packages/dobot_msgs_v4/srv/_fc_set_force_speed_limit.py'...
Compiling '/home/user/dobot_ws/install/dobot_msgs_v4/local/lib/python3.10/dist-packages/dobot_msgs_v4/srv/_fc_set_mass.py'...
Compiling '/home/user/dobot_ws/install/dobot_msgs_v4/local/lib/python3.10/dist-packages/dobot_msgs_v4/srv/_fc_set_stiffness.py'...
Compiling '/home/user/dobot_ws/install/dobot_msgs_v4/local/lib/python3.10/dist-packages/dobot_msgs_v4/srv/_force_drive_mode.py'...
Compiling '/home/user/dobot_ws/install/dobot_msgs_v4/local/lib/python3.10/dist-packages/dobot_msgs_v4/srv/_force_drive_speed.py'...
Compiling '/home/user/dobot_ws/install/dobot_msgs_v4/local/lib/python3.10/dist-packages/dobot_msgs_v4/srv/_get_angle.py'...
Compiling '/home/user/dobot_ws/install/dobot_msgs_v4/local/lib/python3.10/dist-packages/dobot_msgs_v4/srv/_get_ao.py'...
Compiling '/home/user/dobot_ws/install/dobot_msgs_v4/local/lib/python3.10/dist-packages/dobot_msgs_v4/srv/_get_coils.py'...
Compiling '/home/user/dobot_ws/install/dobot_msgs_v4/local/lib/python3.10/dist-packages/dobot_msgs_v4/srv/_get_current_command_id.py'...
Compiling '/home/user/dobot_ws/install/dobot_msgs_v4/local/lib/python3.10/dist-packages/dobot_msgs_v4/srv/_get_do.py'...
Compiling '/home/user/dobot_ws/install/dobot_msgs_v4/local/lib/python3.10/dist-packages/dobot_msgs_v4/srv/_get_do_group.py'...
Compiling '/home/user/dobot_ws/install/dobot_msgs_v4/local/lib/python3.10/dist-packages/dobot_msgs_v4/srv/_get_do_group_dec.py'...
Compiling '/home/user/dobot_ws/install/dobot_msgs_v4/local/lib/python3.10/dist-packages/dobot_msgs_v4/srv/_get_error.py'...
Compiling '/home/user/dobot_ws/install/dobot_msgs_v4/local/lib/python3.10/dist-packages/dobot_msgs_v4/srv/_get_error_id.py'...
Compiling '/home/user/dobot_ws/install/dobot_msgs_v4/local/lib/python3.10/dist-packages/dobot_msgs_v4/srv/_get_force.py'...
Compiling '/home/user/dobot_ws/install/dobot_msgs_v4/local/lib/python3.10/dist-packages/dobot_msgs_v4/srv/_get_hold_regs.py'...
Compiling '/home/user/dobot_ws/install/dobot_msgs_v4/local/lib/python3.10/dist-packages/dobot_msgs_v4/srv/_get_in_bits.py'...
Compiling '/home/user/dobot_ws/install/dobot_msgs_v4/local/lib/python3.10/dist-packages/dobot_msgs_v4/srv/_get_in_regs.py'...
Compiling '/home/user/dobot_ws/install/dobot_msgs_v4/local/lib/python3.10/dist-packages/dobot_msgs_v4/srv/_get_input_bool.py'...
Compiling '/home/user/dobot_ws/install/dobot_msgs_v4/local/lib/python3.10/dist-packages/dobot_msgs_v4/srv/_get_input_float.py'...
Compiling '/home/user/dobot_ws/install/dobot_msgs_v4/local/lib/python3.10/dist-packages/dobot_msgs_v4/srv/_get_input_int.py'...
Compiling '/home/user/dobot_ws/install/dobot_msgs_v4/local/lib/python3.10/dist-packages/dobot_msgs_v4/srv/_get_output_bool.py'...
Compiling '/home/user/dobot_ws/install/dobot_msgs_v4/local/lib/python3.10/dist-packages/dobot_msgs_v4/srv/_get_output_float.py'...
Compiling '/home/user/dobot_ws/install/dobot_msgs_v4/local/lib/python3.10/dist-packages/dobot_msgs_v4/srv/_get_output_int.py'...
Compiling '/home/user/dobot_ws/install/dobot_msgs_v4/local/lib/python3.10/dist-packages/dobot_msgs_v4/srv/_get_pose.py'...
Compiling '/home/user/dobot_ws/install/dobot_msgs_v4/local/lib/python3.10/dist-packages/dobot_msgs_v4/srv/_get_start_pose.py'...
Compiling '/home/user/dobot_ws/install/dobot_msgs_v4/local/lib/python3.10/dist-packages/dobot_msgs_v4/srv/_get_tool_do.py'...
Compiling '/home/user/dobot_ws/install/dobot_msgs_v4/local/lib/python3.10/dist-packages/dobot_msgs_v4/srv/_inverse_kin.py'...
Compiling '/home/user/dobot_ws/install/dobot_msgs_v4/local/lib/python3.10/dist-packages/dobot_msgs_v4/srv/_inverse_solution.py'...
Compiling '/home/user/dobot_ws/install/dobot_msgs_v4/local/lib/python3.10/dist-packages/dobot_msgs_v4/srv/_modbus_close.py'...
Compiling '/home/user/dobot_ws/install/dobot_msgs_v4/local/lib/python3.10/dist-packages/dobot_msgs_v4/srv/_modbus_create.py'...
Compiling '/home/user/dobot_ws/install/dobot_msgs_v4/local/lib/python3.10/dist-packages/dobot_msgs_v4/srv/_modbus_rtu_create.py'...
Compiling '/home/user/dobot_ws/install/dobot_msgs_v4/local/lib/python3.10/dist-packages/dobot_msgs_v4/srv/_mov_j.py'...
Compiling '/home/user/dobot_ws/install/dobot_msgs_v4/local/lib/python3.10/dist-packages/dobot_msgs_v4/srv/_mov_jio.py'...
Compiling '/home/user/dobot_ws/install/dobot_msgs_v4/local/lib/python3.10/dist-packages/dobot_msgs_v4/srv/_mov_l.py'...
Compiling '/home/user/dobot_ws/install/dobot_msgs_v4/local/lib/python3.10/dist-packages/dobot_msgs_v4/srv/_mov_lio.py'...
Compiling '/home/user/dobot_ws/install/dobot_msgs_v4/local/lib/python3.10/dist-packages/dobot_msgs_v4/srv/_move_jog.py'...
Compiling '/home/user/dobot_ws/install/dobot_msgs_v4/local/lib/python3.10/dist-packages/dobot_msgs_v4/srv/_pause.py'...
Compiling '/home/user/dobot_ws/install/dobot_msgs_v4/local/lib/python3.10/dist-packages/dobot_msgs_v4/srv/_positive_kin.py'...
Compiling '/home/user/dobot_ws/install/dobot_msgs_v4/local/lib/python3.10/dist-packages/dobot_msgs_v4/srv/_power_on.py'...
Compiling '/home/user/dobot_ws/install/dobot_msgs_v4/local/lib/python3.10/dist-packages/dobot_msgs_v4/srv/_rel_joint_mov_j.py'...
Compiling '/home/user/dobot_ws/install/dobot_msgs_v4/local/lib/python3.10/dist-packages/dobot_msgs_v4/srv/_rel_mov_j_tool.py'...
Compiling '/home/user/dobot_ws/install/dobot_msgs_v4/local/lib/python3.10/dist-packages/dobot_msgs_v4/srv/_rel_mov_j_user.py'...
Compiling '/home/user/dobot_ws/install/dobot_msgs_v4/local/lib/python3.10/dist-packages/dobot_msgs_v4/srv/_rel_mov_l_tool.py'...
Compiling '/home/user/dobot_ws/install/dobot_msgs_v4/local/lib/python3.10/dist-packages/dobot_msgs_v4/srv/_rel_mov_l_user.py'...
Compiling '/home/user/dobot_ws/install/dobot_msgs_v4/local/lib/python3.10/dist-packages/dobot_msgs_v4/srv/_request_control.py'...
Compiling '/home/user/dobot_ws/install/dobot_msgs_v4/local/lib/python3.10/dist-packages/dobot_msgs_v4/srv/_reset_robot.py'...
Compiling '/home/user/dobot_ws/install/dobot_msgs_v4/local/lib/python3.10/dist-packages/dobot_msgs_v4/srv/_robot_mode.py'...
Compiling '/home/user/dobot_ws/install/dobot_msgs_v4/local/lib/python3.10/dist-packages/dobot_msgs_v4/srv/_run_script.py'...
Compiling '/home/user/dobot_ws/install/dobot_msgs_v4/local/lib/python3.10/dist-packages/dobot_msgs_v4/srv/_run_to.py'...
Compiling '/home/user/dobot_ws/install/dobot_msgs_v4/local/lib/python3.10/dist-packages/dobot_msgs_v4/srv/_servo_j.py'...
Compiling '/home/user/dobot_ws/install/dobot_msgs_v4/local/lib/python3.10/dist-packages/dobot_msgs_v4/srv/_servo_p.py'...
Compiling '/home/user/dobot_ws/install/dobot_msgs_v4/local/lib/python3.10/dist-packages/dobot_msgs_v4/srv/_set_back_distance.py'...
Compiling '/home/user/dobot_ws/install/dobot_msgs_v4/local/lib/python3.10/dist-packages/dobot_msgs_v4/srv/_set_coils.py'...
Compiling '/home/user/dobot_ws/install/dobot_msgs_v4/local/lib/python3.10/dist-packages/dobot_msgs_v4/srv/_set_collision_level.py'...
Compiling '/home/user/dobot_ws/install/dobot_msgs_v4/local/lib/python3.10/dist-packages/dobot_msgs_v4/srv/_set_fc_collision.py'...
Compiling '/home/user/dobot_ws/install/dobot_msgs_v4/local/lib/python3.10/dist-packages/dobot_msgs_v4/srv/_set_hold_regs.py'...
Compiling '/home/user/dobot_ws/install/dobot_msgs_v4/local/lib/python3.10/dist-packages/dobot_msgs_v4/srv/_set_output_bool.py'...
Compiling '/home/user/dobot_ws/install/dobot_msgs_v4/local/lib/python3.10/dist-packages/dobot_msgs_v4/srv/_set_output_float.py'...
Compiling '/home/user/dobot_ws/install/dobot_msgs_v4/local/lib/python3.10/dist-packages/dobot_msgs_v4/srv/_set_output_int.py'...
Compiling '/home/user/dobot_ws/install/dobot_msgs_v4/local/lib/python3.10/dist-packages/dobot_msgs_v4/srv/_set_payload.py'...
Compiling '/home/user/dobot_ws/install/dobot_msgs_v4/local/lib/python3.10/dist-packages/dobot_msgs_v4/srv/_set_post_collision_mode.py'...
Compiling '/home/user/dobot_ws/install/dobot_msgs_v4/local/lib/python3.10/dist-packages/dobot_msgs_v4/srv/_set_safe_skin.py'...
Compiling '/home/user/dobot_ws/install/dobot_msgs_v4/local/lib/python3.10/dist-packages/dobot_msgs_v4/srv/_set_safe_wall_enable.py'...
Compiling '/home/user/dobot_ws/install/dobot_msgs_v4/local/lib/python3.10/dist-packages/dobot_msgs_v4/srv/_set_tool.py'...
Compiling '/home/user/dobot_ws/install/dobot_msgs_v4/local/lib/python3.10/dist-packages/dobot_msgs_v4/srv/_set_tool485.py'...
Compiling '/home/user/dobot_ws/install/dobot_msgs_v4/local/lib/python3.10/dist-packages/dobot_msgs_v4/srv/_set_tool_mode.py'...
Compiling '/home/user/dobot_ws/install/dobot_msgs_v4/local/lib/python3.10/dist-packages/dobot_msgs_v4/srv/_set_tool_power.py'...
Compiling '/home/user/dobot_ws/install/dobot_msgs_v4/local/lib/python3.10/dist-packages/dobot_msgs_v4/srv/_set_user.py'...
Compiling '/home/user/dobot_ws/install/dobot_msgs_v4/local/lib/python3.10/dist-packages/dobot_msgs_v4/srv/_set_work_zone_enable.py'...
Compiling '/home/user/dobot_ws/install/dobot_msgs_v4/local/lib/python3.10/dist-packages/dobot_msgs_v4/srv/_six_force_home.py'...
Compiling '/home/user/dobot_ws/install/dobot_msgs_v4/local/lib/python3.10/dist-packages/dobot_msgs_v4/srv/_speed_factor.py'...
Compiling '/home/user/dobot_ws/install/dobot_msgs_v4/local/lib/python3.10/dist-packages/dobot_msgs_v4/srv/_start_drag.py'...
Compiling '/home/user/dobot_ws/install/dobot_msgs_v4/local/lib/python3.10/dist-packages/dobot_msgs_v4/srv/_start_path.py'...
Compiling '/home/user/dobot_ws/install/dobot_msgs_v4/local/lib/python3.10/dist-packages/dobot_msgs_v4/srv/_start_rt_offset.py'...
Compiling '/home/user/dobot_ws/install/dobot_msgs_v4/local/lib/python3.10/dist-packages/dobot_msgs_v4/srv/_stop.py'...
Compiling '/home/user/dobot_ws/install/dobot_msgs_v4/local/lib/python3.10/dist-packages/dobot_msgs_v4/srv/_stop_drag.py'...
Compiling '/home/user/dobot_ws/install/dobot_msgs_v4/local/lib/python3.10/dist-packages/dobot_msgs_v4/srv/_stop_move_jog.py'...
Compiling '/home/user/dobot_ws/install/dobot_msgs_v4/local/lib/python3.10/dist-packages/dobot_msgs_v4/srv/_tcp_dashboard.py'...
Compiling '/home/user/dobot_ws/install/dobot_msgs_v4/local/lib/python3.10/dist-packages/dobot_msgs_v4/srv/_tool.py'...
Compiling '/home/user/dobot_ws/install/dobot_msgs_v4/local/lib/python3.10/dist-packages/dobot_msgs_v4/srv/_tool_ai.py'...
Compiling '/home/user/dobot_ws/install/dobot_msgs_v4/local/lib/python3.10/dist-packages/dobot_msgs_v4/srv/_tool_di.py'...
Compiling '/home/user/dobot_ws/install/dobot_msgs_v4/local/lib/python3.10/dist-packages/dobot_msgs_v4/srv/_tool_do.py'...
Compiling '/home/user/dobot_ws/install/dobot_msgs_v4/local/lib/python3.10/dist-packages/dobot_msgs_v4/srv/_tool_do_instant.py'...
Compiling '/home/user/dobot_ws/install/dobot_msgs_v4/local/lib/python3.10/dist-packages/dobot_msgs_v4/srv/_user.py'...
Compiling '/home/user/dobot_ws/install/dobot_msgs_v4/local/lib/python3.10/dist-packages/dobot_msgs_v4/srv/_vel_j.py'...
Compiling '/home/user/dobot_ws/install/dobot_msgs_v4/local/lib/python3.10/dist-packages/dobot_msgs_v4/srv/_vel_l.py'...
-- Installing: /home/user/dobot_ws/install/dobot_msgs_v4/local/lib/python3.10/dist-packages/dobot_msgs_v4/dobot_msgs_v4_s__rosidl_typesupport_fastrtps_c.cpython-310-x86_64-linux-gnu.so
-- Set runtime path of "/home/user/dobot_ws/install/dobot_msgs_v4/local/lib/python3.10/dist-packages/dobot_msgs_v4/dobot_msgs_v4_s__rosidl_typesupport_fastrtps_c.cpython-310-x86_64-linux-gnu.so" to ""
-- Installing: /home/user/dobot_ws/install/dobot_msgs_v4/local/lib/python3.10/dist-packages/dobot_msgs_v4/dobot_msgs_v4_s__rosidl_typesupport_introspection_c.cpython-310-x86_64-linux-gnu.so
-- Set runtime path of "/home/user/dobot_ws/install/dobot_msgs_v4/local/lib/python3.10/dist-packages/dobot_msgs_v4/dobot_msgs_v4_s__rosidl_typesupport_introspection_c.cpython-310-x86_64-linux-gnu.so" to ""
-- Installing: /home/user/dobot_ws/install/dobot_msgs_v4/local/lib/python3.10/dist-packages/dobot_msgs_v4/dobot_msgs_v4_s__rosidl_typesupport_c.cpython-310-x86_64-linux-gnu.so
-- Set runtime path of "/home/user/dobot_ws/install/dobot_msgs_v4/local/lib/python3.10/dist-packages/dobot_msgs_v4/dobot_msgs_v4_s__rosidl_typesupport_c.cpython-310-x86_64-linux-gnu.so" to ""
-- Installing: /home/user/dobot_ws/install/dobot_msgs_v4/lib/libdobot_msgs_v4__rosidl_generator_py.so
-- Set runtime path of "/home/user/dobot_ws/install/dobot_msgs_v4/lib/libdobot_msgs_v4__rosidl_generator_py.so" to ""
-- Installing: /home/user/dobot_ws/install/dobot_msgs_v4/share/ament_index/resource_index/rust_packages/dobot_msgs_v4
-- Installing: /home/user/dobot_ws/install/dobot_msgs_v4/share/dobot_msgs_v4/rust
-- Installing: /home/user/dobot_ws/install/dobot_msgs_v4/share/dobot_msgs_v4/rust/src
-- Installing: /home/user/dobot_ws/install/dobot_msgs_v4/share/dobot_msgs_v4/rust/src/msg
-- Installing: /home/user/dobot_ws/install/dobot_msgs_v4/share/dobot_msgs_v4/rust/src/msg/rmw.rs
-- Installing: /home/user/dobot_ws/install/dobot_msgs_v4/share/dobot_msgs_v4/rust/src/msg.rs
-- Installing: /home/user/dobot_ws/install/dobot_msgs_v4/share/dobot_msgs_v4/rust/src/srv
-- Installing: /home/user/dobot_ws/install/dobot_msgs_v4/share/dobot_msgs_v4/rust/src/srv/rmw.rs
-- Installing: /home/user/dobot_ws/install/dobot_msgs_v4/share/dobot_msgs_v4/rust/src/lib.rs
-- Installing: /home/user/dobot_ws/install/dobot_msgs_v4/share/dobot_msgs_v4/rust/src/srv.rs
-- Installing: /home/user/dobot_ws/install/dobot_msgs_v4/share/dobot_msgs_v4/rust/build.rs
-- Installing: /home/user/dobot_ws/install/dobot_msgs_v4/share/dobot_msgs_v4/rust/Cargo.toml
-- Installing: /home/user/dobot_ws/install/dobot_msgs_v4/share/dobot_msgs_v4/msg/RobotStatus.idl
-- Installing: /home/user/dobot_ws/install/dobot_msgs_v4/share/dobot_msgs_v4/msg/ToolVectorActual.idl
-- Installing: /home/user/dobot_ws/install/dobot_msgs_v4/share/dobot_msgs_v4/srv/EnableRobot.idl
-- Installing: /home/user/dobot_ws/install/dobot_msgs_v4/share/dobot_msgs_v4/srv/DisableRobot.idl
-- Installing: /home/user/dobot_ws/install/dobot_msgs_v4/share/dobot_msgs_v4/srv/ClearError.idl
-- Installing: /home/user/dobot_ws/install/dobot_msgs_v4/share/dobot_msgs_v4/srv/SpeedFactor.idl
-- Installing: /home/user/dobot_ws/install/dobot_msgs_v4/share/dobot_msgs_v4/srv/User.idl
-- Installing: /home/user/dobot_ws/install/dobot_msgs_v4/share/dobot_msgs_v4/srv/Tool.idl
-- Installing: /home/user/dobot_ws/install/dobot_msgs_v4/share/dobot_msgs_v4/srv/RobotMode.idl
-- Installing: /home/user/dobot_ws/install/dobot_msgs_v4/share/dobot_msgs_v4/srv/SetPayload.idl
-- Installing: /home/user/dobot_ws/install/dobot_msgs_v4/share/dobot_msgs_v4/srv/DO.idl
-- Installing: /home/user/dobot_ws/install/dobot_msgs_v4/share/dobot_msgs_v4/srv/DOInstant.idl
-- Installing: /home/user/dobot_ws/install/dobot_msgs_v4/share/dobot_msgs_v4/srv/ToolDO.idl
-- Installing: /home/user/dobot_ws/install/dobot_msgs_v4/share/dobot_msgs_v4/srv/ToolDOInstant.idl
-- Installing: /home/user/dobot_ws/install/dobot_msgs_v4/share/dobot_msgs_v4/srv/AO.idl
-- Installing: /home/user/dobot_ws/install/dobot_msgs_v4/share/dobot_msgs_v4/srv/AOInstant.idl
-- Installing: /home/user/dobot_ws/install/dobot_msgs_v4/share/dobot_msgs_v4/srv/AccJ.idl
-- Installing: /home/user/dobot_ws/install/dobot_msgs_v4/share/dobot_msgs_v4/srv/AccL.idl
-- Installing: /home/user/dobot_ws/install/dobot_msgs_v4/share/dobot_msgs_v4/srv/VelJ.idl
-- Installing: /home/user/dobot_ws/install/dobot_msgs_v4/share/dobot_msgs_v4/srv/VelL.idl
-- Installing: /home/user/dobot_ws/install/dobot_msgs_v4/share/dobot_msgs_v4/srv/CP.idl
-- Installing: /home/user/dobot_ws/install/dobot_msgs_v4/share/dobot_msgs_v4/srv/PowerOn.idl
-- Installing: /home/user/dobot_ws/install/dobot_msgs_v4/share/dobot_msgs_v4/srv/RunScript.idl
-- Installing: /home/user/dobot_ws/install/dobot_msgs_v4/share/dobot_msgs_v4/srv/Stop.idl
-- Installing: /home/user/dobot_ws/install/dobot_msgs_v4/share/dobot_msgs_v4/srv/Pause.idl
-- Installing: /home/user/dobot_ws/install/dobot_msgs_v4/share/dobot_msgs_v4/srv/Continue.idl
-- Installing: /home/user/dobot_ws/install/dobot_msgs_v4/share/dobot_msgs_v4/srv/PositiveKin.idl
-- Installing: /home/user/dobot_ws/install/dobot_msgs_v4/share/dobot_msgs_v4/srv/InverseKin.idl
-- Installing: /home/user/dobot_ws/install/dobot_msgs_v4/share/dobot_msgs_v4/srv/SetCollisionLevel.idl
-- Installing: /home/user/dobot_ws/install/dobot_msgs_v4/share/dobot_msgs_v4/srv/GetAngle.idl
-- Installing: /home/user/dobot_ws/install/dobot_msgs_v4/share/dobot_msgs_v4/srv/GetPose.idl
-- Installing: /home/user/dobot_ws/install/dobot_msgs_v4/share/dobot_msgs_v4/srv/EmergencyStop.idl
-- Installing: /home/user/dobot_ws/install/dobot_msgs_v4/share/dobot_msgs_v4/srv/ModbusRTUCreate.idl
-- Installing: /home/user/dobot_ws/install/dobot_msgs_v4/share/dobot_msgs_v4/srv/ModbusCreate.idl
-- Installing: /home/user/dobot_ws/install/dobot_msgs_v4/share/dobot_msgs_v4/srv/ModbusClose.idl
-- Installing: /home/user/dobot_ws/install/dobot_msgs_v4/share/dobot_msgs_v4/srv/GetInBits.idl
-- Installing: /home/user/dobot_ws/install/dobot_msgs_v4/share/dobot_msgs_v4/srv/GetInRegs.idl
-- Installing: /home/user/dobot_ws/install/dobot_msgs_v4/share/dobot_msgs_v4/srv/GetCoils.idl
-- Installing: /home/user/dobot_ws/install/dobot_msgs_v4/share/dobot_msgs_v4/srv/SetCoils.idl
-- Installing: /home/user/dobot_ws/install/dobot_msgs_v4/share/dobot_msgs_v4/srv/GetHoldRegs.idl
-- Installing: /home/user/dobot_ws/install/dobot_msgs_v4/share/dobot_msgs_v4/srv/SetHoldRegs.idl
-- Installing: /home/user/dobot_ws/install/dobot_msgs_v4/share/dobot_msgs_v4/srv/SetSafeSkin.idl
-- Installing: /home/user/dobot_ws/install/dobot_msgs_v4/share/dobot_msgs_v4/srv/MovJ.idl
-- Installing: /home/user/dobot_ws/install/dobot_msgs_v4/share/dobot_msgs_v4/srv/MovL.idl
-- Installing: /home/user/dobot_ws/install/dobot_msgs_v4/share/dobot_msgs_v4/srv/RelJointMovJ.idl
-- Installing: /home/user/dobot_ws/install/dobot_msgs_v4/share/dobot_msgs_v4/srv/MoveJog.idl
-- Installing: /home/user/dobot_ws/install/dobot_msgs_v4/share/dobot_msgs_v4/srv/StopMoveJog.idl
-- Installing: /home/user/dobot_ws/install/dobot_msgs_v4/share/dobot_msgs_v4/srv/DOGroup.idl
-- Installing: /home/user/dobot_ws/install/dobot_msgs_v4/share/dobot_msgs_v4/srv/BrakeControl.idl
-- Installing: /home/user/dobot_ws/install/dobot_msgs_v4/share/dobot_msgs_v4/srv/StartDrag.idl
-- Installing: /home/user/dobot_ws/install/dobot_msgs_v4/share/dobot_msgs_v4/srv/EnableSafeSkin.idl
-- Installing: /home/user/dobot_ws/install/dobot_msgs_v4/share/dobot_msgs_v4/srv/GetStartPose.idl
-- Installing: /home/user/dobot_ws/install/dobot_msgs_v4/share/dobot_msgs_v4/srv/StartPath.idl
-- Installing: /home/user/dobot_ws/install/dobot_msgs_v4/share/dobot_msgs_v4/srv/InverseSolution.idl
-- Installing: /home/user/dobot_ws/install/dobot_msgs_v4/share/dobot_msgs_v4/srv/GetErrorID.idl
-- Installing: /home/user/dobot_ws/install/dobot_msgs_v4/share/dobot_msgs_v4/srv/DI.idl
-- Installing: /home/user/dobot_ws/install/dobot_msgs_v4/share/dobot_msgs_v4/srv/ToolDI.idl
-- Installing: /home/user/dobot_ws/install/dobot_msgs_v4/share/dobot_msgs_v4/srv/AI.idl
-- Installing: /home/user/dobot_ws/install/dobot_msgs_v4/share/dobot_msgs_v4/srv/ToolAI.idl
-- Installing: /home/user/dobot_ws/install/dobot_msgs_v4/share/dobot_msgs_v4/srv/DIGroup.idl
-- Installing: /home/user/dobot_ws/install/dobot_msgs_v4/share/dobot_msgs_v4/srv/StopDrag.idl
-- Installing: /home/user/dobot_ws/install/dobot_msgs_v4/share/dobot_msgs_v4/srv/DragSensivity.idl
-- Installing: /home/user/dobot_ws/install/dobot_msgs_v4/share/dobot_msgs_v4/srv/GetDO.idl
-- Installing: /home/user/dobot_ws/install/dobot_msgs_v4/share/dobot_msgs_v4/srv/GetAO.idl
-- Installing: /home/user/dobot_ws/install/dobot_msgs_v4/share/dobot_msgs_v4/srv/GetDOGroup.idl
-- Installing: /home/user/dobot_ws/install/dobot_msgs_v4/share/dobot_msgs_v4/srv/SetTool485.idl
-- Installing: /home/user/dobot_ws/install/dobot_msgs_v4/share/dobot_msgs_v4/srv/SetSafeWallEnable.idl
-- Installing: /home/user/dobot_ws/install/dobot_msgs_v4/share/dobot_msgs_v4/srv/SetToolPower.idl
-- Installing: /home/user/dobot_ws/install/dobot_msgs_v4/share/dobot_msgs_v4/srv/SetToolMode.idl
-- Installing: /home/user/dobot_ws/install/dobot_msgs_v4/share/dobot_msgs_v4/srv/SetBackDistance.idl
-- Installing: /home/user/dobot_ws/install/dobot_msgs_v4/share/dobot_msgs_v4/srv/SetPostCollisionMode.idl
-- Installing: /home/user/dobot_ws/install/dobot_msgs_v4/share/dobot_msgs_v4/srv/SetUser.idl
-- Installing: /home/user/dobot_ws/install/dobot_msgs_v4/share/dobot_msgs_v4/srv/SetTool.idl
-- Installing: /home/user/dobot_ws/install/dobot_msgs_v4/share/dobot_msgs_v4/srv/CalcUser.idl
-- Installing: /home/user/dobot_ws/install/dobot_msgs_v4/share/dobot_msgs_v4/srv/CalcTool.idl
-- Installing: /home/user/dobot_ws/install/dobot_msgs_v4/share/dobot_msgs_v4/srv/GetInputBool.idl
-- Installing: /home/user/dobot_ws/install/dobot_msgs_v4/share/dobot_msgs_v4/srv/GetInputInt.idl
-- Installing: /home/user/dobot_ws/install/dobot_msgs_v4/share/dobot_msgs_v4/srv/GetInputFloat.idl
-- Installing: /home/user/dobot_ws/install/dobot_msgs_v4/share/dobot_msgs_v4/srv/GetOutputBool.idl
-- Installing: /home/user/dobot_ws/install/dobot_msgs_v4/share/dobot_msgs_v4/srv/GetOutputInt.idl
-- Installing: /home/user/dobot_ws/install/dobot_msgs_v4/share/dobot_msgs_v4/srv/GetOutputFloat.idl
-- Installing: /home/user/dobot_ws/install/dobot_msgs_v4/share/dobot_msgs_v4/srv/SetOutputBool.idl
-- Installing: /home/user/dobot_ws/install/dobot_msgs_v4/share/dobot_msgs_v4/srv/SetOutputInt.idl
-- Installing: /home/user/dobot_ws/install/dobot_msgs_v4/share/dobot_msgs_v4/srv/SetOutputFloat.idl
-- Installing: /home/user/dobot_ws/install/dobot_msgs_v4/share/dobot_msgs_v4/srv/MovLIO.idl
-- Installing: /home/user/dobot_ws/install/dobot_msgs_v4/share/dobot_msgs_v4/srv/MovJIO.idl
-- Installing: /home/user/dobot_ws/install/dobot_msgs_v4/share/dobot_msgs_v4/srv/Arc.idl
-- Installing: /home/user/dobot_ws/install/dobot_msgs_v4/share/dobot_msgs_v4/srv/Circle.idl
-- Installing: /home/user/dobot_ws/install/dobot_msgs_v4/share/dobot_msgs_v4/srv/RelMovJTool.idl
-- Installing: /home/user/dobot_ws/install/dobot_msgs_v4/share/dobot_msgs_v4/srv/RelMovLTool.idl
-- Installing: /home/user/dobot_ws/install/dobot_msgs_v4/share/dobot_msgs_v4/srv/RelMovJUser.idl
-- Installing: /home/user/dobot_ws/install/dobot_msgs_v4/share/dobot_msgs_v4/srv/RelMovLUser.idl
-- Installing: /home/user/dobot_ws/install/dobot_msgs_v4/share/dobot_msgs_v4/srv/GetCurrentCommandId.idl
-- Installing: /home/user/dobot_ws/install/dobot_msgs_v4/share/dobot_msgs_v4/srv/ServoJ.idl
-- Installing: /home/user/dobot_ws/install/dobot_msgs_v4/share/dobot_msgs_v4/srv/ServoP.idl
-- Installing: /home/user/dobot_ws/install/dobot_msgs_v4/share/dobot_msgs_v4/srv/TcpDashboard.idl
-- Installing: /home/user/dobot_ws/install/dobot_msgs_v4/share/dobot_msgs_v4/srv/EnableFTSensor.idl
-- Installing: /home/user/dobot_ws/install/dobot_msgs_v4/share/dobot_msgs_v4/srv/SixForceHome.idl
-- Installing: /home/user/dobot_ws/install/dobot_msgs_v4/share/dobot_msgs_v4/srv/GetForce.idl
-- Installing: /home/user/dobot_ws/install/dobot_msgs_v4/share/dobot_msgs_v4/srv/ForceDriveMode.idl
-- Installing: /home/user/dobot_ws/install/dobot_msgs_v4/share/dobot_msgs_v4/srv/ForceDriveSpeed.idl
-- Installing: /home/user/dobot_ws/install/dobot_msgs_v4/share/dobot_msgs_v4/srv/FCForceMode.idl
-- Installing: /home/user/dobot_ws/install/dobot_msgs_v4/share/dobot_msgs_v4/srv/FCSetDeviation.idl
-- Installing: /home/user/dobot_ws/install/dobot_msgs_v4/share/dobot_msgs_v4/srv/FCSetForceLimit.idl
-- Installing: /home/user/dobot_ws/install/dobot_msgs_v4/share/dobot_msgs_v4/srv/FCSetMass.idl
-- Installing: /home/user/dobot_ws/install/dobot_msgs_v4/share/dobot_msgs_v4/srv/FCSetStiffness.idl
-- Installing: /home/user/dobot_ws/install/dobot_msgs_v4/share/dobot_msgs_v4/srv/FCSetDamping.idl
-- Installing: /home/user/dobot_ws/install/dobot_msgs_v4/share/dobot_msgs_v4/srv/FCOff.idl
-- Installing: /home/user/dobot_ws/install/dobot_msgs_v4/share/dobot_msgs_v4/srv/FCSetForceSpeedLimit.idl
-- Installing: /home/user/dobot_ws/install/dobot_msgs_v4/share/dobot_msgs_v4/srv/FCSetForce.idl
-- Installing: /home/user/dobot_ws/install/dobot_msgs_v4/share/dobot_msgs_v4/srv/SetFCCollision.idl
-- Installing: /home/user/dobot_ws/install/dobot_msgs_v4/share/dobot_msgs_v4/srv/FCCollisionSwitch.idl
-- Installing: /home/user/dobot_ws/install/dobot_msgs_v4/share/dobot_msgs_v4/srv/SetWorkZoneEnable.idl
-- Installing: /home/user/dobot_ws/install/dobot_msgs_v4/share/dobot_msgs_v4/srv/GetToolDO.idl
-- Installing: /home/user/dobot_ws/install/dobot_msgs_v4/share/dobot_msgs_v4/srv/ResetRobot.idl
-- Installing: /home/user/dobot_ws/install/dobot_msgs_v4/share/dobot_msgs_v4/srv/RunTo.idl
-- Installing: /home/user/dobot_ws/install/dobot_msgs_v4/share/dobot_msgs_v4/srv/StartRTOffset.idl
-- Installing: /home/user/dobot_ws/install/dobot_msgs_v4/share/dobot_msgs_v4/srv/EndRTOffset.idl
-- Installing: /home/user/dobot_ws/install/dobot_msgs_v4/share/dobot_msgs_v4/srv/GetError.idl
-- Installing: /home/user/dobot_ws/install/dobot_msgs_v4/share/dobot_msgs_v4/srv/DOGroupDEC.idl
-- Installing: /home/user/dobot_ws/install/dobot_msgs_v4/share/dobot_msgs_v4/srv/GetDOGroupDEC.idl
-- Installing: /home/user/dobot_ws/install/dobot_msgs_v4/share/dobot_msgs_v4/srv/DIGroupDEC.idl
-- Installing: /home/user/dobot_ws/install/dobot_msgs_v4/share/dobot_msgs_v4/srv/RequestControl.idl
-- Installing: /home/user/dobot_ws/install/dobot_msgs_v4/share/dobot_msgs_v4/srv/CheckOddMovL.idl
-- Installing: /home/user/dobot_ws/install/dobot_msgs_v4/share/dobot_msgs_v4/srv/CheckOddMovJ.idl
-- Installing: /home/user/dobot_ws/install/dobot_msgs_v4/share/dobot_msgs_v4/srv/CheckOddMovC.idl
-- Installing: /home/user/dobot_ws/install/dobot_msgs_v4/share/dobot_msgs_v4/msg/RobotStatus.msg
-- Installing: /home/user/dobot_ws/install/dobot_msgs_v4/share/dobot_msgs_v4/msg/ToolVectorActual.msg
-- Installing: /home/user/dobot_ws/install/dobot_msgs_v4/share/dobot_msgs_v4/srv/EnableRobot.srv
-- Installing: /home/user/dobot_ws/install/dobot_msgs_v4/share/dobot_msgs_v4/srv/EnableRobot_Request.msg
-- Installing: /home/user/dobot_ws/install/dobot_msgs_v4/share/dobot_msgs_v4/srv/EnableRobot_Response.msg
-- Installing: /home/user/dobot_ws/install/dobot_msgs_v4/share/dobot_msgs_v4/srv/DisableRobot.srv
-- Installing: /home/user/dobot_ws/install/dobot_msgs_v4/share/dobot_msgs_v4/srv/DisableRobot_Request.msg
-- Installing: /home/user/dobot_ws/install/dobot_msgs_v4/share/dobot_msgs_v4/srv/DisableRobot_Response.msg
-- Installing: /home/user/dobot_ws/install/dobot_msgs_v4/share/dobot_msgs_v4/srv/ClearError.srv
-- Installing: /home/user/dobot_ws/install/dobot_msgs_v4/share/dobot_msgs_v4/srv/ClearError_Request.msg
-- Installing: /home/user/dobot_ws/install/dobot_msgs_v4/share/dobot_msgs_v4/srv/ClearError_Response.msg
-- Installing: /home/user/dobot_ws/install/dobot_msgs_v4/share/dobot_msgs_v4/srv/SpeedFactor.srv
-- Installing: /home/user/dobot_ws/install/dobot_msgs_v4/share/dobot_msgs_v4/srv/SpeedFactor_Request.msg
-- Installing: /home/user/dobot_ws/install/dobot_msgs_v4/share/dobot_msgs_v4/srv/SpeedFactor_Response.msg
-- Installing: /home/user/dobot_ws/install/dobot_msgs_v4/share/dobot_msgs_v4/srv/User.srv
-- Installing: /home/user/dobot_ws/install/dobot_msgs_v4/share/dobot_msgs_v4/srv/User_Request.msg
-- Installing: /home/user/dobot_ws/install/dobot_msgs_v4/share/dobot_msgs_v4/srv/User_Response.msg
-- Installing: /home/user/dobot_ws/install/dobot_msgs_v4/share/dobot_msgs_v4/srv/Tool.srv
-- Installing: /home/user/dobot_ws/install/dobot_msgs_v4/share/dobot_msgs_v4/srv/Tool_Request.msg
-- Installing: /home/user/dobot_ws/install/dobot_msgs_v4/share/dobot_msgs_v4/srv/Tool_Response.msg
-- Installing: /home/user/dobot_ws/install/dobot_msgs_v4/share/dobot_msgs_v4/srv/RobotMode.srv
-- Installing: /home/user/dobot_ws/install/dobot_msgs_v4/share/dobot_msgs_v4/srv/RobotMode_Request.msg
-- Installing: /home/user/dobot_ws/install/dobot_msgs_v4/share/dobot_msgs_v4/srv/RobotMode_Response.msg
-- Installing: /home/user/dobot_ws/install/dobot_msgs_v4/share/dobot_msgs_v4/srv/SetPayload.srv
-- Installing: /home/user/dobot_ws/install/dobot_msgs_v4/share/dobot_msgs_v4/srv/SetPayload_Request.msg
-- Installing: /home/user/dobot_ws/install/dobot_msgs_v4/share/dobot_msgs_v4/srv/SetPayload_Response.msg
-- Installing: /home/user/dobot_ws/install/dobot_msgs_v4/share/dobot_msgs_v4/srv/DO.srv
-- Installing: /home/user/dobot_ws/install/dobot_msgs_v4/share/dobot_msgs_v4/srv/DO_Request.msg
-- Installing: /home/user/dobot_ws/install/dobot_msgs_v4/share/dobot_msgs_v4/srv/DO_Response.msg
-- Installing: /home/user/dobot_ws/install/dobot_msgs_v4/share/dobot_msgs_v4/srv/DOInstant.srv
-- Installing: /home/user/dobot_ws/install/dobot_msgs_v4/share/dobot_msgs_v4/srv/DOInstant_Request.msg
-- Installing: /home/user/dobot_ws/install/dobot_msgs_v4/share/dobot_msgs_v4/srv/DOInstant_Response.msg
-- Installing: /home/user/dobot_ws/install/dobot_msgs_v4/share/dobot_msgs_v4/srv/ToolDO.srv
-- Installing: /home/user/dobot_ws/install/dobot_msgs_v4/share/dobot_msgs_v4/srv/ToolDO_Request.msg
-- Installing: /home/user/dobot_ws/install/dobot_msgs_v4/share/dobot_msgs_v4/srv/ToolDO_Response.msg
-- Installing: /home/user/dobot_ws/install/dobot_msgs_v4/share/dobot_msgs_v4/srv/ToolDOInstant.srv
-- Installing: /home/user/dobot_ws/install/dobot_msgs_v4/share/dobot_msgs_v4/srv/ToolDOInstant_Request.msg
-- Installing: /home/user/dobot_ws/install/dobot_msgs_v4/share/dobot_msgs_v4/srv/ToolDOInstant_Response.msg
-- Installing: /home/user/dobot_ws/install/dobot_msgs_v4/share/dobot_msgs_v4/srv/AO.srv
-- Installing: /home/user/dobot_ws/install/dobot_msgs_v4/share/dobot_msgs_v4/srv/AO_Request.msg
-- Installing: /home/user/dobot_ws/install/dobot_msgs_v4/share/dobot_msgs_v4/srv/AO_Response.msg
-- Installing: /home/user/dobot_ws/install/dobot_msgs_v4/share/dobot_msgs_v4/srv/AOInstant.srv
-- Installing: /home/user/dobot_ws/install/dobot_msgs_v4/share/dobot_msgs_v4/srv/AOInstant_Request.msg
-- Installing: /home/user/dobot_ws/install/dobot_msgs_v4/share/dobot_msgs_v4/srv/AOInstant_Response.msg
-- Installing: /home/user/dobot_ws/install/dobot_msgs_v4/share/dobot_msgs_v4/srv/AccJ.srv
-- Installing: /home/user/dobot_ws/install/dobot_msgs_v4/share/dobot_msgs_v4/srv/AccJ_Request.msg
-- Installing: /home/user/dobot_ws/install/dobot_msgs_v4/share/dobot_msgs_v4/srv/AccJ_Response.msg
-- Installing: /home/user/dobot_ws/install/dobot_msgs_v4/share/dobot_msgs_v4/srv/AccL.srv
-- Installing: /home/user/dobot_ws/install/dobot_msgs_v4/share/dobot_msgs_v4/srv/AccL_Request.msg
-- Installing: /home/user/dobot_ws/install/dobot_msgs_v4/share/dobot_msgs_v4/srv/AccL_Response.msg
-- Installing: /home/user/dobot_ws/install/dobot_msgs_v4/share/dobot_msgs_v4/srv/VelJ.srv
-- Installing: /home/user/dobot_ws/install/dobot_msgs_v4/share/dobot_msgs_v4/srv/VelJ_Request.msg
-- Installing: /home/user/dobot_ws/install/dobot_msgs_v4/share/dobot_msgs_v4/srv/VelJ_Response.msg
-- Installing: /home/user/dobot_ws/install/dobot_msgs_v4/share/dobot_msgs_v4/srv/VelL.srv
-- Installing: /home/user/dobot_ws/install/dobot_msgs_v4/share/dobot_msgs_v4/srv/VelL_Request.msg
-- Installing: /home/user/dobot_ws/install/dobot_msgs_v4/share/dobot_msgs_v4/srv/VelL_Response.msg
-- Installing: /home/user/dobot_ws/install/dobot_msgs_v4/share/dobot_msgs_v4/srv/CP.srv
-- Installing: /home/user/dobot_ws/install/dobot_msgs_v4/share/dobot_msgs_v4/srv/CP_Request.msg
-- Installing: /home/user/dobot_ws/install/dobot_msgs_v4/share/dobot_msgs_v4/srv/CP_Response.msg
-- Installing: /home/user/dobot_ws/install/dobot_msgs_v4/share/dobot_msgs_v4/srv/PowerOn.srv
-- Installing: /home/user/dobot_ws/install/dobot_msgs_v4/share/dobot_msgs_v4/srv/PowerOn_Request.msg
-- Installing: /home/user/dobot_ws/install/dobot_msgs_v4/share/dobot_msgs_v4/srv/PowerOn_Response.msg
-- Installing: /home/user/dobot_ws/install/dobot_msgs_v4/share/dobot_msgs_v4/srv/RunScript.srv
-- Installing: /home/user/dobot_ws/install/dobot_msgs_v4/share/dobot_msgs_v4/srv/RunScript_Request.msg
-- Installing: /home/user/dobot_ws/install/dobot_msgs_v4/share/dobot_msgs_v4/srv/RunScript_Response.msg
-- Installing: /home/user/dobot_ws/install/dobot_msgs_v4/share/dobot_msgs_v4/srv/Stop.srv
-- Installing: /home/user/dobot_ws/install/dobot_msgs_v4/share/dobot_msgs_v4/srv/Stop_Request.msg
-- Installing: /home/user/dobot_ws/install/dobot_msgs_v4/share/dobot_msgs_v4/srv/Stop_Response.msg
-- Installing: /home/user/dobot_ws/install/dobot_msgs_v4/share/dobot_msgs_v4/srv/Pause.srv
-- Installing: /home/user/dobot_ws/install/dobot_msgs_v4/share/dobot_msgs_v4/srv/Pause_Request.msg
-- Installing: /home/user/dobot_ws/install/dobot_msgs_v4/share/dobot_msgs_v4/srv/Pause_Response.msg
-- Installing: /home/user/dobot_ws/install/dobot_msgs_v4/share/dobot_msgs_v4/srv/Continue.srv
-- Installing: /home/user/dobot_ws/install/dobot_msgs_v4/share/dobot_msgs_v4/srv/Continue_Request.msg
-- Installing: /home/user/dobot_ws/install/dobot_msgs_v4/share/dobot_msgs_v4/srv/Continue_Response.msg
-- Installing: /home/user/dobot_ws/install/dobot_msgs_v4/share/dobot_msgs_v4/srv/PositiveKin.srv
-- Installing: /home/user/dobot_ws/install/dobot_msgs_v4/share/dobot_msgs_v4/srv/PositiveKin_Request.msg
-- Installing: /home/user/dobot_ws/install/dobot_msgs_v4/share/dobot_msgs_v4/srv/PositiveKin_Response.msg
-- Installing: /home/user/dobot_ws/install/dobot_msgs_v4/share/dobot_msgs_v4/srv/InverseKin.srv
-- Installing: /home/user/dobot_ws/install/dobot_msgs_v4/share/dobot_msgs_v4/srv/InverseKin_Request.msg
-- Installing: /home/user/dobot_ws/install/dobot_msgs_v4/share/dobot_msgs_v4/srv/InverseKin_Response.msg
-- Installing: /home/user/dobot_ws/install/dobot_msgs_v4/share/dobot_msgs_v4/srv/SetCollisionLevel.srv
-- Installing: /home/user/dobot_ws/install/dobot_msgs_v4/share/dobot_msgs_v4/srv/SetCollisionLevel_Request.msg
-- Installing: /home/user/dobot_ws/install/dobot_msgs_v4/share/dobot_msgs_v4/srv/SetCollisionLevel_Response.msg
-- Installing: /home/user/dobot_ws/install/dobot_msgs_v4/share/dobot_msgs_v4/srv/GetAngle.srv
-- Installing: /home/user/dobot_ws/install/dobot_msgs_v4/share/dobot_msgs_v4/srv/GetAngle_Request.msg
-- Installing: /home/user/dobot_ws/install/dobot_msgs_v4/share/dobot_msgs_v4/srv/GetAngle_Response.msg
-- Installing: /home/user/dobot_ws/install/dobot_msgs_v4/share/dobot_msgs_v4/srv/GetPose.srv
-- Installing: /home/user/dobot_ws/install/dobot_msgs_v4/share/dobot_msgs_v4/srv/GetPose_Request.msg
-- Installing: /home/user/dobot_ws/install/dobot_msgs_v4/share/dobot_msgs_v4/srv/GetPose_Response.msg
-- Installing: /home/user/dobot_ws/install/dobot_msgs_v4/share/dobot_msgs_v4/srv/EmergencyStop.srv
-- Installing: /home/user/dobot_ws/install/dobot_msgs_v4/share/dobot_msgs_v4/srv/EmergencyStop_Request.msg
-- Installing: /home/user/dobot_ws/install/dobot_msgs_v4/share/dobot_msgs_v4/srv/EmergencyStop_Response.msg
-- Installing: /home/user/dobot_ws/install/dobot_msgs_v4/share/dobot_msgs_v4/srv/ModbusRTUCreate.srv
-- Installing: /home/user/dobot_ws/install/dobot_msgs_v4/share/dobot_msgs_v4/srv/ModbusRTUCreate_Request.msg
-- Installing: /home/user/dobot_ws/install/dobot_msgs_v4/share/dobot_msgs_v4/srv/ModbusRTUCreate_Response.msg
-- Installing: /home/user/dobot_ws/install/dobot_msgs_v4/share/dobot_msgs_v4/srv/ModbusCreate.srv
-- Installing: /home/user/dobot_ws/install/dobot_msgs_v4/share/dobot_msgs_v4/srv/ModbusCreate_Request.msg
-- Installing: /home/user/dobot_ws/install/dobot_msgs_v4/share/dobot_msgs_v4/srv/ModbusCreate_Response.msg
-- Installing: /home/user/dobot_ws/install/dobot_msgs_v4/share/dobot_msgs_v4/srv/ModbusClose.srv
-- Installing: /home/user/dobot_ws/install/dobot_msgs_v4/share/dobot_msgs_v4/srv/ModbusClose_Request.msg
-- Installing: /home/user/dobot_ws/install/dobot_msgs_v4/share/dobot_msgs_v4/srv/ModbusClose_Response.msg
-- Installing: /home/user/dobot_ws/install/dobot_msgs_v4/share/dobot_msgs_v4/srv/GetInBits.srv
-- Installing: /home/user/dobot_ws/install/dobot_msgs_v4/share/dobot_msgs_v4/srv/GetInBits_Request.msg
-- Installing: /home/user/dobot_ws/install/dobot_msgs_v4/share/dobot_msgs_v4/srv/GetInBits_Response.msg
-- Installing: /home/user/dobot_ws/install/dobot_msgs_v4/share/dobot_msgs_v4/srv/GetInRegs.srv
-- Installing: /home/user/dobot_ws/install/dobot_msgs_v4/share/dobot_msgs_v4/srv/GetInRegs_Request.msg
-- Installing: /home/user/dobot_ws/install/dobot_msgs_v4/share/dobot_msgs_v4/srv/GetInRegs_Response.msg
-- Installing: /home/user/dobot_ws/install/dobot_msgs_v4/share/dobot_msgs_v4/srv/GetCoils.srv
-- Installing: /home/user/dobot_ws/install/dobot_msgs_v4/share/dobot_msgs_v4/srv/GetCoils_Request.msg
-- Installing: /home/user/dobot_ws/install/dobot_msgs_v4/share/dobot_msgs_v4/srv/GetCoils_Response.msg
-- Installing: /home/user/dobot_ws/install/dobot_msgs_v4/share/dobot_msgs_v4/srv/SetCoils.srv
-- Installing: /home/user/dobot_ws/install/dobot_msgs_v4/share/dobot_msgs_v4/srv/SetCoils_Request.msg
-- Installing: /home/user/dobot_ws/install/dobot_msgs_v4/share/dobot_msgs_v4/srv/SetCoils_Response.msg
-- Installing: /home/user/dobot_ws/install/dobot_msgs_v4/share/dobot_msgs_v4/srv/GetHoldRegs.srv
-- Installing: /home/user/dobot_ws/install/dobot_msgs_v4/share/dobot_msgs_v4/srv/GetHoldRegs_Request.msg
-- Installing: /home/user/dobot_ws/install/dobot_msgs_v4/share/dobot_msgs_v4/srv/GetHoldRegs_Response.msg
-- Installing: /home/user/dobot_ws/install/dobot_msgs_v4/share/dobot_msgs_v4/srv/SetHoldRegs.srv
-- Installing: /home/user/dobot_ws/install/dobot_msgs_v4/share/dobot_msgs_v4/srv/SetHoldRegs_Request.msg
-- Installing: /home/user/dobot_ws/install/dobot_msgs_v4/share/dobot_msgs_v4/srv/SetHoldRegs_Response.msg
-- Installing: /home/user/dobot_ws/install/dobot_msgs_v4/share/dobot_msgs_v4/srv/SetSafeSkin.srv
-- Installing: /home/user/dobot_ws/install/dobot_msgs_v4/share/dobot_msgs_v4/srv/SetSafeSkin_Request.msg
-- Installing: /home/user/dobot_ws/install/dobot_msgs_v4/share/dobot_msgs_v4/srv/SetSafeSkin_Response.msg
-- Installing: /home/user/dobot_ws/install/dobot_msgs_v4/share/dobot_msgs_v4/srv/MovJ.srv
-- Installing: /home/user/dobot_ws/install/dobot_msgs_v4/share/dobot_msgs_v4/srv/MovJ_Request.msg
-- Installing: /home/user/dobot_ws/install/dobot_msgs_v4/share/dobot_msgs_v4/srv/MovJ_Response.msg
-- Installing: /home/user/dobot_ws/install/dobot_msgs_v4/share/dobot_msgs_v4/srv/MovL.srv
-- Installing: /home/user/dobot_ws/install/dobot_msgs_v4/share/dobot_msgs_v4/srv/MovL_Request.msg
-- Installing: /home/user/dobot_ws/install/dobot_msgs_v4/share/dobot_msgs_v4/srv/MovL_Response.msg
-- Installing: /home/user/dobot_ws/install/dobot_msgs_v4/share/dobot_msgs_v4/srv/RelJointMovJ.srv
-- Installing: /home/user/dobot_ws/install/dobot_msgs_v4/share/dobot_msgs_v4/srv/RelJointMovJ_Request.msg
-- Installing: /home/user/dobot_ws/install/dobot_msgs_v4/share/dobot_msgs_v4/srv/RelJointMovJ_Response.msg
-- Installing: /home/user/dobot_ws/install/dobot_msgs_v4/share/dobot_msgs_v4/srv/MoveJog.srv
-- Installing: /home/user/dobot_ws/install/dobot_msgs_v4/share/dobot_msgs_v4/srv/MoveJog_Request.msg
-- Installing: /home/user/dobot_ws/install/dobot_msgs_v4/share/dobot_msgs_v4/srv/MoveJog_Response.msg
-- Installing: /home/user/dobot_ws/install/dobot_msgs_v4/share/dobot_msgs_v4/srv/StopMoveJog.srv
-- Installing: /home/user/dobot_ws/install/dobot_msgs_v4/share/dobot_msgs_v4/srv/StopMoveJog_Request.msg
-- Installing: /home/user/dobot_ws/install/dobot_msgs_v4/share/dobot_msgs_v4/srv/StopMoveJog_Response.msg
-- Installing: /home/user/dobot_ws/install/dobot_msgs_v4/share/dobot_msgs_v4/srv/DOGroup.srv
-- Installing: /home/user/dobot_ws/install/dobot_msgs_v4/share/dobot_msgs_v4/srv/DOGroup_Request.msg
-- Installing: /home/user/dobot_ws/install/dobot_msgs_v4/share/dobot_msgs_v4/srv/DOGroup_Response.msg
-- Installing: /home/user/dobot_ws/install/dobot_msgs_v4/share/dobot_msgs_v4/srv/BrakeControl.srv
-- Installing: /home/user/dobot_ws/install/dobot_msgs_v4/share/dobot_msgs_v4/srv/BrakeControl_Request.msg
-- Installing: /home/user/dobot_ws/install/dobot_msgs_v4/share/dobot_msgs_v4/srv/BrakeControl_Response.msg
-- Installing: /home/user/dobot_ws/install/dobot_msgs_v4/share/dobot_msgs_v4/srv/StartDrag.srv
-- Installing: /home/user/dobot_ws/install/dobot_msgs_v4/share/dobot_msgs_v4/srv/StartDrag_Request.msg
-- Installing: /home/user/dobot_ws/install/dobot_msgs_v4/share/dobot_msgs_v4/srv/StartDrag_Response.msg
-- Installing: /home/user/dobot_ws/install/dobot_msgs_v4/share/dobot_msgs_v4/srv/EnableSafeSkin.srv
-- Installing: /home/user/dobot_ws/install/dobot_msgs_v4/share/dobot_msgs_v4/srv/EnableSafeSkin_Request.msg
-- Installing: /home/user/dobot_ws/install/dobot_msgs_v4/share/dobot_msgs_v4/srv/EnableSafeSkin_Response.msg
-- Installing: /home/user/dobot_ws/install/dobot_msgs_v4/share/dobot_msgs_v4/srv/GetStartPose.srv
-- Installing: /home/user/dobot_ws/install/dobot_msgs_v4/share/dobot_msgs_v4/srv/GetStartPose_Request.msg
-- Installing: /home/user/dobot_ws/install/dobot_msgs_v4/share/dobot_msgs_v4/srv/GetStartPose_Response.msg
-- Installing: /home/user/dobot_ws/install/dobot_msgs_v4/share/dobot_msgs_v4/srv/StartPath.srv
-- Installing: /home/user/dobot_ws/install/dobot_msgs_v4/share/dobot_msgs_v4/srv/StartPath_Request.msg
-- Installing: /home/user/dobot_ws/install/dobot_msgs_v4/share/dobot_msgs_v4/srv/StartPath_Response.msg
-- Installing: /home/user/dobot_ws/install/dobot_msgs_v4/share/dobot_msgs_v4/srv/InverseSolution.srv
-- Installing: /home/user/dobot_ws/install/dobot_msgs_v4/share/dobot_msgs_v4/srv/InverseSolution_Request.msg
-- Installing: /home/user/dobot_ws/install/dobot_msgs_v4/share/dobot_msgs_v4/srv/InverseSolution_Response.msg
-- Installing: /home/user/dobot_ws/install/dobot_msgs_v4/share/dobot_msgs_v4/srv/GetErrorID.srv
-- Installing: /home/user/dobot_ws/install/dobot_msgs_v4/share/dobot_msgs_v4/srv/GetErrorID_Request.msg
-- Installing: /home/user/dobot_ws/install/dobot_msgs_v4/share/dobot_msgs_v4/srv/GetErrorID_Response.msg
-- Installing: /home/user/dobot_ws/install/dobot_msgs_v4/share/dobot_msgs_v4/srv/DI.srv
-- Installing: /home/user/dobot_ws/install/dobot_msgs_v4/share/dobot_msgs_v4/srv/DI_Request.msg
-- Installing: /home/user/dobot_ws/install/dobot_msgs_v4/share/dobot_msgs_v4/srv/DI_Response.msg
-- Installing: /home/user/dobot_ws/install/dobot_msgs_v4/share/dobot_msgs_v4/srv/ToolDI.srv
-- Installing: /home/user/dobot_ws/install/dobot_msgs_v4/share/dobot_msgs_v4/srv/ToolDI_Request.msg
-- Installing: /home/user/dobot_ws/install/dobot_msgs_v4/share/dobot_msgs_v4/srv/ToolDI_Response.msg
-- Installing: /home/user/dobot_ws/install/dobot_msgs_v4/share/dobot_msgs_v4/srv/AI.srv
-- Installing: /home/user/dobot_ws/install/dobot_msgs_v4/share/dobot_msgs_v4/srv/AI_Request.msg
-- Installing: /home/user/dobot_ws/install/dobot_msgs_v4/share/dobot_msgs_v4/srv/AI_Response.msg
-- Installing: /home/user/dobot_ws/install/dobot_msgs_v4/share/dobot_msgs_v4/srv/ToolAI.srv
-- Installing: /home/user/dobot_ws/install/dobot_msgs_v4/share/dobot_msgs_v4/srv/ToolAI_Request.msg
-- Installing: /home/user/dobot_ws/install/dobot_msgs_v4/share/dobot_msgs_v4/srv/ToolAI_Response.msg
-- Installing: /home/user/dobot_ws/install/dobot_msgs_v4/share/dobot_msgs_v4/srv/DIGroup.srv
-- Installing: /home/user/dobot_ws/install/dobot_msgs_v4/share/dobot_msgs_v4/srv/DIGroup_Request.msg
-- Installing: /home/user/dobot_ws/install/dobot_msgs_v4/share/dobot_msgs_v4/srv/DIGroup_Response.msg
-- Installing: /home/user/dobot_ws/install/dobot_msgs_v4/share/dobot_msgs_v4/srv/StopDrag.srv
-- Installing: /home/user/dobot_ws/install/dobot_msgs_v4/share/dobot_msgs_v4/srv/StopDrag_Request.msg
-- Installing: /home/user/dobot_ws/install/dobot_msgs_v4/share/dobot_msgs_v4/srv/StopDrag_Response.msg
-- Installing: /home/user/dobot_ws/install/dobot_msgs_v4/share/dobot_msgs_v4/srv/DragSensivity.srv
-- Installing: /home/user/dobot_ws/install/dobot_msgs_v4/share/dobot_msgs_v4/srv/DragSensivity_Request.msg
-- Installing: /home/user/dobot_ws/install/dobot_msgs_v4/share/dobot_msgs_v4/srv/DragSensivity_Response.msg
-- Installing: /home/user/dobot_ws/install/dobot_msgs_v4/share/dobot_msgs_v4/srv/GetDO.srv
-- Installing: /home/user/dobot_ws/install/dobot_msgs_v4/share/dobot_msgs_v4/srv/GetDO_Request.msg
-- Installing: /home/user/dobot_ws/install/dobot_msgs_v4/share/dobot_msgs_v4/srv/GetDO_Response.msg
-- Installing: /home/user/dobot_ws/install/dobot_msgs_v4/share/dobot_msgs_v4/srv/GetAO.srv
-- Installing: /home/user/dobot_ws/install/dobot_msgs_v4/share/dobot_msgs_v4/srv/GetAO_Request.msg
-- Installing: /home/user/dobot_ws/install/dobot_msgs_v4/share/dobot_msgs_v4/srv/GetAO_Response.msg
-- Installing: /home/user/dobot_ws/install/dobot_msgs_v4/share/dobot_msgs_v4/srv/GetDOGroup.srv
-- Installing: /home/user/dobot_ws/install/dobot_msgs_v4/share/dobot_msgs_v4/srv/GetDOGroup_Request.msg
-- Installing: /home/user/dobot_ws/install/dobot_msgs_v4/share/dobot_msgs_v4/srv/GetDOGroup_Response.msg
-- Installing: /home/user/dobot_ws/install/dobot_msgs_v4/share/dobot_msgs_v4/srv/SetTool485.srv
-- Installing: /home/user/dobot_ws/install/dobot_msgs_v4/share/dobot_msgs_v4/srv/SetTool485_Request.msg
-- Installing: /home/user/dobot_ws/install/dobot_msgs_v4/share/dobot_msgs_v4/srv/SetTool485_Response.msg
-- Installing: /home/user/dobot_ws/install/dobot_msgs_v4/share/dobot_msgs_v4/srv/SetSafeWallEnable.srv
-- Installing: /home/user/dobot_ws/install/dobot_msgs_v4/share/dobot_msgs_v4/srv/SetSafeWallEnable_Request.msg
-- Installing: /home/user/dobot_ws/install/dobot_msgs_v4/share/dobot_msgs_v4/srv/SetSafeWallEnable_Response.msg
-- Installing: /home/user/dobot_ws/install/dobot_msgs_v4/share/dobot_msgs_v4/srv/SetToolPower.srv
-- Installing: /home/user/dobot_ws/install/dobot_msgs_v4/share/dobot_msgs_v4/srv/SetToolPower_Request.msg
-- Installing: /home/user/dobot_ws/install/dobot_msgs_v4/share/dobot_msgs_v4/srv/SetToolPower_Response.msg
-- Installing: /home/user/dobot_ws/install/dobot_msgs_v4/share/dobot_msgs_v4/srv/SetToolMode.srv
-- Installing: /home/user/dobot_ws/install/dobot_msgs_v4/share/dobot_msgs_v4/srv/SetToolMode_Request.msg
-- Installing: /home/user/dobot_ws/install/dobot_msgs_v4/share/dobot_msgs_v4/srv/SetToolMode_Response.msg
-- Installing: /home/user/dobot_ws/install/dobot_msgs_v4/share/dobot_msgs_v4/srv/SetBackDistance.srv
-- Installing: /home/user/dobot_ws/install/dobot_msgs_v4/share/dobot_msgs_v4/srv/SetBackDistance_Request.msg
-- Installing: /home/user/dobot_ws/install/dobot_msgs_v4/share/dobot_msgs_v4/srv/SetBackDistance_Response.msg
-- Installing: /home/user/dobot_ws/install/dobot_msgs_v4/share/dobot_msgs_v4/srv/SetPostCollisionMode.srv
-- Installing: /home/user/dobot_ws/install/dobot_msgs_v4/share/dobot_msgs_v4/srv/SetPostCollisionMode_Request.msg
-- Installing: /home/user/dobot_ws/install/dobot_msgs_v4/share/dobot_msgs_v4/srv/SetPostCollisionMode_Response.msg
-- Installing: /home/user/dobot_ws/install/dobot_msgs_v4/share/dobot_msgs_v4/srv/SetUser.srv
-- Installing: /home/user/dobot_ws/install/dobot_msgs_v4/share/dobot_msgs_v4/srv/SetUser_Request.msg
-- Installing: /home/user/dobot_ws/install/dobot_msgs_v4/share/dobot_msgs_v4/srv/SetUser_Response.msg
-- Installing: /home/user/dobot_ws/install/dobot_msgs_v4/share/dobot_msgs_v4/srv/SetTool.srv
-- Installing: /home/user/dobot_ws/install/dobot_msgs_v4/share/dobot_msgs_v4/srv/SetTool_Request.msg
-- Installing: /home/user/dobot_ws/install/dobot_msgs_v4/share/dobot_msgs_v4/srv/SetTool_Response.msg
-- Installing: /home/user/dobot_ws/install/dobot_msgs_v4/share/dobot_msgs_v4/srv/CalcUser.srv
-- Installing: /home/user/dobot_ws/install/dobot_msgs_v4/share/dobot_msgs_v4/srv/CalcUser_Request.msg
-- Installing: /home/user/dobot_ws/install/dobot_msgs_v4/share/dobot_msgs_v4/srv/CalcUser_Response.msg
-- Installing: /home/user/dobot_ws/install/dobot_msgs_v4/share/dobot_msgs_v4/srv/CalcTool.srv
-- Installing: /home/user/dobot_ws/install/dobot_msgs_v4/share/dobot_msgs_v4/srv/CalcTool_Request.msg
-- Installing: /home/user/dobot_ws/install/dobot_msgs_v4/share/dobot_msgs_v4/srv/CalcTool_Response.msg
-- Installing: /home/user/dobot_ws/install/dobot_msgs_v4/share/dobot_msgs_v4/srv/GetInputBool.srv
-- Installing: /home/user/dobot_ws/install/dobot_msgs_v4/share/dobot_msgs_v4/srv/GetInputBool_Request.msg
-- Installing: /home/user/dobot_ws/install/dobot_msgs_v4/share/dobot_msgs_v4/srv/GetInputBool_Response.msg
-- Installing: /home/user/dobot_ws/install/dobot_msgs_v4/share/dobot_msgs_v4/srv/GetInputInt.srv
-- Installing: /home/user/dobot_ws/install/dobot_msgs_v4/share/dobot_msgs_v4/srv/GetInputInt_Request.msg
-- Installing: /home/user/dobot_ws/install/dobot_msgs_v4/share/dobot_msgs_v4/srv/GetInputInt_Response.msg
-- Installing: /home/user/dobot_ws/install/dobot_msgs_v4/share/dobot_msgs_v4/srv/GetInputFloat.srv
-- Installing: /home/user/dobot_ws/install/dobot_msgs_v4/share/dobot_msgs_v4/srv/GetInputFloat_Request.msg
-- Installing: /home/user/dobot_ws/install/dobot_msgs_v4/share/dobot_msgs_v4/srv/GetInputFloat_Response.msg
-- Installing: /home/user/dobot_ws/install/dobot_msgs_v4/share/dobot_msgs_v4/srv/GetOutputBool.srv
-- Installing: /home/user/dobot_ws/install/dobot_msgs_v4/share/dobot_msgs_v4/srv/GetOutputBool_Request.msg
-- Installing: /home/user/dobot_ws/install/dobot_msgs_v4/share/dobot_msgs_v4/srv/GetOutputBool_Response.msg
-- Installing: /home/user/dobot_ws/install/dobot_msgs_v4/share/dobot_msgs_v4/srv/GetOutputInt.srv
-- Installing: /home/user/dobot_ws/install/dobot_msgs_v4/share/dobot_msgs_v4/srv/GetOutputInt_Request.msg
-- Installing: /home/user/dobot_ws/install/dobot_msgs_v4/share/dobot_msgs_v4/srv/GetOutputInt_Response.msg
-- Installing: /home/user/dobot_ws/install/dobot_msgs_v4/share/dobot_msgs_v4/srv/GetOutputFloat.srv
-- Installing: /home/user/dobot_ws/install/dobot_msgs_v4/share/dobot_msgs_v4/srv/GetOutputFloat_Request.msg
-- Installing: /home/user/dobot_ws/install/dobot_msgs_v4/share/dobot_msgs_v4/srv/GetOutputFloat_Response.msg
-- Installing: /home/user/dobot_ws/install/dobot_msgs_v4/share/dobot_msgs_v4/srv/SetOutputBool.srv
-- Installing: /home/user/dobot_ws/install/dobot_msgs_v4/share/dobot_msgs_v4/srv/SetOutputBool_Request.msg
-- Installing: /home/user/dobot_ws/install/dobot_msgs_v4/share/dobot_msgs_v4/srv/SetOutputBool_Response.msg
-- Installing: /home/user/dobot_ws/install/dobot_msgs_v4/share/dobot_msgs_v4/srv/SetOutputInt.srv
-- Installing: /home/user/dobot_ws/install/dobot_msgs_v4/share/dobot_msgs_v4/srv/SetOutputInt_Request.msg
-- Installing: /home/user/dobot_ws/install/dobot_msgs_v4/share/dobot_msgs_v4/srv/SetOutputInt_Response.msg
-- Installing: /home/user/dobot_ws/install/dobot_msgs_v4/share/dobot_msgs_v4/srv/SetOutputFloat.srv
-- Installing: /home/user/dobot_ws/install/dobot_msgs_v4/share/dobot_msgs_v4/srv/SetOutputFloat_Request.msg
-- Installing: /home/user/dobot_ws/install/dobot_msgs_v4/share/dobot_msgs_v4/srv/SetOutputFloat_Response.msg
-- Installing: /home/user/dobot_ws/install/dobot_msgs_v4/share/dobot_msgs_v4/srv/MovLIO.srv
-- Installing: /home/user/dobot_ws/install/dobot_msgs_v4/share/dobot_msgs_v4/srv/MovLIO_Request.msg
-- Installing: /home/user/dobot_ws/install/dobot_msgs_v4/share/dobot_msgs_v4/srv/MovLIO_Response.msg
-- Installing: /home/user/dobot_ws/install/dobot_msgs_v4/share/dobot_msgs_v4/srv/MovJIO.srv
-- Installing: /home/user/dobot_ws/install/dobot_msgs_v4/share/dobot_msgs_v4/srv/MovJIO_Request.msg
-- Installing: /home/user/dobot_ws/install/dobot_msgs_v4/share/dobot_msgs_v4/srv/MovJIO_Response.msg
-- Installing: /home/user/dobot_ws/install/dobot_msgs_v4/share/dobot_msgs_v4/srv/Arc.srv
-- Installing: /home/user/dobot_ws/install/dobot_msgs_v4/share/dobot_msgs_v4/srv/Arc_Request.msg
-- Installing: /home/user/dobot_ws/install/dobot_msgs_v4/share/dobot_msgs_v4/srv/Arc_Response.msg
-- Installing: /home/user/dobot_ws/install/dobot_msgs_v4/share/dobot_msgs_v4/srv/Circle.srv
-- Installing: /home/user/dobot_ws/install/dobot_msgs_v4/share/dobot_msgs_v4/srv/Circle_Request.msg
-- Installing: /home/user/dobot_ws/install/dobot_msgs_v4/share/dobot_msgs_v4/srv/Circle_Response.msg
-- Installing: /home/user/dobot_ws/install/dobot_msgs_v4/share/dobot_msgs_v4/srv/RelMovJTool.srv
-- Installing: /home/user/dobot_ws/install/dobot_msgs_v4/share/dobot_msgs_v4/srv/RelMovJTool_Request.msg
-- Installing: /home/user/dobot_ws/install/dobot_msgs_v4/share/dobot_msgs_v4/srv/RelMovJTool_Response.msg
-- Installing: /home/user/dobot_ws/install/dobot_msgs_v4/share/dobot_msgs_v4/srv/RelMovLTool.srv
-- Installing: /home/user/dobot_ws/install/dobot_msgs_v4/share/dobot_msgs_v4/srv/RelMovLTool_Request.msg
-- Installing: /home/user/dobot_ws/install/dobot_msgs_v4/share/dobot_msgs_v4/srv/RelMovLTool_Response.msg
-- Installing: /home/user/dobot_ws/install/dobot_msgs_v4/share/dobot_msgs_v4/srv/RelMovJUser.srv
-- Installing: /home/user/dobot_ws/install/dobot_msgs_v4/share/dobot_msgs_v4/srv/RelMovJUser_Request.msg
-- Installing: /home/user/dobot_ws/install/dobot_msgs_v4/share/dobot_msgs_v4/srv/RelMovJUser_Response.msg
-- Installing: /home/user/dobot_ws/install/dobot_msgs_v4/share/dobot_msgs_v4/srv/RelMovLUser.srv
-- Installing: /home/user/dobot_ws/install/dobot_msgs_v4/share/dobot_msgs_v4/srv/RelMovLUser_Request.msg
-- Installing: /home/user/dobot_ws/install/dobot_msgs_v4/share/dobot_msgs_v4/srv/RelMovLUser_Response.msg
-- Installing: /home/user/dobot_ws/install/dobot_msgs_v4/share/dobot_msgs_v4/srv/GetCurrentCommandId.srv
-- Installing: /home/user/dobot_ws/install/dobot_msgs_v4/share/dobot_msgs_v4/srv/GetCurrentCommandId_Request.msg
-- Installing: /home/user/dobot_ws/install/dobot_msgs_v4/share/dobot_msgs_v4/srv/GetCurrentCommandId_Response.msg
-- Installing: /home/user/dobot_ws/install/dobot_msgs_v4/share/dobot_msgs_v4/srv/ServoJ.srv
-- Installing: /home/user/dobot_ws/install/dobot_msgs_v4/share/dobot_msgs_v4/srv/ServoJ_Request.msg
-- Installing: /home/user/dobot_ws/install/dobot_msgs_v4/share/dobot_msgs_v4/srv/ServoJ_Response.msg
-- Installing: /home/user/dobot_ws/install/dobot_msgs_v4/share/dobot_msgs_v4/srv/ServoP.srv
-- Installing: /home/user/dobot_ws/install/dobot_msgs_v4/share/dobot_msgs_v4/srv/ServoP_Request.msg
-- Installing: /home/user/dobot_ws/install/dobot_msgs_v4/share/dobot_msgs_v4/srv/ServoP_Response.msg
-- Installing: /home/user/dobot_ws/install/dobot_msgs_v4/share/dobot_msgs_v4/srv/TcpDashboard.srv
-- Installing: /home/user/dobot_ws/install/dobot_msgs_v4/share/dobot_msgs_v4/srv/TcpDashboard_Request.msg
-- Installing: /home/user/dobot_ws/install/dobot_msgs_v4/share/dobot_msgs_v4/srv/TcpDashboard_Response.msg
-- Installing: /home/user/dobot_ws/install/dobot_msgs_v4/share/dobot_msgs_v4/srv/EnableFTSensor.srv
-- Installing: /home/user/dobot_ws/install/dobot_msgs_v4/share/dobot_msgs_v4/srv/EnableFTSensor_Request.msg
-- Installing: /home/user/dobot_ws/install/dobot_msgs_v4/share/dobot_msgs_v4/srv/EnableFTSensor_Response.msg
-- Installing: /home/user/dobot_ws/install/dobot_msgs_v4/share/dobot_msgs_v4/srv/SixForceHome.srv
-- Installing: /home/user/dobot_ws/install/dobot_msgs_v4/share/dobot_msgs_v4/srv/SixForceHome_Request.msg
-- Installing: /home/user/dobot_ws/install/dobot_msgs_v4/share/dobot_msgs_v4/srv/SixForceHome_Response.msg
-- Installing: /home/user/dobot_ws/install/dobot_msgs_v4/share/dobot_msgs_v4/srv/GetForce.srv
-- Installing: /home/user/dobot_ws/install/dobot_msgs_v4/share/dobot_msgs_v4/srv/GetForce_Request.msg
-- Installing: /home/user/dobot_ws/install/dobot_msgs_v4/share/dobot_msgs_v4/srv/GetForce_Response.msg
-- Installing: /home/user/dobot_ws/install/dobot_msgs_v4/share/dobot_msgs_v4/srv/ForceDriveMode.srv
-- Installing: /home/user/dobot_ws/install/dobot_msgs_v4/share/dobot_msgs_v4/srv/ForceDriveMode_Request.msg
-- Installing: /home/user/dobot_ws/install/dobot_msgs_v4/share/dobot_msgs_v4/srv/ForceDriveMode_Response.msg
-- Installing: /home/user/dobot_ws/install/dobot_msgs_v4/share/dobot_msgs_v4/srv/ForceDriveSpeed.srv
-- Installing: /home/user/dobot_ws/install/dobot_msgs_v4/share/dobot_msgs_v4/srv/ForceDriveSpeed_Request.msg
-- Installing: /home/user/dobot_ws/install/dobot_msgs_v4/share/dobot_msgs_v4/srv/ForceDriveSpeed_Response.msg
-- Installing: /home/user/dobot_ws/install/dobot_msgs_v4/share/dobot_msgs_v4/srv/FCForceMode.srv
-- Installing: /home/user/dobot_ws/install/dobot_msgs_v4/share/dobot_msgs_v4/srv/FCForceMode_Request.msg
-- Installing: /home/user/dobot_ws/install/dobot_msgs_v4/share/dobot_msgs_v4/srv/FCForceMode_Response.msg
-- Installing: /home/user/dobot_ws/install/dobot_msgs_v4/share/dobot_msgs_v4/srv/FCSetDeviation.srv
-- Installing: /home/user/dobot_ws/install/dobot_msgs_v4/share/dobot_msgs_v4/srv/FCSetDeviation_Request.msg
-- Installing: /home/user/dobot_ws/install/dobot_msgs_v4/share/dobot_msgs_v4/srv/FCSetDeviation_Response.msg
-- Installing: /home/user/dobot_ws/install/dobot_msgs_v4/share/dobot_msgs_v4/srv/FCSetForceLimit.srv
-- Installing: /home/user/dobot_ws/install/dobot_msgs_v4/share/dobot_msgs_v4/srv/FCSetForceLimit_Request.msg
-- Installing: /home/user/dobot_ws/install/dobot_msgs_v4/share/dobot_msgs_v4/srv/FCSetForceLimit_Response.msg
-- Installing: /home/user/dobot_ws/install/dobot_msgs_v4/share/dobot_msgs_v4/srv/FCSetMass.srv
-- Installing: /home/user/dobot_ws/install/dobot_msgs_v4/share/dobot_msgs_v4/srv/FCSetMass_Request.msg
-- Installing: /home/user/dobot_ws/install/dobot_msgs_v4/share/dobot_msgs_v4/srv/FCSetMass_Response.msg
-- Installing: /home/user/dobot_ws/install/dobot_msgs_v4/share/dobot_msgs_v4/srv/FCSetStiffness.srv
-- Installing: /home/user/dobot_ws/install/dobot_msgs_v4/share/dobot_msgs_v4/srv/FCSetStiffness_Request.msg
-- Installing: /home/user/dobot_ws/install/dobot_msgs_v4/share/dobot_msgs_v4/srv/FCSetStiffness_Response.msg
-- Installing: /home/user/dobot_ws/install/dobot_msgs_v4/share/dobot_msgs_v4/srv/FCSetDamping.srv
-- Installing: /home/user/dobot_ws/install/dobot_msgs_v4/share/dobot_msgs_v4/srv/FCSetDamping_Request.msg
-- Installing: /home/user/dobot_ws/install/dobot_msgs_v4/share/dobot_msgs_v4/srv/FCSetDamping_Response.msg
-- Installing: /home/user/dobot_ws/install/dobot_msgs_v4/share/dobot_msgs_v4/srv/FCOff.srv
-- Installing: /home/user/dobot_ws/install/dobot_msgs_v4/share/dobot_msgs_v4/srv/FCOff_Request.msg
-- Installing: /home/user/dobot_ws/install/dobot_msgs_v4/share/dobot_msgs_v4/srv/FCOff_Response.msg
-- Installing: /home/user/dobot_ws/install/dobot_msgs_v4/share/dobot_msgs_v4/srv/FCSetForceSpeedLimit.srv
-- Installing: /home/user/dobot_ws/install/dobot_msgs_v4/share/dobot_msgs_v4/srv/FCSetForceSpeedLimit_Request.msg
-- Installing: /home/user/dobot_ws/install/dobot_msgs_v4/share/dobot_msgs_v4/srv/FCSetForceSpeedLimit_Response.msg
-- Installing: /home/user/dobot_ws/install/dobot_msgs_v4/share/dobot_msgs_v4/srv/FCSetForce.srv
-- Installing: /home/user/dobot_ws/install/dobot_msgs_v4/share/dobot_msgs_v4/srv/FCSetForce_Request.msg
-- Installing: /home/user/dobot_ws/install/dobot_msgs_v4/share/dobot_msgs_v4/srv/FCSetForce_Response.msg
-- Installing: /home/user/dobot_ws/install/dobot_msgs_v4/share/dobot_msgs_v4/srv/SetFCCollision.srv
-- Installing: /home/user/dobot_ws/install/dobot_msgs_v4/share/dobot_msgs_v4/srv/SetFCCollision_Request.msg
-- Installing: /home/user/dobot_ws/install/dobot_msgs_v4/share/dobot_msgs_v4/srv/SetFCCollision_Response.msg
-- Installing: /home/user/dobot_ws/install/dobot_msgs_v4/share/dobot_msgs_v4/srv/FCCollisionSwitch.srv
-- Installing: /home/user/dobot_ws/install/dobot_msgs_v4/share/dobot_msgs_v4/srv/FCCollisionSwitch_Request.msg
-- Installing: /home/user/dobot_ws/install/dobot_msgs_v4/share/dobot_msgs_v4/srv/FCCollisionSwitch_Response.msg
-- Installing: /home/user/dobot_ws/install/dobot_msgs_v4/share/dobot_msgs_v4/srv/SetWorkZoneEnable.srv
-- Installing: /home/user/dobot_ws/install/dobot_msgs_v4/share/dobot_msgs_v4/srv/SetWorkZoneEnable_Request.msg
-- Installing: /home/user/dobot_ws/install/dobot_msgs_v4/share/dobot_msgs_v4/srv/SetWorkZoneEnable_Response.msg
-- Installing: /home/user/dobot_ws/install/dobot_msgs_v4/share/dobot_msgs_v4/srv/GetToolDO.srv
-- Installing: /home/user/dobot_ws/install/dobot_msgs_v4/share/dobot_msgs_v4/srv/GetToolDO_Request.msg
-- Installing: /home/user/dobot_ws/install/dobot_msgs_v4/share/dobot_msgs_v4/srv/GetToolDO_Response.msg
-- Installing: /home/user/dobot_ws/install/dobot_msgs_v4/share/dobot_msgs_v4/srv/ResetRobot.srv
-- Installing: /home/user/dobot_ws/install/dobot_msgs_v4/share/dobot_msgs_v4/srv/ResetRobot_Request.msg
-- Installing: /home/user/dobot_ws/install/dobot_msgs_v4/share/dobot_msgs_v4/srv/ResetRobot_Response.msg
-- Installing: /home/user/dobot_ws/install/dobot_msgs_v4/share/dobot_msgs_v4/srv/RunTo.srv
-- Installing: /home/user/dobot_ws/install/dobot_msgs_v4/share/dobot_msgs_v4/srv/RunTo_Request.msg
-- Installing: /home/user/dobot_ws/install/dobot_msgs_v4/share/dobot_msgs_v4/srv/RunTo_Response.msg
-- Installing: /home/user/dobot_ws/install/dobot_msgs_v4/share/dobot_msgs_v4/srv/StartRTOffset.srv
-- Installing: /home/user/dobot_ws/install/dobot_msgs_v4/share/dobot_msgs_v4/srv/StartRTOffset_Request.msg
-- Installing: /home/user/dobot_ws/install/dobot_msgs_v4/share/dobot_msgs_v4/srv/StartRTOffset_Response.msg
-- Installing: /home/user/dobot_ws/install/dobot_msgs_v4/share/dobot_msgs_v4/srv/EndRTOffset.srv
-- Installing: /home/user/dobot_ws/install/dobot_msgs_v4/share/dobot_msgs_v4/srv/EndRTOffset_Request.msg
-- Installing: /home/user/dobot_ws/install/dobot_msgs_v4/share/dobot_msgs_v4/srv/EndRTOffset_Response.msg
-- Installing: /home/user/dobot_ws/install/dobot_msgs_v4/share/dobot_msgs_v4/srv/GetError.srv
-- Installing: /home/user/dobot_ws/install/dobot_msgs_v4/share/dobot_msgs_v4/srv/GetError_Request.msg
-- Installing: /home/user/dobot_ws/install/dobot_msgs_v4/share/dobot_msgs_v4/srv/GetError_Response.msg
-- Installing: /home/user/dobot_ws/install/dobot_msgs_v4/share/dobot_msgs_v4/srv/DOGroupDEC.srv
-- Installing: /home/user/dobot_ws/install/dobot_msgs_v4/share/dobot_msgs_v4/srv/DOGroupDEC_Request.msg
-- Installing: /home/user/dobot_ws/install/dobot_msgs_v4/share/dobot_msgs_v4/srv/DOGroupDEC_Response.msg
-- Installing: /home/user/dobot_ws/install/dobot_msgs_v4/share/dobot_msgs_v4/srv/GetDOGroupDEC.srv
-- Installing: /home/user/dobot_ws/install/dobot_msgs_v4/share/dobot_msgs_v4/srv/GetDOGroupDEC_Request.msg
-- Installing: /home/user/dobot_ws/install/dobot_msgs_v4/share/dobot_msgs_v4/srv/GetDOGroupDEC_Response.msg
-- Installing: /home/user/dobot_ws/install/dobot_msgs_v4/share/dobot_msgs_v4/srv/DIGroupDEC.srv
-- Installing: /home/user/dobot_ws/install/dobot_msgs_v4/share/dobot_msgs_v4/srv/DIGroupDEC_Request.msg
-- Installing: /home/user/dobot_ws/install/dobot_msgs_v4/share/dobot_msgs_v4/srv/DIGroupDEC_Response.msg
-- Installing: /home/user/dobot_ws/install/dobot_msgs_v4/share/dobot_msgs_v4/srv/RequestControl.srv
-- Installing: /home/user/dobot_ws/install/dobot_msgs_v4/share/dobot_msgs_v4/srv/RequestControl_Request.msg
-- Installing: /home/user/dobot_ws/install/dobot_msgs_v4/share/dobot_msgs_v4/srv/RequestControl_Response.msg
-- Installing: /home/user/dobot_ws/install/dobot_msgs_v4/share/dobot_msgs_v4/srv/CheckOddMovL.srv
-- Installing: /home/user/dobot_ws/install/dobot_msgs_v4/share/dobot_msgs_v4/srv/CheckOddMovL_Request.msg
-- Installing: /home/user/dobot_ws/install/dobot_msgs_v4/share/dobot_msgs_v4/srv/CheckOddMovL_Response.msg
-- Installing: /home/user/dobot_ws/install/dobot_msgs_v4/share/dobot_msgs_v4/srv/CheckOddMovJ.srv
-- Installing: /home/user/dobot_ws/install/dobot_msgs_v4/share/dobot_msgs_v4/srv/CheckOddMovJ_Request.msg
-- Installing: /home/user/dobot_ws/install/dobot_msgs_v4/share/dobot_msgs_v4/srv/CheckOddMovJ_Response.msg
-- Installing: /home/user/dobot_ws/install/dobot_msgs_v4/share/dobot_msgs_v4/srv/CheckOddMovC.srv
-- Installing: /home/user/dobot_ws/install/dobot_msgs_v4/share/dobot_msgs_v4/srv/CheckOddMovC_Request.msg
-- Installing: /home/user/dobot_ws/install/dobot_msgs_v4/share/dobot_msgs_v4/srv/CheckOddMovC_Response.msg
-- Installing: /home/user/dobot_ws/install/dobot_msgs_v4/share/ament_index/resource_index/package_run_dependencies/dobot_msgs_v4
-- Installing: /home/user/dobot_ws/install/dobot_msgs_v4/share/ament_index/resource_index/parent_prefix_path/dobot_msgs_v4
-- Installing: /home/user/dobot_ws/install/dobot_msgs_v4/share/dobot_msgs_v4/environment/ament_prefix_path.sh
-- Installing: /home/user/dobot_ws/install/dobot_msgs_v4/share/dobot_msgs_v4/environment/ament_prefix_path.dsv
-- Installing: /home/user/dobot_ws/install/dobot_msgs_v4/share/dobot_msgs_v4/environment/path.sh
-- Installing: /home/user/dobot_ws/install/dobot_msgs_v4/share/dobot_msgs_v4/environment/path.dsv
-- Installing: /home/user/dobot_ws/install/dobot_msgs_v4/share/dobot_msgs_v4/local_setup.bash
-- Installing: /home/user/dobot_ws/install/dobot_msgs_v4/share/dobot_msgs_v4/local_setup.sh
-- Installing: /home/user/dobot_ws/install/dobot_msgs_v4/share/dobot_msgs_v4/local_setup.zsh
-- Installing: /home/user/dobot_ws/install/dobot_msgs_v4/share/dobot_msgs_v4/local_setup.dsv
-- Installing: /home/user/dobot_ws/install/dobot_msgs_v4/share/dobot_msgs_v4/package.dsv
-- Installing: /home/user/dobot_ws/install/dobot_msgs_v4/share/ament_index/resource_index/packages/dobot_msgs_v4
-- Installing: /home/user/dobot_ws/install/dobot_msgs_v4/share/dobot_msgs_v4/cmake/export_dobot_msgs_v4__rosidl_generator_cExport.cmake
-- Installing: /home/user/dobot_ws/install/dobot_msgs_v4/share/dobot_msgs_v4/cmake/export_dobot_msgs_v4__rosidl_generator_cExport-noconfig.cmake
-- Installing: /home/user/dobot_ws/install/dobot_msgs_v4/share/dobot_msgs_v4/cmake/export_dobot_msgs_v4__rosidl_typesupport_fastrtps_cExport.cmake
-- Installing: /home/user/dobot_ws/install/dobot_msgs_v4/share/dobot_msgs_v4/cmake/export_dobot_msgs_v4__rosidl_typesupport_fastrtps_cExport-noconfig.cmake
-- Installing: /home/user/dobot_ws/install/dobot_msgs_v4/share/dobot_msgs_v4/cmake/export_dobot_msgs_v4__rosidl_generator_cppExport.cmake
-- Installing: /home/user/dobot_ws/install/dobot_msgs_v4/share/dobot_msgs_v4/cmake/export_dobot_msgs_v4__rosidl_typesupport_fastrtps_cppExport.cmake
-- Installing: /home/user/dobot_ws/install/dobot_msgs_v4/share/dobot_msgs_v4/cmake/export_dobot_msgs_v4__rosidl_typesupport_fastrtps_cppExport-noconfig.cmake
-- Installing: /home/user/dobot_ws/install/dobot_msgs_v4/share/dobot_msgs_v4/cmake/dobot_msgs_v4__rosidl_typesupport_introspection_cExport.cmake
-- Installing: /home/user/dobot_ws/install/dobot_msgs_v4/share/dobot_msgs_v4/cmake/dobot_msgs_v4__rosidl_typesupport_introspection_cExport-noconfig.cmake
-- Installing: /home/user/dobot_ws/install/dobot_msgs_v4/share/dobot_msgs_v4/cmake/dobot_msgs_v4__rosidl_typesupport_cExport.cmake
-- Installing: /home/user/dobot_ws/install/dobot_msgs_v4/share/dobot_msgs_v4/cmake/dobot_msgs_v4__rosidl_typesupport_cExport-noconfig.cmake
-- Installing: /home/user/dobot_ws/install/dobot_msgs_v4/share/dobot_msgs_v4/cmake/dobot_msgs_v4__rosidl_typesupport_introspection_cppExport.cmake
-- Installing: /home/user/dobot_ws/install/dobot_msgs_v4/share/dobot_msgs_v4/cmake/dobot_msgs_v4__rosidl_typesupport_introspection_cppExport-noconfig.cmake
-- Installing: /home/user/dobot_ws/install/dobot_msgs_v4/share/dobot_msgs_v4/cmake/dobot_msgs_v4__rosidl_typesupport_cppExport.cmake
-- Installing: /home/user/dobot_ws/install/dobot_msgs_v4/share/dobot_msgs_v4/cmake/dobot_msgs_v4__rosidl_typesupport_cppExport-noconfig.cmake
-- Installing: /home/user/dobot_ws/install/dobot_msgs_v4/share/dobot_msgs_v4/cmake/export_dobot_msgs_v4__rosidl_generator_pyExport.cmake
-- Installing: /home/user/dobot_ws/install/dobot_msgs_v4/share/dobot_msgs_v4/cmake/export_dobot_msgs_v4__rosidl_generator_pyExport-noconfig.cmake
-- Installing: /home/user/dobot_ws/install/dobot_msgs_v4/share/dobot_msgs_v4/cmake/rosidl_cmake-extras.cmake
-- Installing: /home/user/dobot_ws/install/dobot_msgs_v4/share/dobot_msgs_v4/cmake/ament_cmake_export_dependencies-extras.cmake
-- Installing: /home/user/dobot_ws/install/dobot_msgs_v4/share/dobot_msgs_v4/cmake/ament_cmake_export_include_directories-extras.cmake
-- Installing: /home/user/dobot_ws/install/dobot_msgs_v4/share/dobot_msgs_v4/cmake/ament_cmake_export_libraries-extras.cmake
-- Installing: /home/user/dobot_ws/install/dobot_msgs_v4/share/dobot_msgs_v4/cmake/ament_cmake_export_targets-extras.cmake
-- Installing: /home/user/dobot_ws/install/dobot_msgs_v4/share/dobot_msgs_v4/cmake/rosidl_cmake_export_typesupport_targets-extras.cmake
-- Installing: /home/user/dobot_ws/install/dobot_msgs_v4/share/dobot_msgs_v4/cmake/rosidl_cmake_export_typesupport_libraries-extras.cmake
-- Installing: /home/user/dobot_ws/install/dobot_msgs_v4/share/dobot_msgs_v4/cmake/dobot_msgs_v4Config.cmake
-- Installing: /home/user/dobot_ws/install/dobot_msgs_v4/share/dobot_msgs_v4/cmake/dobot_msgs_v4Config-version.cmake
-- Installing: /home/user/dobot_ws/install/dobot_msgs_v4/share/dobot_msgs_v4/package.xml
