[0.023s] Invoking command in '/home/user/dobot_ws/build/dobot_msgs_v4': CMAKE_PREFIX_PATH=${CMAKE_PREFIX_PATH}:/home/user/dobot_ws/install/servo_action:/home/user/dobot_ws/install/dobot_moveit:/home/user/dobot_ws/install/dobot_demo:/opt/ros/humble /usr/bin/cmake /home/user/dobot_ws/src/DOBOT_6Axis_ROS2_V4/dobot_msgs_v4 -DCMAKE_INSTALL_PREFIX=/home/user/dobot_ws/install/dobot_msgs_v4
[0.414s] -- The C compiler identification is GNU 12.3.0
[0.415s] -- The CXX compiler identification is GNU 12.3.0
[0.415s] -- Detecting C compiler ABI info
[0.415s] -- Detecting C compiler ABI info - done
[0.415s] -- Check for working C compiler: /usr/bin/cc - skipped
[0.415s] -- Detecting C compile features
[0.416s] -- Detecting C compile features - done
[0.416s] -- Detecting CXX compiler ABI info
[0.416s] -- Detecting CXX compiler ABI info - done
[0.416s] -- Check for working CXX compiler: /usr/bin/c++ - skipped
[0.416s] -- Detecting CXX compile features
[0.416s] -- Detecting CXX compile features - done
[0.416s] -- Found ament_cmake: 1.3.14 (/opt/ros/humble/share/ament_cmake/cmake)
[0.416s] -- Found Python3: /usr/bin/python3 (found version "3.10.12") found components: Interpreter 
[0.440s] -- Found rclcpp: 16.0.19 (/opt/ros/humble/share/rclcpp/cmake)
[0.473s] -- Found rosidl_generator_c: 3.1.8 (/opt/ros/humble/share/rosidl_generator_c/cmake)
[0.478s] -- Found rosidl_adapter: 3.1.8 (/opt/ros/humble/share/rosidl_adapter/cmake)
[0.485s] -- Found rosidl_generator_cpp: 3.1.8 (/opt/ros/humble/share/rosidl_generator_cpp/cmake)
[0.495s] -- Using all available rosidl_typesupport_c: rosidl_typesupport_fastrtps_c;rosidl_typesupport_introspection_c
[0.510s] -- Using all available rosidl_typesupport_cpp: rosidl_typesupport_fastrtps_cpp;rosidl_typesupport_introspection_cpp
[0.547s] -- Found rmw_implementation_cmake: 6.1.2 (/opt/ros/humble/share/rmw_implementation_cmake/cmake)
[0.550s] -- Found rmw_fastrtps_cpp: 6.2.10 (/opt/ros/humble/share/rmw_fastrtps_cpp/cmake)
[0.619s] -- Found OpenSSL: /usr/lib/x86_64-linux-gnu/libcrypto.so (found version "3.0.2")  
[0.643s] -- Found FastRTPS: /opt/ros/humble/include  
[0.676s] -- Using RMW implementation 'rmw_fastrtps_cpp' as default
[0.683s] -- Looking for pthread.h
[0.745s] -- Looking for pthread.h - found
[0.745s] -- Performing Test CMAKE_HAVE_LIBC_PTHREAD
[0.810s] -- Performing Test CMAKE_HAVE_LIBC_PTHREAD - Success
[0.810s] -- Found Threads: TRUE  
[0.862s] -- Found rosidl_default_generators: 1.2.1 (/opt/ros/humble/share/rosidl_default_generators/cmake)
[2.154s] -- Found ament_cmake_ros: 0.10.0 (/opt/ros/humble/share/ament_cmake_ros/cmake)
[2.519s] -- Using all available rosidl_typesupport_c: rosidl_typesupport_fastrtps_c;rosidl_typesupport_introspection_c
[2.654s] -- Using all available rosidl_typesupport_cpp: rosidl_typesupport_fastrtps_cpp;rosidl_typesupport_introspection_cpp
[2.672s] -- Found PythonInterp: /usr/bin/python3 (found suitable version "3.10.12", minimum required is "3.6") 
[2.675s] -- Found python_cmake_module: 0.10.0 (/opt/ros/humble/share/python_cmake_module/cmake)
[2.694s] -- Found PythonLibs: /usr/lib/x86_64-linux-gnu/libpython3.10.so (found suitable version "3.10.12", minimum required is "3.5") 
[2.694s] -- Using PYTHON_EXECUTABLE: /usr/bin/python3
[2.694s] -- Using PYTHON_INCLUDE_DIRS: /usr/include/python3.10
[2.694s] -- Using PYTHON_LIBRARIES: /usr/lib/x86_64-linux-gnu/libpython3.10.so
[2.709s] -- Found PythonExtra: .so  
[2.846s] -- Configuring done
[3.055s] -- Generating done
[3.085s] -- Build files have been written to: /home/user/dobot_ws/build/dobot_msgs_v4
[3.102s] Invoked command in '/home/user/dobot_ws/build/dobot_msgs_v4' returned '0': CMAKE_PREFIX_PATH=${CMAKE_PREFIX_PATH}:/home/user/dobot_ws/install/servo_action:/home/user/dobot_ws/install/dobot_moveit:/home/user/dobot_ws/install/dobot_demo:/opt/ros/humble /usr/bin/cmake /home/user/dobot_ws/src/DOBOT_6Axis_ROS2_V4/dobot_msgs_v4 -DCMAKE_INSTALL_PREFIX=/home/user/dobot_ws/install/dobot_msgs_v4
[3.103s] Invoking command in '/home/user/dobot_ws/build/dobot_msgs_v4': CMAKE_PREFIX_PATH=${CMAKE_PREFIX_PATH}:/home/user/dobot_ws/install/servo_action:/home/user/dobot_ws/install/dobot_moveit:/home/user/dobot_ws/install/dobot_demo:/opt/ros/humble /usr/bin/cmake --build /home/user/dobot_ws/build/dobot_msgs_v4 -- -j16 -l16
[3.348s] [  0%] [34m[1mGenerating C code for ROS interfaces[0m
[3.350s] [  1%] [34m[1mGenerating Rust code for ROS interfaces[0m
[3.355s] [  1%] Built target ament_cmake_python_copy_dobot_msgs_v4
[3.365s] [  1%] [34m[1mGenerating C++ code for ROS interfaces[0m
[3.548s] running egg_info
[3.549s] creating dobot_msgs_v4.egg-info
[3.549s] writing dobot_msgs_v4.egg-info/PKG-INFO
[3.549s] writing dependency_links to dobot_msgs_v4.egg-info/dependency_links.txt
[3.549s] writing top-level names to dobot_msgs_v4.egg-info/top_level.txt
[3.549s] writing manifest file 'dobot_msgs_v4.egg-info/SOURCES.txt'
[3.551s] reading manifest file 'dobot_msgs_v4.egg-info/SOURCES.txt'
[3.551s] writing manifest file 'dobot_msgs_v4.egg-info/SOURCES.txt'
[3.573s] [  1%] Built target ament_cmake_python_build_dobot_msgs_v4_egg
[5.284s] [  1%] Built target dobot_msgs_v4__rs
[11.533s] [  1%] [32mBuilding C object CMakeFiles/dobot_msgs_v4__rosidl_generator_c.dir/rosidl_generator_c/dobot_msgs_v4/msg/detail/robot_status__functions.c.o[0m
[11.535s] [  1%] [32mBuilding C object CMakeFiles/dobot_msgs_v4__rosidl_generator_c.dir/rosidl_generator_c/dobot_msgs_v4/msg/detail/tool_vector_actual__functions.c.o[0m
[11.535s] [  1%] [32mBuilding C object CMakeFiles/dobot_msgs_v4__rosidl_generator_c.dir/rosidl_generator_c/dobot_msgs_v4/srv/detail/clear_error__functions.c.o[0m
[11.537s] [  1%] [32mBuilding C object CMakeFiles/dobot_msgs_v4__rosidl_generator_c.dir/rosidl_generator_c/dobot_msgs_v4/srv/detail/enable_robot__functions.c.o[0m
[11.537s] [  1%] [32mBuilding C object CMakeFiles/dobot_msgs_v4__rosidl_generator_c.dir/rosidl_generator_c/dobot_msgs_v4/srv/detail/disable_robot__functions.c.o[0m
[11.543s] [  2%] [32mBuilding C object CMakeFiles/dobot_msgs_v4__rosidl_generator_c.dir/rosidl_generator_c/dobot_msgs_v4/srv/detail/tool__functions.c.o[0m
[11.543s] [  2%] [32mBuilding C object CMakeFiles/dobot_msgs_v4__rosidl_generator_c.dir/rosidl_generator_c/dobot_msgs_v4/srv/detail/speed_factor__functions.c.o[0m
[11.543s] [  2%] [32mBuilding C object CMakeFiles/dobot_msgs_v4__rosidl_generator_c.dir/rosidl_generator_c/dobot_msgs_v4/srv/detail/user__functions.c.o[0m
[11.544s] [  2%] [32mBuilding C object CMakeFiles/dobot_msgs_v4__rosidl_generator_c.dir/rosidl_generator_c/dobot_msgs_v4/srv/detail/robot_mode__functions.c.o[0m
[11.551s] [  2%] [32mBuilding C object CMakeFiles/dobot_msgs_v4__rosidl_generator_c.dir/rosidl_generator_c/dobot_msgs_v4/srv/detail/set_payload__functions.c.o[0m
[11.557s] [  2%] [32mBuilding C object CMakeFiles/dobot_msgs_v4__rosidl_generator_c.dir/rosidl_generator_c/dobot_msgs_v4/srv/detail/do_instant__functions.c.o[0m
[11.559s] [  2%] [32mBuilding C object CMakeFiles/dobot_msgs_v4__rosidl_generator_c.dir/rosidl_generator_c/dobot_msgs_v4/srv/detail/do__functions.c.o[0m
[11.561s] [  2%] [32mBuilding C object CMakeFiles/dobot_msgs_v4__rosidl_generator_c.dir/rosidl_generator_c/dobot_msgs_v4/srv/detail/tool_do__functions.c.o[0m
[11.571s] [  2%] [32mBuilding C object CMakeFiles/dobot_msgs_v4__rosidl_generator_c.dir/rosidl_generator_c/dobot_msgs_v4/srv/detail/tool_do_instant__functions.c.o[0m
[11.595s] [  2%] [32mBuilding C object CMakeFiles/dobot_msgs_v4__rosidl_generator_c.dir/rosidl_generator_c/dobot_msgs_v4/srv/detail/ao__functions.c.o[0m
[11.606s] [  2%] [32mBuilding C object CMakeFiles/dobot_msgs_v4__rosidl_generator_c.dir/rosidl_generator_c/dobot_msgs_v4/srv/detail/ao_instant__functions.c.o[0m
[11.620s] [  2%] [32mBuilding C object CMakeFiles/dobot_msgs_v4__rosidl_generator_c.dir/rosidl_generator_c/dobot_msgs_v4/srv/detail/acc_j__functions.c.o[0m
[11.621s] [  3%] [32mBuilding C object CMakeFiles/dobot_msgs_v4__rosidl_generator_c.dir/rosidl_generator_c/dobot_msgs_v4/srv/detail/acc_l__functions.c.o[0m
[11.625s] [  3%] [32mBuilding C object CMakeFiles/dobot_msgs_v4__rosidl_generator_c.dir/rosidl_generator_c/dobot_msgs_v4/srv/detail/vel_l__functions.c.o[0m
[11.625s] [  3%] [32mBuilding C object CMakeFiles/dobot_msgs_v4__rosidl_generator_c.dir/rosidl_generator_c/dobot_msgs_v4/srv/detail/vel_j__functions.c.o[0m
[11.631s] [  3%] [32mBuilding C object CMakeFiles/dobot_msgs_v4__rosidl_generator_c.dir/rosidl_generator_c/dobot_msgs_v4/srv/detail/cp__functions.c.o[0m
[11.636s] [  3%] [32mBuilding C object CMakeFiles/dobot_msgs_v4__rosidl_generator_c.dir/rosidl_generator_c/dobot_msgs_v4/srv/detail/power_on__functions.c.o[0m
[11.639s] [  3%] [32mBuilding C object CMakeFiles/dobot_msgs_v4__rosidl_generator_c.dir/rosidl_generator_c/dobot_msgs_v4/srv/detail/stop__functions.c.o[0m
[11.639s] [  3%] [32mBuilding C object CMakeFiles/dobot_msgs_v4__rosidl_generator_c.dir/rosidl_generator_c/dobot_msgs_v4/srv/detail/run_script__functions.c.o[0m
[11.647s] [  3%] [32mBuilding C object CMakeFiles/dobot_msgs_v4__rosidl_generator_c.dir/rosidl_generator_c/dobot_msgs_v4/srv/detail/pause__functions.c.o[0m
[11.656s] [  3%] [32mBuilding C object CMakeFiles/dobot_msgs_v4__rosidl_generator_c.dir/rosidl_generator_c/dobot_msgs_v4/srv/detail/continue__functions.c.o[0m
[11.659s] [  3%] [32mBuilding C object CMakeFiles/dobot_msgs_v4__rosidl_generator_c.dir/rosidl_generator_c/dobot_msgs_v4/srv/detail/positive_kin__functions.c.o[0m
[11.666s] [  4%] [32mBuilding C object CMakeFiles/dobot_msgs_v4__rosidl_generator_c.dir/rosidl_generator_c/dobot_msgs_v4/srv/detail/inverse_kin__functions.c.o[0m
[11.676s] [  4%] [32mBuilding C object CMakeFiles/dobot_msgs_v4__rosidl_generator_c.dir/rosidl_generator_c/dobot_msgs_v4/srv/detail/set_collision_level__functions.c.o[0m
[11.681s] [  4%] [32mBuilding C object CMakeFiles/dobot_msgs_v4__rosidl_generator_c.dir/rosidl_generator_c/dobot_msgs_v4/srv/detail/get_angle__functions.c.o[0m
[11.697s] [  4%] [32mBuilding C object CMakeFiles/dobot_msgs_v4__rosidl_generator_c.dir/rosidl_generator_c/dobot_msgs_v4/srv/detail/get_pose__functions.c.o[0m
[11.702s] [  4%] [32mBuilding C object CMakeFiles/dobot_msgs_v4__rosidl_generator_c.dir/rosidl_generator_c/dobot_msgs_v4/srv/detail/emergency_stop__functions.c.o[0m
[11.711s] [  4%] [32mBuilding C object CMakeFiles/dobot_msgs_v4__rosidl_generator_c.dir/rosidl_generator_c/dobot_msgs_v4/srv/detail/modbus_rtu_create__functions.c.o[0m
[11.714s] [  4%] [32mBuilding C object CMakeFiles/dobot_msgs_v4__rosidl_generator_c.dir/rosidl_generator_c/dobot_msgs_v4/srv/detail/modbus_create__functions.c.o[0m
[11.715s] [  4%] [32mBuilding C object CMakeFiles/dobot_msgs_v4__rosidl_generator_c.dir/rosidl_generator_c/dobot_msgs_v4/srv/detail/modbus_close__functions.c.o[0m
[11.718s] [  4%] [32mBuilding C object CMakeFiles/dobot_msgs_v4__rosidl_generator_c.dir/rosidl_generator_c/dobot_msgs_v4/srv/detail/get_in_bits__functions.c.o[0m
[11.723s] [  4%] [32mBuilding C object CMakeFiles/dobot_msgs_v4__rosidl_generator_c.dir/rosidl_generator_c/dobot_msgs_v4/srv/detail/get_in_regs__functions.c.o[0m
[11.724s] [  4%] [32mBuilding C object CMakeFiles/dobot_msgs_v4__rosidl_generator_c.dir/rosidl_generator_c/dobot_msgs_v4/srv/detail/get_coils__functions.c.o[0m
[11.730s] [  5%] [32mBuilding C object CMakeFiles/dobot_msgs_v4__rosidl_generator_c.dir/rosidl_generator_c/dobot_msgs_v4/srv/detail/set_coils__functions.c.o[0m
[11.731s] [  5%] [32mBuilding C object CMakeFiles/dobot_msgs_v4__rosidl_generator_c.dir/rosidl_generator_c/dobot_msgs_v4/srv/detail/get_hold_regs__functions.c.o[0m
[11.740s] [  5%] [32mBuilding C object CMakeFiles/dobot_msgs_v4__rosidl_generator_c.dir/rosidl_generator_c/dobot_msgs_v4/srv/detail/set_hold_regs__functions.c.o[0m
[11.747s] [  5%] [32mBuilding C object CMakeFiles/dobot_msgs_v4__rosidl_generator_c.dir/rosidl_generator_c/dobot_msgs_v4/srv/detail/set_safe_skin__functions.c.o[0m
[11.757s] [  5%] [32mBuilding C object CMakeFiles/dobot_msgs_v4__rosidl_generator_c.dir/rosidl_generator_c/dobot_msgs_v4/srv/detail/mov_j__functions.c.o[0m
[11.777s] [  5%] [32mBuilding C object CMakeFiles/dobot_msgs_v4__rosidl_generator_c.dir/rosidl_generator_c/dobot_msgs_v4/srv/detail/mov_l__functions.c.o[0m
[11.781s] [  5%] [32mBuilding C object CMakeFiles/dobot_msgs_v4__rosidl_generator_c.dir/rosidl_generator_c/dobot_msgs_v4/srv/detail/rel_joint_mov_j__functions.c.o[0m
[11.788s] [  5%] [32mBuilding C object CMakeFiles/dobot_msgs_v4__rosidl_generator_c.dir/rosidl_generator_c/dobot_msgs_v4/srv/detail/move_jog__functions.c.o[0m
[11.793s] [  5%] [32mBuilding C object CMakeFiles/dobot_msgs_v4__rosidl_generator_c.dir/rosidl_generator_c/dobot_msgs_v4/srv/detail/stop_move_jog__functions.c.o[0m
[11.794s] [  5%] [32mBuilding C object CMakeFiles/dobot_msgs_v4__rosidl_generator_c.dir/rosidl_generator_c/dobot_msgs_v4/srv/detail/do_group__functions.c.o[0m
[11.796s] [  6%] [32mBuilding C object CMakeFiles/dobot_msgs_v4__rosidl_generator_c.dir/rosidl_generator_c/dobot_msgs_v4/srv/detail/brake_control__functions.c.o[0m
[11.797s] [  6%] [32mBuilding C object CMakeFiles/dobot_msgs_v4__rosidl_generator_c.dir/rosidl_generator_c/dobot_msgs_v4/srv/detail/start_drag__functions.c.o[0m
[11.801s] [  6%] [32mBuilding C object CMakeFiles/dobot_msgs_v4__rosidl_generator_c.dir/rosidl_generator_c/dobot_msgs_v4/srv/detail/enable_safe_skin__functions.c.o[0m
[11.814s] [  6%] [32mBuilding C object CMakeFiles/dobot_msgs_v4__rosidl_generator_c.dir/rosidl_generator_c/dobot_msgs_v4/srv/detail/get_start_pose__functions.c.o[0m
[11.815s] [  6%] [32mBuilding C object CMakeFiles/dobot_msgs_v4__rosidl_generator_c.dir/rosidl_generator_c/dobot_msgs_v4/srv/detail/start_path__functions.c.o[0m
[11.823s] [  6%] [32mBuilding C object CMakeFiles/dobot_msgs_v4__rosidl_generator_c.dir/rosidl_generator_c/dobot_msgs_v4/srv/detail/inverse_solution__functions.c.o[0m
[11.825s] [  6%] [32mBuilding C object CMakeFiles/dobot_msgs_v4__rosidl_generator_c.dir/rosidl_generator_c/dobot_msgs_v4/srv/detail/get_error_id__functions.c.o[0m
[11.831s] [  6%] [32mBuilding C object CMakeFiles/dobot_msgs_v4__rosidl_generator_c.dir/rosidl_generator_c/dobot_msgs_v4/srv/detail/di__functions.c.o[0m
[11.834s] [  6%] [32mBuilding C object CMakeFiles/dobot_msgs_v4__rosidl_generator_c.dir/rosidl_generator_c/dobot_msgs_v4/srv/detail/tool_di__functions.c.o[0m
[11.857s] [  6%] [32mBuilding C object CMakeFiles/dobot_msgs_v4__rosidl_generator_c.dir/rosidl_generator_c/dobot_msgs_v4/srv/detail/ai__functions.c.o[0m
[11.863s] [  7%] [32mBuilding C object CMakeFiles/dobot_msgs_v4__rosidl_generator_c.dir/rosidl_generator_c/dobot_msgs_v4/srv/detail/tool_ai__functions.c.o[0m
[11.871s] [  7%] [32mBuilding C object CMakeFiles/dobot_msgs_v4__rosidl_generator_c.dir/rosidl_generator_c/dobot_msgs_v4/srv/detail/di_group__functions.c.o[0m
[11.881s] [  7%] [32mBuilding C object CMakeFiles/dobot_msgs_v4__rosidl_generator_c.dir/rosidl_generator_c/dobot_msgs_v4/srv/detail/stop_drag__functions.c.o[0m
[11.881s] [  7%] [32mBuilding C object CMakeFiles/dobot_msgs_v4__rosidl_generator_c.dir/rosidl_generator_c/dobot_msgs_v4/srv/detail/get_do__functions.c.o[0m
[11.882s] [  7%] [32mBuilding C object CMakeFiles/dobot_msgs_v4__rosidl_generator_c.dir/rosidl_generator_c/dobot_msgs_v4/srv/detail/drag_sensivity__functions.c.o[0m
[11.888s] [  7%] [32mBuilding C object CMakeFiles/dobot_msgs_v4__rosidl_generator_c.dir/rosidl_generator_c/dobot_msgs_v4/srv/detail/get_ao__functions.c.o[0m
[11.896s] [  7%] [32mBuilding C object CMakeFiles/dobot_msgs_v4__rosidl_generator_c.dir/rosidl_generator_c/dobot_msgs_v4/srv/detail/get_do_group__functions.c.o[0m
[11.907s] [  7%] [32mBuilding C object CMakeFiles/dobot_msgs_v4__rosidl_generator_c.dir/rosidl_generator_c/dobot_msgs_v4/srv/detail/set_tool485__functions.c.o[0m
[11.913s] [  7%] [32mBuilding C object CMakeFiles/dobot_msgs_v4__rosidl_generator_c.dir/rosidl_generator_c/dobot_msgs_v4/srv/detail/set_safe_wall_enable__functions.c.o[0m
[11.917s] [  8%] [32mBuilding C object CMakeFiles/dobot_msgs_v4__rosidl_generator_c.dir/rosidl_generator_c/dobot_msgs_v4/srv/detail/set_tool_mode__functions.c.o[0m
[11.917s] [  8%] [32mBuilding C object CMakeFiles/dobot_msgs_v4__rosidl_generator_c.dir/rosidl_generator_c/dobot_msgs_v4/srv/detail/set_back_distance__functions.c.o[0m
[11.919s] [  8%] [32mBuilding C object CMakeFiles/dobot_msgs_v4__rosidl_generator_c.dir/rosidl_generator_c/dobot_msgs_v4/srv/detail/set_tool_power__functions.c.o[0m
[11.932s] [  8%] [32mBuilding C object CMakeFiles/dobot_msgs_v4__rosidl_generator_c.dir/rosidl_generator_c/dobot_msgs_v4/srv/detail/set_post_collision_mode__functions.c.o[0m
[11.943s] [  8%] [32mBuilding C object CMakeFiles/dobot_msgs_v4__rosidl_generator_c.dir/rosidl_generator_c/dobot_msgs_v4/srv/detail/set_user__functions.c.o[0m
[11.954s] [  8%] [32mBuilding C object CMakeFiles/dobot_msgs_v4__rosidl_generator_c.dir/rosidl_generator_c/dobot_msgs_v4/srv/detail/set_tool__functions.c.o[0m
[11.967s] [  8%] [32mBuilding C object CMakeFiles/dobot_msgs_v4__rosidl_generator_c.dir/rosidl_generator_c/dobot_msgs_v4/srv/detail/calc_tool__functions.c.o[0m
[11.971s] [  8%] [32mBuilding C object CMakeFiles/dobot_msgs_v4__rosidl_generator_c.dir/rosidl_generator_c/dobot_msgs_v4/srv/detail/calc_user__functions.c.o[0m
[11.977s] [  8%] [32mBuilding C object CMakeFiles/dobot_msgs_v4__rosidl_generator_c.dir/rosidl_generator_c/dobot_msgs_v4/srv/detail/get_input_bool__functions.c.o[0m
[11.977s] [  8%] [32mBuilding C object CMakeFiles/dobot_msgs_v4__rosidl_generator_c.dir/rosidl_generator_c/dobot_msgs_v4/srv/detail/get_input_int__functions.c.o[0m
[11.980s] [  8%] [32mBuilding C object CMakeFiles/dobot_msgs_v4__rosidl_generator_c.dir/rosidl_generator_c/dobot_msgs_v4/srv/detail/get_input_float__functions.c.o[0m
[11.982s] [  8%] [32mBuilding C object CMakeFiles/dobot_msgs_v4__rosidl_generator_c.dir/rosidl_generator_c/dobot_msgs_v4/srv/detail/get_output_bool__functions.c.o[0m
[11.990s] [  9%] [32mBuilding C object CMakeFiles/dobot_msgs_v4__rosidl_generator_c.dir/rosidl_generator_c/dobot_msgs_v4/srv/detail/get_output_int__functions.c.o[0m
[11.992s] [  9%] [32mBuilding C object CMakeFiles/dobot_msgs_v4__rosidl_generator_c.dir/rosidl_generator_c/dobot_msgs_v4/srv/detail/get_output_float__functions.c.o[0m
[12.002s] [  9%] [32mBuilding C object CMakeFiles/dobot_msgs_v4__rosidl_generator_c.dir/rosidl_generator_c/dobot_msgs_v4/srv/detail/set_output_bool__functions.c.o[0m
[12.017s] [  9%] [32mBuilding C object CMakeFiles/dobot_msgs_v4__rosidl_generator_c.dir/rosidl_generator_c/dobot_msgs_v4/srv/detail/set_output_int__functions.c.o[0m
[12.022s] [  9%] [32mBuilding C object CMakeFiles/dobot_msgs_v4__rosidl_generator_c.dir/rosidl_generator_c/dobot_msgs_v4/srv/detail/set_output_float__functions.c.o[0m
[12.024s] [  9%] [32mBuilding C object CMakeFiles/dobot_msgs_v4__rosidl_generator_c.dir/rosidl_generator_c/dobot_msgs_v4/srv/detail/mov_lio__functions.c.o[0m
[12.034s] [  9%] [32mBuilding C object CMakeFiles/dobot_msgs_v4__rosidl_generator_c.dir/rosidl_generator_c/dobot_msgs_v4/srv/detail/mov_jio__functions.c.o[0m
[12.040s] [  9%] [32mBuilding C object CMakeFiles/dobot_msgs_v4__rosidl_generator_c.dir/rosidl_generator_c/dobot_msgs_v4/srv/detail/circle__functions.c.o[0m
[12.040s] [  9%] [32mBuilding C object CMakeFiles/dobot_msgs_v4__rosidl_generator_c.dir/rosidl_generator_c/dobot_msgs_v4/srv/detail/arc__functions.c.o[0m
[12.050s] [  9%] [32mBuilding C object CMakeFiles/dobot_msgs_v4__rosidl_generator_c.dir/rosidl_generator_c/dobot_msgs_v4/srv/detail/rel_mov_j_tool__functions.c.o[0m
[12.061s] [ 10%] [32mBuilding C object CMakeFiles/dobot_msgs_v4__rosidl_generator_c.dir/rosidl_generator_c/dobot_msgs_v4/srv/detail/rel_mov_l_tool__functions.c.o[0m
[12.064s] [ 10%] [32mBuilding C object CMakeFiles/dobot_msgs_v4__rosidl_generator_c.dir/rosidl_generator_c/dobot_msgs_v4/srv/detail/rel_mov_j_user__functions.c.o[0m
[12.067s] [ 10%] [32mBuilding C object CMakeFiles/dobot_msgs_v4__rosidl_generator_c.dir/rosidl_generator_c/dobot_msgs_v4/srv/detail/rel_mov_l_user__functions.c.o[0m
[12.077s] [ 10%] [32mBuilding C object CMakeFiles/dobot_msgs_v4__rosidl_generator_c.dir/rosidl_generator_c/dobot_msgs_v4/srv/detail/get_current_command_id__functions.c.o[0m
[12.087s] [ 10%] [32mBuilding C object CMakeFiles/dobot_msgs_v4__rosidl_generator_c.dir/rosidl_generator_c/dobot_msgs_v4/srv/detail/servo_j__functions.c.o[0m
[12.090s] [ 10%] [32mBuilding C object CMakeFiles/dobot_msgs_v4__rosidl_generator_c.dir/rosidl_generator_c/dobot_msgs_v4/srv/detail/servo_p__functions.c.o[0m
[12.100s] [ 10%] [32mBuilding C object CMakeFiles/dobot_msgs_v4__rosidl_generator_c.dir/rosidl_generator_c/dobot_msgs_v4/srv/detail/tcp_dashboard__functions.c.o[0m
[12.101s] [ 10%] [32mBuilding C object CMakeFiles/dobot_msgs_v4__rosidl_generator_c.dir/rosidl_generator_c/dobot_msgs_v4/srv/detail/enable_ft_sensor__functions.c.o[0m
[12.113s] [ 10%] [32mBuilding C object CMakeFiles/dobot_msgs_v4__rosidl_generator_c.dir/rosidl_generator_c/dobot_msgs_v4/srv/detail/six_force_home__functions.c.o[0m
[12.119s] [ 10%] [32mBuilding C object CMakeFiles/dobot_msgs_v4__rosidl_generator_c.dir/rosidl_generator_c/dobot_msgs_v4/srv/detail/get_force__functions.c.o[0m
[12.120s] [ 10%] [32mBuilding C object CMakeFiles/dobot_msgs_v4__rosidl_generator_c.dir/rosidl_generator_c/dobot_msgs_v4/srv/detail/force_drive_mode__functions.c.o[0m
[12.128s] [ 11%] [32mBuilding C object CMakeFiles/dobot_msgs_v4__rosidl_generator_c.dir/rosidl_generator_c/dobot_msgs_v4/srv/detail/force_drive_speed__functions.c.o[0m
[12.131s] [ 11%] [32mBuilding C object CMakeFiles/dobot_msgs_v4__rosidl_generator_c.dir/rosidl_generator_c/dobot_msgs_v4/srv/detail/fc_force_mode__functions.c.o[0m
[12.134s] [ 11%] [32mBuilding C object CMakeFiles/dobot_msgs_v4__rosidl_generator_c.dir/rosidl_generator_c/dobot_msgs_v4/srv/detail/fc_set_deviation__functions.c.o[0m
[12.140s] [ 11%] [32mBuilding C object CMakeFiles/dobot_msgs_v4__rosidl_generator_c.dir/rosidl_generator_c/dobot_msgs_v4/srv/detail/fc_set_force_limit__functions.c.o[0m
[12.145s] [ 11%] [32mBuilding C object CMakeFiles/dobot_msgs_v4__rosidl_generator_c.dir/rosidl_generator_c/dobot_msgs_v4/srv/detail/fc_set_mass__functions.c.o[0m
[12.157s] [ 11%] [32mBuilding C object CMakeFiles/dobot_msgs_v4__rosidl_generator_c.dir/rosidl_generator_c/dobot_msgs_v4/srv/detail/fc_set_stiffness__functions.c.o[0m
[12.165s] [ 11%] [32mBuilding C object CMakeFiles/dobot_msgs_v4__rosidl_generator_c.dir/rosidl_generator_c/dobot_msgs_v4/srv/detail/fc_off__functions.c.o[0m
[12.166s] [ 11%] [32mBuilding C object CMakeFiles/dobot_msgs_v4__rosidl_generator_c.dir/rosidl_generator_c/dobot_msgs_v4/srv/detail/fc_set_damping__functions.c.o[0m
[12.176s] [ 11%] [32mBuilding C object CMakeFiles/dobot_msgs_v4__rosidl_generator_c.dir/rosidl_generator_c/dobot_msgs_v4/srv/detail/fc_set_force_speed_limit__functions.c.o[0m
[12.184s] [ 11%] [32mBuilding C object CMakeFiles/dobot_msgs_v4__rosidl_generator_c.dir/rosidl_generator_c/dobot_msgs_v4/srv/detail/fc_set_force__functions.c.o[0m
[12.190s] [ 12%] [32mBuilding C object CMakeFiles/dobot_msgs_v4__rosidl_generator_c.dir/rosidl_generator_c/dobot_msgs_v4/srv/detail/set_fc_collision__functions.c.o[0m
[12.195s] [ 12%] [32mBuilding C object CMakeFiles/dobot_msgs_v4__rosidl_generator_c.dir/rosidl_generator_c/dobot_msgs_v4/srv/detail/fc_collision_switch__functions.c.o[0m
[12.201s] [ 12%] [32mBuilding C object CMakeFiles/dobot_msgs_v4__rosidl_generator_c.dir/rosidl_generator_c/dobot_msgs_v4/srv/detail/set_work_zone_enable__functions.c.o[0m
[12.202s] [ 12%] [32mBuilding C object CMakeFiles/dobot_msgs_v4__rosidl_generator_c.dir/rosidl_generator_c/dobot_msgs_v4/srv/detail/get_tool_do__functions.c.o[0m
[12.208s] [ 12%] [32mBuilding C object CMakeFiles/dobot_msgs_v4__rosidl_generator_c.dir/rosidl_generator_c/dobot_msgs_v4/srv/detail/reset_robot__functions.c.o[0m
[12.208s] [ 12%] [32mBuilding C object CMakeFiles/dobot_msgs_v4__rosidl_generator_c.dir/rosidl_generator_c/dobot_msgs_v4/srv/detail/run_to__functions.c.o[0m
[12.225s] [ 12%] [32mBuilding C object CMakeFiles/dobot_msgs_v4__rosidl_generator_c.dir/rosidl_generator_c/dobot_msgs_v4/srv/detail/end_rt_offset__functions.c.o[0m
[12.225s] [ 12%] [32mBuilding C object CMakeFiles/dobot_msgs_v4__rosidl_generator_c.dir/rosidl_generator_c/dobot_msgs_v4/srv/detail/start_rt_offset__functions.c.o[0m
[12.240s] [ 12%] [32mBuilding C object CMakeFiles/dobot_msgs_v4__rosidl_generator_c.dir/rosidl_generator_c/dobot_msgs_v4/srv/detail/get_error__functions.c.o[0m
[12.243s] [ 12%] [32mBuilding C object CMakeFiles/dobot_msgs_v4__rosidl_generator_c.dir/rosidl_generator_c/dobot_msgs_v4/srv/detail/do_group_dec__functions.c.o[0m
[12.249s] [ 13%] [32mBuilding C object CMakeFiles/dobot_msgs_v4__rosidl_generator_c.dir/rosidl_generator_c/dobot_msgs_v4/srv/detail/get_do_group_dec__functions.c.o[0m
[12.252s] [ 13%] [32mBuilding C object CMakeFiles/dobot_msgs_v4__rosidl_generator_c.dir/rosidl_generator_c/dobot_msgs_v4/srv/detail/di_group_dec__functions.c.o[0m
[12.257s] [ 13%] [32mBuilding C object CMakeFiles/dobot_msgs_v4__rosidl_generator_c.dir/rosidl_generator_c/dobot_msgs_v4/srv/detail/request_control__functions.c.o[0m
[12.271s] [ 13%] [32mBuilding C object CMakeFiles/dobot_msgs_v4__rosidl_generator_c.dir/rosidl_generator_c/dobot_msgs_v4/srv/detail/check_odd_mov_l__functions.c.o[0m
[12.277s] [ 13%] [32mBuilding C object CMakeFiles/dobot_msgs_v4__rosidl_generator_c.dir/rosidl_generator_c/dobot_msgs_v4/srv/detail/check_odd_mov_j__functions.c.o[0m
[12.285s] [ 13%] [32mBuilding C object CMakeFiles/dobot_msgs_v4__rosidl_generator_c.dir/rosidl_generator_c/dobot_msgs_v4/srv/detail/check_odd_mov_c__functions.c.o[0m
[12.374s] [ 13%] [32m[1mLinking C shared library libdobot_msgs_v4__rosidl_generator_c.so[0m
[12.452s] [ 13%] Built target dobot_msgs_v4__cpp
[12.458s] [ 13%] Built target dobot_msgs_v4__rosidl_generator_c
[12.463s] [ 13%] [34m[1mGenerating C++ type support dispatch for ROS interfaces[0m
[12.463s] [ 13%] [34m[1mGenerating C++ type support for eProsima Fast-RTPS[0m
[12.463s] [ 13%] [34m[1mGenerating C++ introspection for ROS interfaces[0m
[12.470s] [ 16%] [34m[1mGenerating C type support for eProsima Fast-RTPS[0m
[12.471s] [ 16%] [34m[1mGenerating C type support dispatch for ROS interfaces[0m
[12.471s] [ 16%] [34m[1mGenerating C introspection for ROS interfaces[0m
[16.101s] [ 16%] [32mBuilding CXX object CMakeFiles/dobot_msgs_v4__rosidl_typesupport_c.dir/rosidl_typesupport_c/dobot_msgs_v4/msg/tool_vector_actual__type_support.cpp.o[0m
[16.101s] [ 16%] [32mBuilding CXX object CMakeFiles/dobot_msgs_v4__rosidl_typesupport_c.dir/rosidl_typesupport_c/dobot_msgs_v4/srv/enable_robot__type_support.cpp.o[0m
[16.101s] [ 16%] [32mBuilding CXX object CMakeFiles/dobot_msgs_v4__rosidl_typesupport_c.dir/rosidl_typesupport_c/dobot_msgs_v4/srv/disable_robot__type_support.cpp.o[0m
[16.101s] [ 16%] [32mBuilding CXX object CMakeFiles/dobot_msgs_v4__rosidl_typesupport_c.dir/rosidl_typesupport_c/dobot_msgs_v4/msg/robot_status__type_support.cpp.o[0m
[16.101s] [ 16%] [32mBuilding CXX object CMakeFiles/dobot_msgs_v4__rosidl_typesupport_c.dir/rosidl_typesupport_c/dobot_msgs_v4/srv/tool__type_support.cpp.o[0m
[16.101s] [ 16%] [32mBuilding CXX object CMakeFiles/dobot_msgs_v4__rosidl_typesupport_c.dir/rosidl_typesupport_c/dobot_msgs_v4/srv/clear_error__type_support.cpp.o[0m
[16.101s] [ 16%] [32mBuilding CXX object CMakeFiles/dobot_msgs_v4__rosidl_typesupport_c.dir/rosidl_typesupport_c/dobot_msgs_v4/srv/speed_factor__type_support.cpp.o[0m
[16.103s] [ 16%] [32mBuilding CXX object CMakeFiles/dobot_msgs_v4__rosidl_typesupport_c.dir/rosidl_typesupport_c/dobot_msgs_v4/srv/set_payload__type_support.cpp.o[0m
[16.104s] [ 16%] [32mBuilding CXX object CMakeFiles/dobot_msgs_v4__rosidl_typesupport_c.dir/rosidl_typesupport_c/dobot_msgs_v4/srv/robot_mode__type_support.cpp.o[0m
[16.105s] [ 16%] [32mBuilding CXX object CMakeFiles/dobot_msgs_v4__rosidl_typesupport_c.dir/rosidl_typesupport_c/dobot_msgs_v4/srv/user__type_support.cpp.o[0m
[16.106s] [ 17%] [32mBuilding CXX object CMakeFiles/dobot_msgs_v4__rosidl_typesupport_c.dir/rosidl_typesupport_c/dobot_msgs_v4/srv/do__type_support.cpp.o[0m
[16.143s] [ 17%] [32mBuilding CXX object CMakeFiles/dobot_msgs_v4__rosidl_typesupport_c.dir/rosidl_typesupport_c/dobot_msgs_v4/srv/do_instant__type_support.cpp.o[0m
[16.146s] [ 17%] [32mBuilding CXX object CMakeFiles/dobot_msgs_v4__rosidl_typesupport_c.dir/rosidl_typesupport_c/dobot_msgs_v4/srv/tool_do__type_support.cpp.o[0m
[16.146s] [ 17%] [32mBuilding CXX object CMakeFiles/dobot_msgs_v4__rosidl_typesupport_c.dir/rosidl_typesupport_c/dobot_msgs_v4/srv/ao__type_support.cpp.o[0m
[16.146s] [ 17%] [32mBuilding CXX object CMakeFiles/dobot_msgs_v4__rosidl_typesupport_c.dir/rosidl_typesupport_c/dobot_msgs_v4/srv/tool_do_instant__type_support.cpp.o[0m
[16.146s] [ 17%] [32mBuilding CXX object CMakeFiles/dobot_msgs_v4__rosidl_typesupport_c.dir/rosidl_typesupport_c/dobot_msgs_v4/srv/ao_instant__type_support.cpp.o[0m
[16.147s] [ 17%] [32mBuilding CXX object CMakeFiles/dobot_msgs_v4__rosidl_typesupport_c.dir/rosidl_typesupport_c/dobot_msgs_v4/srv/acc_j__type_support.cpp.o[0m
[16.147s] [ 17%] [32mBuilding CXX object CMakeFiles/dobot_msgs_v4__rosidl_typesupport_c.dir/rosidl_typesupport_c/dobot_msgs_v4/srv/acc_l__type_support.cpp.o[0m
[16.147s] [ 17%] [32mBuilding CXX object CMakeFiles/dobot_msgs_v4__rosidl_typesupport_c.dir/rosidl_typesupport_c/dobot_msgs_v4/srv/vel_j__type_support.cpp.o[0m
[16.152s] [ 17%] [32mBuilding CXX object CMakeFiles/dobot_msgs_v4__rosidl_typesupport_c.dir/rosidl_typesupport_c/dobot_msgs_v4/srv/power_on__type_support.cpp.o[0m
[16.152s] [ 18%] [32mBuilding CXX object CMakeFiles/dobot_msgs_v4__rosidl_typesupport_c.dir/rosidl_typesupport_c/dobot_msgs_v4/srv/vel_l__type_support.cpp.o[0m
[16.152s] [ 18%] [32mBuilding CXX object CMakeFiles/dobot_msgs_v4__rosidl_typesupport_c.dir/rosidl_typesupport_c/dobot_msgs_v4/srv/cp__type_support.cpp.o[0m
[16.186s] [ 18%] [32mBuilding CXX object CMakeFiles/dobot_msgs_v4__rosidl_typesupport_c.dir/rosidl_typesupport_c/dobot_msgs_v4/srv/run_script__type_support.cpp.o[0m
[16.186s] [ 18%] [32mBuilding CXX object CMakeFiles/dobot_msgs_v4__rosidl_typesupport_c.dir/rosidl_typesupport_c/dobot_msgs_v4/srv/stop__type_support.cpp.o[0m
[16.188s] [ 18%] [32mBuilding CXX object CMakeFiles/dobot_msgs_v4__rosidl_typesupport_c.dir/rosidl_typesupport_c/dobot_msgs_v4/srv/pause__type_support.cpp.o[0m
[16.188s] [ 18%] [32mBuilding CXX object CMakeFiles/dobot_msgs_v4__rosidl_typesupport_c.dir/rosidl_typesupport_c/dobot_msgs_v4/srv/continue__type_support.cpp.o[0m
[16.190s] [ 18%] [32mBuilding CXX object CMakeFiles/dobot_msgs_v4__rosidl_typesupport_c.dir/rosidl_typesupport_c/dobot_msgs_v4/srv/positive_kin__type_support.cpp.o[0m
[16.192s] [ 18%] [32mBuilding CXX object CMakeFiles/dobot_msgs_v4__rosidl_typesupport_c.dir/rosidl_typesupport_c/dobot_msgs_v4/srv/inverse_kin__type_support.cpp.o[0m
[16.192s] [ 18%] [32mBuilding CXX object CMakeFiles/dobot_msgs_v4__rosidl_typesupport_c.dir/rosidl_typesupport_c/dobot_msgs_v4/srv/get_angle__type_support.cpp.o[0m
[16.192s] [ 18%] [32mBuilding CXX object CMakeFiles/dobot_msgs_v4__rosidl_typesupport_c.dir/rosidl_typesupport_c/dobot_msgs_v4/srv/set_collision_level__type_support.cpp.o[0m
[16.195s] [ 19%] [32mBuilding CXX object CMakeFiles/dobot_msgs_v4__rosidl_typesupport_c.dir/rosidl_typesupport_c/dobot_msgs_v4/srv/get_pose__type_support.cpp.o[0m
[16.199s] [ 19%] [32mBuilding CXX object CMakeFiles/dobot_msgs_v4__rosidl_typesupport_c.dir/rosidl_typesupport_c/dobot_msgs_v4/srv/emergency_stop__type_support.cpp.o[0m
[16.206s] [ 19%] [32mBuilding CXX object CMakeFiles/dobot_msgs_v4__rosidl_typesupport_c.dir/rosidl_typesupport_c/dobot_msgs_v4/srv/modbus_rtu_create__type_support.cpp.o[0m
[16.229s] [ 19%] [32mBuilding CXX object CMakeFiles/dobot_msgs_v4__rosidl_typesupport_c.dir/rosidl_typesupport_c/dobot_msgs_v4/srv/modbus_create__type_support.cpp.o[0m
[16.229s] [ 19%] [32mBuilding CXX object CMakeFiles/dobot_msgs_v4__rosidl_typesupport_c.dir/rosidl_typesupport_c/dobot_msgs_v4/srv/modbus_close__type_support.cpp.o[0m
[16.233s] [ 19%] [32mBuilding CXX object CMakeFiles/dobot_msgs_v4__rosidl_typesupport_c.dir/rosidl_typesupport_c/dobot_msgs_v4/srv/get_in_bits__type_support.cpp.o[0m
[16.234s] [ 19%] [32mBuilding CXX object CMakeFiles/dobot_msgs_v4__rosidl_typesupport_c.dir/rosidl_typesupport_c/dobot_msgs_v4/srv/get_in_regs__type_support.cpp.o[0m
[16.236s] [ 19%] [32mBuilding CXX object CMakeFiles/dobot_msgs_v4__rosidl_typesupport_c.dir/rosidl_typesupport_c/dobot_msgs_v4/srv/get_hold_regs__type_support.cpp.o[0m
[16.236s] [ 19%] [32mBuilding CXX object CMakeFiles/dobot_msgs_v4__rosidl_typesupport_c.dir/rosidl_typesupport_c/dobot_msgs_v4/srv/get_coils__type_support.cpp.o[0m
[16.237s] [ 19%] [32mBuilding CXX object CMakeFiles/dobot_msgs_v4__rosidl_typesupport_c.dir/rosidl_typesupport_c/dobot_msgs_v4/srv/set_coils__type_support.cpp.o[0m
[16.238s] [ 19%] [32mBuilding CXX object CMakeFiles/dobot_msgs_v4__rosidl_typesupport_c.dir/rosidl_typesupport_c/dobot_msgs_v4/srv/set_hold_regs__type_support.cpp.o[0m
[16.241s] [ 20%] [32mBuilding CXX object CMakeFiles/dobot_msgs_v4__rosidl_typesupport_c.dir/rosidl_typesupport_c/dobot_msgs_v4/srv/set_safe_skin__type_support.cpp.o[0m
[16.247s] [ 20%] [32mBuilding CXX object CMakeFiles/dobot_msgs_v4__rosidl_typesupport_c.dir/rosidl_typesupport_c/dobot_msgs_v4/srv/mov_j__type_support.cpp.o[0m
[16.265s] [ 20%] [32mBuilding CXX object CMakeFiles/dobot_msgs_v4__rosidl_typesupport_c.dir/rosidl_typesupport_c/dobot_msgs_v4/srv/mov_l__type_support.cpp.o[0m
[16.271s] [ 20%] [32mBuilding CXX object CMakeFiles/dobot_msgs_v4__rosidl_typesupport_c.dir/rosidl_typesupport_c/dobot_msgs_v4/srv/rel_joint_mov_j__type_support.cpp.o[0m
[16.278s] [ 20%] [32mBuilding CXX object CMakeFiles/dobot_msgs_v4__rosidl_typesupport_c.dir/rosidl_typesupport_c/dobot_msgs_v4/srv/move_jog__type_support.cpp.o[0m
[16.282s] [ 20%] [32mBuilding CXX object CMakeFiles/dobot_msgs_v4__rosidl_typesupport_c.dir/rosidl_typesupport_c/dobot_msgs_v4/srv/do_group__type_support.cpp.o[0m
[16.282s] [ 20%] [32mBuilding CXX object CMakeFiles/dobot_msgs_v4__rosidl_typesupport_c.dir/rosidl_typesupport_c/dobot_msgs_v4/srv/start_drag__type_support.cpp.o[0m
[16.282s] [ 20%] [32mBuilding CXX object CMakeFiles/dobot_msgs_v4__rosidl_typesupport_c.dir/rosidl_typesupport_c/dobot_msgs_v4/srv/brake_control__type_support.cpp.o[0m
[16.283s] [ 20%] [32mBuilding CXX object CMakeFiles/dobot_msgs_v4__rosidl_typesupport_c.dir/rosidl_typesupport_c/dobot_msgs_v4/srv/enable_safe_skin__type_support.cpp.o[0m
[16.283s] [ 20%] [32mBuilding CXX object CMakeFiles/dobot_msgs_v4__rosidl_typesupport_c.dir/rosidl_typesupport_c/dobot_msgs_v4/srv/stop_move_jog__type_support.cpp.o[0m
[16.291s] [ 21%] [32mBuilding CXX object CMakeFiles/dobot_msgs_v4__rosidl_typesupport_c.dir/rosidl_typesupport_c/dobot_msgs_v4/srv/get_start_pose__type_support.cpp.o[0m
[16.291s] [ 21%] [32mBuilding CXX object CMakeFiles/dobot_msgs_v4__rosidl_typesupport_c.dir/rosidl_typesupport_c/dobot_msgs_v4/srv/start_path__type_support.cpp.o[0m
[16.292s] [ 21%] [32mBuilding CXX object CMakeFiles/dobot_msgs_v4__rosidl_typesupport_c.dir/rosidl_typesupport_c/dobot_msgs_v4/srv/inverse_solution__type_support.cpp.o[0m
[16.314s] [ 21%] [32mBuilding CXX object CMakeFiles/dobot_msgs_v4__rosidl_typesupport_c.dir/rosidl_typesupport_c/dobot_msgs_v4/srv/get_error_id__type_support.cpp.o[0m
[16.315s] [ 21%] [32mBuilding CXX object CMakeFiles/dobot_msgs_v4__rosidl_typesupport_c.dir/rosidl_typesupport_c/dobot_msgs_v4/srv/di__type_support.cpp.o[0m
[16.321s] [ 21%] [32mBuilding CXX object CMakeFiles/dobot_msgs_v4__rosidl_typesupport_c.dir/rosidl_typesupport_c/dobot_msgs_v4/srv/tool_di__type_support.cpp.o[0m
[16.323s] [ 21%] [32mBuilding CXX object CMakeFiles/dobot_msgs_v4__rosidl_typesupport_c.dir/rosidl_typesupport_c/dobot_msgs_v4/srv/ai__type_support.cpp.o[0m
[16.324s] [ 21%] [32mBuilding CXX object CMakeFiles/dobot_msgs_v4__rosidl_typesupport_c.dir/rosidl_typesupport_c/dobot_msgs_v4/srv/tool_ai__type_support.cpp.o[0m
[16.327s] [ 21%] [32mBuilding CXX object CMakeFiles/dobot_msgs_v4__rosidl_typesupport_c.dir/rosidl_typesupport_c/dobot_msgs_v4/srv/di_group__type_support.cpp.o[0m
[16.334s] [ 21%] [32mBuilding CXX object CMakeFiles/dobot_msgs_v4__rosidl_typesupport_c.dir/rosidl_typesupport_c/dobot_msgs_v4/srv/stop_drag__type_support.cpp.o[0m
[16.340s] [ 22%] [32mBuilding CXX object CMakeFiles/dobot_msgs_v4__rosidl_typesupport_c.dir/rosidl_typesupport_c/dobot_msgs_v4/srv/drag_sensivity__type_support.cpp.o[0m
[16.344s] [ 22%] [32mBuilding CXX object CMakeFiles/dobot_msgs_v4__rosidl_typesupport_c.dir/rosidl_typesupport_c/dobot_msgs_v4/srv/get_do__type_support.cpp.o[0m
[16.357s] [ 22%] [32mBuilding CXX object CMakeFiles/dobot_msgs_v4__rosidl_typesupport_c.dir/rosidl_typesupport_c/dobot_msgs_v4/srv/get_ao__type_support.cpp.o[0m
[16.359s] [ 22%] [32mBuilding CXX object CMakeFiles/dobot_msgs_v4__rosidl_typesupport_c.dir/rosidl_typesupport_c/dobot_msgs_v4/srv/get_do_group__type_support.cpp.o[0m
[16.362s] [ 22%] [32mBuilding CXX object CMakeFiles/dobot_msgs_v4__rosidl_typesupport_c.dir/rosidl_typesupport_c/dobot_msgs_v4/srv/set_tool485__type_support.cpp.o[0m
[16.364s] [ 22%] [32mBuilding CXX object CMakeFiles/dobot_msgs_v4__rosidl_typesupport_c.dir/rosidl_typesupport_c/dobot_msgs_v4/srv/set_safe_wall_enable__type_support.cpp.o[0m
[16.367s] [ 22%] [32mBuilding CXX object CMakeFiles/dobot_msgs_v4__rosidl_typesupport_c.dir/rosidl_typesupport_c/dobot_msgs_v4/srv/set_tool_power__type_support.cpp.o[0m
[16.373s] [ 22%] [32mBuilding CXX object CMakeFiles/dobot_msgs_v4__rosidl_typesupport_c.dir/rosidl_typesupport_c/dobot_msgs_v4/srv/set_tool_mode__type_support.cpp.o[0m
[16.376s] [ 22%] [32mBuilding CXX object CMakeFiles/dobot_msgs_v4__rosidl_typesupport_c.dir/rosidl_typesupport_c/dobot_msgs_v4/srv/set_back_distance__type_support.cpp.o[0m
[16.376s] [ 22%] [32mBuilding CXX object CMakeFiles/dobot_msgs_v4__rosidl_typesupport_c.dir/rosidl_typesupport_c/dobot_msgs_v4/srv/set_post_collision_mode__type_support.cpp.o[0m
[16.390s] [ 22%] [32mBuilding CXX object CMakeFiles/dobot_msgs_v4__rosidl_typesupport_c.dir/rosidl_typesupport_c/dobot_msgs_v4/srv/set_user__type_support.cpp.o[0m
[16.401s] [ 23%] [32mBuilding CXX object CMakeFiles/dobot_msgs_v4__rosidl_typesupport_c.dir/rosidl_typesupport_c/dobot_msgs_v4/srv/set_tool__type_support.cpp.o[0m
[16.404s] [ 23%] [32mBuilding CXX object CMakeFiles/dobot_msgs_v4__rosidl_typesupport_c.dir/rosidl_typesupport_c/dobot_msgs_v4/srv/calc_user__type_support.cpp.o[0m
[16.406s] [ 23%] [32mBuilding CXX object CMakeFiles/dobot_msgs_v4__rosidl_typesupport_c.dir/rosidl_typesupport_c/dobot_msgs_v4/srv/calc_tool__type_support.cpp.o[0m
[16.410s] [ 23%] [32mBuilding CXX object CMakeFiles/dobot_msgs_v4__rosidl_typesupport_c.dir/rosidl_typesupport_c/dobot_msgs_v4/srv/get_input_bool__type_support.cpp.o[0m
[16.417s] [ 23%] [32mBuilding CXX object CMakeFiles/dobot_msgs_v4__rosidl_typesupport_c.dir/rosidl_typesupport_c/dobot_msgs_v4/srv/get_input_int__type_support.cpp.o[0m
[16.422s] [ 23%] [32mBuilding CXX object CMakeFiles/dobot_msgs_v4__rosidl_typesupport_c.dir/rosidl_typesupport_c/dobot_msgs_v4/srv/get_input_float__type_support.cpp.o[0m
[16.427s] [ 23%] [32mBuilding CXX object CMakeFiles/dobot_msgs_v4__rosidl_typesupport_c.dir/rosidl_typesupport_c/dobot_msgs_v4/srv/get_output_bool__type_support.cpp.o[0m
[16.429s] [ 23%] [32mBuilding CXX object CMakeFiles/dobot_msgs_v4__rosidl_typesupport_c.dir/rosidl_typesupport_c/dobot_msgs_v4/srv/get_output_int__type_support.cpp.o[0m
[16.437s] [ 23%] [32mBuilding CXX object CMakeFiles/dobot_msgs_v4__rosidl_typesupport_c.dir/rosidl_typesupport_c/dobot_msgs_v4/srv/get_output_float__type_support.cpp.o[0m
[16.439s] [ 23%] [32mBuilding CXX object CMakeFiles/dobot_msgs_v4__rosidl_typesupport_c.dir/rosidl_typesupport_c/dobot_msgs_v4/srv/set_output_bool__type_support.cpp.o[0m
[16.444s] [ 24%] [32mBuilding CXX object CMakeFiles/dobot_msgs_v4__rosidl_typesupport_c.dir/rosidl_typesupport_c/dobot_msgs_v4/srv/set_output_int__type_support.cpp.o[0m
[16.462s] [ 24%] [32mBuilding CXX object CMakeFiles/dobot_msgs_v4__rosidl_typesupport_c.dir/rosidl_typesupport_c/dobot_msgs_v4/srv/set_output_float__type_support.cpp.o[0m
[16.466s] [ 24%] [32mBuilding CXX object CMakeFiles/dobot_msgs_v4__rosidl_typesupport_c.dir/rosidl_typesupport_c/dobot_msgs_v4/srv/mov_lio__type_support.cpp.o[0m
[16.467s] [ 24%] [32mBuilding CXX object CMakeFiles/dobot_msgs_v4__rosidl_typesupport_c.dir/rosidl_typesupport_c/dobot_msgs_v4/srv/mov_jio__type_support.cpp.o[0m
[16.468s] [ 24%] [32mBuilding CXX object CMakeFiles/dobot_msgs_v4__rosidl_typesupport_c.dir/rosidl_typesupport_c/dobot_msgs_v4/srv/arc__type_support.cpp.o[0m
[16.485s] [ 24%] [32mBuilding CXX object CMakeFiles/dobot_msgs_v4__rosidl_typesupport_c.dir/rosidl_typesupport_c/dobot_msgs_v4/srv/circle__type_support.cpp.o[0m
[16.493s] [ 24%] [32mBuilding CXX object CMakeFiles/dobot_msgs_v4__rosidl_typesupport_c.dir/rosidl_typesupport_c/dobot_msgs_v4/srv/rel_mov_j_tool__type_support.cpp.o[0m
[16.500s] [ 24%] [32mBuilding CXX object CMakeFiles/dobot_msgs_v4__rosidl_typesupport_c.dir/rosidl_typesupport_c/dobot_msgs_v4/srv/rel_mov_l_tool__type_support.cpp.o[0m
[16.503s] [ 24%] [32mBuilding CXX object CMakeFiles/dobot_msgs_v4__rosidl_typesupport_c.dir/rosidl_typesupport_c/dobot_msgs_v4/srv/rel_mov_j_user__type_support.cpp.o[0m
[16.514s] [ 25%] [32mBuilding CXX object CMakeFiles/dobot_msgs_v4__rosidl_typesupport_c.dir/rosidl_typesupport_c/dobot_msgs_v4/srv/rel_mov_l_user__type_support.cpp.o[0m
[16.515s] [ 25%] [32mBuilding CXX object CMakeFiles/dobot_msgs_v4__rosidl_typesupport_c.dir/rosidl_typesupport_c/dobot_msgs_v4/srv/get_current_command_id__type_support.cpp.o[0m
[16.516s] [ 25%] [32mBuilding CXX object CMakeFiles/dobot_msgs_v4__rosidl_typesupport_c.dir/rosidl_typesupport_c/dobot_msgs_v4/srv/servo_j__type_support.cpp.o[0m
[16.528s] [ 25%] [32mBuilding CXX object CMakeFiles/dobot_msgs_v4__rosidl_typesupport_c.dir/rosidl_typesupport_c/dobot_msgs_v4/srv/servo_p__type_support.cpp.o[0m
[16.539s] [ 25%] [32mBuilding CXX object CMakeFiles/dobot_msgs_v4__rosidl_typesupport_c.dir/rosidl_typesupport_c/dobot_msgs_v4/srv/tcp_dashboard__type_support.cpp.o[0m
[16.543s] [ 25%] [32mBuilding CXX object CMakeFiles/dobot_msgs_v4__rosidl_typesupport_c.dir/rosidl_typesupport_c/dobot_msgs_v4/srv/enable_ft_sensor__type_support.cpp.o[0m
[16.543s] [ 25%] [32mBuilding CXX object CMakeFiles/dobot_msgs_v4__rosidl_typesupport_c.dir/rosidl_typesupport_c/dobot_msgs_v4/srv/six_force_home__type_support.cpp.o[0m
[16.546s] [ 25%] [32mBuilding CXX object CMakeFiles/dobot_msgs_v4__rosidl_typesupport_c.dir/rosidl_typesupport_c/dobot_msgs_v4/srv/get_force__type_support.cpp.o[0m
[16.547s] [ 25%] [32mBuilding CXX object CMakeFiles/dobot_msgs_v4__rosidl_typesupport_c.dir/rosidl_typesupport_c/dobot_msgs_v4/srv/force_drive_mode__type_support.cpp.o[0m
[16.553s] [ 25%] [32mBuilding CXX object CMakeFiles/dobot_msgs_v4__rosidl_typesupport_c.dir/rosidl_typesupport_c/dobot_msgs_v4/srv/force_drive_speed__type_support.cpp.o[0m
[16.563s] [ 25%] [32mBuilding CXX object CMakeFiles/dobot_msgs_v4__rosidl_typesupport_c.dir/rosidl_typesupport_c/dobot_msgs_v4/srv/fc_force_mode__type_support.cpp.o[0m
[16.567s] [ 25%] [32mBuilding CXX object CMakeFiles/dobot_msgs_v4__rosidl_typesupport_c.dir/rosidl_typesupport_c/dobot_msgs_v4/srv/fc_set_deviation__type_support.cpp.o[0m
[16.572s] [ 26%] [32mBuilding CXX object CMakeFiles/dobot_msgs_v4__rosidl_typesupport_c.dir/rosidl_typesupport_c/dobot_msgs_v4/srv/fc_set_force_limit__type_support.cpp.o[0m
[16.586s] [ 26%] [32mBuilding CXX object CMakeFiles/dobot_msgs_v4__rosidl_typesupport_c.dir/rosidl_typesupport_c/dobot_msgs_v4/srv/fc_set_stiffness__type_support.cpp.o[0m
[16.586s] [ 26%] [32mBuilding CXX object CMakeFiles/dobot_msgs_v4__rosidl_typesupport_c.dir/rosidl_typesupport_c/dobot_msgs_v4/srv/fc_set_mass__type_support.cpp.o[0m
[16.588s] [ 26%] [32mBuilding CXX object CMakeFiles/dobot_msgs_v4__rosidl_typesupport_c.dir/rosidl_typesupport_c/dobot_msgs_v4/srv/fc_set_damping__type_support.cpp.o[0m
[16.589s] [ 26%] [32mBuilding CXX object CMakeFiles/dobot_msgs_v4__rosidl_typesupport_c.dir/rosidl_typesupport_c/dobot_msgs_v4/srv/fc_off__type_support.cpp.o[0m
[16.594s] [ 26%] [32mBuilding CXX object CMakeFiles/dobot_msgs_v4__rosidl_typesupport_c.dir/rosidl_typesupport_c/dobot_msgs_v4/srv/fc_set_force_speed_limit__type_support.cpp.o[0m
[16.600s] [ 26%] [32mBuilding CXX object CMakeFiles/dobot_msgs_v4__rosidl_typesupport_c.dir/rosidl_typesupport_c/dobot_msgs_v4/srv/fc_set_force__type_support.cpp.o[0m
[16.606s] [ 26%] [32mBuilding CXX object CMakeFiles/dobot_msgs_v4__rosidl_typesupport_c.dir/rosidl_typesupport_c/dobot_msgs_v4/srv/set_fc_collision__type_support.cpp.o[0m
[16.611s] [ 26%] [32mBuilding CXX object CMakeFiles/dobot_msgs_v4__rosidl_typesupport_c.dir/rosidl_typesupport_c/dobot_msgs_v4/srv/fc_collision_switch__type_support.cpp.o[0m
[16.616s] [ 26%] [32mBuilding CXX object CMakeFiles/dobot_msgs_v4__rosidl_typesupport_c.dir/rosidl_typesupport_c/dobot_msgs_v4/srv/set_work_zone_enable__type_support.cpp.o[0m
[16.620s] [ 27%] [32mBuilding CXX object CMakeFiles/dobot_msgs_v4__rosidl_typesupport_c.dir/rosidl_typesupport_c/dobot_msgs_v4/srv/get_tool_do__type_support.cpp.o[0m
[16.622s] [ 27%] [32mBuilding CXX object CMakeFiles/dobot_msgs_v4__rosidl_typesupport_c.dir/rosidl_typesupport_c/dobot_msgs_v4/srv/reset_robot__type_support.cpp.o[0m
[16.631s] [ 27%] [32mBuilding CXX object CMakeFiles/dobot_msgs_v4__rosidl_typesupport_c.dir/rosidl_typesupport_c/dobot_msgs_v4/srv/start_rt_offset__type_support.cpp.o[0m
[16.636s] [ 27%] [32mBuilding CXX object CMakeFiles/dobot_msgs_v4__rosidl_typesupport_c.dir/rosidl_typesupport_c/dobot_msgs_v4/srv/run_to__type_support.cpp.o[0m
[16.640s] [ 27%] [32mBuilding CXX object CMakeFiles/dobot_msgs_v4__rosidl_typesupport_c.dir/rosidl_typesupport_c/dobot_msgs_v4/srv/end_rt_offset__type_support.cpp.o[0m
[16.658s] [ 27%] [32mBuilding CXX object CMakeFiles/dobot_msgs_v4__rosidl_typesupport_c.dir/rosidl_typesupport_c/dobot_msgs_v4/srv/do_group_dec__type_support.cpp.o[0m
[16.658s] [ 27%] [32mBuilding CXX object CMakeFiles/dobot_msgs_v4__rosidl_typesupport_c.dir/rosidl_typesupport_c/dobot_msgs_v4/srv/get_error__type_support.cpp.o[0m
[16.659s] [ 27%] [32mBuilding CXX object CMakeFiles/dobot_msgs_v4__rosidl_typesupport_c.dir/rosidl_typesupport_c/dobot_msgs_v4/srv/di_group_dec__type_support.cpp.o[0m
[16.660s] [ 27%] [32mBuilding CXX object CMakeFiles/dobot_msgs_v4__rosidl_typesupport_c.dir/rosidl_typesupport_c/dobot_msgs_v4/srv/get_do_group_dec__type_support.cpp.o[0m
[16.665s] [ 27%] [32mBuilding CXX object CMakeFiles/dobot_msgs_v4__rosidl_typesupport_c.dir/rosidl_typesupport_c/dobot_msgs_v4/srv/request_control__type_support.cpp.o[0m
[16.665s] [ 28%] [32mBuilding CXX object CMakeFiles/dobot_msgs_v4__rosidl_typesupport_c.dir/rosidl_typesupport_c/dobot_msgs_v4/srv/check_odd_mov_l__type_support.cpp.o[0m
[16.672s] [ 28%] [32mBuilding CXX object CMakeFiles/dobot_msgs_v4__rosidl_typesupport_c.dir/rosidl_typesupport_c/dobot_msgs_v4/srv/check_odd_mov_j__type_support.cpp.o[0m
[16.675s] [ 28%] [32mBuilding CXX object CMakeFiles/dobot_msgs_v4__rosidl_typesupport_c.dir/rosidl_typesupport_c/dobot_msgs_v4/srv/check_odd_mov_c__type_support.cpp.o[0m
[16.718s] [ 28%] [32m[1mLinking CXX shared library libdobot_msgs_v4__rosidl_typesupport_c.so[0m
[16.725s] [ 28%] [32mBuilding CXX object CMakeFiles/dobot_msgs_v4__rosidl_typesupport_cpp.dir/rosidl_typesupport_cpp/dobot_msgs_v4/msg/robot_status__type_support.cpp.o[0m
[16.725s] [ 28%] [32mBuilding CXX object CMakeFiles/dobot_msgs_v4__rosidl_typesupport_cpp.dir/rosidl_typesupport_cpp/dobot_msgs_v4/srv/enable_robot__type_support.cpp.o[0m
[16.727s] [ 28%] [32mBuilding CXX object CMakeFiles/dobot_msgs_v4__rosidl_typesupport_cpp.dir/rosidl_typesupport_cpp/dobot_msgs_v4/srv/speed_factor__type_support.cpp.o[0m
[16.727s] [ 28%] [32mBuilding CXX object CMakeFiles/dobot_msgs_v4__rosidl_typesupport_cpp.dir/rosidl_typesupport_cpp/dobot_msgs_v4/msg/tool_vector_actual__type_support.cpp.o[0m
[16.730s] [ 28%] [32mBuilding CXX object CMakeFiles/dobot_msgs_v4__rosidl_typesupport_cpp.dir/rosidl_typesupport_cpp/dobot_msgs_v4/srv/disable_robot__type_support.cpp.o[0m
[16.731s] [ 29%] [32mBuilding CXX object CMakeFiles/dobot_msgs_v4__rosidl_typesupport_cpp.dir/rosidl_typesupport_cpp/dobot_msgs_v4/srv/clear_error__type_support.cpp.o[0m
[16.732s] [ 29%] [32mBuilding CXX object CMakeFiles/dobot_msgs_v4__rosidl_typesupport_cpp.dir/rosidl_typesupport_cpp/dobot_msgs_v4/srv/robot_mode__type_support.cpp.o[0m
[16.732s] [ 29%] [32mBuilding CXX object CMakeFiles/dobot_msgs_v4__rosidl_typesupport_cpp.dir/rosidl_typesupport_cpp/dobot_msgs_v4/srv/user__type_support.cpp.o[0m
[16.734s] [ 29%] [32mBuilding CXX object CMakeFiles/dobot_msgs_v4__rosidl_typesupport_cpp.dir/rosidl_typesupport_cpp/dobot_msgs_v4/srv/tool__type_support.cpp.o[0m
[16.741s] [ 29%] [32mBuilding CXX object CMakeFiles/dobot_msgs_v4__rosidl_typesupport_cpp.dir/rosidl_typesupport_cpp/dobot_msgs_v4/srv/set_payload__type_support.cpp.o[0m
[16.768s] [ 29%] [32mBuilding CXX object CMakeFiles/dobot_msgs_v4__rosidl_typesupport_cpp.dir/rosidl_typesupport_cpp/dobot_msgs_v4/srv/do__type_support.cpp.o[0m
[16.833s] [ 29%] Built target dobot_msgs_v4__rosidl_typesupport_c
[16.846s] [ 29%] [32mBuilding CXX object CMakeFiles/dobot_msgs_v4__rosidl_typesupport_cpp.dir/rosidl_typesupport_cpp/dobot_msgs_v4/srv/do_instant__type_support.cpp.o[0m
[17.163s] [ 29%] [32mBuilding CXX object CMakeFiles/dobot_msgs_v4__rosidl_typesupport_cpp.dir/rosidl_typesupport_cpp/dobot_msgs_v4/srv/tool_do_instant__type_support.cpp.o[0m
[17.163s] [ 29%] [32mBuilding CXX object CMakeFiles/dobot_msgs_v4__rosidl_typesupport_cpp.dir/rosidl_typesupport_cpp/dobot_msgs_v4/srv/tool_do__type_support.cpp.o[0m
[17.169s] [ 30%] [32mBuilding CXX object CMakeFiles/dobot_msgs_v4__rosidl_typesupport_cpp.dir/rosidl_typesupport_cpp/dobot_msgs_v4/srv/ao__type_support.cpp.o[0m
[17.182s] [ 30%] [32mBuilding CXX object CMakeFiles/dobot_msgs_v4__rosidl_typesupport_cpp.dir/rosidl_typesupport_cpp/dobot_msgs_v4/srv/ao_instant__type_support.cpp.o[0m
[17.182s] [ 30%] [32mBuilding CXX object CMakeFiles/dobot_msgs_v4__rosidl_typesupport_cpp.dir/rosidl_typesupport_cpp/dobot_msgs_v4/srv/acc_j__type_support.cpp.o[0m
[17.189s] [ 30%] [32mBuilding CXX object CMakeFiles/dobot_msgs_v4__rosidl_typesupport_cpp.dir/rosidl_typesupport_cpp/dobot_msgs_v4/srv/acc_l__type_support.cpp.o[0m
[17.194s] [ 30%] [32mBuilding CXX object CMakeFiles/dobot_msgs_v4__rosidl_typesupport_cpp.dir/rosidl_typesupport_cpp/dobot_msgs_v4/srv/vel_j__type_support.cpp.o[0m
[17.208s] [ 30%] [32mBuilding CXX object CMakeFiles/dobot_msgs_v4__rosidl_typesupport_cpp.dir/rosidl_typesupport_cpp/dobot_msgs_v4/srv/vel_l__type_support.cpp.o[0m
[17.244s] [ 30%] [32mBuilding CXX object CMakeFiles/dobot_msgs_v4__rosidl_typesupport_cpp.dir/rosidl_typesupport_cpp/dobot_msgs_v4/srv/cp__type_support.cpp.o[0m
[17.247s] [ 30%] [32mBuilding CXX object CMakeFiles/dobot_msgs_v4__rosidl_typesupport_cpp.dir/rosidl_typesupport_cpp/dobot_msgs_v4/srv/power_on__type_support.cpp.o[0m
[17.305s] [ 30%] [32mBuilding CXX object CMakeFiles/dobot_msgs_v4__rosidl_typesupport_cpp.dir/rosidl_typesupport_cpp/dobot_msgs_v4/srv/run_script__type_support.cpp.o[0m
[17.307s] [ 30%] [32mBuilding CXX object CMakeFiles/dobot_msgs_v4__rosidl_typesupport_cpp.dir/rosidl_typesupport_cpp/dobot_msgs_v4/srv/stop__type_support.cpp.o[0m
[17.605s] [ 30%] [32mBuilding CXX object CMakeFiles/dobot_msgs_v4__rosidl_typesupport_cpp.dir/rosidl_typesupport_cpp/dobot_msgs_v4/srv/continue__type_support.cpp.o[0m
[17.605s] [ 31%] [32mBuilding CXX object CMakeFiles/dobot_msgs_v4__rosidl_typesupport_cpp.dir/rosidl_typesupport_cpp/dobot_msgs_v4/srv/pause__type_support.cpp.o[0m
[17.615s] [ 31%] [32mBuilding CXX object CMakeFiles/dobot_msgs_v4__rosidl_typesupport_cpp.dir/rosidl_typesupport_cpp/dobot_msgs_v4/srv/positive_kin__type_support.cpp.o[0m
[17.623s] [ 31%] [32mBuilding CXX object CMakeFiles/dobot_msgs_v4__rosidl_typesupport_cpp.dir/rosidl_typesupport_cpp/dobot_msgs_v4/srv/inverse_kin__type_support.cpp.o[0m
[17.623s] [ 31%] [32mBuilding CXX object CMakeFiles/dobot_msgs_v4__rosidl_typesupport_cpp.dir/rosidl_typesupport_cpp/dobot_msgs_v4/srv/set_collision_level__type_support.cpp.o[0m
[17.631s] [ 31%] [32mBuilding CXX object CMakeFiles/dobot_msgs_v4__rosidl_typesupport_cpp.dir/rosidl_typesupport_cpp/dobot_msgs_v4/srv/get_angle__type_support.cpp.o[0m
[17.646s] [ 31%] [32mBuilding CXX object CMakeFiles/dobot_msgs_v4__rosidl_typesupport_cpp.dir/rosidl_typesupport_cpp/dobot_msgs_v4/srv/get_pose__type_support.cpp.o[0m
[17.653s] [ 31%] [32mBuilding CXX object CMakeFiles/dobot_msgs_v4__rosidl_typesupport_cpp.dir/rosidl_typesupport_cpp/dobot_msgs_v4/srv/emergency_stop__type_support.cpp.o[0m
[17.687s] [ 31%] [32mBuilding CXX object CMakeFiles/dobot_msgs_v4__rosidl_typesupport_cpp.dir/rosidl_typesupport_cpp/dobot_msgs_v4/srv/modbus_rtu_create__type_support.cpp.o[0m
[17.714s] [ 31%] [32mBuilding CXX object CMakeFiles/dobot_msgs_v4__rosidl_typesupport_cpp.dir/rosidl_typesupport_cpp/dobot_msgs_v4/srv/modbus_create__type_support.cpp.o[0m
[17.742s] [ 31%] [32mBuilding CXX object CMakeFiles/dobot_msgs_v4__rosidl_typesupport_cpp.dir/rosidl_typesupport_cpp/dobot_msgs_v4/srv/modbus_close__type_support.cpp.o[0m
[17.770s] [ 32%] [32mBuilding CXX object CMakeFiles/dobot_msgs_v4__rosidl_typesupport_cpp.dir/rosidl_typesupport_cpp/dobot_msgs_v4/srv/get_in_bits__type_support.cpp.o[0m
[18.036s] [ 32%] [32mBuilding CXX object CMakeFiles/dobot_msgs_v4__rosidl_typesupport_cpp.dir/rosidl_typesupport_cpp/dobot_msgs_v4/srv/get_in_regs__type_support.cpp.o[0m
[18.047s] [ 32%] [32mBuilding CXX object CMakeFiles/dobot_msgs_v4__rosidl_typesupport_cpp.dir/rosidl_typesupport_cpp/dobot_msgs_v4/srv/get_coils__type_support.cpp.o[0m
[18.052s] [ 32%] [32mBuilding CXX object CMakeFiles/dobot_msgs_v4__rosidl_typesupport_cpp.dir/rosidl_typesupport_cpp/dobot_msgs_v4/srv/get_hold_regs__type_support.cpp.o[0m
[18.054s] [ 32%] [32mBuilding CXX object CMakeFiles/dobot_msgs_v4__rosidl_typesupport_cpp.dir/rosidl_typesupport_cpp/dobot_msgs_v4/srv/set_coils__type_support.cpp.o[0m
[18.055s] [ 32%] [32mBuilding CXX object CMakeFiles/dobot_msgs_v4__rosidl_typesupport_cpp.dir/rosidl_typesupport_cpp/dobot_msgs_v4/srv/set_hold_regs__type_support.cpp.o[0m
[18.070s] [ 32%] [32mBuilding CXX object CMakeFiles/dobot_msgs_v4__rosidl_typesupport_cpp.dir/rosidl_typesupport_cpp/dobot_msgs_v4/srv/set_safe_skin__type_support.cpp.o[0m
[18.079s] [ 32%] [32mBuilding CXX object CMakeFiles/dobot_msgs_v4__rosidl_typesupport_cpp.dir/rosidl_typesupport_cpp/dobot_msgs_v4/srv/mov_j__type_support.cpp.o[0m
[18.129s] [ 32%] [32mBuilding CXX object CMakeFiles/dobot_msgs_v4__rosidl_typesupport_cpp.dir/rosidl_typesupport_cpp/dobot_msgs_v4/srv/mov_l__type_support.cpp.o[0m
[18.156s] [ 32%] [32mBuilding CXX object CMakeFiles/dobot_msgs_v4__rosidl_typesupport_cpp.dir/rosidl_typesupport_cpp/dobot_msgs_v4/srv/rel_joint_mov_j__type_support.cpp.o[0m
[18.174s] [ 33%] [32mBuilding CXX object CMakeFiles/dobot_msgs_v4__rosidl_typesupport_cpp.dir/rosidl_typesupport_cpp/dobot_msgs_v4/srv/move_jog__type_support.cpp.o[0m
[18.202s] [ 33%] [32mBuilding CXX object CMakeFiles/dobot_msgs_v4__rosidl_typesupport_cpp.dir/rosidl_typesupport_cpp/dobot_msgs_v4/srv/stop_move_jog__type_support.cpp.o[0m
[18.223s] [ 33%] [32mBuilding CXX object CMakeFiles/dobot_msgs_v4__rosidl_typesupport_cpp.dir/rosidl_typesupport_cpp/dobot_msgs_v4/srv/do_group__type_support.cpp.o[0m
[18.476s] [ 33%] [32mBuilding CXX object CMakeFiles/dobot_msgs_v4__rosidl_typesupport_cpp.dir/rosidl_typesupport_cpp/dobot_msgs_v4/srv/brake_control__type_support.cpp.o[0m
[18.480s] [ 33%] [32mBuilding CXX object CMakeFiles/dobot_msgs_v4__rosidl_typesupport_cpp.dir/rosidl_typesupport_cpp/dobot_msgs_v4/srv/start_drag__type_support.cpp.o[0m
[18.486s] [ 33%] [32mBuilding CXX object CMakeFiles/dobot_msgs_v4__rosidl_typesupport_cpp.dir/rosidl_typesupport_cpp/dobot_msgs_v4/srv/enable_safe_skin__type_support.cpp.o[0m
[18.490s] [ 33%] [32mBuilding CXX object CMakeFiles/dobot_msgs_v4__rosidl_typesupport_cpp.dir/rosidl_typesupport_cpp/dobot_msgs_v4/srv/get_start_pose__type_support.cpp.o[0m
[18.501s] [ 33%] [32mBuilding CXX object CMakeFiles/dobot_msgs_v4__rosidl_typesupport_cpp.dir/rosidl_typesupport_cpp/dobot_msgs_v4/srv/start_path__type_support.cpp.o[0m
[18.508s] [ 33%] [32mBuilding CXX object CMakeFiles/dobot_msgs_v4__rosidl_typesupport_cpp.dir/rosidl_typesupport_cpp/dobot_msgs_v4/srv/inverse_solution__type_support.cpp.o[0m
[18.523s] [ 33%] [32mBuilding CXX object CMakeFiles/dobot_msgs_v4__rosidl_typesupport_cpp.dir/rosidl_typesupport_cpp/dobot_msgs_v4/srv/get_error_id__type_support.cpp.o[0m
[18.575s] [ 34%] [32mBuilding CXX object CMakeFiles/dobot_msgs_v4__rosidl_typesupport_cpp.dir/rosidl_typesupport_cpp/dobot_msgs_v4/srv/di__type_support.cpp.o[0m
[18.587s] [ 34%] [32mBuilding CXX object CMakeFiles/dobot_msgs_v4__rosidl_typesupport_cpp.dir/rosidl_typesupport_cpp/dobot_msgs_v4/srv/tool_di__type_support.cpp.o[0m
[18.623s] [ 34%] [32mBuilding CXX object CMakeFiles/dobot_msgs_v4__rosidl_typesupport_cpp.dir/rosidl_typesupport_cpp/dobot_msgs_v4/srv/ai__type_support.cpp.o[0m
[18.635s] [ 34%] [32mBuilding CXX object CMakeFiles/dobot_msgs_v4__rosidl_typesupport_cpp.dir/rosidl_typesupport_cpp/dobot_msgs_v4/srv/tool_ai__type_support.cpp.o[0m
[18.726s] [ 34%] [32mBuilding CXX object CMakeFiles/dobot_msgs_v4__rosidl_typesupport_cpp.dir/rosidl_typesupport_cpp/dobot_msgs_v4/srv/di_group__type_support.cpp.o[0m
[18.895s] [ 34%] [32mBuilding CXX object CMakeFiles/dobot_msgs_v4__rosidl_typesupport_cpp.dir/rosidl_typesupport_cpp/dobot_msgs_v4/srv/stop_drag__type_support.cpp.o[0m
[18.931s] [ 34%] [32mBuilding CXX object CMakeFiles/dobot_msgs_v4__rosidl_typesupport_cpp.dir/rosidl_typesupport_cpp/dobot_msgs_v4/srv/drag_sensivity__type_support.cpp.o[0m
[18.931s] [ 34%] [32mBuilding CXX object CMakeFiles/dobot_msgs_v4__rosidl_typesupport_cpp.dir/rosidl_typesupport_cpp/dobot_msgs_v4/srv/get_do__type_support.cpp.o[0m
[18.947s] [ 34%] [32mBuilding CXX object CMakeFiles/dobot_msgs_v4__rosidl_typesupport_cpp.dir/rosidl_typesupport_cpp/dobot_msgs_v4/srv/get_ao__type_support.cpp.o[0m
[18.965s] [ 34%] [32mBuilding CXX object CMakeFiles/dobot_msgs_v4__rosidl_typesupport_cpp.dir/rosidl_typesupport_cpp/dobot_msgs_v4/srv/get_do_group__type_support.cpp.o[0m
[18.969s] [ 34%] [32mBuilding CXX object CMakeFiles/dobot_msgs_v4__rosidl_typesupport_cpp.dir/rosidl_typesupport_cpp/dobot_msgs_v4/srv/set_tool485__type_support.cpp.o[0m
[18.998s] [ 35%] [32mBuilding CXX object CMakeFiles/dobot_msgs_v4__rosidl_typesupport_cpp.dir/rosidl_typesupport_cpp/dobot_msgs_v4/srv/set_safe_wall_enable__type_support.cpp.o[0m
[19.025s] [ 35%] [32mBuilding CXX object CMakeFiles/dobot_msgs_v4__rosidl_typesupport_cpp.dir/rosidl_typesupport_cpp/dobot_msgs_v4/srv/set_tool_power__type_support.cpp.o[0m
[19.052s] [ 35%] [32mBuilding CXX object CMakeFiles/dobot_msgs_v4__rosidl_typesupport_cpp.dir/rosidl_typesupport_cpp/dobot_msgs_v4/srv/set_tool_mode__type_support.cpp.o[0m
[19.067s] [ 35%] [32mBuilding CXX object CMakeFiles/dobot_msgs_v4__rosidl_typesupport_cpp.dir/rosidl_typesupport_cpp/dobot_msgs_v4/srv/set_back_distance__type_support.cpp.o[0m
[19.082s] [ 35%] [32mBuilding CXX object CMakeFiles/dobot_msgs_v4__rosidl_typesupport_cpp.dir/rosidl_typesupport_cpp/dobot_msgs_v4/srv/set_post_collision_mode__type_support.cpp.o[0m
[19.155s] [ 35%] [32mBuilding CXX object CMakeFiles/dobot_msgs_v4__rosidl_typesupport_cpp.dir/rosidl_typesupport_cpp/dobot_msgs_v4/srv/set_user__type_support.cpp.o[0m
[19.316s] [ 35%] [32mBuilding CXX object CMakeFiles/dobot_msgs_v4__rosidl_typesupport_cpp.dir/rosidl_typesupport_cpp/dobot_msgs_v4/srv/set_tool__type_support.cpp.o[0m
[19.356s] [ 35%] [32mBuilding CXX object CMakeFiles/dobot_msgs_v4__rosidl_typesupport_cpp.dir/rosidl_typesupport_cpp/dobot_msgs_v4/srv/calc_user__type_support.cpp.o[0m
[19.357s] [ 35%] [32mBuilding CXX object CMakeFiles/dobot_msgs_v4__rosidl_typesupport_cpp.dir/rosidl_typesupport_cpp/dobot_msgs_v4/srv/calc_tool__type_support.cpp.o[0m
[19.391s] [ 35%] [32mBuilding CXX object CMakeFiles/dobot_msgs_v4__rosidl_typesupport_cpp.dir/rosidl_typesupport_cpp/dobot_msgs_v4/srv/get_input_bool__type_support.cpp.o[0m
[19.398s] [ 36%] [32mBuilding CXX object CMakeFiles/dobot_msgs_v4__rosidl_typesupport_cpp.dir/rosidl_typesupport_cpp/dobot_msgs_v4/srv/get_input_int__type_support.cpp.o[0m
[19.454s] [ 36%] [32mBuilding CXX object CMakeFiles/dobot_msgs_v4__rosidl_typesupport_cpp.dir/rosidl_typesupport_cpp/dobot_msgs_v4/srv/get_input_float__type_support.cpp.o[0m
[19.463s] [ 36%] [32mBuilding CXX object CMakeFiles/dobot_msgs_v4__rosidl_typesupport_cpp.dir/rosidl_typesupport_cpp/dobot_msgs_v4/srv/get_output_bool__type_support.cpp.o[0m
[19.473s] [ 36%] [32mBuilding CXX object CMakeFiles/dobot_msgs_v4__rosidl_typesupport_cpp.dir/rosidl_typesupport_cpp/dobot_msgs_v4/srv/get_output_int__type_support.cpp.o[0m
[19.500s] [ 36%] [32mBuilding CXX object CMakeFiles/dobot_msgs_v4__rosidl_typesupport_cpp.dir/rosidl_typesupport_cpp/dobot_msgs_v4/srv/get_output_float__type_support.cpp.o[0m
[19.530s] [ 36%] [32mBuilding CXX object CMakeFiles/dobot_msgs_v4__rosidl_typesupport_cpp.dir/rosidl_typesupport_cpp/dobot_msgs_v4/srv/set_output_bool__type_support.cpp.o[0m
[19.579s] [ 36%] [32mBuilding CXX object CMakeFiles/dobot_msgs_v4__rosidl_typesupport_cpp.dir/rosidl_typesupport_cpp/dobot_msgs_v4/srv/set_output_int__type_support.cpp.o[0m
[19.595s] [ 36%] [32mBuilding CXX object CMakeFiles/dobot_msgs_v4__rosidl_typesupport_cpp.dir/rosidl_typesupport_cpp/dobot_msgs_v4/srv/set_output_float__type_support.cpp.o[0m
[19.780s] [ 36%] [32mBuilding CXX object CMakeFiles/dobot_msgs_v4__rosidl_typesupport_cpp.dir/rosidl_typesupport_cpp/dobot_msgs_v4/srv/mov_lio__type_support.cpp.o[0m
[19.806s] [ 36%] [32mBuilding CXX object CMakeFiles/dobot_msgs_v4__rosidl_typesupport_cpp.dir/rosidl_typesupport_cpp/dobot_msgs_v4/srv/mov_jio__type_support.cpp.o[0m
[19.810s] [ 37%] [32mBuilding CXX object CMakeFiles/dobot_msgs_v4__rosidl_typesupport_cpp.dir/rosidl_typesupport_cpp/dobot_msgs_v4/srv/arc__type_support.cpp.o[0m
[19.828s] [ 37%] [32mBuilding CXX object CMakeFiles/dobot_msgs_v4__rosidl_typesupport_cpp.dir/rosidl_typesupport_cpp/dobot_msgs_v4/srv/circle__type_support.cpp.o[0m
[19.846s] [ 37%] [32mBuilding CXX object CMakeFiles/dobot_msgs_v4__rosidl_typesupport_cpp.dir/rosidl_typesupport_cpp/dobot_msgs_v4/srv/rel_mov_j_tool__type_support.cpp.o[0m
[19.891s] [ 37%] [32mBuilding CXX object CMakeFiles/dobot_msgs_v4__rosidl_typesupport_cpp.dir/rosidl_typesupport_cpp/dobot_msgs_v4/srv/rel_mov_l_tool__type_support.cpp.o[0m
[19.895s] [ 37%] [32mBuilding CXX object CMakeFiles/dobot_msgs_v4__rosidl_typesupport_cpp.dir/rosidl_typesupport_cpp/dobot_msgs_v4/srv/rel_mov_j_user__type_support.cpp.o[0m
[19.908s] [ 37%] [32mBuilding CXX object CMakeFiles/dobot_msgs_v4__rosidl_typesupport_cpp.dir/rosidl_typesupport_cpp/dobot_msgs_v4/srv/rel_mov_l_user__type_support.cpp.o[0m
[19.949s] [ 37%] [32mBuilding CXX object CMakeFiles/dobot_msgs_v4__rosidl_typesupport_cpp.dir/rosidl_typesupport_cpp/dobot_msgs_v4/srv/get_current_command_id__type_support.cpp.o[0m
[20.020s] [ 37%] [32mBuilding CXX object CMakeFiles/dobot_msgs_v4__rosidl_typesupport_cpp.dir/rosidl_typesupport_cpp/dobot_msgs_v4/srv/servo_j__type_support.cpp.o[0m
[20.050s] [ 37%] [32mBuilding CXX object CMakeFiles/dobot_msgs_v4__rosidl_typesupport_cpp.dir/rosidl_typesupport_cpp/dobot_msgs_v4/srv/servo_p__type_support.cpp.o[0m
[20.081s] [ 37%] [32mBuilding CXX object CMakeFiles/dobot_msgs_v4__rosidl_typesupport_cpp.dir/rosidl_typesupport_cpp/dobot_msgs_v4/srv/tcp_dashboard__type_support.cpp.o[0m
[20.227s] [ 37%] [32mBuilding CXX object CMakeFiles/dobot_msgs_v4__rosidl_typesupport_cpp.dir/rosidl_typesupport_cpp/dobot_msgs_v4/srv/enable_ft_sensor__type_support.cpp.o[0m
[20.265s] [ 38%] [32mBuilding CXX object CMakeFiles/dobot_msgs_v4__rosidl_typesupport_cpp.dir/rosidl_typesupport_cpp/dobot_msgs_v4/srv/six_force_home__type_support.cpp.o[0m
[20.271s] [ 38%] [32mBuilding CXX object CMakeFiles/dobot_msgs_v4__rosidl_typesupport_cpp.dir/rosidl_typesupport_cpp/dobot_msgs_v4/srv/get_force__type_support.cpp.o[0m
[20.279s] [ 38%] [32mBuilding CXX object CMakeFiles/dobot_msgs_v4__rosidl_typesupport_cpp.dir/rosidl_typesupport_cpp/dobot_msgs_v4/srv/force_drive_mode__type_support.cpp.o[0m
[20.279s] [ 38%] [32mBuilding CXX object CMakeFiles/dobot_msgs_v4__rosidl_typesupport_cpp.dir/rosidl_typesupport_cpp/dobot_msgs_v4/srv/force_drive_speed__type_support.cpp.o[0m
[20.339s] [ 38%] [32mBuilding CXX object CMakeFiles/dobot_msgs_v4__rosidl_typesupport_cpp.dir/rosidl_typesupport_cpp/dobot_msgs_v4/srv/fc_force_mode__type_support.cpp.o[0m
[20.372s] [ 38%] [32mBuilding CXX object CMakeFiles/dobot_msgs_v4__rosidl_typesupport_cpp.dir/rosidl_typesupport_cpp/dobot_msgs_v4/srv/fc_set_deviation__type_support.cpp.o[0m
[20.373s] [ 38%] [32mBuilding CXX object CMakeFiles/dobot_msgs_v4__rosidl_typesupport_cpp.dir/rosidl_typesupport_cpp/dobot_msgs_v4/srv/fc_set_force_limit__type_support.cpp.o[0m
[20.445s] [ 38%] [32mBuilding CXX object CMakeFiles/dobot_msgs_v4__rosidl_typesupport_cpp.dir/rosidl_typesupport_cpp/dobot_msgs_v4/srv/fc_set_mass__type_support.cpp.o[0m
[20.468s] [ 38%] [32mBuilding CXX object CMakeFiles/dobot_msgs_v4__rosidl_typesupport_cpp.dir/rosidl_typesupport_cpp/dobot_msgs_v4/srv/fc_set_stiffness__type_support.cpp.o[0m
[20.524s] [ 38%] [32mBuilding CXX object CMakeFiles/dobot_msgs_v4__rosidl_typesupport_cpp.dir/rosidl_typesupport_cpp/dobot_msgs_v4/srv/fc_set_damping__type_support.cpp.o[0m
[20.539s] [ 39%] [32mBuilding CXX object CMakeFiles/dobot_msgs_v4__rosidl_typesupport_cpp.dir/rosidl_typesupport_cpp/dobot_msgs_v4/srv/fc_off__type_support.cpp.o[0m
[20.685s] [ 39%] [32mBuilding CXX object CMakeFiles/dobot_msgs_v4__rosidl_typesupport_cpp.dir/rosidl_typesupport_cpp/dobot_msgs_v4/srv/fc_set_force_speed_limit__type_support.cpp.o[0m
[20.693s] [ 39%] [32mBuilding CXX object CMakeFiles/dobot_msgs_v4__rosidl_typesupport_cpp.dir/rosidl_typesupport_cpp/dobot_msgs_v4/srv/fc_set_force__type_support.cpp.o[0m
[20.705s] [ 39%] [32mBuilding CXX object CMakeFiles/dobot_msgs_v4__rosidl_typesupport_cpp.dir/rosidl_typesupport_cpp/dobot_msgs_v4/srv/set_fc_collision__type_support.cpp.o[0m
[20.708s] [ 39%] [32mBuilding CXX object CMakeFiles/dobot_msgs_v4__rosidl_typesupport_cpp.dir/rosidl_typesupport_cpp/dobot_msgs_v4/srv/fc_collision_switch__type_support.cpp.o[0m
[20.729s] [ 39%] [32mBuilding CXX object CMakeFiles/dobot_msgs_v4__rosidl_typesupport_cpp.dir/rosidl_typesupport_cpp/dobot_msgs_v4/srv/set_work_zone_enable__type_support.cpp.o[0m
[20.771s] [ 39%] [32mBuilding CXX object CMakeFiles/dobot_msgs_v4__rosidl_typesupport_cpp.dir/rosidl_typesupport_cpp/dobot_msgs_v4/srv/get_tool_do__type_support.cpp.o[0m
[20.827s] [ 39%] [32mBuilding CXX object CMakeFiles/dobot_msgs_v4__rosidl_typesupport_cpp.dir/rosidl_typesupport_cpp/dobot_msgs_v4/srv/reset_robot__type_support.cpp.o[0m
[20.829s] [ 39%] [32mBuilding CXX object CMakeFiles/dobot_msgs_v4__rosidl_typesupport_cpp.dir/rosidl_typesupport_cpp/dobot_msgs_v4/srv/run_to__type_support.cpp.o[0m
[20.903s] [ 39%] [32mBuilding CXX object CMakeFiles/dobot_msgs_v4__rosidl_typesupport_cpp.dir/rosidl_typesupport_cpp/dobot_msgs_v4/srv/start_rt_offset__type_support.cpp.o[0m
[20.944s] [ 40%] [32mBuilding CXX object CMakeFiles/dobot_msgs_v4__rosidl_typesupport_cpp.dir/rosidl_typesupport_cpp/dobot_msgs_v4/srv/end_rt_offset__type_support.cpp.o[0m
[20.989s] [ 40%] [32mBuilding CXX object CMakeFiles/dobot_msgs_v4__rosidl_typesupport_cpp.dir/rosidl_typesupport_cpp/dobot_msgs_v4/srv/get_error__type_support.cpp.o[0m
[21.039s] [ 40%] [32mBuilding CXX object CMakeFiles/dobot_msgs_v4__rosidl_typesupport_cpp.dir/rosidl_typesupport_cpp/dobot_msgs_v4/srv/do_group_dec__type_support.cpp.o[0m
[21.117s] [ 40%] [32mBuilding CXX object CMakeFiles/dobot_msgs_v4__rosidl_typesupport_cpp.dir/rosidl_typesupport_cpp/dobot_msgs_v4/srv/get_do_group_dec__type_support.cpp.o[0m
[21.138s] [ 40%] [32mBuilding CXX object CMakeFiles/dobot_msgs_v4__rosidl_typesupport_introspection_cpp.dir/rosidl_typesupport_introspection_cpp/dobot_msgs_v4/msg/detail/robot_status__type_support.cpp.o[0m
[21.143s] [ 40%] [32mBuilding CXX object CMakeFiles/dobot_msgs_v4__rosidl_typesupport_introspection_cpp.dir/rosidl_typesupport_introspection_cpp/dobot_msgs_v4/msg/detail/tool_vector_actual__type_support.cpp.o[0m
[21.157s] [ 40%] [32mBuilding CXX object CMakeFiles/dobot_msgs_v4__rosidl_typesupport_introspection_cpp.dir/rosidl_typesupport_introspection_cpp/dobot_msgs_v4/srv/detail/enable_robot__type_support.cpp.o[0m
[21.161s] [ 40%] [32mBuilding CXX object CMakeFiles/dobot_msgs_v4__rosidl_typesupport_introspection_cpp.dir/rosidl_typesupport_introspection_cpp/dobot_msgs_v4/srv/detail/disable_robot__type_support.cpp.o[0m
[21.212s] [ 40%] [32mBuilding CXX object CMakeFiles/dobot_msgs_v4__rosidl_typesupport_cpp.dir/rosidl_typesupport_cpp/dobot_msgs_v4/srv/di_group_dec__type_support.cpp.o[0m
[21.218s] [ 41%] [32mBuilding CXX object CMakeFiles/dobot_msgs_v4__rosidl_typesupport_introspection_cpp.dir/rosidl_typesupport_introspection_cpp/dobot_msgs_v4/srv/detail/clear_error__type_support.cpp.o[0m
[21.268s] [ 41%] [32mBuilding CXX object CMakeFiles/dobot_msgs_v4__rosidl_typesupport_introspection_cpp.dir/rosidl_typesupport_introspection_cpp/dobot_msgs_v4/srv/detail/speed_factor__type_support.cpp.o[0m
[21.279s] [ 41%] [32mBuilding CXX object CMakeFiles/dobot_msgs_v4__rosidl_typesupport_cpp.dir/rosidl_typesupport_cpp/dobot_msgs_v4/srv/request_control__type_support.cpp.o[0m
[21.353s] [ 41%] [32mBuilding CXX object CMakeFiles/dobot_msgs_v4__rosidl_typesupport_introspection_cpp.dir/rosidl_typesupport_introspection_cpp/dobot_msgs_v4/srv/detail/user__type_support.cpp.o[0m
[21.369s] [ 41%] [32mBuilding CXX object CMakeFiles/dobot_msgs_v4__rosidl_typesupport_cpp.dir/rosidl_typesupport_cpp/dobot_msgs_v4/srv/check_odd_mov_l__type_support.cpp.o[0m
[21.462s] [ 41%] [32mBuilding CXX object CMakeFiles/dobot_msgs_v4__rosidl_typesupport_introspection_cpp.dir/rosidl_typesupport_introspection_cpp/dobot_msgs_v4/srv/detail/tool__type_support.cpp.o[0m
[21.480s] [ 41%] [32mBuilding CXX object CMakeFiles/dobot_msgs_v4__rosidl_typesupport_cpp.dir/rosidl_typesupport_cpp/dobot_msgs_v4/srv/check_odd_mov_j__type_support.cpp.o[0m
[21.555s] [ 41%] [32mBuilding CXX object CMakeFiles/dobot_msgs_v4__rosidl_typesupport_introspection_cpp.dir/rosidl_typesupport_introspection_cpp/dobot_msgs_v4/srv/detail/robot_mode__type_support.cpp.o[0m
[21.628s] [ 41%] [32mBuilding CXX object CMakeFiles/dobot_msgs_v4__rosidl_typesupport_cpp.dir/rosidl_typesupport_cpp/dobot_msgs_v4/srv/check_odd_mov_c__type_support.cpp.o[0m
[21.648s] [ 41%] [32mBuilding CXX object CMakeFiles/dobot_msgs_v4__rosidl_typesupport_introspection_cpp.dir/rosidl_typesupport_introspection_cpp/dobot_msgs_v4/srv/detail/set_payload__type_support.cpp.o[0m
[21.665s] [ 41%] [32mBuilding CXX object CMakeFiles/dobot_msgs_v4__rosidl_typesupport_introspection_cpp.dir/rosidl_typesupport_introspection_cpp/dobot_msgs_v4/srv/detail/do__type_support.cpp.o[0m
[21.667s] [ 41%] [32mBuilding CXX object CMakeFiles/dobot_msgs_v4__rosidl_typesupport_introspection_cpp.dir/rosidl_typesupport_introspection_cpp/dobot_msgs_v4/srv/detail/do_instant__type_support.cpp.o[0m
[21.699s] [ 41%] [32mBuilding CXX object CMakeFiles/dobot_msgs_v4__rosidl_typesupport_introspection_cpp.dir/rosidl_typesupport_introspection_cpp/dobot_msgs_v4/srv/detail/tool_do__type_support.cpp.o[0m
[21.740s] [ 41%] [32mBuilding CXX object CMakeFiles/dobot_msgs_v4__rosidl_typesupport_introspection_cpp.dir/rosidl_typesupport_introspection_cpp/dobot_msgs_v4/srv/detail/tool_do_instant__type_support.cpp.o[0m
[21.773s] [ 42%] [32mBuilding CXX object CMakeFiles/dobot_msgs_v4__rosidl_typesupport_introspection_cpp.dir/rosidl_typesupport_introspection_cpp/dobot_msgs_v4/srv/detail/ao__type_support.cpp.o[0m
[21.807s] [ 42%] [32mBuilding CXX object CMakeFiles/dobot_msgs_v4__rosidl_typesupport_introspection_cpp.dir/rosidl_typesupport_introspection_cpp/dobot_msgs_v4/srv/detail/ao_instant__type_support.cpp.o[0m
[21.859s] [ 42%] [32mBuilding CXX object CMakeFiles/dobot_msgs_v4__rosidl_typesupport_introspection_cpp.dir/rosidl_typesupport_introspection_cpp/dobot_msgs_v4/srv/detail/acc_j__type_support.cpp.o[0m
[21.878s] [ 42%] [32mBuilding CXX object CMakeFiles/dobot_msgs_v4__rosidl_typesupport_introspection_cpp.dir/rosidl_typesupport_introspection_cpp/dobot_msgs_v4/srv/detail/acc_l__type_support.cpp.o[0m
[21.958s] [ 42%] [32mBuilding CXX object CMakeFiles/dobot_msgs_v4__rosidl_typesupport_introspection_cpp.dir/rosidl_typesupport_introspection_cpp/dobot_msgs_v4/srv/detail/vel_j__type_support.cpp.o[0m
[21.986s] [ 42%] [32mBuilding CXX object CMakeFiles/dobot_msgs_v4__rosidl_typesupport_introspection_cpp.dir/rosidl_typesupport_introspection_cpp/dobot_msgs_v4/srv/detail/vel_l__type_support.cpp.o[0m
[22.074s] [ 42%] [32m[1mLinking CXX shared library libdobot_msgs_v4__rosidl_typesupport_cpp.so[0m
[22.087s] [ 42%] [32mBuilding CXX object CMakeFiles/dobot_msgs_v4__rosidl_typesupport_introspection_cpp.dir/rosidl_typesupport_introspection_cpp/dobot_msgs_v4/srv/detail/cp__type_support.cpp.o[0m
[22.165s] [ 42%] [32mBuilding CXX object CMakeFiles/dobot_msgs_v4__rosidl_typesupport_introspection_cpp.dir/rosidl_typesupport_introspection_cpp/dobot_msgs_v4/srv/detail/power_on__type_support.cpp.o[0m
[22.186s] [ 42%] [32mBuilding CXX object CMakeFiles/dobot_msgs_v4__rosidl_typesupport_introspection_cpp.dir/rosidl_typesupport_introspection_cpp/dobot_msgs_v4/srv/detail/run_script__type_support.cpp.o[0m
[22.190s] [ 42%] Built target dobot_msgs_v4__rosidl_typesupport_cpp
[22.192s] [ 42%] [32mBuilding CXX object CMakeFiles/dobot_msgs_v4__rosidl_typesupport_introspection_cpp.dir/rosidl_typesupport_introspection_cpp/dobot_msgs_v4/srv/detail/stop__type_support.cpp.o[0m
[22.205s] [ 43%] [32mBuilding CXX object CMakeFiles/dobot_msgs_v4__rosidl_typesupport_introspection_cpp.dir/rosidl_typesupport_introspection_cpp/dobot_msgs_v4/srv/detail/pause__type_support.cpp.o[0m
[22.209s] [ 43%] [32mBuilding CXX object CMakeFiles/dobot_msgs_v4__rosidl_typesupport_introspection_cpp.dir/rosidl_typesupport_introspection_cpp/dobot_msgs_v4/srv/detail/continue__type_support.cpp.o[0m
[22.251s] [ 43%] [32mBuilding CXX object CMakeFiles/dobot_msgs_v4__rosidl_typesupport_introspection_cpp.dir/rosidl_typesupport_introspection_cpp/dobot_msgs_v4/srv/detail/positive_kin__type_support.cpp.o[0m
[22.280s] [ 43%] [32mBuilding CXX object CMakeFiles/dobot_msgs_v4__rosidl_typesupport_introspection_cpp.dir/rosidl_typesupport_introspection_cpp/dobot_msgs_v4/srv/detail/inverse_kin__type_support.cpp.o[0m
[22.327s] [ 43%] [32mBuilding CXX object CMakeFiles/dobot_msgs_v4__rosidl_typesupport_introspection_cpp.dir/rosidl_typesupport_introspection_cpp/dobot_msgs_v4/srv/detail/set_collision_level__type_support.cpp.o[0m
[22.388s] [ 43%] [32mBuilding CXX object CMakeFiles/dobot_msgs_v4__rosidl_typesupport_introspection_cpp.dir/rosidl_typesupport_introspection_cpp/dobot_msgs_v4/srv/detail/get_angle__type_support.cpp.o[0m
[22.441s] [ 43%] [32mBuilding CXX object CMakeFiles/dobot_msgs_v4__rosidl_typesupport_introspection_cpp.dir/rosidl_typesupport_introspection_cpp/dobot_msgs_v4/srv/detail/get_pose__type_support.cpp.o[0m
[22.480s] [ 43%] [32mBuilding CXX object CMakeFiles/dobot_msgs_v4__rosidl_typesupport_introspection_cpp.dir/rosidl_typesupport_introspection_cpp/dobot_msgs_v4/srv/detail/emergency_stop__type_support.cpp.o[0m
[22.526s] [ 43%] [32mBuilding CXX object CMakeFiles/dobot_msgs_v4__rosidl_typesupport_introspection_cpp.dir/rosidl_typesupport_introspection_cpp/dobot_msgs_v4/srv/detail/modbus_rtu_create__type_support.cpp.o[0m
[22.638s] [ 43%] [32mBuilding CXX object CMakeFiles/dobot_msgs_v4__rosidl_typesupport_introspection_cpp.dir/rosidl_typesupport_introspection_cpp/dobot_msgs_v4/srv/detail/modbus_create__type_support.cpp.o[0m
[22.693s] [ 43%] [32mBuilding CXX object CMakeFiles/dobot_msgs_v4__rosidl_typesupport_introspection_cpp.dir/rosidl_typesupport_introspection_cpp/dobot_msgs_v4/srv/detail/modbus_close__type_support.cpp.o[0m
[22.702s] [ 44%] [32mBuilding CXX object CMakeFiles/dobot_msgs_v4__rosidl_typesupport_introspection_cpp.dir/rosidl_typesupport_introspection_cpp/dobot_msgs_v4/srv/detail/get_in_bits__type_support.cpp.o[0m
[22.707s] [ 44%] [32mBuilding CXX object CMakeFiles/dobot_msgs_v4__rosidl_typesupport_introspection_cpp.dir/rosidl_typesupport_introspection_cpp/dobot_msgs_v4/srv/detail/get_in_regs__type_support.cpp.o[0m
[22.710s] [ 44%] [32mBuilding CXX object CMakeFiles/dobot_msgs_v4__rosidl_typesupport_introspection_cpp.dir/rosidl_typesupport_introspection_cpp/dobot_msgs_v4/srv/detail/get_coils__type_support.cpp.o[0m
[22.722s] [ 44%] [32mBuilding C object CMakeFiles/dobot_msgs_v4__rosidl_typesupport_introspection_c.dir/rosidl_typesupport_introspection_c/dobot_msgs_v4/msg/detail/robot_status__type_support.c.o[0m
[22.741s] [ 44%] [32mBuilding C object CMakeFiles/dobot_msgs_v4__rosidl_typesupport_introspection_c.dir/rosidl_typesupport_introspection_c/dobot_msgs_v4/msg/detail/tool_vector_actual__type_support.c.o[0m
[22.770s] [ 44%] [32mBuilding C object CMakeFiles/dobot_msgs_v4__rosidl_typesupport_introspection_c.dir/rosidl_typesupport_introspection_c/dobot_msgs_v4/srv/detail/enable_robot__type_support.c.o[0m
[22.788s] [ 44%] [32mBuilding C object CMakeFiles/dobot_msgs_v4__rosidl_typesupport_introspection_c.dir/rosidl_typesupport_introspection_c/dobot_msgs_v4/srv/detail/disable_robot__type_support.c.o[0m
[22.813s] [ 44%] [32mBuilding CXX object CMakeFiles/dobot_msgs_v4__rosidl_typesupport_introspection_cpp.dir/rosidl_typesupport_introspection_cpp/dobot_msgs_v4/srv/detail/set_coils__type_support.cpp.o[0m
[22.815s] [ 44%] [32mBuilding C object CMakeFiles/dobot_msgs_v4__rosidl_typesupport_introspection_c.dir/rosidl_typesupport_introspection_c/dobot_msgs_v4/srv/detail/clear_error__type_support.c.o[0m
[22.823s] [ 44%] [32mBuilding C object CMakeFiles/dobot_msgs_v4__rosidl_typesupport_introspection_c.dir/rosidl_typesupport_introspection_c/dobot_msgs_v4/srv/detail/speed_factor__type_support.c.o[0m
[22.849s] [ 44%] [32mBuilding C object CMakeFiles/dobot_msgs_v4__rosidl_typesupport_introspection_c.dir/rosidl_typesupport_introspection_c/dobot_msgs_v4/srv/detail/tool__type_support.c.o[0m
[22.850s] [ 44%] [32mBuilding C object CMakeFiles/dobot_msgs_v4__rosidl_typesupport_introspection_c.dir/rosidl_typesupport_introspection_c/dobot_msgs_v4/srv/detail/user__type_support.c.o[0m
[22.878s] [ 44%] [32mBuilding C object CMakeFiles/dobot_msgs_v4__rosidl_typesupport_introspection_c.dir/rosidl_typesupport_introspection_c/dobot_msgs_v4/srv/detail/robot_mode__type_support.c.o[0m
[22.882s] [ 44%] [32mBuilding C object CMakeFiles/dobot_msgs_v4__rosidl_typesupport_introspection_c.dir/rosidl_typesupport_introspection_c/dobot_msgs_v4/srv/detail/set_payload__type_support.c.o[0m
[22.909s] [ 45%] [32mBuilding C object CMakeFiles/dobot_msgs_v4__rosidl_typesupport_introspection_c.dir/rosidl_typesupport_introspection_c/dobot_msgs_v4/srv/detail/do__type_support.c.o[0m
[22.920s] [ 45%] [32mBuilding CXX object CMakeFiles/dobot_msgs_v4__rosidl_typesupport_introspection_cpp.dir/rosidl_typesupport_introspection_cpp/dobot_msgs_v4/srv/detail/get_hold_regs__type_support.cpp.o[0m
[22.928s] [ 45%] [32mBuilding CXX object CMakeFiles/dobot_msgs_v4__rosidl_typesupport_introspection_cpp.dir/rosidl_typesupport_introspection_cpp/dobot_msgs_v4/srv/detail/set_hold_regs__type_support.cpp.o[0m
[22.935s] [ 45%] [32mBuilding C object CMakeFiles/dobot_msgs_v4__rosidl_typesupport_introspection_c.dir/rosidl_typesupport_introspection_c/dobot_msgs_v4/srv/detail/do_instant__type_support.c.o[0m
[22.939s] [ 45%] [32mBuilding C object CMakeFiles/dobot_msgs_v4__rosidl_typesupport_introspection_c.dir/rosidl_typesupport_introspection_c/dobot_msgs_v4/srv/detail/tool_do__type_support.c.o[0m
[22.960s] [ 45%] [32mBuilding C object CMakeFiles/dobot_msgs_v4__rosidl_typesupport_introspection_c.dir/rosidl_typesupport_introspection_c/dobot_msgs_v4/srv/detail/tool_do_instant__type_support.c.o[0m
[22.986s] [ 45%] [32mBuilding CXX object CMakeFiles/dobot_msgs_v4__rosidl_typesupport_introspection_cpp.dir/rosidl_typesupport_introspection_cpp/dobot_msgs_v4/srv/detail/set_safe_skin__type_support.cpp.o[0m
[22.992s] [ 45%] [32mBuilding CXX object CMakeFiles/dobot_msgs_v4__rosidl_typesupport_introspection_cpp.dir/rosidl_typesupport_introspection_cpp/dobot_msgs_v4/srv/detail/mov_j__type_support.cpp.o[0m
[22.999s] [ 45%] [32mBuilding C object CMakeFiles/dobot_msgs_v4__rosidl_typesupport_introspection_c.dir/rosidl_typesupport_introspection_c/dobot_msgs_v4/srv/detail/ao__type_support.c.o[0m
[23.009s] [ 45%] [32mBuilding CXX object CMakeFiles/dobot_msgs_v4__rosidl_typesupport_introspection_cpp.dir/rosidl_typesupport_introspection_cpp/dobot_msgs_v4/srv/detail/mov_l__type_support.cpp.o[0m
[23.011s] [ 45%] [32mBuilding CXX object CMakeFiles/dobot_msgs_v4__rosidl_typesupport_introspection_cpp.dir/rosidl_typesupport_introspection_cpp/dobot_msgs_v4/srv/detail/rel_joint_mov_j__type_support.cpp.o[0m
[23.053s] [ 45%] [32mBuilding C object CMakeFiles/dobot_msgs_v4__rosidl_typesupport_introspection_c.dir/rosidl_typesupport_introspection_c/dobot_msgs_v4/srv/detail/ao_instant__type_support.c.o[0m
[23.082s] [ 45%] [32mBuilding C object CMakeFiles/dobot_msgs_v4__rosidl_typesupport_introspection_c.dir/rosidl_typesupport_introspection_c/dobot_msgs_v4/srv/detail/acc_j__type_support.c.o[0m
[23.098s] [ 45%] [32mBuilding C object CMakeFiles/dobot_msgs_v4__rosidl_typesupport_introspection_c.dir/rosidl_typesupport_introspection_c/dobot_msgs_v4/srv/detail/acc_l__type_support.c.o[0m
[23.136s] [ 45%] [32mBuilding C object CMakeFiles/dobot_msgs_v4__rosidl_typesupport_introspection_c.dir/rosidl_typesupport_introspection_c/dobot_msgs_v4/srv/detail/vel_j__type_support.c.o[0m
[23.142s] [ 45%] [32mBuilding C object CMakeFiles/dobot_msgs_v4__rosidl_typesupport_introspection_c.dir/rosidl_typesupport_introspection_c/dobot_msgs_v4/srv/detail/vel_l__type_support.c.o[0m
[23.166s] [ 46%] [32mBuilding CXX object CMakeFiles/dobot_msgs_v4__rosidl_typesupport_introspection_cpp.dir/rosidl_typesupport_introspection_cpp/dobot_msgs_v4/srv/detail/move_jog__type_support.cpp.o[0m
[23.187s] [ 47%] [32mBuilding C object CMakeFiles/dobot_msgs_v4__rosidl_typesupport_introspection_c.dir/rosidl_typesupport_introspection_c/dobot_msgs_v4/srv/detail/cp__type_support.c.o[0m
[23.192s] [ 47%] [32mBuilding C object CMakeFiles/dobot_msgs_v4__rosidl_typesupport_introspection_c.dir/rosidl_typesupport_introspection_c/dobot_msgs_v4/srv/detail/power_on__type_support.c.o[0m
[23.201s] [ 47%] [32mBuilding C object CMakeFiles/dobot_msgs_v4__rosidl_typesupport_introspection_c.dir/rosidl_typesupport_introspection_c/dobot_msgs_v4/srv/detail/run_script__type_support.c.o[0m
[23.211s] [ 47%] [32mBuilding C object CMakeFiles/dobot_msgs_v4__rosidl_typesupport_introspection_c.dir/rosidl_typesupport_introspection_c/dobot_msgs_v4/srv/detail/stop__type_support.c.o[0m
[23.236s] [ 47%] [32mBuilding C object CMakeFiles/dobot_msgs_v4__rosidl_typesupport_introspection_c.dir/rosidl_typesupport_introspection_c/dobot_msgs_v4/srv/detail/pause__type_support.c.o[0m
[23.242s] [ 47%] [32mBuilding C object CMakeFiles/dobot_msgs_v4__rosidl_typesupport_introspection_c.dir/rosidl_typesupport_introspection_c/dobot_msgs_v4/srv/detail/continue__type_support.c.o[0m
[23.243s] [ 47%] [32mBuilding C object CMakeFiles/dobot_msgs_v4__rosidl_typesupport_introspection_c.dir/rosidl_typesupport_introspection_c/dobot_msgs_v4/srv/detail/positive_kin__type_support.c.o[0m
[23.246s] [ 47%] [32mBuilding C object CMakeFiles/dobot_msgs_v4__rosidl_typesupport_introspection_c.dir/rosidl_typesupport_introspection_c/dobot_msgs_v4/srv/detail/inverse_kin__type_support.c.o[0m
[23.265s] [ 47%] [32mBuilding CXX object CMakeFiles/dobot_msgs_v4__rosidl_typesupport_introspection_cpp.dir/rosidl_typesupport_introspection_cpp/dobot_msgs_v4/srv/detail/stop_move_jog__type_support.cpp.o[0m
[23.274s] [ 47%] [32mBuilding CXX object CMakeFiles/dobot_msgs_v4__rosidl_typesupport_introspection_cpp.dir/rosidl_typesupport_introspection_cpp/dobot_msgs_v4/srv/detail/do_group__type_support.cpp.o[0m
[23.294s] [ 47%] [32mBuilding C object CMakeFiles/dobot_msgs_v4__rosidl_typesupport_introspection_c.dir/rosidl_typesupport_introspection_c/dobot_msgs_v4/srv/detail/set_collision_level__type_support.c.o[0m
[23.303s] [ 47%] [32mBuilding C object CMakeFiles/dobot_msgs_v4__rosidl_typesupport_introspection_c.dir/rosidl_typesupport_introspection_c/dobot_msgs_v4/srv/detail/get_angle__type_support.c.o[0m
[23.303s] [ 47%] [32mBuilding CXX object CMakeFiles/dobot_msgs_v4__rosidl_typesupport_introspection_cpp.dir/rosidl_typesupport_introspection_cpp/dobot_msgs_v4/srv/detail/brake_control__type_support.cpp.o[0m
[23.313s] [ 47%] [32mBuilding CXX object CMakeFiles/dobot_msgs_v4__rosidl_typesupport_introspection_cpp.dir/rosidl_typesupport_introspection_cpp/dobot_msgs_v4/srv/detail/start_drag__type_support.cpp.o[0m
[23.344s] [ 48%] [32mBuilding C object CMakeFiles/dobot_msgs_v4__rosidl_typesupport_introspection_c.dir/rosidl_typesupport_introspection_c/dobot_msgs_v4/srv/detail/get_pose__type_support.c.o[0m
[23.346s] [ 48%] [32mBuilding CXX object CMakeFiles/dobot_msgs_v4__rosidl_typesupport_introspection_cpp.dir/rosidl_typesupport_introspection_cpp/dobot_msgs_v4/srv/detail/enable_safe_skin__type_support.cpp.o[0m
[23.363s] [ 48%] [32mBuilding CXX object CMakeFiles/dobot_msgs_v4__rosidl_typesupport_introspection_cpp.dir/rosidl_typesupport_introspection_cpp/dobot_msgs_v4/srv/detail/get_start_pose__type_support.cpp.o[0m
[23.400s] [ 48%] [32mBuilding C object CMakeFiles/dobot_msgs_v4__rosidl_typesupport_introspection_c.dir/rosidl_typesupport_introspection_c/dobot_msgs_v4/srv/detail/emergency_stop__type_support.c.o[0m
[23.447s] [ 48%] [32mBuilding C object CMakeFiles/dobot_msgs_v4__rosidl_typesupport_introspection_c.dir/rosidl_typesupport_introspection_c/dobot_msgs_v4/srv/detail/modbus_rtu_create__type_support.c.o[0m
[23.461s] [ 48%] [32mBuilding C object CMakeFiles/dobot_msgs_v4__rosidl_typesupport_introspection_c.dir/rosidl_typesupport_introspection_c/dobot_msgs_v4/srv/detail/modbus_create__type_support.c.o[0m
[23.468s] [ 48%] [32mBuilding C object CMakeFiles/dobot_msgs_v4__rosidl_typesupport_introspection_c.dir/rosidl_typesupport_introspection_c/dobot_msgs_v4/srv/detail/modbus_close__type_support.c.o[0m
[23.501s] [ 48%] [32mBuilding CXX object CMakeFiles/dobot_msgs_v4__rosidl_typesupport_introspection_cpp.dir/rosidl_typesupport_introspection_cpp/dobot_msgs_v4/srv/detail/start_path__type_support.cpp.o[0m
[23.516s] [ 48%] [32mBuilding CXX object CMakeFiles/dobot_msgs_v4__rosidl_typesupport_introspection_cpp.dir/rosidl_typesupport_introspection_cpp/dobot_msgs_v4/srv/detail/inverse_solution__type_support.cpp.o[0m
[23.524s] [ 48%] [32mBuilding C object CMakeFiles/dobot_msgs_v4__rosidl_typesupport_introspection_c.dir/rosidl_typesupport_introspection_c/dobot_msgs_v4/srv/detail/get_in_bits__type_support.c.o[0m
[23.540s] [ 48%] [32mBuilding CXX object CMakeFiles/dobot_msgs_v4__rosidl_typesupport_introspection_cpp.dir/rosidl_typesupport_introspection_cpp/dobot_msgs_v4/srv/detail/get_error_id__type_support.cpp.o[0m
[23.564s] [ 48%] [32mBuilding C object CMakeFiles/dobot_msgs_v4__rosidl_typesupport_introspection_c.dir/rosidl_typesupport_introspection_c/dobot_msgs_v4/srv/detail/get_in_regs__type_support.c.o[0m
[23.571s] [ 48%] [32mBuilding C object CMakeFiles/dobot_msgs_v4__rosidl_typesupport_introspection_c.dir/rosidl_typesupport_introspection_c/dobot_msgs_v4/srv/detail/get_coils__type_support.c.o[0m
[23.587s] [ 49%] [32mBuilding CXX object CMakeFiles/dobot_msgs_v4__rosidl_typesupport_introspection_cpp.dir/rosidl_typesupport_introspection_cpp/dobot_msgs_v4/srv/detail/di__type_support.cpp.o[0m
[23.618s] [ 49%] [32mBuilding CXX object CMakeFiles/dobot_msgs_v4__rosidl_typesupport_introspection_cpp.dir/rosidl_typesupport_introspection_cpp/dobot_msgs_v4/srv/detail/tool_di__type_support.cpp.o[0m
[23.622s] [ 49%] [32mBuilding C object CMakeFiles/dobot_msgs_v4__rosidl_typesupport_introspection_c.dir/rosidl_typesupport_introspection_c/dobot_msgs_v4/srv/detail/set_coils__type_support.c.o[0m
[23.624s] [ 49%] [32mBuilding CXX object CMakeFiles/dobot_msgs_v4__rosidl_typesupport_introspection_cpp.dir/rosidl_typesupport_introspection_cpp/dobot_msgs_v4/srv/detail/ai__type_support.cpp.o[0m
[23.629s] [ 49%] [32mBuilding CXX object CMakeFiles/dobot_msgs_v4__rosidl_typesupport_fastrtps_c.dir/rosidl_typesupport_fastrtps_c/dobot_msgs_v4/msg/detail/robot_status__type_support_c.cpp.o[0m
[23.676s] [ 49%] [32mBuilding C object CMakeFiles/dobot_msgs_v4__rosidl_typesupport_introspection_c.dir/rosidl_typesupport_introspection_c/dobot_msgs_v4/srv/detail/get_hold_regs__type_support.c.o[0m
[23.728s] [ 49%] [32mBuilding C object CMakeFiles/dobot_msgs_v4__rosidl_typesupport_introspection_c.dir/rosidl_typesupport_introspection_c/dobot_msgs_v4/srv/detail/set_hold_regs__type_support.c.o[0m
[23.754s] [ 50%] [32mBuilding C object CMakeFiles/dobot_msgs_v4__rosidl_typesupport_introspection_c.dir/rosidl_typesupport_introspection_c/dobot_msgs_v4/srv/detail/set_safe_skin__type_support.c.o[0m
[23.775s] [ 50%] [32mBuilding C object CMakeFiles/dobot_msgs_v4__rosidl_typesupport_introspection_c.dir/rosidl_typesupport_introspection_c/dobot_msgs_v4/srv/detail/mov_j__type_support.c.o[0m
[23.777s] [ 50%] [32mBuilding CXX object CMakeFiles/dobot_msgs_v4__rosidl_typesupport_introspection_cpp.dir/rosidl_typesupport_introspection_cpp/dobot_msgs_v4/srv/detail/tool_ai__type_support.cpp.o[0m
[23.793s] [ 50%] [32mBuilding CXX object CMakeFiles/dobot_msgs_v4__rosidl_typesupport_fastrtps_c.dir/rosidl_typesupport_fastrtps_c/dobot_msgs_v4/msg/detail/tool_vector_actual__type_support_c.cpp.o[0m
[23.809s] [ 50%] [32mBuilding C object CMakeFiles/dobot_msgs_v4__rosidl_typesupport_introspection_c.dir/rosidl_typesupport_introspection_c/dobot_msgs_v4/srv/detail/mov_l__type_support.c.o[0m
[23.815s] [ 50%] [32mBuilding C object CMakeFiles/dobot_msgs_v4__rosidl_typesupport_introspection_c.dir/rosidl_typesupport_introspection_c/dobot_msgs_v4/srv/detail/rel_joint_mov_j__type_support.c.o[0m
[23.829s] [ 50%] [32mBuilding CXX object CMakeFiles/dobot_msgs_v4__rosidl_typesupport_fastrtps_c.dir/rosidl_typesupport_fastrtps_c/dobot_msgs_v4/srv/detail/enable_robot__type_support_c.cpp.o[0m
[23.831s] [ 50%] [32mBuilding CXX object CMakeFiles/dobot_msgs_v4__rosidl_typesupport_fastrtps_c.dir/rosidl_typesupport_fastrtps_c/dobot_msgs_v4/srv/detail/disable_robot__type_support_c.cpp.o[0m
[23.870s] [ 50%] [32mBuilding CXX object CMakeFiles/dobot_msgs_v4__rosidl_typesupport_fastrtps_c.dir/rosidl_typesupport_fastrtps_c/dobot_msgs_v4/srv/detail/clear_error__type_support_c.cpp.o[0m
[23.870s] [ 50%] [32mBuilding C object CMakeFiles/dobot_msgs_v4__rosidl_typesupport_introspection_c.dir/rosidl_typesupport_introspection_c/dobot_msgs_v4/srv/detail/move_jog__type_support.c.o[0m
[23.873s] [ 50%] [32mBuilding CXX object CMakeFiles/dobot_msgs_v4__rosidl_typesupport_introspection_cpp.dir/rosidl_typesupport_introspection_cpp/dobot_msgs_v4/srv/detail/di_group__type_support.cpp.o[0m
[23.901s] [ 50%] [32mBuilding CXX object CMakeFiles/dobot_msgs_v4__rosidl_typesupport_fastrtps_c.dir/rosidl_typesupport_fastrtps_c/dobot_msgs_v4/srv/detail/speed_factor__type_support_c.cpp.o[0m
[23.926s] [ 50%] [32mBuilding C object CMakeFiles/dobot_msgs_v4__rosidl_typesupport_introspection_c.dir/rosidl_typesupport_introspection_c/dobot_msgs_v4/srv/detail/stop_move_jog__type_support.c.o[0m
[23.986s] [ 50%] [32mBuilding C object CMakeFiles/dobot_msgs_v4__rosidl_typesupport_introspection_c.dir/rosidl_typesupport_introspection_c/dobot_msgs_v4/srv/detail/do_group__type_support.c.o[0m
[24.013s] [ 50%] [32mBuilding CXX object CMakeFiles/dobot_msgs_v4__rosidl_typesupport_fastrtps_c.dir/rosidl_typesupport_fastrtps_c/dobot_msgs_v4/srv/detail/user__type_support_c.cpp.o[0m
[24.034s] [ 50%] [32mBuilding C object CMakeFiles/dobot_msgs_v4__rosidl_typesupport_introspection_c.dir/rosidl_typesupport_introspection_c/dobot_msgs_v4/srv/detail/brake_control__type_support.c.o[0m
[24.043s] [ 50%] [32mBuilding CXX object CMakeFiles/dobot_msgs_v4__rosidl_typesupport_fastrtps_c.dir/rosidl_typesupport_fastrtps_c/dobot_msgs_v4/srv/detail/tool__type_support_c.cpp.o[0m
[24.083s] [ 50%] [32mBuilding C object CMakeFiles/dobot_msgs_v4__rosidl_typesupport_introspection_c.dir/rosidl_typesupport_introspection_c/dobot_msgs_v4/srv/detail/start_drag__type_support.c.o[0m
[24.092s] [ 50%] [32mBuilding C object CMakeFiles/dobot_msgs_v4__rosidl_typesupport_introspection_c.dir/rosidl_typesupport_introspection_c/dobot_msgs_v4/srv/detail/enable_safe_skin__type_support.c.o[0m
[24.121s] [ 51%] [32mBuilding C object CMakeFiles/dobot_msgs_v4__rosidl_typesupport_introspection_c.dir/rosidl_typesupport_introspection_c/dobot_msgs_v4/srv/detail/get_start_pose__type_support.c.o[0m
[24.124s] [ 51%] [32mBuilding C object CMakeFiles/dobot_msgs_v4__rosidl_typesupport_introspection_c.dir/rosidl_typesupport_introspection_c/dobot_msgs_v4/srv/detail/start_path__type_support.c.o[0m
[24.139s] [ 51%] [32mBuilding C object CMakeFiles/dobot_msgs_v4__rosidl_typesupport_introspection_c.dir/rosidl_typesupport_introspection_c/dobot_msgs_v4/srv/detail/inverse_solution__type_support.c.o[0m
[24.143s] [ 51%] [32mBuilding C object CMakeFiles/dobot_msgs_v4__rosidl_typesupport_introspection_c.dir/rosidl_typesupport_introspection_c/dobot_msgs_v4/srv/detail/get_error_id__type_support.c.o[0m
[24.176s] [ 51%] [32mBuilding CXX object CMakeFiles/dobot_msgs_v4__rosidl_typesupport_fastrtps_c.dir/rosidl_typesupport_fastrtps_c/dobot_msgs_v4/srv/detail/robot_mode__type_support_c.cpp.o[0m
[24.185s] [ 51%] [32mBuilding CXX object CMakeFiles/dobot_msgs_v4__rosidl_typesupport_introspection_cpp.dir/rosidl_typesupport_introspection_cpp/dobot_msgs_v4/srv/detail/stop_drag__type_support.cpp.o[0m
[24.185s] [ 51%] [32mBuilding CXX object CMakeFiles/dobot_msgs_v4__rosidl_typesupport_fastrtps_c.dir/rosidl_typesupport_fastrtps_c/dobot_msgs_v4/srv/detail/set_payload__type_support_c.cpp.o[0m
[24.188s] [ 52%] [32mBuilding CXX object CMakeFiles/dobot_msgs_v4__rosidl_typesupport_fastrtps_c.dir/rosidl_typesupport_fastrtps_c/dobot_msgs_v4/srv/detail/do__type_support_c.cpp.o[0m
[24.195s] [ 52%] [32mBuilding CXX object CMakeFiles/dobot_msgs_v4__rosidl_typesupport_introspection_cpp.dir/rosidl_typesupport_introspection_cpp/dobot_msgs_v4/srv/detail/drag_sensivity__type_support.cpp.o[0m
[24.195s] [ 52%] [32mBuilding C object CMakeFiles/dobot_msgs_v4__rosidl_typesupport_introspection_c.dir/rosidl_typesupport_introspection_c/dobot_msgs_v4/srv/detail/di__type_support.c.o[0m
[24.253s] [ 52%] [32mBuilding C object CMakeFiles/dobot_msgs_v4__rosidl_typesupport_introspection_c.dir/rosidl_typesupport_introspection_c/dobot_msgs_v4/srv/detail/tool_di__type_support.c.o[0m
[24.272s] [ 52%] [32mBuilding CXX object CMakeFiles/dobot_msgs_v4__rosidl_typesupport_fastrtps_c.dir/rosidl_typesupport_fastrtps_c/dobot_msgs_v4/srv/detail/do_instant__type_support_c.cpp.o[0m
[24.308s] [ 52%] [32mBuilding C object CMakeFiles/dobot_msgs_v4__rosidl_typesupport_introspection_c.dir/rosidl_typesupport_introspection_c/dobot_msgs_v4/srv/detail/ai__type_support.c.o[0m
[24.350s] [ 52%] [32mBuilding C object CMakeFiles/dobot_msgs_v4__rosidl_typesupport_introspection_c.dir/rosidl_typesupport_introspection_c/dobot_msgs_v4/srv/detail/tool_ai__type_support.c.o[0m
[24.361s] [ 52%] [32mBuilding C object CMakeFiles/dobot_msgs_v4__rosidl_typesupport_introspection_c.dir/rosidl_typesupport_introspection_c/dobot_msgs_v4/srv/detail/di_group__type_support.c.o[0m
[24.401s] [ 52%] [32mBuilding CXX object CMakeFiles/dobot_msgs_v4__rosidl_typesupport_fastrtps_c.dir/rosidl_typesupport_fastrtps_c/dobot_msgs_v4/srv/detail/tool_do__type_support_c.cpp.o[0m
[24.407s] [ 52%] [32mBuilding CXX object CMakeFiles/dobot_msgs_v4__rosidl_typesupport_introspection_cpp.dir/rosidl_typesupport_introspection_cpp/dobot_msgs_v4/srv/detail/get_do__type_support.cpp.o[0m
[24.419s] [ 52%] [32mBuilding C object CMakeFiles/dobot_msgs_v4__rosidl_typesupport_introspection_c.dir/rosidl_typesupport_introspection_c/dobot_msgs_v4/srv/detail/stop_drag__type_support.c.o[0m
[24.431s] [ 53%] [32mBuilding C object CMakeFiles/dobot_msgs_v4__rosidl_typesupport_introspection_c.dir/rosidl_typesupport_introspection_c/dobot_msgs_v4/srv/detail/drag_sensivity__type_support.c.o[0m
[24.440s] [ 53%] [32mBuilding CXX object CMakeFiles/dobot_msgs_v4__rosidl_typesupport_fastrtps_c.dir/rosidl_typesupport_fastrtps_c/dobot_msgs_v4/srv/detail/tool_do_instant__type_support_c.cpp.o[0m
[24.455s] [ 53%] [32mBuilding CXX object CMakeFiles/dobot_msgs_v4__rosidl_typesupport_introspection_cpp.dir/rosidl_typesupport_introspection_cpp/dobot_msgs_v4/srv/detail/get_ao__type_support.cpp.o[0m
[24.470s] [ 53%] [32mBuilding CXX object CMakeFiles/dobot_msgs_v4__rosidl_typesupport_fastrtps_c.dir/rosidl_typesupport_fastrtps_c/dobot_msgs_v4/srv/detail/ao__type_support_c.cpp.o[0m
[24.481s] [ 53%] [32mBuilding C object CMakeFiles/dobot_msgs_v4__rosidl_typesupport_introspection_c.dir/rosidl_typesupport_introspection_c/dobot_msgs_v4/srv/detail/get_do__type_support.c.o[0m
[24.482s] [ 53%] [32mBuilding CXX object CMakeFiles/dobot_msgs_v4__rosidl_typesupport_introspection_cpp.dir/rosidl_typesupport_introspection_cpp/dobot_msgs_v4/srv/detail/get_do_group__type_support.cpp.o[0m
[24.483s] [ 53%] [32mBuilding CXX object CMakeFiles/dobot_msgs_v4__rosidl_typesupport_fastrtps_cpp.dir/rosidl_typesupport_fastrtps_cpp/dobot_msgs_v4/msg/detail/dds_fastrtps/robot_status__type_support.cpp.o[0m
[24.535s] [ 53%] [32mBuilding C object CMakeFiles/dobot_msgs_v4__rosidl_typesupport_introspection_c.dir/rosidl_typesupport_introspection_c/dobot_msgs_v4/srv/detail/get_ao__type_support.c.o[0m
[24.586s] [ 53%] [32mBuilding CXX object CMakeFiles/dobot_msgs_v4__rosidl_typesupport_fastrtps_cpp.dir/rosidl_typesupport_fastrtps_cpp/dobot_msgs_v4/msg/detail/dds_fastrtps/tool_vector_actual__type_support.cpp.o[0m
[24.589s] [ 53%] [32mBuilding C object CMakeFiles/dobot_msgs_v4__rosidl_typesupport_introspection_c.dir/rosidl_typesupport_introspection_c/dobot_msgs_v4/srv/detail/get_do_group__type_support.c.o[0m
[24.645s] [ 53%] [32mBuilding C object CMakeFiles/dobot_msgs_v4__rosidl_typesupport_introspection_c.dir/rosidl_typesupport_introspection_c/dobot_msgs_v4/srv/detail/set_tool485__type_support.c.o[0m
[24.666s] [ 53%] [32mBuilding CXX object CMakeFiles/dobot_msgs_v4__rosidl_typesupport_fastrtps_cpp.dir/rosidl_typesupport_fastrtps_cpp/dobot_msgs_v4/srv/detail/dds_fastrtps/enable_robot__type_support.cpp.o[0m
[24.693s] [ 53%] [32mBuilding CXX object CMakeFiles/dobot_msgs_v4__rosidl_typesupport_fastrtps_cpp.dir/rosidl_typesupport_fastrtps_cpp/dobot_msgs_v4/srv/detail/dds_fastrtps/disable_robot__type_support.cpp.o[0m
[24.699s] [ 53%] [32mBuilding C object CMakeFiles/dobot_msgs_v4__rosidl_typesupport_introspection_c.dir/rosidl_typesupport_introspection_c/dobot_msgs_v4/srv/detail/set_safe_wall_enable__type_support.c.o[0m
[24.710s] [ 53%] [32mBuilding C object CMakeFiles/dobot_msgs_v4__rosidl_typesupport_introspection_c.dir/rosidl_typesupport_introspection_c/dobot_msgs_v4/srv/detail/set_tool_power__type_support.c.o[0m
[24.746s] [ 53%] [32mBuilding C object CMakeFiles/dobot_msgs_v4__rosidl_typesupport_introspection_c.dir/rosidl_typesupport_introspection_c/dobot_msgs_v4/srv/detail/set_tool_mode__type_support.c.o[0m
[24.746s] [ 53%] [32mBuilding CXX object CMakeFiles/dobot_msgs_v4__rosidl_typesupport_fastrtps_c.dir/rosidl_typesupport_fastrtps_c/dobot_msgs_v4/srv/detail/ao_instant__type_support_c.cpp.o[0m
[24.760s] [ 53%] [32mBuilding CXX object CMakeFiles/dobot_msgs_v4__rosidl_typesupport_fastrtps_c.dir/rosidl_typesupport_fastrtps_c/dobot_msgs_v4/srv/detail/acc_j__type_support_c.cpp.o[0m
[24.778s] [ 53%] [32mBuilding CXX object CMakeFiles/dobot_msgs_v4__rosidl_typesupport_introspection_cpp.dir/rosidl_typesupport_introspection_cpp/dobot_msgs_v4/srv/detail/set_tool485__type_support.cpp.o[0m
[24.785s] [ 54%] [32mBuilding CXX object CMakeFiles/dobot_msgs_v4__rosidl_typesupport_fastrtps_cpp.dir/rosidl_typesupport_fastrtps_cpp/dobot_msgs_v4/srv/detail/dds_fastrtps/clear_error__type_support.cpp.o[0m
[24.802s] [ 54%] [32mBuilding C object CMakeFiles/dobot_msgs_v4__rosidl_typesupport_introspection_c.dir/rosidl_typesupport_introspection_c/dobot_msgs_v4/srv/detail/set_back_distance__type_support.c.o[0m
[24.825s] [ 54%] [32mBuilding CXX object CMakeFiles/dobot_msgs_v4__rosidl_typesupport_fastrtps_cpp.dir/rosidl_typesupport_fastrtps_cpp/dobot_msgs_v4/srv/detail/dds_fastrtps/speed_factor__type_support.cpp.o[0m
[24.849s] [ 54%] [32mBuilding C object CMakeFiles/dobot_msgs_v4__rosidl_typesupport_introspection_c.dir/rosidl_typesupport_introspection_c/dobot_msgs_v4/srv/detail/set_post_collision_mode__type_support.c.o[0m
[24.900s] [ 54%] [32mBuilding C object CMakeFiles/dobot_msgs_v4__rosidl_typesupport_introspection_c.dir/rosidl_typesupport_introspection_c/dobot_msgs_v4/srv/detail/set_user__type_support.c.o[0m
[24.910s] [ 54%] [32mBuilding CXX object CMakeFiles/dobot_msgs_v4__rosidl_typesupport_fastrtps_cpp.dir/rosidl_typesupport_fastrtps_cpp/dobot_msgs_v4/srv/detail/dds_fastrtps/user__type_support.cpp.o[0m
[24.943s] [ 55%] [32mBuilding C object CMakeFiles/dobot_msgs_v4__rosidl_typesupport_introspection_c.dir/rosidl_typesupport_introspection_c/dobot_msgs_v4/srv/detail/set_tool__type_support.c.o[0m
[24.954s] [ 55%] [32mBuilding CXX object CMakeFiles/dobot_msgs_v4__rosidl_typesupport_fastrtps_cpp.dir/rosidl_typesupport_fastrtps_cpp/dobot_msgs_v4/srv/detail/dds_fastrtps/tool__type_support.cpp.o[0m
[24.968s] [ 55%] [32mBuilding C object CMakeFiles/dobot_msgs_v4__rosidl_typesupport_introspection_c.dir/rosidl_typesupport_introspection_c/dobot_msgs_v4/srv/detail/calc_user__type_support.c.o[0m
[24.988s] [ 55%] [32mBuilding C object CMakeFiles/dobot_msgs_v4__rosidl_typesupport_introspection_c.dir/rosidl_typesupport_introspection_c/dobot_msgs_v4/srv/detail/calc_tool__type_support.c.o[0m
[24.994s] [ 55%] [32mBuilding CXX object CMakeFiles/dobot_msgs_v4__rosidl_typesupport_fastrtps_cpp.dir/rosidl_typesupport_fastrtps_cpp/dobot_msgs_v4/srv/detail/dds_fastrtps/robot_mode__type_support.cpp.o[0m
[25.031s] [ 55%] [32mBuilding C object CMakeFiles/dobot_msgs_v4__rosidl_typesupport_introspection_c.dir/rosidl_typesupport_introspection_c/dobot_msgs_v4/srv/detail/get_input_bool__type_support.c.o[0m
[25.032s] [ 55%] [32mBuilding CXX object CMakeFiles/dobot_msgs_v4__rosidl_typesupport_fastrtps_cpp.dir/rosidl_typesupport_fastrtps_cpp/dobot_msgs_v4/srv/detail/dds_fastrtps/set_payload__type_support.cpp.o[0m
[25.040s] [ 55%] [32mBuilding CXX object CMakeFiles/dobot_msgs_v4__rosidl_typesupport_fastrtps_c.dir/rosidl_typesupport_fastrtps_c/dobot_msgs_v4/srv/detail/acc_l__type_support_c.cpp.o[0m
[25.049s] [ 55%] [32mBuilding CXX object CMakeFiles/dobot_msgs_v4__rosidl_typesupport_fastrtps_c.dir/rosidl_typesupport_fastrtps_c/dobot_msgs_v4/srv/detail/vel_j__type_support_c.cpp.o[0m
[25.083s] [ 55%] [32mBuilding C object CMakeFiles/dobot_msgs_v4__rosidl_typesupport_introspection_c.dir/rosidl_typesupport_introspection_c/dobot_msgs_v4/srv/detail/get_input_int__type_support.c.o[0m
[25.133s] [ 55%] [32mBuilding C object CMakeFiles/dobot_msgs_v4__rosidl_typesupport_introspection_c.dir/rosidl_typesupport_introspection_c/dobot_msgs_v4/srv/detail/get_input_float__type_support.c.o[0m
[25.137s] [ 55%] [32mBuilding CXX object CMakeFiles/dobot_msgs_v4__rosidl_typesupport_fastrtps_c.dir/rosidl_typesupport_fastrtps_c/dobot_msgs_v4/srv/detail/vel_l__type_support_c.cpp.o[0m
[25.182s] [ 55%] [32mBuilding C object CMakeFiles/dobot_msgs_v4__rosidl_typesupport_introspection_c.dir/rosidl_typesupport_introspection_c/dobot_msgs_v4/srv/detail/get_output_bool__type_support.c.o[0m
[25.233s] [ 55%] [32mBuilding C object CMakeFiles/dobot_msgs_v4__rosidl_typesupport_introspection_c.dir/rosidl_typesupport_introspection_c/dobot_msgs_v4/srv/detail/get_output_int__type_support.c.o[0m
[25.236s] [ 55%] [32mBuilding C object CMakeFiles/dobot_msgs_v4__rosidl_typesupport_introspection_c.dir/rosidl_typesupport_introspection_c/dobot_msgs_v4/srv/detail/get_output_float__type_support.c.o[0m
[25.287s] [ 55%] [32mBuilding CXX object CMakeFiles/dobot_msgs_v4__rosidl_typesupport_fastrtps_cpp.dir/rosidl_typesupport_fastrtps_cpp/dobot_msgs_v4/srv/detail/dds_fastrtps/do__type_support.cpp.o[0m
[25.290s] [ 55%] [32mBuilding C object CMakeFiles/dobot_msgs_v4__rosidl_typesupport_introspection_c.dir/rosidl_typesupport_introspection_c/dobot_msgs_v4/srv/detail/set_output_bool__type_support.c.o[0m
[25.294s] [ 56%] [32mBuilding CXX object CMakeFiles/dobot_msgs_v4__rosidl_typesupport_introspection_cpp.dir/rosidl_typesupport_introspection_cpp/dobot_msgs_v4/srv/detail/set_safe_wall_enable__type_support.cpp.o[0m
[25.301s] [ 57%] [32mBuilding C object CMakeFiles/dobot_msgs_v4__rosidl_typesupport_introspection_c.dir/rosidl_typesupport_introspection_c/dobot_msgs_v4/srv/detail/set_output_int__type_support.c.o[0m
[25.325s] [ 57%] [32mBuilding C object CMakeFiles/dobot_msgs_v4__rosidl_typesupport_introspection_c.dir/rosidl_typesupport_introspection_c/dobot_msgs_v4/srv/detail/set_output_float__type_support.c.o[0m
[25.341s] [ 57%] [32mBuilding C object CMakeFiles/dobot_msgs_v4__rosidl_typesupport_introspection_c.dir/rosidl_typesupport_introspection_c/dobot_msgs_v4/srv/detail/mov_lio__type_support.c.o[0m
[25.346s] [ 57%] [32mBuilding CXX object CMakeFiles/dobot_msgs_v4__rosidl_typesupport_introspection_cpp.dir/rosidl_typesupport_introspection_cpp/dobot_msgs_v4/srv/detail/set_tool_power__type_support.cpp.o[0m
[25.352s] [ 58%] [32mBuilding CXX object CMakeFiles/dobot_msgs_v4__rosidl_typesupport_fastrtps_c.dir/rosidl_typesupport_fastrtps_c/dobot_msgs_v4/srv/detail/cp__type_support_c.cpp.o[0m
[25.369s] [ 58%] [32mBuilding CXX object CMakeFiles/dobot_msgs_v4__rosidl_typesupport_fastrtps_c.dir/rosidl_typesupport_fastrtps_c/dobot_msgs_v4/srv/detail/power_on__type_support_c.cpp.o[0m
[25.379s] [ 58%] [32mBuilding CXX object CMakeFiles/dobot_msgs_v4__rosidl_typesupport_introspection_cpp.dir/rosidl_typesupport_introspection_cpp/dobot_msgs_v4/srv/detail/set_tool_mode__type_support.cpp.o[0m
[25.408s] [ 58%] [32mBuilding C object CMakeFiles/dobot_msgs_v4__rosidl_typesupport_introspection_c.dir/rosidl_typesupport_introspection_c/dobot_msgs_v4/srv/detail/mov_jio__type_support.c.o[0m
[25.492s] [ 58%] [32mBuilding C object CMakeFiles/dobot_msgs_v4__rosidl_typesupport_introspection_c.dir/rosidl_typesupport_introspection_c/dobot_msgs_v4/srv/detail/arc__type_support.c.o[0m
[25.504s] [ 58%] [32mBuilding CXX object CMakeFiles/dobot_msgs_v4__rosidl_typesupport_introspection_cpp.dir/rosidl_typesupport_introspection_cpp/dobot_msgs_v4/srv/detail/set_back_distance__type_support.cpp.o[0m
[25.509s] [ 58%] [32mBuilding CXX object CMakeFiles/dobot_msgs_v4__rosidl_typesupport_introspection_cpp.dir/rosidl_typesupport_introspection_cpp/dobot_msgs_v4/srv/detail/set_post_collision_mode__type_support.cpp.o[0m
[25.552s] [ 58%] [32mBuilding C object CMakeFiles/dobot_msgs_v4__rosidl_typesupport_introspection_c.dir/rosidl_typesupport_introspection_c/dobot_msgs_v4/srv/detail/circle__type_support.c.o[0m
[25.593s] [ 58%] [32mBuilding C object CMakeFiles/dobot_msgs_v4__rosidl_typesupport_introspection_c.dir/rosidl_typesupport_introspection_c/dobot_msgs_v4/srv/detail/rel_mov_j_tool__type_support.c.o[0m
[25.608s] [ 58%] [32mBuilding CXX object CMakeFiles/dobot_msgs_v4__rosidl_typesupport_introspection_cpp.dir/rosidl_typesupport_introspection_cpp/dobot_msgs_v4/srv/detail/set_user__type_support.cpp.o[0m
[25.608s] [ 58%] [32mBuilding C object CMakeFiles/dobot_msgs_v4__rosidl_typesupport_introspection_c.dir/rosidl_typesupport_introspection_c/dobot_msgs_v4/srv/detail/rel_mov_l_tool__type_support.c.o[0m
[25.622s] [ 58%] [32mBuilding C object CMakeFiles/dobot_msgs_v4__rosidl_typesupport_introspection_c.dir/rosidl_typesupport_introspection_c/dobot_msgs_v4/srv/detail/rel_mov_j_user__type_support.c.o[0m
[25.649s] [ 58%] [32mBuilding C object CMakeFiles/dobot_msgs_v4__rosidl_typesupport_introspection_c.dir/rosidl_typesupport_introspection_c/dobot_msgs_v4/srv/detail/rel_mov_l_user__type_support.c.o[0m
[25.663s] [ 59%] [32mBuilding C object CMakeFiles/dobot_msgs_v4__rosidl_typesupport_introspection_c.dir/rosidl_typesupport_introspection_c/dobot_msgs_v4/srv/detail/get_current_command_id__type_support.c.o[0m
[25.665s] [ 59%] [32mBuilding CXX object CMakeFiles/dobot_msgs_v4__rosidl_typesupport_fastrtps_c.dir/rosidl_typesupport_fastrtps_c/dobot_msgs_v4/srv/detail/run_script__type_support_c.cpp.o[0m
[25.672s] [ 59%] [32mBuilding CXX object CMakeFiles/dobot_msgs_v4__rosidl_typesupport_fastrtps_c.dir/rosidl_typesupport_fastrtps_c/dobot_msgs_v4/srv/detail/stop__type_support_c.cpp.o[0m
[25.676s] [ 59%] [32mBuilding CXX object CMakeFiles/dobot_msgs_v4__rosidl_typesupport_introspection_cpp.dir/rosidl_typesupport_introspection_cpp/dobot_msgs_v4/srv/detail/set_tool__type_support.cpp.o[0m
[25.684s] [ 59%] [32mBuilding CXX object CMakeFiles/dobot_msgs_v4__rosidl_typesupport_fastrtps_c.dir/rosidl_typesupport_fastrtps_c/dobot_msgs_v4/srv/detail/pause__type_support_c.cpp.o[0m
[25.703s] [ 59%] [32mBuilding CXX object CMakeFiles/dobot_msgs_v4__rosidl_typesupport_introspection_cpp.dir/rosidl_typesupport_introspection_cpp/dobot_msgs_v4/srv/detail/calc_user__type_support.cpp.o[0m
[25.718s] [ 59%] [32mBuilding C object CMakeFiles/dobot_msgs_v4__rosidl_typesupport_introspection_c.dir/rosidl_typesupport_introspection_c/dobot_msgs_v4/srv/detail/servo_j__type_support.c.o[0m
[25.720s] [ 59%] [32mBuilding CXX object CMakeFiles/dobot_msgs_v4__rosidl_typesupport_fastrtps_cpp.dir/rosidl_typesupport_fastrtps_cpp/dobot_msgs_v4/srv/detail/dds_fastrtps/do_instant__type_support.cpp.o[0m
[25.771s] [ 59%] [32mBuilding C object CMakeFiles/dobot_msgs_v4__rosidl_typesupport_introspection_c.dir/rosidl_typesupport_introspection_c/dobot_msgs_v4/srv/detail/servo_p__type_support.c.o[0m
[25.835s] [ 59%] [32mBuilding C object CMakeFiles/dobot_msgs_v4__rosidl_typesupport_introspection_c.dir/rosidl_typesupport_introspection_c/dobot_msgs_v4/srv/detail/tcp_dashboard__type_support.c.o[0m
[25.864s] [ 59%] [32mBuilding CXX object CMakeFiles/dobot_msgs_v4__rosidl_typesupport_fastrtps_cpp.dir/rosidl_typesupport_fastrtps_cpp/dobot_msgs_v4/srv/detail/dds_fastrtps/tool_do__type_support.cpp.o[0m
[25.892s] [ 59%] [32mBuilding C object CMakeFiles/dobot_msgs_v4__rosidl_typesupport_introspection_c.dir/rosidl_typesupport_introspection_c/dobot_msgs_v4/srv/detail/enable_ft_sensor__type_support.c.o[0m
[25.898s] [ 59%] [32mBuilding CXX object CMakeFiles/dobot_msgs_v4__rosidl_typesupport_fastrtps_c.dir/rosidl_typesupport_fastrtps_c/dobot_msgs_v4/srv/detail/continue__type_support_c.cpp.o[0m
[25.902s] [ 59%] [32mBuilding C object CMakeFiles/dobot_msgs_v4__rosidl_typesupport_introspection_c.dir/rosidl_typesupport_introspection_c/dobot_msgs_v4/srv/detail/six_force_home__type_support.c.o[0m
[25.918s] [ 59%] [32mBuilding C object CMakeFiles/dobot_msgs_v4__rosidl_typesupport_introspection_c.dir/rosidl_typesupport_introspection_c/dobot_msgs_v4/srv/detail/get_force__type_support.c.o[0m
[25.947s] [ 59%] [32mBuilding CXX object CMakeFiles/dobot_msgs_v4__rosidl_typesupport_fastrtps_c.dir/rosidl_typesupport_fastrtps_c/dobot_msgs_v4/srv/detail/positive_kin__type_support_c.cpp.o[0m
[25.952s] [ 59%] [32mBuilding CXX object CMakeFiles/dobot_msgs_v4__rosidl_typesupport_fastrtps_cpp.dir/rosidl_typesupport_fastrtps_cpp/dobot_msgs_v4/srv/detail/dds_fastrtps/tool_do_instant__type_support.cpp.o[0m
[25.963s] [ 59%] [32mBuilding C object CMakeFiles/dobot_msgs_v4__rosidl_typesupport_introspection_c.dir/rosidl_typesupport_introspection_c/dobot_msgs_v4/srv/detail/force_drive_mode__type_support.c.o[0m
[25.968s] [ 59%] [32mBuilding C object CMakeFiles/dobot_msgs_v4__rosidl_typesupport_introspection_c.dir/rosidl_typesupport_introspection_c/dobot_msgs_v4/srv/detail/force_drive_speed__type_support.c.o[0m
[25.969s] [ 59%] [32mBuilding C object CMakeFiles/dobot_msgs_v4__rosidl_typesupport_introspection_c.dir/rosidl_typesupport_introspection_c/dobot_msgs_v4/srv/detail/fc_force_mode__type_support.c.o[0m
[26.000s] [ 60%] [32mBuilding CXX object CMakeFiles/dobot_msgs_v4__rosidl_typesupport_fastrtps_cpp.dir/rosidl_typesupport_fastrtps_cpp/dobot_msgs_v4/srv/detail/dds_fastrtps/ao__type_support.cpp.o[0m
[26.016s] [ 60%] [32mBuilding CXX object CMakeFiles/dobot_msgs_v4__rosidl_typesupport_fastrtps_c.dir/rosidl_typesupport_fastrtps_c/dobot_msgs_v4/srv/detail/inverse_kin__type_support_c.cpp.o[0m
[26.017s] [ 60%] [32mBuilding CXX object CMakeFiles/dobot_msgs_v4__rosidl_typesupport_fastrtps_cpp.dir/rosidl_typesupport_fastrtps_cpp/dobot_msgs_v4/srv/detail/dds_fastrtps/ao_instant__type_support.cpp.o[0m
[26.022s] [ 60%] [32mBuilding C object CMakeFiles/dobot_msgs_v4__rosidl_typesupport_introspection_c.dir/rosidl_typesupport_introspection_c/dobot_msgs_v4/srv/detail/fc_set_deviation__type_support.c.o[0m
[26.033s] [ 60%] [32mBuilding CXX object CMakeFiles/dobot_msgs_v4__rosidl_typesupport_fastrtps_cpp.dir/rosidl_typesupport_fastrtps_cpp/dobot_msgs_v4/srv/detail/dds_fastrtps/acc_j__type_support.cpp.o[0m
[26.089s] [ 61%] [32mBuilding C object CMakeFiles/dobot_msgs_v4__rosidl_typesupport_introspection_c.dir/rosidl_typesupport_introspection_c/dobot_msgs_v4/srv/detail/fc_set_force_limit__type_support.c.o[0m
[26.124s] [ 61%] [32mBuilding CXX object CMakeFiles/dobot_msgs_v4__rosidl_typesupport_fastrtps_cpp.dir/rosidl_typesupport_fastrtps_cpp/dobot_msgs_v4/srv/detail/dds_fastrtps/acc_l__type_support.cpp.o[0m
[26.148s] [ 61%] [32mBuilding C object CMakeFiles/dobot_msgs_v4__rosidl_typesupport_introspection_c.dir/rosidl_typesupport_introspection_c/dobot_msgs_v4/srv/detail/fc_set_mass__type_support.c.o[0m
[26.169s] [ 61%] [32mBuilding CXX object CMakeFiles/dobot_msgs_v4__rosidl_typesupport_fastrtps_c.dir/rosidl_typesupport_fastrtps_c/dobot_msgs_v4/srv/detail/set_collision_level__type_support_c.cpp.o[0m
[26.208s] [ 61%] [32mBuilding C object CMakeFiles/dobot_msgs_v4__rosidl_typesupport_introspection_c.dir/rosidl_typesupport_introspection_c/dobot_msgs_v4/srv/detail/fc_set_stiffness__type_support.c.o[0m
[26.232s] [ 61%] [32mBuilding C object CMakeFiles/dobot_msgs_v4__rosidl_typesupport_introspection_c.dir/rosidl_typesupport_introspection_c/dobot_msgs_v4/srv/detail/fc_set_damping__type_support.c.o[0m
[26.232s] [ 61%] [32mBuilding CXX object CMakeFiles/dobot_msgs_v4__rosidl_typesupport_introspection_cpp.dir/rosidl_typesupport_introspection_cpp/dobot_msgs_v4/srv/detail/calc_tool__type_support.cpp.o[0m
[26.243s] [ 61%] [32mBuilding CXX object CMakeFiles/dobot_msgs_v4__rosidl_typesupport_fastrtps_cpp.dir/rosidl_typesupport_fastrtps_cpp/dobot_msgs_v4/srv/detail/dds_fastrtps/vel_j__type_support.cpp.o[0m
[26.249s] [ 61%] [32mBuilding CXX object CMakeFiles/dobot_msgs_v4__rosidl_typesupport_fastrtps_cpp.dir/rosidl_typesupport_fastrtps_cpp/dobot_msgs_v4/srv/detail/dds_fastrtps/vel_l__type_support.cpp.o[0m
[26.261s] [ 61%] [32mBuilding CXX object CMakeFiles/dobot_msgs_v4__rosidl_typesupport_fastrtps_cpp.dir/rosidl_typesupport_fastrtps_cpp/dobot_msgs_v4/srv/detail/dds_fastrtps/cp__type_support.cpp.o[0m
[26.280s] [ 61%] [32mBuilding C object CMakeFiles/dobot_msgs_v4__rosidl_typesupport_introspection_c.dir/rosidl_typesupport_introspection_c/dobot_msgs_v4/srv/detail/fc_off__type_support.c.o[0m
[26.328s] [ 61%] [32mBuilding C object CMakeFiles/dobot_msgs_v4__rosidl_typesupport_introspection_c.dir/rosidl_typesupport_introspection_c/dobot_msgs_v4/srv/detail/fc_set_force_speed_limit__type_support.c.o[0m
[26.378s] [ 61%] [32mBuilding C object CMakeFiles/dobot_msgs_v4__rosidl_typesupport_introspection_c.dir/rosidl_typesupport_introspection_c/dobot_msgs_v4/srv/detail/fc_set_force__type_support.c.o[0m
[26.385s] [ 61%] [32mBuilding CXX object CMakeFiles/dobot_msgs_v4__rosidl_typesupport_introspection_cpp.dir/rosidl_typesupport_introspection_cpp/dobot_msgs_v4/srv/detail/get_input_bool__type_support.cpp.o[0m
[26.427s] [ 61%] [32mBuilding C object CMakeFiles/dobot_msgs_v4__rosidl_typesupport_introspection_c.dir/rosidl_typesupport_introspection_c/dobot_msgs_v4/srv/detail/set_fc_collision__type_support.c.o[0m
[26.475s] [ 61%] [32mBuilding C object CMakeFiles/dobot_msgs_v4__rosidl_typesupport_introspection_c.dir/rosidl_typesupport_introspection_c/dobot_msgs_v4/srv/detail/fc_collision_switch__type_support.c.o[0m
[26.484s] [ 61%] [32mBuilding CXX object CMakeFiles/dobot_msgs_v4__rosidl_typesupport_fastrtps_c.dir/rosidl_typesupport_fastrtps_c/dobot_msgs_v4/srv/detail/get_angle__type_support_c.cpp.o[0m
[26.504s] [ 62%] [32mBuilding CXX object CMakeFiles/dobot_msgs_v4__rosidl_typesupport_introspection_cpp.dir/rosidl_typesupport_introspection_cpp/dobot_msgs_v4/srv/detail/get_input_int__type_support.cpp.o[0m
[26.536s] [ 62%] [32mBuilding C object CMakeFiles/dobot_msgs_v4__rosidl_typesupport_introspection_c.dir/rosidl_typesupport_introspection_c/dobot_msgs_v4/srv/detail/set_work_zone_enable__type_support.c.o[0m
[26.559s] [ 62%] [32mBuilding CXX object CMakeFiles/dobot_msgs_v4__rosidl_typesupport_fastrtps_cpp.dir/rosidl_typesupport_fastrtps_cpp/dobot_msgs_v4/srv/detail/dds_fastrtps/power_on__type_support.cpp.o[0m
[26.590s] [ 63%] [32mBuilding C object CMakeFiles/dobot_msgs_v4__rosidl_typesupport_introspection_c.dir/rosidl_typesupport_introspection_c/dobot_msgs_v4/srv/detail/get_tool_do__type_support.c.o[0m
[26.607s] [ 63%] [32mBuilding CXX object CMakeFiles/dobot_msgs_v4__rosidl_typesupport_introspection_cpp.dir/rosidl_typesupport_introspection_cpp/dobot_msgs_v4/srv/detail/get_input_float__type_support.cpp.o[0m
[26.640s] [ 63%] [32mBuilding C object CMakeFiles/dobot_msgs_v4__rosidl_typesupport_introspection_c.dir/rosidl_typesupport_introspection_c/dobot_msgs_v4/srv/detail/reset_robot__type_support.c.o[0m
[26.660s] [ 63%] [32mBuilding CXX object CMakeFiles/dobot_msgs_v4__rosidl_typesupport_fastrtps_cpp.dir/rosidl_typesupport_fastrtps_cpp/dobot_msgs_v4/srv/detail/dds_fastrtps/run_script__type_support.cpp.o[0m
[26.660s] [ 64%] [32mBuilding CXX object CMakeFiles/dobot_msgs_v4__rosidl_typesupport_fastrtps_c.dir/rosidl_typesupport_fastrtps_c/dobot_msgs_v4/srv/detail/get_pose__type_support_c.cpp.o[0m
[26.686s] [ 64%] [32mBuilding CXX object CMakeFiles/dobot_msgs_v4__rosidl_typesupport_introspection_cpp.dir/rosidl_typesupport_introspection_cpp/dobot_msgs_v4/srv/detail/get_output_bool__type_support.cpp.o[0m
[26.691s] [ 64%] [32mBuilding CXX object CMakeFiles/dobot_msgs_v4__rosidl_typesupport_fastrtps_c.dir/rosidl_typesupport_fastrtps_c/dobot_msgs_v4/srv/detail/emergency_stop__type_support_c.cpp.o[0m
[26.691s] [ 64%] [32mBuilding C object CMakeFiles/dobot_msgs_v4__rosidl_typesupport_introspection_c.dir/rosidl_typesupport_introspection_c/dobot_msgs_v4/srv/detail/run_to__type_support.c.o[0m
[26.732s] [ 64%] [32mBuilding CXX object CMakeFiles/dobot_msgs_v4__rosidl_typesupport_introspection_cpp.dir/rosidl_typesupport_introspection_cpp/dobot_msgs_v4/srv/detail/get_output_int__type_support.cpp.o[0m
[26.744s] [ 64%] [32mBuilding C object CMakeFiles/dobot_msgs_v4__rosidl_typesupport_introspection_c.dir/rosidl_typesupport_introspection_c/dobot_msgs_v4/srv/detail/start_rt_offset__type_support.c.o[0m
[26.796s] [ 64%] [32mBuilding C object CMakeFiles/dobot_msgs_v4__rosidl_typesupport_introspection_c.dir/rosidl_typesupport_introspection_c/dobot_msgs_v4/srv/detail/end_rt_offset__type_support.c.o[0m
[26.810s] [ 64%] [32mBuilding CXX object CMakeFiles/dobot_msgs_v4__rosidl_typesupport_fastrtps_c.dir/rosidl_typesupport_fastrtps_c/dobot_msgs_v4/srv/detail/modbus_rtu_create__type_support_c.cpp.o[0m
[26.846s] [ 64%] [32mBuilding C object CMakeFiles/dobot_msgs_v4__rosidl_typesupport_introspection_c.dir/rosidl_typesupport_introspection_c/dobot_msgs_v4/srv/detail/get_error__type_support.c.o[0m
[26.868s] [ 64%] [32mBuilding CXX object CMakeFiles/dobot_msgs_v4__rosidl_typesupport_fastrtps_cpp.dir/rosidl_typesupport_fastrtps_cpp/dobot_msgs_v4/srv/detail/dds_fastrtps/stop__type_support.cpp.o[0m
[26.868s] [ 64%] [32mBuilding CXX object CMakeFiles/dobot_msgs_v4__rosidl_typesupport_fastrtps_c.dir/rosidl_typesupport_fastrtps_c/dobot_msgs_v4/srv/detail/modbus_create__type_support_c.cpp.o[0m
[26.889s] [ 64%] [32mBuilding CXX object CMakeFiles/dobot_msgs_v4__rosidl_typesupport_fastrtps_c.dir/rosidl_typesupport_fastrtps_c/dobot_msgs_v4/srv/detail/modbus_close__type_support_c.cpp.o[0m
[26.896s] [ 64%] [32mBuilding C object CMakeFiles/dobot_msgs_v4__rosidl_typesupport_introspection_c.dir/rosidl_typesupport_introspection_c/dobot_msgs_v4/srv/detail/do_group_dec__type_support.c.o[0m
[26.904s] [ 64%] [32mBuilding CXX object CMakeFiles/dobot_msgs_v4__rosidl_typesupport_fastrtps_c.dir/rosidl_typesupport_fastrtps_c/dobot_msgs_v4/srv/detail/get_in_bits__type_support_c.cpp.o[0m
[26.946s] [ 64%] [32mBuilding C object CMakeFiles/dobot_msgs_v4__rosidl_typesupport_introspection_c.dir/rosidl_typesupport_introspection_c/dobot_msgs_v4/srv/detail/get_do_group_dec__type_support.c.o[0m
[26.963s] [ 64%] [32mBuilding C object CMakeFiles/dobot_msgs_v4__rosidl_typesupport_introspection_c.dir/rosidl_typesupport_introspection_c/dobot_msgs_v4/srv/detail/di_group_dec__type_support.c.o[0m
[26.996s] [ 64%] [32mBuilding C object CMakeFiles/dobot_msgs_v4__rosidl_typesupport_introspection_c.dir/rosidl_typesupport_introspection_c/dobot_msgs_v4/srv/detail/request_control__type_support.c.o[0m
[27.000s] [ 64%] [32mBuilding CXX object CMakeFiles/dobot_msgs_v4__rosidl_typesupport_fastrtps_c.dir/rosidl_typesupport_fastrtps_c/dobot_msgs_v4/srv/detail/get_in_regs__type_support_c.cpp.o[0m
[27.016s] [ 64%] [32mBuilding CXX object CMakeFiles/dobot_msgs_v4__rosidl_typesupport_fastrtps_c.dir/rosidl_typesupport_fastrtps_c/dobot_msgs_v4/srv/detail/get_coils__type_support_c.cpp.o[0m
[27.048s] [ 65%] [32mBuilding C object CMakeFiles/dobot_msgs_v4__rosidl_typesupport_introspection_c.dir/rosidl_typesupport_introspection_c/dobot_msgs_v4/srv/detail/check_odd_mov_l__type_support.c.o[0m
[27.082s] [ 66%] [32mBuilding CXX object CMakeFiles/dobot_msgs_v4__rosidl_typesupport_fastrtps_cpp.dir/rosidl_typesupport_fastrtps_cpp/dobot_msgs_v4/srv/detail/dds_fastrtps/pause__type_support.cpp.o[0m
[27.109s] [ 66%] [32mBuilding C object CMakeFiles/dobot_msgs_v4__rosidl_typesupport_introspection_c.dir/rosidl_typesupport_introspection_c/dobot_msgs_v4/srv/detail/check_odd_mov_j__type_support.c.o[0m
[27.110s] [ 66%] [32mBuilding C object CMakeFiles/dobot_msgs_v4__rosidl_typesupport_introspection_c.dir/rosidl_typesupport_introspection_c/dobot_msgs_v4/srv/detail/check_odd_mov_c__type_support.c.o[0m
[27.164s] [ 66%] [32mBuilding CXX object CMakeFiles/dobot_msgs_v4__rosidl_typesupport_fastrtps_c.dir/rosidl_typesupport_fastrtps_c/dobot_msgs_v4/srv/detail/set_coils__type_support_c.cpp.o[0m
[27.164s] [ 66%] [32m[1mLinking C shared library libdobot_msgs_v4__rosidl_typesupport_introspection_c.so[0m
[27.186s] [ 66%] [32mBuilding CXX object CMakeFiles/dobot_msgs_v4__rosidl_typesupport_fastrtps_c.dir/rosidl_typesupport_fastrtps_c/dobot_msgs_v4/srv/detail/get_hold_regs__type_support_c.cpp.o[0m
[27.237s] [ 66%] [32mBuilding CXX object CMakeFiles/dobot_msgs_v4__rosidl_typesupport_introspection_cpp.dir/rosidl_typesupport_introspection_cpp/dobot_msgs_v4/srv/detail/get_output_float__type_support.cpp.o[0m
[27.250s] [ 66%] [32mBuilding CXX object CMakeFiles/dobot_msgs_v4__rosidl_typesupport_fastrtps_cpp.dir/rosidl_typesupport_fastrtps_cpp/dobot_msgs_v4/srv/detail/dds_fastrtps/continue__type_support.cpp.o[0m
[27.253s] [ 66%] [32mBuilding CXX object CMakeFiles/dobot_msgs_v4__rosidl_typesupport_fastrtps_cpp.dir/rosidl_typesupport_fastrtps_cpp/dobot_msgs_v4/srv/detail/dds_fastrtps/positive_kin__type_support.cpp.o[0m
[27.268s] [ 66%] [32mBuilding CXX object CMakeFiles/dobot_msgs_v4__rosidl_typesupport_introspection_cpp.dir/rosidl_typesupport_introspection_cpp/dobot_msgs_v4/srv/detail/set_output_bool__type_support.cpp.o[0m
[27.281s] [ 66%] Built target dobot_msgs_v4__rosidl_typesupport_introspection_c
[27.292s] [ 66%] [32mBuilding CXX object CMakeFiles/dobot_msgs_v4__rosidl_typesupport_introspection_cpp.dir/rosidl_typesupport_introspection_cpp/dobot_msgs_v4/srv/detail/set_output_int__type_support.cpp.o[0m
[27.351s] [ 66%] [32mBuilding CXX object CMakeFiles/dobot_msgs_v4__rosidl_typesupport_fastrtps_c.dir/rosidl_typesupport_fastrtps_c/dobot_msgs_v4/srv/detail/set_hold_regs__type_support_c.cpp.o[0m
[27.399s] [ 66%] [32mBuilding CXX object CMakeFiles/dobot_msgs_v4__rosidl_typesupport_introspection_cpp.dir/rosidl_typesupport_introspection_cpp/dobot_msgs_v4/srv/detail/set_output_float__type_support.cpp.o[0m
[27.439s] [ 66%] [32mBuilding CXX object CMakeFiles/dobot_msgs_v4__rosidl_typesupport_introspection_cpp.dir/rosidl_typesupport_introspection_cpp/dobot_msgs_v4/srv/detail/mov_lio__type_support.cpp.o[0m
[27.463s] [ 66%] [32mBuilding CXX object CMakeFiles/dobot_msgs_v4__rosidl_typesupport_fastrtps_cpp.dir/rosidl_typesupport_fastrtps_cpp/dobot_msgs_v4/srv/detail/dds_fastrtps/inverse_kin__type_support.cpp.o[0m
[27.516s] [ 66%] [32mBuilding CXX object CMakeFiles/dobot_msgs_v4__rosidl_typesupport_introspection_cpp.dir/rosidl_typesupport_introspection_cpp/dobot_msgs_v4/srv/detail/mov_jio__type_support.cpp.o[0m
[27.554s] [ 67%] [32mBuilding CXX object CMakeFiles/dobot_msgs_v4__rosidl_typesupport_introspection_cpp.dir/rosidl_typesupport_introspection_cpp/dobot_msgs_v4/srv/detail/arc__type_support.cpp.o[0m
[27.571s] [ 68%] [32mBuilding CXX object CMakeFiles/dobot_msgs_v4__rosidl_typesupport_fastrtps_c.dir/rosidl_typesupport_fastrtps_c/dobot_msgs_v4/srv/detail/set_safe_skin__type_support_c.cpp.o[0m
[27.594s] [ 68%] [32mBuilding CXX object CMakeFiles/dobot_msgs_v4__rosidl_typesupport_fastrtps_cpp.dir/rosidl_typesupport_fastrtps_cpp/dobot_msgs_v4/srv/detail/dds_fastrtps/set_collision_level__type_support.cpp.o[0m
[27.722s] [ 68%] [32mBuilding CXX object CMakeFiles/dobot_msgs_v4__rosidl_typesupport_fastrtps_cpp.dir/rosidl_typesupport_fastrtps_cpp/dobot_msgs_v4/srv/detail/dds_fastrtps/get_angle__type_support.cpp.o[0m
[27.745s] [ 68%] [32mBuilding CXX object CMakeFiles/dobot_msgs_v4__rosidl_typesupport_fastrtps_c.dir/rosidl_typesupport_fastrtps_c/dobot_msgs_v4/srv/detail/mov_j__type_support_c.cpp.o[0m
[27.754s] [ 68%] [32mBuilding CXX object CMakeFiles/dobot_msgs_v4__rosidl_typesupport_fastrtps_c.dir/rosidl_typesupport_fastrtps_c/dobot_msgs_v4/srv/detail/mov_l__type_support_c.cpp.o[0m
[27.787s] [ 68%] [32mBuilding CXX object CMakeFiles/dobot_msgs_v4__rosidl_typesupport_introspection_cpp.dir/rosidl_typesupport_introspection_cpp/dobot_msgs_v4/srv/detail/circle__type_support.cpp.o[0m
[27.793s] [ 68%] [32mBuilding CXX object CMakeFiles/dobot_msgs_v4__rosidl_typesupport_fastrtps_cpp.dir/rosidl_typesupport_fastrtps_cpp/dobot_msgs_v4/srv/detail/dds_fastrtps/get_pose__type_support.cpp.o[0m
[27.862s] [ 68%] [32mBuilding CXX object CMakeFiles/dobot_msgs_v4__rosidl_typesupport_introspection_cpp.dir/rosidl_typesupport_introspection_cpp/dobot_msgs_v4/srv/detail/rel_mov_j_tool__type_support.cpp.o[0m
[27.898s] [ 68%] [32mBuilding CXX object CMakeFiles/dobot_msgs_v4__rosidl_typesupport_introspection_cpp.dir/rosidl_typesupport_introspection_cpp/dobot_msgs_v4/srv/detail/rel_mov_l_tool__type_support.cpp.o[0m
[27.901s] [ 68%] [32mBuilding CXX object CMakeFiles/dobot_msgs_v4__rosidl_typesupport_fastrtps_cpp.dir/rosidl_typesupport_fastrtps_cpp/dobot_msgs_v4/srv/detail/dds_fastrtps/emergency_stop__type_support.cpp.o[0m
[27.919s] [ 68%] [32mBuilding CXX object CMakeFiles/dobot_msgs_v4__rosidl_typesupport_introspection_cpp.dir/rosidl_typesupport_introspection_cpp/dobot_msgs_v4/srv/detail/rel_mov_j_user__type_support.cpp.o[0m
[27.941s] [ 68%] [32mBuilding CXX object CMakeFiles/dobot_msgs_v4__rosidl_typesupport_fastrtps_c.dir/rosidl_typesupport_fastrtps_c/dobot_msgs_v4/srv/detail/rel_joint_mov_j__type_support_c.cpp.o[0m
[28.005s] [ 68%] [32mBuilding CXX object CMakeFiles/dobot_msgs_v4__rosidl_typesupport_introspection_cpp.dir/rosidl_typesupport_introspection_cpp/dobot_msgs_v4/srv/detail/rel_mov_l_user__type_support.cpp.o[0m
[28.085s] [ 68%] [32mBuilding CXX object CMakeFiles/dobot_msgs_v4__rosidl_typesupport_fastrtps_c.dir/rosidl_typesupport_fastrtps_c/dobot_msgs_v4/srv/detail/move_jog__type_support_c.cpp.o[0m
[28.107s] [ 68%] [32mBuilding CXX object CMakeFiles/dobot_msgs_v4__rosidl_typesupport_fastrtps_cpp.dir/rosidl_typesupport_fastrtps_cpp/dobot_msgs_v4/srv/detail/dds_fastrtps/modbus_rtu_create__type_support.cpp.o[0m
[28.160s] [ 68%] [32mBuilding CXX object CMakeFiles/dobot_msgs_v4__rosidl_typesupport_fastrtps_c.dir/rosidl_typesupport_fastrtps_c/dobot_msgs_v4/srv/detail/stop_move_jog__type_support_c.cpp.o[0m
[28.184s] [ 68%] [32mBuilding CXX object CMakeFiles/dobot_msgs_v4__rosidl_typesupport_fastrtps_c.dir/rosidl_typesupport_fastrtps_c/dobot_msgs_v4/srv/detail/do_group__type_support_c.cpp.o[0m
[28.217s] [ 68%] [32mBuilding CXX object CMakeFiles/dobot_msgs_v4__rosidl_typesupport_introspection_cpp.dir/rosidl_typesupport_introspection_cpp/dobot_msgs_v4/srv/detail/get_current_command_id__type_support.cpp.o[0m
[28.338s] [ 68%] [32mBuilding CXX object CMakeFiles/dobot_msgs_v4__rosidl_typesupport_introspection_cpp.dir/rosidl_typesupport_introspection_cpp/dobot_msgs_v4/srv/detail/servo_j__type_support.cpp.o[0m
[28.339s] [ 68%] [32mBuilding CXX object CMakeFiles/dobot_msgs_v4__rosidl_typesupport_fastrtps_cpp.dir/rosidl_typesupport_fastrtps_cpp/dobot_msgs_v4/srv/detail/dds_fastrtps/modbus_create__type_support.cpp.o[0m
[28.359s] [ 68%] [32mBuilding CXX object CMakeFiles/dobot_msgs_v4__rosidl_typesupport_fastrtps_cpp.dir/rosidl_typesupport_fastrtps_cpp/dobot_msgs_v4/srv/detail/dds_fastrtps/modbus_close__type_support.cpp.o[0m
[28.440s] [ 68%] [32mBuilding CXX object CMakeFiles/dobot_msgs_v4__rosidl_typesupport_introspection_cpp.dir/rosidl_typesupport_introspection_cpp/dobot_msgs_v4/srv/detail/servo_p__type_support.cpp.o[0m
[28.443s] [ 69%] [32mBuilding CXX object CMakeFiles/dobot_msgs_v4__rosidl_typesupport_fastrtps_cpp.dir/rosidl_typesupport_fastrtps_cpp/dobot_msgs_v4/srv/detail/dds_fastrtps/get_in_bits__type_support.cpp.o[0m
[28.462s] [ 69%] [32mBuilding CXX object CMakeFiles/dobot_msgs_v4__rosidl_typesupport_fastrtps_cpp.dir/rosidl_typesupport_fastrtps_cpp/dobot_msgs_v4/srv/detail/dds_fastrtps/get_in_regs__type_support.cpp.o[0m
[28.462s] [ 69%] [32mBuilding CXX object CMakeFiles/dobot_msgs_v4__rosidl_typesupport_fastrtps_c.dir/rosidl_typesupport_fastrtps_c/dobot_msgs_v4/srv/detail/brake_control__type_support_c.cpp.o[0m
[28.474s] [ 69%] [32mBuilding CXX object CMakeFiles/dobot_msgs_v4__rosidl_typesupport_fastrtps_c.dir/rosidl_typesupport_fastrtps_c/dobot_msgs_v4/srv/detail/start_drag__type_support_c.cpp.o[0m
[28.543s] [ 69%] [32mBuilding CXX object CMakeFiles/dobot_msgs_v4__rosidl_typesupport_fastrtps_cpp.dir/rosidl_typesupport_fastrtps_cpp/dobot_msgs_v4/srv/detail/dds_fastrtps/get_coils__type_support.cpp.o[0m
[28.567s] [ 69%] [32mBuilding CXX object CMakeFiles/dobot_msgs_v4__rosidl_typesupport_fastrtps_cpp.dir/rosidl_typesupport_fastrtps_cpp/dobot_msgs_v4/srv/detail/dds_fastrtps/set_coils__type_support.cpp.o[0m
[28.591s] [ 69%] [32mBuilding CXX object CMakeFiles/dobot_msgs_v4__rosidl_typesupport_fastrtps_cpp.dir/rosidl_typesupport_fastrtps_cpp/dobot_msgs_v4/srv/detail/dds_fastrtps/get_hold_regs__type_support.cpp.o[0m
[28.690s] [ 69%] [32mBuilding CXX object CMakeFiles/dobot_msgs_v4__rosidl_typesupport_fastrtps_cpp.dir/rosidl_typesupport_fastrtps_cpp/dobot_msgs_v4/srv/detail/dds_fastrtps/set_hold_regs__type_support.cpp.o[0m
[28.719s] [ 69%] [32mBuilding CXX object CMakeFiles/dobot_msgs_v4__rosidl_typesupport_introspection_cpp.dir/rosidl_typesupport_introspection_cpp/dobot_msgs_v4/srv/detail/tcp_dashboard__type_support.cpp.o[0m
[28.761s] [ 69%] [32mBuilding CXX object CMakeFiles/dobot_msgs_v4__rosidl_typesupport_fastrtps_cpp.dir/rosidl_typesupport_fastrtps_cpp/dobot_msgs_v4/srv/detail/dds_fastrtps/set_safe_skin__type_support.cpp.o[0m
[28.779s] [ 69%] [32mBuilding CXX object CMakeFiles/dobot_msgs_v4__rosidl_typesupport_introspection_cpp.dir/rosidl_typesupport_introspection_cpp/dobot_msgs_v4/srv/detail/enable_ft_sensor__type_support.cpp.o[0m
[28.779s] [ 69%] [32mBuilding CXX object CMakeFiles/dobot_msgs_v4__rosidl_typesupport_fastrtps_cpp.dir/rosidl_typesupport_fastrtps_cpp/dobot_msgs_v4/srv/detail/dds_fastrtps/mov_j__type_support.cpp.o[0m
[28.920s] [ 69%] [32mBuilding CXX object CMakeFiles/dobot_msgs_v4__rosidl_typesupport_fastrtps_c.dir/rosidl_typesupport_fastrtps_c/dobot_msgs_v4/srv/detail/enable_safe_skin__type_support_c.cpp.o[0m
[28.980s] [ 70%] [32mBuilding CXX object CMakeFiles/dobot_msgs_v4__rosidl_typesupport_fastrtps_c.dir/rosidl_typesupport_fastrtps_c/dobot_msgs_v4/srv/detail/get_start_pose__type_support_c.cpp.o[0m
[29.019s] [ 70%] [32mBuilding CXX object CMakeFiles/dobot_msgs_v4__rosidl_typesupport_fastrtps_c.dir/rosidl_typesupport_fastrtps_c/dobot_msgs_v4/srv/detail/start_path__type_support_c.cpp.o[0m
[29.019s] [ 70%] [32mBuilding CXX object CMakeFiles/dobot_msgs_v4__rosidl_typesupport_fastrtps_c.dir/rosidl_typesupport_fastrtps_c/dobot_msgs_v4/srv/detail/inverse_solution__type_support_c.cpp.o[0m
[29.053s] [ 70%] [32mBuilding CXX object CMakeFiles/dobot_msgs_v4__rosidl_typesupport_fastrtps_cpp.dir/rosidl_typesupport_fastrtps_cpp/dobot_msgs_v4/srv/detail/dds_fastrtps/mov_l__type_support.cpp.o[0m
[29.054s] [ 71%] [32mBuilding CXX object CMakeFiles/dobot_msgs_v4__rosidl_typesupport_introspection_cpp.dir/rosidl_typesupport_introspection_cpp/dobot_msgs_v4/srv/detail/six_force_home__type_support.cpp.o[0m
[29.120s] [ 71%] [32mBuilding CXX object CMakeFiles/dobot_msgs_v4__rosidl_typesupport_introspection_cpp.dir/rosidl_typesupport_introspection_cpp/dobot_msgs_v4/srv/detail/get_force__type_support.cpp.o[0m
[29.182s] [ 71%] [32mBuilding CXX object CMakeFiles/dobot_msgs_v4__rosidl_typesupport_fastrtps_c.dir/rosidl_typesupport_fastrtps_c/dobot_msgs_v4/srv/detail/get_error_id__type_support_c.cpp.o[0m
[29.236s] [ 71%] [32mBuilding CXX object CMakeFiles/dobot_msgs_v4__rosidl_typesupport_fastrtps_cpp.dir/rosidl_typesupport_fastrtps_cpp/dobot_msgs_v4/srv/detail/dds_fastrtps/rel_joint_mov_j__type_support.cpp.o[0m
[29.247s] [ 72%] [32mBuilding CXX object CMakeFiles/dobot_msgs_v4__rosidl_typesupport_fastrtps_cpp.dir/rosidl_typesupport_fastrtps_cpp/dobot_msgs_v4/srv/detail/dds_fastrtps/move_jog__type_support.cpp.o[0m
[29.275s] [ 72%] [32mBuilding CXX object CMakeFiles/dobot_msgs_v4__rosidl_typesupport_fastrtps_cpp.dir/rosidl_typesupport_fastrtps_cpp/dobot_msgs_v4/srv/detail/dds_fastrtps/stop_move_jog__type_support.cpp.o[0m
[29.279s] [ 72%] [32mBuilding CXX object CMakeFiles/dobot_msgs_v4__rosidl_typesupport_fastrtps_c.dir/rosidl_typesupport_fastrtps_c/dobot_msgs_v4/srv/detail/di__type_support_c.cpp.o[0m
[29.307s] [ 72%] [32mBuilding CXX object CMakeFiles/dobot_msgs_v4__rosidl_typesupport_fastrtps_c.dir/rosidl_typesupport_fastrtps_c/dobot_msgs_v4/srv/detail/tool_di__type_support_c.cpp.o[0m
[29.364s] [ 72%] [32mBuilding CXX object CMakeFiles/dobot_msgs_v4__rosidl_typesupport_fastrtps_c.dir/rosidl_typesupport_fastrtps_c/dobot_msgs_v4/srv/detail/ai__type_support_c.cpp.o[0m
[29.471s] [ 72%] [32mBuilding CXX object CMakeFiles/dobot_msgs_v4__rosidl_typesupport_fastrtps_c.dir/rosidl_typesupport_fastrtps_c/dobot_msgs_v4/srv/detail/tool_ai__type_support_c.cpp.o[0m
[29.550s] [ 72%] [32mBuilding CXX object CMakeFiles/dobot_msgs_v4__rosidl_typesupport_fastrtps_cpp.dir/rosidl_typesupport_fastrtps_cpp/dobot_msgs_v4/srv/detail/dds_fastrtps/do_group__type_support.cpp.o[0m
[29.570s] [ 72%] [32mBuilding CXX object CMakeFiles/dobot_msgs_v4__rosidl_typesupport_introspection_cpp.dir/rosidl_typesupport_introspection_cpp/dobot_msgs_v4/srv/detail/force_drive_mode__type_support.cpp.o[0m
[29.602s] [ 72%] [32mBuilding CXX object CMakeFiles/dobot_msgs_v4__rosidl_typesupport_introspection_cpp.dir/rosidl_typesupport_introspection_cpp/dobot_msgs_v4/srv/detail/force_drive_speed__type_support.cpp.o[0m
[29.680s] [ 72%] [32mBuilding CXX object CMakeFiles/dobot_msgs_v4__rosidl_typesupport_introspection_cpp.dir/rosidl_typesupport_introspection_cpp/dobot_msgs_v4/srv/detail/fc_force_mode__type_support.cpp.o[0m
[29.707s] [ 72%] [32mBuilding CXX object CMakeFiles/dobot_msgs_v4__rosidl_typesupport_fastrtps_c.dir/rosidl_typesupport_fastrtps_c/dobot_msgs_v4/srv/detail/di_group__type_support_c.cpp.o[0m
[29.718s] [ 72%] [32mBuilding CXX object CMakeFiles/dobot_msgs_v4__rosidl_typesupport_introspection_cpp.dir/rosidl_typesupport_introspection_cpp/dobot_msgs_v4/srv/detail/fc_set_deviation__type_support.cpp.o[0m
[29.766s] [ 72%] [32mBuilding CXX object CMakeFiles/dobot_msgs_v4__rosidl_typesupport_fastrtps_cpp.dir/rosidl_typesupport_fastrtps_cpp/dobot_msgs_v4/srv/detail/dds_fastrtps/brake_control__type_support.cpp.o[0m
[29.866s] [ 72%] [32mBuilding CXX object CMakeFiles/dobot_msgs_v4__rosidl_typesupport_introspection_cpp.dir/rosidl_typesupport_introspection_cpp/dobot_msgs_v4/srv/detail/fc_set_force_limit__type_support.cpp.o[0m
[29.908s] [ 72%] [32mBuilding CXX object CMakeFiles/dobot_msgs_v4__rosidl_typesupport_fastrtps_cpp.dir/rosidl_typesupport_fastrtps_cpp/dobot_msgs_v4/srv/detail/dds_fastrtps/start_drag__type_support.cpp.o[0m
[29.926s] [ 72%] [32mBuilding CXX object CMakeFiles/dobot_msgs_v4__rosidl_typesupport_fastrtps_cpp.dir/rosidl_typesupport_fastrtps_cpp/dobot_msgs_v4/srv/detail/dds_fastrtps/enable_safe_skin__type_support.cpp.o[0m
[29.934s] [ 72%] [32mBuilding CXX object CMakeFiles/dobot_msgs_v4__rosidl_typesupport_introspection_cpp.dir/rosidl_typesupport_introspection_cpp/dobot_msgs_v4/srv/detail/fc_set_mass__type_support.cpp.o[0m
[29.970s] [ 72%] [32mBuilding CXX object CMakeFiles/dobot_msgs_v4__rosidl_typesupport_fastrtps_cpp.dir/rosidl_typesupport_fastrtps_cpp/dobot_msgs_v4/srv/detail/dds_fastrtps/get_start_pose__type_support.cpp.o[0m
[30.054s] [ 72%] [32mBuilding CXX object CMakeFiles/dobot_msgs_v4__rosidl_typesupport_fastrtps_cpp.dir/rosidl_typesupport_fastrtps_cpp/dobot_msgs_v4/srv/detail/dds_fastrtps/start_path__type_support.cpp.o[0m
[30.073s] [ 72%] [32mBuilding CXX object CMakeFiles/dobot_msgs_v4__rosidl_typesupport_introspection_cpp.dir/rosidl_typesupport_introspection_cpp/dobot_msgs_v4/srv/detail/fc_set_stiffness__type_support.cpp.o[0m
[30.098s] [ 72%] [32mBuilding CXX object CMakeFiles/dobot_msgs_v4__rosidl_typesupport_introspection_cpp.dir/rosidl_typesupport_introspection_cpp/dobot_msgs_v4/srv/detail/fc_set_damping__type_support.cpp.o[0m
[30.113s] [ 72%] [32mBuilding CXX object CMakeFiles/dobot_msgs_v4__rosidl_typesupport_fastrtps_cpp.dir/rosidl_typesupport_fastrtps_cpp/dobot_msgs_v4/srv/detail/dds_fastrtps/inverse_solution__type_support.cpp.o[0m
[30.149s] [ 72%] [32mBuilding CXX object CMakeFiles/dobot_msgs_v4__rosidl_typesupport_fastrtps_cpp.dir/rosidl_typesupport_fastrtps_cpp/dobot_msgs_v4/srv/detail/dds_fastrtps/get_error_id__type_support.cpp.o[0m
[30.177s] [ 73%] [32mBuilding CXX object CMakeFiles/dobot_msgs_v4__rosidl_typesupport_fastrtps_cpp.dir/rosidl_typesupport_fastrtps_cpp/dobot_msgs_v4/srv/detail/dds_fastrtps/di__type_support.cpp.o[0m
[30.249s] [ 73%] [32mBuilding CXX object CMakeFiles/dobot_msgs_v4__rosidl_typesupport_fastrtps_c.dir/rosidl_typesupport_fastrtps_c/dobot_msgs_v4/srv/detail/stop_drag__type_support_c.cpp.o[0m
[30.351s] [ 74%] [32mBuilding CXX object CMakeFiles/dobot_msgs_v4__rosidl_typesupport_fastrtps_c.dir/rosidl_typesupport_fastrtps_c/dobot_msgs_v4/srv/detail/drag_sensivity__type_support_c.cpp.o[0m
[30.355s] [ 74%] [32mBuilding CXX object CMakeFiles/dobot_msgs_v4__rosidl_typesupport_fastrtps_c.dir/rosidl_typesupport_fastrtps_c/dobot_msgs_v4/srv/detail/get_do__type_support_c.cpp.o[0m
[30.357s] [ 74%] [32mBuilding CXX object CMakeFiles/dobot_msgs_v4__rosidl_typesupport_fastrtps_c.dir/rosidl_typesupport_fastrtps_c/dobot_msgs_v4/srv/detail/get_ao__type_support_c.cpp.o[0m
[30.469s] [ 74%] [32mBuilding CXX object CMakeFiles/dobot_msgs_v4__rosidl_typesupport_fastrtps_c.dir/rosidl_typesupport_fastrtps_c/dobot_msgs_v4/srv/detail/get_do_group__type_support_c.cpp.o[0m
[30.532s] [ 74%] [32mBuilding CXX object CMakeFiles/dobot_msgs_v4__rosidl_typesupport_fastrtps_c.dir/rosidl_typesupport_fastrtps_c/dobot_msgs_v4/srv/detail/set_tool485__type_support_c.cpp.o[0m
[30.555s] [ 74%] [32mBuilding CXX object CMakeFiles/dobot_msgs_v4__rosidl_typesupport_fastrtps_c.dir/rosidl_typesupport_fastrtps_c/dobot_msgs_v4/srv/detail/set_safe_wall_enable__type_support_c.cpp.o[0m
[30.645s] [ 75%] [32mBuilding CXX object CMakeFiles/dobot_msgs_v4__rosidl_typesupport_introspection_cpp.dir/rosidl_typesupport_introspection_cpp/dobot_msgs_v4/srv/detail/fc_off__type_support.cpp.o[0m
[30.671s] [ 75%] [32mBuilding CXX object CMakeFiles/dobot_msgs_v4__rosidl_typesupport_fastrtps_c.dir/rosidl_typesupport_fastrtps_c/dobot_msgs_v4/srv/detail/set_tool_power__type_support_c.cpp.o[0m
[30.674s] [ 75%] [32mBuilding CXX object CMakeFiles/dobot_msgs_v4__rosidl_typesupport_introspection_cpp.dir/rosidl_typesupport_introspection_cpp/dobot_msgs_v4/srv/detail/fc_set_force_speed_limit__type_support.cpp.o[0m
[30.690s] [ 75%] [32mBuilding CXX object CMakeFiles/dobot_msgs_v4__rosidl_typesupport_fastrtps_c.dir/rosidl_typesupport_fastrtps_c/dobot_msgs_v4/srv/detail/set_tool_mode__type_support_c.cpp.o[0m
[30.763s] [ 75%] [32mBuilding CXX object CMakeFiles/dobot_msgs_v4__rosidl_typesupport_introspection_cpp.dir/rosidl_typesupport_introspection_cpp/dobot_msgs_v4/srv/detail/fc_set_force__type_support.cpp.o[0m
[30.865s] [ 75%] [32mBuilding CXX object CMakeFiles/dobot_msgs_v4__rosidl_typesupport_fastrtps_cpp.dir/rosidl_typesupport_fastrtps_cpp/dobot_msgs_v4/srv/detail/dds_fastrtps/tool_di__type_support.cpp.o[0m
[30.868s] [ 75%] [32mBuilding CXX object CMakeFiles/dobot_msgs_v4__rosidl_typesupport_introspection_cpp.dir/rosidl_typesupport_introspection_cpp/dobot_msgs_v4/srv/detail/set_fc_collision__type_support.cpp.o[0m
[30.874s] [ 75%] [32mBuilding CXX object CMakeFiles/dobot_msgs_v4__rosidl_typesupport_fastrtps_c.dir/rosidl_typesupport_fastrtps_c/dobot_msgs_v4/srv/detail/set_back_distance__type_support_c.cpp.o[0m
[30.890s] [ 75%] [32mBuilding CXX object CMakeFiles/dobot_msgs_v4__rosidl_typesupport_introspection_cpp.dir/rosidl_typesupport_introspection_cpp/dobot_msgs_v4/srv/detail/fc_collision_switch__type_support.cpp.o[0m
[30.944s] [ 75%] [32mBuilding CXX object CMakeFiles/dobot_msgs_v4__rosidl_typesupport_fastrtps_c.dir/rosidl_typesupport_fastrtps_c/dobot_msgs_v4/srv/detail/set_post_collision_mode__type_support_c.cpp.o[0m
[30.976s] [ 75%] [32mBuilding CXX object CMakeFiles/dobot_msgs_v4__rosidl_typesupport_fastrtps_cpp.dir/rosidl_typesupport_fastrtps_cpp/dobot_msgs_v4/srv/detail/dds_fastrtps/ai__type_support.cpp.o[0m
[31.027s] [ 75%] [32mBuilding CXX object CMakeFiles/dobot_msgs_v4__rosidl_typesupport_introspection_cpp.dir/rosidl_typesupport_introspection_cpp/dobot_msgs_v4/srv/detail/set_work_zone_enable__type_support.cpp.o[0m
[31.104s] [ 75%] [32mBuilding CXX object CMakeFiles/dobot_msgs_v4__rosidl_typesupport_fastrtps_c.dir/rosidl_typesupport_fastrtps_c/dobot_msgs_v4/srv/detail/set_user__type_support_c.cpp.o[0m
[31.110s] [ 75%] [32mBuilding CXX object CMakeFiles/dobot_msgs_v4__rosidl_typesupport_fastrtps_cpp.dir/rosidl_typesupport_fastrtps_cpp/dobot_msgs_v4/srv/detail/dds_fastrtps/tool_ai__type_support.cpp.o[0m
[31.162s] [ 75%] [32mBuilding CXX object CMakeFiles/dobot_msgs_v4__rosidl_typesupport_introspection_cpp.dir/rosidl_typesupport_introspection_cpp/dobot_msgs_v4/srv/detail/get_tool_do__type_support.cpp.o[0m
[31.241s] [ 76%] [32mBuilding CXX object CMakeFiles/dobot_msgs_v4__rosidl_typesupport_fastrtps_c.dir/rosidl_typesupport_fastrtps_c/dobot_msgs_v4/srv/detail/set_tool__type_support_c.cpp.o[0m
[31.258s] [ 76%] [32mBuilding CXX object CMakeFiles/dobot_msgs_v4__rosidl_typesupport_introspection_cpp.dir/rosidl_typesupport_introspection_cpp/dobot_msgs_v4/srv/detail/reset_robot__type_support.cpp.o[0m
[31.285s] [ 76%] [32mBuilding CXX object CMakeFiles/dobot_msgs_v4__rosidl_typesupport_fastrtps_cpp.dir/rosidl_typesupport_fastrtps_cpp/dobot_msgs_v4/srv/detail/dds_fastrtps/di_group__type_support.cpp.o[0m
[31.302s] [ 76%] [32mBuilding CXX object CMakeFiles/dobot_msgs_v4__rosidl_typesupport_fastrtps_cpp.dir/rosidl_typesupport_fastrtps_cpp/dobot_msgs_v4/srv/detail/dds_fastrtps/stop_drag__type_support.cpp.o[0m
[31.341s] [ 76%] [32mBuilding CXX object CMakeFiles/dobot_msgs_v4__rosidl_typesupport_fastrtps_cpp.dir/rosidl_typesupport_fastrtps_cpp/dobot_msgs_v4/srv/detail/dds_fastrtps/drag_sensivity__type_support.cpp.o[0m
[31.371s] [ 76%] [32mBuilding CXX object CMakeFiles/dobot_msgs_v4__rosidl_typesupport_introspection_cpp.dir/rosidl_typesupport_introspection_cpp/dobot_msgs_v4/srv/detail/run_to__type_support.cpp.o[0m
[31.455s] [ 76%] [32mBuilding CXX object CMakeFiles/dobot_msgs_v4__rosidl_typesupport_fastrtps_cpp.dir/rosidl_typesupport_fastrtps_cpp/dobot_msgs_v4/srv/detail/dds_fastrtps/get_do__type_support.cpp.o[0m
[31.477s] [ 76%] [32mBuilding CXX object CMakeFiles/dobot_msgs_v4__rosidl_typesupport_fastrtps_cpp.dir/rosidl_typesupport_fastrtps_cpp/dobot_msgs_v4/srv/detail/dds_fastrtps/get_ao__type_support.cpp.o[0m
[31.505s] [ 76%] [32mBuilding CXX object CMakeFiles/dobot_msgs_v4__rosidl_typesupport_fastrtps_cpp.dir/rosidl_typesupport_fastrtps_cpp/dobot_msgs_v4/srv/detail/dds_fastrtps/get_do_group__type_support.cpp.o[0m
[31.588s] [ 76%] [32mBuilding CXX object CMakeFiles/dobot_msgs_v4__rosidl_typesupport_fastrtps_cpp.dir/rosidl_typesupport_fastrtps_cpp/dobot_msgs_v4/srv/detail/dds_fastrtps/set_tool485__type_support.cpp.o[0m
[31.602s] [ 77%] [32mBuilding CXX object CMakeFiles/dobot_msgs_v4__rosidl_typesupport_fastrtps_cpp.dir/rosidl_typesupport_fastrtps_cpp/dobot_msgs_v4/srv/detail/dds_fastrtps/set_safe_wall_enable__type_support.cpp.o[0m
[31.693s] [ 77%] [32mBuilding CXX object CMakeFiles/dobot_msgs_v4__rosidl_typesupport_fastrtps_cpp.dir/rosidl_typesupport_fastrtps_cpp/dobot_msgs_v4/srv/detail/dds_fastrtps/set_tool_power__type_support.cpp.o[0m
[31.719s] [ 77%] [32mBuilding CXX object CMakeFiles/dobot_msgs_v4__rosidl_typesupport_fastrtps_cpp.dir/rosidl_typesupport_fastrtps_cpp/dobot_msgs_v4/srv/detail/dds_fastrtps/set_tool_mode__type_support.cpp.o[0m
[31.752s] [ 77%] [32mBuilding CXX object CMakeFiles/dobot_msgs_v4__rosidl_typesupport_fastrtps_c.dir/rosidl_typesupport_fastrtps_c/dobot_msgs_v4/srv/detail/calc_user__type_support_c.cpp.o[0m
[31.779s] [ 77%] [32mBuilding CXX object CMakeFiles/dobot_msgs_v4__rosidl_typesupport_introspection_cpp.dir/rosidl_typesupport_introspection_cpp/dobot_msgs_v4/srv/detail/start_rt_offset__type_support.cpp.o[0m
[31.847s] [ 77%] [32mBuilding CXX object CMakeFiles/dobot_msgs_v4__rosidl_typesupport_fastrtps_c.dir/rosidl_typesupport_fastrtps_c/dobot_msgs_v4/srv/detail/calc_tool__type_support_c.cpp.o[0m
[31.854s] [ 77%] [32mBuilding CXX object CMakeFiles/dobot_msgs_v4__rosidl_typesupport_fastrtps_c.dir/rosidl_typesupport_fastrtps_c/dobot_msgs_v4/srv/detail/get_input_bool__type_support_c.cpp.o[0m
[31.928s] [ 77%] [32mBuilding CXX object CMakeFiles/dobot_msgs_v4__rosidl_typesupport_fastrtps_c.dir/rosidl_typesupport_fastrtps_c/dobot_msgs_v4/srv/detail/get_input_int__type_support_c.cpp.o[0m
[32.008s] [ 77%] [32mBuilding CXX object CMakeFiles/dobot_msgs_v4__rosidl_typesupport_fastrtps_cpp.dir/rosidl_typesupport_fastrtps_cpp/dobot_msgs_v4/srv/detail/dds_fastrtps/set_back_distance__type_support.cpp.o[0m
[32.038s] [ 77%] [32mBuilding CXX object CMakeFiles/dobot_msgs_v4__rosidl_typesupport_fastrtps_c.dir/rosidl_typesupport_fastrtps_c/dobot_msgs_v4/srv/detail/get_input_float__type_support_c.cpp.o[0m
[32.105s] [ 77%] [32mBuilding CXX object CMakeFiles/dobot_msgs_v4__rosidl_typesupport_fastrtps_c.dir/rosidl_typesupport_fastrtps_c/dobot_msgs_v4/srv/detail/get_output_bool__type_support_c.cpp.o[0m
[32.128s] [ 77%] [32mBuilding CXX object CMakeFiles/dobot_msgs_v4__rosidl_typesupport_fastrtps_c.dir/rosidl_typesupport_fastrtps_c/dobot_msgs_v4/srv/detail/get_output_int__type_support_c.cpp.o[0m
[32.216s] [ 78%] [32mBuilding CXX object CMakeFiles/dobot_msgs_v4__rosidl_typesupport_introspection_cpp.dir/rosidl_typesupport_introspection_cpp/dobot_msgs_v4/srv/detail/end_rt_offset__type_support.cpp.o[0m
[32.227s] [ 78%] [32mBuilding CXX object CMakeFiles/dobot_msgs_v4__rosidl_typesupport_introspection_cpp.dir/rosidl_typesupport_introspection_cpp/dobot_msgs_v4/srv/detail/get_error__type_support.cpp.o[0m
[32.302s] [ 78%] [32mBuilding CXX object CMakeFiles/dobot_msgs_v4__rosidl_typesupport_introspection_cpp.dir/rosidl_typesupport_introspection_cpp/dobot_msgs_v4/srv/detail/do_group_dec__type_support.cpp.o[0m
[32.357s] [ 78%] [32mBuilding CXX object CMakeFiles/dobot_msgs_v4__rosidl_typesupport_introspection_cpp.dir/rosidl_typesupport_introspection_cpp/dobot_msgs_v4/srv/detail/get_do_group_dec__type_support.cpp.o[0m
[32.374s] [ 78%] [32mBuilding CXX object CMakeFiles/dobot_msgs_v4__rosidl_typesupport_fastrtps_cpp.dir/rosidl_typesupport_fastrtps_cpp/dobot_msgs_v4/srv/detail/dds_fastrtps/set_post_collision_mode__type_support.cpp.o[0m
[32.376s] [ 78%] [32mBuilding CXX object CMakeFiles/dobot_msgs_v4__rosidl_typesupport_fastrtps_cpp.dir/rosidl_typesupport_fastrtps_cpp/dobot_msgs_v4/srv/detail/dds_fastrtps/set_user__type_support.cpp.o[0m
[32.427s] [ 78%] [32mBuilding CXX object CMakeFiles/dobot_msgs_v4__rosidl_typesupport_introspection_cpp.dir/rosidl_typesupport_introspection_cpp/dobot_msgs_v4/srv/detail/di_group_dec__type_support.cpp.o[0m
[32.472s] [ 78%] [32mBuilding CXX object CMakeFiles/dobot_msgs_v4__rosidl_typesupport_introspection_cpp.dir/rosidl_typesupport_introspection_cpp/dobot_msgs_v4/srv/detail/request_control__type_support.cpp.o[0m
[32.478s] [ 78%] [32mBuilding CXX object CMakeFiles/dobot_msgs_v4__rosidl_typesupport_fastrtps_c.dir/rosidl_typesupport_fastrtps_c/dobot_msgs_v4/srv/detail/get_output_float__type_support_c.cpp.o[0m
[32.496s] [ 78%] [32mBuilding CXX object CMakeFiles/dobot_msgs_v4__rosidl_typesupport_introspection_cpp.dir/rosidl_typesupport_introspection_cpp/dobot_msgs_v4/srv/detail/check_odd_mov_l__type_support.cpp.o[0m
[32.507s] [ 78%] [32mBuilding CXX object CMakeFiles/dobot_msgs_v4__rosidl_typesupport_introspection_cpp.dir/rosidl_typesupport_introspection_cpp/dobot_msgs_v4/srv/detail/check_odd_mov_j__type_support.cpp.o[0m
[32.648s] [ 78%] [32mBuilding CXX object CMakeFiles/dobot_msgs_v4__rosidl_typesupport_fastrtps_c.dir/rosidl_typesupport_fastrtps_c/dobot_msgs_v4/srv/detail/set_output_bool__type_support_c.cpp.o[0m
[32.690s] [ 78%] [32mBuilding CXX object CMakeFiles/dobot_msgs_v4__rosidl_typesupport_introspection_cpp.dir/rosidl_typesupport_introspection_cpp/dobot_msgs_v4/srv/detail/check_odd_mov_c__type_support.cpp.o[0m
[32.754s] [ 79%] [32mBuilding CXX object CMakeFiles/dobot_msgs_v4__rosidl_typesupport_fastrtps_c.dir/rosidl_typesupport_fastrtps_c/dobot_msgs_v4/srv/detail/set_output_int__type_support_c.cpp.o[0m
[32.761s] [ 79%] [32mBuilding CXX object CMakeFiles/dobot_msgs_v4__rosidl_typesupport_fastrtps_c.dir/rosidl_typesupport_fastrtps_c/dobot_msgs_v4/srv/detail/set_output_float__type_support_c.cpp.o[0m
[32.767s] [ 79%] [32mBuilding CXX object CMakeFiles/dobot_msgs_v4__rosidl_typesupport_fastrtps_cpp.dir/rosidl_typesupport_fastrtps_cpp/dobot_msgs_v4/srv/detail/dds_fastrtps/set_tool__type_support.cpp.o[0m
[32.785s] [ 79%] [32mBuilding CXX object CMakeFiles/dobot_msgs_v4__rosidl_typesupport_fastrtps_c.dir/rosidl_typesupport_fastrtps_c/dobot_msgs_v4/srv/detail/mov_lio__type_support_c.cpp.o[0m
[32.795s] [ 79%] [32mBuilding CXX object CMakeFiles/dobot_msgs_v4__rosidl_typesupport_fastrtps_cpp.dir/rosidl_typesupport_fastrtps_cpp/dobot_msgs_v4/srv/detail/dds_fastrtps/calc_user__type_support.cpp.o[0m
[32.848s] [ 79%] [32mBuilding CXX object CMakeFiles/dobot_msgs_v4__rosidl_typesupport_fastrtps_cpp.dir/rosidl_typesupport_fastrtps_cpp/dobot_msgs_v4/srv/detail/dds_fastrtps/calc_tool__type_support.cpp.o[0m
[32.979s] [ 79%] [32mBuilding CXX object CMakeFiles/dobot_msgs_v4__rosidl_typesupport_fastrtps_cpp.dir/rosidl_typesupport_fastrtps_cpp/dobot_msgs_v4/srv/detail/dds_fastrtps/get_input_bool__type_support.cpp.o[0m
[32.984s] [ 79%] [32mBuilding CXX object CMakeFiles/dobot_msgs_v4__rosidl_typesupport_fastrtps_c.dir/rosidl_typesupport_fastrtps_c/dobot_msgs_v4/srv/detail/mov_jio__type_support_c.cpp.o[0m
[33.031s] [ 79%] [32mBuilding CXX object CMakeFiles/dobot_msgs_v4__rosidl_typesupport_fastrtps_c.dir/rosidl_typesupport_fastrtps_c/dobot_msgs_v4/srv/detail/arc__type_support_c.cpp.o[0m
[33.080s] [ 79%] [32mBuilding CXX object CMakeFiles/dobot_msgs_v4__rosidl_typesupport_fastrtps_c.dir/rosidl_typesupport_fastrtps_c/dobot_msgs_v4/srv/detail/circle__type_support_c.cpp.o[0m
[33.134s] [ 80%] [32mBuilding CXX object CMakeFiles/dobot_msgs_v4__rosidl_typesupport_fastrtps_cpp.dir/rosidl_typesupport_fastrtps_cpp/dobot_msgs_v4/srv/detail/dds_fastrtps/get_input_int__type_support.cpp.o[0m
[33.154s] [ 80%] [32mBuilding CXX object CMakeFiles/dobot_msgs_v4__rosidl_typesupport_fastrtps_cpp.dir/rosidl_typesupport_fastrtps_cpp/dobot_msgs_v4/srv/detail/dds_fastrtps/get_input_float__type_support.cpp.o[0m
[33.155s] [ 80%] [32mBuilding CXX object CMakeFiles/dobot_msgs_v4__rosidl_typesupport_fastrtps_c.dir/rosidl_typesupport_fastrtps_c/dobot_msgs_v4/srv/detail/rel_mov_j_tool__type_support_c.cpp.o[0m
[33.192s] [ 80%] [32mBuilding CXX object CMakeFiles/dobot_msgs_v4__rosidl_typesupport_fastrtps_cpp.dir/rosidl_typesupport_fastrtps_cpp/dobot_msgs_v4/srv/detail/dds_fastrtps/get_output_bool__type_support.cpp.o[0m
[33.290s] [ 80%] [32mBuilding CXX object CMakeFiles/dobot_msgs_v4__rosidl_typesupport_fastrtps_cpp.dir/rosidl_typesupport_fastrtps_cpp/dobot_msgs_v4/srv/detail/dds_fastrtps/get_output_int__type_support.cpp.o[0m
[33.342s] [ 80%] [32m[1mLinking CXX shared library libdobot_msgs_v4__rosidl_typesupport_introspection_cpp.so[0m
[33.383s] [ 80%] [32mBuilding CXX object CMakeFiles/dobot_msgs_v4__rosidl_typesupport_fastrtps_cpp.dir/rosidl_typesupport_fastrtps_cpp/dobot_msgs_v4/srv/detail/dds_fastrtps/get_output_float__type_support.cpp.o[0m
[33.408s] [ 80%] [32mBuilding CXX object CMakeFiles/dobot_msgs_v4__rosidl_typesupport_fastrtps_cpp.dir/rosidl_typesupport_fastrtps_cpp/dobot_msgs_v4/srv/detail/dds_fastrtps/set_output_bool__type_support.cpp.o[0m
[33.461s] [ 80%] [32mBuilding CXX object CMakeFiles/dobot_msgs_v4__rosidl_typesupport_fastrtps_cpp.dir/rosidl_typesupport_fastrtps_cpp/dobot_msgs_v4/srv/detail/dds_fastrtps/set_output_int__type_support.cpp.o[0m
[33.589s] [ 80%] [32mBuilding CXX object CMakeFiles/dobot_msgs_v4__rosidl_typesupport_fastrtps_c.dir/rosidl_typesupport_fastrtps_c/dobot_msgs_v4/srv/detail/rel_mov_l_tool__type_support_c.cpp.o[0m
[33.616s] [ 80%] [32mBuilding CXX object CMakeFiles/dobot_msgs_v4__rosidl_typesupport_fastrtps_c.dir/rosidl_typesupport_fastrtps_c/dobot_msgs_v4/srv/detail/rel_mov_j_user__type_support_c.cpp.o[0m
[33.624s] [ 80%] Built target dobot_msgs_v4__rosidl_typesupport_introspection_cpp
[33.637s] [ 80%] [32mBuilding CXX object CMakeFiles/dobot_msgs_v4__rosidl_typesupport_fastrtps_c.dir/rosidl_typesupport_fastrtps_c/dobot_msgs_v4/srv/detail/rel_mov_l_user__type_support_c.cpp.o[0m
[33.646s] [ 81%] [32mBuilding CXX object CMakeFiles/dobot_msgs_v4__rosidl_typesupport_fastrtps_c.dir/rosidl_typesupport_fastrtps_c/dobot_msgs_v4/srv/detail/get_current_command_id__type_support_c.cpp.o[0m
[33.685s] [ 81%] [32mBuilding CXX object CMakeFiles/dobot_msgs_v4__rosidl_typesupport_fastrtps_c.dir/rosidl_typesupport_fastrtps_c/dobot_msgs_v4/srv/detail/servo_j__type_support_c.cpp.o[0m
[33.687s] [ 81%] [32mBuilding CXX object CMakeFiles/dobot_msgs_v4__rosidl_typesupport_fastrtps_cpp.dir/rosidl_typesupport_fastrtps_cpp/dobot_msgs_v4/srv/detail/dds_fastrtps/set_output_float__type_support.cpp.o[0m
[33.761s] [ 81%] [32mBuilding CXX object CMakeFiles/dobot_msgs_v4__rosidl_typesupport_fastrtps_cpp.dir/rosidl_typesupport_fastrtps_cpp/dobot_msgs_v4/srv/detail/dds_fastrtps/mov_lio__type_support.cpp.o[0m
[33.778s] [ 81%] [32mBuilding CXX object CMakeFiles/dobot_msgs_v4__rosidl_typesupport_fastrtps_c.dir/rosidl_typesupport_fastrtps_c/dobot_msgs_v4/srv/detail/servo_p__type_support_c.cpp.o[0m
[33.808s] [ 81%] [32mBuilding CXX object CMakeFiles/dobot_msgs_v4__rosidl_typesupport_fastrtps_cpp.dir/rosidl_typesupport_fastrtps_cpp/dobot_msgs_v4/srv/detail/dds_fastrtps/mov_jio__type_support.cpp.o[0m
[33.901s] [ 81%] [32mBuilding CXX object CMakeFiles/dobot_msgs_v4__rosidl_typesupport_fastrtps_c.dir/rosidl_typesupport_fastrtps_c/dobot_msgs_v4/srv/detail/tcp_dashboard__type_support_c.cpp.o[0m
[33.934s] [ 81%] [32mBuilding CXX object CMakeFiles/dobot_msgs_v4__rosidl_typesupport_fastrtps_c.dir/rosidl_typesupport_fastrtps_c/dobot_msgs_v4/srv/detail/enable_ft_sensor__type_support_c.cpp.o[0m
[33.941s] [ 81%] [32mBuilding CXX object CMakeFiles/dobot_msgs_v4__rosidl_typesupport_fastrtps_c.dir/rosidl_typesupport_fastrtps_c/dobot_msgs_v4/srv/detail/six_force_home__type_support_c.cpp.o[0m
[34.010s] [ 81%] [32mBuilding CXX object CMakeFiles/dobot_msgs_v4__rosidl_typesupport_fastrtps_c.dir/rosidl_typesupport_fastrtps_c/dobot_msgs_v4/srv/detail/get_force__type_support_c.cpp.o[0m
[34.118s] [ 81%] [32mBuilding CXX object CMakeFiles/dobot_msgs_v4__rosidl_typesupport_fastrtps_c.dir/rosidl_typesupport_fastrtps_c/dobot_msgs_v4/srv/detail/force_drive_mode__type_support_c.cpp.o[0m
[34.193s] [ 82%] [32mBuilding CXX object CMakeFiles/dobot_msgs_v4__rosidl_typesupport_fastrtps_cpp.dir/rosidl_typesupport_fastrtps_cpp/dobot_msgs_v4/srv/detail/dds_fastrtps/arc__type_support.cpp.o[0m
[34.204s] [ 82%] [32mBuilding CXX object CMakeFiles/dobot_msgs_v4__rosidl_typesupport_fastrtps_cpp.dir/rosidl_typesupport_fastrtps_cpp/dobot_msgs_v4/srv/detail/dds_fastrtps/circle__type_support.cpp.o[0m
[34.214s] [ 82%] [32mBuilding CXX object CMakeFiles/dobot_msgs_v4__rosidl_typesupport_fastrtps_cpp.dir/rosidl_typesupport_fastrtps_cpp/dobot_msgs_v4/srv/detail/dds_fastrtps/rel_mov_j_tool__type_support.cpp.o[0m
[34.283s] [ 82%] [32mBuilding CXX object CMakeFiles/dobot_msgs_v4__rosidl_typesupport_fastrtps_cpp.dir/rosidl_typesupport_fastrtps_cpp/dobot_msgs_v4/srv/detail/dds_fastrtps/rel_mov_l_tool__type_support.cpp.o[0m
[34.313s] [ 82%] [32mBuilding CXX object CMakeFiles/dobot_msgs_v4__rosidl_typesupport_fastrtps_cpp.dir/rosidl_typesupport_fastrtps_cpp/dobot_msgs_v4/srv/detail/dds_fastrtps/rel_mov_j_user__type_support.cpp.o[0m
[34.314s] [ 82%] [32mBuilding CXX object CMakeFiles/dobot_msgs_v4__rosidl_typesupport_fastrtps_cpp.dir/rosidl_typesupport_fastrtps_cpp/dobot_msgs_v4/srv/detail/dds_fastrtps/rel_mov_l_user__type_support.cpp.o[0m
[34.321s] [ 82%] [32mBuilding CXX object CMakeFiles/dobot_msgs_v4__rosidl_typesupport_fastrtps_cpp.dir/rosidl_typesupport_fastrtps_cpp/dobot_msgs_v4/srv/detail/dds_fastrtps/get_current_command_id__type_support.cpp.o[0m
[34.420s] [ 82%] [32mBuilding CXX object CMakeFiles/dobot_msgs_v4__rosidl_typesupport_fastrtps_c.dir/rosidl_typesupport_fastrtps_c/dobot_msgs_v4/srv/detail/force_drive_speed__type_support_c.cpp.o[0m
[34.488s] [ 82%] [32mBuilding CXX object CMakeFiles/dobot_msgs_v4__rosidl_typesupport_fastrtps_cpp.dir/rosidl_typesupport_fastrtps_cpp/dobot_msgs_v4/srv/detail/dds_fastrtps/servo_j__type_support.cpp.o[0m
[34.555s] [ 82%] [32mBuilding CXX object CMakeFiles/dobot_msgs_v4__rosidl_typesupport_fastrtps_cpp.dir/rosidl_typesupport_fastrtps_cpp/dobot_msgs_v4/srv/detail/dds_fastrtps/servo_p__type_support.cpp.o[0m
[34.566s] [ 82%] [32mBuilding CXX object CMakeFiles/dobot_msgs_v4__rosidl_typesupport_fastrtps_cpp.dir/rosidl_typesupport_fastrtps_cpp/dobot_msgs_v4/srv/detail/dds_fastrtps/tcp_dashboard__type_support.cpp.o[0m
[34.604s] [ 82%] [32mBuilding CXX object CMakeFiles/dobot_msgs_v4__rosidl_typesupport_fastrtps_cpp.dir/rosidl_typesupport_fastrtps_cpp/dobot_msgs_v4/srv/detail/dds_fastrtps/enable_ft_sensor__type_support.cpp.o[0m
[34.632s] [ 82%] [32mBuilding CXX object CMakeFiles/dobot_msgs_v4__rosidl_typesupport_fastrtps_c.dir/rosidl_typesupport_fastrtps_c/dobot_msgs_v4/srv/detail/fc_force_mode__type_support_c.cpp.o[0m
[34.674s] [ 82%] [32mBuilding CXX object CMakeFiles/dobot_msgs_v4__rosidl_typesupport_fastrtps_c.dir/rosidl_typesupport_fastrtps_c/dobot_msgs_v4/srv/detail/fc_set_deviation__type_support_c.cpp.o[0m
[34.683s] [ 83%] [32mBuilding CXX object CMakeFiles/dobot_msgs_v4__rosidl_typesupport_fastrtps_cpp.dir/rosidl_typesupport_fastrtps_cpp/dobot_msgs_v4/srv/detail/dds_fastrtps/six_force_home__type_support.cpp.o[0m
[34.776s] [ 83%] [32mBuilding CXX object CMakeFiles/dobot_msgs_v4__rosidl_typesupport_fastrtps_cpp.dir/rosidl_typesupport_fastrtps_cpp/dobot_msgs_v4/srv/detail/dds_fastrtps/get_force__type_support.cpp.o[0m
[35.047s] [ 84%] [32mBuilding CXX object CMakeFiles/dobot_msgs_v4__rosidl_typesupport_fastrtps_c.dir/rosidl_typesupport_fastrtps_c/dobot_msgs_v4/srv/detail/fc_set_force_limit__type_support_c.cpp.o[0m
[35.063s] [ 84%] [32mBuilding CXX object CMakeFiles/dobot_msgs_v4__rosidl_typesupport_fastrtps_cpp.dir/rosidl_typesupport_fastrtps_cpp/dobot_msgs_v4/srv/detail/dds_fastrtps/force_drive_mode__type_support.cpp.o[0m
[35.069s] [ 84%] [32mBuilding CXX object CMakeFiles/dobot_msgs_v4__rosidl_typesupport_fastrtps_c.dir/rosidl_typesupport_fastrtps_c/dobot_msgs_v4/srv/detail/fc_set_mass__type_support_c.cpp.o[0m
[35.074s] [ 84%] [32mBuilding CXX object CMakeFiles/dobot_msgs_v4__rosidl_typesupport_fastrtps_cpp.dir/rosidl_typesupport_fastrtps_cpp/dobot_msgs_v4/srv/detail/dds_fastrtps/force_drive_speed__type_support.cpp.o[0m
[35.099s] [ 84%] [32mBuilding CXX object CMakeFiles/dobot_msgs_v4__rosidl_typesupport_fastrtps_cpp.dir/rosidl_typesupport_fastrtps_cpp/dobot_msgs_v4/srv/detail/dds_fastrtps/fc_force_mode__type_support.cpp.o[0m
[35.116s] [ 84%] [32mBuilding CXX object CMakeFiles/dobot_msgs_v4__rosidl_typesupport_fastrtps_cpp.dir/rosidl_typesupport_fastrtps_cpp/dobot_msgs_v4/srv/detail/dds_fastrtps/fc_set_deviation__type_support.cpp.o[0m
[35.179s] [ 84%] [32mBuilding CXX object CMakeFiles/dobot_msgs_v4__rosidl_typesupport_fastrtps_c.dir/rosidl_typesupport_fastrtps_c/dobot_msgs_v4/srv/detail/fc_set_stiffness__type_support_c.cpp.o[0m
[35.268s] [ 84%] [32mBuilding CXX object CMakeFiles/dobot_msgs_v4__rosidl_typesupport_fastrtps_cpp.dir/rosidl_typesupport_fastrtps_cpp/dobot_msgs_v4/srv/detail/dds_fastrtps/fc_set_force_limit__type_support.cpp.o[0m
[35.270s] [ 84%] [32mBuilding CXX object CMakeFiles/dobot_msgs_v4__rosidl_typesupport_fastrtps_cpp.dir/rosidl_typesupport_fastrtps_cpp/dobot_msgs_v4/srv/detail/dds_fastrtps/fc_set_mass__type_support.cpp.o[0m
[35.308s] [ 84%] [32mBuilding CXX object CMakeFiles/dobot_msgs_v4__rosidl_typesupport_fastrtps_cpp.dir/rosidl_typesupport_fastrtps_cpp/dobot_msgs_v4/srv/detail/dds_fastrtps/fc_set_stiffness__type_support.cpp.o[0m
[35.333s] [ 84%] [32mBuilding CXX object CMakeFiles/dobot_msgs_v4__rosidl_typesupport_fastrtps_c.dir/rosidl_typesupport_fastrtps_c/dobot_msgs_v4/srv/detail/fc_set_damping__type_support_c.cpp.o[0m
[35.368s] [ 84%] [32mBuilding CXX object CMakeFiles/dobot_msgs_v4__rosidl_typesupport_fastrtps_c.dir/rosidl_typesupport_fastrtps_c/dobot_msgs_v4/srv/detail/fc_off__type_support_c.cpp.o[0m
[35.382s] [ 84%] [32mBuilding CXX object CMakeFiles/dobot_msgs_v4__rosidl_typesupport_fastrtps_c.dir/rosidl_typesupport_fastrtps_c/dobot_msgs_v4/srv/detail/fc_set_force_speed_limit__type_support_c.cpp.o[0m
[35.423s] [ 84%] [32mBuilding CXX object CMakeFiles/dobot_msgs_v4__rosidl_typesupport_fastrtps_c.dir/rosidl_typesupport_fastrtps_c/dobot_msgs_v4/srv/detail/fc_set_force__type_support_c.cpp.o[0m
[35.454s] [ 84%] [32mBuilding CXX object CMakeFiles/dobot_msgs_v4__rosidl_typesupport_fastrtps_c.dir/rosidl_typesupport_fastrtps_c/dobot_msgs_v4/srv/detail/set_fc_collision__type_support_c.cpp.o[0m
[35.553s] [ 84%] [32mBuilding CXX object CMakeFiles/dobot_msgs_v4__rosidl_typesupport_fastrtps_cpp.dir/rosidl_typesupport_fastrtps_cpp/dobot_msgs_v4/srv/detail/dds_fastrtps/fc_set_damping__type_support.cpp.o[0m
[35.669s] [ 85%] [32mBuilding CXX object CMakeFiles/dobot_msgs_v4__rosidl_typesupport_fastrtps_cpp.dir/rosidl_typesupport_fastrtps_cpp/dobot_msgs_v4/srv/detail/dds_fastrtps/fc_off__type_support.cpp.o[0m
[35.801s] [ 85%] [32mBuilding CXX object CMakeFiles/dobot_msgs_v4__rosidl_typesupport_fastrtps_cpp.dir/rosidl_typesupport_fastrtps_cpp/dobot_msgs_v4/srv/detail/dds_fastrtps/fc_set_force_speed_limit__type_support.cpp.o[0m
[35.804s] [ 85%] [32mBuilding CXX object CMakeFiles/dobot_msgs_v4__rosidl_typesupport_fastrtps_cpp.dir/rosidl_typesupport_fastrtps_cpp/dobot_msgs_v4/srv/detail/dds_fastrtps/fc_set_force__type_support.cpp.o[0m
[35.820s] [ 85%] [32mBuilding CXX object CMakeFiles/dobot_msgs_v4__rosidl_typesupport_fastrtps_c.dir/rosidl_typesupport_fastrtps_c/dobot_msgs_v4/srv/detail/fc_collision_switch__type_support_c.cpp.o[0m
[35.861s] [ 85%] [32mBuilding CXX object CMakeFiles/dobot_msgs_v4__rosidl_typesupport_fastrtps_c.dir/rosidl_typesupport_fastrtps_c/dobot_msgs_v4/srv/detail/set_work_zone_enable__type_support_c.cpp.o[0m
[35.867s] [ 86%] [32mBuilding CXX object CMakeFiles/dobot_msgs_v4__rosidl_typesupport_fastrtps_c.dir/rosidl_typesupport_fastrtps_c/dobot_msgs_v4/srv/detail/get_tool_do__type_support_c.cpp.o[0m
[35.895s] [ 86%] [32mBuilding CXX object CMakeFiles/dobot_msgs_v4__rosidl_typesupport_fastrtps_c.dir/rosidl_typesupport_fastrtps_c/dobot_msgs_v4/srv/detail/reset_robot__type_support_c.cpp.o[0m
[35.967s] [ 86%] [32mBuilding CXX object CMakeFiles/dobot_msgs_v4__rosidl_typesupport_fastrtps_cpp.dir/rosidl_typesupport_fastrtps_cpp/dobot_msgs_v4/srv/detail/dds_fastrtps/set_fc_collision__type_support.cpp.o[0m
[36.001s] [ 86%] [32mBuilding CXX object CMakeFiles/dobot_msgs_v4__rosidl_typesupport_fastrtps_cpp.dir/rosidl_typesupport_fastrtps_cpp/dobot_msgs_v4/srv/detail/dds_fastrtps/fc_collision_switch__type_support.cpp.o[0m
[36.004s] [ 86%] [32mBuilding CXX object CMakeFiles/dobot_msgs_v4__rosidl_typesupport_fastrtps_c.dir/rosidl_typesupport_fastrtps_c/dobot_msgs_v4/srv/detail/run_to__type_support_c.cpp.o[0m
[36.028s] [ 86%] [32mBuilding CXX object CMakeFiles/dobot_msgs_v4__rosidl_typesupport_fastrtps_cpp.dir/rosidl_typesupport_fastrtps_cpp/dobot_msgs_v4/srv/detail/dds_fastrtps/set_work_zone_enable__type_support.cpp.o[0m
[36.057s] [ 86%] [32mBuilding CXX object CMakeFiles/dobot_msgs_v4__rosidl_typesupport_fastrtps_c.dir/rosidl_typesupport_fastrtps_c/dobot_msgs_v4/srv/detail/start_rt_offset__type_support_c.cpp.o[0m
[36.070s] [ 86%] [32mBuilding CXX object CMakeFiles/dobot_msgs_v4__rosidl_typesupport_fastrtps_cpp.dir/rosidl_typesupport_fastrtps_cpp/dobot_msgs_v4/srv/detail/dds_fastrtps/get_tool_do__type_support.cpp.o[0m
[36.122s] [ 86%] [32mBuilding CXX object CMakeFiles/dobot_msgs_v4__rosidl_typesupport_fastrtps_cpp.dir/rosidl_typesupport_fastrtps_cpp/dobot_msgs_v4/srv/detail/dds_fastrtps/reset_robot__type_support.cpp.o[0m
[36.138s] [ 86%] [32mBuilding CXX object CMakeFiles/dobot_msgs_v4__rosidl_typesupport_fastrtps_cpp.dir/rosidl_typesupport_fastrtps_cpp/dobot_msgs_v4/srv/detail/dds_fastrtps/run_to__type_support.cpp.o[0m
[36.392s] [ 86%] [32mBuilding CXX object CMakeFiles/dobot_msgs_v4__rosidl_typesupport_fastrtps_c.dir/rosidl_typesupport_fastrtps_c/dobot_msgs_v4/srv/detail/end_rt_offset__type_support_c.cpp.o[0m
[36.408s] [ 86%] [32mBuilding CXX object CMakeFiles/dobot_msgs_v4__rosidl_typesupport_fastrtps_cpp.dir/rosidl_typesupport_fastrtps_cpp/dobot_msgs_v4/srv/detail/dds_fastrtps/start_rt_offset__type_support.cpp.o[0m
[36.425s] [ 87%] [32mBuilding CXX object CMakeFiles/dobot_msgs_v4__rosidl_typesupport_fastrtps_cpp.dir/rosidl_typesupport_fastrtps_cpp/dobot_msgs_v4/srv/detail/dds_fastrtps/end_rt_offset__type_support.cpp.o[0m
[36.483s] [ 87%] [32mBuilding CXX object CMakeFiles/dobot_msgs_v4__rosidl_typesupport_fastrtps_cpp.dir/rosidl_typesupport_fastrtps_cpp/dobot_msgs_v4/srv/detail/dds_fastrtps/get_error__type_support.cpp.o[0m
[36.560s] [ 87%] [32mBuilding CXX object CMakeFiles/dobot_msgs_v4__rosidl_typesupport_fastrtps_cpp.dir/rosidl_typesupport_fastrtps_cpp/dobot_msgs_v4/srv/detail/dds_fastrtps/do_group_dec__type_support.cpp.o[0m
[36.566s] [ 87%] [32mBuilding CXX object CMakeFiles/dobot_msgs_v4__rosidl_typesupport_fastrtps_cpp.dir/rosidl_typesupport_fastrtps_cpp/dobot_msgs_v4/srv/detail/dds_fastrtps/get_do_group_dec__type_support.cpp.o[0m
[36.574s] [ 87%] [32mBuilding CXX object CMakeFiles/dobot_msgs_v4__rosidl_typesupport_fastrtps_cpp.dir/rosidl_typesupport_fastrtps_cpp/dobot_msgs_v4/srv/detail/dds_fastrtps/di_group_dec__type_support.cpp.o[0m
[36.664s] [ 87%] [32mBuilding CXX object CMakeFiles/dobot_msgs_v4__rosidl_typesupport_fastrtps_cpp.dir/rosidl_typesupport_fastrtps_cpp/dobot_msgs_v4/srv/detail/dds_fastrtps/check_odd_mov_l__type_support.cpp.o[0m
[36.665s] [ 87%] [32mBuilding CXX object CMakeFiles/dobot_msgs_v4__rosidl_typesupport_fastrtps_cpp.dir/rosidl_typesupport_fastrtps_cpp/dobot_msgs_v4/srv/detail/dds_fastrtps/request_control__type_support.cpp.o[0m
[36.678s] [ 87%] [32mBuilding CXX object CMakeFiles/dobot_msgs_v4__rosidl_typesupport_fastrtps_cpp.dir/rosidl_typesupport_fastrtps_cpp/dobot_msgs_v4/srv/detail/dds_fastrtps/check_odd_mov_j__type_support.cpp.o[0m
[36.708s] [ 87%] [32mBuilding CXX object CMakeFiles/dobot_msgs_v4__rosidl_typesupport_fastrtps_c.dir/rosidl_typesupport_fastrtps_c/dobot_msgs_v4/srv/detail/get_error__type_support_c.cpp.o[0m
[36.753s] [ 87%] [32mBuilding CXX object CMakeFiles/dobot_msgs_v4__rosidl_typesupport_fastrtps_c.dir/rosidl_typesupport_fastrtps_c/dobot_msgs_v4/srv/detail/do_group_dec__type_support_c.cpp.o[0m
[36.790s] [ 87%] [32mBuilding CXX object CMakeFiles/dobot_msgs_v4__rosidl_typesupport_fastrtps_c.dir/rosidl_typesupport_fastrtps_c/dobot_msgs_v4/srv/detail/get_do_group_dec__type_support_c.cpp.o[0m
[36.817s] [ 87%] [32mBuilding CXX object CMakeFiles/dobot_msgs_v4__rosidl_typesupport_fastrtps_c.dir/rosidl_typesupport_fastrtps_c/dobot_msgs_v4/srv/detail/di_group_dec__type_support_c.cpp.o[0m
[36.894s] [ 87%] [32mBuilding CXX object CMakeFiles/dobot_msgs_v4__rosidl_typesupport_fastrtps_c.dir/rosidl_typesupport_fastrtps_c/dobot_msgs_v4/srv/detail/request_control__type_support_c.cpp.o[0m
[36.975s] [ 87%] [32mBuilding CXX object CMakeFiles/dobot_msgs_v4__rosidl_typesupport_fastrtps_cpp.dir/rosidl_typesupport_fastrtps_cpp/dobot_msgs_v4/srv/detail/dds_fastrtps/check_odd_mov_c__type_support.cpp.o[0m
[37.045s] [ 88%] [32mBuilding CXX object CMakeFiles/dobot_msgs_v4__rosidl_typesupport_fastrtps_c.dir/rosidl_typesupport_fastrtps_c/dobot_msgs_v4/srv/detail/check_odd_mov_l__type_support_c.cpp.o[0m
[37.144s] [ 88%] [32mBuilding CXX object CMakeFiles/dobot_msgs_v4__rosidl_typesupport_fastrtps_c.dir/rosidl_typesupport_fastrtps_c/dobot_msgs_v4/srv/detail/check_odd_mov_j__type_support_c.cpp.o[0m
[37.157s] [ 88%] [32mBuilding CXX object CMakeFiles/dobot_msgs_v4__rosidl_typesupport_fastrtps_c.dir/rosidl_typesupport_fastrtps_c/dobot_msgs_v4/srv/detail/check_odd_mov_c__type_support_c.cpp.o[0m
[37.623s] [ 88%] [32m[1mLinking CXX shared library libdobot_msgs_v4__rosidl_typesupport_fastrtps_c.so[0m
[37.639s] [ 88%] [32m[1mLinking CXX shared library libdobot_msgs_v4__rosidl_typesupport_fastrtps_cpp.so[0m
[37.717s] [ 88%] Built target dobot_msgs_v4__rosidl_typesupport_fastrtps_c
[37.755s] [ 88%] Built target dobot_msgs_v4__rosidl_typesupport_fastrtps_cpp
[37.771s] [ 88%] Built target dobot_msgs_v4
[37.790s] [ 88%] [34m[1mGenerating Python code for ROS interfaces[0m
[53.239s] [ 88%] Built target dobot_msgs_v4__py
[53.262s] [ 88%] [32mBuilding C object CMakeFiles/dobot_msgs_v4__rosidl_generator_py.dir/rosidl_generator_py/dobot_msgs_v4/msg/_robot_status_s.c.o[0m
[53.262s] [ 88%] [32mBuilding C object CMakeFiles/dobot_msgs_v4__rosidl_generator_py.dir/rosidl_generator_py/dobot_msgs_v4/msg/_tool_vector_actual_s.c.o[0m
[53.262s] [ 88%] [32mBuilding C object CMakeFiles/dobot_msgs_v4__rosidl_generator_py.dir/rosidl_generator_py/dobot_msgs_v4/srv/_enable_robot_s.c.o[0m
[53.262s] [ 89%] [32mBuilding C object CMakeFiles/dobot_msgs_v4__rosidl_generator_py.dir/rosidl_generator_py/dobot_msgs_v4/srv/_disable_robot_s.c.o[0m
[53.262s] [ 89%] [32mBuilding C object CMakeFiles/dobot_msgs_v4__rosidl_generator_py.dir/rosidl_generator_py/dobot_msgs_v4/srv/_tool_s.c.o[0m
[53.262s] [ 89%] [32mBuilding C object CMakeFiles/dobot_msgs_v4__rosidl_generator_py.dir/rosidl_generator_py/dobot_msgs_v4/srv/_clear_error_s.c.o[0m
[53.262s] [ 89%] [32mBuilding C object CMakeFiles/dobot_msgs_v4__rosidl_generator_py.dir/rosidl_generator_py/dobot_msgs_v4/srv/_speed_factor_s.c.o[0m
[53.263s] [ 89%] [32mBuilding C object CMakeFiles/dobot_msgs_v4__rosidl_generator_py.dir/rosidl_generator_py/dobot_msgs_v4/srv/_user_s.c.o[0m
[53.263s] [ 89%] [32mBuilding C object CMakeFiles/dobot_msgs_v4__rosidl_generator_py.dir/rosidl_generator_py/dobot_msgs_v4/srv/_robot_mode_s.c.o[0m
[53.264s] [ 89%] [32mBuilding C object CMakeFiles/dobot_msgs_v4__rosidl_generator_py.dir/rosidl_generator_py/dobot_msgs_v4/srv/_set_payload_s.c.o[0m
[53.264s] [ 89%] [32mBuilding C object CMakeFiles/dobot_msgs_v4__rosidl_generator_py.dir/rosidl_generator_py/dobot_msgs_v4/srv/_do_s.c.o[0m
[53.264s] [ 89%] [32mBuilding C object CMakeFiles/dobot_msgs_v4__rosidl_generator_py.dir/rosidl_generator_py/dobot_msgs_v4/srv/_do_instant_s.c.o[0m
[53.264s] [ 89%] [32mBuilding C object CMakeFiles/dobot_msgs_v4__rosidl_generator_py.dir/rosidl_generator_py/dobot_msgs_v4/srv/_tool_do_instant_s.c.o[0m
[53.265s] [ 89%] [32mBuilding C object CMakeFiles/dobot_msgs_v4__rosidl_generator_py.dir/rosidl_generator_py/dobot_msgs_v4/srv/_tool_do_s.c.o[0m
[53.266s] [ 90%] [32mBuilding C object CMakeFiles/dobot_msgs_v4__rosidl_generator_py.dir/rosidl_generator_py/dobot_msgs_v4/srv/_ao_s.c.o[0m
[53.270s] [ 90%] [32mBuilding C object CMakeFiles/dobot_msgs_v4__rosidl_generator_py.dir/rosidl_generator_py/dobot_msgs_v4/srv/_ao_instant_s.c.o[0m
[53.435s] [ 90%] [32mBuilding C object CMakeFiles/dobot_msgs_v4__rosidl_generator_py.dir/rosidl_generator_py/dobot_msgs_v4/srv/_acc_j_s.c.o[0m
[53.435s] [ 90%] [32mBuilding C object CMakeFiles/dobot_msgs_v4__rosidl_generator_py.dir/rosidl_generator_py/dobot_msgs_v4/srv/_acc_l_s.c.o[0m
[53.435s] [ 90%] [32mBuilding C object CMakeFiles/dobot_msgs_v4__rosidl_generator_py.dir/rosidl_generator_py/dobot_msgs_v4/srv/_vel_l_s.c.o[0m
[53.436s] [ 90%] [32mBuilding C object CMakeFiles/dobot_msgs_v4__rosidl_generator_py.dir/rosidl_generator_py/dobot_msgs_v4/srv/_vel_j_s.c.o[0m
[53.436s] [ 90%] [32mBuilding C object CMakeFiles/dobot_msgs_v4__rosidl_generator_py.dir/rosidl_generator_py/dobot_msgs_v4/srv/_power_on_s.c.o[0m
[53.436s] [ 90%] [32mBuilding C object CMakeFiles/dobot_msgs_v4__rosidl_generator_py.dir/rosidl_generator_py/dobot_msgs_v4/srv/_cp_s.c.o[0m
[53.436s] [ 90%] [32mBuilding C object CMakeFiles/dobot_msgs_v4__rosidl_generator_py.dir/rosidl_generator_py/dobot_msgs_v4/srv/_stop_s.c.o[0m
[53.437s] [ 90%] [32mBuilding C object CMakeFiles/dobot_msgs_v4__rosidl_generator_py.dir/rosidl_generator_py/dobot_msgs_v4/srv/_run_script_s.c.o[0m
[53.437s] [ 91%] [32mBuilding C object CMakeFiles/dobot_msgs_v4__rosidl_generator_py.dir/rosidl_generator_py/dobot_msgs_v4/srv/_pause_s.c.o[0m
[53.437s] [ 91%] [32mBuilding C object CMakeFiles/dobot_msgs_v4__rosidl_generator_py.dir/rosidl_generator_py/dobot_msgs_v4/srv/_positive_kin_s.c.o[0m
[53.438s] [ 91%] [32mBuilding C object CMakeFiles/dobot_msgs_v4__rosidl_generator_py.dir/rosidl_generator_py/dobot_msgs_v4/srv/_set_collision_level_s.c.o[0m
[53.438s] [ 91%] [32mBuilding C object CMakeFiles/dobot_msgs_v4__rosidl_generator_py.dir/rosidl_generator_py/dobot_msgs_v4/srv/_inverse_kin_s.c.o[0m
[53.438s] [ 91%] [32mBuilding C object CMakeFiles/dobot_msgs_v4__rosidl_generator_py.dir/rosidl_generator_py/dobot_msgs_v4/srv/_get_angle_s.c.o[0m
[53.438s] [ 91%] [32mBuilding C object CMakeFiles/dobot_msgs_v4__rosidl_generator_py.dir/rosidl_generator_py/dobot_msgs_v4/srv/_continue_s.c.o[0m
[53.439s] [ 91%] [32mBuilding C object CMakeFiles/dobot_msgs_v4__rosidl_generator_py.dir/rosidl_generator_py/dobot_msgs_v4/srv/_get_pose_s.c.o[0m
[53.457s] [ 91%] [32mBuilding C object CMakeFiles/dobot_msgs_v4__rosidl_generator_py.dir/rosidl_generator_py/dobot_msgs_v4/srv/_emergency_stop_s.c.o[0m
[53.587s] [ 91%] [32mBuilding C object CMakeFiles/dobot_msgs_v4__rosidl_generator_py.dir/rosidl_generator_py/dobot_msgs_v4/srv/_modbus_rtu_create_s.c.o[0m
[53.592s] [ 91%] [32mBuilding C object CMakeFiles/dobot_msgs_v4__rosidl_generator_py.dir/rosidl_generator_py/dobot_msgs_v4/srv/_modbus_create_s.c.o[0m
[53.595s] [ 91%] [32mBuilding C object CMakeFiles/dobot_msgs_v4__rosidl_generator_py.dir/rosidl_generator_py/dobot_msgs_v4/srv/_get_in_regs_s.c.o[0m
[53.595s] [ 92%] [32mBuilding C object CMakeFiles/dobot_msgs_v4__rosidl_generator_py.dir/rosidl_generator_py/dobot_msgs_v4/srv/_get_in_bits_s.c.o[0m
[53.595s] [ 92%] [32mBuilding C object CMakeFiles/dobot_msgs_v4__rosidl_generator_py.dir/rosidl_generator_py/dobot_msgs_v4/srv/_modbus_close_s.c.o[0m
[53.595s] [ 92%] [32mBuilding C object CMakeFiles/dobot_msgs_v4__rosidl_generator_py.dir/rosidl_generator_py/dobot_msgs_v4/srv/_get_coils_s.c.o[0m
[53.596s] [ 92%] [32mBuilding C object CMakeFiles/dobot_msgs_v4__rosidl_generator_py.dir/rosidl_generator_py/dobot_msgs_v4/srv/_get_hold_regs_s.c.o[0m
[53.597s] [ 92%] [32mBuilding C object CMakeFiles/dobot_msgs_v4__rosidl_generator_py.dir/rosidl_generator_py/dobot_msgs_v4/srv/_set_coils_s.c.o[0m
[53.598s] [ 92%] [32mBuilding C object CMakeFiles/dobot_msgs_v4__rosidl_generator_py.dir/rosidl_generator_py/dobot_msgs_v4/srv/_set_hold_regs_s.c.o[0m
[53.599s] [ 92%] [32mBuilding C object CMakeFiles/dobot_msgs_v4__rosidl_generator_py.dir/rosidl_generator_py/dobot_msgs_v4/srv/_set_safe_skin_s.c.o[0m
[53.600s] [ 92%] [32mBuilding C object CMakeFiles/dobot_msgs_v4__rosidl_generator_py.dir/rosidl_generator_py/dobot_msgs_v4/srv/_mov_j_s.c.o[0m
[53.607s] [ 92%] [32mBuilding C object CMakeFiles/dobot_msgs_v4__rosidl_generator_py.dir/rosidl_generator_py/dobot_msgs_v4/srv/_mov_l_s.c.o[0m
[53.620s] [ 92%] [32mBuilding C object CMakeFiles/dobot_msgs_v4__rosidl_generator_py.dir/rosidl_generator_py/dobot_msgs_v4/srv/_rel_joint_mov_j_s.c.o[0m
[53.628s] [ 93%] [32mBuilding C object CMakeFiles/dobot_msgs_v4__rosidl_generator_py.dir/rosidl_generator_py/dobot_msgs_v4/srv/_move_jog_s.c.o[0m
[53.629s] [ 93%] [32mBuilding C object CMakeFiles/dobot_msgs_v4__rosidl_generator_py.dir/rosidl_generator_py/dobot_msgs_v4/srv/_stop_move_jog_s.c.o[0m
[53.633s] [ 93%] [32mBuilding C object CMakeFiles/dobot_msgs_v4__rosidl_generator_py.dir/rosidl_generator_py/dobot_msgs_v4/srv/_do_group_s.c.o[0m
[53.754s] [ 93%] [32mBuilding C object CMakeFiles/dobot_msgs_v4__rosidl_generator_py.dir/rosidl_generator_py/dobot_msgs_v4/srv/_brake_control_s.c.o[0m
[53.755s] [ 93%] [32mBuilding C object CMakeFiles/dobot_msgs_v4__rosidl_generator_py.dir/rosidl_generator_py/dobot_msgs_v4/srv/_enable_safe_skin_s.c.o[0m
[53.757s] [ 93%] [32mBuilding C object CMakeFiles/dobot_msgs_v4__rosidl_generator_py.dir/rosidl_generator_py/dobot_msgs_v4/srv/_start_drag_s.c.o[0m
[53.757s] [ 93%] [32mBuilding C object CMakeFiles/dobot_msgs_v4__rosidl_generator_py.dir/rosidl_generator_py/dobot_msgs_v4/srv/_get_start_pose_s.c.o[0m
[53.758s] [ 93%] [32mBuilding C object CMakeFiles/dobot_msgs_v4__rosidl_generator_py.dir/rosidl_generator_py/dobot_msgs_v4/srv/_start_path_s.c.o[0m
[53.764s] [ 93%] [32mBuilding C object CMakeFiles/dobot_msgs_v4__rosidl_generator_py.dir/rosidl_generator_py/dobot_msgs_v4/srv/_get_error_id_s.c.o[0m
[53.768s] [ 93%] [32mBuilding C object CMakeFiles/dobot_msgs_v4__rosidl_generator_py.dir/rosidl_generator_py/dobot_msgs_v4/srv/_inverse_solution_s.c.o[0m
[53.771s] [ 94%] [32mBuilding C object CMakeFiles/dobot_msgs_v4__rosidl_generator_py.dir/rosidl_generator_py/dobot_msgs_v4/srv/_di_s.c.o[0m
[53.774s] [ 94%] [32mBuilding C object CMakeFiles/dobot_msgs_v4__rosidl_generator_py.dir/rosidl_generator_py/dobot_msgs_v4/srv/_tool_di_s.c.o[0m
[53.777s] [ 94%] [32mBuilding C object CMakeFiles/dobot_msgs_v4__rosidl_generator_py.dir/rosidl_generator_py/dobot_msgs_v4/srv/_ai_s.c.o[0m
[53.782s] [ 94%] [32mBuilding C object CMakeFiles/dobot_msgs_v4__rosidl_generator_py.dir/rosidl_generator_py/dobot_msgs_v4/srv/_tool_ai_s.c.o[0m
[53.786s] [ 94%] [32mBuilding C object CMakeFiles/dobot_msgs_v4__rosidl_generator_py.dir/rosidl_generator_py/dobot_msgs_v4/srv/_di_group_s.c.o[0m
[53.786s] [ 94%] [32mBuilding C object CMakeFiles/dobot_msgs_v4__rosidl_generator_py.dir/rosidl_generator_py/dobot_msgs_v4/srv/_stop_drag_s.c.o[0m
[53.794s] [ 94%] [32mBuilding C object CMakeFiles/dobot_msgs_v4__rosidl_generator_py.dir/rosidl_generator_py/dobot_msgs_v4/srv/_get_do_s.c.o[0m
[53.794s] [ 94%] [32mBuilding C object CMakeFiles/dobot_msgs_v4__rosidl_generator_py.dir/rosidl_generator_py/dobot_msgs_v4/srv/_drag_sensivity_s.c.o[0m
[53.840s] [ 94%] [32mBuilding C object CMakeFiles/dobot_msgs_v4__rosidl_generator_py.dir/rosidl_generator_py/dobot_msgs_v4/srv/_get_ao_s.c.o[0m
[53.917s] [ 94%] [32mBuilding C object CMakeFiles/dobot_msgs_v4__rosidl_generator_py.dir/rosidl_generator_py/dobot_msgs_v4/srv/_get_do_group_s.c.o[0m
[53.919s] [ 94%] [32mBuilding C object CMakeFiles/dobot_msgs_v4__rosidl_generator_py.dir/rosidl_generator_py/dobot_msgs_v4/srv/_set_tool485_s.c.o[0m
[53.919s] [ 95%] [32mBuilding C object CMakeFiles/dobot_msgs_v4__rosidl_generator_py.dir/rosidl_generator_py/dobot_msgs_v4/srv/_set_safe_wall_enable_s.c.o[0m
[53.923s] [ 95%] [32mBuilding C object CMakeFiles/dobot_msgs_v4__rosidl_generator_py.dir/rosidl_generator_py/dobot_msgs_v4/srv/_set_tool_power_s.c.o[0m
[53.926s] [ 95%] [32mBuilding C object CMakeFiles/dobot_msgs_v4__rosidl_generator_py.dir/rosidl_generator_py/dobot_msgs_v4/srv/_set_tool_mode_s.c.o[0m
[53.931s] [ 95%] [32mBuilding C object CMakeFiles/dobot_msgs_v4__rosidl_generator_py.dir/rosidl_generator_py/dobot_msgs_v4/srv/_set_user_s.c.o[0m
[53.932s] [ 95%] [32mBuilding C object CMakeFiles/dobot_msgs_v4__rosidl_generator_py.dir/rosidl_generator_py/dobot_msgs_v4/srv/_set_back_distance_s.c.o[0m
[53.934s] [ 95%] [32mBuilding C object CMakeFiles/dobot_msgs_v4__rosidl_generator_py.dir/rosidl_generator_py/dobot_msgs_v4/srv/_set_post_collision_mode_s.c.o[0m
[53.937s] [ 95%] [32mBuilding C object CMakeFiles/dobot_msgs_v4__rosidl_generator_py.dir/rosidl_generator_py/dobot_msgs_v4/srv/_set_tool_s.c.o[0m
[53.944s] [ 95%] [32mBuilding C object CMakeFiles/dobot_msgs_v4__rosidl_generator_py.dir/rosidl_generator_py/dobot_msgs_v4/srv/_calc_user_s.c.o[0m
[53.946s] [ 95%] [32mBuilding C object CMakeFiles/dobot_msgs_v4__rosidl_generator_py.dir/rosidl_generator_py/dobot_msgs_v4/srv/_get_input_bool_s.c.o[0m
[53.949s] [ 95%] [32mBuilding C object CMakeFiles/dobot_msgs_v4__rosidl_generator_py.dir/rosidl_generator_py/dobot_msgs_v4/srv/_calc_tool_s.c.o[0m
[53.950s] [ 96%] [32mBuilding C object CMakeFiles/dobot_msgs_v4__rosidl_generator_py.dir/rosidl_generator_py/dobot_msgs_v4/srv/_get_input_int_s.c.o[0m
[53.962s] [ 96%] [32mBuilding C object CMakeFiles/dobot_msgs_v4__rosidl_generator_py.dir/rosidl_generator_py/dobot_msgs_v4/srv/_get_input_float_s.c.o[0m
[54.001s] [ 96%] [32mBuilding C object CMakeFiles/dobot_msgs_v4__rosidl_generator_py.dir/rosidl_generator_py/dobot_msgs_v4/srv/_get_output_int_s.c.o[0m
[54.002s] [ 96%] [32mBuilding C object CMakeFiles/dobot_msgs_v4__rosidl_generator_py.dir/rosidl_generator_py/dobot_msgs_v4/srv/_get_output_bool_s.c.o[0m
[54.082s] [ 96%] [32mBuilding C object CMakeFiles/dobot_msgs_v4__rosidl_generator_py.dir/rosidl_generator_py/dobot_msgs_v4/srv/_get_output_float_s.c.o[0m
[54.082s] [ 96%] [32mBuilding C object CMakeFiles/dobot_msgs_v4__rosidl_generator_py.dir/rosidl_generator_py/dobot_msgs_v4/srv/_set_output_bool_s.c.o[0m
[54.086s] [ 96%] [32mBuilding C object CMakeFiles/dobot_msgs_v4__rosidl_generator_py.dir/rosidl_generator_py/dobot_msgs_v4/srv/_set_output_int_s.c.o[0m
[54.086s] [ 96%] [32mBuilding C object CMakeFiles/dobot_msgs_v4__rosidl_generator_py.dir/rosidl_generator_py/dobot_msgs_v4/srv/_set_output_float_s.c.o[0m
[54.094s] [ 96%] [32mBuilding C object CMakeFiles/dobot_msgs_v4__rosidl_generator_py.dir/rosidl_generator_py/dobot_msgs_v4/srv/_mov_lio_s.c.o[0m
[54.099s] [ 97%] [32mBuilding C object CMakeFiles/dobot_msgs_v4__rosidl_generator_py.dir/rosidl_generator_py/dobot_msgs_v4/srv/_arc_s.c.o[0m
[54.101s] [ 97%] [32mBuilding C object CMakeFiles/dobot_msgs_v4__rosidl_generator_py.dir/rosidl_generator_py/dobot_msgs_v4/srv/_mov_jio_s.c.o[0m
[54.104s] [ 97%] [32mBuilding C object CMakeFiles/dobot_msgs_v4__rosidl_generator_py.dir/rosidl_generator_py/dobot_msgs_v4/srv/_rel_mov_l_tool_s.c.o[0m
[54.106s] [ 97%] [32mBuilding C object CMakeFiles/dobot_msgs_v4__rosidl_generator_py.dir/rosidl_generator_py/dobot_msgs_v4/srv/_rel_mov_j_tool_s.c.o[0m
[54.107s] [ 97%] [32mBuilding C object CMakeFiles/dobot_msgs_v4__rosidl_generator_py.dir/rosidl_generator_py/dobot_msgs_v4/srv/_circle_s.c.o[0m
[54.111s] [ 97%] [32mBuilding C object CMakeFiles/dobot_msgs_v4__rosidl_generator_py.dir/rosidl_generator_py/dobot_msgs_v4/srv/_rel_mov_j_user_s.c.o[0m
[54.113s] [ 97%] [32mBuilding C object CMakeFiles/dobot_msgs_v4__rosidl_generator_py.dir/rosidl_generator_py/dobot_msgs_v4/srv/_rel_mov_l_user_s.c.o[0m
[54.127s] [ 97%] [32mBuilding C object CMakeFiles/dobot_msgs_v4__rosidl_generator_py.dir/rosidl_generator_py/dobot_msgs_v4/srv/_get_current_command_id_s.c.o[0m
[54.142s] [ 97%] [32mBuilding C object CMakeFiles/dobot_msgs_v4__rosidl_generator_py.dir/rosidl_generator_py/dobot_msgs_v4/srv/_servo_j_s.c.o[0m
[54.175s] [ 97%] [32mBuilding C object CMakeFiles/dobot_msgs_v4__rosidl_generator_py.dir/rosidl_generator_py/dobot_msgs_v4/srv/_tcp_dashboard_s.c.o[0m
[54.175s] [ 97%] [32mBuilding C object CMakeFiles/dobot_msgs_v4__rosidl_generator_py.dir/rosidl_generator_py/dobot_msgs_v4/srv/_servo_p_s.c.o[0m
[54.249s] [ 98%] [32mBuilding C object CMakeFiles/dobot_msgs_v4__rosidl_generator_py.dir/rosidl_generator_py/dobot_msgs_v4/srv/_enable_ft_sensor_s.c.o[0m
[54.249s] [ 98%] [32mBuilding C object CMakeFiles/dobot_msgs_v4__rosidl_generator_py.dir/rosidl_generator_py/dobot_msgs_v4/srv/_six_force_home_s.c.o[0m
[54.257s] [ 98%] [32mBuilding C object CMakeFiles/dobot_msgs_v4__rosidl_generator_py.dir/rosidl_generator_py/dobot_msgs_v4/srv/_get_force_s.c.o[0m
[54.269s] [ 98%] [32mBuilding C object CMakeFiles/dobot_msgs_v4__rosidl_generator_py.dir/rosidl_generator_py/dobot_msgs_v4/srv/_force_drive_mode_s.c.o[0m
[54.275s] [ 98%] [32mBuilding C object CMakeFiles/dobot_msgs_v4__rosidl_generator_py.dir/rosidl_generator_py/dobot_msgs_v4/srv/_force_drive_speed_s.c.o[0m
[54.279s] [ 98%] [32mBuilding C object CMakeFiles/dobot_msgs_v4__rosidl_generator_py.dir/rosidl_generator_py/dobot_msgs_v4/srv/_fc_force_mode_s.c.o[0m
[54.281s] [ 98%] [32mBuilding C object CMakeFiles/dobot_msgs_v4__rosidl_generator_py.dir/rosidl_generator_py/dobot_msgs_v4/srv/_fc_set_deviation_s.c.o[0m
[54.283s] [ 98%] [32mBuilding C object CMakeFiles/dobot_msgs_v4__rosidl_generator_py.dir/rosidl_generator_py/dobot_msgs_v4/srv/_fc_set_force_limit_s.c.o[0m
[54.291s] [ 98%] [32mBuilding C object CMakeFiles/dobot_msgs_v4__rosidl_generator_py.dir/rosidl_generator_py/dobot_msgs_v4/srv/_fc_set_mass_s.c.o[0m
[54.298s] [ 98%] [32mBuilding C object CMakeFiles/dobot_msgs_v4__rosidl_generator_py.dir/rosidl_generator_py/dobot_msgs_v4/srv/_fc_set_stiffness_s.c.o[0m
[54.302s] [ 98%] [32mBuilding C object CMakeFiles/dobot_msgs_v4__rosidl_generator_py.dir/rosidl_generator_py/dobot_msgs_v4/srv/_fc_set_damping_s.c.o[0m
[54.302s] [ 99%] [32mBuilding C object CMakeFiles/dobot_msgs_v4__rosidl_generator_py.dir/rosidl_generator_py/dobot_msgs_v4/srv/_fc_off_s.c.o[0m
[54.311s] [ 99%] [32mBuilding C object CMakeFiles/dobot_msgs_v4__rosidl_generator_py.dir/rosidl_generator_py/dobot_msgs_v4/srv/_fc_set_force_speed_limit_s.c.o[0m
[54.312s] [ 99%] [32mBuilding C object CMakeFiles/dobot_msgs_v4__rosidl_generator_py.dir/rosidl_generator_py/dobot_msgs_v4/srv/_fc_set_force_s.c.o[0m
[54.333s] [ 99%] [32mBuilding C object CMakeFiles/dobot_msgs_v4__rosidl_generator_py.dir/rosidl_generator_py/dobot_msgs_v4/srv/_set_fc_collision_s.c.o[0m
[54.351s] [ 99%] [32mBuilding C object CMakeFiles/dobot_msgs_v4__rosidl_generator_py.dir/rosidl_generator_py/dobot_msgs_v4/srv/_fc_collision_switch_s.c.o[0m
[54.407s] [ 99%] [32mBuilding C object CMakeFiles/dobot_msgs_v4__rosidl_generator_py.dir/rosidl_generator_py/dobot_msgs_v4/srv/_get_tool_do_s.c.o[0m
[54.407s] [ 99%] [32mBuilding C object CMakeFiles/dobot_msgs_v4__rosidl_generator_py.dir/rosidl_generator_py/dobot_msgs_v4/srv/_set_work_zone_enable_s.c.o[0m
[54.418s] [ 99%] [32mBuilding C object CMakeFiles/dobot_msgs_v4__rosidl_generator_py.dir/rosidl_generator_py/dobot_msgs_v4/srv/_reset_robot_s.c.o[0m
[54.434s] [ 99%] [32mBuilding C object CMakeFiles/dobot_msgs_v4__rosidl_generator_py.dir/rosidl_generator_py/dobot_msgs_v4/srv/_run_to_s.c.o[0m
[54.435s] [ 99%] [32mBuilding C object CMakeFiles/dobot_msgs_v4__rosidl_generator_py.dir/rosidl_generator_py/dobot_msgs_v4/srv/_start_rt_offset_s.c.o[0m
[54.453s] [100%] [32mBuilding C object CMakeFiles/dobot_msgs_v4__rosidl_generator_py.dir/rosidl_generator_py/dobot_msgs_v4/srv/_end_rt_offset_s.c.o[0m
[54.454s] [100%] [32mBuilding C object CMakeFiles/dobot_msgs_v4__rosidl_generator_py.dir/rosidl_generator_py/dobot_msgs_v4/srv/_get_error_s.c.o[0m
[54.459s] [100%] [32mBuilding C object CMakeFiles/dobot_msgs_v4__rosidl_generator_py.dir/rosidl_generator_py/dobot_msgs_v4/srv/_do_group_dec_s.c.o[0m
[54.459s] [100%] [32mBuilding C object CMakeFiles/dobot_msgs_v4__rosidl_generator_py.dir/rosidl_generator_py/dobot_msgs_v4/srv/_get_do_group_dec_s.c.o[0m
[54.462s] [100%] [32mBuilding C object CMakeFiles/dobot_msgs_v4__rosidl_generator_py.dir/rosidl_generator_py/dobot_msgs_v4/srv/_di_group_dec_s.c.o[0m
[54.464s] [100%] [32mBuilding C object CMakeFiles/dobot_msgs_v4__rosidl_generator_py.dir/rosidl_generator_py/dobot_msgs_v4/srv/_request_control_s.c.o[0m
[54.472s] [100%] [32mBuilding C object CMakeFiles/dobot_msgs_v4__rosidl_generator_py.dir/rosidl_generator_py/dobot_msgs_v4/srv/_check_odd_mov_l_s.c.o[0m
[54.480s] [100%] [32mBuilding C object CMakeFiles/dobot_msgs_v4__rosidl_generator_py.dir/rosidl_generator_py/dobot_msgs_v4/srv/_check_odd_mov_j_s.c.o[0m
[54.498s] [100%] [32mBuilding C object CMakeFiles/dobot_msgs_v4__rosidl_generator_py.dir/rosidl_generator_py/dobot_msgs_v4/srv/_check_odd_mov_c_s.c.o[0m
[54.642s] [100%] [32m[1mLinking C shared library rosidl_generator_py/dobot_msgs_v4/libdobot_msgs_v4__rosidl_generator_py.so[0m
[54.696s] [100%] Built target dobot_msgs_v4__rosidl_generator_py
[54.711s] [100%] [32mBuilding C object CMakeFiles/dobot_msgs_v4__rosidl_typesupport_introspection_c__pyext.dir/rosidl_generator_py/dobot_msgs_v4/_dobot_msgs_v4_s.ep.rosidl_typesupport_introspection_c.c.o[0m
[54.711s] [100%] [32mBuilding C object CMakeFiles/dobot_msgs_v4__rosidl_typesupport_fastrtps_c__pyext.dir/rosidl_generator_py/dobot_msgs_v4/_dobot_msgs_v4_s.ep.rosidl_typesupport_fastrtps_c.c.o[0m
[54.711s] [100%] [32mBuilding C object CMakeFiles/dobot_msgs_v4__rosidl_typesupport_c__pyext.dir/rosidl_generator_py/dobot_msgs_v4/_dobot_msgs_v4_s.ep.rosidl_typesupport_c.c.o[0m
[55.532s] [100%] [32m[1mLinking C shared library rosidl_generator_py/dobot_msgs_v4/dobot_msgs_v4_s__rosidl_typesupport_fastrtps_c.cpython-310-x86_64-linux-gnu.so[0m
[55.548s] [100%] [32m[1mLinking C shared library rosidl_generator_py/dobot_msgs_v4/dobot_msgs_v4_s__rosidl_typesupport_c.cpython-310-x86_64-linux-gnu.so[0m
[55.565s] [100%] [32m[1mLinking C shared library rosidl_generator_py/dobot_msgs_v4/dobot_msgs_v4_s__rosidl_typesupport_introspection_c.cpython-310-x86_64-linux-gnu.so[0m
[55.575s] [100%] Built target dobot_msgs_v4__rosidl_typesupport_fastrtps_c__pyext
[55.591s] [100%] Built target dobot_msgs_v4__rosidl_typesupport_c__pyext
[55.608s] [100%] Built target dobot_msgs_v4__rosidl_typesupport_introspection_c__pyext
[55.618s] Invoked command in '/home/user/dobot_ws/build/dobot_msgs_v4' returned '0': CMAKE_PREFIX_PATH=${CMAKE_PREFIX_PATH}:/home/user/dobot_ws/install/servo_action:/home/user/dobot_ws/install/dobot_moveit:/home/user/dobot_ws/install/dobot_demo:/opt/ros/humble /usr/bin/cmake --build /home/user/dobot_ws/build/dobot_msgs_v4 -- -j16 -l16
[55.619s] Invoking command in '/home/user/dobot_ws/build/dobot_msgs_v4': CMAKE_PREFIX_PATH=${CMAKE_PREFIX_PATH}:/home/user/dobot_ws/install/servo_action:/home/user/dobot_ws/install/dobot_moveit:/home/user/dobot_ws/install/dobot_demo:/opt/ros/humble /usr/bin/cmake --install /home/user/dobot_ws/build/dobot_msgs_v4
[55.627s] -- Install configuration: ""
[55.627s] -- Installing: /home/user/dobot_ws/install/dobot_msgs_v4/share/ament_index/resource_index/rosidl_interfaces/dobot_msgs_v4
[55.627s] -- Installing: /home/user/dobot_ws/install/dobot_msgs_v4/include/dobot_msgs_v4/dobot_msgs_v4
[55.627s] -- Installing: /home/user/dobot_ws/install/dobot_msgs_v4/include/dobot_msgs_v4/dobot_msgs_v4/msg
[55.627s] -- Installing: /home/user/dobot_ws/install/dobot_msgs_v4/include/dobot_msgs_v4/dobot_msgs_v4/msg/tool_vector_actual.h
[55.627s] -- Installing: /home/user/dobot_ws/install/dobot_msgs_v4/include/dobot_msgs_v4/dobot_msgs_v4/msg/rosidl_generator_c__visibility_control.h
[55.627s] -- Installing: /home/user/dobot_ws/install/dobot_msgs_v4/include/dobot_msgs_v4/dobot_msgs_v4/msg/robot_status.h
[55.627s] -- Installing: /home/user/dobot_ws/install/dobot_msgs_v4/include/dobot_msgs_v4/dobot_msgs_v4/msg/detail
[55.627s] -- Installing: /home/user/dobot_ws/install/dobot_msgs_v4/include/dobot_msgs_v4/dobot_msgs_v4/msg/detail/tool_vector_actual__type_support.h
[55.627s] -- Installing: /home/user/dobot_ws/install/dobot_msgs_v4/include/dobot_msgs_v4/dobot_msgs_v4/msg/detail/robot_status__type_support.h
[55.628s] -- Installing: /home/user/dobot_ws/install/dobot_msgs_v4/include/dobot_msgs_v4/dobot_msgs_v4/msg/detail/tool_vector_actual__functions.c
[55.628s] -- Installing: /home/user/dobot_ws/install/dobot_msgs_v4/include/dobot_msgs_v4/dobot_msgs_v4/msg/detail/tool_vector_actual__struct.h
[55.628s] -- Installing: /home/user/dobot_ws/install/dobot_msgs_v4/include/dobot_msgs_v4/dobot_msgs_v4/msg/detail/tool_vector_actual__functions.h
[55.628s] -- Installing: /home/user/dobot_ws/install/dobot_msgs_v4/include/dobot_msgs_v4/dobot_msgs_v4/msg/detail/robot_status__functions.c
[55.628s] -- Installing: /home/user/dobot_ws/install/dobot_msgs_v4/include/dobot_msgs_v4/dobot_msgs_v4/msg/detail/robot_status__functions.h
[55.628s] -- Installing: /home/user/dobot_ws/install/dobot_msgs_v4/include/dobot_msgs_v4/dobot_msgs_v4/msg/detail/robot_status__struct.h
[55.628s] -- Installing: /home/user/dobot_ws/install/dobot_msgs_v4/include/dobot_msgs_v4/dobot_msgs_v4/srv
[55.628s] -- Installing: /home/user/dobot_ws/install/dobot_msgs_v4/include/dobot_msgs_v4/dobot_msgs_v4/srv/check_odd_mov_j.h
[55.628s] -- Installing: /home/user/dobot_ws/install/dobot_msgs_v4/include/dobot_msgs_v4/dobot_msgs_v4/srv/fc_set_force.h
[55.628s] -- Installing: /home/user/dobot_ws/install/dobot_msgs_v4/include/dobot_msgs_v4/dobot_msgs_v4/srv/set_coils.h
[55.629s] -- Installing: /home/user/dobot_ws/install/dobot_msgs_v4/include/dobot_msgs_v4/dobot_msgs_v4/srv/fc_collision_switch.h
[55.629s] -- Installing: /home/user/dobot_ws/install/dobot_msgs_v4/include/dobot_msgs_v4/dobot_msgs_v4/srv/get_in_bits.h
[55.629s] -- Installing: /home/user/dobot_ws/install/dobot_msgs_v4/include/dobot_msgs_v4/dobot_msgs_v4/srv/vel_l.h
[55.629s] -- Installing: /home/user/dobot_ws/install/dobot_msgs_v4/include/dobot_msgs_v4/dobot_msgs_v4/srv/set_payload.h
[55.629s] -- Installing: /home/user/dobot_ws/install/dobot_msgs_v4/include/dobot_msgs_v4/dobot_msgs_v4/srv/clear_error.h
[55.629s] -- Installing: /home/user/dobot_ws/install/dobot_msgs_v4/include/dobot_msgs_v4/dobot_msgs_v4/srv/fc_set_force_limit.h
[55.629s] -- Installing: /home/user/dobot_ws/install/dobot_msgs_v4/include/dobot_msgs_v4/dobot_msgs_v4/srv/calc_user.h
[55.629s] -- Installing: /home/user/dobot_ws/install/dobot_msgs_v4/include/dobot_msgs_v4/dobot_msgs_v4/srv/do_group_dec.h
[55.629s] -- Installing: /home/user/dobot_ws/install/dobot_msgs_v4/include/dobot_msgs_v4/dobot_msgs_v4/srv/do.h
[55.629s] -- Installing: /home/user/dobot_ws/install/dobot_msgs_v4/include/dobot_msgs_v4/dobot_msgs_v4/srv/acc_l.h
[55.629s] -- Installing: /home/user/dobot_ws/install/dobot_msgs_v4/include/dobot_msgs_v4/dobot_msgs_v4/srv/set_safe_skin.h
[55.630s] -- Installing: /home/user/dobot_ws/install/dobot_msgs_v4/include/dobot_msgs_v4/dobot_msgs_v4/srv/get_error_id.h
[55.630s] -- Installing: /home/user/dobot_ws/install/dobot_msgs_v4/include/dobot_msgs_v4/dobot_msgs_v4/srv/force_drive_mode.h
[55.630s] -- Installing: /home/user/dobot_ws/install/dobot_msgs_v4/include/dobot_msgs_v4/dobot_msgs_v4/srv/fc_set_mass.h
[55.630s] -- Installing: /home/user/dobot_ws/install/dobot_msgs_v4/include/dobot_msgs_v4/dobot_msgs_v4/srv/fc_set_damping.h
[55.630s] -- Installing: /home/user/dobot_ws/install/dobot_msgs_v4/include/dobot_msgs_v4/dobot_msgs_v4/srv/set_fc_collision.h
[55.630s] -- Installing: /home/user/dobot_ws/install/dobot_msgs_v4/include/dobot_msgs_v4/dobot_msgs_v4/srv/rel_mov_l_user.h
[55.630s] -- Installing: /home/user/dobot_ws/install/dobot_msgs_v4/include/dobot_msgs_v4/dobot_msgs_v4/srv/set_post_collision_mode.h
[55.630s] -- Installing: /home/user/dobot_ws/install/dobot_msgs_v4/include/dobot_msgs_v4/dobot_msgs_v4/srv/tcp_dashboard.h
[55.630s] -- Installing: /home/user/dobot_ws/install/dobot_msgs_v4/include/dobot_msgs_v4/dobot_msgs_v4/srv/stop_drag.h
[55.631s] -- Installing: /home/user/dobot_ws/install/dobot_msgs_v4/include/dobot_msgs_v4/dobot_msgs_v4/srv/get_angle.h
[55.631s] -- Installing: /home/user/dobot_ws/install/dobot_msgs_v4/include/dobot_msgs_v4/dobot_msgs_v4/srv/check_odd_mov_l.h
[55.631s] -- Installing: /home/user/dobot_ws/install/dobot_msgs_v4/include/dobot_msgs_v4/dobot_msgs_v4/srv/power_on.h
[55.631s] -- Installing: /home/user/dobot_ws/install/dobot_msgs_v4/include/dobot_msgs_v4/dobot_msgs_v4/srv/end_rt_offset.h
[55.631s] -- Installing: /home/user/dobot_ws/install/dobot_msgs_v4/include/dobot_msgs_v4/dobot_msgs_v4/srv/get_do_group_dec.h
[55.631s] -- Installing: /home/user/dobot_ws/install/dobot_msgs_v4/include/dobot_msgs_v4/dobot_msgs_v4/srv/fc_set_deviation.h
[55.631s] -- Installing: /home/user/dobot_ws/install/dobot_msgs_v4/include/dobot_msgs_v4/dobot_msgs_v4/srv/six_force_home.h
[55.631s] -- Installing: /home/user/dobot_ws/install/dobot_msgs_v4/include/dobot_msgs_v4/dobot_msgs_v4/srv/reset_robot.h
[55.631s] -- Installing: /home/user/dobot_ws/install/dobot_msgs_v4/include/dobot_msgs_v4/dobot_msgs_v4/srv/modbus_create.h
[55.631s] -- Installing: /home/user/dobot_ws/install/dobot_msgs_v4/include/dobot_msgs_v4/dobot_msgs_v4/srv/servo_j.h
[55.631s] -- Installing: /home/user/dobot_ws/install/dobot_msgs_v4/include/dobot_msgs_v4/dobot_msgs_v4/srv/mov_l.h
[55.631s] -- Installing: /home/user/dobot_ws/install/dobot_msgs_v4/include/dobot_msgs_v4/dobot_msgs_v4/srv/robot_mode.h
[55.632s] -- Installing: /home/user/dobot_ws/install/dobot_msgs_v4/include/dobot_msgs_v4/dobot_msgs_v4/srv/request_control.h
[55.632s] -- Installing: /home/user/dobot_ws/install/dobot_msgs_v4/include/dobot_msgs_v4/dobot_msgs_v4/srv/get_in_regs.h
[55.632s] -- Installing: /home/user/dobot_ws/install/dobot_msgs_v4/include/dobot_msgs_v4/dobot_msgs_v4/srv/calc_tool.h
[55.632s] -- Installing: /home/user/dobot_ws/install/dobot_msgs_v4/include/dobot_msgs_v4/dobot_msgs_v4/srv/get_coils.h
[55.632s] -- Installing: /home/user/dobot_ws/install/dobot_msgs_v4/include/dobot_msgs_v4/dobot_msgs_v4/srv/di_group_dec.h
[55.632s] -- Installing: /home/user/dobot_ws/install/dobot_msgs_v4/include/dobot_msgs_v4/dobot_msgs_v4/srv/get_ao.h
[55.632s] -- Installing: /home/user/dobot_ws/install/dobot_msgs_v4/include/dobot_msgs_v4/dobot_msgs_v4/srv/set_tool.h
[55.632s] -- Installing: /home/user/dobot_ws/install/dobot_msgs_v4/include/dobot_msgs_v4/dobot_msgs_v4/srv/start_rt_offset.h
[55.632s] -- Installing: /home/user/dobot_ws/install/dobot_msgs_v4/include/dobot_msgs_v4/dobot_msgs_v4/srv/do_instant.h
[55.632s] -- Installing: /home/user/dobot_ws/install/dobot_msgs_v4/include/dobot_msgs_v4/dobot_msgs_v4/srv/continue.h
[55.632s] -- Installing: /home/user/dobot_ws/install/dobot_msgs_v4/include/dobot_msgs_v4/dobot_msgs_v4/srv/tool_ai.h
[55.633s] -- Installing: /home/user/dobot_ws/install/dobot_msgs_v4/include/dobot_msgs_v4/dobot_msgs_v4/srv/get_error.h
[55.633s] -- Installing: /home/user/dobot_ws/install/dobot_msgs_v4/include/dobot_msgs_v4/dobot_msgs_v4/srv/di.h
[55.633s] -- Installing: /home/user/dobot_ws/install/dobot_msgs_v4/include/dobot_msgs_v4/dobot_msgs_v4/srv/set_hold_regs.h
[55.633s] -- Installing: /home/user/dobot_ws/install/dobot_msgs_v4/include/dobot_msgs_v4/dobot_msgs_v4/srv/ai.h
[55.633s] -- Installing: /home/user/dobot_ws/install/dobot_msgs_v4/include/dobot_msgs_v4/dobot_msgs_v4/srv/vel_j.h
[55.633s] -- Installing: /home/user/dobot_ws/install/dobot_msgs_v4/include/dobot_msgs_v4/dobot_msgs_v4/srv/run_script.h
[55.633s] -- Installing: /home/user/dobot_ws/install/dobot_msgs_v4/include/dobot_msgs_v4/dobot_msgs_v4/srv/fc_set_stiffness.h
[55.633s] -- Installing: /home/user/dobot_ws/install/dobot_msgs_v4/include/dobot_msgs_v4/dobot_msgs_v4/srv/enable_robot.h
[55.633s] -- Installing: /home/user/dobot_ws/install/dobot_msgs_v4/include/dobot_msgs_v4/dobot_msgs_v4/srv/set_safe_wall_enable.h
[55.633s] -- Installing: /home/user/dobot_ws/install/dobot_msgs_v4/include/dobot_msgs_v4/dobot_msgs_v4/srv/set_tool485.h
[55.634s] -- Installing: /home/user/dobot_ws/install/dobot_msgs_v4/include/dobot_msgs_v4/dobot_msgs_v4/srv/drag_sensivity.h
[55.634s] -- Installing: /home/user/dobot_ws/install/dobot_msgs_v4/include/dobot_msgs_v4/dobot_msgs_v4/srv/tool_di.h
[55.634s] -- Installing: /home/user/dobot_ws/install/dobot_msgs_v4/include/dobot_msgs_v4/dobot_msgs_v4/srv/get_do_group.h
[55.634s] -- Installing: /home/user/dobot_ws/install/dobot_msgs_v4/include/dobot_msgs_v4/dobot_msgs_v4/srv/set_output_float.h
[55.634s] -- Installing: /home/user/dobot_ws/install/dobot_msgs_v4/include/dobot_msgs_v4/dobot_msgs_v4/srv/di_group.h
[55.634s] -- Installing: /home/user/dobot_ws/install/dobot_msgs_v4/include/dobot_msgs_v4/dobot_msgs_v4/srv/get_tool_do.h
[55.634s] -- Installing: /home/user/dobot_ws/install/dobot_msgs_v4/include/dobot_msgs_v4/dobot_msgs_v4/srv/force_drive_speed.h
[55.634s] -- Installing: /home/user/dobot_ws/install/dobot_msgs_v4/include/dobot_msgs_v4/dobot_msgs_v4/srv/circle.h
[55.634s] -- Installing: /home/user/dobot_ws/install/dobot_msgs_v4/include/dobot_msgs_v4/dobot_msgs_v4/srv/pause.h
[55.634s] -- Installing: /home/user/dobot_ws/install/dobot_msgs_v4/include/dobot_msgs_v4/dobot_msgs_v4/srv/move_jog.h
[55.634s] -- Installing: /home/user/dobot_ws/install/dobot_msgs_v4/include/dobot_msgs_v4/dobot_msgs_v4/srv/set_tool_mode.h
[55.634s] -- Installing: /home/user/dobot_ws/install/dobot_msgs_v4/include/dobot_msgs_v4/dobot_msgs_v4/srv/rel_joint_mov_j.h
[55.634s] -- Installing: /home/user/dobot_ws/install/dobot_msgs_v4/include/dobot_msgs_v4/dobot_msgs_v4/srv/enable_ft_sensor.h
[55.634s] -- Installing: /home/user/dobot_ws/install/dobot_msgs_v4/include/dobot_msgs_v4/dobot_msgs_v4/srv/start_path.h
[55.635s] -- Installing: /home/user/dobot_ws/install/dobot_msgs_v4/include/dobot_msgs_v4/dobot_msgs_v4/srv/ao_instant.h
[55.635s] -- Installing: /home/user/dobot_ws/install/dobot_msgs_v4/include/dobot_msgs_v4/dobot_msgs_v4/srv/rel_mov_l_tool.h
[55.635s] -- Installing: /home/user/dobot_ws/install/dobot_msgs_v4/include/dobot_msgs_v4/dobot_msgs_v4/srv/do_group.h
[55.635s] -- Installing: /home/user/dobot_ws/install/dobot_msgs_v4/include/dobot_msgs_v4/dobot_msgs_v4/srv/rel_mov_j_tool.h
[55.635s] -- Installing: /home/user/dobot_ws/install/dobot_msgs_v4/include/dobot_msgs_v4/dobot_msgs_v4/srv/tool.h
[55.635s] -- Installing: /home/user/dobot_ws/install/dobot_msgs_v4/include/dobot_msgs_v4/dobot_msgs_v4/srv/positive_kin.h
[55.635s] -- Installing: /home/user/dobot_ws/install/dobot_msgs_v4/include/dobot_msgs_v4/dobot_msgs_v4/srv/get_output_int.h
[55.635s] -- Installing: /home/user/dobot_ws/install/dobot_msgs_v4/include/dobot_msgs_v4/dobot_msgs_v4/srv/stop.h
[55.635s] -- Installing: /home/user/dobot_ws/install/dobot_msgs_v4/include/dobot_msgs_v4/dobot_msgs_v4/srv/mov_j.h
[55.635s] -- Installing: /home/user/dobot_ws/install/dobot_msgs_v4/include/dobot_msgs_v4/dobot_msgs_v4/srv/speed_factor.h
[55.635s] -- Installing: /home/user/dobot_ws/install/dobot_msgs_v4/include/dobot_msgs_v4/dobot_msgs_v4/srv/set_work_zone_enable.h
[55.635s] -- Installing: /home/user/dobot_ws/install/dobot_msgs_v4/include/dobot_msgs_v4/dobot_msgs_v4/srv/disable_robot.h
[55.636s] -- Installing: /home/user/dobot_ws/install/dobot_msgs_v4/include/dobot_msgs_v4/dobot_msgs_v4/srv/user.h
[55.636s] -- Installing: /home/user/dobot_ws/install/dobot_msgs_v4/include/dobot_msgs_v4/dobot_msgs_v4/srv/tool_do.h
[55.636s] -- Installing: /home/user/dobot_ws/install/dobot_msgs_v4/include/dobot_msgs_v4/dobot_msgs_v4/srv/mov_jio.h
[55.636s] -- Installing: /home/user/dobot_ws/install/dobot_msgs_v4/include/dobot_msgs_v4/dobot_msgs_v4/srv/cp.h
[55.636s] -- Installing: /home/user/dobot_ws/install/dobot_msgs_v4/include/dobot_msgs_v4/dobot_msgs_v4/srv/tool_do_instant.h
[55.636s] -- Installing: /home/user/dobot_ws/install/dobot_msgs_v4/include/dobot_msgs_v4/dobot_msgs_v4/srv/rel_mov_j_user.h
[55.636s] -- Installing: /home/user/dobot_ws/install/dobot_msgs_v4/include/dobot_msgs_v4/dobot_msgs_v4/srv/ao.h
[55.636s] -- Installing: /home/user/dobot_ws/install/dobot_msgs_v4/include/dobot_msgs_v4/dobot_msgs_v4/srv/get_input_int.h
[55.636s] -- Installing: /home/user/dobot_ws/install/dobot_msgs_v4/include/dobot_msgs_v4/dobot_msgs_v4/srv/acc_j.h
[55.636s] -- Installing: /home/user/dobot_ws/install/dobot_msgs_v4/include/dobot_msgs_v4/dobot_msgs_v4/srv/get_hold_regs.h
[55.636s] -- Installing: /home/user/dobot_ws/install/dobot_msgs_v4/include/dobot_msgs_v4/dobot_msgs_v4/srv/get_output_bool.h
[55.636s] -- Installing: /home/user/dobot_ws/install/dobot_msgs_v4/include/dobot_msgs_v4/dobot_msgs_v4/srv/arc.h
[55.636s] -- Installing: /home/user/dobot_ws/install/dobot_msgs_v4/include/dobot_msgs_v4/dobot_msgs_v4/srv/mov_lio.h
[55.636s] -- Installing: /home/user/dobot_ws/install/dobot_msgs_v4/include/dobot_msgs_v4/dobot_msgs_v4/srv/emergency_stop.h
[55.637s] -- Installing: /home/user/dobot_ws/install/dobot_msgs_v4/include/dobot_msgs_v4/dobot_msgs_v4/srv/get_do.h
[55.637s] -- Installing: /home/user/dobot_ws/install/dobot_msgs_v4/include/dobot_msgs_v4/dobot_msgs_v4/srv/get_pose.h
[55.637s] -- Installing: /home/user/dobot_ws/install/dobot_msgs_v4/include/dobot_msgs_v4/dobot_msgs_v4/srv/set_output_int.h
[55.637s] -- Installing: /home/user/dobot_ws/install/dobot_msgs_v4/include/dobot_msgs_v4/dobot_msgs_v4/srv/fc_force_mode.h
[55.637s] -- Installing: /home/user/dobot_ws/install/dobot_msgs_v4/include/dobot_msgs_v4/dobot_msgs_v4/srv/modbus_close.h
[55.637s] -- Installing: /home/user/dobot_ws/install/dobot_msgs_v4/include/dobot_msgs_v4/dobot_msgs_v4/srv/servo_p.h
[55.637s] -- Installing: /home/user/dobot_ws/install/dobot_msgs_v4/include/dobot_msgs_v4/dobot_msgs_v4/srv/get_start_pose.h
[55.637s] -- Installing: /home/user/dobot_ws/install/dobot_msgs_v4/include/dobot_msgs_v4/dobot_msgs_v4/srv/get_output_float.h
[55.637s] -- Installing: /home/user/dobot_ws/install/dobot_msgs_v4/include/dobot_msgs_v4/dobot_msgs_v4/srv/set_back_distance.h
[55.637s] -- Installing: /home/user/dobot_ws/install/dobot_msgs_v4/include/dobot_msgs_v4/dobot_msgs_v4/srv/fc_set_force_speed_limit.h
[55.637s] -- Installing: /home/user/dobot_ws/install/dobot_msgs_v4/include/dobot_msgs_v4/dobot_msgs_v4/srv/inverse_kin.h
[55.637s] -- Installing: /home/user/dobot_ws/install/dobot_msgs_v4/include/dobot_msgs_v4/dobot_msgs_v4/srv/set_output_bool.h
[55.637s] -- Installing: /home/user/dobot_ws/install/dobot_msgs_v4/include/dobot_msgs_v4/dobot_msgs_v4/srv/set_collision_level.h
[55.637s] -- Installing: /home/user/dobot_ws/install/dobot_msgs_v4/include/dobot_msgs_v4/dobot_msgs_v4/srv/get_current_command_id.h
[55.637s] -- Installing: /home/user/dobot_ws/install/dobot_msgs_v4/include/dobot_msgs_v4/dobot_msgs_v4/srv/brake_control.h
[55.637s] -- Installing: /home/user/dobot_ws/install/dobot_msgs_v4/include/dobot_msgs_v4/dobot_msgs_v4/srv/fc_off.h
[55.637s] -- Installing: /home/user/dobot_ws/install/dobot_msgs_v4/include/dobot_msgs_v4/dobot_msgs_v4/srv/check_odd_mov_c.h
[55.637s] -- Installing: /home/user/dobot_ws/install/dobot_msgs_v4/include/dobot_msgs_v4/dobot_msgs_v4/srv/detail
[55.638s] -- Installing: /home/user/dobot_ws/install/dobot_msgs_v4/include/dobot_msgs_v4/dobot_msgs_v4/srv/detail/mov_lio__type_support.h
[55.638s] -- Installing: /home/user/dobot_ws/install/dobot_msgs_v4/include/dobot_msgs_v4/dobot_msgs_v4/srv/detail/fc_set_force__functions.c
[55.638s] -- Installing: /home/user/dobot_ws/install/dobot_msgs_v4/include/dobot_msgs_v4/dobot_msgs_v4/srv/detail/start_rt_offset__functions.h
[55.638s] -- Installing: /home/user/dobot_ws/install/dobot_msgs_v4/include/dobot_msgs_v4/dobot_msgs_v4/srv/detail/set_post_collision_mode__type_support.h
[55.638s] -- Installing: /home/user/dobot_ws/install/dobot_msgs_v4/include/dobot_msgs_v4/dobot_msgs_v4/srv/detail/get_input_bool__functions.h
[55.638s] -- Installing: /home/user/dobot_ws/install/dobot_msgs_v4/include/dobot_msgs_v4/dobot_msgs_v4/srv/detail/speed_factor__functions.c
[55.638s] -- Installing: /home/user/dobot_ws/install/dobot_msgs_v4/include/dobot_msgs_v4/dobot_msgs_v4/srv/detail/acc_j__struct.h
[55.638s] -- Installing: /home/user/dobot_ws/install/dobot_msgs_v4/include/dobot_msgs_v4/dobot_msgs_v4/srv/detail/get_output_float__type_support.h
[55.638s] -- Installing: /home/user/dobot_ws/install/dobot_msgs_v4/include/dobot_msgs_v4/dobot_msgs_v4/srv/detail/mov_l__struct.h
[55.638s] -- Installing: /home/user/dobot_ws/install/dobot_msgs_v4/include/dobot_msgs_v4/dobot_msgs_v4/srv/detail/set_tool485__struct.h
[55.638s] -- Installing: /home/user/dobot_ws/install/dobot_msgs_v4/include/dobot_msgs_v4/dobot_msgs_v4/srv/detail/end_rt_offset__functions.c
[55.639s] -- Installing: /home/user/dobot_ws/install/dobot_msgs_v4/include/dobot_msgs_v4/dobot_msgs_v4/srv/detail/rel_joint_mov_j__struct.h
[55.639s] -- Installing: /home/user/dobot_ws/install/dobot_msgs_v4/include/dobot_msgs_v4/dobot_msgs_v4/srv/detail/set_output_float__functions.h
[55.639s] -- Installing: /home/user/dobot_ws/install/dobot_msgs_v4/include/dobot_msgs_v4/dobot_msgs_v4/srv/detail/move_jog__functions.h
[55.639s] -- Installing: /home/user/dobot_ws/install/dobot_msgs_v4/include/dobot_msgs_v4/dobot_msgs_v4/srv/detail/disable_robot__struct.h
[55.639s] -- Installing: /home/user/dobot_ws/install/dobot_msgs_v4/include/dobot_msgs_v4/dobot_msgs_v4/srv/detail/fc_set_mass__functions.h
[55.639s] -- Installing: /home/user/dobot_ws/install/dobot_msgs_v4/include/dobot_msgs_v4/dobot_msgs_v4/srv/detail/fc_set_force_limit__functions.h
[55.639s] -- Installing: /home/user/dobot_ws/install/dobot_msgs_v4/include/dobot_msgs_v4/dobot_msgs_v4/srv/detail/set_coils__functions.c
[55.639s] -- Installing: /home/user/dobot_ws/install/dobot_msgs_v4/include/dobot_msgs_v4/dobot_msgs_v4/srv/detail/rel_mov_j_tool__functions.c
[55.639s] -- Installing: /home/user/dobot_ws/install/dobot_msgs_v4/include/dobot_msgs_v4/dobot_msgs_v4/srv/detail/fc_set_damping__functions.c
[55.639s] -- Installing: /home/user/dobot_ws/install/dobot_msgs_v4/include/dobot_msgs_v4/dobot_msgs_v4/srv/detail/user__type_support.h
[55.639s] -- Installing: /home/user/dobot_ws/install/dobot_msgs_v4/include/dobot_msgs_v4/dobot_msgs_v4/srv/detail/circle__functions.c
[55.639s] -- Installing: /home/user/dobot_ws/install/dobot_msgs_v4/include/dobot_msgs_v4/dobot_msgs_v4/srv/detail/get_coils__type_support.h
[55.639s] -- Installing: /home/user/dobot_ws/install/dobot_msgs_v4/include/dobot_msgs_v4/dobot_msgs_v4/srv/detail/get_do__type_support.h
[55.640s] -- Installing: /home/user/dobot_ws/install/dobot_msgs_v4/include/dobot_msgs_v4/dobot_msgs_v4/srv/detail/drag_sensivity__functions.h
[55.640s] -- Installing: /home/user/dobot_ws/install/dobot_msgs_v4/include/dobot_msgs_v4/dobot_msgs_v4/srv/detail/get_pose__type_support.h
[55.640s] -- Installing: /home/user/dobot_ws/install/dobot_msgs_v4/include/dobot_msgs_v4/dobot_msgs_v4/srv/detail/fc_set_force_limit__type_support.h
[55.640s] -- Installing: /home/user/dobot_ws/install/dobot_msgs_v4/include/dobot_msgs_v4/dobot_msgs_v4/srv/detail/inverse_solution__struct.h
[55.640s] -- Installing: /home/user/dobot_ws/install/dobot_msgs_v4/include/dobot_msgs_v4/dobot_msgs_v4/srv/detail/start_drag__functions.h
[55.640s] -- Installing: /home/user/dobot_ws/install/dobot_msgs_v4/include/dobot_msgs_v4/dobot_msgs_v4/srv/detail/start_drag__functions.c
[55.640s] -- Installing: /home/user/dobot_ws/install/dobot_msgs_v4/include/dobot_msgs_v4/dobot_msgs_v4/srv/detail/fc_set_force__type_support.h
[55.640s] -- Installing: /home/user/dobot_ws/install/dobot_msgs_v4/include/dobot_msgs_v4/dobot_msgs_v4/srv/detail/acc_l__type_support.h
[55.640s] -- Installing: /home/user/dobot_ws/install/dobot_msgs_v4/include/dobot_msgs_v4/dobot_msgs_v4/srv/detail/fc_set_mass__struct.h
[55.640s] -- Installing: /home/user/dobot_ws/install/dobot_msgs_v4/include/dobot_msgs_v4/dobot_msgs_v4/srv/detail/enable_robot__functions.c
[55.640s] -- Installing: /home/user/dobot_ws/install/dobot_msgs_v4/include/dobot_msgs_v4/dobot_msgs_v4/srv/detail/set_collision_level__functions.h
[55.640s] -- Installing: /home/user/dobot_ws/install/dobot_msgs_v4/include/dobot_msgs_v4/dobot_msgs_v4/srv/detail/acc_j__functions.c
[55.641s] -- Installing: /home/user/dobot_ws/install/dobot_msgs_v4/include/dobot_msgs_v4/dobot_msgs_v4/srv/detail/fc_set_stiffness__struct.h
[55.641s] -- Installing: /home/user/dobot_ws/install/dobot_msgs_v4/include/dobot_msgs_v4/dobot_msgs_v4/srv/detail/set_hold_regs__functions.h
[55.641s] -- Installing: /home/user/dobot_ws/install/dobot_msgs_v4/include/dobot_msgs_v4/dobot_msgs_v4/srv/detail/clear_error__functions.h
[55.641s] -- Installing: /home/user/dobot_ws/install/dobot_msgs_v4/include/dobot_msgs_v4/dobot_msgs_v4/srv/detail/get_input_bool__struct.h
[55.641s] -- Installing: /home/user/dobot_ws/install/dobot_msgs_v4/include/dobot_msgs_v4/dobot_msgs_v4/srv/detail/di_group__type_support.h
[55.641s] -- Installing: /home/user/dobot_ws/install/dobot_msgs_v4/include/dobot_msgs_v4/dobot_msgs_v4/srv/detail/stop__functions.h
[55.641s] -- Installing: /home/user/dobot_ws/install/dobot_msgs_v4/include/dobot_msgs_v4/dobot_msgs_v4/srv/detail/emergency_stop__functions.h
[55.641s] -- Installing: /home/user/dobot_ws/install/dobot_msgs_v4/include/dobot_msgs_v4/dobot_msgs_v4/srv/detail/do_group__functions.h
[55.641s] -- Installing: /home/user/dobot_ws/install/dobot_msgs_v4/include/dobot_msgs_v4/dobot_msgs_v4/srv/detail/positive_kin__functions.c
[55.641s] -- Installing: /home/user/dobot_ws/install/dobot_msgs_v4/include/dobot_msgs_v4/dobot_msgs_v4/srv/detail/pause__struct.h
[55.641s] -- Installing: /home/user/dobot_ws/install/dobot_msgs_v4/include/dobot_msgs_v4/dobot_msgs_v4/srv/detail/run_script__functions.h
[55.641s] -- Installing: /home/user/dobot_ws/install/dobot_msgs_v4/include/dobot_msgs_v4/dobot_msgs_v4/srv/detail/get_input_int__type_support.h
[55.642s] -- Installing: /home/user/dobot_ws/install/dobot_msgs_v4/include/dobot_msgs_v4/dobot_msgs_v4/srv/detail/servo_p__struct.h
[55.642s] -- Installing: /home/user/dobot_ws/install/dobot_msgs_v4/include/dobot_msgs_v4/dobot_msgs_v4/srv/detail/vel_l__functions.c
[55.642s] -- Installing: /home/user/dobot_ws/install/dobot_msgs_v4/include/dobot_msgs_v4/dobot_msgs_v4/srv/detail/check_odd_mov_c__type_support.h
[55.642s] -- Installing: /home/user/dobot_ws/install/dobot_msgs_v4/include/dobot_msgs_v4/dobot_msgs_v4/srv/detail/do_group_dec__type_support.h
[55.642s] -- Installing: /home/user/dobot_ws/install/dobot_msgs_v4/include/dobot_msgs_v4/dobot_msgs_v4/srv/detail/request_control__type_support.h
[55.642s] -- Installing: /home/user/dobot_ws/install/dobot_msgs_v4/include/dobot_msgs_v4/dobot_msgs_v4/srv/detail/run_to__type_support.h
[55.642s] -- Installing: /home/user/dobot_ws/install/dobot_msgs_v4/include/dobot_msgs_v4/dobot_msgs_v4/srv/detail/set_coils__type_support.h
[55.642s] -- Installing: /home/user/dobot_ws/install/dobot_msgs_v4/include/dobot_msgs_v4/dobot_msgs_v4/srv/detail/rel_mov_j_tool__functions.h
[55.642s] -- Installing: /home/user/dobot_ws/install/dobot_msgs_v4/include/dobot_msgs_v4/dobot_msgs_v4/srv/detail/check_odd_mov_j__type_support.h
[55.642s] -- Installing: /home/user/dobot_ws/install/dobot_msgs_v4/include/dobot_msgs_v4/dobot_msgs_v4/srv/detail/power_on__type_support.h
[55.642s] -- Installing: /home/user/dobot_ws/install/dobot_msgs_v4/include/dobot_msgs_v4/dobot_msgs_v4/srv/detail/set_tool_power__functions.c
[55.642s] -- Installing: /home/user/dobot_ws/install/dobot_msgs_v4/include/dobot_msgs_v4/dobot_msgs_v4/srv/detail/get_do_group_dec__struct.h
[55.643s] -- Installing: /home/user/dobot_ws/install/dobot_msgs_v4/include/dobot_msgs_v4/dobot_msgs_v4/srv/detail/positive_kin__struct.h
[55.643s] -- Installing: /home/user/dobot_ws/install/dobot_msgs_v4/include/dobot_msgs_v4/dobot_msgs_v4/srv/detail/get_start_pose__type_support.h
[55.643s] -- Installing: /home/user/dobot_ws/install/dobot_msgs_v4/include/dobot_msgs_v4/dobot_msgs_v4/srv/detail/stop__struct.h
[55.643s] -- Installing: /home/user/dobot_ws/install/dobot_msgs_v4/include/dobot_msgs_v4/dobot_msgs_v4/srv/detail/start_drag__struct.h
[55.643s] -- Installing: /home/user/dobot_ws/install/dobot_msgs_v4/include/dobot_msgs_v4/dobot_msgs_v4/srv/detail/clear_error__functions.c
[55.643s] -- Installing: /home/user/dobot_ws/install/dobot_msgs_v4/include/dobot_msgs_v4/dobot_msgs_v4/srv/detail/get_do_group__struct.h
[55.643s] -- Installing: /home/user/dobot_ws/install/dobot_msgs_v4/include/dobot_msgs_v4/dobot_msgs_v4/srv/detail/get_in_bits__type_support.h
[55.643s] -- Installing: /home/user/dobot_ws/install/dobot_msgs_v4/include/dobot_msgs_v4/dobot_msgs_v4/srv/detail/get_input_bool__functions.c
[55.643s] -- Installing: /home/user/dobot_ws/install/dobot_msgs_v4/include/dobot_msgs_v4/dobot_msgs_v4/srv/detail/get_angle__type_support.h
[55.643s] -- Installing: /home/user/dobot_ws/install/dobot_msgs_v4/include/dobot_msgs_v4/dobot_msgs_v4/srv/detail/mov_jio__type_support.h
[55.643s] -- Installing: /home/user/dobot_ws/install/dobot_msgs_v4/include/dobot_msgs_v4/dobot_msgs_v4/srv/detail/speed_factor__struct.h
[55.643s] -- Installing: /home/user/dobot_ws/install/dobot_msgs_v4/include/dobot_msgs_v4/dobot_msgs_v4/srv/detail/get_output_bool__functions.h
[55.644s] -- Installing: /home/user/dobot_ws/install/dobot_msgs_v4/include/dobot_msgs_v4/dobot_msgs_v4/srv/detail/get_do__functions.c
[55.644s] -- Installing: /home/user/dobot_ws/install/dobot_msgs_v4/include/dobot_msgs_v4/dobot_msgs_v4/srv/detail/set_tool__type_support.h
[55.644s] -- Installing: /home/user/dobot_ws/install/dobot_msgs_v4/include/dobot_msgs_v4/dobot_msgs_v4/srv/detail/brake_control__type_support.h
[55.644s] -- Installing: /home/user/dobot_ws/install/dobot_msgs_v4/include/dobot_msgs_v4/dobot_msgs_v4/srv/detail/start_rt_offset__functions.c
[55.644s] -- Installing: /home/user/dobot_ws/install/dobot_msgs_v4/include/dobot_msgs_v4/dobot_msgs_v4/srv/detail/tool__functions.c
[55.644s] -- Installing: /home/user/dobot_ws/install/dobot_msgs_v4/include/dobot_msgs_v4/dobot_msgs_v4/srv/detail/check_odd_mov_j__functions.h
[55.644s] -- Installing: /home/user/dobot_ws/install/dobot_msgs_v4/include/dobot_msgs_v4/dobot_msgs_v4/srv/detail/reset_robot__type_support.h
[55.644s] -- Installing: /home/user/dobot_ws/install/dobot_msgs_v4/include/dobot_msgs_v4/dobot_msgs_v4/srv/detail/rel_mov_l_user__struct.h
[55.644s] -- Installing: /home/user/dobot_ws/install/dobot_msgs_v4/include/dobot_msgs_v4/dobot_msgs_v4/srv/detail/set_post_collision_mode__functions.h
[55.644s] -- Installing: /home/user/dobot_ws/install/dobot_msgs_v4/include/dobot_msgs_v4/dobot_msgs_v4/srv/detail/tool_di__struct.h
[55.644s] -- Installing: /home/user/dobot_ws/install/dobot_msgs_v4/include/dobot_msgs_v4/dobot_msgs_v4/srv/detail/set_tool485__functions.h
[55.645s] -- Installing: /home/user/dobot_ws/install/dobot_msgs_v4/include/dobot_msgs_v4/dobot_msgs_v4/srv/detail/get_do__functions.h
[55.645s] -- Installing: /home/user/dobot_ws/install/dobot_msgs_v4/include/dobot_msgs_v4/dobot_msgs_v4/srv/detail/set_back_distance__struct.h
[55.645s] -- Installing: /home/user/dobot_ws/install/dobot_msgs_v4/include/dobot_msgs_v4/dobot_msgs_v4/srv/detail/set_collision_level__type_support.h
[55.645s] -- Installing: /home/user/dobot_ws/install/dobot_msgs_v4/include/dobot_msgs_v4/dobot_msgs_v4/srv/detail/check_odd_mov_c__functions.h
[55.645s] -- Installing: /home/user/dobot_ws/install/dobot_msgs_v4/include/dobot_msgs_v4/dobot_msgs_v4/srv/detail/set_payload__functions.c
[55.645s] -- Installing: /home/user/dobot_ws/install/dobot_msgs_v4/include/dobot_msgs_v4/dobot_msgs_v4/srv/detail/check_odd_mov_l__functions.c
[55.645s] -- Installing: /home/user/dobot_ws/install/dobot_msgs_v4/include/dobot_msgs_v4/dobot_msgs_v4/srv/detail/get_hold_regs__functions.c
[55.645s] -- Installing: /home/user/dobot_ws/install/dobot_msgs_v4/include/dobot_msgs_v4/dobot_msgs_v4/srv/detail/ao__functions.c
[55.645s] -- Installing: /home/user/dobot_ws/install/dobot_msgs_v4/include/dobot_msgs_v4/dobot_msgs_v4/srv/detail/set_back_distance__functions.h
[55.645s] -- Installing: /home/user/dobot_ws/install/dobot_msgs_v4/include/dobot_msgs_v4/dobot_msgs_v4/srv/detail/get_angle__struct.h
[55.645s] -- Installing: /home/user/dobot_ws/install/dobot_msgs_v4/include/dobot_msgs_v4/dobot_msgs_v4/srv/detail/set_fc_collision__functions.c
[55.646s] -- Installing: /home/user/dobot_ws/install/dobot_msgs_v4/include/dobot_msgs_v4/dobot_msgs_v4/srv/detail/force_drive_mode__functions.h
[55.646s] -- Installing: /home/user/dobot_ws/install/dobot_msgs_v4/include/dobot_msgs_v4/dobot_msgs_v4/srv/detail/calc_tool__functions.h
[55.646s] -- Installing: /home/user/dobot_ws/install/dobot_msgs_v4/include/dobot_msgs_v4/dobot_msgs_v4/srv/detail/set_output_bool__struct.h
[55.646s] -- Installing: /home/user/dobot_ws/install/dobot_msgs_v4/include/dobot_msgs_v4/dobot_msgs_v4/srv/detail/run_script__type_support.h
[55.646s] -- Installing: /home/user/dobot_ws/install/dobot_msgs_v4/include/dobot_msgs_v4/dobot_msgs_v4/srv/detail/drag_sensivity__type_support.h
[55.646s] -- Installing: /home/user/dobot_ws/install/dobot_msgs_v4/include/dobot_msgs_v4/dobot_msgs_v4/srv/detail/get_ao__functions.h
[55.646s] -- Installing: /home/user/dobot_ws/install/dobot_msgs_v4/include/dobot_msgs_v4/dobot_msgs_v4/srv/detail/emergency_stop__functions.c
[55.646s] -- Installing: /home/user/dobot_ws/install/dobot_msgs_v4/include/dobot_msgs_v4/dobot_msgs_v4/srv/detail/arc__functions.c
[55.646s] -- Installing: /home/user/dobot_ws/install/dobot_msgs_v4/include/dobot_msgs_v4/dobot_msgs_v4/srv/detail/stop_drag__struct.h
[55.646s] -- Installing: /home/user/dobot_ws/install/dobot_msgs_v4/include/dobot_msgs_v4/dobot_msgs_v4/srv/detail/rel_mov_j_user__struct.h
[55.646s] -- Installing: /home/user/dobot_ws/install/dobot_msgs_v4/include/dobot_msgs_v4/dobot_msgs_v4/srv/detail/inverse_kin__struct.h
[55.647s] -- Installing: /home/user/dobot_ws/install/dobot_msgs_v4/include/dobot_msgs_v4/dobot_msgs_v4/srv/detail/rel_joint_mov_j__functions.c
[55.647s] -- Installing: /home/user/dobot_ws/install/dobot_msgs_v4/include/dobot_msgs_v4/dobot_msgs_v4/srv/detail/brake_control__functions.c
[55.647s] -- Installing: /home/user/dobot_ws/install/dobot_msgs_v4/include/dobot_msgs_v4/dobot_msgs_v4/srv/detail/set_tool__struct.h
[55.647s] -- Installing: /home/user/dobot_ws/install/dobot_msgs_v4/include/dobot_msgs_v4/dobot_msgs_v4/srv/detail/rel_mov_j_user__type_support.h
[55.647s] -- Installing: /home/user/dobot_ws/install/dobot_msgs_v4/include/dobot_msgs_v4/dobot_msgs_v4/srv/detail/get_tool_do__struct.h
[55.647s] -- Installing: /home/user/dobot_ws/install/dobot_msgs_v4/include/dobot_msgs_v4/dobot_msgs_v4/srv/detail/get_do_group__functions.c
[55.647s] -- Installing: /home/user/dobot_ws/install/dobot_msgs_v4/include/dobot_msgs_v4/dobot_msgs_v4/srv/detail/get_output_int__type_support.h
[55.647s] -- Installing: /home/user/dobot_ws/install/dobot_msgs_v4/include/dobot_msgs_v4/dobot_msgs_v4/srv/detail/do__functions.h
[55.647s] -- Installing: /home/user/dobot_ws/install/dobot_msgs_v4/include/dobot_msgs_v4/dobot_msgs_v4/srv/detail/enable_ft_sensor__type_support.h
[55.647s] -- Installing: /home/user/dobot_ws/install/dobot_msgs_v4/include/dobot_msgs_v4/dobot_msgs_v4/srv/detail/set_output_int__struct.h
[55.647s] -- Installing: /home/user/dobot_ws/install/dobot_msgs_v4/include/dobot_msgs_v4/dobot_msgs_v4/srv/detail/robot_mode__functions.h
[55.648s] -- Installing: /home/user/dobot_ws/install/dobot_msgs_v4/include/dobot_msgs_v4/dobot_msgs_v4/srv/detail/get_output_bool__type_support.h
[55.648s] -- Installing: /home/user/dobot_ws/install/dobot_msgs_v4/include/dobot_msgs_v4/dobot_msgs_v4/srv/detail/set_hold_regs__functions.c
[55.648s] -- Installing: /home/user/dobot_ws/install/dobot_msgs_v4/include/dobot_msgs_v4/dobot_msgs_v4/srv/detail/ao__functions.h
[55.648s] -- Installing: /home/user/dobot_ws/install/dobot_msgs_v4/include/dobot_msgs_v4/dobot_msgs_v4/srv/detail/set_safe_wall_enable__functions.h
[55.648s] -- Installing: /home/user/dobot_ws/install/dobot_msgs_v4/include/dobot_msgs_v4/dobot_msgs_v4/srv/detail/request_control__functions.h
[55.648s] -- Installing: /home/user/dobot_ws/install/dobot_msgs_v4/include/dobot_msgs_v4/dobot_msgs_v4/srv/detail/get_output_int__struct.h
[55.648s] -- Installing: /home/user/dobot_ws/install/dobot_msgs_v4/include/dobot_msgs_v4/dobot_msgs_v4/srv/detail/set_user__functions.c
[55.648s] -- Installing: /home/user/dobot_ws/install/dobot_msgs_v4/include/dobot_msgs_v4/dobot_msgs_v4/srv/detail/tool__type_support.h
[55.649s] -- Installing: /home/user/dobot_ws/install/dobot_msgs_v4/include/dobot_msgs_v4/dobot_msgs_v4/srv/detail/di_group_dec__functions.c
[55.649s] -- Installing: /home/user/dobot_ws/install/dobot_msgs_v4/include/dobot_msgs_v4/dobot_msgs_v4/srv/detail/inverse_kin__functions.c
[55.649s] -- Installing: /home/user/dobot_ws/install/dobot_msgs_v4/include/dobot_msgs_v4/dobot_msgs_v4/srv/detail/ao_instant__functions.h
[55.649s] -- Installing: /home/user/dobot_ws/install/dobot_msgs_v4/include/dobot_msgs_v4/dobot_msgs_v4/srv/detail/arc__struct.h
[55.649s] -- Installing: /home/user/dobot_ws/install/dobot_msgs_v4/include/dobot_msgs_v4/dobot_msgs_v4/srv/detail/get_ao__type_support.h
[55.649s] -- Installing: /home/user/dobot_ws/install/dobot_msgs_v4/include/dobot_msgs_v4/dobot_msgs_v4/srv/detail/tool_ai__struct.h
[55.649s] -- Installing: /home/user/dobot_ws/install/dobot_msgs_v4/include/dobot_msgs_v4/dobot_msgs_v4/srv/detail/mov_jio__struct.h
[55.649s] -- Installing: /home/user/dobot_ws/install/dobot_msgs_v4/include/dobot_msgs_v4/dobot_msgs_v4/srv/detail/start_path__functions.c
[55.649s] -- Installing: /home/user/dobot_ws/install/dobot_msgs_v4/include/dobot_msgs_v4/dobot_msgs_v4/srv/detail/get_input_float__struct.h
[55.649s] -- Installing: /home/user/dobot_ws/install/dobot_msgs_v4/include/dobot_msgs_v4/dobot_msgs_v4/srv/detail/circle__struct.h
[55.649s] -- Installing: /home/user/dobot_ws/install/dobot_msgs_v4/include/dobot_msgs_v4/dobot_msgs_v4/srv/detail/positive_kin__type_support.h
[55.649s] -- Installing: /home/user/dobot_ws/install/dobot_msgs_v4/include/dobot_msgs_v4/dobot_msgs_v4/srv/detail/get_in_bits__functions.c
[55.649s] -- Installing: /home/user/dobot_ws/install/dobot_msgs_v4/include/dobot_msgs_v4/dobot_msgs_v4/srv/detail/get_error_id__struct.h
[55.650s] -- Installing: /home/user/dobot_ws/install/dobot_msgs_v4/include/dobot_msgs_v4/dobot_msgs_v4/srv/detail/di__struct.h
[55.650s] -- Installing: /home/user/dobot_ws/install/dobot_msgs_v4/include/dobot_msgs_v4/dobot_msgs_v4/srv/detail/six_force_home__functions.c
[55.650s] -- Installing: /home/user/dobot_ws/install/dobot_msgs_v4/include/dobot_msgs_v4/dobot_msgs_v4/srv/detail/force_drive_speed__functions.h
[55.650s] -- Installing: /home/user/dobot_ws/install/dobot_msgs_v4/include/dobot_msgs_v4/dobot_msgs_v4/srv/detail/speed_factor__type_support.h
[55.650s] -- Installing: /home/user/dobot_ws/install/dobot_msgs_v4/include/dobot_msgs_v4/dobot_msgs_v4/srv/detail/fc_set_force_speed_limit__functions.c
[55.650s] -- Installing: /home/user/dobot_ws/install/dobot_msgs_v4/include/dobot_msgs_v4/dobot_msgs_v4/srv/detail/fc_set_stiffness__functions.h
[55.650s] -- Installing: /home/user/dobot_ws/install/dobot_msgs_v4/include/dobot_msgs_v4/dobot_msgs_v4/srv/detail/circle__functions.h
[55.650s] -- Installing: /home/user/dobot_ws/install/dobot_msgs_v4/include/dobot_msgs_v4/dobot_msgs_v4/srv/detail/fc_set_force_speed_limit__functions.h
[55.650s] -- Installing: /home/user/dobot_ws/install/dobot_msgs_v4/include/dobot_msgs_v4/dobot_msgs_v4/srv/detail/get_current_command_id__functions.c
[55.650s] -- Installing: /home/user/dobot_ws/install/dobot_msgs_v4/include/dobot_msgs_v4/dobot_msgs_v4/srv/detail/get_in_regs__type_support.h
[55.650s] -- Installing: /home/user/dobot_ws/install/dobot_msgs_v4/include/dobot_msgs_v4/dobot_msgs_v4/srv/detail/tool_do_instant__functions.c
[55.651s] -- Installing: /home/user/dobot_ws/install/dobot_msgs_v4/include/dobot_msgs_v4/dobot_msgs_v4/srv/detail/get_pose__functions.c
[55.651s] -- Installing: /home/user/dobot_ws/install/dobot_msgs_v4/include/dobot_msgs_v4/dobot_msgs_v4/srv/detail/cp__functions.c
[55.651s] -- Installing: /home/user/dobot_ws/install/dobot_msgs_v4/include/dobot_msgs_v4/dobot_msgs_v4/srv/detail/positive_kin__functions.h
[55.651s] -- Installing: /home/user/dobot_ws/install/dobot_msgs_v4/include/dobot_msgs_v4/dobot_msgs_v4/srv/detail/get_in_regs__struct.h
[55.651s] -- Installing: /home/user/dobot_ws/install/dobot_msgs_v4/include/dobot_msgs_v4/dobot_msgs_v4/srv/detail/get_error__functions.h
[55.651s] -- Installing: /home/user/dobot_ws/install/dobot_msgs_v4/include/dobot_msgs_v4/dobot_msgs_v4/srv/detail/run_script__functions.c
[55.651s] -- Installing: /home/user/dobot_ws/install/dobot_msgs_v4/include/dobot_msgs_v4/dobot_msgs_v4/srv/detail/get_error__type_support.h
[55.651s] -- Installing: /home/user/dobot_ws/install/dobot_msgs_v4/include/dobot_msgs_v4/dobot_msgs_v4/srv/detail/set_post_collision_mode__struct.h
[55.651s] -- Installing: /home/user/dobot_ws/install/dobot_msgs_v4/include/dobot_msgs_v4/dobot_msgs_v4/srv/detail/modbus_create__type_support.h
[55.651s] -- Installing: /home/user/dobot_ws/install/dobot_msgs_v4/include/dobot_msgs_v4/dobot_msgs_v4/srv/detail/fc_collision_switch__functions.c
[55.652s] -- Installing: /home/user/dobot_ws/install/dobot_msgs_v4/include/dobot_msgs_v4/dobot_msgs_v4/srv/detail/rel_mov_j_user__functions.h
[55.652s] -- Installing: /home/user/dobot_ws/install/dobot_msgs_v4/include/dobot_msgs_v4/dobot_msgs_v4/srv/detail/set_fc_collision__functions.h
[55.652s] -- Installing: /home/user/dobot_ws/install/dobot_msgs_v4/include/dobot_msgs_v4/dobot_msgs_v4/srv/detail/modbus_close__struct.h
[55.652s] -- Installing: /home/user/dobot_ws/install/dobot_msgs_v4/include/dobot_msgs_v4/dobot_msgs_v4/srv/detail/enable_safe_skin__struct.h
[55.652s] -- Installing: /home/user/dobot_ws/install/dobot_msgs_v4/include/dobot_msgs_v4/dobot_msgs_v4/srv/detail/do_group_dec__functions.h
[55.652s] -- Installing: /home/user/dobot_ws/install/dobot_msgs_v4/include/dobot_msgs_v4/dobot_msgs_v4/srv/detail/ai__functions.h
[55.652s] -- Installing: /home/user/dobot_ws/install/dobot_msgs_v4/include/dobot_msgs_v4/dobot_msgs_v4/srv/detail/set_payload__functions.h
[55.652s] -- Installing: /home/user/dobot_ws/install/dobot_msgs_v4/include/dobot_msgs_v4/dobot_msgs_v4/srv/detail/set_tool_power__struct.h
[55.652s] -- Installing: /home/user/dobot_ws/install/dobot_msgs_v4/include/dobot_msgs_v4/dobot_msgs_v4/srv/detail/get_input_float__functions.c
[55.652s] -- Installing: /home/user/dobot_ws/install/dobot_msgs_v4/include/dobot_msgs_v4/dobot_msgs_v4/srv/detail/ai__functions.c
[55.653s] -- Installing: /home/user/dobot_ws/install/dobot_msgs_v4/include/dobot_msgs_v4/dobot_msgs_v4/srv/detail/enable_robot__type_support.h
[55.653s] -- Installing: /home/user/dobot_ws/install/dobot_msgs_v4/include/dobot_msgs_v4/dobot_msgs_v4/srv/detail/ao__struct.h
[55.653s] -- Installing: /home/user/dobot_ws/install/dobot_msgs_v4/include/dobot_msgs_v4/dobot_msgs_v4/srv/detail/inverse_solution__functions.c
[55.653s] -- Installing: /home/user/dobot_ws/install/dobot_msgs_v4/include/dobot_msgs_v4/dobot_msgs_v4/srv/detail/enable_safe_skin__functions.c
[55.653s] -- Installing: /home/user/dobot_ws/install/dobot_msgs_v4/include/dobot_msgs_v4/dobot_msgs_v4/srv/detail/calc_tool__type_support.h
[55.653s] -- Installing: /home/user/dobot_ws/install/dobot_msgs_v4/include/dobot_msgs_v4/dobot_msgs_v4/srv/detail/rel_joint_mov_j__functions.h
[55.653s] -- Installing: /home/user/dobot_ws/install/dobot_msgs_v4/include/dobot_msgs_v4/dobot_msgs_v4/srv/detail/get_force__functions.h
[55.653s] -- Installing: /home/user/dobot_ws/install/dobot_msgs_v4/include/dobot_msgs_v4/dobot_msgs_v4/srv/detail/get_pose__functions.h
[55.653s] -- Installing: /home/user/dobot_ws/install/dobot_msgs_v4/include/dobot_msgs_v4/dobot_msgs_v4/srv/detail/tool_di__functions.c
[55.653s] -- Installing: /home/user/dobot_ws/install/dobot_msgs_v4/include/dobot_msgs_v4/dobot_msgs_v4/srv/detail/disable_robot__type_support.h
[55.653s] -- Installing: /home/user/dobot_ws/install/dobot_msgs_v4/include/dobot_msgs_v4/dobot_msgs_v4/srv/detail/do_instant__type_support.h
[55.654s] -- Installing: /home/user/dobot_ws/install/dobot_msgs_v4/include/dobot_msgs_v4/dobot_msgs_v4/srv/detail/ao__type_support.h
[55.654s] -- Installing: /home/user/dobot_ws/install/dobot_msgs_v4/include/dobot_msgs_v4/dobot_msgs_v4/srv/detail/di_group_dec__functions.h
[55.654s] -- Installing: /home/user/dobot_ws/install/dobot_msgs_v4/include/dobot_msgs_v4/dobot_msgs_v4/srv/detail/get_current_command_id__struct.h
[55.654s] -- Installing: /home/user/dobot_ws/install/dobot_msgs_v4/include/dobot_msgs_v4/dobot_msgs_v4/srv/detail/fc_set_damping__struct.h
[55.654s] -- Installing: /home/user/dobot_ws/install/dobot_msgs_v4/include/dobot_msgs_v4/dobot_msgs_v4/srv/detail/brake_control__functions.h
[55.654s] -- Installing: /home/user/dobot_ws/install/dobot_msgs_v4/include/dobot_msgs_v4/dobot_msgs_v4/srv/detail/fc_force_mode__functions.h
[55.654s] -- Installing: /home/user/dobot_ws/install/dobot_msgs_v4/include/dobot_msgs_v4/dobot_msgs_v4/srv/detail/tool_do_instant__type_support.h
[55.654s] -- Installing: /home/user/dobot_ws/install/dobot_msgs_v4/include/dobot_msgs_v4/dobot_msgs_v4/srv/detail/get_input_float__type_support.h
[55.654s] -- Installing: /home/user/dobot_ws/install/dobot_msgs_v4/include/dobot_msgs_v4/dobot_msgs_v4/srv/detail/move_jog__struct.h
[55.654s] -- Installing: /home/user/dobot_ws/install/dobot_msgs_v4/include/dobot_msgs_v4/dobot_msgs_v4/srv/detail/fc_set_stiffness__type_support.h
[55.654s] -- Installing: /home/user/dobot_ws/install/dobot_msgs_v4/include/dobot_msgs_v4/dobot_msgs_v4/srv/detail/end_rt_offset__type_support.h
[55.654s] -- Installing: /home/user/dobot_ws/install/dobot_msgs_v4/include/dobot_msgs_v4/dobot_msgs_v4/srv/detail/di__type_support.h
[55.654s] -- Installing: /home/user/dobot_ws/install/dobot_msgs_v4/include/dobot_msgs_v4/dobot_msgs_v4/srv/detail/get_error_id__functions.h
[55.655s] -- Installing: /home/user/dobot_ws/install/dobot_msgs_v4/include/dobot_msgs_v4/dobot_msgs_v4/srv/detail/set_hold_regs__type_support.h
[55.655s] -- Installing: /home/user/dobot_ws/install/dobot_msgs_v4/include/dobot_msgs_v4/dobot_msgs_v4/srv/detail/mov_jio__functions.c
[55.655s] -- Installing: /home/user/dobot_ws/install/dobot_msgs_v4/include/dobot_msgs_v4/dobot_msgs_v4/srv/detail/fc_collision_switch__type_support.h
[55.655s] -- Installing: /home/user/dobot_ws/install/dobot_msgs_v4/include/dobot_msgs_v4/dobot_msgs_v4/srv/detail/di_group__functions.c
[55.655s] -- Installing: /home/user/dobot_ws/install/dobot_msgs_v4/include/dobot_msgs_v4/dobot_msgs_v4/srv/detail/tool_ai__functions.h
[55.655s] -- Installing: /home/user/dobot_ws/install/dobot_msgs_v4/include/dobot_msgs_v4/dobot_msgs_v4/srv/detail/get_output_bool__functions.c
[55.655s] -- Installing: /home/user/dobot_ws/install/dobot_msgs_v4/include/dobot_msgs_v4/dobot_msgs_v4/srv/detail/force_drive_mode__type_support.h
[55.655s] -- Installing: /home/user/dobot_ws/install/dobot_msgs_v4/include/dobot_msgs_v4/dobot_msgs_v4/srv/detail/vel_j__functions.h
[55.655s] -- Installing: /home/user/dobot_ws/install/dobot_msgs_v4/include/dobot_msgs_v4/dobot_msgs_v4/srv/detail/di__functions.c
[55.655s] -- Installing: /home/user/dobot_ws/install/dobot_msgs_v4/include/dobot_msgs_v4/dobot_msgs_v4/srv/detail/set_user__struct.h
[55.655s] -- Installing: /home/user/dobot_ws/install/dobot_msgs_v4/include/dobot_msgs_v4/dobot_msgs_v4/srv/detail/continue__functions.c
[55.656s] -- Installing: /home/user/dobot_ws/install/dobot_msgs_v4/include/dobot_msgs_v4/dobot_msgs_v4/srv/detail/ao_instant__struct.h
[55.656s] -- Installing: /home/user/dobot_ws/install/dobot_msgs_v4/include/dobot_msgs_v4/dobot_msgs_v4/srv/detail/calc_tool__functions.c
[55.656s] -- Installing: /home/user/dobot_ws/install/dobot_msgs_v4/include/dobot_msgs_v4/dobot_msgs_v4/srv/detail/get_start_pose__struct.h
[55.656s] -- Installing: /home/user/dobot_ws/install/dobot_msgs_v4/include/dobot_msgs_v4/dobot_msgs_v4/srv/detail/di_group_dec__struct.h
[55.656s] -- Installing: /home/user/dobot_ws/install/dobot_msgs_v4/include/dobot_msgs_v4/dobot_msgs_v4/srv/detail/set_collision_level__functions.c
[55.656s] -- Installing: /home/user/dobot_ws/install/dobot_msgs_v4/include/dobot_msgs_v4/dobot_msgs_v4/srv/detail/inverse_solution__functions.h
[55.656s] -- Installing: /home/user/dobot_ws/install/dobot_msgs_v4/include/dobot_msgs_v4/dobot_msgs_v4/srv/detail/set_safe_skin__functions.c
[55.656s] -- Installing: /home/user/dobot_ws/install/dobot_msgs_v4/include/dobot_msgs_v4/dobot_msgs_v4/srv/detail/fc_collision_switch__struct.h
[55.656s] -- Installing: /home/user/dobot_ws/install/dobot_msgs_v4/include/dobot_msgs_v4/dobot_msgs_v4/srv/detail/arc__functions.h
[55.656s] -- Installing: /home/user/dobot_ws/install/dobot_msgs_v4/include/dobot_msgs_v4/dobot_msgs_v4/srv/detail/mov_l__type_support.h
[55.656s] -- Installing: /home/user/dobot_ws/install/dobot_msgs_v4/include/dobot_msgs_v4/dobot_msgs_v4/srv/detail/disable_robot__functions.c
[55.657s] -- Installing: /home/user/dobot_ws/install/dobot_msgs_v4/include/dobot_msgs_v4/dobot_msgs_v4/srv/detail/get_force__struct.h
[55.657s] -- Installing: /home/user/dobot_ws/install/dobot_msgs_v4/include/dobot_msgs_v4/dobot_msgs_v4/srv/detail/request_control__struct.h
[55.657s] -- Installing: /home/user/dobot_ws/install/dobot_msgs_v4/include/dobot_msgs_v4/dobot_msgs_v4/srv/detail/vel_l__type_support.h
[55.657s] -- Installing: /home/user/dobot_ws/install/dobot_msgs_v4/include/dobot_msgs_v4/dobot_msgs_v4/srv/detail/clear_error__struct.h
[55.657s] -- Installing: /home/user/dobot_ws/install/dobot_msgs_v4/include/dobot_msgs_v4/dobot_msgs_v4/srv/detail/power_on__struct.h
[55.657s] -- Installing: /home/user/dobot_ws/install/dobot_msgs_v4/include/dobot_msgs_v4/dobot_msgs_v4/srv/detail/acc_l__functions.c
[55.657s] -- Installing: /home/user/dobot_ws/install/dobot_msgs_v4/include/dobot_msgs_v4/dobot_msgs_v4/srv/detail/force_drive_speed__struct.h
[55.657s] -- Installing: /home/user/dobot_ws/install/dobot_msgs_v4/include/dobot_msgs_v4/dobot_msgs_v4/srv/detail/get_in_regs__functions.h
[55.657s] -- Installing: /home/user/dobot_ws/install/dobot_msgs_v4/include/dobot_msgs_v4/dobot_msgs_v4/srv/detail/set_output_bool__type_support.h
[55.657s] -- Installing: /home/user/dobot_ws/install/dobot_msgs_v4/include/dobot_msgs_v4/dobot_msgs_v4/srv/detail/do__functions.c
[55.658s] -- Installing: /home/user/dobot_ws/install/dobot_msgs_v4/include/dobot_msgs_v4/dobot_msgs_v4/srv/detail/set_output_int__functions.h
[55.658s] -- Installing: /home/user/dobot_ws/install/dobot_msgs_v4/include/dobot_msgs_v4/dobot_msgs_v4/srv/detail/tool_do__type_support.h
[55.658s] -- Installing: /home/user/dobot_ws/install/dobot_msgs_v4/include/dobot_msgs_v4/dobot_msgs_v4/srv/detail/tool_ai__type_support.h
[55.658s] -- Installing: /home/user/dobot_ws/install/dobot_msgs_v4/include/dobot_msgs_v4/dobot_msgs_v4/srv/detail/fc_set_force__struct.h
[55.658s] -- Installing: /home/user/dobot_ws/install/dobot_msgs_v4/include/dobot_msgs_v4/dobot_msgs_v4/srv/detail/circle__type_support.h
[55.658s] -- Installing: /home/user/dobot_ws/install/dobot_msgs_v4/include/dobot_msgs_v4/dobot_msgs_v4/srv/detail/set_fc_collision__type_support.h
[55.658s] -- Installing: /home/user/dobot_ws/install/dobot_msgs_v4/include/dobot_msgs_v4/dobot_msgs_v4/srv/detail/pause__functions.h
[55.658s] -- Installing: /home/user/dobot_ws/install/dobot_msgs_v4/include/dobot_msgs_v4/dobot_msgs_v4/srv/detail/set_hold_regs__struct.h
[55.658s] -- Installing: /home/user/dobot_ws/install/dobot_msgs_v4/include/dobot_msgs_v4/dobot_msgs_v4/srv/detail/stop_move_jog__type_support.h
[55.659s] -- Installing: /home/user/dobot_ws/install/dobot_msgs_v4/include/dobot_msgs_v4/dobot_msgs_v4/srv/detail/get_do_group_dec__functions.c
[55.659s] -- Installing: /home/user/dobot_ws/install/dobot_msgs_v4/include/dobot_msgs_v4/dobot_msgs_v4/srv/detail/get_do_group__type_support.h
[55.659s] -- Installing: /home/user/dobot_ws/install/dobot_msgs_v4/include/dobot_msgs_v4/dobot_msgs_v4/srv/detail/tool_do__functions.c
[55.659s] -- Installing: /home/user/dobot_ws/install/dobot_msgs_v4/include/dobot_msgs_v4/dobot_msgs_v4/srv/detail/set_tool485__type_support.h
[55.659s] -- Installing: /home/user/dobot_ws/install/dobot_msgs_v4/include/dobot_msgs_v4/dobot_msgs_v4/srv/detail/mov_jio__functions.h
[55.659s] -- Installing: /home/user/dobot_ws/install/dobot_msgs_v4/include/dobot_msgs_v4/dobot_msgs_v4/srv/detail/do_instant__functions.c
[55.659s] -- Installing: /home/user/dobot_ws/install/dobot_msgs_v4/include/dobot_msgs_v4/dobot_msgs_v4/srv/detail/get_tool_do__functions.h
[55.659s] -- Installing: /home/user/dobot_ws/install/dobot_msgs_v4/include/dobot_msgs_v4/dobot_msgs_v4/srv/detail/get_output_bool__struct.h
[55.659s] -- Installing: /home/user/dobot_ws/install/dobot_msgs_v4/include/dobot_msgs_v4/dobot_msgs_v4/srv/detail/check_odd_mov_j__functions.c
[55.659s] -- Installing: /home/user/dobot_ws/install/dobot_msgs_v4/include/dobot_msgs_v4/dobot_msgs_v4/srv/detail/check_odd_mov_l__struct.h
[55.660s] -- Installing: /home/user/dobot_ws/install/dobot_msgs_v4/include/dobot_msgs_v4/dobot_msgs_v4/srv/detail/drag_sensivity__struct.h
[55.660s] -- Installing: /home/user/dobot_ws/install/dobot_msgs_v4/include/dobot_msgs_v4/dobot_msgs_v4/srv/detail/fc_set_force_speed_limit__type_support.h
[55.660s] -- Installing: /home/user/dobot_ws/install/dobot_msgs_v4/include/dobot_msgs_v4/dobot_msgs_v4/srv/detail/set_work_zone_enable__type_support.h
[55.660s] -- Installing: /home/user/dobot_ws/install/dobot_msgs_v4/include/dobot_msgs_v4/dobot_msgs_v4/srv/detail/fc_set_force_limit__struct.h
[55.660s] -- Installing: /home/user/dobot_ws/install/dobot_msgs_v4/include/dobot_msgs_v4/dobot_msgs_v4/srv/detail/get_ao__struct.h
[55.660s] -- Installing: /home/user/dobot_ws/install/dobot_msgs_v4/include/dobot_msgs_v4/dobot_msgs_v4/srv/detail/ai__struct.h
[55.660s] -- Installing: /home/user/dobot_ws/install/dobot_msgs_v4/include/dobot_msgs_v4/dobot_msgs_v4/srv/detail/get_start_pose__functions.c
[55.660s] -- Installing: /home/user/dobot_ws/install/dobot_msgs_v4/include/dobot_msgs_v4/dobot_msgs_v4/srv/detail/enable_robot__functions.h
[55.660s] -- Installing: /home/user/dobot_ws/install/dobot_msgs_v4/include/dobot_msgs_v4/dobot_msgs_v4/srv/detail/tool_do_instant__functions.h
[55.661s] -- Installing: /home/user/dobot_ws/install/dobot_msgs_v4/include/dobot_msgs_v4/dobot_msgs_v4/srv/detail/modbus_close__functions.h
[55.661s] -- Installing: /home/user/dobot_ws/install/dobot_msgs_v4/include/dobot_msgs_v4/dobot_msgs_v4/srv/detail/set_tool__functions.h
[55.661s] -- Installing: /home/user/dobot_ws/install/dobot_msgs_v4/include/dobot_msgs_v4/dobot_msgs_v4/srv/detail/rel_mov_l_user__type_support.h
[55.661s] -- Installing: /home/user/dobot_ws/install/dobot_msgs_v4/include/dobot_msgs_v4/dobot_msgs_v4/srv/detail/get_tool_do__functions.c
[55.661s] -- Installing: /home/user/dobot_ws/install/dobot_msgs_v4/include/dobot_msgs_v4/dobot_msgs_v4/srv/detail/user__functions.c
[55.661s] -- Installing: /home/user/dobot_ws/install/dobot_msgs_v4/include/dobot_msgs_v4/dobot_msgs_v4/srv/detail/check_odd_mov_l__functions.h
[55.661s] -- Installing: /home/user/dobot_ws/install/dobot_msgs_v4/include/dobot_msgs_v4/dobot_msgs_v4/srv/detail/fc_collision_switch__functions.h
[55.661s] -- Installing: /home/user/dobot_ws/install/dobot_msgs_v4/include/dobot_msgs_v4/dobot_msgs_v4/srv/detail/mov_lio__functions.h
[55.661s] -- Installing: /home/user/dobot_ws/install/dobot_msgs_v4/include/dobot_msgs_v4/dobot_msgs_v4/srv/detail/servo_j__struct.h
[55.661s] -- Installing: /home/user/dobot_ws/install/dobot_msgs_v4/include/dobot_msgs_v4/dobot_msgs_v4/srv/detail/modbus_close__functions.c
[55.662s] -- Installing: /home/user/dobot_ws/install/dobot_msgs_v4/include/dobot_msgs_v4/dobot_msgs_v4/srv/detail/check_odd_mov_c__struct.h
[55.662s] -- Installing: /home/user/dobot_ws/install/dobot_msgs_v4/include/dobot_msgs_v4/dobot_msgs_v4/srv/detail/set_tool_power__functions.h
[55.662s] -- Installing: /home/user/dobot_ws/install/dobot_msgs_v4/include/dobot_msgs_v4/dobot_msgs_v4/srv/detail/tcp_dashboard__type_support.h
[55.662s] -- Installing: /home/user/dobot_ws/install/dobot_msgs_v4/include/dobot_msgs_v4/dobot_msgs_v4/srv/detail/do__struct.h
[55.662s] -- Installing: /home/user/dobot_ws/install/dobot_msgs_v4/include/dobot_msgs_v4/dobot_msgs_v4/srv/detail/run_script__struct.h
[55.662s] -- Installing: /home/user/dobot_ws/install/dobot_msgs_v4/include/dobot_msgs_v4/dobot_msgs_v4/srv/detail/calc_user__functions.c
[55.662s] -- Installing: /home/user/dobot_ws/install/dobot_msgs_v4/include/dobot_msgs_v4/dobot_msgs_v4/srv/detail/arc__type_support.h
[55.662s] -- Installing: /home/user/dobot_ws/install/dobot_msgs_v4/include/dobot_msgs_v4/dobot_msgs_v4/srv/detail/set_safe_skin__struct.h
[55.662s] -- Installing: /home/user/dobot_ws/install/dobot_msgs_v4/include/dobot_msgs_v4/dobot_msgs_v4/srv/detail/set_output_float__functions.c
[55.663s] -- Installing: /home/user/dobot_ws/install/dobot_msgs_v4/include/dobot_msgs_v4/dobot_msgs_v4/srv/detail/mov_j__functions.c
[55.663s] -- Installing: /home/user/dobot_ws/install/dobot_msgs_v4/include/dobot_msgs_v4/dobot_msgs_v4/srv/detail/get_output_int__functions.c
[55.663s] -- Installing: /home/user/dobot_ws/install/dobot_msgs_v4/include/dobot_msgs_v4/dobot_msgs_v4/srv/detail/servo_j__functions.h
[55.663s] -- Installing: /home/user/dobot_ws/install/dobot_msgs_v4/include/dobot_msgs_v4/dobot_msgs_v4/srv/detail/set_back_distance__type_support.h
[55.663s] -- Installing: /home/user/dobot_ws/install/dobot_msgs_v4/include/dobot_msgs_v4/dobot_msgs_v4/srv/detail/get_current_command_id__type_support.h
[55.663s] -- Installing: /home/user/dobot_ws/install/dobot_msgs_v4/include/dobot_msgs_v4/dobot_msgs_v4/srv/detail/reset_robot__struct.h
[55.663s] -- Installing: /home/user/dobot_ws/install/dobot_msgs_v4/include/dobot_msgs_v4/dobot_msgs_v4/srv/detail/disable_robot__functions.h
[55.663s] -- Installing: /home/user/dobot_ws/install/dobot_msgs_v4/include/dobot_msgs_v4/dobot_msgs_v4/srv/detail/enable_ft_sensor__functions.c
[55.663s] -- Installing: /home/user/dobot_ws/install/dobot_msgs_v4/include/dobot_msgs_v4/dobot_msgs_v4/srv/detail/modbus_rtu_create__functions.c
[55.664s] -- Installing: /home/user/dobot_ws/install/dobot_msgs_v4/include/dobot_msgs_v4/dobot_msgs_v4/srv/detail/di_group__functions.h
[55.664s] -- Installing: /home/user/dobot_ws/install/dobot_msgs_v4/include/dobot_msgs_v4/dobot_msgs_v4/srv/detail/set_output_float__type_support.h
[55.664s] -- Installing: /home/user/dobot_ws/install/dobot_msgs_v4/include/dobot_msgs_v4/dobot_msgs_v4/srv/detail/set_safe_skin__functions.h
[55.664s] -- Installing: /home/user/dobot_ws/install/dobot_msgs_v4/include/dobot_msgs_v4/dobot_msgs_v4/srv/detail/get_pose__struct.h
[55.664s] -- Installing: /home/user/dobot_ws/install/dobot_msgs_v4/include/dobot_msgs_v4/dobot_msgs_v4/srv/detail/get_angle__functions.c
[55.664s] -- Installing: /home/user/dobot_ws/install/dobot_msgs_v4/include/dobot_msgs_v4/dobot_msgs_v4/srv/detail/reset_robot__functions.c
[55.664s] -- Installing: /home/user/dobot_ws/install/dobot_msgs_v4/include/dobot_msgs_v4/dobot_msgs_v4/srv/detail/stop_drag__type_support.h
[55.664s] -- Installing: /home/user/dobot_ws/install/dobot_msgs_v4/include/dobot_msgs_v4/dobot_msgs_v4/srv/detail/tool_do__struct.h
[55.664s] -- Installing: /home/user/dobot_ws/install/dobot_msgs_v4/include/dobot_msgs_v4/dobot_msgs_v4/srv/detail/get_coils__functions.c
[55.665s] -- Installing: /home/user/dobot_ws/install/dobot_msgs_v4/include/dobot_msgs_v4/dobot_msgs_v4/srv/detail/fc_off__functions.c
[55.665s] -- Installing: /home/user/dobot_ws/install/dobot_msgs_v4/include/dobot_msgs_v4/dobot_msgs_v4/srv/detail/set_tool_power__type_support.h
[55.665s] -- Installing: /home/user/dobot_ws/install/dobot_msgs_v4/include/dobot_msgs_v4/dobot_msgs_v4/srv/detail/reset_robot__functions.h
[55.665s] -- Installing: /home/user/dobot_ws/install/dobot_msgs_v4/include/dobot_msgs_v4/dobot_msgs_v4/srv/detail/rel_mov_l_user__functions.h
[55.665s] -- Installing: /home/user/dobot_ws/install/dobot_msgs_v4/include/dobot_msgs_v4/dobot_msgs_v4/srv/detail/get_do__struct.h
[55.665s] -- Installing: /home/user/dobot_ws/install/dobot_msgs_v4/include/dobot_msgs_v4/dobot_msgs_v4/srv/detail/drag_sensivity__functions.c
[55.665s] -- Installing: /home/user/dobot_ws/install/dobot_msgs_v4/include/dobot_msgs_v4/dobot_msgs_v4/srv/detail/fc_set_mass__functions.c
[55.665s] -- Installing: /home/user/dobot_ws/install/dobot_msgs_v4/include/dobot_msgs_v4/dobot_msgs_v4/srv/detail/set_user__type_support.h
[55.665s] -- Installing: /home/user/dobot_ws/install/dobot_msgs_v4/include/dobot_msgs_v4/dobot_msgs_v4/srv/detail/get_input_int__functions.c
[55.666s] -- Installing: /home/user/dobot_ws/install/dobot_msgs_v4/include/dobot_msgs_v4/dobot_msgs_v4/srv/detail/rel_mov_j_tool__type_support.h
[55.666s] -- Installing: /home/user/dobot_ws/install/dobot_msgs_v4/include/dobot_msgs_v4/dobot_msgs_v4/srv/detail/set_user__functions.h
[55.666s] -- Installing: /home/user/dobot_ws/install/dobot_msgs_v4/include/dobot_msgs_v4/dobot_msgs_v4/srv/detail/move_jog__functions.c
[55.666s] -- Installing: /home/user/dobot_ws/install/dobot_msgs_v4/include/dobot_msgs_v4/dobot_msgs_v4/srv/detail/fc_set_force_speed_limit__struct.h
[55.666s] -- Installing: /home/user/dobot_ws/install/dobot_msgs_v4/include/dobot_msgs_v4/dobot_msgs_v4/srv/detail/pause__type_support.h
[55.666s] -- Installing: /home/user/dobot_ws/install/dobot_msgs_v4/include/dobot_msgs_v4/dobot_msgs_v4/srv/detail/calc_user__struct.h
[55.666s] -- Installing: /home/user/dobot_ws/install/dobot_msgs_v4/include/dobot_msgs_v4/dobot_msgs_v4/srv/detail/fc_set_force__functions.h
[55.666s] -- Installing: /home/user/dobot_ws/install/dobot_msgs_v4/include/dobot_msgs_v4/dobot_msgs_v4/srv/detail/get_error__functions.c
[55.666s] -- Installing: /home/user/dobot_ws/install/dobot_msgs_v4/include/dobot_msgs_v4/dobot_msgs_v4/srv/detail/fc_set_mass__type_support.h
[55.667s] -- Installing: /home/user/dobot_ws/install/dobot_msgs_v4/include/dobot_msgs_v4/dobot_msgs_v4/srv/detail/enable_ft_sensor__functions.h
[55.667s] -- Installing: /home/user/dobot_ws/install/dobot_msgs_v4/include/dobot_msgs_v4/dobot_msgs_v4/srv/detail/mov_lio__struct.h
[55.667s] -- Installing: /home/user/dobot_ws/install/dobot_msgs_v4/include/dobot_msgs_v4/dobot_msgs_v4/srv/detail/check_odd_mov_j__struct.h
[55.667s] -- Installing: /home/user/dobot_ws/install/dobot_msgs_v4/include/dobot_msgs_v4/dobot_msgs_v4/srv/detail/fc_set_damping__functions.h
[55.667s] -- Installing: /home/user/dobot_ws/install/dobot_msgs_v4/include/dobot_msgs_v4/dobot_msgs_v4/srv/detail/tool_do__functions.h
[55.667s] -- Installing: /home/user/dobot_ws/install/dobot_msgs_v4/include/dobot_msgs_v4/dobot_msgs_v4/srv/detail/start_path__type_support.h
[55.667s] -- Installing: /home/user/dobot_ws/install/dobot_msgs_v4/include/dobot_msgs_v4/dobot_msgs_v4/srv/detail/get_input_bool__type_support.h
[55.667s] -- Installing: /home/user/dobot_ws/install/dobot_msgs_v4/include/dobot_msgs_v4/dobot_msgs_v4/srv/detail/modbus_create__struct.h
[55.667s] -- Installing: /home/user/dobot_ws/install/dobot_msgs_v4/include/dobot_msgs_v4/dobot_msgs_v4/srv/detail/fc_set_deviation__type_support.h
[55.667s] -- Installing: /home/user/dobot_ws/install/dobot_msgs_v4/include/dobot_msgs_v4/dobot_msgs_v4/srv/detail/robot_mode__type_support.h
[55.668s] -- Installing: /home/user/dobot_ws/install/dobot_msgs_v4/include/dobot_msgs_v4/dobot_msgs_v4/srv/detail/move_jog__type_support.h
[55.668s] -- Installing: /home/user/dobot_ws/install/dobot_msgs_v4/include/dobot_msgs_v4/dobot_msgs_v4/srv/detail/tool__struct.h
[55.668s] -- Installing: /home/user/dobot_ws/install/dobot_msgs_v4/include/dobot_msgs_v4/dobot_msgs_v4/srv/detail/tool__functions.h
[55.668s] -- Installing: /home/user/dobot_ws/install/dobot_msgs_v4/include/dobot_msgs_v4/dobot_msgs_v4/srv/detail/set_fc_collision__struct.h
[55.668s] -- Installing: /home/user/dobot_ws/install/dobot_msgs_v4/include/dobot_msgs_v4/dobot_msgs_v4/srv/detail/power_on__functions.c
[55.668s] -- Installing: /home/user/dobot_ws/install/dobot_msgs_v4/include/dobot_msgs_v4/dobot_msgs_v4/srv/detail/fc_set_damping__type_support.h
[55.668s] -- Installing: /home/user/dobot_ws/install/dobot_msgs_v4/include/dobot_msgs_v4/dobot_msgs_v4/srv/detail/six_force_home__struct.h
[55.668s] -- Installing: /home/user/dobot_ws/install/dobot_msgs_v4/include/dobot_msgs_v4/dobot_msgs_v4/srv/detail/run_to__functions.h
[55.668s] -- Installing: /home/user/dobot_ws/install/dobot_msgs_v4/include/dobot_msgs_v4/dobot_msgs_v4/srv/detail/set_tool_mode__struct.h
[55.669s] -- Installing: /home/user/dobot_ws/install/dobot_msgs_v4/include/dobot_msgs_v4/dobot_msgs_v4/srv/detail/enable_safe_skin__functions.h
[55.669s] -- Installing: /home/user/dobot_ws/install/dobot_msgs_v4/include/dobot_msgs_v4/dobot_msgs_v4/srv/detail/user__functions.h
[55.669s] -- Installing: /home/user/dobot_ws/install/dobot_msgs_v4/include/dobot_msgs_v4/dobot_msgs_v4/srv/detail/get_output_int__functions.h
[55.669s] -- Installing: /home/user/dobot_ws/install/dobot_msgs_v4/include/dobot_msgs_v4/dobot_msgs_v4/srv/detail/set_tool_mode__type_support.h
[55.669s] -- Installing: /home/user/dobot_ws/install/dobot_msgs_v4/include/dobot_msgs_v4/dobot_msgs_v4/srv/detail/start_path__functions.h
[55.669s] -- Installing: /home/user/dobot_ws/install/dobot_msgs_v4/include/dobot_msgs_v4/dobot_msgs_v4/srv/detail/cp__struct.h
[55.669s] -- Installing: /home/user/dobot_ws/install/dobot_msgs_v4/include/dobot_msgs_v4/dobot_msgs_v4/srv/detail/get_do_group__functions.h
[55.669s] -- Installing: /home/user/dobot_ws/install/dobot_msgs_v4/include/dobot_msgs_v4/dobot_msgs_v4/srv/detail/six_force_home__functions.h
[55.669s] -- Installing: /home/user/dobot_ws/install/dobot_msgs_v4/include/dobot_msgs_v4/dobot_msgs_v4/srv/detail/set_work_zone_enable__struct.h
[55.669s] -- Installing: /home/user/dobot_ws/install/dobot_msgs_v4/include/dobot_msgs_v4/dobot_msgs_v4/srv/detail/get_coils__functions.h
[55.670s] -- Installing: /home/user/dobot_ws/install/dobot_msgs_v4/include/dobot_msgs_v4/dobot_msgs_v4/srv/detail/set_payload__type_support.h
[55.670s] -- Installing: /home/user/dobot_ws/install/dobot_msgs_v4/include/dobot_msgs_v4/dobot_msgs_v4/srv/detail/inverse_kin__type_support.h
[55.670s] -- Installing: /home/user/dobot_ws/install/dobot_msgs_v4/include/dobot_msgs_v4/dobot_msgs_v4/srv/detail/rel_mov_l_tool__functions.c
[55.670s] -- Installing: /home/user/dobot_ws/install/dobot_msgs_v4/include/dobot_msgs_v4/dobot_msgs_v4/srv/detail/rel_mov_l_user__functions.c
[55.670s] -- Installing: /home/user/dobot_ws/install/dobot_msgs_v4/include/dobot_msgs_v4/dobot_msgs_v4/srv/detail/do__type_support.h
[55.670s] -- Installing: /home/user/dobot_ws/install/dobot_msgs_v4/include/dobot_msgs_v4/dobot_msgs_v4/srv/detail/get_input_int__functions.h
[55.670s] -- Installing: /home/user/dobot_ws/install/dobot_msgs_v4/include/dobot_msgs_v4/dobot_msgs_v4/srv/detail/get_in_bits__struct.h
[55.670s] -- Installing: /home/user/dobot_ws/install/dobot_msgs_v4/include/dobot_msgs_v4/dobot_msgs_v4/srv/detail/mov_lio__functions.c
[55.670s] -- Installing: /home/user/dobot_ws/install/dobot_msgs_v4/include/dobot_msgs_v4/dobot_msgs_v4/srv/detail/cp__functions.h
[55.670s] -- Installing: /home/user/dobot_ws/install/dobot_msgs_v4/include/dobot_msgs_v4/dobot_msgs_v4/srv/detail/servo_p__type_support.h
[55.670s] -- Installing: /home/user/dobot_ws/install/dobot_msgs_v4/include/dobot_msgs_v4/dobot_msgs_v4/srv/detail/enable_robot__struct.h
[55.671s] -- Installing: /home/user/dobot_ws/install/dobot_msgs_v4/include/dobot_msgs_v4/dobot_msgs_v4/srv/detail/stop_drag__functions.h
[55.671s] -- Installing: /home/user/dobot_ws/install/dobot_msgs_v4/include/dobot_msgs_v4/dobot_msgs_v4/srv/detail/set_safe_skin__type_support.h
[55.671s] -- Installing: /home/user/dobot_ws/install/dobot_msgs_v4/include/dobot_msgs_v4/dobot_msgs_v4/srv/detail/set_tool_mode__functions.c
[55.671s] -- Installing: /home/user/dobot_ws/install/dobot_msgs_v4/include/dobot_msgs_v4/dobot_msgs_v4/srv/detail/ao_instant__functions.c
[55.671s] -- Installing: /home/user/dobot_ws/install/dobot_msgs_v4/include/dobot_msgs_v4/dobot_msgs_v4/srv/detail/get_current_command_id__functions.h
[55.671s] -- Installing: /home/user/dobot_ws/install/dobot_msgs_v4/include/dobot_msgs_v4/dobot_msgs_v4/srv/detail/set_output_bool__functions.c
[55.671s] -- Installing: /home/user/dobot_ws/install/dobot_msgs_v4/include/dobot_msgs_v4/dobot_msgs_v4/srv/detail/get_force__type_support.h
[55.671s] -- Installing: /home/user/dobot_ws/install/dobot_msgs_v4/include/dobot_msgs_v4/dobot_msgs_v4/srv/detail/do_group__type_support.h
[55.671s] -- Installing: /home/user/dobot_ws/install/dobot_msgs_v4/include/dobot_msgs_v4/dobot_msgs_v4/srv/detail/get_start_pose__functions.h
[55.671s] -- Installing: /home/user/dobot_ws/install/dobot_msgs_v4/include/dobot_msgs_v4/dobot_msgs_v4/srv/detail/tool_do_instant__struct.h
[55.672s] -- Installing: /home/user/dobot_ws/install/dobot_msgs_v4/include/dobot_msgs_v4/dobot_msgs_v4/srv/detail/user__struct.h
[55.672s] -- Installing: /home/user/dobot_ws/install/dobot_msgs_v4/include/dobot_msgs_v4/dobot_msgs_v4/srv/detail/force_drive_mode__struct.h
[55.672s] -- Installing: /home/user/dobot_ws/install/dobot_msgs_v4/include/dobot_msgs_v4/dobot_msgs_v4/srv/detail/tcp_dashboard__functions.c
[55.672s] -- Installing: /home/user/dobot_ws/install/dobot_msgs_v4/include/dobot_msgs_v4/dobot_msgs_v4/srv/detail/set_output_int__functions.c
[55.672s] -- Installing: /home/user/dobot_ws/install/dobot_msgs_v4/include/dobot_msgs_v4/dobot_msgs_v4/srv/detail/force_drive_mode__functions.c
[55.672s] -- Installing: /home/user/dobot_ws/install/dobot_msgs_v4/include/dobot_msgs_v4/dobot_msgs_v4/srv/detail/fc_set_deviation__struct.h
[55.672s] -- Installing: /home/user/dobot_ws/install/dobot_msgs_v4/include/dobot_msgs_v4/dobot_msgs_v4/srv/detail/modbus_rtu_create__type_support.h
[55.672s] -- Installing: /home/user/dobot_ws/install/dobot_msgs_v4/include/dobot_msgs_v4/dobot_msgs_v4/srv/detail/set_safe_wall_enable__type_support.h
[55.672s] -- Installing: /home/user/dobot_ws/install/dobot_msgs_v4/include/dobot_msgs_v4/dobot_msgs_v4/srv/detail/emergency_stop__struct.h
[55.672s] -- Installing: /home/user/dobot_ws/install/dobot_msgs_v4/include/dobot_msgs_v4/dobot_msgs_v4/srv/detail/end_rt_offset__functions.h
[55.672s] -- Installing: /home/user/dobot_ws/install/dobot_msgs_v4/include/dobot_msgs_v4/dobot_msgs_v4/srv/detail/set_back_distance__functions.c
[55.673s] -- Installing: /home/user/dobot_ws/install/dobot_msgs_v4/include/dobot_msgs_v4/dobot_msgs_v4/srv/detail/mov_j__functions.h
[55.673s] -- Installing: /home/user/dobot_ws/install/dobot_msgs_v4/include/dobot_msgs_v4/dobot_msgs_v4/srv/detail/pause__functions.c
[55.673s] -- Installing: /home/user/dobot_ws/install/dobot_msgs_v4/include/dobot_msgs_v4/dobot_msgs_v4/srv/detail/continue__struct.h
[55.673s] -- Installing: /home/user/dobot_ws/install/dobot_msgs_v4/include/dobot_msgs_v4/dobot_msgs_v4/srv/detail/stop_move_jog__struct.h
[55.673s] -- Installing: /home/user/dobot_ws/install/dobot_msgs_v4/include/dobot_msgs_v4/dobot_msgs_v4/srv/detail/fc_off__type_support.h
[55.673s] -- Installing: /home/user/dobot_ws/install/dobot_msgs_v4/include/dobot_msgs_v4/dobot_msgs_v4/srv/detail/mov_l__functions.c
[55.673s] -- Installing: /home/user/dobot_ws/install/dobot_msgs_v4/include/dobot_msgs_v4/dobot_msgs_v4/srv/detail/rel_mov_l_tool__struct.h
[55.673s] -- Installing: /home/user/dobot_ws/install/dobot_msgs_v4/include/dobot_msgs_v4/dobot_msgs_v4/srv/detail/di_group__struct.h
[55.673s] -- Installing: /home/user/dobot_ws/install/dobot_msgs_v4/include/dobot_msgs_v4/dobot_msgs_v4/srv/detail/stop__functions.c
[55.673s] -- Installing: /home/user/dobot_ws/install/dobot_msgs_v4/include/dobot_msgs_v4/dobot_msgs_v4/srv/detail/set_output_int__type_support.h
[55.673s] -- Installing: /home/user/dobot_ws/install/dobot_msgs_v4/include/dobot_msgs_v4/dobot_msgs_v4/srv/detail/tool_ai__functions.c
[55.674s] -- Installing: /home/user/dobot_ws/install/dobot_msgs_v4/include/dobot_msgs_v4/dobot_msgs_v4/srv/detail/get_output_float__functions.h
[55.674s] -- Installing: /home/user/dobot_ws/install/dobot_msgs_v4/include/dobot_msgs_v4/dobot_msgs_v4/srv/detail/get_ao__functions.c
[55.674s] -- Installing: /home/user/dobot_ws/install/dobot_msgs_v4/include/dobot_msgs_v4/dobot_msgs_v4/srv/detail/get_hold_regs__functions.h
[55.674s] -- Installing: /home/user/dobot_ws/install/dobot_msgs_v4/include/dobot_msgs_v4/dobot_msgs_v4/srv/detail/get_do_group_dec__functions.h
[55.674s] -- Installing: /home/user/dobot_ws/install/dobot_msgs_v4/include/dobot_msgs_v4/dobot_msgs_v4/srv/detail/robot_mode__functions.c
[55.674s] -- Installing: /home/user/dobot_ws/install/dobot_msgs_v4/include/dobot_msgs_v4/dobot_msgs_v4/srv/detail/set_tool_mode__functions.h
[55.674s] -- Installing: /home/user/dobot_ws/install/dobot_msgs_v4/include/dobot_msgs_v4/dobot_msgs_v4/srv/detail/modbus_create__functions.c
[55.674s] -- Installing: /home/user/dobot_ws/install/dobot_msgs_v4/include/dobot_msgs_v4/dobot_msgs_v4/srv/detail/get_output_float__struct.h
[55.674s] -- Installing: /home/user/dobot_ws/install/dobot_msgs_v4/include/dobot_msgs_v4/dobot_msgs_v4/srv/detail/acc_l__functions.h
[55.674s] -- Installing: /home/user/dobot_ws/install/dobot_msgs_v4/include/dobot_msgs_v4/dobot_msgs_v4/srv/detail/stop_move_jog__functions.c
[55.674s] -- Installing: /home/user/dobot_ws/install/dobot_msgs_v4/include/dobot_msgs_v4/dobot_msgs_v4/srv/detail/vel_j__type_support.h
[55.675s] -- Installing: /home/user/dobot_ws/install/dobot_msgs_v4/include/dobot_msgs_v4/dobot_msgs_v4/srv/detail/fc_set_deviation__functions.h
[55.675s] -- Installing: /home/user/dobot_ws/install/dobot_msgs_v4/include/dobot_msgs_v4/dobot_msgs_v4/srv/detail/acc_j__type_support.h
[55.675s] -- Installing: /home/user/dobot_ws/install/dobot_msgs_v4/include/dobot_msgs_v4/dobot_msgs_v4/srv/detail/get_in_bits__functions.h
[55.675s] -- Installing: /home/user/dobot_ws/install/dobot_msgs_v4/include/dobot_msgs_v4/dobot_msgs_v4/srv/detail/tool_di__functions.h
[55.675s] -- Installing: /home/user/dobot_ws/install/dobot_msgs_v4/include/dobot_msgs_v4/dobot_msgs_v4/srv/detail/do_group_dec__struct.h
[55.675s] -- Installing: /home/user/dobot_ws/install/dobot_msgs_v4/include/dobot_msgs_v4/dobot_msgs_v4/srv/detail/force_drive_speed__functions.c
[55.675s] -- Installing: /home/user/dobot_ws/install/dobot_msgs_v4/include/dobot_msgs_v4/dobot_msgs_v4/srv/detail/inverse_solution__type_support.h
[55.675s] -- Installing: /home/user/dobot_ws/install/dobot_msgs_v4/include/dobot_msgs_v4/dobot_msgs_v4/srv/detail/set_safe_wall_enable__functions.c
[55.675s] -- Installing: /home/user/dobot_ws/install/dobot_msgs_v4/include/dobot_msgs_v4/dobot_msgs_v4/srv/detail/get_force__functions.c
[55.675s] -- Installing: /home/user/dobot_ws/install/dobot_msgs_v4/include/dobot_msgs_v4/dobot_msgs_v4/srv/detail/force_drive_speed__type_support.h
[55.675s] -- Installing: /home/user/dobot_ws/install/dobot_msgs_v4/include/dobot_msgs_v4/dobot_msgs_v4/srv/detail/mov_j__type_support.h
[55.676s] -- Installing: /home/user/dobot_ws/install/dobot_msgs_v4/include/dobot_msgs_v4/dobot_msgs_v4/srv/detail/set_work_zone_enable__functions.h
[55.676s] -- Installing: /home/user/dobot_ws/install/dobot_msgs_v4/include/dobot_msgs_v4/dobot_msgs_v4/srv/detail/get_error__struct.h
[55.676s] -- Installing: /home/user/dobot_ws/install/dobot_msgs_v4/include/dobot_msgs_v4/dobot_msgs_v4/srv/detail/servo_p__functions.c
[55.676s] -- Installing: /home/user/dobot_ws/install/dobot_msgs_v4/include/dobot_msgs_v4/dobot_msgs_v4/srv/detail/get_hold_regs__type_support.h
[55.676s] -- Installing: /home/user/dobot_ws/install/dobot_msgs_v4/include/dobot_msgs_v4/dobot_msgs_v4/srv/detail/fc_force_mode__functions.c
[55.676s] -- Installing: /home/user/dobot_ws/install/dobot_msgs_v4/include/dobot_msgs_v4/dobot_msgs_v4/srv/detail/rel_mov_l_tool__functions.h
[55.676s] -- Installing: /home/user/dobot_ws/install/dobot_msgs_v4/include/dobot_msgs_v4/dobot_msgs_v4/srv/detail/do_group__functions.c
[55.676s] -- Installing: /home/user/dobot_ws/install/dobot_msgs_v4/include/dobot_msgs_v4/dobot_msgs_v4/srv/detail/modbus_close__type_support.h
[55.676s] -- Installing: /home/user/dobot_ws/install/dobot_msgs_v4/include/dobot_msgs_v4/dobot_msgs_v4/srv/detail/set_output_float__struct.h
[55.676s] -- Installing: /home/user/dobot_ws/install/dobot_msgs_v4/include/dobot_msgs_v4/dobot_msgs_v4/srv/detail/fc_set_stiffness__functions.c
[55.676s] -- Installing: /home/user/dobot_ws/install/dobot_msgs_v4/include/dobot_msgs_v4/dobot_msgs_v4/srv/detail/servo_j__type_support.h
[55.677s] -- Installing: /home/user/dobot_ws/install/dobot_msgs_v4/include/dobot_msgs_v4/dobot_msgs_v4/srv/detail/start_path__struct.h
[55.677s] -- Installing: /home/user/dobot_ws/install/dobot_msgs_v4/include/dobot_msgs_v4/dobot_msgs_v4/srv/detail/run_to__struct.h
[55.677s] -- Installing: /home/user/dobot_ws/install/dobot_msgs_v4/include/dobot_msgs_v4/dobot_msgs_v4/srv/detail/vel_j__functions.c
[55.677s] -- Installing: /home/user/dobot_ws/install/dobot_msgs_v4/include/dobot_msgs_v4/dobot_msgs_v4/srv/detail/set_collision_level__struct.h
[55.677s] -- Installing: /home/user/dobot_ws/install/dobot_msgs_v4/include/dobot_msgs_v4/dobot_msgs_v4/srv/detail/tool_di__type_support.h
[55.677s] -- Installing: /home/user/dobot_ws/install/dobot_msgs_v4/include/dobot_msgs_v4/dobot_msgs_v4/srv/detail/emergency_stop__type_support.h
[55.677s] -- Installing: /home/user/dobot_ws/install/dobot_msgs_v4/include/dobot_msgs_v4/dobot_msgs_v4/srv/detail/calc_user__type_support.h
[55.677s] -- Installing: /home/user/dobot_ws/install/dobot_msgs_v4/include/dobot_msgs_v4/dobot_msgs_v4/srv/detail/continue__functions.h
[55.677s] -- Installing: /home/user/dobot_ws/install/dobot_msgs_v4/include/dobot_msgs_v4/dobot_msgs_v4/srv/detail/get_in_regs__functions.c
[55.677s] -- Installing: /home/user/dobot_ws/install/dobot_msgs_v4/include/dobot_msgs_v4/dobot_msgs_v4/srv/detail/vel_l__functions.h
[55.677s] -- Installing: /home/user/dobot_ws/install/dobot_msgs_v4/include/dobot_msgs_v4/dobot_msgs_v4/srv/detail/calc_user__functions.h
[55.678s] -- Installing: /home/user/dobot_ws/install/dobot_msgs_v4/include/dobot_msgs_v4/dobot_msgs_v4/srv/detail/set_tool485__functions.c
[55.678s] -- Installing: /home/user/dobot_ws/install/dobot_msgs_v4/include/dobot_msgs_v4/dobot_msgs_v4/srv/detail/stop__type_support.h
[55.678s] -- Installing: /home/user/dobot_ws/install/dobot_msgs_v4/include/dobot_msgs_v4/dobot_msgs_v4/srv/detail/di__functions.h
[55.678s] -- Installing: /home/user/dobot_ws/install/dobot_msgs_v4/include/dobot_msgs_v4/dobot_msgs_v4/srv/detail/fc_force_mode__type_support.h
[55.678s] -- Installing: /home/user/dobot_ws/install/dobot_msgs_v4/include/dobot_msgs_v4/dobot_msgs_v4/srv/detail/set_work_zone_enable__functions.c
[55.678s] -- Installing: /home/user/dobot_ws/install/dobot_msgs_v4/include/dobot_msgs_v4/dobot_msgs_v4/srv/detail/get_coils__struct.h
[55.678s] -- Installing: /home/user/dobot_ws/install/dobot_msgs_v4/include/dobot_msgs_v4/dobot_msgs_v4/srv/detail/set_safe_wall_enable__struct.h
[55.678s] -- Installing: /home/user/dobot_ws/install/dobot_msgs_v4/include/dobot_msgs_v4/dobot_msgs_v4/srv/detail/get_angle__functions.h
[55.678s] -- Installing: /home/user/dobot_ws/install/dobot_msgs_v4/include/dobot_msgs_v4/dobot_msgs_v4/srv/detail/set_coils__functions.h
[55.679s] -- Installing: /home/user/dobot_ws/install/dobot_msgs_v4/include/dobot_msgs_v4/dobot_msgs_v4/srv/detail/start_rt_offset__struct.h
[55.679s] -- Installing: /home/user/dobot_ws/install/dobot_msgs_v4/include/dobot_msgs_v4/dobot_msgs_v4/srv/detail/do_instant__functions.h
[55.679s] -- Installing: /home/user/dobot_ws/install/dobot_msgs_v4/include/dobot_msgs_v4/dobot_msgs_v4/srv/detail/vel_l__struct.h
[55.679s] -- Installing: /home/user/dobot_ws/install/dobot_msgs_v4/include/dobot_msgs_v4/dobot_msgs_v4/srv/detail/set_tool__functions.c
[55.679s] -- Installing: /home/user/dobot_ws/install/dobot_msgs_v4/include/dobot_msgs_v4/dobot_msgs_v4/srv/detail/get_hold_regs__struct.h
[55.679s] -- Installing: /home/user/dobot_ws/install/dobot_msgs_v4/include/dobot_msgs_v4/dobot_msgs_v4/srv/detail/power_on__functions.h
[55.679s] -- Installing: /home/user/dobot_ws/install/dobot_msgs_v4/include/dobot_msgs_v4/dobot_msgs_v4/srv/detail/get_output_float__functions.c
[55.679s] -- Installing: /home/user/dobot_ws/install/dobot_msgs_v4/include/dobot_msgs_v4/dobot_msgs_v4/srv/detail/do_group_dec__functions.c
[55.679s] -- Installing: /home/user/dobot_ws/install/dobot_msgs_v4/include/dobot_msgs_v4/dobot_msgs_v4/srv/detail/mov_l__functions.h
[55.679s] -- Installing: /home/user/dobot_ws/install/dobot_msgs_v4/include/dobot_msgs_v4/dobot_msgs_v4/srv/detail/check_odd_mov_c__functions.c
[55.679s] -- Installing: /home/user/dobot_ws/install/dobot_msgs_v4/include/dobot_msgs_v4/dobot_msgs_v4/srv/detail/set_payload__struct.h
[55.679s] -- Installing: /home/user/dobot_ws/install/dobot_msgs_v4/include/dobot_msgs_v4/dobot_msgs_v4/srv/detail/fc_set_force_limit__functions.c
[55.680s] -- Installing: /home/user/dobot_ws/install/dobot_msgs_v4/include/dobot_msgs_v4/dobot_msgs_v4/srv/detail/vel_j__struct.h
[55.680s] -- Installing: /home/user/dobot_ws/install/dobot_msgs_v4/include/dobot_msgs_v4/dobot_msgs_v4/srv/detail/fc_set_deviation__functions.c
[55.680s] -- Installing: /home/user/dobot_ws/install/dobot_msgs_v4/include/dobot_msgs_v4/dobot_msgs_v4/srv/detail/fc_force_mode__struct.h
[55.680s] -- Installing: /home/user/dobot_ws/install/dobot_msgs_v4/include/dobot_msgs_v4/dobot_msgs_v4/srv/detail/servo_j__functions.c
[55.680s] -- Installing: /home/user/dobot_ws/install/dobot_msgs_v4/include/dobot_msgs_v4/dobot_msgs_v4/srv/detail/rel_joint_mov_j__type_support.h
[55.680s] -- Installing: /home/user/dobot_ws/install/dobot_msgs_v4/include/dobot_msgs_v4/dobot_msgs_v4/srv/detail/set_output_bool__functions.h
[55.680s] -- Installing: /home/user/dobot_ws/install/dobot_msgs_v4/include/dobot_msgs_v4/dobot_msgs_v4/srv/detail/start_drag__type_support.h
[55.680s] -- Installing: /home/user/dobot_ws/install/dobot_msgs_v4/include/dobot_msgs_v4/dobot_msgs_v4/srv/detail/tcp_dashboard__struct.h
[55.680s] -- Installing: /home/user/dobot_ws/install/dobot_msgs_v4/include/dobot_msgs_v4/dobot_msgs_v4/srv/detail/mov_j__struct.h
[55.680s] -- Installing: /home/user/dobot_ws/install/dobot_msgs_v4/include/dobot_msgs_v4/dobot_msgs_v4/srv/detail/fc_off__struct.h
[55.680s] -- Installing: /home/user/dobot_ws/install/dobot_msgs_v4/include/dobot_msgs_v4/dobot_msgs_v4/srv/detail/continue__type_support.h
[55.680s] -- Installing: /home/user/dobot_ws/install/dobot_msgs_v4/include/dobot_msgs_v4/dobot_msgs_v4/srv/detail/stop_move_jog__functions.h
[55.681s] -- Installing: /home/user/dobot_ws/install/dobot_msgs_v4/include/dobot_msgs_v4/dobot_msgs_v4/srv/detail/acc_j__functions.h
[55.681s] -- Installing: /home/user/dobot_ws/install/dobot_msgs_v4/include/dobot_msgs_v4/dobot_msgs_v4/srv/detail/modbus_rtu_create__functions.h
[55.681s] -- Installing: /home/user/dobot_ws/install/dobot_msgs_v4/include/dobot_msgs_v4/dobot_msgs_v4/srv/detail/do_instant__struct.h
[55.681s] -- Installing: /home/user/dobot_ws/install/dobot_msgs_v4/include/dobot_msgs_v4/dobot_msgs_v4/srv/detail/robot_mode__struct.h
[55.681s] -- Installing: /home/user/dobot_ws/install/dobot_msgs_v4/include/dobot_msgs_v4/dobot_msgs_v4/srv/detail/clear_error__type_support.h
[55.681s] -- Installing: /home/user/dobot_ws/install/dobot_msgs_v4/include/dobot_msgs_v4/dobot_msgs_v4/srv/detail/calc_tool__struct.h
[55.681s] -- Installing: /home/user/dobot_ws/install/dobot_msgs_v4/include/dobot_msgs_v4/dobot_msgs_v4/srv/detail/brake_control__struct.h
[55.681s] -- Installing: /home/user/dobot_ws/install/dobot_msgs_v4/include/dobot_msgs_v4/dobot_msgs_v4/srv/detail/request_control__functions.c
[55.681s] -- Installing: /home/user/dobot_ws/install/dobot_msgs_v4/include/dobot_msgs_v4/dobot_msgs_v4/srv/detail/fc_off__functions.h
[55.681s] -- Installing: /home/user/dobot_ws/install/dobot_msgs_v4/include/dobot_msgs_v4/dobot_msgs_v4/srv/detail/six_force_home__type_support.h
[55.681s] -- Installing: /home/user/dobot_ws/install/dobot_msgs_v4/include/dobot_msgs_v4/dobot_msgs_v4/srv/detail/inverse_kin__functions.h
[55.682s] -- Installing: /home/user/dobot_ws/install/dobot_msgs_v4/include/dobot_msgs_v4/dobot_msgs_v4/srv/detail/set_coils__struct.h
[55.682s] -- Installing: /home/user/dobot_ws/install/dobot_msgs_v4/include/dobot_msgs_v4/dobot_msgs_v4/srv/detail/modbus_create__functions.h
[55.682s] -- Installing: /home/user/dobot_ws/install/dobot_msgs_v4/include/dobot_msgs_v4/dobot_msgs_v4/srv/detail/run_to__functions.c
[55.682s] -- Installing: /home/user/dobot_ws/install/dobot_msgs_v4/include/dobot_msgs_v4/dobot_msgs_v4/srv/detail/cp__type_support.h
[55.682s] -- Installing: /home/user/dobot_ws/install/dobot_msgs_v4/include/dobot_msgs_v4/dobot_msgs_v4/srv/detail/enable_safe_skin__type_support.h
[55.682s] -- Installing: /home/user/dobot_ws/install/dobot_msgs_v4/include/dobot_msgs_v4/dobot_msgs_v4/srv/detail/get_do_group_dec__type_support.h
[55.682s] -- Installing: /home/user/dobot_ws/install/dobot_msgs_v4/include/dobot_msgs_v4/dobot_msgs_v4/srv/detail/rel_mov_j_user__functions.c
[55.682s] -- Installing: /home/user/dobot_ws/install/dobot_msgs_v4/include/dobot_msgs_v4/dobot_msgs_v4/srv/detail/get_input_int__struct.h
[55.682s] -- Installing: /home/user/dobot_ws/install/dobot_msgs_v4/include/dobot_msgs_v4/dobot_msgs_v4/srv/detail/speed_factor__functions.h
[55.682s] -- Installing: /home/user/dobot_ws/install/dobot_msgs_v4/include/dobot_msgs_v4/dobot_msgs_v4/srv/detail/acc_l__struct.h
[55.682s] -- Installing: /home/user/dobot_ws/install/dobot_msgs_v4/include/dobot_msgs_v4/dobot_msgs_v4/srv/detail/tcp_dashboard__functions.h
[55.683s] -- Installing: /home/user/dobot_ws/install/dobot_msgs_v4/include/dobot_msgs_v4/dobot_msgs_v4/srv/detail/get_error_id__type_support.h
[55.683s] -- Installing: /home/user/dobot_ws/install/dobot_msgs_v4/include/dobot_msgs_v4/dobot_msgs_v4/srv/detail/ao_instant__type_support.h
[55.683s] -- Installing: /home/user/dobot_ws/install/dobot_msgs_v4/include/dobot_msgs_v4/dobot_msgs_v4/srv/detail/enable_ft_sensor__struct.h
[55.683s] -- Installing: /home/user/dobot_ws/install/dobot_msgs_v4/include/dobot_msgs_v4/dobot_msgs_v4/srv/detail/set_post_collision_mode__functions.c
[55.683s] -- Installing: /home/user/dobot_ws/install/dobot_msgs_v4/include/dobot_msgs_v4/dobot_msgs_v4/srv/detail/rel_mov_l_tool__type_support.h
[55.683s] -- Installing: /home/user/dobot_ws/install/dobot_msgs_v4/include/dobot_msgs_v4/dobot_msgs_v4/srv/detail/modbus_rtu_create__struct.h
[55.683s] -- Installing: /home/user/dobot_ws/install/dobot_msgs_v4/include/dobot_msgs_v4/dobot_msgs_v4/srv/detail/do_group__struct.h
[55.683s] -- Installing: /home/user/dobot_ws/install/dobot_msgs_v4/include/dobot_msgs_v4/dobot_msgs_v4/srv/detail/start_rt_offset__type_support.h
[55.683s] -- Installing: /home/user/dobot_ws/install/dobot_msgs_v4/include/dobot_msgs_v4/dobot_msgs_v4/srv/detail/end_rt_offset__struct.h
[55.683s] -- Installing: /home/user/dobot_ws/install/dobot_msgs_v4/include/dobot_msgs_v4/dobot_msgs_v4/srv/detail/di_group_dec__type_support.h
[55.683s] -- Installing: /home/user/dobot_ws/install/dobot_msgs_v4/include/dobot_msgs_v4/dobot_msgs_v4/srv/detail/servo_p__functions.h
[55.684s] -- Installing: /home/user/dobot_ws/install/dobot_msgs_v4/include/dobot_msgs_v4/dobot_msgs_v4/srv/detail/stop_drag__functions.c
[55.684s] -- Installing: /home/user/dobot_ws/install/dobot_msgs_v4/include/dobot_msgs_v4/dobot_msgs_v4/srv/detail/ai__type_support.h
[55.684s] -- Installing: /home/user/dobot_ws/install/dobot_msgs_v4/include/dobot_msgs_v4/dobot_msgs_v4/srv/detail/rel_mov_j_tool__struct.h
[55.684s] -- Installing: /home/user/dobot_ws/install/dobot_msgs_v4/include/dobot_msgs_v4/dobot_msgs_v4/srv/detail/get_error_id__functions.c
[55.684s] -- Installing: /home/user/dobot_ws/install/dobot_msgs_v4/include/dobot_msgs_v4/dobot_msgs_v4/srv/detail/check_odd_mov_l__type_support.h
[55.684s] -- Installing: /home/user/dobot_ws/install/dobot_msgs_v4/include/dobot_msgs_v4/dobot_msgs_v4/srv/detail/get_tool_do__type_support.h
[55.684s] -- Installing: /home/user/dobot_ws/install/dobot_msgs_v4/include/dobot_msgs_v4/dobot_msgs_v4/srv/detail/get_input_float__functions.h
[55.684s] -- Installing: /home/user/dobot_ws/install/dobot_msgs_v4/include/dobot_msgs_v4/dobot_msgs_v4/srv/set_tool_power.h
[55.684s] -- Installing: /home/user/dobot_ws/install/dobot_msgs_v4/include/dobot_msgs_v4/dobot_msgs_v4/srv/run_to.h
[55.684s] -- Installing: /home/user/dobot_ws/install/dobot_msgs_v4/include/dobot_msgs_v4/dobot_msgs_v4/srv/start_drag.h
[55.684s] -- Installing: /home/user/dobot_ws/install/dobot_msgs_v4/include/dobot_msgs_v4/dobot_msgs_v4/srv/inverse_solution.h
[55.685s] -- Installing: /home/user/dobot_ws/install/dobot_msgs_v4/include/dobot_msgs_v4/dobot_msgs_v4/srv/modbus_rtu_create.h
[55.685s] -- Installing: /home/user/dobot_ws/install/dobot_msgs_v4/include/dobot_msgs_v4/dobot_msgs_v4/srv/stop_move_jog.h
[55.685s] -- Installing: /home/user/dobot_ws/install/dobot_msgs_v4/include/dobot_msgs_v4/dobot_msgs_v4/srv/get_force.h
[55.685s] -- Installing: /home/user/dobot_ws/install/dobot_msgs_v4/include/dobot_msgs_v4/dobot_msgs_v4/srv/enable_safe_skin.h
[55.685s] -- Installing: /home/user/dobot_ws/install/dobot_msgs_v4/include/dobot_msgs_v4/dobot_msgs_v4/srv/set_user.h
[55.685s] -- Installing: /home/user/dobot_ws/install/dobot_msgs_v4/include/dobot_msgs_v4/dobot_msgs_v4/srv/get_input_bool.h
[55.685s] -- Installing: /home/user/dobot_ws/install/dobot_msgs_v4/include/dobot_msgs_v4/dobot_msgs_v4/srv/get_input_float.h
[55.685s] -- Installing: /home/user/dobot_ws/install/dobot_msgs_v4/share/dobot_msgs_v4/environment/library_path.sh
[55.686s] -- Installing: /home/user/dobot_ws/install/dobot_msgs_v4/share/dobot_msgs_v4/environment/library_path.dsv
[55.686s] -- Installing: /home/user/dobot_ws/install/dobot_msgs_v4/lib/libdobot_msgs_v4__rosidl_generator_c.so
[55.687s] -- Set runtime path of "/home/user/dobot_ws/install/dobot_msgs_v4/lib/libdobot_msgs_v4__rosidl_generator_c.so" to ""
[55.687s] -- Up-to-date: /home/user/dobot_ws/install/dobot_msgs_v4/include/dobot_msgs_v4/dobot_msgs_v4
[55.687s] -- Up-to-date: /home/user/dobot_ws/install/dobot_msgs_v4/include/dobot_msgs_v4/dobot_msgs_v4/msg
[55.687s] -- Installing: /home/user/dobot_ws/install/dobot_msgs_v4/include/dobot_msgs_v4/dobot_msgs_v4/msg/rosidl_typesupport_fastrtps_c__visibility_control.h
[55.687s] -- Up-to-date: /home/user/dobot_ws/install/dobot_msgs_v4/include/dobot_msgs_v4/dobot_msgs_v4/msg/detail
[55.687s] -- Installing: /home/user/dobot_ws/install/dobot_msgs_v4/include/dobot_msgs_v4/dobot_msgs_v4/msg/detail/tool_vector_actual__rosidl_typesupport_fastrtps_c.h
[55.688s] -- Installing: /home/user/dobot_ws/install/dobot_msgs_v4/include/dobot_msgs_v4/dobot_msgs_v4/msg/detail/robot_status__rosidl_typesupport_fastrtps_c.h
[55.688s] -- Up-to-date: /home/user/dobot_ws/install/dobot_msgs_v4/include/dobot_msgs_v4/dobot_msgs_v4/srv
[55.688s] -- Up-to-date: /home/user/dobot_ws/install/dobot_msgs_v4/include/dobot_msgs_v4/dobot_msgs_v4/srv/detail
[55.688s] -- Installing: /home/user/dobot_ws/install/dobot_msgs_v4/include/dobot_msgs_v4/dobot_msgs_v4/srv/detail/set_hold_regs__rosidl_typesupport_fastrtps_c.h
[55.688s] -- Installing: /home/user/dobot_ws/install/dobot_msgs_v4/include/dobot_msgs_v4/dobot_msgs_v4/srv/detail/get_output_float__rosidl_typesupport_fastrtps_c.h
[55.688s] -- Installing: /home/user/dobot_ws/install/dobot_msgs_v4/include/dobot_msgs_v4/dobot_msgs_v4/srv/detail/set_output_float__rosidl_typesupport_fastrtps_c.h
[55.688s] -- Installing: /home/user/dobot_ws/install/dobot_msgs_v4/include/dobot_msgs_v4/dobot_msgs_v4/srv/detail/fc_collision_switch__rosidl_typesupport_fastrtps_c.h
[55.688s] -- Installing: /home/user/dobot_ws/install/dobot_msgs_v4/include/dobot_msgs_v4/dobot_msgs_v4/srv/detail/continue__rosidl_typesupport_fastrtps_c.h
[55.688s] -- Installing: /home/user/dobot_ws/install/dobot_msgs_v4/include/dobot_msgs_v4/dobot_msgs_v4/srv/detail/get_start_pose__rosidl_typesupport_fastrtps_c.h
[55.688s] -- Installing: /home/user/dobot_ws/install/dobot_msgs_v4/include/dobot_msgs_v4/dobot_msgs_v4/srv/detail/calc_tool__rosidl_typesupport_fastrtps_c.h
[55.688s] -- Installing: /home/user/dobot_ws/install/dobot_msgs_v4/include/dobot_msgs_v4/dobot_msgs_v4/srv/detail/modbus_rtu_create__rosidl_typesupport_fastrtps_c.h
[55.688s] -- Installing: /home/user/dobot_ws/install/dobot_msgs_v4/include/dobot_msgs_v4/dobot_msgs_v4/srv/detail/set_output_bool__rosidl_typesupport_fastrtps_c.h
[55.688s] -- Installing: /home/user/dobot_ws/install/dobot_msgs_v4/include/dobot_msgs_v4/dobot_msgs_v4/srv/detail/tool__rosidl_typesupport_fastrtps_c.h
[55.688s] -- Installing: /home/user/dobot_ws/install/dobot_msgs_v4/include/dobot_msgs_v4/dobot_msgs_v4/srv/detail/set_user__rosidl_typesupport_fastrtps_c.h
[55.689s] -- Installing: /home/user/dobot_ws/install/dobot_msgs_v4/include/dobot_msgs_v4/dobot_msgs_v4/srv/detail/clear_error__rosidl_typesupport_fastrtps_c.h
[55.689s] -- Installing: /home/user/dobot_ws/install/dobot_msgs_v4/include/dobot_msgs_v4/dobot_msgs_v4/srv/detail/check_odd_mov_l__rosidl_typesupport_fastrtps_c.h
[55.689s] -- Installing: /home/user/dobot_ws/install/dobot_msgs_v4/include/dobot_msgs_v4/dobot_msgs_v4/srv/detail/fc_set_force_speed_limit__rosidl_typesupport_fastrtps_c.h
[55.689s] -- Installing: /home/user/dobot_ws/install/dobot_msgs_v4/include/dobot_msgs_v4/dobot_msgs_v4/srv/detail/get_input_float__rosidl_typesupport_fastrtps_c.h
[55.689s] -- Installing: /home/user/dobot_ws/install/dobot_msgs_v4/include/dobot_msgs_v4/dobot_msgs_v4/srv/detail/get_force__rosidl_typesupport_fastrtps_c.h
[55.689s] -- Installing: /home/user/dobot_ws/install/dobot_msgs_v4/include/dobot_msgs_v4/dobot_msgs_v4/srv/detail/get_tool_do__rosidl_typesupport_fastrtps_c.h
[55.689s] -- Installing: /home/user/dobot_ws/install/dobot_msgs_v4/include/dobot_msgs_v4/dobot_msgs_v4/srv/detail/tcp_dashboard__rosidl_typesupport_fastrtps_c.h
[55.689s] -- Installing: /home/user/dobot_ws/install/dobot_msgs_v4/include/dobot_msgs_v4/dobot_msgs_v4/srv/detail/get_input_int__rosidl_typesupport_fastrtps_c.h
[55.689s] -- Installing: /home/user/dobot_ws/install/dobot_msgs_v4/include/dobot_msgs_v4/dobot_msgs_v4/srv/detail/get_angle__rosidl_typesupport_fastrtps_c.h
[55.689s] -- Installing: /home/user/dobot_ws/install/dobot_msgs_v4/include/dobot_msgs_v4/dobot_msgs_v4/srv/detail/set_tool_mode__rosidl_typesupport_fastrtps_c.h
[55.689s] -- Installing: /home/user/dobot_ws/install/dobot_msgs_v4/include/dobot_msgs_v4/dobot_msgs_v4/srv/detail/six_force_home__rosidl_typesupport_fastrtps_c.h
[55.689s] -- Installing: /home/user/dobot_ws/install/dobot_msgs_v4/include/dobot_msgs_v4/dobot_msgs_v4/srv/detail/fc_set_deviation__rosidl_typesupport_fastrtps_c.h
[55.690s] -- Installing: /home/user/dobot_ws/install/dobot_msgs_v4/include/dobot_msgs_v4/dobot_msgs_v4/srv/detail/reset_robot__rosidl_typesupport_fastrtps_c.h
[55.690s] -- Installing: /home/user/dobot_ws/install/dobot_msgs_v4/include/dobot_msgs_v4/dobot_msgs_v4/srv/detail/set_post_collision_mode__rosidl_typesupport_fastrtps_c.h
[55.690s] -- Installing: /home/user/dobot_ws/install/dobot_msgs_v4/include/dobot_msgs_v4/dobot_msgs_v4/srv/detail/run_to__rosidl_typesupport_fastrtps_c.h
[55.690s] -- Installing: /home/user/dobot_ws/install/dobot_msgs_v4/include/dobot_msgs_v4/dobot_msgs_v4/srv/detail/tool_ai__rosidl_typesupport_fastrtps_c.h
[55.690s] -- Installing: /home/user/dobot_ws/install/dobot_msgs_v4/include/dobot_msgs_v4/dobot_msgs_v4/srv/detail/get_hold_regs__rosidl_typesupport_fastrtps_c.h
[55.690s] -- Installing: /home/user/dobot_ws/install/dobot_msgs_v4/include/dobot_msgs_v4/dobot_msgs_v4/srv/detail/modbus_close__rosidl_typesupport_fastrtps_c.h
[55.690s] -- Installing: /home/user/dobot_ws/install/dobot_msgs_v4/include/dobot_msgs_v4/dobot_msgs_v4/srv/detail/get_in_bits__rosidl_typesupport_fastrtps_c.h
[55.690s] -- Installing: /home/user/dobot_ws/install/dobot_msgs_v4/include/dobot_msgs_v4/dobot_msgs_v4/srv/detail/fc_set_damping__rosidl_typesupport_fastrtps_c.h
[55.690s] -- Installing: /home/user/dobot_ws/install/dobot_msgs_v4/include/dobot_msgs_v4/dobot_msgs_v4/srv/detail/inverse_kin__rosidl_typesupport_fastrtps_c.h
[55.690s] -- Installing: /home/user/dobot_ws/install/dobot_msgs_v4/include/dobot_msgs_v4/dobot_msgs_v4/srv/detail/mov_l__rosidl_typesupport_fastrtps_c.h
[55.690s] -- Installing: /home/user/dobot_ws/install/dobot_msgs_v4/include/dobot_msgs_v4/dobot_msgs_v4/srv/detail/di_group_dec__rosidl_typesupport_fastrtps_c.h
[55.691s] -- Installing: /home/user/dobot_ws/install/dobot_msgs_v4/include/dobot_msgs_v4/dobot_msgs_v4/srv/detail/do__rosidl_typesupport_fastrtps_c.h
[55.691s] -- Installing: /home/user/dobot_ws/install/dobot_msgs_v4/include/dobot_msgs_v4/dobot_msgs_v4/srv/detail/get_coils__rosidl_typesupport_fastrtps_c.h
[55.691s] -- Installing: /home/user/dobot_ws/install/dobot_msgs_v4/include/dobot_msgs_v4/dobot_msgs_v4/srv/detail/get_ao__rosidl_typesupport_fastrtps_c.h
[55.691s] -- Installing: /home/user/dobot_ws/install/dobot_msgs_v4/include/dobot_msgs_v4/dobot_msgs_v4/srv/detail/mov_jio__rosidl_typesupport_fastrtps_c.h
[55.691s] -- Installing: /home/user/dobot_ws/install/dobot_msgs_v4/include/dobot_msgs_v4/dobot_msgs_v4/srv/detail/servo_p__rosidl_typesupport_fastrtps_c.h
[55.691s] -- Installing: /home/user/dobot_ws/install/dobot_msgs_v4/include/dobot_msgs_v4/dobot_msgs_v4/srv/detail/ao_instant__rosidl_typesupport_fastrtps_c.h
[55.691s] -- Installing: /home/user/dobot_ws/install/dobot_msgs_v4/include/dobot_msgs_v4/dobot_msgs_v4/srv/detail/rel_mov_j_tool__rosidl_typesupport_fastrtps_c.h
[55.691s] -- Installing: /home/user/dobot_ws/install/dobot_msgs_v4/include/dobot_msgs_v4/dobot_msgs_v4/srv/detail/get_error__rosidl_typesupport_fastrtps_c.h
[55.691s] -- Installing: /home/user/dobot_ws/install/dobot_msgs_v4/include/dobot_msgs_v4/dobot_msgs_v4/srv/detail/set_safe_wall_enable__rosidl_typesupport_fastrtps_c.h
[55.691s] -- Installing: /home/user/dobot_ws/install/dobot_msgs_v4/include/dobot_msgs_v4/dobot_msgs_v4/srv/detail/get_output_int__rosidl_typesupport_fastrtps_c.h
[55.691s] -- Installing: /home/user/dobot_ws/install/dobot_msgs_v4/include/dobot_msgs_v4/dobot_msgs_v4/srv/detail/arc__rosidl_typesupport_fastrtps_c.h
[55.691s] -- Installing: /home/user/dobot_ws/install/dobot_msgs_v4/include/dobot_msgs_v4/dobot_msgs_v4/srv/detail/rel_mov_l_tool__rosidl_typesupport_fastrtps_c.h
[55.692s] -- Installing: /home/user/dobot_ws/install/dobot_msgs_v4/include/dobot_msgs_v4/dobot_msgs_v4/srv/detail/set_back_distance__rosidl_typesupport_fastrtps_c.h
[55.692s] -- Installing: /home/user/dobot_ws/install/dobot_msgs_v4/include/dobot_msgs_v4/dobot_msgs_v4/srv/detail/stop__rosidl_typesupport_fastrtps_c.h
[55.692s] -- Installing: /home/user/dobot_ws/install/dobot_msgs_v4/include/dobot_msgs_v4/dobot_msgs_v4/srv/detail/start_rt_offset__rosidl_typesupport_fastrtps_c.h
[55.692s] -- Installing: /home/user/dobot_ws/install/dobot_msgs_v4/include/dobot_msgs_v4/dobot_msgs_v4/srv/detail/calc_user__rosidl_typesupport_fastrtps_c.h
[55.692s] -- Installing: /home/user/dobot_ws/install/dobot_msgs_v4/include/dobot_msgs_v4/dobot_msgs_v4/srv/detail/di__rosidl_typesupport_fastrtps_c.h
[55.692s] -- Installing: /home/user/dobot_ws/install/dobot_msgs_v4/include/dobot_msgs_v4/dobot_msgs_v4/srv/detail/vel_j__rosidl_typesupport_fastrtps_c.h
[55.692s] -- Installing: /home/user/dobot_ws/install/dobot_msgs_v4/include/dobot_msgs_v4/dobot_msgs_v4/srv/detail/modbus_create__rosidl_typesupport_fastrtps_c.h
[55.692s] -- Installing: /home/user/dobot_ws/install/dobot_msgs_v4/include/dobot_msgs_v4/dobot_msgs_v4/srv/detail/fc_set_stiffness__rosidl_typesupport_fastrtps_c.h
[55.692s] -- Installing: /home/user/dobot_ws/install/dobot_msgs_v4/include/dobot_msgs_v4/dobot_msgs_v4/srv/detail/set_work_zone_enable__rosidl_typesupport_fastrtps_c.h
[55.692s] -- Installing: /home/user/dobot_ws/install/dobot_msgs_v4/include/dobot_msgs_v4/dobot_msgs_v4/srv/detail/fc_force_mode__rosidl_typesupport_fastrtps_c.h
[55.692s] -- Installing: /home/user/dobot_ws/install/dobot_msgs_v4/include/dobot_msgs_v4/dobot_msgs_v4/srv/detail/fc_set_force_limit__rosidl_typesupport_fastrtps_c.h
[55.692s] -- Installing: /home/user/dobot_ws/install/dobot_msgs_v4/include/dobot_msgs_v4/dobot_msgs_v4/srv/detail/do_instant__rosidl_typesupport_fastrtps_c.h
[55.693s] -- Installing: /home/user/dobot_ws/install/dobot_msgs_v4/include/dobot_msgs_v4/dobot_msgs_v4/srv/detail/start_drag__rosidl_typesupport_fastrtps_c.h
[55.693s] -- Installing: /home/user/dobot_ws/install/dobot_msgs_v4/include/dobot_msgs_v4/dobot_msgs_v4/srv/detail/request_control__rosidl_typesupport_fastrtps_c.h
[55.693s] -- Installing: /home/user/dobot_ws/install/dobot_msgs_v4/include/dobot_msgs_v4/dobot_msgs_v4/srv/detail/start_path__rosidl_typesupport_fastrtps_c.h
[55.693s] -- Installing: /home/user/dobot_ws/install/dobot_msgs_v4/include/dobot_msgs_v4/dobot_msgs_v4/srv/detail/force_drive_mode__rosidl_typesupport_fastrtps_c.h
[55.693s] -- Installing: /home/user/dobot_ws/install/dobot_msgs_v4/include/dobot_msgs_v4/dobot_msgs_v4/srv/detail/acc_j__rosidl_typesupport_fastrtps_c.h
[55.693s] -- Installing: /home/user/dobot_ws/install/dobot_msgs_v4/include/dobot_msgs_v4/dobot_msgs_v4/srv/detail/enable_ft_sensor__rosidl_typesupport_fastrtps_c.h
[55.693s] -- Installing: /home/user/dobot_ws/install/dobot_msgs_v4/include/dobot_msgs_v4/dobot_msgs_v4/srv/detail/check_odd_mov_c__rosidl_typesupport_fastrtps_c.h
[55.693s] -- Installing: /home/user/dobot_ws/install/dobot_msgs_v4/include/dobot_msgs_v4/dobot_msgs_v4/srv/detail/user__rosidl_typesupport_fastrtps_c.h
[55.693s] -- Installing: /home/user/dobot_ws/install/dobot_msgs_v4/include/dobot_msgs_v4/dobot_msgs_v4/srv/detail/get_do_group__rosidl_typesupport_fastrtps_c.h
[55.693s] -- Installing: /home/user/dobot_ws/install/dobot_msgs_v4/include/dobot_msgs_v4/dobot_msgs_v4/srv/detail/drag_sensivity__rosidl_typesupport_fastrtps_c.h
[55.693s] -- Installing: /home/user/dobot_ws/install/dobot_msgs_v4/include/dobot_msgs_v4/dobot_msgs_v4/srv/detail/set_fc_collision__rosidl_typesupport_fastrtps_c.h
[55.694s] -- Installing: /home/user/dobot_ws/install/dobot_msgs_v4/include/dobot_msgs_v4/dobot_msgs_v4/srv/detail/move_jog__rosidl_typesupport_fastrtps_c.h
[55.694s] -- Installing: /home/user/dobot_ws/install/dobot_msgs_v4/include/dobot_msgs_v4/dobot_msgs_v4/srv/detail/set_tool_power__rosidl_typesupport_fastrtps_c.h
[55.694s] -- Installing: /home/user/dobot_ws/install/dobot_msgs_v4/include/dobot_msgs_v4/dobot_msgs_v4/srv/detail/set_payload__rosidl_typesupport_fastrtps_c.h
[55.694s] -- Installing: /home/user/dobot_ws/install/dobot_msgs_v4/include/dobot_msgs_v4/dobot_msgs_v4/srv/detail/tool_do__rosidl_typesupport_fastrtps_c.h
[55.694s] -- Installing: /home/user/dobot_ws/install/dobot_msgs_v4/include/dobot_msgs_v4/dobot_msgs_v4/srv/detail/positive_kin__rosidl_typesupport_fastrtps_c.h
[55.694s] -- Installing: /home/user/dobot_ws/install/dobot_msgs_v4/include/dobot_msgs_v4/dobot_msgs_v4/srv/detail/rel_mov_l_user__rosidl_typesupport_fastrtps_c.h
[55.694s] -- Installing: /home/user/dobot_ws/install/dobot_msgs_v4/include/dobot_msgs_v4/dobot_msgs_v4/srv/detail/ai__rosidl_typesupport_fastrtps_c.h
[55.694s] -- Installing: /home/user/dobot_ws/install/dobot_msgs_v4/include/dobot_msgs_v4/dobot_msgs_v4/srv/detail/get_error_id__rosidl_typesupport_fastrtps_c.h
[55.694s] -- Installing: /home/user/dobot_ws/install/dobot_msgs_v4/include/dobot_msgs_v4/dobot_msgs_v4/srv/detail/vel_l__rosidl_typesupport_fastrtps_c.h
[55.694s] -- Installing: /home/user/dobot_ws/install/dobot_msgs_v4/include/dobot_msgs_v4/dobot_msgs_v4/srv/detail/get_current_command_id__rosidl_typesupport_fastrtps_c.h
[55.694s] -- Installing: /home/user/dobot_ws/install/dobot_msgs_v4/include/dobot_msgs_v4/dobot_msgs_v4/srv/detail/get_pose__rosidl_typesupport_fastrtps_c.h
[55.695s] -- Installing: /home/user/dobot_ws/install/dobot_msgs_v4/include/dobot_msgs_v4/dobot_msgs_v4/srv/detail/circle__rosidl_typesupport_fastrtps_c.h
[55.695s] -- Installing: /home/user/dobot_ws/install/dobot_msgs_v4/include/dobot_msgs_v4/dobot_msgs_v4/srv/detail/disable_robot__rosidl_typesupport_fastrtps_c.h
[55.695s] -- Installing: /home/user/dobot_ws/install/dobot_msgs_v4/include/dobot_msgs_v4/dobot_msgs_v4/srv/detail/set_coils__rosidl_typesupport_fastrtps_c.h
[55.695s] -- Installing: /home/user/dobot_ws/install/dobot_msgs_v4/include/dobot_msgs_v4/dobot_msgs_v4/srv/detail/ao__rosidl_typesupport_fastrtps_c.h
[55.695s] -- Installing: /home/user/dobot_ws/install/dobot_msgs_v4/include/dobot_msgs_v4/dobot_msgs_v4/srv/detail/get_in_regs__rosidl_typesupport_fastrtps_c.h
[55.695s] -- Installing: /home/user/dobot_ws/install/dobot_msgs_v4/include/dobot_msgs_v4/dobot_msgs_v4/srv/detail/get_do__rosidl_typesupport_fastrtps_c.h
[55.695s] -- Installing: /home/user/dobot_ws/install/dobot_msgs_v4/include/dobot_msgs_v4/dobot_msgs_v4/srv/detail/brake_control__rosidl_typesupport_fastrtps_c.h
[55.695s] -- Installing: /home/user/dobot_ws/install/dobot_msgs_v4/include/dobot_msgs_v4/dobot_msgs_v4/srv/detail/stop_move_jog__rosidl_typesupport_fastrtps_c.h
[55.695s] -- Installing: /home/user/dobot_ws/install/dobot_msgs_v4/include/dobot_msgs_v4/dobot_msgs_v4/srv/detail/mov_j__rosidl_typesupport_fastrtps_c.h
[55.695s] -- Installing: /home/user/dobot_ws/install/dobot_msgs_v4/include/dobot_msgs_v4/dobot_msgs_v4/srv/detail/mov_lio__rosidl_typesupport_fastrtps_c.h
[55.695s] -- Installing: /home/user/dobot_ws/install/dobot_msgs_v4/include/dobot_msgs_v4/dobot_msgs_v4/srv/detail/enable_safe_skin__rosidl_typesupport_fastrtps_c.h
[55.695s] -- Installing: /home/user/dobot_ws/install/dobot_msgs_v4/include/dobot_msgs_v4/dobot_msgs_v4/srv/detail/get_do_group_dec__rosidl_typesupport_fastrtps_c.h
[55.695s] -- Installing: /home/user/dobot_ws/install/dobot_msgs_v4/include/dobot_msgs_v4/dobot_msgs_v4/srv/detail/stop_drag__rosidl_typesupport_fastrtps_c.h
[55.696s] -- Installing: /home/user/dobot_ws/install/dobot_msgs_v4/include/dobot_msgs_v4/dobot_msgs_v4/srv/detail/fc_off__rosidl_typesupport_fastrtps_c.h
[55.696s] -- Installing: /home/user/dobot_ws/install/dobot_msgs_v4/include/dobot_msgs_v4/dobot_msgs_v4/srv/detail/set_tool485__rosidl_typesupport_fastrtps_c.h
[55.696s] -- Installing: /home/user/dobot_ws/install/dobot_msgs_v4/include/dobot_msgs_v4/dobot_msgs_v4/srv/detail/servo_j__rosidl_typesupport_fastrtps_c.h
[55.696s] -- Installing: /home/user/dobot_ws/install/dobot_msgs_v4/include/dobot_msgs_v4/dobot_msgs_v4/srv/detail/set_output_int__rosidl_typesupport_fastrtps_c.h
[55.696s] -- Installing: /home/user/dobot_ws/install/dobot_msgs_v4/include/dobot_msgs_v4/dobot_msgs_v4/srv/detail/rel_joint_mov_j__rosidl_typesupport_fastrtps_c.h
[55.696s] -- Installing: /home/user/dobot_ws/install/dobot_msgs_v4/include/dobot_msgs_v4/dobot_msgs_v4/srv/detail/end_rt_offset__rosidl_typesupport_fastrtps_c.h
[55.696s] -- Installing: /home/user/dobot_ws/install/dobot_msgs_v4/include/dobot_msgs_v4/dobot_msgs_v4/srv/detail/set_collision_level__rosidl_typesupport_fastrtps_c.h
[55.696s] -- Installing: /home/user/dobot_ws/install/dobot_msgs_v4/include/dobot_msgs_v4/dobot_msgs_v4/srv/detail/acc_l__rosidl_typesupport_fastrtps_c.h
[55.696s] -- Installing: /home/user/dobot_ws/install/dobot_msgs_v4/include/dobot_msgs_v4/dobot_msgs_v4/srv/detail/di_group__rosidl_typesupport_fastrtps_c.h
[55.696s] -- Installing: /home/user/dobot_ws/install/dobot_msgs_v4/include/dobot_msgs_v4/dobot_msgs_v4/srv/detail/check_odd_mov_j__rosidl_typesupport_fastrtps_c.h
[55.696s] -- Installing: /home/user/dobot_ws/install/dobot_msgs_v4/include/dobot_msgs_v4/dobot_msgs_v4/srv/detail/inverse_solution__rosidl_typesupport_fastrtps_c.h
[55.697s] -- Installing: /home/user/dobot_ws/install/dobot_msgs_v4/include/dobot_msgs_v4/dobot_msgs_v4/srv/detail/tool_do_instant__rosidl_typesupport_fastrtps_c.h
[55.697s] -- Installing: /home/user/dobot_ws/install/dobot_msgs_v4/include/dobot_msgs_v4/dobot_msgs_v4/srv/detail/emergency_stop__rosidl_typesupport_fastrtps_c.h
[55.697s] -- Installing: /home/user/dobot_ws/install/dobot_msgs_v4/include/dobot_msgs_v4/dobot_msgs_v4/srv/detail/fc_set_force__rosidl_typesupport_fastrtps_c.h
[55.697s] -- Installing: /home/user/dobot_ws/install/dobot_msgs_v4/include/dobot_msgs_v4/dobot_msgs_v4/srv/detail/set_tool__rosidl_typesupport_fastrtps_c.h
[55.697s] -- Installing: /home/user/dobot_ws/install/dobot_msgs_v4/include/dobot_msgs_v4/dobot_msgs_v4/srv/detail/get_output_bool__rosidl_typesupport_fastrtps_c.h
[55.697s] -- Installing: /home/user/dobot_ws/install/dobot_msgs_v4/include/dobot_msgs_v4/dobot_msgs_v4/srv/detail/tool_di__rosidl_typesupport_fastrtps_c.h
[55.697s] -- Installing: /home/user/dobot_ws/install/dobot_msgs_v4/include/dobot_msgs_v4/dobot_msgs_v4/srv/detail/robot_mode__rosidl_typesupport_fastrtps_c.h
[55.697s] -- Installing: /home/user/dobot_ws/install/dobot_msgs_v4/include/dobot_msgs_v4/dobot_msgs_v4/srv/detail/rel_mov_j_user__rosidl_typesupport_fastrtps_c.h
[55.697s] -- Installing: /home/user/dobot_ws/install/dobot_msgs_v4/include/dobot_msgs_v4/dobot_msgs_v4/srv/detail/set_safe_skin__rosidl_typesupport_fastrtps_c.h
[55.697s] -- Installing: /home/user/dobot_ws/install/dobot_msgs_v4/include/dobot_msgs_v4/dobot_msgs_v4/srv/detail/run_script__rosidl_typesupport_fastrtps_c.h
[55.697s] -- Installing: /home/user/dobot_ws/install/dobot_msgs_v4/include/dobot_msgs_v4/dobot_msgs_v4/srv/detail/power_on__rosidl_typesupport_fastrtps_c.h
[55.697s] -- Installing: /home/user/dobot_ws/install/dobot_msgs_v4/include/dobot_msgs_v4/dobot_msgs_v4/srv/detail/speed_factor__rosidl_typesupport_fastrtps_c.h
[55.698s] -- Installing: /home/user/dobot_ws/install/dobot_msgs_v4/include/dobot_msgs_v4/dobot_msgs_v4/srv/detail/get_input_bool__rosidl_typesupport_fastrtps_c.h
[55.698s] -- Installing: /home/user/dobot_ws/install/dobot_msgs_v4/include/dobot_msgs_v4/dobot_msgs_v4/srv/detail/force_drive_speed__rosidl_typesupport_fastrtps_c.h
[55.698s] -- Installing: /home/user/dobot_ws/install/dobot_msgs_v4/include/dobot_msgs_v4/dobot_msgs_v4/srv/detail/do_group__rosidl_typesupport_fastrtps_c.h
[55.698s] -- Installing: /home/user/dobot_ws/install/dobot_msgs_v4/include/dobot_msgs_v4/dobot_msgs_v4/srv/detail/do_group_dec__rosidl_typesupport_fastrtps_c.h
[55.698s] -- Installing: /home/user/dobot_ws/install/dobot_msgs_v4/include/dobot_msgs_v4/dobot_msgs_v4/srv/detail/cp__rosidl_typesupport_fastrtps_c.h
[55.698s] -- Installing: /home/user/dobot_ws/install/dobot_msgs_v4/include/dobot_msgs_v4/dobot_msgs_v4/srv/detail/pause__rosidl_typesupport_fastrtps_c.h
[55.698s] -- Installing: /home/user/dobot_ws/install/dobot_msgs_v4/include/dobot_msgs_v4/dobot_msgs_v4/srv/detail/enable_robot__rosidl_typesupport_fastrtps_c.h
[55.698s] -- Installing: /home/user/dobot_ws/install/dobot_msgs_v4/include/dobot_msgs_v4/dobot_msgs_v4/srv/detail/fc_set_mass__rosidl_typesupport_fastrtps_c.h
[55.698s] -- Installing: /home/user/dobot_ws/install/dobot_msgs_v4/lib/libdobot_msgs_v4__rosidl_typesupport_fastrtps_c.so
[55.699s] -- Set runtime path of "/home/user/dobot_ws/install/dobot_msgs_v4/lib/libdobot_msgs_v4__rosidl_typesupport_fastrtps_c.so" to ""
[55.700s] -- Up-to-date: /home/user/dobot_ws/install/dobot_msgs_v4/include/dobot_msgs_v4/dobot_msgs_v4
[55.700s] -- Up-to-date: /home/user/dobot_ws/install/dobot_msgs_v4/include/dobot_msgs_v4/dobot_msgs_v4/msg
[55.700s] -- Installing: /home/user/dobot_ws/install/dobot_msgs_v4/include/dobot_msgs_v4/dobot_msgs_v4/msg/rosidl_generator_cpp__visibility_control.hpp
[55.700s] -- Installing: /home/user/dobot_ws/install/dobot_msgs_v4/include/dobot_msgs_v4/dobot_msgs_v4/msg/robot_status.hpp
[55.700s] -- Installing: /home/user/dobot_ws/install/dobot_msgs_v4/include/dobot_msgs_v4/dobot_msgs_v4/msg/tool_vector_actual.hpp
[55.700s] -- Up-to-date: /home/user/dobot_ws/install/dobot_msgs_v4/include/dobot_msgs_v4/dobot_msgs_v4/msg/detail
[55.700s] -- Installing: /home/user/dobot_ws/install/dobot_msgs_v4/include/dobot_msgs_v4/dobot_msgs_v4/msg/detail/tool_vector_actual__builder.hpp
[55.700s] -- Installing: /home/user/dobot_ws/install/dobot_msgs_v4/include/dobot_msgs_v4/dobot_msgs_v4/msg/detail/tool_vector_actual__type_support.hpp
[55.700s] -- Installing: /home/user/dobot_ws/install/dobot_msgs_v4/include/dobot_msgs_v4/dobot_msgs_v4/msg/detail/robot_status__type_support.hpp
[55.700s] -- Installing: /home/user/dobot_ws/install/dobot_msgs_v4/include/dobot_msgs_v4/dobot_msgs_v4/msg/detail/tool_vector_actual__struct.hpp
[55.700s] -- Installing: /home/user/dobot_ws/install/dobot_msgs_v4/include/dobot_msgs_v4/dobot_msgs_v4/msg/detail/robot_status__traits.hpp
[55.700s] -- Installing: /home/user/dobot_ws/install/dobot_msgs_v4/include/dobot_msgs_v4/dobot_msgs_v4/msg/detail/robot_status__struct.hpp
[55.700s] -- Installing: /home/user/dobot_ws/install/dobot_msgs_v4/include/dobot_msgs_v4/dobot_msgs_v4/msg/detail/tool_vector_actual__traits.hpp
[55.700s] -- Installing: /home/user/dobot_ws/install/dobot_msgs_v4/include/dobot_msgs_v4/dobot_msgs_v4/msg/detail/robot_status__builder.hpp
[55.700s] -- Up-to-date: /home/user/dobot_ws/install/dobot_msgs_v4/include/dobot_msgs_v4/dobot_msgs_v4/srv
[55.700s] -- Installing: /home/user/dobot_ws/install/dobot_msgs_v4/include/dobot_msgs_v4/dobot_msgs_v4/srv/request_control.hpp
[55.701s] -- Installing: /home/user/dobot_ws/install/dobot_msgs_v4/include/dobot_msgs_v4/dobot_msgs_v4/srv/force_drive_speed.hpp
[55.701s] -- Installing: /home/user/dobot_ws/install/dobot_msgs_v4/include/dobot_msgs_v4/dobot_msgs_v4/srv/start_rt_offset.hpp
[55.701s] -- Installing: /home/user/dobot_ws/install/dobot_msgs_v4/include/dobot_msgs_v4/dobot_msgs_v4/srv/set_back_distance.hpp
[55.701s] -- Installing: /home/user/dobot_ws/install/dobot_msgs_v4/include/dobot_msgs_v4/dobot_msgs_v4/srv/mov_l.hpp
[55.701s] -- Installing: /home/user/dobot_ws/install/dobot_msgs_v4/include/dobot_msgs_v4/dobot_msgs_v4/srv/modbus_create.hpp
[55.701s] -- Installing: /home/user/dobot_ws/install/dobot_msgs_v4/include/dobot_msgs_v4/dobot_msgs_v4/srv/ai.hpp
[55.701s] -- Installing: /home/user/dobot_ws/install/dobot_msgs_v4/include/dobot_msgs_v4/dobot_msgs_v4/srv/rel_mov_j_tool.hpp
[55.701s] -- Installing: /home/user/dobot_ws/install/dobot_msgs_v4/include/dobot_msgs_v4/dobot_msgs_v4/srv/get_hold_regs.hpp
[55.701s] -- Installing: /home/user/dobot_ws/install/dobot_msgs_v4/include/dobot_msgs_v4/dobot_msgs_v4/srv/user.hpp
[55.701s] -- Installing: /home/user/dobot_ws/install/dobot_msgs_v4/include/dobot_msgs_v4/dobot_msgs_v4/srv/get_in_bits.hpp
[55.701s] -- Installing: /home/user/dobot_ws/install/dobot_msgs_v4/include/dobot_msgs_v4/dobot_msgs_v4/srv/mov_j.hpp
[55.702s] -- Installing: /home/user/dobot_ws/install/dobot_msgs_v4/include/dobot_msgs_v4/dobot_msgs_v4/srv/rel_mov_l_user.hpp
[55.702s] -- Installing: /home/user/dobot_ws/install/dobot_msgs_v4/include/dobot_msgs_v4/dobot_msgs_v4/srv/rel_mov_j_user.hpp
[55.702s] -- Installing: /home/user/dobot_ws/install/dobot_msgs_v4/include/dobot_msgs_v4/dobot_msgs_v4/srv/set_output_bool.hpp
[55.702s] -- Installing: /home/user/dobot_ws/install/dobot_msgs_v4/include/dobot_msgs_v4/dobot_msgs_v4/srv/enable_ft_sensor.hpp
[55.702s] -- Installing: /home/user/dobot_ws/install/dobot_msgs_v4/include/dobot_msgs_v4/dobot_msgs_v4/srv/get_do_group.hpp
[55.702s] -- Installing: /home/user/dobot_ws/install/dobot_msgs_v4/include/dobot_msgs_v4/dobot_msgs_v4/srv/get_start_pose.hpp
[55.702s] -- Installing: /home/user/dobot_ws/install/dobot_msgs_v4/include/dobot_msgs_v4/dobot_msgs_v4/srv/disable_robot.hpp
[55.702s] -- Installing: /home/user/dobot_ws/install/dobot_msgs_v4/include/dobot_msgs_v4/dobot_msgs_v4/srv/arc.hpp
[55.702s] -- Installing: /home/user/dobot_ws/install/dobot_msgs_v4/include/dobot_msgs_v4/dobot_msgs_v4/srv/check_odd_mov_c.hpp
[55.702s] -- Installing: /home/user/dobot_ws/install/dobot_msgs_v4/include/dobot_msgs_v4/dobot_msgs_v4/srv/pause.hpp
[55.702s] -- Installing: /home/user/dobot_ws/install/dobot_msgs_v4/include/dobot_msgs_v4/dobot_msgs_v4/srv/mov_jio.hpp
[55.703s] -- Installing: /home/user/dobot_ws/install/dobot_msgs_v4/include/dobot_msgs_v4/dobot_msgs_v4/srv/inverse_kin.hpp
[55.703s] -- Installing: /home/user/dobot_ws/install/dobot_msgs_v4/include/dobot_msgs_v4/dobot_msgs_v4/srv/rel_mov_l_tool.hpp
[55.703s] -- Installing: /home/user/dobot_ws/install/dobot_msgs_v4/include/dobot_msgs_v4/dobot_msgs_v4/srv/di_group_dec.hpp
[55.703s] -- Installing: /home/user/dobot_ws/install/dobot_msgs_v4/include/dobot_msgs_v4/dobot_msgs_v4/srv/stop.hpp
[55.703s] -- Installing: /home/user/dobot_ws/install/dobot_msgs_v4/include/dobot_msgs_v4/dobot_msgs_v4/srv/enable_safe_skin.hpp
[55.703s] -- Installing: /home/user/dobot_ws/install/dobot_msgs_v4/include/dobot_msgs_v4/dobot_msgs_v4/srv/stop_move_jog.hpp
[55.703s] -- Installing: /home/user/dobot_ws/install/dobot_msgs_v4/include/dobot_msgs_v4/dobot_msgs_v4/srv/set_tool_power.hpp
[55.703s] -- Installing: /home/user/dobot_ws/install/dobot_msgs_v4/include/dobot_msgs_v4/dobot_msgs_v4/srv/tool_di.hpp
[55.703s] -- Installing: /home/user/dobot_ws/install/dobot_msgs_v4/include/dobot_msgs_v4/dobot_msgs_v4/srv/stop_drag.hpp
[55.703s] -- Installing: /home/user/dobot_ws/install/dobot_msgs_v4/include/dobot_msgs_v4/dobot_msgs_v4/srv/set_tool.hpp
[55.703s] -- Installing: /home/user/dobot_ws/install/dobot_msgs_v4/include/dobot_msgs_v4/dobot_msgs_v4/srv/get_do.hpp
[55.704s] -- Installing: /home/user/dobot_ws/install/dobot_msgs_v4/include/dobot_msgs_v4/dobot_msgs_v4/srv/di.hpp
[55.704s] -- Installing: /home/user/dobot_ws/install/dobot_msgs_v4/include/dobot_msgs_v4/dobot_msgs_v4/srv/six_force_home.hpp
[55.704s] -- Installing: /home/user/dobot_ws/install/dobot_msgs_v4/include/dobot_msgs_v4/dobot_msgs_v4/srv/mov_lio.hpp
[55.704s] -- Installing: /home/user/dobot_ws/install/dobot_msgs_v4/include/dobot_msgs_v4/dobot_msgs_v4/srv/set_output_int.hpp
[55.704s] -- Installing: /home/user/dobot_ws/install/dobot_msgs_v4/include/dobot_msgs_v4/dobot_msgs_v4/srv/get_output_float.hpp
[55.704s] -- Installing: /home/user/dobot_ws/install/dobot_msgs_v4/include/dobot_msgs_v4/dobot_msgs_v4/srv/vel_j.hpp
[55.704s] -- Installing: /home/user/dobot_ws/install/dobot_msgs_v4/include/dobot_msgs_v4/dobot_msgs_v4/srv/ao_instant.hpp
[55.704s] -- Installing: /home/user/dobot_ws/install/dobot_msgs_v4/include/dobot_msgs_v4/dobot_msgs_v4/srv/clear_error.hpp
[55.704s] -- Installing: /home/user/dobot_ws/install/dobot_msgs_v4/include/dobot_msgs_v4/dobot_msgs_v4/srv/start_path.hpp
[55.704s] -- Installing: /home/user/dobot_ws/install/dobot_msgs_v4/include/dobot_msgs_v4/dobot_msgs_v4/srv/fc_set_force_limit.hpp
[55.705s] -- Installing: /home/user/dobot_ws/install/dobot_msgs_v4/include/dobot_msgs_v4/dobot_msgs_v4/srv/rel_joint_mov_j.hpp
[55.705s] -- Installing: /home/user/dobot_ws/install/dobot_msgs_v4/include/dobot_msgs_v4/dobot_msgs_v4/srv/start_drag.hpp
[55.705s] -- Installing: /home/user/dobot_ws/install/dobot_msgs_v4/include/dobot_msgs_v4/dobot_msgs_v4/srv/tool_do_instant.hpp
[55.705s] -- Installing: /home/user/dobot_ws/install/dobot_msgs_v4/include/dobot_msgs_v4/dobot_msgs_v4/srv/fc_set_deviation.hpp
[55.705s] -- Installing: /home/user/dobot_ws/install/dobot_msgs_v4/include/dobot_msgs_v4/dobot_msgs_v4/srv/do_instant.hpp
[55.705s] -- Installing: /home/user/dobot_ws/install/dobot_msgs_v4/include/dobot_msgs_v4/dobot_msgs_v4/srv/ao.hpp
[55.705s] -- Installing: /home/user/dobot_ws/install/dobot_msgs_v4/include/dobot_msgs_v4/dobot_msgs_v4/srv/set_safe_skin.hpp
[55.705s] -- Installing: /home/user/dobot_ws/install/dobot_msgs_v4/include/dobot_msgs_v4/dobot_msgs_v4/srv/servo_p.hpp
[55.705s] -- Installing: /home/user/dobot_ws/install/dobot_msgs_v4/include/dobot_msgs_v4/dobot_msgs_v4/srv/get_tool_do.hpp
[55.705s] -- Installing: /home/user/dobot_ws/install/dobot_msgs_v4/include/dobot_msgs_v4/dobot_msgs_v4/srv/servo_j.hpp
[55.705s] -- Installing: /home/user/dobot_ws/install/dobot_msgs_v4/include/dobot_msgs_v4/dobot_msgs_v4/srv/move_jog.hpp
[55.706s] -- Installing: /home/user/dobot_ws/install/dobot_msgs_v4/include/dobot_msgs_v4/dobot_msgs_v4/srv/speed_factor.hpp
[55.706s] -- Installing: /home/user/dobot_ws/install/dobot_msgs_v4/include/dobot_msgs_v4/dobot_msgs_v4/srv/get_input_bool.hpp
[55.706s] -- Installing: /home/user/dobot_ws/install/dobot_msgs_v4/include/dobot_msgs_v4/dobot_msgs_v4/srv/inverse_solution.hpp
[55.706s] -- Installing: /home/user/dobot_ws/install/dobot_msgs_v4/include/dobot_msgs_v4/dobot_msgs_v4/srv/enable_robot.hpp
[55.706s] -- Installing: /home/user/dobot_ws/install/dobot_msgs_v4/include/dobot_msgs_v4/dobot_msgs_v4/srv/acc_j.hpp
[55.706s] -- Installing: /home/user/dobot_ws/install/dobot_msgs_v4/include/dobot_msgs_v4/dobot_msgs_v4/srv/fc_force_mode.hpp
[55.706s] -- Installing: /home/user/dobot_ws/install/dobot_msgs_v4/include/dobot_msgs_v4/dobot_msgs_v4/srv/do_group.hpp
[55.706s] -- Installing: /home/user/dobot_ws/install/dobot_msgs_v4/include/dobot_msgs_v4/dobot_msgs_v4/srv/set_coils.hpp
[55.706s] -- Installing: /home/user/dobot_ws/install/dobot_msgs_v4/include/dobot_msgs_v4/dobot_msgs_v4/srv/get_pose.hpp
[55.706s] -- Installing: /home/user/dobot_ws/install/dobot_msgs_v4/include/dobot_msgs_v4/dobot_msgs_v4/srv/calc_tool.hpp
[55.706s] -- Installing: /home/user/dobot_ws/install/dobot_msgs_v4/include/dobot_msgs_v4/dobot_msgs_v4/srv/do.hpp
[55.706s] -- Installing: /home/user/dobot_ws/install/dobot_msgs_v4/include/dobot_msgs_v4/dobot_msgs_v4/srv/reset_robot.hpp
[55.707s] -- Installing: /home/user/dobot_ws/install/dobot_msgs_v4/include/dobot_msgs_v4/dobot_msgs_v4/srv/fc_set_stiffness.hpp
[55.707s] -- Installing: /home/user/dobot_ws/install/dobot_msgs_v4/include/dobot_msgs_v4/dobot_msgs_v4/srv/circle.hpp
[55.707s] -- Installing: /home/user/dobot_ws/install/dobot_msgs_v4/include/dobot_msgs_v4/dobot_msgs_v4/srv/do_group_dec.hpp
[55.707s] -- Installing: /home/user/dobot_ws/install/dobot_msgs_v4/include/dobot_msgs_v4/dobot_msgs_v4/srv/get_output_int.hpp
[55.707s] -- Installing: /home/user/dobot_ws/install/dobot_msgs_v4/include/dobot_msgs_v4/dobot_msgs_v4/srv/fc_set_damping.hpp
[55.707s] -- Installing: /home/user/dobot_ws/install/dobot_msgs_v4/include/dobot_msgs_v4/dobot_msgs_v4/srv/tool_ai.hpp
[55.707s] -- Installing: /home/user/dobot_ws/install/dobot_msgs_v4/include/dobot_msgs_v4/dobot_msgs_v4/srv/set_output_float.hpp
[55.707s] -- Installing: /home/user/dobot_ws/install/dobot_msgs_v4/include/dobot_msgs_v4/dobot_msgs_v4/srv/modbus_close.hpp
[55.707s] -- Installing: /home/user/dobot_ws/install/dobot_msgs_v4/include/dobot_msgs_v4/dobot_msgs_v4/srv/check_odd_mov_j.hpp
[55.707s] -- Installing: /home/user/dobot_ws/install/dobot_msgs_v4/include/dobot_msgs_v4/dobot_msgs_v4/srv/get_force.hpp
[55.707s] -- Installing: /home/user/dobot_ws/install/dobot_msgs_v4/include/dobot_msgs_v4/dobot_msgs_v4/srv/modbus_rtu_create.hpp
[55.708s] -- Installing: /home/user/dobot_ws/install/dobot_msgs_v4/include/dobot_msgs_v4/dobot_msgs_v4/srv/get_angle.hpp
[55.708s] -- Installing: /home/user/dobot_ws/install/dobot_msgs_v4/include/dobot_msgs_v4/dobot_msgs_v4/srv/force_drive_mode.hpp
[55.708s] -- Installing: /home/user/dobot_ws/install/dobot_msgs_v4/include/dobot_msgs_v4/dobot_msgs_v4/srv/continue.hpp
[55.708s] -- Installing: /home/user/dobot_ws/install/dobot_msgs_v4/include/dobot_msgs_v4/dobot_msgs_v4/srv/get_error.hpp
[55.708s] -- Installing: /home/user/dobot_ws/install/dobot_msgs_v4/include/dobot_msgs_v4/dobot_msgs_v4/srv/brake_control.hpp
[55.708s] -- Installing: /home/user/dobot_ws/install/dobot_msgs_v4/include/dobot_msgs_v4/dobot_msgs_v4/srv/set_fc_collision.hpp
[55.708s] -- Installing: /home/user/dobot_ws/install/dobot_msgs_v4/include/dobot_msgs_v4/dobot_msgs_v4/srv/set_tool485.hpp
[55.708s] -- Installing: /home/user/dobot_ws/install/dobot_msgs_v4/include/dobot_msgs_v4/dobot_msgs_v4/srv/acc_l.hpp
[55.708s] -- Installing: /home/user/dobot_ws/install/dobot_msgs_v4/include/dobot_msgs_v4/dobot_msgs_v4/srv/fc_off.hpp
[55.709s] -- Installing: /home/user/dobot_ws/install/dobot_msgs_v4/include/dobot_msgs_v4/dobot_msgs_v4/srv/tool_do.hpp
[55.709s] -- Installing: /home/user/dobot_ws/install/dobot_msgs_v4/include/dobot_msgs_v4/dobot_msgs_v4/srv/set_tool_mode.hpp
[55.709s] -- Installing: /home/user/dobot_ws/install/dobot_msgs_v4/include/dobot_msgs_v4/dobot_msgs_v4/srv/fc_set_force.hpp
[55.709s] -- Installing: /home/user/dobot_ws/install/dobot_msgs_v4/include/dobot_msgs_v4/dobot_msgs_v4/srv/set_user.hpp
[55.709s] -- Installing: /home/user/dobot_ws/install/dobot_msgs_v4/include/dobot_msgs_v4/dobot_msgs_v4/srv/get_ao.hpp
[55.709s] -- Installing: /home/user/dobot_ws/install/dobot_msgs_v4/include/dobot_msgs_v4/dobot_msgs_v4/srv/robot_mode.hpp
[55.709s] -- Installing: /home/user/dobot_ws/install/dobot_msgs_v4/include/dobot_msgs_v4/dobot_msgs_v4/srv/get_do_group_dec.hpp
[55.709s] -- Installing: /home/user/dobot_ws/install/dobot_msgs_v4/include/dobot_msgs_v4/dobot_msgs_v4/srv/calc_user.hpp
[55.709s] -- Installing: /home/user/dobot_ws/install/dobot_msgs_v4/include/dobot_msgs_v4/dobot_msgs_v4/srv/tcp_dashboard.hpp
[55.709s] -- Installing: /home/user/dobot_ws/install/dobot_msgs_v4/include/dobot_msgs_v4/dobot_msgs_v4/srv/emergency_stop.hpp
[55.709s] -- Installing: /home/user/dobot_ws/install/dobot_msgs_v4/include/dobot_msgs_v4/dobot_msgs_v4/srv/get_input_float.hpp
[55.709s] -- Installing: /home/user/dobot_ws/install/dobot_msgs_v4/include/dobot_msgs_v4/dobot_msgs_v4/srv/fc_set_force_speed_limit.hpp
[55.710s] -- Installing: /home/user/dobot_ws/install/dobot_msgs_v4/include/dobot_msgs_v4/dobot_msgs_v4/srv/tool.hpp
[55.710s] -- Installing: /home/user/dobot_ws/install/dobot_msgs_v4/include/dobot_msgs_v4/dobot_msgs_v4/srv/drag_sensivity.hpp
[55.710s] -- Installing: /home/user/dobot_ws/install/dobot_msgs_v4/include/dobot_msgs_v4/dobot_msgs_v4/srv/get_coils.hpp
[55.710s] -- Installing: /home/user/dobot_ws/install/dobot_msgs_v4/include/dobot_msgs_v4/dobot_msgs_v4/srv/get_in_regs.hpp
[55.710s] -- Installing: /home/user/dobot_ws/install/dobot_msgs_v4/include/dobot_msgs_v4/dobot_msgs_v4/srv/get_current_command_id.hpp
[55.710s] -- Installing: /home/user/dobot_ws/install/dobot_msgs_v4/include/dobot_msgs_v4/dobot_msgs_v4/srv/set_collision_level.hpp
[55.710s] -- Installing: /home/user/dobot_ws/install/dobot_msgs_v4/include/dobot_msgs_v4/dobot_msgs_v4/srv/set_payload.hpp
[55.710s] -- Installing: /home/user/dobot_ws/install/dobot_msgs_v4/include/dobot_msgs_v4/dobot_msgs_v4/srv/cp.hpp
[55.710s] -- Installing: /home/user/dobot_ws/install/dobot_msgs_v4/include/dobot_msgs_v4/dobot_msgs_v4/srv/set_safe_wall_enable.hpp
[55.710s] -- Installing: /home/user/dobot_ws/install/dobot_msgs_v4/include/dobot_msgs_v4/dobot_msgs_v4/srv/end_rt_offset.hpp
[55.710s] -- Installing: /home/user/dobot_ws/install/dobot_msgs_v4/include/dobot_msgs_v4/dobot_msgs_v4/srv/run_to.hpp
[55.711s] -- Installing: /home/user/dobot_ws/install/dobot_msgs_v4/include/dobot_msgs_v4/dobot_msgs_v4/srv/set_post_collision_mode.hpp
[55.711s] -- Installing: /home/user/dobot_ws/install/dobot_msgs_v4/include/dobot_msgs_v4/dobot_msgs_v4/srv/get_error_id.hpp
[55.711s] -- Up-to-date: /home/user/dobot_ws/install/dobot_msgs_v4/include/dobot_msgs_v4/dobot_msgs_v4/srv/detail
[55.711s] -- Installing: /home/user/dobot_ws/install/dobot_msgs_v4/include/dobot_msgs_v4/dobot_msgs_v4/srv/detail/acc_l__builder.hpp
[55.711s] -- Installing: /home/user/dobot_ws/install/dobot_msgs_v4/include/dobot_msgs_v4/dobot_msgs_v4/srv/detail/fc_force_mode__traits.hpp
[55.711s] -- Installing: /home/user/dobot_ws/install/dobot_msgs_v4/include/dobot_msgs_v4/dobot_msgs_v4/srv/detail/set_safe_wall_enable__struct.hpp
[55.711s] -- Installing: /home/user/dobot_ws/install/dobot_msgs_v4/include/dobot_msgs_v4/dobot_msgs_v4/srv/detail/di__type_support.hpp
[55.711s] -- Installing: /home/user/dobot_ws/install/dobot_msgs_v4/include/dobot_msgs_v4/dobot_msgs_v4/srv/detail/set_coils__builder.hpp
[55.711s] -- Installing: /home/user/dobot_ws/install/dobot_msgs_v4/include/dobot_msgs_v4/dobot_msgs_v4/srv/detail/stop__traits.hpp
[55.712s] -- Installing: /home/user/dobot_ws/install/dobot_msgs_v4/include/dobot_msgs_v4/dobot_msgs_v4/srv/detail/get_input_int__type_support.hpp
[55.712s] -- Installing: /home/user/dobot_ws/install/dobot_msgs_v4/include/dobot_msgs_v4/dobot_msgs_v4/srv/detail/fc_set_stiffness__type_support.hpp
[55.712s] -- Installing: /home/user/dobot_ws/install/dobot_msgs_v4/include/dobot_msgs_v4/dobot_msgs_v4/srv/detail/circle__builder.hpp
[55.712s] -- Installing: /home/user/dobot_ws/install/dobot_msgs_v4/include/dobot_msgs_v4/dobot_msgs_v4/srv/detail/pause__type_support.hpp
[55.712s] -- Installing: /home/user/dobot_ws/install/dobot_msgs_v4/include/dobot_msgs_v4/dobot_msgs_v4/srv/detail/stop_drag__builder.hpp
[55.712s] -- Installing: /home/user/dobot_ws/install/dobot_msgs_v4/include/dobot_msgs_v4/dobot_msgs_v4/srv/detail/set_safe_wall_enable__builder.hpp
[55.712s] -- Installing: /home/user/dobot_ws/install/dobot_msgs_v4/include/dobot_msgs_v4/dobot_msgs_v4/srv/detail/enable_safe_skin__type_support.hpp
[55.712s] -- Installing: /home/user/dobot_ws/install/dobot_msgs_v4/include/dobot_msgs_v4/dobot_msgs_v4/srv/detail/get_ao__type_support.hpp
[55.712s] -- Installing: /home/user/dobot_ws/install/dobot_msgs_v4/include/dobot_msgs_v4/dobot_msgs_v4/srv/detail/check_odd_mov_l__type_support.hpp
[55.712s] -- Installing: /home/user/dobot_ws/install/dobot_msgs_v4/include/dobot_msgs_v4/dobot_msgs_v4/srv/detail/modbus_rtu_create__type_support.hpp
[55.712s] -- Installing: /home/user/dobot_ws/install/dobot_msgs_v4/include/dobot_msgs_v4/dobot_msgs_v4/srv/detail/set_back_distance__traits.hpp
[55.712s] -- Installing: /home/user/dobot_ws/install/dobot_msgs_v4/include/dobot_msgs_v4/dobot_msgs_v4/srv/detail/power_on__traits.hpp
[55.712s] -- Installing: /home/user/dobot_ws/install/dobot_msgs_v4/include/dobot_msgs_v4/dobot_msgs_v4/srv/detail/tcp_dashboard__builder.hpp
[55.713s] -- Installing: /home/user/dobot_ws/install/dobot_msgs_v4/include/dobot_msgs_v4/dobot_msgs_v4/srv/detail/set_tool485__struct.hpp
[55.713s] -- Installing: /home/user/dobot_ws/install/dobot_msgs_v4/include/dobot_msgs_v4/dobot_msgs_v4/srv/detail/get_input_int__struct.hpp
[55.713s] -- Installing: /home/user/dobot_ws/install/dobot_msgs_v4/include/dobot_msgs_v4/dobot_msgs_v4/srv/detail/tool__type_support.hpp
[55.713s] -- Installing: /home/user/dobot_ws/install/dobot_msgs_v4/include/dobot_msgs_v4/dobot_msgs_v4/srv/detail/clear_error__builder.hpp
[55.713s] -- Installing: /home/user/dobot_ws/install/dobot_msgs_v4/include/dobot_msgs_v4/dobot_msgs_v4/srv/detail/tcp_dashboard__struct.hpp
[55.713s] -- Installing: /home/user/dobot_ws/install/dobot_msgs_v4/include/dobot_msgs_v4/dobot_msgs_v4/srv/detail/calc_tool__builder.hpp
[55.713s] -- Installing: /home/user/dobot_ws/install/dobot_msgs_v4/include/dobot_msgs_v4/dobot_msgs_v4/srv/detail/set_hold_regs__struct.hpp
[55.713s] -- Installing: /home/user/dobot_ws/install/dobot_msgs_v4/include/dobot_msgs_v4/dobot_msgs_v4/srv/detail/set_tool_power__type_support.hpp
[55.713s] -- Installing: /home/user/dobot_ws/install/dobot_msgs_v4/include/dobot_msgs_v4/dobot_msgs_v4/srv/detail/brake_control__type_support.hpp
[55.713s] -- Installing: /home/user/dobot_ws/install/dobot_msgs_v4/include/dobot_msgs_v4/dobot_msgs_v4/srv/detail/get_input_int__traits.hpp
[55.713s] -- Installing: /home/user/dobot_ws/install/dobot_msgs_v4/include/dobot_msgs_v4/dobot_msgs_v4/srv/detail/servo_p__struct.hpp
[55.714s] -- Installing: /home/user/dobot_ws/install/dobot_msgs_v4/include/dobot_msgs_v4/dobot_msgs_v4/srv/detail/di__builder.hpp
[55.714s] -- Installing: /home/user/dobot_ws/install/dobot_msgs_v4/include/dobot_msgs_v4/dobot_msgs_v4/srv/detail/fc_set_deviation__traits.hpp
[55.714s] -- Installing: /home/user/dobot_ws/install/dobot_msgs_v4/include/dobot_msgs_v4/dobot_msgs_v4/srv/detail/rel_mov_l_user__traits.hpp
[55.714s] -- Installing: /home/user/dobot_ws/install/dobot_msgs_v4/include/dobot_msgs_v4/dobot_msgs_v4/srv/detail/get_in_regs__type_support.hpp
[55.714s] -- Installing: /home/user/dobot_ws/install/dobot_msgs_v4/include/dobot_msgs_v4/dobot_msgs_v4/srv/detail/set_collision_level__builder.hpp
[55.714s] -- Installing: /home/user/dobot_ws/install/dobot_msgs_v4/include/dobot_msgs_v4/dobot_msgs_v4/srv/detail/get_do_group_dec__type_support.hpp
[55.714s] -- Installing: /home/user/dobot_ws/install/dobot_msgs_v4/include/dobot_msgs_v4/dobot_msgs_v4/srv/detail/set_output_bool__type_support.hpp
[55.714s] -- Installing: /home/user/dobot_ws/install/dobot_msgs_v4/include/dobot_msgs_v4/dobot_msgs_v4/srv/detail/tool_ai__type_support.hpp
[55.714s] -- Installing: /home/user/dobot_ws/install/dobot_msgs_v4/include/dobot_msgs_v4/dobot_msgs_v4/srv/detail/get_error__traits.hpp
[55.714s] -- Installing: /home/user/dobot_ws/install/dobot_msgs_v4/include/dobot_msgs_v4/dobot_msgs_v4/srv/detail/disable_robot__struct.hpp
[55.714s] -- Installing: /home/user/dobot_ws/install/dobot_msgs_v4/include/dobot_msgs_v4/dobot_msgs_v4/srv/detail/do_group_dec__traits.hpp
[55.715s] -- Installing: /home/user/dobot_ws/install/dobot_msgs_v4/include/dobot_msgs_v4/dobot_msgs_v4/srv/detail/set_output_int__traits.hpp
[55.715s] -- Installing: /home/user/dobot_ws/install/dobot_msgs_v4/include/dobot_msgs_v4/dobot_msgs_v4/srv/detail/set_hold_regs__type_support.hpp
[55.715s] -- Installing: /home/user/dobot_ws/install/dobot_msgs_v4/include/dobot_msgs_v4/dobot_msgs_v4/srv/detail/fc_off__builder.hpp
[55.715s] -- Installing: /home/user/dobot_ws/install/dobot_msgs_v4/include/dobot_msgs_v4/dobot_msgs_v4/srv/detail/robot_mode__struct.hpp
[55.715s] -- Installing: /home/user/dobot_ws/install/dobot_msgs_v4/include/dobot_msgs_v4/dobot_msgs_v4/srv/detail/robot_mode__builder.hpp
[55.715s] -- Installing: /home/user/dobot_ws/install/dobot_msgs_v4/include/dobot_msgs_v4/dobot_msgs_v4/srv/detail/reset_robot__traits.hpp
[55.715s] -- Installing: /home/user/dobot_ws/install/dobot_msgs_v4/include/dobot_msgs_v4/dobot_msgs_v4/srv/detail/fc_set_damping__type_support.hpp
[55.715s] -- Installing: /home/user/dobot_ws/install/dobot_msgs_v4/include/dobot_msgs_v4/dobot_msgs_v4/srv/detail/get_pose__builder.hpp
[55.715s] -- Installing: /home/user/dobot_ws/install/dobot_msgs_v4/include/dobot_msgs_v4/dobot_msgs_v4/srv/detail/get_start_pose__builder.hpp
[55.715s] -- Installing: /home/user/dobot_ws/install/dobot_msgs_v4/include/dobot_msgs_v4/dobot_msgs_v4/srv/detail/ao__traits.hpp
[55.715s] -- Installing: /home/user/dobot_ws/install/dobot_msgs_v4/include/dobot_msgs_v4/dobot_msgs_v4/srv/detail/rel_joint_mov_j__traits.hpp
[55.715s] -- Installing: /home/user/dobot_ws/install/dobot_msgs_v4/include/dobot_msgs_v4/dobot_msgs_v4/srv/detail/cp__struct.hpp
[55.716s] -- Installing: /home/user/dobot_ws/install/dobot_msgs_v4/include/dobot_msgs_v4/dobot_msgs_v4/srv/detail/calc_tool__struct.hpp
[55.716s] -- Installing: /home/user/dobot_ws/install/dobot_msgs_v4/include/dobot_msgs_v4/dobot_msgs_v4/srv/detail/get_output_bool__type_support.hpp
[55.716s] -- Installing: /home/user/dobot_ws/install/dobot_msgs_v4/include/dobot_msgs_v4/dobot_msgs_v4/srv/detail/acc_l__traits.hpp
[55.716s] -- Installing: /home/user/dobot_ws/install/dobot_msgs_v4/include/dobot_msgs_v4/dobot_msgs_v4/srv/detail/vel_j__type_support.hpp
[55.716s] -- Installing: /home/user/dobot_ws/install/dobot_msgs_v4/include/dobot_msgs_v4/dobot_msgs_v4/srv/detail/check_odd_mov_j__struct.hpp
[55.716s] -- Installing: /home/user/dobot_ws/install/dobot_msgs_v4/include/dobot_msgs_v4/dobot_msgs_v4/srv/detail/mov_l__type_support.hpp
[55.716s] -- Installing: /home/user/dobot_ws/install/dobot_msgs_v4/include/dobot_msgs_v4/dobot_msgs_v4/srv/detail/mov_j__traits.hpp
[55.716s] -- Installing: /home/user/dobot_ws/install/dobot_msgs_v4/include/dobot_msgs_v4/dobot_msgs_v4/srv/detail/stop_drag__type_support.hpp
[55.716s] -- Installing: /home/user/dobot_ws/install/dobot_msgs_v4/include/dobot_msgs_v4/dobot_msgs_v4/srv/detail/get_do__type_support.hpp
[55.716s] -- Installing: /home/user/dobot_ws/install/dobot_msgs_v4/include/dobot_msgs_v4/dobot_msgs_v4/srv/detail/get_tool_do__struct.hpp
[55.717s] -- Installing: /home/user/dobot_ws/install/dobot_msgs_v4/include/dobot_msgs_v4/dobot_msgs_v4/srv/detail/cp__builder.hpp
[55.717s] -- Installing: /home/user/dobot_ws/install/dobot_msgs_v4/include/dobot_msgs_v4/dobot_msgs_v4/srv/detail/pause__builder.hpp
[55.717s] -- Installing: /home/user/dobot_ws/install/dobot_msgs_v4/include/dobot_msgs_v4/dobot_msgs_v4/srv/detail/mov_lio__traits.hpp
[55.717s] -- Installing: /home/user/dobot_ws/install/dobot_msgs_v4/include/dobot_msgs_v4/dobot_msgs_v4/srv/detail/request_control__struct.hpp
[55.717s] -- Installing: /home/user/dobot_ws/install/dobot_msgs_v4/include/dobot_msgs_v4/dobot_msgs_v4/srv/detail/tool__struct.hpp
[55.717s] -- Installing: /home/user/dobot_ws/install/dobot_msgs_v4/include/dobot_msgs_v4/dobot_msgs_v4/srv/detail/fc_set_force__struct.hpp
[55.717s] -- Installing: /home/user/dobot_ws/install/dobot_msgs_v4/include/dobot_msgs_v4/dobot_msgs_v4/srv/detail/inverse_solution__builder.hpp
[55.717s] -- Installing: /home/user/dobot_ws/install/dobot_msgs_v4/include/dobot_msgs_v4/dobot_msgs_v4/srv/detail/fc_set_force__builder.hpp
[55.717s] -- Installing: /home/user/dobot_ws/install/dobot_msgs_v4/include/dobot_msgs_v4/dobot_msgs_v4/srv/detail/tcp_dashboard__traits.hpp
[55.717s] -- Installing: /home/user/dobot_ws/install/dobot_msgs_v4/include/dobot_msgs_v4/dobot_msgs_v4/srv/detail/cp__type_support.hpp
[55.717s] -- Installing: /home/user/dobot_ws/install/dobot_msgs_v4/include/dobot_msgs_v4/dobot_msgs_v4/srv/detail/get_input_float__traits.hpp
[55.718s] -- Installing: /home/user/dobot_ws/install/dobot_msgs_v4/include/dobot_msgs_v4/dobot_msgs_v4/srv/detail/move_jog__builder.hpp
[55.718s] -- Installing: /home/user/dobot_ws/install/dobot_msgs_v4/include/dobot_msgs_v4/dobot_msgs_v4/srv/detail/fc_force_mode__struct.hpp
[55.718s] -- Installing: /home/user/dobot_ws/install/dobot_msgs_v4/include/dobot_msgs_v4/dobot_msgs_v4/srv/detail/modbus_rtu_create__builder.hpp
[55.718s] -- Installing: /home/user/dobot_ws/install/dobot_msgs_v4/include/dobot_msgs_v4/dobot_msgs_v4/srv/detail/arc__struct.hpp
[55.718s] -- Installing: /home/user/dobot_ws/install/dobot_msgs_v4/include/dobot_msgs_v4/dobot_msgs_v4/srv/detail/set_tool__traits.hpp
[55.718s] -- Installing: /home/user/dobot_ws/install/dobot_msgs_v4/include/dobot_msgs_v4/dobot_msgs_v4/srv/detail/circle__traits.hpp
[55.718s] -- Installing: /home/user/dobot_ws/install/dobot_msgs_v4/include/dobot_msgs_v4/dobot_msgs_v4/srv/detail/rel_mov_j_tool__type_support.hpp
[55.718s] -- Installing: /home/user/dobot_ws/install/dobot_msgs_v4/include/dobot_msgs_v4/dobot_msgs_v4/srv/detail/calc_user__type_support.hpp
[55.718s] -- Installing: /home/user/dobot_ws/install/dobot_msgs_v4/include/dobot_msgs_v4/dobot_msgs_v4/srv/detail/inverse_kin__struct.hpp
[55.719s] -- Installing: /home/user/dobot_ws/install/dobot_msgs_v4/include/dobot_msgs_v4/dobot_msgs_v4/srv/detail/fc_set_mass__type_support.hpp
[55.719s] -- Installing: /home/user/dobot_ws/install/dobot_msgs_v4/include/dobot_msgs_v4/dobot_msgs_v4/srv/detail/get_error__builder.hpp
[55.719s] -- Installing: /home/user/dobot_ws/install/dobot_msgs_v4/include/dobot_msgs_v4/dobot_msgs_v4/srv/detail/get_tool_do__builder.hpp
[55.719s] -- Installing: /home/user/dobot_ws/install/dobot_msgs_v4/include/dobot_msgs_v4/dobot_msgs_v4/srv/detail/get_force__struct.hpp
[55.719s] -- Installing: /home/user/dobot_ws/install/dobot_msgs_v4/include/dobot_msgs_v4/dobot_msgs_v4/srv/detail/run_to__traits.hpp
[55.719s] -- Installing: /home/user/dobot_ws/install/dobot_msgs_v4/include/dobot_msgs_v4/dobot_msgs_v4/srv/detail/fc_collision_switch__type_support.hpp
[55.719s] -- Installing: /home/user/dobot_ws/install/dobot_msgs_v4/include/dobot_msgs_v4/dobot_msgs_v4/srv/detail/fc_set_damping__struct.hpp
[55.719s] -- Installing: /home/user/dobot_ws/install/dobot_msgs_v4/include/dobot_msgs_v4/dobot_msgs_v4/srv/detail/set_output_int__builder.hpp
[55.719s] -- Installing: /home/user/dobot_ws/install/dobot_msgs_v4/include/dobot_msgs_v4/dobot_msgs_v4/srv/detail/get_current_command_id__builder.hpp
[55.719s] -- Installing: /home/user/dobot_ws/install/dobot_msgs_v4/include/dobot_msgs_v4/dobot_msgs_v4/srv/detail/get_error_id__builder.hpp
[55.719s] -- Installing: /home/user/dobot_ws/install/dobot_msgs_v4/include/dobot_msgs_v4/dobot_msgs_v4/srv/detail/set_fc_collision__struct.hpp
[55.719s] -- Installing: /home/user/dobot_ws/install/dobot_msgs_v4/include/dobot_msgs_v4/dobot_msgs_v4/srv/detail/acc_l__type_support.hpp
[55.720s] -- Installing: /home/user/dobot_ws/install/dobot_msgs_v4/include/dobot_msgs_v4/dobot_msgs_v4/srv/detail/get_in_bits__type_support.hpp
[55.720s] -- Installing: /home/user/dobot_ws/install/dobot_msgs_v4/include/dobot_msgs_v4/dobot_msgs_v4/srv/detail/tcp_dashboard__type_support.hpp
[55.720s] -- Installing: /home/user/dobot_ws/install/dobot_msgs_v4/include/dobot_msgs_v4/dobot_msgs_v4/srv/detail/set_fc_collision__traits.hpp
[55.720s] -- Installing: /home/user/dobot_ws/install/dobot_msgs_v4/include/dobot_msgs_v4/dobot_msgs_v4/srv/detail/get_output_float__traits.hpp
[55.720s] -- Installing: /home/user/dobot_ws/install/dobot_msgs_v4/include/dobot_msgs_v4/dobot_msgs_v4/srv/detail/do_instant__traits.hpp
[55.720s] -- Installing: /home/user/dobot_ws/install/dobot_msgs_v4/include/dobot_msgs_v4/dobot_msgs_v4/srv/detail/rel_mov_j_tool__builder.hpp
[55.720s] -- Installing: /home/user/dobot_ws/install/dobot_msgs_v4/include/dobot_msgs_v4/dobot_msgs_v4/srv/detail/get_pose__traits.hpp
[55.720s] -- Installing: /home/user/dobot_ws/install/dobot_msgs_v4/include/dobot_msgs_v4/dobot_msgs_v4/srv/detail/get_input_float__builder.hpp
[55.720s] -- Installing: /home/user/dobot_ws/install/dobot_msgs_v4/include/dobot_msgs_v4/dobot_msgs_v4/srv/detail/start_path__type_support.hpp
[55.720s] -- Installing: /home/user/dobot_ws/install/dobot_msgs_v4/include/dobot_msgs_v4/dobot_msgs_v4/srv/detail/di_group__type_support.hpp
[55.721s] -- Installing: /home/user/dobot_ws/install/dobot_msgs_v4/include/dobot_msgs_v4/dobot_msgs_v4/srv/detail/fc_set_force__type_support.hpp
[55.721s] -- Installing: /home/user/dobot_ws/install/dobot_msgs_v4/include/dobot_msgs_v4/dobot_msgs_v4/srv/detail/set_safe_skin__type_support.hpp
[55.721s] -- Installing: /home/user/dobot_ws/install/dobot_msgs_v4/include/dobot_msgs_v4/dobot_msgs_v4/srv/detail/speed_factor__struct.hpp
[55.721s] -- Installing: /home/user/dobot_ws/install/dobot_msgs_v4/include/dobot_msgs_v4/dobot_msgs_v4/srv/detail/set_user__builder.hpp
[55.721s] -- Installing: /home/user/dobot_ws/install/dobot_msgs_v4/include/dobot_msgs_v4/dobot_msgs_v4/srv/detail/set_tool__struct.hpp
[55.721s] -- Installing: /home/user/dobot_ws/install/dobot_msgs_v4/include/dobot_msgs_v4/dobot_msgs_v4/srv/detail/set_post_collision_mode__type_support.hpp
[55.721s] -- Installing: /home/user/dobot_ws/install/dobot_msgs_v4/include/dobot_msgs_v4/dobot_msgs_v4/srv/detail/inverse_kin__builder.hpp
[55.721s] -- Installing: /home/user/dobot_ws/install/dobot_msgs_v4/include/dobot_msgs_v4/dobot_msgs_v4/srv/detail/do_instant__builder.hpp
[55.721s] -- Installing: /home/user/dobot_ws/install/dobot_msgs_v4/include/dobot_msgs_v4/dobot_msgs_v4/srv/detail/tool_do_instant__struct.hpp
[55.721s] -- Installing: /home/user/dobot_ws/install/dobot_msgs_v4/include/dobot_msgs_v4/dobot_msgs_v4/srv/detail/fc_off__struct.hpp
[55.721s] -- Installing: /home/user/dobot_ws/install/dobot_msgs_v4/include/dobot_msgs_v4/dobot_msgs_v4/srv/detail/run_script__builder.hpp
[55.721s] -- Installing: /home/user/dobot_ws/install/dobot_msgs_v4/include/dobot_msgs_v4/dobot_msgs_v4/srv/detail/check_odd_mov_j__builder.hpp
[55.722s] -- Installing: /home/user/dobot_ws/install/dobot_msgs_v4/include/dobot_msgs_v4/dobot_msgs_v4/srv/detail/vel_l__traits.hpp
[55.722s] -- Installing: /home/user/dobot_ws/install/dobot_msgs_v4/include/dobot_msgs_v4/dobot_msgs_v4/srv/detail/cp__traits.hpp
[55.722s] -- Installing: /home/user/dobot_ws/install/dobot_msgs_v4/include/dobot_msgs_v4/dobot_msgs_v4/srv/detail/get_do_group__struct.hpp
[55.722s] -- Installing: /home/user/dobot_ws/install/dobot_msgs_v4/include/dobot_msgs_v4/dobot_msgs_v4/srv/detail/fc_collision_switch__struct.hpp
[55.722s] -- Installing: /home/user/dobot_ws/install/dobot_msgs_v4/include/dobot_msgs_v4/dobot_msgs_v4/srv/detail/vel_l__builder.hpp
[55.722s] -- Installing: /home/user/dobot_ws/install/dobot_msgs_v4/include/dobot_msgs_v4/dobot_msgs_v4/srv/detail/get_output_int__struct.hpp
[55.722s] -- Installing: /home/user/dobot_ws/install/dobot_msgs_v4/include/dobot_msgs_v4/dobot_msgs_v4/srv/detail/set_safe_skin__struct.hpp
[55.722s] -- Installing: /home/user/dobot_ws/install/dobot_msgs_v4/include/dobot_msgs_v4/dobot_msgs_v4/srv/detail/tool_do_instant__type_support.hpp
[55.722s] -- Installing: /home/user/dobot_ws/install/dobot_msgs_v4/include/dobot_msgs_v4/dobot_msgs_v4/srv/detail/get_force__type_support.hpp
[55.722s] -- Installing: /home/user/dobot_ws/install/dobot_msgs_v4/include/dobot_msgs_v4/dobot_msgs_v4/srv/detail/continue__type_support.hpp
[55.722s] -- Installing: /home/user/dobot_ws/install/dobot_msgs_v4/include/dobot_msgs_v4/dobot_msgs_v4/srv/detail/ai__type_support.hpp
[55.723s] -- Installing: /home/user/dobot_ws/install/dobot_msgs_v4/include/dobot_msgs_v4/dobot_msgs_v4/srv/detail/servo_p__traits.hpp
[55.723s] -- Installing: /home/user/dobot_ws/install/dobot_msgs_v4/include/dobot_msgs_v4/dobot_msgs_v4/srv/detail/set_back_distance__type_support.hpp
[55.723s] -- Installing: /home/user/dobot_ws/install/dobot_msgs_v4/include/dobot_msgs_v4/dobot_msgs_v4/srv/detail/tool_do__builder.hpp
[55.723s] -- Installing: /home/user/dobot_ws/install/dobot_msgs_v4/include/dobot_msgs_v4/dobot_msgs_v4/srv/detail/set_output_bool__struct.hpp
[55.723s] -- Installing: /home/user/dobot_ws/install/dobot_msgs_v4/include/dobot_msgs_v4/dobot_msgs_v4/srv/detail/continue__builder.hpp
[55.723s] -- Installing: /home/user/dobot_ws/install/dobot_msgs_v4/include/dobot_msgs_v4/dobot_msgs_v4/srv/detail/get_do__traits.hpp
[55.723s] -- Installing: /home/user/dobot_ws/install/dobot_msgs_v4/include/dobot_msgs_v4/dobot_msgs_v4/srv/detail/move_jog__traits.hpp
[55.723s] -- Installing: /home/user/dobot_ws/install/dobot_msgs_v4/include/dobot_msgs_v4/dobot_msgs_v4/srv/detail/set_back_distance__struct.hpp
[55.723s] -- Installing: /home/user/dobot_ws/install/dobot_msgs_v4/include/dobot_msgs_v4/dobot_msgs_v4/srv/detail/continue__struct.hpp
[55.723s] -- Installing: /home/user/dobot_ws/install/dobot_msgs_v4/include/dobot_msgs_v4/dobot_msgs_v4/srv/detail/get_angle__struct.hpp
[55.723s] -- Installing: /home/user/dobot_ws/install/dobot_msgs_v4/include/dobot_msgs_v4/dobot_msgs_v4/srv/detail/set_output_bool__builder.hpp
[55.724s] -- Installing: /home/user/dobot_ws/install/dobot_msgs_v4/include/dobot_msgs_v4/dobot_msgs_v4/srv/detail/set_tool_mode__struct.hpp
[55.724s] -- Installing: /home/user/dobot_ws/install/dobot_msgs_v4/include/dobot_msgs_v4/dobot_msgs_v4/srv/detail/request_control__builder.hpp
[55.724s] -- Installing: /home/user/dobot_ws/install/dobot_msgs_v4/include/dobot_msgs_v4/dobot_msgs_v4/srv/detail/set_tool_power__builder.hpp
[55.724s] -- Installing: /home/user/dobot_ws/install/dobot_msgs_v4/include/dobot_msgs_v4/dobot_msgs_v4/srv/detail/continue__traits.hpp
[55.724s] -- Installing: /home/user/dobot_ws/install/dobot_msgs_v4/include/dobot_msgs_v4/dobot_msgs_v4/srv/detail/modbus_close__traits.hpp
[55.724s] -- Installing: /home/user/dobot_ws/install/dobot_msgs_v4/include/dobot_msgs_v4/dobot_msgs_v4/srv/detail/get_do_group_dec__struct.hpp
[55.724s] -- Installing: /home/user/dobot_ws/install/dobot_msgs_v4/include/dobot_msgs_v4/dobot_msgs_v4/srv/detail/enable_ft_sensor__traits.hpp
[55.724s] -- Installing: /home/user/dobot_ws/install/dobot_msgs_v4/include/dobot_msgs_v4/dobot_msgs_v4/srv/detail/start_rt_offset__struct.hpp
[55.724s] -- Installing: /home/user/dobot_ws/install/dobot_msgs_v4/include/dobot_msgs_v4/dobot_msgs_v4/srv/detail/di__struct.hpp
[55.724s] -- Installing: /home/user/dobot_ws/install/dobot_msgs_v4/include/dobot_msgs_v4/dobot_msgs_v4/srv/detail/set_tool__builder.hpp
[55.724s] -- Installing: /home/user/dobot_ws/install/dobot_msgs_v4/include/dobot_msgs_v4/dobot_msgs_v4/srv/detail/set_safe_wall_enable__traits.hpp
[55.724s] -- Installing: /home/user/dobot_ws/install/dobot_msgs_v4/include/dobot_msgs_v4/dobot_msgs_v4/srv/detail/do_group__builder.hpp
[55.725s] -- Installing: /home/user/dobot_ws/install/dobot_msgs_v4/include/dobot_msgs_v4/dobot_msgs_v4/srv/detail/vel_j__struct.hpp
[55.725s] -- Installing: /home/user/dobot_ws/install/dobot_msgs_v4/include/dobot_msgs_v4/dobot_msgs_v4/srv/detail/tool_ai__struct.hpp
[55.725s] -- Installing: /home/user/dobot_ws/install/dobot_msgs_v4/include/dobot_msgs_v4/dobot_msgs_v4/srv/detail/force_drive_mode__struct.hpp
[55.725s] -- Installing: /home/user/dobot_ws/install/dobot_msgs_v4/include/dobot_msgs_v4/dobot_msgs_v4/srv/detail/set_coils__traits.hpp
[55.725s] -- Installing: /home/user/dobot_ws/install/dobot_msgs_v4/include/dobot_msgs_v4/dobot_msgs_v4/srv/detail/drag_sensivity__type_support.hpp
[55.725s] -- Installing: /home/user/dobot_ws/install/dobot_msgs_v4/include/dobot_msgs_v4/dobot_msgs_v4/srv/detail/set_coils__type_support.hpp
[55.725s] -- Installing: /home/user/dobot_ws/install/dobot_msgs_v4/include/dobot_msgs_v4/dobot_msgs_v4/srv/detail/get_in_regs__builder.hpp
[55.725s] -- Installing: /home/user/dobot_ws/install/dobot_msgs_v4/include/dobot_msgs_v4/dobot_msgs_v4/srv/detail/reset_robot__type_support.hpp
[55.725s] -- Installing: /home/user/dobot_ws/install/dobot_msgs_v4/include/dobot_msgs_v4/dobot_msgs_v4/srv/detail/get_pose__type_support.hpp
[55.725s] -- Installing: /home/user/dobot_ws/install/dobot_msgs_v4/include/dobot_msgs_v4/dobot_msgs_v4/srv/detail/get_output_int__traits.hpp
[55.726s] -- Installing: /home/user/dobot_ws/install/dobot_msgs_v4/include/dobot_msgs_v4/dobot_msgs_v4/srv/detail/modbus_create__type_support.hpp
[55.726s] -- Installing: /home/user/dobot_ws/install/dobot_msgs_v4/include/dobot_msgs_v4/dobot_msgs_v4/srv/detail/ao__struct.hpp
[55.726s] -- Installing: /home/user/dobot_ws/install/dobot_msgs_v4/include/dobot_msgs_v4/dobot_msgs_v4/srv/detail/servo_j__traits.hpp
[55.726s] -- Installing: /home/user/dobot_ws/install/dobot_msgs_v4/include/dobot_msgs_v4/dobot_msgs_v4/srv/detail/set_output_float__type_support.hpp
[55.726s] -- Installing: /home/user/dobot_ws/install/dobot_msgs_v4/include/dobot_msgs_v4/dobot_msgs_v4/srv/detail/mov_l__builder.hpp
[55.726s] -- Installing: /home/user/dobot_ws/install/dobot_msgs_v4/include/dobot_msgs_v4/dobot_msgs_v4/srv/detail/circle__type_support.hpp
[55.726s] -- Installing: /home/user/dobot_ws/install/dobot_msgs_v4/include/dobot_msgs_v4/dobot_msgs_v4/srv/detail/run_script__traits.hpp
[55.726s] -- Installing: /home/user/dobot_ws/install/dobot_msgs_v4/include/dobot_msgs_v4/dobot_msgs_v4/srv/detail/enable_robot__builder.hpp
[55.726s] -- Installing: /home/user/dobot_ws/install/dobot_msgs_v4/include/dobot_msgs_v4/dobot_msgs_v4/srv/detail/user__traits.hpp
[55.727s] -- Installing: /home/user/dobot_ws/install/dobot_msgs_v4/include/dobot_msgs_v4/dobot_msgs_v4/srv/detail/reset_robot__struct.hpp
[55.727s] -- Installing: /home/user/dobot_ws/install/dobot_msgs_v4/include/dobot_msgs_v4/dobot_msgs_v4/srv/detail/get_output_float__type_support.hpp
[55.727s] -- Installing: /home/user/dobot_ws/install/dobot_msgs_v4/include/dobot_msgs_v4/dobot_msgs_v4/srv/detail/get_do__struct.hpp
[55.727s] -- Installing: /home/user/dobot_ws/install/dobot_msgs_v4/include/dobot_msgs_v4/dobot_msgs_v4/srv/detail/get_current_command_id__struct.hpp
[55.727s] -- Installing: /home/user/dobot_ws/install/dobot_msgs_v4/include/dobot_msgs_v4/dobot_msgs_v4/srv/detail/arc__builder.hpp
[55.727s] -- Installing: /home/user/dobot_ws/install/dobot_msgs_v4/include/dobot_msgs_v4/dobot_msgs_v4/srv/detail/brake_control__struct.hpp
[55.727s] -- Installing: /home/user/dobot_ws/install/dobot_msgs_v4/include/dobot_msgs_v4/dobot_msgs_v4/srv/detail/enable_robot__traits.hpp
[55.727s] -- Installing: /home/user/dobot_ws/install/dobot_msgs_v4/include/dobot_msgs_v4/dobot_msgs_v4/srv/detail/rel_mov_j_user__struct.hpp
[55.727s] -- Installing: /home/user/dobot_ws/install/dobot_msgs_v4/include/dobot_msgs_v4/dobot_msgs_v4/srv/detail/tool_ai__traits.hpp
[55.727s] -- Installing: /home/user/dobot_ws/install/dobot_msgs_v4/include/dobot_msgs_v4/dobot_msgs_v4/srv/detail/get_coils__struct.hpp
[55.728s] -- Installing: /home/user/dobot_ws/install/dobot_msgs_v4/include/dobot_msgs_v4/dobot_msgs_v4/srv/detail/drag_sensivity__struct.hpp
[55.728s] -- Installing: /home/user/dobot_ws/install/dobot_msgs_v4/include/dobot_msgs_v4/dobot_msgs_v4/srv/detail/ai__traits.hpp
[55.728s] -- Installing: /home/user/dobot_ws/install/dobot_msgs_v4/include/dobot_msgs_v4/dobot_msgs_v4/srv/detail/fc_set_force_speed_limit__type_support.hpp
[55.728s] -- Installing: /home/user/dobot_ws/install/dobot_msgs_v4/include/dobot_msgs_v4/dobot_msgs_v4/srv/detail/set_payload__struct.hpp
[55.728s] -- Installing: /home/user/dobot_ws/install/dobot_msgs_v4/include/dobot_msgs_v4/dobot_msgs_v4/srv/detail/positive_kin__traits.hpp
[55.728s] -- Installing: /home/user/dobot_ws/install/dobot_msgs_v4/include/dobot_msgs_v4/dobot_msgs_v4/srv/detail/mov_jio__type_support.hpp
[55.728s] -- Installing: /home/user/dobot_ws/install/dobot_msgs_v4/include/dobot_msgs_v4/dobot_msgs_v4/srv/detail/end_rt_offset__traits.hpp
[55.728s] -- Installing: /home/user/dobot_ws/install/dobot_msgs_v4/include/dobot_msgs_v4/dobot_msgs_v4/srv/detail/start_path__struct.hpp
[55.728s] -- Installing: /home/user/dobot_ws/install/dobot_msgs_v4/include/dobot_msgs_v4/dobot_msgs_v4/srv/detail/six_force_home__type_support.hpp
[55.728s] -- Installing: /home/user/dobot_ws/install/dobot_msgs_v4/include/dobot_msgs_v4/dobot_msgs_v4/srv/detail/get_do_group__type_support.hpp
[55.729s] -- Installing: /home/user/dobot_ws/install/dobot_msgs_v4/include/dobot_msgs_v4/dobot_msgs_v4/srv/detail/do_group__struct.hpp
[55.729s] -- Installing: /home/user/dobot_ws/install/dobot_msgs_v4/include/dobot_msgs_v4/dobot_msgs_v4/srv/detail/set_coils__struct.hpp
[55.729s] -- Installing: /home/user/dobot_ws/install/dobot_msgs_v4/include/dobot_msgs_v4/dobot_msgs_v4/srv/detail/get_input_float__type_support.hpp
[55.729s] -- Installing: /home/user/dobot_ws/install/dobot_msgs_v4/include/dobot_msgs_v4/dobot_msgs_v4/srv/detail/mov_j__type_support.hpp
[55.729s] -- Installing: /home/user/dobot_ws/install/dobot_msgs_v4/include/dobot_msgs_v4/dobot_msgs_v4/srv/detail/set_payload__traits.hpp
[55.729s] -- Installing: /home/user/dobot_ws/install/dobot_msgs_v4/include/dobot_msgs_v4/dobot_msgs_v4/srv/detail/speed_factor__builder.hpp
[55.729s] -- Installing: /home/user/dobot_ws/install/dobot_msgs_v4/include/dobot_msgs_v4/dobot_msgs_v4/srv/detail/set_tool485__traits.hpp
[55.729s] -- Installing: /home/user/dobot_ws/install/dobot_msgs_v4/include/dobot_msgs_v4/dobot_msgs_v4/srv/detail/di_group__struct.hpp
[55.729s] -- Installing: /home/user/dobot_ws/install/dobot_msgs_v4/include/dobot_msgs_v4/dobot_msgs_v4/srv/detail/set_output_int__type_support.hpp
[55.729s] -- Installing: /home/user/dobot_ws/install/dobot_msgs_v4/include/dobot_msgs_v4/dobot_msgs_v4/srv/detail/get_in_regs__struct.hpp
[55.730s] -- Installing: /home/user/dobot_ws/install/dobot_msgs_v4/include/dobot_msgs_v4/dobot_msgs_v4/srv/detail/servo_j__struct.hpp
[55.730s] -- Installing: /home/user/dobot_ws/install/dobot_msgs_v4/include/dobot_msgs_v4/dobot_msgs_v4/srv/detail/run_to__builder.hpp
[55.730s] -- Installing: /home/user/dobot_ws/install/dobot_msgs_v4/include/dobot_msgs_v4/dobot_msgs_v4/srv/detail/set_output_int__struct.hpp
[55.730s] -- Installing: /home/user/dobot_ws/install/dobot_msgs_v4/include/dobot_msgs_v4/dobot_msgs_v4/srv/detail/stop_drag__struct.hpp
[55.730s] -- Installing: /home/user/dobot_ws/install/dobot_msgs_v4/include/dobot_msgs_v4/dobot_msgs_v4/srv/detail/get_coils__builder.hpp
[55.730s] -- Installing: /home/user/dobot_ws/install/dobot_msgs_v4/include/dobot_msgs_v4/dobot_msgs_v4/srv/detail/start_rt_offset__type_support.hpp
[55.730s] -- Installing: /home/user/dobot_ws/install/dobot_msgs_v4/include/dobot_msgs_v4/dobot_msgs_v4/srv/detail/start_drag__type_support.hpp
[55.730s] -- Installing: /home/user/dobot_ws/install/dobot_msgs_v4/include/dobot_msgs_v4/dobot_msgs_v4/srv/detail/tool__builder.hpp
[55.730s] -- Installing: /home/user/dobot_ws/install/dobot_msgs_v4/include/dobot_msgs_v4/dobot_msgs_v4/srv/detail/get_output_bool__traits.hpp
[55.730s] -- Installing: /home/user/dobot_ws/install/dobot_msgs_v4/include/dobot_msgs_v4/dobot_msgs_v4/srv/detail/force_drive_mode__traits.hpp
[55.730s] -- Installing: /home/user/dobot_ws/install/dobot_msgs_v4/include/dobot_msgs_v4/dobot_msgs_v4/srv/detail/start_drag__traits.hpp
[55.730s] -- Installing: /home/user/dobot_ws/install/dobot_msgs_v4/include/dobot_msgs_v4/dobot_msgs_v4/srv/detail/get_hold_regs__builder.hpp
[55.731s] -- Installing: /home/user/dobot_ws/install/dobot_msgs_v4/include/dobot_msgs_v4/dobot_msgs_v4/srv/detail/get_in_bits__builder.hpp
[55.731s] -- Installing: /home/user/dobot_ws/install/dobot_msgs_v4/include/dobot_msgs_v4/dobot_msgs_v4/srv/detail/modbus_close__struct.hpp
[55.731s] -- Installing: /home/user/dobot_ws/install/dobot_msgs_v4/include/dobot_msgs_v4/dobot_msgs_v4/srv/detail/disable_robot__traits.hpp
[55.731s] -- Installing: /home/user/dobot_ws/install/dobot_msgs_v4/include/dobot_msgs_v4/dobot_msgs_v4/srv/detail/drag_sensivity__traits.hpp
[55.731s] -- Installing: /home/user/dobot_ws/install/dobot_msgs_v4/include/dobot_msgs_v4/dobot_msgs_v4/srv/detail/set_user__struct.hpp
[55.731s] -- Installing: /home/user/dobot_ws/install/dobot_msgs_v4/include/dobot_msgs_v4/dobot_msgs_v4/srv/detail/emergency_stop__builder.hpp
[55.731s] -- Installing: /home/user/dobot_ws/install/dobot_msgs_v4/include/dobot_msgs_v4/dobot_msgs_v4/srv/detail/set_safe_skin__traits.hpp
[55.731s] -- Installing: /home/user/dobot_ws/install/dobot_msgs_v4/include/dobot_msgs_v4/dobot_msgs_v4/srv/detail/six_force_home__traits.hpp
[55.731s] -- Installing: /home/user/dobot_ws/install/dobot_msgs_v4/include/dobot_msgs_v4/dobot_msgs_v4/srv/detail/check_odd_mov_c__type_support.hpp
[55.731s] -- Installing: /home/user/dobot_ws/install/dobot_msgs_v4/include/dobot_msgs_v4/dobot_msgs_v4/srv/detail/get_ao__traits.hpp
[55.731s] -- Installing: /home/user/dobot_ws/install/dobot_msgs_v4/include/dobot_msgs_v4/dobot_msgs_v4/srv/detail/modbus_rtu_create__struct.hpp
[55.732s] -- Installing: /home/user/dobot_ws/install/dobot_msgs_v4/include/dobot_msgs_v4/dobot_msgs_v4/srv/detail/set_post_collision_mode__traits.hpp
[55.732s] -- Installing: /home/user/dobot_ws/install/dobot_msgs_v4/include/dobot_msgs_v4/dobot_msgs_v4/srv/detail/mov_l__struct.hpp
[55.732s] -- Installing: /home/user/dobot_ws/install/dobot_msgs_v4/include/dobot_msgs_v4/dobot_msgs_v4/srv/detail/vel_l__type_support.hpp
[55.732s] -- Installing: /home/user/dobot_ws/install/dobot_msgs_v4/include/dobot_msgs_v4/dobot_msgs_v4/srv/detail/get_in_bits__traits.hpp
[55.732s] -- Installing: /home/user/dobot_ws/install/dobot_msgs_v4/include/dobot_msgs_v4/dobot_msgs_v4/srv/detail/do__builder.hpp
[55.732s] -- Installing: /home/user/dobot_ws/install/dobot_msgs_v4/include/dobot_msgs_v4/dobot_msgs_v4/srv/detail/clear_error__struct.hpp
[55.732s] -- Installing: /home/user/dobot_ws/install/dobot_msgs_v4/include/dobot_msgs_v4/dobot_msgs_v4/srv/detail/get_hold_regs__type_support.hpp
[55.732s] -- Installing: /home/user/dobot_ws/install/dobot_msgs_v4/include/dobot_msgs_v4/dobot_msgs_v4/srv/detail/tool_do__type_support.hpp
[55.732s] -- Installing: /home/user/dobot_ws/install/dobot_msgs_v4/include/dobot_msgs_v4/dobot_msgs_v4/srv/detail/get_output_int__builder.hpp
[55.732s] -- Installing: /home/user/dobot_ws/install/dobot_msgs_v4/include/dobot_msgs_v4/dobot_msgs_v4/srv/detail/rel_mov_l_tool__builder.hpp
[55.732s] -- Installing: /home/user/dobot_ws/install/dobot_msgs_v4/include/dobot_msgs_v4/dobot_msgs_v4/srv/detail/force_drive_speed__struct.hpp
[55.733s] -- Installing: /home/user/dobot_ws/install/dobot_msgs_v4/include/dobot_msgs_v4/dobot_msgs_v4/srv/detail/end_rt_offset__type_support.hpp
[55.733s] -- Installing: /home/user/dobot_ws/install/dobot_msgs_v4/include/dobot_msgs_v4/dobot_msgs_v4/srv/detail/move_jog__struct.hpp
[55.733s] -- Installing: /home/user/dobot_ws/install/dobot_msgs_v4/include/dobot_msgs_v4/dobot_msgs_v4/srv/detail/force_drive_speed__type_support.hpp
[55.733s] -- Installing: /home/user/dobot_ws/install/dobot_msgs_v4/include/dobot_msgs_v4/dobot_msgs_v4/srv/detail/vel_j__builder.hpp
[55.733s] -- Installing: /home/user/dobot_ws/install/dobot_msgs_v4/include/dobot_msgs_v4/dobot_msgs_v4/srv/detail/set_tool_mode__builder.hpp
[55.733s] -- Installing: /home/user/dobot_ws/install/dobot_msgs_v4/include/dobot_msgs_v4/dobot_msgs_v4/srv/detail/do_instant__struct.hpp
[55.733s] -- Installing: /home/user/dobot_ws/install/dobot_msgs_v4/include/dobot_msgs_v4/dobot_msgs_v4/srv/detail/calc_tool__type_support.hpp
[55.733s] -- Installing: /home/user/dobot_ws/install/dobot_msgs_v4/include/dobot_msgs_v4/dobot_msgs_v4/srv/detail/get_error_id__type_support.hpp
[55.733s] -- Installing: /home/user/dobot_ws/install/dobot_msgs_v4/include/dobot_msgs_v4/dobot_msgs_v4/srv/detail/do__struct.hpp
[55.733s] -- Installing: /home/user/dobot_ws/install/dobot_msgs_v4/include/dobot_msgs_v4/dobot_msgs_v4/srv/detail/power_on__type_support.hpp
[55.733s] -- Installing: /home/user/dobot_ws/install/dobot_msgs_v4/include/dobot_msgs_v4/dobot_msgs_v4/srv/detail/move_jog__type_support.hpp
[55.733s] -- Installing: /home/user/dobot_ws/install/dobot_msgs_v4/include/dobot_msgs_v4/dobot_msgs_v4/srv/detail/set_tool_mode__traits.hpp
[55.734s] -- Installing: /home/user/dobot_ws/install/dobot_msgs_v4/include/dobot_msgs_v4/dobot_msgs_v4/srv/detail/get_ao__builder.hpp
[55.734s] -- Installing: /home/user/dobot_ws/install/dobot_msgs_v4/include/dobot_msgs_v4/dobot_msgs_v4/srv/detail/modbus_create__builder.hpp
[55.734s] -- Installing: /home/user/dobot_ws/install/dobot_msgs_v4/include/dobot_msgs_v4/dobot_msgs_v4/srv/detail/di__traits.hpp
[55.734s] -- Installing: /home/user/dobot_ws/install/dobot_msgs_v4/include/dobot_msgs_v4/dobot_msgs_v4/srv/detail/modbus_close__builder.hpp
[55.734s] -- Installing: /home/user/dobot_ws/install/dobot_msgs_v4/include/dobot_msgs_v4/dobot_msgs_v4/srv/detail/stop_move_jog__builder.hpp
[55.734s] -- Installing: /home/user/dobot_ws/install/dobot_msgs_v4/include/dobot_msgs_v4/dobot_msgs_v4/srv/detail/do_group__type_support.hpp
[55.734s] -- Installing: /home/user/dobot_ws/install/dobot_msgs_v4/include/dobot_msgs_v4/dobot_msgs_v4/srv/detail/set_post_collision_mode__struct.hpp
[55.734s] -- Installing: /home/user/dobot_ws/install/dobot_msgs_v4/include/dobot_msgs_v4/dobot_msgs_v4/srv/detail/rel_mov_l_user__type_support.hpp
[55.734s] -- Installing: /home/user/dobot_ws/install/dobot_msgs_v4/include/dobot_msgs_v4/dobot_msgs_v4/srv/detail/get_current_command_id__traits.hpp
[55.734s] -- Installing: /home/user/dobot_ws/install/dobot_msgs_v4/include/dobot_msgs_v4/dobot_msgs_v4/srv/detail/acc_j__struct.hpp
[55.734s] -- Installing: /home/user/dobot_ws/install/dobot_msgs_v4/include/dobot_msgs_v4/dobot_msgs_v4/srv/detail/fc_collision_switch__traits.hpp
[55.735s] -- Installing: /home/user/dobot_ws/install/dobot_msgs_v4/include/dobot_msgs_v4/dobot_msgs_v4/srv/detail/di_group__traits.hpp
[55.735s] -- Installing: /home/user/dobot_ws/install/dobot_msgs_v4/include/dobot_msgs_v4/dobot_msgs_v4/srv/detail/mov_j__builder.hpp
[55.735s] -- Installing: /home/user/dobot_ws/install/dobot_msgs_v4/include/dobot_msgs_v4/dobot_msgs_v4/srv/detail/set_safe_wall_enable__type_support.hpp
[55.735s] -- Installing: /home/user/dobot_ws/install/dobot_msgs_v4/include/dobot_msgs_v4/dobot_msgs_v4/srv/detail/tool_di__builder.hpp
[55.735s] -- Installing: /home/user/dobot_ws/install/dobot_msgs_v4/include/dobot_msgs_v4/dobot_msgs_v4/srv/detail/emergency_stop__struct.hpp
[55.735s] -- Installing: /home/user/dobot_ws/install/dobot_msgs_v4/include/dobot_msgs_v4/dobot_msgs_v4/srv/detail/modbus_create__traits.hpp
[55.735s] -- Installing: /home/user/dobot_ws/install/dobot_msgs_v4/include/dobot_msgs_v4/dobot_msgs_v4/srv/detail/rel_mov_l_tool__traits.hpp
[55.735s] -- Installing: /home/user/dobot_ws/install/dobot_msgs_v4/include/dobot_msgs_v4/dobot_msgs_v4/srv/detail/positive_kin__type_support.hpp
[55.735s] -- Installing: /home/user/dobot_ws/install/dobot_msgs_v4/include/dobot_msgs_v4/dobot_msgs_v4/srv/detail/fc_force_mode__builder.hpp
[55.735s] -- Installing: /home/user/dobot_ws/install/dobot_msgs_v4/include/dobot_msgs_v4/dobot_msgs_v4/srv/detail/get_do_group_dec__builder.hpp
[55.735s] -- Installing: /home/user/dobot_ws/install/dobot_msgs_v4/include/dobot_msgs_v4/dobot_msgs_v4/srv/detail/get_input_bool__struct.hpp
[55.736s] -- Installing: /home/user/dobot_ws/install/dobot_msgs_v4/include/dobot_msgs_v4/dobot_msgs_v4/srv/detail/get_tool_do__type_support.hpp
[55.736s] -- Installing: /home/user/dobot_ws/install/dobot_msgs_v4/include/dobot_msgs_v4/dobot_msgs_v4/srv/detail/start_path__builder.hpp
[55.736s] -- Installing: /home/user/dobot_ws/install/dobot_msgs_v4/include/dobot_msgs_v4/dobot_msgs_v4/srv/detail/start_rt_offset__traits.hpp
[55.736s] -- Installing: /home/user/dobot_ws/install/dobot_msgs_v4/include/dobot_msgs_v4/dobot_msgs_v4/srv/detail/check_odd_mov_c__builder.hpp
[55.736s] -- Installing: /home/user/dobot_ws/install/dobot_msgs_v4/include/dobot_msgs_v4/dobot_msgs_v4/srv/detail/acc_j__traits.hpp
[55.736s] -- Installing: /home/user/dobot_ws/install/dobot_msgs_v4/include/dobot_msgs_v4/dobot_msgs_v4/srv/detail/circle__struct.hpp
[55.736s] -- Installing: /home/user/dobot_ws/install/dobot_msgs_v4/include/dobot_msgs_v4/dobot_msgs_v4/srv/detail/get_angle__type_support.hpp
[55.736s] -- Installing: /home/user/dobot_ws/install/dobot_msgs_v4/include/dobot_msgs_v4/dobot_msgs_v4/srv/detail/clear_error__type_support.hpp
[55.736s] -- Installing: /home/user/dobot_ws/install/dobot_msgs_v4/include/dobot_msgs_v4/dobot_msgs_v4/srv/detail/inverse_solution__traits.hpp
[55.736s] -- Installing: /home/user/dobot_ws/install/dobot_msgs_v4/include/dobot_msgs_v4/dobot_msgs_v4/srv/detail/robot_mode__type_support.hpp
[55.736s] -- Installing: /home/user/dobot_ws/install/dobot_msgs_v4/include/dobot_msgs_v4/dobot_msgs_v4/srv/detail/start_drag__builder.hpp
[55.737s] -- Installing: /home/user/dobot_ws/install/dobot_msgs_v4/include/dobot_msgs_v4/dobot_msgs_v4/srv/detail/modbus_close__type_support.hpp
[55.737s] -- Installing: /home/user/dobot_ws/install/dobot_msgs_v4/include/dobot_msgs_v4/dobot_msgs_v4/srv/detail/set_user__traits.hpp
[55.737s] -- Installing: /home/user/dobot_ws/install/dobot_msgs_v4/include/dobot_msgs_v4/dobot_msgs_v4/srv/detail/end_rt_offset__builder.hpp
[55.737s] -- Installing: /home/user/dobot_ws/install/dobot_msgs_v4/include/dobot_msgs_v4/dobot_msgs_v4/srv/detail/emergency_stop__traits.hpp
[55.737s] -- Installing: /home/user/dobot_ws/install/dobot_msgs_v4/include/dobot_msgs_v4/dobot_msgs_v4/srv/detail/six_force_home__struct.hpp
[55.737s] -- Installing: /home/user/dobot_ws/install/dobot_msgs_v4/include/dobot_msgs_v4/dobot_msgs_v4/srv/detail/inverse_solution__struct.hpp
[55.737s] -- Installing: /home/user/dobot_ws/install/dobot_msgs_v4/include/dobot_msgs_v4/dobot_msgs_v4/srv/detail/tool_di__struct.hpp
[55.737s] -- Installing: /home/user/dobot_ws/install/dobot_msgs_v4/include/dobot_msgs_v4/dobot_msgs_v4/srv/detail/user__type_support.hpp
[55.737s] -- Installing: /home/user/dobot_ws/install/dobot_msgs_v4/include/dobot_msgs_v4/dobot_msgs_v4/srv/detail/arc__type_support.hpp
[55.738s] -- Installing: /home/user/dobot_ws/install/dobot_msgs_v4/include/dobot_msgs_v4/dobot_msgs_v4/srv/detail/set_output_float__builder.hpp
[55.738s] -- Installing: /home/user/dobot_ws/install/dobot_msgs_v4/include/dobot_msgs_v4/dobot_msgs_v4/srv/detail/set_fc_collision__builder.hpp
[55.738s] -- Installing: /home/user/dobot_ws/install/dobot_msgs_v4/include/dobot_msgs_v4/dobot_msgs_v4/srv/detail/rel_mov_l_user__builder.hpp
[55.738s] -- Installing: /home/user/dobot_ws/install/dobot_msgs_v4/include/dobot_msgs_v4/dobot_msgs_v4/srv/detail/mov_lio__builder.hpp
[55.738s] -- Installing: /home/user/dobot_ws/install/dobot_msgs_v4/include/dobot_msgs_v4/dobot_msgs_v4/srv/detail/servo_p__builder.hpp
[55.738s] -- Installing: /home/user/dobot_ws/install/dobot_msgs_v4/include/dobot_msgs_v4/dobot_msgs_v4/srv/detail/enable_ft_sensor__type_support.hpp
[55.738s] -- Installing: /home/user/dobot_ws/install/dobot_msgs_v4/include/dobot_msgs_v4/dobot_msgs_v4/srv/detail/user__builder.hpp
[55.738s] -- Installing: /home/user/dobot_ws/install/dobot_msgs_v4/include/dobot_msgs_v4/dobot_msgs_v4/srv/detail/inverse_solution__type_support.hpp
[55.738s] -- Installing: /home/user/dobot_ws/install/dobot_msgs_v4/include/dobot_msgs_v4/dobot_msgs_v4/srv/detail/get_pose__struct.hpp
[55.739s] -- Installing: /home/user/dobot_ws/install/dobot_msgs_v4/include/dobot_msgs_v4/dobot_msgs_v4/srv/detail/check_odd_mov_l__struct.hpp
[55.739s] -- Installing: /home/user/dobot_ws/install/dobot_msgs_v4/include/dobot_msgs_v4/dobot_msgs_v4/srv/detail/get_current_command_id__type_support.hpp
[55.739s] -- Installing: /home/user/dobot_ws/install/dobot_msgs_v4/include/dobot_msgs_v4/dobot_msgs_v4/srv/detail/mov_jio__struct.hpp
[55.739s] -- Installing: /home/user/dobot_ws/install/dobot_msgs_v4/include/dobot_msgs_v4/dobot_msgs_v4/srv/detail/fc_set_damping__traits.hpp
[55.739s] -- Installing: /home/user/dobot_ws/install/dobot_msgs_v4/include/dobot_msgs_v4/dobot_msgs_v4/srv/detail/set_payload__type_support.hpp
[55.739s] -- Installing: /home/user/dobot_ws/install/dobot_msgs_v4/include/dobot_msgs_v4/dobot_msgs_v4/srv/detail/rel_mov_j_user__traits.hpp
[55.739s] -- Installing: /home/user/dobot_ws/install/dobot_msgs_v4/include/dobot_msgs_v4/dobot_msgs_v4/srv/detail/tool_do__struct.hpp
[55.739s] -- Installing: /home/user/dobot_ws/install/dobot_msgs_v4/include/dobot_msgs_v4/dobot_msgs_v4/srv/detail/get_error__type_support.hpp
[55.739s] -- Installing: /home/user/dobot_ws/install/dobot_msgs_v4/include/dobot_msgs_v4/dobot_msgs_v4/srv/detail/get_angle__builder.hpp
[55.739s] -- Installing: /home/user/dobot_ws/install/dobot_msgs_v4/include/dobot_msgs_v4/dobot_msgs_v4/srv/detail/fc_set_damping__builder.hpp
[55.739s] -- Installing: /home/user/dobot_ws/install/dobot_msgs_v4/include/dobot_msgs_v4/dobot_msgs_v4/srv/detail/clear_error__traits.hpp
[55.739s] -- Installing: /home/user/dobot_ws/install/dobot_msgs_v4/include/dobot_msgs_v4/dobot_msgs_v4/srv/detail/ao_instant__type_support.hpp
[55.739s] -- Installing: /home/user/dobot_ws/install/dobot_msgs_v4/include/dobot_msgs_v4/dobot_msgs_v4/srv/detail/fc_set_force_limit__traits.hpp
[55.740s] -- Installing: /home/user/dobot_ws/install/dobot_msgs_v4/include/dobot_msgs_v4/dobot_msgs_v4/srv/detail/get_force__builder.hpp
[55.740s] -- Installing: /home/user/dobot_ws/install/dobot_msgs_v4/include/dobot_msgs_v4/dobot_msgs_v4/srv/detail/emergency_stop__type_support.hpp
[55.740s] -- Installing: /home/user/dobot_ws/install/dobot_msgs_v4/include/dobot_msgs_v4/dobot_msgs_v4/srv/detail/ao__type_support.hpp
[55.740s] -- Installing: /home/user/dobot_ws/install/dobot_msgs_v4/include/dobot_msgs_v4/dobot_msgs_v4/srv/detail/check_odd_mov_l__builder.hpp
[55.740s] -- Installing: /home/user/dobot_ws/install/dobot_msgs_v4/include/dobot_msgs_v4/dobot_msgs_v4/srv/detail/set_work_zone_enable__type_support.hpp
[55.740s] -- Installing: /home/user/dobot_ws/install/dobot_msgs_v4/include/dobot_msgs_v4/dobot_msgs_v4/srv/detail/fc_set_force_limit__builder.hpp
[55.740s] -- Installing: /home/user/dobot_ws/install/dobot_msgs_v4/include/dobot_msgs_v4/dobot_msgs_v4/srv/detail/tool_ai__builder.hpp
[55.740s] -- Installing: /home/user/dobot_ws/install/dobot_msgs_v4/include/dobot_msgs_v4/dobot_msgs_v4/srv/detail/fc_off__type_support.hpp
[55.740s] -- Installing: /home/user/dobot_ws/install/dobot_msgs_v4/include/dobot_msgs_v4/dobot_msgs_v4/srv/detail/do_group_dec__struct.hpp
[55.740s] -- Installing: /home/user/dobot_ws/install/dobot_msgs_v4/include/dobot_msgs_v4/dobot_msgs_v4/srv/detail/run_script__struct.hpp
[55.741s] -- Installing: /home/user/dobot_ws/install/dobot_msgs_v4/include/dobot_msgs_v4/dobot_msgs_v4/srv/detail/speed_factor__type_support.hpp
[55.741s] -- Installing: /home/user/dobot_ws/install/dobot_msgs_v4/include/dobot_msgs_v4/dobot_msgs_v4/srv/detail/enable_ft_sensor__builder.hpp
[55.741s] -- Installing: /home/user/dobot_ws/install/dobot_msgs_v4/include/dobot_msgs_v4/dobot_msgs_v4/srv/detail/get_error_id__struct.hpp
[55.741s] -- Installing: /home/user/dobot_ws/install/dobot_msgs_v4/include/dobot_msgs_v4/dobot_msgs_v4/srv/detail/set_output_float__struct.hpp
[55.741s] -- Installing: /home/user/dobot_ws/install/dobot_msgs_v4/include/dobot_msgs_v4/dobot_msgs_v4/srv/detail/get_input_bool__builder.hpp
[55.741s] -- Installing: /home/user/dobot_ws/install/dobot_msgs_v4/include/dobot_msgs_v4/dobot_msgs_v4/srv/detail/enable_safe_skin__traits.hpp
[55.741s] -- Installing: /home/user/dobot_ws/install/dobot_msgs_v4/include/dobot_msgs_v4/dobot_msgs_v4/srv/detail/servo_j__builder.hpp
[55.741s] -- Installing: /home/user/dobot_ws/install/dobot_msgs_v4/include/dobot_msgs_v4/dobot_msgs_v4/srv/detail/get_tool_do__traits.hpp
[55.741s] -- Installing: /home/user/dobot_ws/install/dobot_msgs_v4/include/dobot_msgs_v4/dobot_msgs_v4/srv/detail/power_on__builder.hpp
[55.741s] -- Installing: /home/user/dobot_ws/install/dobot_msgs_v4/include/dobot_msgs_v4/dobot_msgs_v4/srv/detail/set_tool_power__struct.hpp
[55.741s] -- Installing: /home/user/dobot_ws/install/dobot_msgs_v4/include/dobot_msgs_v4/dobot_msgs_v4/srv/detail/fc_set_deviation__builder.hpp
[55.741s] -- Installing: /home/user/dobot_ws/install/dobot_msgs_v4/include/dobot_msgs_v4/dobot_msgs_v4/srv/detail/fc_collision_switch__builder.hpp
[55.741s] -- Installing: /home/user/dobot_ws/install/dobot_msgs_v4/include/dobot_msgs_v4/dobot_msgs_v4/srv/detail/set_output_bool__traits.hpp
[55.742s] -- Installing: /home/user/dobot_ws/install/dobot_msgs_v4/include/dobot_msgs_v4/dobot_msgs_v4/srv/detail/rel_mov_j_user__type_support.hpp
[55.742s] -- Installing: /home/user/dobot_ws/install/dobot_msgs_v4/include/dobot_msgs_v4/dobot_msgs_v4/srv/detail/stop_drag__traits.hpp
[55.742s] -- Installing: /home/user/dobot_ws/install/dobot_msgs_v4/include/dobot_msgs_v4/dobot_msgs_v4/srv/detail/check_odd_mov_c__struct.hpp
[55.742s] -- Installing: /home/user/dobot_ws/install/dobot_msgs_v4/include/dobot_msgs_v4/dobot_msgs_v4/srv/detail/inverse_kin__type_support.hpp
[55.742s] -- Installing: /home/user/dobot_ws/install/dobot_msgs_v4/include/dobot_msgs_v4/dobot_msgs_v4/srv/detail/rel_joint_mov_j__type_support.hpp
[55.742s] -- Installing: /home/user/dobot_ws/install/dobot_msgs_v4/include/dobot_msgs_v4/dobot_msgs_v4/srv/detail/set_hold_regs__builder.hpp
[55.742s] -- Installing: /home/user/dobot_ws/install/dobot_msgs_v4/include/dobot_msgs_v4/dobot_msgs_v4/srv/detail/user__struct.hpp
[55.742s] -- Installing: /home/user/dobot_ws/install/dobot_msgs_v4/include/dobot_msgs_v4/dobot_msgs_v4/srv/detail/tool_di__traits.hpp
[55.742s] -- Installing: /home/user/dobot_ws/install/dobot_msgs_v4/include/dobot_msgs_v4/dobot_msgs_v4/srv/detail/set_post_collision_mode__builder.hpp
[55.742s] -- Installing: /home/user/dobot_ws/install/dobot_msgs_v4/include/dobot_msgs_v4/dobot_msgs_v4/srv/detail/get_hold_regs__struct.hpp
[55.742s] -- Installing: /home/user/dobot_ws/install/dobot_msgs_v4/include/dobot_msgs_v4/dobot_msgs_v4/srv/detail/tool_do__traits.hpp
[55.743s] -- Installing: /home/user/dobot_ws/install/dobot_msgs_v4/include/dobot_msgs_v4/dobot_msgs_v4/srv/detail/fc_set_mass__struct.hpp
[55.743s] -- Installing: /home/user/dobot_ws/install/dobot_msgs_v4/include/dobot_msgs_v4/dobot_msgs_v4/srv/detail/rel_mov_l_tool__type_support.hpp
[55.743s] -- Installing: /home/user/dobot_ws/install/dobot_msgs_v4/include/dobot_msgs_v4/dobot_msgs_v4/srv/detail/get_start_pose__struct.hpp
[55.743s] -- Installing: /home/user/dobot_ws/install/dobot_msgs_v4/include/dobot_msgs_v4/dobot_msgs_v4/srv/detail/calc_tool__traits.hpp
[55.743s] -- Installing: /home/user/dobot_ws/install/dobot_msgs_v4/include/dobot_msgs_v4/dobot_msgs_v4/srv/detail/set_collision_level__struct.hpp
[55.743s] -- Installing: /home/user/dobot_ws/install/dobot_msgs_v4/include/dobot_msgs_v4/dobot_msgs_v4/srv/detail/ao_instant__builder.hpp
[55.743s] -- Installing: /home/user/dobot_ws/install/dobot_msgs_v4/include/dobot_msgs_v4/dobot_msgs_v4/srv/detail/fc_set_deviation__struct.hpp
[55.743s] -- Installing: /home/user/dobot_ws/install/dobot_msgs_v4/include/dobot_msgs_v4/dobot_msgs_v4/srv/detail/calc_user__struct.hpp
[55.743s] -- Installing: /home/user/dobot_ws/install/dobot_msgs_v4/include/dobot_msgs_v4/dobot_msgs_v4/srv/detail/acc_l__struct.hpp
[55.743s] -- Installing: /home/user/dobot_ws/install/dobot_msgs_v4/include/dobot_msgs_v4/dobot_msgs_v4/srv/detail/enable_robot__type_support.hpp
[55.744s] -- Installing: /home/user/dobot_ws/install/dobot_msgs_v4/include/dobot_msgs_v4/dobot_msgs_v4/srv/detail/get_do_group_dec__traits.hpp
[55.744s] -- Installing: /home/user/dobot_ws/install/dobot_msgs_v4/include/dobot_msgs_v4/dobot_msgs_v4/srv/detail/start_path__traits.hpp
[55.744s] -- Installing: /home/user/dobot_ws/install/dobot_msgs_v4/include/dobot_msgs_v4/dobot_msgs_v4/srv/detail/tool_di__type_support.hpp
[55.744s] -- Installing: /home/user/dobot_ws/install/dobot_msgs_v4/include/dobot_msgs_v4/dobot_msgs_v4/srv/detail/set_user__type_support.hpp
[55.744s] -- Installing: /home/user/dobot_ws/install/dobot_msgs_v4/include/dobot_msgs_v4/dobot_msgs_v4/srv/detail/check_odd_mov_j__traits.hpp
[55.744s] -- Installing: /home/user/dobot_ws/install/dobot_msgs_v4/include/dobot_msgs_v4/dobot_msgs_v4/srv/detail/rel_joint_mov_j__struct.hpp
[55.744s] -- Installing: /home/user/dobot_ws/install/dobot_msgs_v4/include/dobot_msgs_v4/dobot_msgs_v4/srv/detail/fc_set_force_speed_limit__traits.hpp
[55.744s] -- Installing: /home/user/dobot_ws/install/dobot_msgs_v4/include/dobot_msgs_v4/dobot_msgs_v4/srv/detail/set_collision_level__traits.hpp
[55.744s] -- Installing: /home/user/dobot_ws/install/dobot_msgs_v4/include/dobot_msgs_v4/dobot_msgs_v4/srv/detail/run_script__type_support.hpp
[55.744s] -- Installing: /home/user/dobot_ws/install/dobot_msgs_v4/include/dobot_msgs_v4/dobot_msgs_v4/srv/detail/get_coils__type_support.hpp
[55.744s] -- Installing: /home/user/dobot_ws/install/dobot_msgs_v4/include/dobot_msgs_v4/dobot_msgs_v4/srv/detail/stop_move_jog__type_support.hpp
[55.744s] -- Installing: /home/user/dobot_ws/install/dobot_msgs_v4/include/dobot_msgs_v4/dobot_msgs_v4/srv/detail/set_tool485__type_support.hpp
[55.745s] -- Installing: /home/user/dobot_ws/install/dobot_msgs_v4/include/dobot_msgs_v4/dobot_msgs_v4/srv/detail/get_do_group__builder.hpp
[55.745s] -- Installing: /home/user/dobot_ws/install/dobot_msgs_v4/include/dobot_msgs_v4/dobot_msgs_v4/srv/detail/power_on__struct.hpp
[55.745s] -- Installing: /home/user/dobot_ws/install/dobot_msgs_v4/include/dobot_msgs_v4/dobot_msgs_v4/srv/detail/disable_robot__builder.hpp
[55.745s] -- Installing: /home/user/dobot_ws/install/dobot_msgs_v4/include/dobot_msgs_v4/dobot_msgs_v4/srv/detail/fc_set_force_limit__struct.hpp
[55.745s] -- Installing: /home/user/dobot_ws/install/dobot_msgs_v4/include/dobot_msgs_v4/dobot_msgs_v4/srv/detail/set_safe_skin__builder.hpp
[55.745s] -- Installing: /home/user/dobot_ws/install/dobot_msgs_v4/include/dobot_msgs_v4/dobot_msgs_v4/srv/detail/run_to__struct.hpp
[55.745s] -- Installing: /home/user/dobot_ws/install/dobot_msgs_v4/include/dobot_msgs_v4/dobot_msgs_v4/srv/detail/start_drag__struct.hpp
[55.745s] -- Installing: /home/user/dobot_ws/install/dobot_msgs_v4/include/dobot_msgs_v4/dobot_msgs_v4/srv/detail/modbus_rtu_create__traits.hpp
[55.745s] -- Installing: /home/user/dobot_ws/install/dobot_msgs_v4/include/dobot_msgs_v4/dobot_msgs_v4/srv/detail/do_group_dec__builder.hpp
[55.745s] -- Installing: /home/user/dobot_ws/install/dobot_msgs_v4/include/dobot_msgs_v4/dobot_msgs_v4/srv/detail/fc_set_force_speed_limit__builder.hpp
[55.745s] -- Installing: /home/user/dobot_ws/install/dobot_msgs_v4/include/dobot_msgs_v4/dobot_msgs_v4/srv/detail/positive_kin__builder.hpp
[55.745s] -- Installing: /home/user/dobot_ws/install/dobot_msgs_v4/include/dobot_msgs_v4/dobot_msgs_v4/srv/detail/do_group__traits.hpp
[55.746s] -- Installing: /home/user/dobot_ws/install/dobot_msgs_v4/include/dobot_msgs_v4/dobot_msgs_v4/srv/detail/get_output_bool__struct.hpp
[55.746s] -- Installing: /home/user/dobot_ws/install/dobot_msgs_v4/include/dobot_msgs_v4/dobot_msgs_v4/srv/detail/check_odd_mov_j__type_support.hpp
[55.746s] -- Installing: /home/user/dobot_ws/install/dobot_msgs_v4/include/dobot_msgs_v4/dobot_msgs_v4/srv/detail/mov_l__traits.hpp
[55.746s] -- Installing: /home/user/dobot_ws/install/dobot_msgs_v4/include/dobot_msgs_v4/dobot_msgs_v4/srv/detail/brake_control__traits.hpp
[55.746s] -- Installing: /home/user/dobot_ws/install/dobot_msgs_v4/include/dobot_msgs_v4/dobot_msgs_v4/srv/detail/rel_mov_j_tool__struct.hpp
[55.746s] -- Installing: /home/user/dobot_ws/install/dobot_msgs_v4/include/dobot_msgs_v4/dobot_msgs_v4/srv/detail/calc_user__traits.hpp
[55.746s] -- Installing: /home/user/dobot_ws/install/dobot_msgs_v4/include/dobot_msgs_v4/dobot_msgs_v4/srv/detail/fc_set_stiffness__builder.hpp
[55.746s] -- Installing: /home/user/dobot_ws/install/dobot_msgs_v4/include/dobot_msgs_v4/dobot_msgs_v4/srv/detail/di_group_dec__struct.hpp
[55.746s] -- Installing: /home/user/dobot_ws/install/dobot_msgs_v4/include/dobot_msgs_v4/dobot_msgs_v4/srv/detail/fc_off__traits.hpp
[55.746s] -- Installing: /home/user/dobot_ws/install/dobot_msgs_v4/include/dobot_msgs_v4/dobot_msgs_v4/srv/detail/calc_user__builder.hpp
[55.746s] -- Installing: /home/user/dobot_ws/install/dobot_msgs_v4/include/dobot_msgs_v4/dobot_msgs_v4/srv/detail/get_error_id__traits.hpp
[55.747s] -- Installing: /home/user/dobot_ws/install/dobot_msgs_v4/include/dobot_msgs_v4/dobot_msgs_v4/srv/detail/ai__builder.hpp
[55.747s] -- Installing: /home/user/dobot_ws/install/dobot_msgs_v4/include/dobot_msgs_v4/dobot_msgs_v4/srv/detail/set_tool__type_support.hpp
[55.747s] -- Installing: /home/user/dobot_ws/install/dobot_msgs_v4/include/dobot_msgs_v4/dobot_msgs_v4/srv/detail/fc_set_stiffness__traits.hpp
[55.747s] -- Installing: /home/user/dobot_ws/install/dobot_msgs_v4/include/dobot_msgs_v4/dobot_msgs_v4/srv/detail/mov_jio__builder.hpp
[55.747s] -- Installing: /home/user/dobot_ws/install/dobot_msgs_v4/include/dobot_msgs_v4/dobot_msgs_v4/srv/detail/get_output_bool__builder.hpp
[55.747s] -- Installing: /home/user/dobot_ws/install/dobot_msgs_v4/include/dobot_msgs_v4/dobot_msgs_v4/srv/detail/request_control__traits.hpp
[55.747s] -- Installing: /home/user/dobot_ws/install/dobot_msgs_v4/include/dobot_msgs_v4/dobot_msgs_v4/srv/detail/ao_instant__struct.hpp
[55.747s] -- Installing: /home/user/dobot_ws/install/dobot_msgs_v4/include/dobot_msgs_v4/dobot_msgs_v4/srv/detail/get_coils__traits.hpp
[55.747s] -- Installing: /home/user/dobot_ws/install/dobot_msgs_v4/include/dobot_msgs_v4/dobot_msgs_v4/srv/detail/tool__traits.hpp
[55.747s] -- Installing: /home/user/dobot_ws/install/dobot_msgs_v4/include/dobot_msgs_v4/dobot_msgs_v4/srv/detail/vel_j__traits.hpp
[55.747s] -- Installing: /home/user/dobot_ws/install/dobot_msgs_v4/include/dobot_msgs_v4/dobot_msgs_v4/srv/detail/check_odd_mov_c__traits.hpp
[55.748s] -- Installing: /home/user/dobot_ws/install/dobot_msgs_v4/include/dobot_msgs_v4/dobot_msgs_v4/srv/detail/modbus_create__struct.hpp
[55.748s] -- Installing: /home/user/dobot_ws/install/dobot_msgs_v4/include/dobot_msgs_v4/dobot_msgs_v4/srv/detail/enable_ft_sensor__struct.hpp
[55.748s] -- Installing: /home/user/dobot_ws/install/dobot_msgs_v4/include/dobot_msgs_v4/dobot_msgs_v4/srv/detail/acc_j__type_support.hpp
[55.748s] -- Installing: /home/user/dobot_ws/install/dobot_msgs_v4/include/dobot_msgs_v4/dobot_msgs_v4/srv/detail/set_work_zone_enable__builder.hpp
[55.748s] -- Installing: /home/user/dobot_ws/install/dobot_msgs_v4/include/dobot_msgs_v4/dobot_msgs_v4/srv/detail/positive_kin__struct.hpp
[55.748s] -- Installing: /home/user/dobot_ws/install/dobot_msgs_v4/include/dobot_msgs_v4/dobot_msgs_v4/srv/detail/fc_set_deviation__type_support.hpp
[55.748s] -- Installing: /home/user/dobot_ws/install/dobot_msgs_v4/include/dobot_msgs_v4/dobot_msgs_v4/srv/detail/set_output_float__traits.hpp
[55.748s] -- Installing: /home/user/dobot_ws/install/dobot_msgs_v4/include/dobot_msgs_v4/dobot_msgs_v4/srv/detail/get_in_regs__traits.hpp
[55.748s] -- Installing: /home/user/dobot_ws/install/dobot_msgs_v4/include/dobot_msgs_v4/dobot_msgs_v4/srv/detail/mov_j__struct.hpp
[55.748s] -- Installing: /home/user/dobot_ws/install/dobot_msgs_v4/include/dobot_msgs_v4/dobot_msgs_v4/srv/detail/set_tool_mode__type_support.hpp
[55.749s] -- Installing: /home/user/dobot_ws/install/dobot_msgs_v4/include/dobot_msgs_v4/dobot_msgs_v4/srv/detail/fc_set_force_limit__type_support.hpp
[55.749s] -- Installing: /home/user/dobot_ws/install/dobot_msgs_v4/include/dobot_msgs_v4/dobot_msgs_v4/srv/detail/get_start_pose__traits.hpp
[55.749s] -- Installing: /home/user/dobot_ws/install/dobot_msgs_v4/include/dobot_msgs_v4/dobot_msgs_v4/srv/detail/arc__traits.hpp
[55.749s] -- Installing: /home/user/dobot_ws/install/dobot_msgs_v4/include/dobot_msgs_v4/dobot_msgs_v4/srv/detail/force_drive_speed__traits.hpp
[55.749s] -- Installing: /home/user/dobot_ws/install/dobot_msgs_v4/include/dobot_msgs_v4/dobot_msgs_v4/srv/detail/drag_sensivity__builder.hpp
[55.749s] -- Installing: /home/user/dobot_ws/install/dobot_msgs_v4/include/dobot_msgs_v4/dobot_msgs_v4/srv/detail/stop__builder.hpp
[55.749s] -- Installing: /home/user/dobot_ws/install/dobot_msgs_v4/include/dobot_msgs_v4/dobot_msgs_v4/srv/detail/get_angle__traits.hpp
[55.749s] -- Installing: /home/user/dobot_ws/install/dobot_msgs_v4/include/dobot_msgs_v4/dobot_msgs_v4/srv/detail/get_input_bool__traits.hpp
[55.749s] -- Installing: /home/user/dobot_ws/install/dobot_msgs_v4/include/dobot_msgs_v4/dobot_msgs_v4/srv/detail/force_drive_speed__builder.hpp
[55.749s] -- Installing: /home/user/dobot_ws/install/dobot_msgs_v4/include/dobot_msgs_v4/dobot_msgs_v4/srv/detail/stop__struct.hpp
[55.749s] -- Installing: /home/user/dobot_ws/install/dobot_msgs_v4/include/dobot_msgs_v4/dobot_msgs_v4/srv/detail/force_drive_mode__type_support.hpp
[55.750s] -- Installing: /home/user/dobot_ws/install/dobot_msgs_v4/include/dobot_msgs_v4/dobot_msgs_v4/srv/detail/request_control__type_support.hpp
[55.750s] -- Installing: /home/user/dobot_ws/install/dobot_msgs_v4/include/dobot_msgs_v4/dobot_msgs_v4/srv/detail/enable_safe_skin__struct.hpp
[55.750s] -- Installing: /home/user/dobot_ws/install/dobot_msgs_v4/include/dobot_msgs_v4/dobot_msgs_v4/srv/detail/get_output_float__struct.hpp
[55.750s] -- Installing: /home/user/dobot_ws/install/dobot_msgs_v4/include/dobot_msgs_v4/dobot_msgs_v4/srv/detail/check_odd_mov_l__traits.hpp
[55.750s] -- Installing: /home/user/dobot_ws/install/dobot_msgs_v4/include/dobot_msgs_v4/dobot_msgs_v4/srv/detail/fc_set_force_speed_limit__struct.hpp
[55.750s] -- Installing: /home/user/dobot_ws/install/dobot_msgs_v4/include/dobot_msgs_v4/dobot_msgs_v4/srv/detail/get_in_bits__struct.hpp
[55.750s] -- Installing: /home/user/dobot_ws/install/dobot_msgs_v4/include/dobot_msgs_v4/dobot_msgs_v4/srv/detail/rel_joint_mov_j__builder.hpp
[55.750s] -- Installing: /home/user/dobot_ws/install/dobot_msgs_v4/include/dobot_msgs_v4/dobot_msgs_v4/srv/detail/do__type_support.hpp
[55.750s] -- Installing: /home/user/dobot_ws/install/dobot_msgs_v4/include/dobot_msgs_v4/dobot_msgs_v4/srv/detail/mov_lio__type_support.hpp
[55.750s] -- Installing: /home/user/dobot_ws/install/dobot_msgs_v4/include/dobot_msgs_v4/dobot_msgs_v4/srv/detail/start_rt_offset__builder.hpp
[55.750s] -- Installing: /home/user/dobot_ws/install/dobot_msgs_v4/include/dobot_msgs_v4/dobot_msgs_v4/srv/detail/enable_safe_skin__builder.hpp
[55.751s] -- Installing: /home/user/dobot_ws/install/dobot_msgs_v4/include/dobot_msgs_v4/dobot_msgs_v4/srv/detail/set_tool485__builder.hpp
[55.751s] -- Installing: /home/user/dobot_ws/install/dobot_msgs_v4/include/dobot_msgs_v4/dobot_msgs_v4/srv/detail/vel_l__struct.hpp
[55.751s] -- Installing: /home/user/dobot_ws/install/dobot_msgs_v4/include/dobot_msgs_v4/dobot_msgs_v4/srv/detail/pause__traits.hpp
[55.751s] -- Installing: /home/user/dobot_ws/install/dobot_msgs_v4/include/dobot_msgs_v4/dobot_msgs_v4/srv/detail/rel_mov_j_user__builder.hpp
[55.751s] -- Installing: /home/user/dobot_ws/install/dobot_msgs_v4/include/dobot_msgs_v4/dobot_msgs_v4/srv/detail/speed_factor__traits.hpp
[55.751s] -- Installing: /home/user/dobot_ws/install/dobot_msgs_v4/include/dobot_msgs_v4/dobot_msgs_v4/srv/detail/pause__struct.hpp
[55.751s] -- Installing: /home/user/dobot_ws/install/dobot_msgs_v4/include/dobot_msgs_v4/dobot_msgs_v4/srv/detail/get_error__struct.hpp
[55.751s] -- Installing: /home/user/dobot_ws/install/dobot_msgs_v4/include/dobot_msgs_v4/dobot_msgs_v4/srv/detail/brake_control__builder.hpp
[55.751s] -- Installing: /home/user/dobot_ws/install/dobot_msgs_v4/include/dobot_msgs_v4/dobot_msgs_v4/srv/detail/get_input_int__builder.hpp
[55.751s] -- Installing: /home/user/dobot_ws/install/dobot_msgs_v4/include/dobot_msgs_v4/dobot_msgs_v4/srv/detail/servo_j__type_support.hpp
[55.751s] -- Installing: /home/user/dobot_ws/install/dobot_msgs_v4/include/dobot_msgs_v4/dobot_msgs_v4/srv/detail/stop_move_jog__traits.hpp
[55.751s] -- Installing: /home/user/dobot_ws/install/dobot_msgs_v4/include/dobot_msgs_v4/dobot_msgs_v4/srv/detail/fc_set_mass__traits.hpp
[55.752s] -- Installing: /home/user/dobot_ws/install/dobot_msgs_v4/include/dobot_msgs_v4/dobot_msgs_v4/srv/detail/di_group_dec__builder.hpp
[55.752s] -- Installing: /home/user/dobot_ws/install/dobot_msgs_v4/include/dobot_msgs_v4/dobot_msgs_v4/srv/detail/inverse_kin__traits.hpp
[55.752s] -- Installing: /home/user/dobot_ws/install/dobot_msgs_v4/include/dobot_msgs_v4/dobot_msgs_v4/srv/detail/di_group_dec__traits.hpp
[55.752s] -- Installing: /home/user/dobot_ws/install/dobot_msgs_v4/include/dobot_msgs_v4/dobot_msgs_v4/srv/detail/get_force__traits.hpp
[55.752s] -- Installing: /home/user/dobot_ws/install/dobot_msgs_v4/include/dobot_msgs_v4/dobot_msgs_v4/srv/detail/stop_move_jog__struct.hpp
[55.752s] -- Installing: /home/user/dobot_ws/install/dobot_msgs_v4/include/dobot_msgs_v4/dobot_msgs_v4/srv/detail/acc_j__builder.hpp
[55.752s] -- Installing: /home/user/dobot_ws/install/dobot_msgs_v4/include/dobot_msgs_v4/dobot_msgs_v4/srv/detail/force_drive_mode__builder.hpp
[55.752s] -- Installing: /home/user/dobot_ws/install/dobot_msgs_v4/include/dobot_msgs_v4/dobot_msgs_v4/srv/detail/rel_mov_l_tool__struct.hpp
[55.752s] -- Installing: /home/user/dobot_ws/install/dobot_msgs_v4/include/dobot_msgs_v4/dobot_msgs_v4/srv/detail/robot_mode__traits.hpp
[55.752s] -- Installing: /home/user/dobot_ws/install/dobot_msgs_v4/include/dobot_msgs_v4/dobot_msgs_v4/srv/detail/set_fc_collision__type_support.hpp
[55.752s] -- Installing: /home/user/dobot_ws/install/dobot_msgs_v4/include/dobot_msgs_v4/dobot_msgs_v4/srv/detail/ao__builder.hpp
[55.753s] -- Installing: /home/user/dobot_ws/install/dobot_msgs_v4/include/dobot_msgs_v4/dobot_msgs_v4/srv/detail/fc_force_mode__type_support.hpp
[55.753s] -- Installing: /home/user/dobot_ws/install/dobot_msgs_v4/include/dobot_msgs_v4/dobot_msgs_v4/srv/detail/do__traits.hpp
[55.753s] -- Installing: /home/user/dobot_ws/install/dobot_msgs_v4/include/dobot_msgs_v4/dobot_msgs_v4/srv/detail/set_back_distance__builder.hpp
[55.753s] -- Installing: /home/user/dobot_ws/install/dobot_msgs_v4/include/dobot_msgs_v4/dobot_msgs_v4/srv/detail/get_do_group__traits.hpp
[55.753s] -- Installing: /home/user/dobot_ws/install/dobot_msgs_v4/include/dobot_msgs_v4/dobot_msgs_v4/srv/detail/run_to__type_support.hpp
[55.753s] -- Installing: /home/user/dobot_ws/install/dobot_msgs_v4/include/dobot_msgs_v4/dobot_msgs_v4/srv/detail/get_hold_regs__traits.hpp
[55.753s] -- Installing: /home/user/dobot_ws/install/dobot_msgs_v4/include/dobot_msgs_v4/dobot_msgs_v4/srv/detail/set_work_zone_enable__struct.hpp
[55.753s] -- Installing: /home/user/dobot_ws/install/dobot_msgs_v4/include/dobot_msgs_v4/dobot_msgs_v4/srv/detail/reset_robot__builder.hpp
[55.753s] -- Installing: /home/user/dobot_ws/install/dobot_msgs_v4/include/dobot_msgs_v4/dobot_msgs_v4/srv/detail/ao_instant__traits.hpp
[55.753s] -- Installing: /home/user/dobot_ws/install/dobot_msgs_v4/include/dobot_msgs_v4/dobot_msgs_v4/srv/detail/get_input_float__struct.hpp
[55.753s] -- Installing: /home/user/dobot_ws/install/dobot_msgs_v4/include/dobot_msgs_v4/dobot_msgs_v4/srv/detail/di_group__builder.hpp
[55.753s] -- Installing: /home/user/dobot_ws/install/dobot_msgs_v4/include/dobot_msgs_v4/dobot_msgs_v4/srv/detail/fc_set_stiffness__struct.hpp
[55.754s] -- Installing: /home/user/dobot_ws/install/dobot_msgs_v4/include/dobot_msgs_v4/dobot_msgs_v4/srv/detail/rel_mov_j_tool__traits.hpp
[55.754s] -- Installing: /home/user/dobot_ws/install/dobot_msgs_v4/include/dobot_msgs_v4/dobot_msgs_v4/srv/detail/get_output_int__type_support.hpp
[55.754s] -- Installing: /home/user/dobot_ws/install/dobot_msgs_v4/include/dobot_msgs_v4/dobot_msgs_v4/srv/detail/six_force_home__builder.hpp
[55.754s] -- Installing: /home/user/dobot_ws/install/dobot_msgs_v4/include/dobot_msgs_v4/dobot_msgs_v4/srv/detail/set_hold_regs__traits.hpp
[55.754s] -- Installing: /home/user/dobot_ws/install/dobot_msgs_v4/include/dobot_msgs_v4/dobot_msgs_v4/srv/detail/disable_robot__type_support.hpp
[55.754s] -- Installing: /home/user/dobot_ws/install/dobot_msgs_v4/include/dobot_msgs_v4/dobot_msgs_v4/srv/detail/stop__type_support.hpp
[55.754s] -- Installing: /home/user/dobot_ws/install/dobot_msgs_v4/include/dobot_msgs_v4/dobot_msgs_v4/srv/detail/get_start_pose__type_support.hpp
[55.754s] -- Installing: /home/user/dobot_ws/install/dobot_msgs_v4/include/dobot_msgs_v4/dobot_msgs_v4/srv/detail/fc_set_mass__builder.hpp
[55.754s] -- Installing: /home/user/dobot_ws/install/dobot_msgs_v4/include/dobot_msgs_v4/dobot_msgs_v4/srv/detail/get_do__builder.hpp
[55.754s] -- Installing: /home/user/dobot_ws/install/dobot_msgs_v4/include/dobot_msgs_v4/dobot_msgs_v4/srv/detail/get_ao__struct.hpp
[55.754s] -- Installing: /home/user/dobot_ws/install/dobot_msgs_v4/include/dobot_msgs_v4/dobot_msgs_v4/srv/detail/get_output_float__builder.hpp
[55.755s] -- Installing: /home/user/dobot_ws/install/dobot_msgs_v4/include/dobot_msgs_v4/dobot_msgs_v4/srv/detail/set_work_zone_enable__traits.hpp
[55.755s] -- Installing: /home/user/dobot_ws/install/dobot_msgs_v4/include/dobot_msgs_v4/dobot_msgs_v4/srv/detail/tool_do_instant__builder.hpp
[55.755s] -- Installing: /home/user/dobot_ws/install/dobot_msgs_v4/include/dobot_msgs_v4/dobot_msgs_v4/srv/detail/set_payload__builder.hpp
[55.755s] -- Installing: /home/user/dobot_ws/install/dobot_msgs_v4/include/dobot_msgs_v4/dobot_msgs_v4/srv/detail/do_group_dec__type_support.hpp
[55.755s] -- Installing: /home/user/dobot_ws/install/dobot_msgs_v4/include/dobot_msgs_v4/dobot_msgs_v4/srv/detail/ai__struct.hpp
[55.755s] -- Installing: /home/user/dobot_ws/install/dobot_msgs_v4/include/dobot_msgs_v4/dobot_msgs_v4/srv/detail/tool_do_instant__traits.hpp
[55.755s] -- Installing: /home/user/dobot_ws/install/dobot_msgs_v4/include/dobot_msgs_v4/dobot_msgs_v4/srv/detail/mov_jio__traits.hpp
[55.755s] -- Installing: /home/user/dobot_ws/install/dobot_msgs_v4/include/dobot_msgs_v4/dobot_msgs_v4/srv/detail/fc_set_force__traits.hpp
[55.755s] -- Installing: /home/user/dobot_ws/install/dobot_msgs_v4/include/dobot_msgs_v4/dobot_msgs_v4/srv/detail/set_tool_power__traits.hpp
[55.755s] -- Installing: /home/user/dobot_ws/install/dobot_msgs_v4/include/dobot_msgs_v4/dobot_msgs_v4/srv/detail/di_group_dec__type_support.hpp
[55.755s] -- Installing: /home/user/dobot_ws/install/dobot_msgs_v4/include/dobot_msgs_v4/dobot_msgs_v4/srv/detail/end_rt_offset__struct.hpp
[55.756s] -- Installing: /home/user/dobot_ws/install/dobot_msgs_v4/include/dobot_msgs_v4/dobot_msgs_v4/srv/detail/enable_robot__struct.hpp
[55.756s] -- Installing: /home/user/dobot_ws/install/dobot_msgs_v4/include/dobot_msgs_v4/dobot_msgs_v4/srv/detail/mov_lio__struct.hpp
[55.756s] -- Installing: /home/user/dobot_ws/install/dobot_msgs_v4/include/dobot_msgs_v4/dobot_msgs_v4/srv/detail/do_instant__type_support.hpp
[55.756s] -- Installing: /home/user/dobot_ws/install/dobot_msgs_v4/include/dobot_msgs_v4/dobot_msgs_v4/srv/detail/get_input_bool__type_support.hpp
[55.756s] -- Installing: /home/user/dobot_ws/install/dobot_msgs_v4/include/dobot_msgs_v4/dobot_msgs_v4/srv/detail/rel_mov_l_user__struct.hpp
[55.756s] -- Installing: /home/user/dobot_ws/install/dobot_msgs_v4/include/dobot_msgs_v4/dobot_msgs_v4/srv/detail/set_collision_level__type_support.hpp
[55.756s] -- Installing: /home/user/dobot_ws/install/dobot_msgs_v4/include/dobot_msgs_v4/dobot_msgs_v4/srv/detail/servo_p__type_support.hpp
[55.756s] -- Installing: /home/user/dobot_ws/install/dobot_msgs_v4/include/dobot_msgs_v4/dobot_msgs_v4/srv/run_script.hpp
[55.756s] -- Installing: /home/user/dobot_ws/install/dobot_msgs_v4/include/dobot_msgs_v4/dobot_msgs_v4/srv/di_group.hpp
[55.756s] -- Installing: /home/user/dobot_ws/install/dobot_msgs_v4/include/dobot_msgs_v4/dobot_msgs_v4/srv/get_output_bool.hpp
[55.756s] -- Installing: /home/user/dobot_ws/install/dobot_msgs_v4/include/dobot_msgs_v4/dobot_msgs_v4/srv/fc_set_mass.hpp
[55.757s] -- Installing: /home/user/dobot_ws/install/dobot_msgs_v4/include/dobot_msgs_v4/dobot_msgs_v4/srv/fc_collision_switch.hpp
[55.757s] -- Installing: /home/user/dobot_ws/install/dobot_msgs_v4/include/dobot_msgs_v4/dobot_msgs_v4/srv/set_work_zone_enable.hpp
[55.757s] -- Installing: /home/user/dobot_ws/install/dobot_msgs_v4/include/dobot_msgs_v4/dobot_msgs_v4/srv/set_hold_regs.hpp
[55.757s] -- Installing: /home/user/dobot_ws/install/dobot_msgs_v4/include/dobot_msgs_v4/dobot_msgs_v4/srv/check_odd_mov_l.hpp
[55.757s] -- Installing: /home/user/dobot_ws/install/dobot_msgs_v4/include/dobot_msgs_v4/dobot_msgs_v4/srv/power_on.hpp
[55.757s] -- Installing: /home/user/dobot_ws/install/dobot_msgs_v4/include/dobot_msgs_v4/dobot_msgs_v4/srv/positive_kin.hpp
[55.757s] -- Installing: /home/user/dobot_ws/install/dobot_msgs_v4/include/dobot_msgs_v4/dobot_msgs_v4/srv/vel_l.hpp
[55.757s] -- Installing: /home/user/dobot_ws/install/dobot_msgs_v4/include/dobot_msgs_v4/dobot_msgs_v4/srv/get_input_int.hpp
[55.757s] -- Up-to-date: /home/user/dobot_ws/install/dobot_msgs_v4/include/dobot_msgs_v4/dobot_msgs_v4
[55.758s] -- Up-to-date: /home/user/dobot_ws/install/dobot_msgs_v4/include/dobot_msgs_v4/dobot_msgs_v4/msg
[55.758s] -- Up-to-date: /home/user/dobot_ws/install/dobot_msgs_v4/include/dobot_msgs_v4/dobot_msgs_v4/msg/detail
[55.758s] -- Installing: /home/user/dobot_ws/install/dobot_msgs_v4/include/dobot_msgs_v4/dobot_msgs_v4/msg/detail/robot_status__rosidl_typesupport_fastrtps_cpp.hpp
[55.758s] -- Installing: /home/user/dobot_ws/install/dobot_msgs_v4/include/dobot_msgs_v4/dobot_msgs_v4/msg/detail/tool_vector_actual__rosidl_typesupport_fastrtps_cpp.hpp
[55.758s] -- Installing: /home/user/dobot_ws/install/dobot_msgs_v4/include/dobot_msgs_v4/dobot_msgs_v4/msg/detail/dds_fastrtps
[55.758s] -- Installing: /home/user/dobot_ws/install/dobot_msgs_v4/include/dobot_msgs_v4/dobot_msgs_v4/msg/rosidl_typesupport_fastrtps_cpp__visibility_control.h
[55.758s] -- Up-to-date: /home/user/dobot_ws/install/dobot_msgs_v4/include/dobot_msgs_v4/dobot_msgs_v4/srv
[55.758s] -- Up-to-date: /home/user/dobot_ws/install/dobot_msgs_v4/include/dobot_msgs_v4/dobot_msgs_v4/srv/detail
[55.758s] -- Installing: /home/user/dobot_ws/install/dobot_msgs_v4/include/dobot_msgs_v4/dobot_msgs_v4/srv/detail/fc_set_force_speed_limit__rosidl_typesupport_fastrtps_cpp.hpp
[55.758s] -- Installing: /home/user/dobot_ws/install/dobot_msgs_v4/include/dobot_msgs_v4/dobot_msgs_v4/srv/detail/stop_move_jog__rosidl_typesupport_fastrtps_cpp.hpp
[55.758s] -- Installing: /home/user/dobot_ws/install/dobot_msgs_v4/include/dobot_msgs_v4/dobot_msgs_v4/srv/detail/fc_off__rosidl_typesupport_fastrtps_cpp.hpp
[55.758s] -- Installing: /home/user/dobot_ws/install/dobot_msgs_v4/include/dobot_msgs_v4/dobot_msgs_v4/srv/detail/set_safe_wall_enable__rosidl_typesupport_fastrtps_cpp.hpp
[55.758s] -- Installing: /home/user/dobot_ws/install/dobot_msgs_v4/include/dobot_msgs_v4/dobot_msgs_v4/srv/detail/power_on__rosidl_typesupport_fastrtps_cpp.hpp
[55.759s] -- Installing: /home/user/dobot_ws/install/dobot_msgs_v4/include/dobot_msgs_v4/dobot_msgs_v4/srv/detail/get_angle__rosidl_typesupport_fastrtps_cpp.hpp
[55.759s] -- Installing: /home/user/dobot_ws/install/dobot_msgs_v4/include/dobot_msgs_v4/dobot_msgs_v4/srv/detail/set_tool_mode__rosidl_typesupport_fastrtps_cpp.hpp
[55.759s] -- Installing: /home/user/dobot_ws/install/dobot_msgs_v4/include/dobot_msgs_v4/dobot_msgs_v4/srv/detail/do_instant__rosidl_typesupport_fastrtps_cpp.hpp
[55.759s] -- Installing: /home/user/dobot_ws/install/dobot_msgs_v4/include/dobot_msgs_v4/dobot_msgs_v4/srv/detail/di_group__rosidl_typesupport_fastrtps_cpp.hpp
[55.759s] -- Installing: /home/user/dobot_ws/install/dobot_msgs_v4/include/dobot_msgs_v4/dobot_msgs_v4/srv/detail/request_control__rosidl_typesupport_fastrtps_cpp.hpp
[55.759s] -- Installing: /home/user/dobot_ws/install/dobot_msgs_v4/include/dobot_msgs_v4/dobot_msgs_v4/srv/detail/rel_mov_j_user__rosidl_typesupport_fastrtps_cpp.hpp
[55.759s] -- Installing: /home/user/dobot_ws/install/dobot_msgs_v4/include/dobot_msgs_v4/dobot_msgs_v4/srv/detail/arc__rosidl_typesupport_fastrtps_cpp.hpp
[55.759s] -- Installing: /home/user/dobot_ws/install/dobot_msgs_v4/include/dobot_msgs_v4/dobot_msgs_v4/srv/detail/fc_collision_switch__rosidl_typesupport_fastrtps_cpp.hpp
[55.759s] -- Installing: /home/user/dobot_ws/install/dobot_msgs_v4/include/dobot_msgs_v4/dobot_msgs_v4/srv/detail/fc_force_mode__rosidl_typesupport_fastrtps_cpp.hpp
[55.759s] -- Installing: /home/user/dobot_ws/install/dobot_msgs_v4/include/dobot_msgs_v4/dobot_msgs_v4/srv/detail/set_coils__rosidl_typesupport_fastrtps_cpp.hpp
[55.759s] -- Installing: /home/user/dobot_ws/install/dobot_msgs_v4/include/dobot_msgs_v4/dobot_msgs_v4/srv/detail/force_drive_speed__rosidl_typesupport_fastrtps_cpp.hpp
[55.759s] -- Installing: /home/user/dobot_ws/install/dobot_msgs_v4/include/dobot_msgs_v4/dobot_msgs_v4/srv/detail/get_output_float__rosidl_typesupport_fastrtps_cpp.hpp
[55.760s] -- Installing: /home/user/dobot_ws/install/dobot_msgs_v4/include/dobot_msgs_v4/dobot_msgs_v4/srv/detail/check_odd_mov_c__rosidl_typesupport_fastrtps_cpp.hpp
[55.760s] -- Installing: /home/user/dobot_ws/install/dobot_msgs_v4/include/dobot_msgs_v4/dobot_msgs_v4/srv/detail/tool_do__rosidl_typesupport_fastrtps_cpp.hpp
[55.760s] -- Installing: /home/user/dobot_ws/install/dobot_msgs_v4/include/dobot_msgs_v4/dobot_msgs_v4/srv/detail/tcp_dashboard__rosidl_typesupport_fastrtps_cpp.hpp
[55.760s] -- Installing: /home/user/dobot_ws/install/dobot_msgs_v4/include/dobot_msgs_v4/dobot_msgs_v4/srv/detail/rel_mov_l_user__rosidl_typesupport_fastrtps_cpp.hpp
[55.760s] -- Installing: /home/user/dobot_ws/install/dobot_msgs_v4/include/dobot_msgs_v4/dobot_msgs_v4/srv/detail/fc_set_force_limit__rosidl_typesupport_fastrtps_cpp.hpp
[55.760s] -- Installing: /home/user/dobot_ws/install/dobot_msgs_v4/include/dobot_msgs_v4/dobot_msgs_v4/srv/detail/stop_drag__rosidl_typesupport_fastrtps_cpp.hpp
[55.760s] -- Installing: /home/user/dobot_ws/install/dobot_msgs_v4/include/dobot_msgs_v4/dobot_msgs_v4/srv/detail/acc_j__rosidl_typesupport_fastrtps_cpp.hpp
[55.760s] -- Installing: /home/user/dobot_ws/install/dobot_msgs_v4/include/dobot_msgs_v4/dobot_msgs_v4/srv/detail/continue__rosidl_typesupport_fastrtps_cpp.hpp
[55.760s] -- Installing: /home/user/dobot_ws/install/dobot_msgs_v4/include/dobot_msgs_v4/dobot_msgs_v4/srv/detail/tool_di__rosidl_typesupport_fastrtps_cpp.hpp
[55.760s] -- Installing: /home/user/dobot_ws/install/dobot_msgs_v4/include/dobot_msgs_v4/dobot_msgs_v4/srv/detail/mov_j__rosidl_typesupport_fastrtps_cpp.hpp
[55.760s] -- Installing: /home/user/dobot_ws/install/dobot_msgs_v4/include/dobot_msgs_v4/dobot_msgs_v4/srv/detail/start_drag__rosidl_typesupport_fastrtps_cpp.hpp
[55.761s] -- Installing: /home/user/dobot_ws/install/dobot_msgs_v4/include/dobot_msgs_v4/dobot_msgs_v4/srv/detail/set_tool485__rosidl_typesupport_fastrtps_cpp.hpp
[55.761s] -- Installing: /home/user/dobot_ws/install/dobot_msgs_v4/include/dobot_msgs_v4/dobot_msgs_v4/srv/detail/reset_robot__rosidl_typesupport_fastrtps_cpp.hpp
[55.761s] -- Installing: /home/user/dobot_ws/install/dobot_msgs_v4/include/dobot_msgs_v4/dobot_msgs_v4/srv/detail/set_payload__rosidl_typesupport_fastrtps_cpp.hpp
[55.761s] -- Installing: /home/user/dobot_ws/install/dobot_msgs_v4/include/dobot_msgs_v4/dobot_msgs_v4/srv/detail/get_do__rosidl_typesupport_fastrtps_cpp.hpp
[55.761s] -- Installing: /home/user/dobot_ws/install/dobot_msgs_v4/include/dobot_msgs_v4/dobot_msgs_v4/srv/detail/end_rt_offset__rosidl_typesupport_fastrtps_cpp.hpp
[55.761s] -- Installing: /home/user/dobot_ws/install/dobot_msgs_v4/include/dobot_msgs_v4/dobot_msgs_v4/srv/detail/acc_l__rosidl_typesupport_fastrtps_cpp.hpp
[55.761s] -- Installing: /home/user/dobot_ws/install/dobot_msgs_v4/include/dobot_msgs_v4/dobot_msgs_v4/srv/detail/get_error__rosidl_typesupport_fastrtps_cpp.hpp
[55.761s] -- Installing: /home/user/dobot_ws/install/dobot_msgs_v4/include/dobot_msgs_v4/dobot_msgs_v4/srv/detail/set_work_zone_enable__rosidl_typesupport_fastrtps_cpp.hpp
[55.761s] -- Installing: /home/user/dobot_ws/install/dobot_msgs_v4/include/dobot_msgs_v4/dobot_msgs_v4/srv/detail/pause__rosidl_typesupport_fastrtps_cpp.hpp
[55.761s] -- Installing: /home/user/dobot_ws/install/dobot_msgs_v4/include/dobot_msgs_v4/dobot_msgs_v4/srv/detail/stop__rosidl_typesupport_fastrtps_cpp.hpp
[55.761s] -- Installing: /home/user/dobot_ws/install/dobot_msgs_v4/include/dobot_msgs_v4/dobot_msgs_v4/srv/detail/fc_set_deviation__rosidl_typesupport_fastrtps_cpp.hpp
[55.762s] -- Installing: /home/user/dobot_ws/install/dobot_msgs_v4/include/dobot_msgs_v4/dobot_msgs_v4/srv/detail/inverse_solution__rosidl_typesupport_fastrtps_cpp.hpp
[55.762s] -- Installing: /home/user/dobot_ws/install/dobot_msgs_v4/include/dobot_msgs_v4/dobot_msgs_v4/srv/detail/fc_set_force__rosidl_typesupport_fastrtps_cpp.hpp
[55.762s] -- Installing: /home/user/dobot_ws/install/dobot_msgs_v4/include/dobot_msgs_v4/dobot_msgs_v4/srv/detail/check_odd_mov_l__rosidl_typesupport_fastrtps_cpp.hpp
[55.762s] -- Installing: /home/user/dobot_ws/install/dobot_msgs_v4/include/dobot_msgs_v4/dobot_msgs_v4/srv/detail/get_output_int__rosidl_typesupport_fastrtps_cpp.hpp
[55.762s] -- Installing: /home/user/dobot_ws/install/dobot_msgs_v4/include/dobot_msgs_v4/dobot_msgs_v4/srv/detail/clear_error__rosidl_typesupport_fastrtps_cpp.hpp
[55.762s] -- Installing: /home/user/dobot_ws/install/dobot_msgs_v4/include/dobot_msgs_v4/dobot_msgs_v4/srv/detail/inverse_kin__rosidl_typesupport_fastrtps_cpp.hpp
[55.762s] -- Installing: /home/user/dobot_ws/install/dobot_msgs_v4/include/dobot_msgs_v4/dobot_msgs_v4/srv/detail/set_collision_level__rosidl_typesupport_fastrtps_cpp.hpp
[55.762s] -- Installing: /home/user/dobot_ws/install/dobot_msgs_v4/include/dobot_msgs_v4/dobot_msgs_v4/srv/detail/brake_control__rosidl_typesupport_fastrtps_cpp.hpp
[55.762s] -- Installing: /home/user/dobot_ws/install/dobot_msgs_v4/include/dobot_msgs_v4/dobot_msgs_v4/srv/detail/rel_mov_l_tool__rosidl_typesupport_fastrtps_cpp.hpp
[55.762s] -- Installing: /home/user/dobot_ws/install/dobot_msgs_v4/include/dobot_msgs_v4/dobot_msgs_v4/srv/detail/fc_set_damping__rosidl_typesupport_fastrtps_cpp.hpp
[55.762s] -- Installing: /home/user/dobot_ws/install/dobot_msgs_v4/include/dobot_msgs_v4/dobot_msgs_v4/srv/detail/circle__rosidl_typesupport_fastrtps_cpp.hpp
[55.763s] -- Installing: /home/user/dobot_ws/install/dobot_msgs_v4/include/dobot_msgs_v4/dobot_msgs_v4/srv/detail/ai__rosidl_typesupport_fastrtps_cpp.hpp
[55.763s] -- Installing: /home/user/dobot_ws/install/dobot_msgs_v4/include/dobot_msgs_v4/dobot_msgs_v4/srv/detail/get_coils__rosidl_typesupport_fastrtps_cpp.hpp
[55.763s] -- Installing: /home/user/dobot_ws/install/dobot_msgs_v4/include/dobot_msgs_v4/dobot_msgs_v4/srv/detail/enable_ft_sensor__rosidl_typesupport_fastrtps_cpp.hpp
[55.763s] -- Installing: /home/user/dobot_ws/install/dobot_msgs_v4/include/dobot_msgs_v4/dobot_msgs_v4/srv/detail/six_force_home__rosidl_typesupport_fastrtps_cpp.hpp
[55.763s] -- Installing: /home/user/dobot_ws/install/dobot_msgs_v4/include/dobot_msgs_v4/dobot_msgs_v4/srv/detail/disable_robot__rosidl_typesupport_fastrtps_cpp.hpp
[55.763s] -- Installing: /home/user/dobot_ws/install/dobot_msgs_v4/include/dobot_msgs_v4/dobot_msgs_v4/srv/detail/fc_set_stiffness__rosidl_typesupport_fastrtps_cpp.hpp
[55.763s] -- Installing: /home/user/dobot_ws/install/dobot_msgs_v4/include/dobot_msgs_v4/dobot_msgs_v4/srv/detail/dds_fastrtps
[55.763s] -- Installing: /home/user/dobot_ws/install/dobot_msgs_v4/include/dobot_msgs_v4/dobot_msgs_v4/srv/detail/get_output_bool__rosidl_typesupport_fastrtps_cpp.hpp
[55.763s] -- Installing: /home/user/dobot_ws/install/dobot_msgs_v4/include/dobot_msgs_v4/dobot_msgs_v4/srv/detail/drag_sensivity__rosidl_typesupport_fastrtps_cpp.hpp
[55.763s] -- Installing: /home/user/dobot_ws/install/dobot_msgs_v4/include/dobot_msgs_v4/dobot_msgs_v4/srv/detail/get_input_float__rosidl_typesupport_fastrtps_cpp.hpp
[55.764s] -- Installing: /home/user/dobot_ws/install/dobot_msgs_v4/include/dobot_msgs_v4/dobot_msgs_v4/srv/detail/get_start_pose__rosidl_typesupport_fastrtps_cpp.hpp
[55.764s] -- Installing: /home/user/dobot_ws/install/dobot_msgs_v4/include/dobot_msgs_v4/dobot_msgs_v4/srv/detail/set_output_bool__rosidl_typesupport_fastrtps_cpp.hpp
[55.764s] -- Installing: /home/user/dobot_ws/install/dobot_msgs_v4/include/dobot_msgs_v4/dobot_msgs_v4/srv/detail/do_group_dec__rosidl_typesupport_fastrtps_cpp.hpp
[55.764s] -- Installing: /home/user/dobot_ws/install/dobot_msgs_v4/include/dobot_msgs_v4/dobot_msgs_v4/srv/detail/mov_jio__rosidl_typesupport_fastrtps_cpp.hpp
[55.764s] -- Installing: /home/user/dobot_ws/install/dobot_msgs_v4/include/dobot_msgs_v4/dobot_msgs_v4/srv/detail/calc_user__rosidl_typesupport_fastrtps_cpp.hpp
[55.764s] -- Installing: /home/user/dobot_ws/install/dobot_msgs_v4/include/dobot_msgs_v4/dobot_msgs_v4/srv/detail/servo_j__rosidl_typesupport_fastrtps_cpp.hpp
[55.764s] -- Installing: /home/user/dobot_ws/install/dobot_msgs_v4/include/dobot_msgs_v4/dobot_msgs_v4/srv/detail/set_back_distance__rosidl_typesupport_fastrtps_cpp.hpp
[55.764s] -- Installing: /home/user/dobot_ws/install/dobot_msgs_v4/include/dobot_msgs_v4/dobot_msgs_v4/srv/detail/get_in_bits__rosidl_typesupport_fastrtps_cpp.hpp
[55.764s] -- Installing: /home/user/dobot_ws/install/dobot_msgs_v4/include/dobot_msgs_v4/dobot_msgs_v4/srv/detail/set_fc_collision__rosidl_typesupport_fastrtps_cpp.hpp
[55.764s] -- Installing: /home/user/dobot_ws/install/dobot_msgs_v4/include/dobot_msgs_v4/dobot_msgs_v4/srv/detail/get_in_regs__rosidl_typesupport_fastrtps_cpp.hpp
[55.764s] -- Installing: /home/user/dobot_ws/install/dobot_msgs_v4/include/dobot_msgs_v4/dobot_msgs_v4/srv/detail/fc_set_mass__rosidl_typesupport_fastrtps_cpp.hpp
[55.765s] -- Installing: /home/user/dobot_ws/install/dobot_msgs_v4/include/dobot_msgs_v4/dobot_msgs_v4/srv/detail/start_path__rosidl_typesupport_fastrtps_cpp.hpp
[55.765s] -- Installing: /home/user/dobot_ws/install/dobot_msgs_v4/include/dobot_msgs_v4/dobot_msgs_v4/srv/detail/servo_p__rosidl_typesupport_fastrtps_cpp.hpp
[55.765s] -- Installing: /home/user/dobot_ws/install/dobot_msgs_v4/include/dobot_msgs_v4/dobot_msgs_v4/srv/detail/start_rt_offset__rosidl_typesupport_fastrtps_cpp.hpp
[55.765s] -- Installing: /home/user/dobot_ws/install/dobot_msgs_v4/include/dobot_msgs_v4/dobot_msgs_v4/srv/detail/set_hold_regs__rosidl_typesupport_fastrtps_cpp.hpp
[55.765s] -- Installing: /home/user/dobot_ws/install/dobot_msgs_v4/include/dobot_msgs_v4/dobot_msgs_v4/srv/detail/mov_lio__rosidl_typesupport_fastrtps_cpp.hpp
[55.765s] -- Installing: /home/user/dobot_ws/install/dobot_msgs_v4/include/dobot_msgs_v4/dobot_msgs_v4/srv/detail/get_input_int__rosidl_typesupport_fastrtps_cpp.hpp
[55.765s] -- Installing: /home/user/dobot_ws/install/dobot_msgs_v4/include/dobot_msgs_v4/dobot_msgs_v4/srv/detail/enable_robot__rosidl_typesupport_fastrtps_cpp.hpp
[55.765s] -- Installing: /home/user/dobot_ws/install/dobot_msgs_v4/include/dobot_msgs_v4/dobot_msgs_v4/srv/detail/set_tool_power__rosidl_typesupport_fastrtps_cpp.hpp
[55.765s] -- Installing: /home/user/dobot_ws/install/dobot_msgs_v4/include/dobot_msgs_v4/dobot_msgs_v4/srv/detail/get_tool_do__rosidl_typesupport_fastrtps_cpp.hpp
[55.765s] -- Installing: /home/user/dobot_ws/install/dobot_msgs_v4/include/dobot_msgs_v4/dobot_msgs_v4/srv/detail/get_do_group_dec__rosidl_typesupport_fastrtps_cpp.hpp
[55.765s] -- Installing: /home/user/dobot_ws/install/dobot_msgs_v4/include/dobot_msgs_v4/dobot_msgs_v4/srv/detail/user__rosidl_typesupport_fastrtps_cpp.hpp
[55.765s] -- Installing: /home/user/dobot_ws/install/dobot_msgs_v4/include/dobot_msgs_v4/dobot_msgs_v4/srv/detail/tool_ai__rosidl_typesupport_fastrtps_cpp.hpp
[55.766s] -- Installing: /home/user/dobot_ws/install/dobot_msgs_v4/include/dobot_msgs_v4/dobot_msgs_v4/srv/detail/robot_mode__rosidl_typesupport_fastrtps_cpp.hpp
[55.766s] -- Installing: /home/user/dobot_ws/install/dobot_msgs_v4/include/dobot_msgs_v4/dobot_msgs_v4/srv/detail/rel_joint_mov_j__rosidl_typesupport_fastrtps_cpp.hpp
[55.766s] -- Installing: /home/user/dobot_ws/install/dobot_msgs_v4/include/dobot_msgs_v4/dobot_msgs_v4/srv/detail/calc_tool__rosidl_typesupport_fastrtps_cpp.hpp
[55.766s] -- Installing: /home/user/dobot_ws/install/dobot_msgs_v4/include/dobot_msgs_v4/dobot_msgs_v4/srv/detail/vel_l__rosidl_typesupport_fastrtps_cpp.hpp
[55.766s] -- Installing: /home/user/dobot_ws/install/dobot_msgs_v4/include/dobot_msgs_v4/dobot_msgs_v4/srv/detail/rel_mov_j_tool__rosidl_typesupport_fastrtps_cpp.hpp
[55.766s] -- Installing: /home/user/dobot_ws/install/dobot_msgs_v4/include/dobot_msgs_v4/dobot_msgs_v4/srv/detail/tool_do_instant__rosidl_typesupport_fastrtps_cpp.hpp
[55.766s] -- Installing: /home/user/dobot_ws/install/dobot_msgs_v4/include/dobot_msgs_v4/dobot_msgs_v4/srv/detail/get_input_bool__rosidl_typesupport_fastrtps_cpp.hpp
[55.766s] -- Installing: /home/user/dobot_ws/install/dobot_msgs_v4/include/dobot_msgs_v4/dobot_msgs_v4/srv/detail/get_pose__rosidl_typesupport_fastrtps_cpp.hpp
[55.766s] -- Installing: /home/user/dobot_ws/install/dobot_msgs_v4/include/dobot_msgs_v4/dobot_msgs_v4/srv/detail/run_script__rosidl_typesupport_fastrtps_cpp.hpp
[55.766s] -- Installing: /home/user/dobot_ws/install/dobot_msgs_v4/include/dobot_msgs_v4/dobot_msgs_v4/srv/detail/run_to__rosidl_typesupport_fastrtps_cpp.hpp
[55.766s] -- Installing: /home/user/dobot_ws/install/dobot_msgs_v4/include/dobot_msgs_v4/dobot_msgs_v4/srv/detail/set_user__rosidl_typesupport_fastrtps_cpp.hpp
[55.767s] -- Installing: /home/user/dobot_ws/install/dobot_msgs_v4/include/dobot_msgs_v4/dobot_msgs_v4/srv/detail/get_ao__rosidl_typesupport_fastrtps_cpp.hpp
[55.767s] -- Installing: /home/user/dobot_ws/install/dobot_msgs_v4/include/dobot_msgs_v4/dobot_msgs_v4/srv/detail/get_force__rosidl_typesupport_fastrtps_cpp.hpp
[55.767s] -- Installing: /home/user/dobot_ws/install/dobot_msgs_v4/include/dobot_msgs_v4/dobot_msgs_v4/srv/detail/mov_l__rosidl_typesupport_fastrtps_cpp.hpp
[55.767s] -- Installing: /home/user/dobot_ws/install/dobot_msgs_v4/include/dobot_msgs_v4/dobot_msgs_v4/srv/detail/get_current_command_id__rosidl_typesupport_fastrtps_cpp.hpp
[55.767s] -- Installing: /home/user/dobot_ws/install/dobot_msgs_v4/include/dobot_msgs_v4/dobot_msgs_v4/srv/detail/set_output_float__rosidl_typesupport_fastrtps_cpp.hpp
[55.767s] -- Installing: /home/user/dobot_ws/install/dobot_msgs_v4/include/dobot_msgs_v4/dobot_msgs_v4/srv/detail/move_jog__rosidl_typesupport_fastrtps_cpp.hpp
[55.767s] -- Installing: /home/user/dobot_ws/install/dobot_msgs_v4/include/dobot_msgs_v4/dobot_msgs_v4/srv/detail/get_hold_regs__rosidl_typesupport_fastrtps_cpp.hpp
[55.767s] -- Installing: /home/user/dobot_ws/install/dobot_msgs_v4/include/dobot_msgs_v4/dobot_msgs_v4/srv/detail/get_error_id__rosidl_typesupport_fastrtps_cpp.hpp
[55.767s] -- Installing: /home/user/dobot_ws/install/dobot_msgs_v4/include/dobot_msgs_v4/dobot_msgs_v4/srv/detail/di_group_dec__rosidl_typesupport_fastrtps_cpp.hpp
[55.767s] -- Installing: /home/user/dobot_ws/install/dobot_msgs_v4/include/dobot_msgs_v4/dobot_msgs_v4/srv/detail/emergency_stop__rosidl_typesupport_fastrtps_cpp.hpp
[55.767s] -- Installing: /home/user/dobot_ws/install/dobot_msgs_v4/include/dobot_msgs_v4/dobot_msgs_v4/srv/detail/tool__rosidl_typesupport_fastrtps_cpp.hpp
[55.768s] -- Installing: /home/user/dobot_ws/install/dobot_msgs_v4/include/dobot_msgs_v4/dobot_msgs_v4/srv/detail/positive_kin__rosidl_typesupport_fastrtps_cpp.hpp
[55.768s] -- Installing: /home/user/dobot_ws/install/dobot_msgs_v4/include/dobot_msgs_v4/dobot_msgs_v4/srv/detail/enable_safe_skin__rosidl_typesupport_fastrtps_cpp.hpp
[55.768s] -- Installing: /home/user/dobot_ws/install/dobot_msgs_v4/include/dobot_msgs_v4/dobot_msgs_v4/srv/detail/ao_instant__rosidl_typesupport_fastrtps_cpp.hpp
[55.768s] -- Installing: /home/user/dobot_ws/install/dobot_msgs_v4/include/dobot_msgs_v4/dobot_msgs_v4/srv/detail/get_do_group__rosidl_typesupport_fastrtps_cpp.hpp
[55.768s] -- Installing: /home/user/dobot_ws/install/dobot_msgs_v4/include/dobot_msgs_v4/dobot_msgs_v4/srv/detail/do__rosidl_typesupport_fastrtps_cpp.hpp
[55.768s] -- Installing: /home/user/dobot_ws/install/dobot_msgs_v4/include/dobot_msgs_v4/dobot_msgs_v4/srv/detail/set_safe_skin__rosidl_typesupport_fastrtps_cpp.hpp
[55.768s] -- Installing: /home/user/dobot_ws/install/dobot_msgs_v4/include/dobot_msgs_v4/dobot_msgs_v4/srv/detail/speed_factor__rosidl_typesupport_fastrtps_cpp.hpp
[55.768s] -- Installing: /home/user/dobot_ws/install/dobot_msgs_v4/include/dobot_msgs_v4/dobot_msgs_v4/srv/detail/set_tool__rosidl_typesupport_fastrtps_cpp.hpp
[55.768s] -- Installing: /home/user/dobot_ws/install/dobot_msgs_v4/include/dobot_msgs_v4/dobot_msgs_v4/srv/detail/check_odd_mov_j__rosidl_typesupport_fastrtps_cpp.hpp
[55.768s] -- Installing: /home/user/dobot_ws/install/dobot_msgs_v4/include/dobot_msgs_v4/dobot_msgs_v4/srv/detail/modbus_create__rosidl_typesupport_fastrtps_cpp.hpp
[55.769s] -- Installing: /home/user/dobot_ws/install/dobot_msgs_v4/include/dobot_msgs_v4/dobot_msgs_v4/srv/detail/di__rosidl_typesupport_fastrtps_cpp.hpp
[55.769s] -- Installing: /home/user/dobot_ws/install/dobot_msgs_v4/include/dobot_msgs_v4/dobot_msgs_v4/srv/detail/modbus_close__rosidl_typesupport_fastrtps_cpp.hpp
[55.769s] -- Installing: /home/user/dobot_ws/install/dobot_msgs_v4/include/dobot_msgs_v4/dobot_msgs_v4/srv/detail/force_drive_mode__rosidl_typesupport_fastrtps_cpp.hpp
[55.769s] -- Installing: /home/user/dobot_ws/install/dobot_msgs_v4/include/dobot_msgs_v4/dobot_msgs_v4/srv/detail/set_post_collision_mode__rosidl_typesupport_fastrtps_cpp.hpp
[55.769s] -- Installing: /home/user/dobot_ws/install/dobot_msgs_v4/include/dobot_msgs_v4/dobot_msgs_v4/srv/detail/vel_j__rosidl_typesupport_fastrtps_cpp.hpp
[55.769s] -- Installing: /home/user/dobot_ws/install/dobot_msgs_v4/include/dobot_msgs_v4/dobot_msgs_v4/srv/detail/ao__rosidl_typesupport_fastrtps_cpp.hpp
[55.769s] -- Installing: /home/user/dobot_ws/install/dobot_msgs_v4/include/dobot_msgs_v4/dobot_msgs_v4/srv/detail/do_group__rosidl_typesupport_fastrtps_cpp.hpp
[55.769s] -- Installing: /home/user/dobot_ws/install/dobot_msgs_v4/include/dobot_msgs_v4/dobot_msgs_v4/srv/detail/set_output_int__rosidl_typesupport_fastrtps_cpp.hpp
[55.769s] -- Installing: /home/user/dobot_ws/install/dobot_msgs_v4/include/dobot_msgs_v4/dobot_msgs_v4/srv/detail/cp__rosidl_typesupport_fastrtps_cpp.hpp
[55.769s] -- Installing: /home/user/dobot_ws/install/dobot_msgs_v4/include/dobot_msgs_v4/dobot_msgs_v4/srv/detail/modbus_rtu_create__rosidl_typesupport_fastrtps_cpp.hpp
[55.770s] -- Installing: /home/user/dobot_ws/install/dobot_msgs_v4/lib/libdobot_msgs_v4__rosidl_typesupport_fastrtps_cpp.so
[55.771s] -- Set runtime path of "/home/user/dobot_ws/install/dobot_msgs_v4/lib/libdobot_msgs_v4__rosidl_typesupport_fastrtps_cpp.so" to ""
[55.771s] -- Up-to-date: /home/user/dobot_ws/install/dobot_msgs_v4/include/dobot_msgs_v4/dobot_msgs_v4
[55.771s] -- Up-to-date: /home/user/dobot_ws/install/dobot_msgs_v4/include/dobot_msgs_v4/dobot_msgs_v4/msg
[55.771s] -- Installing: /home/user/dobot_ws/install/dobot_msgs_v4/include/dobot_msgs_v4/dobot_msgs_v4/msg/rosidl_typesupport_introspection_c__visibility_control.h
[55.772s] -- Up-to-date: /home/user/dobot_ws/install/dobot_msgs_v4/include/dobot_msgs_v4/dobot_msgs_v4/msg/detail
[55.772s] -- Installing: /home/user/dobot_ws/install/dobot_msgs_v4/include/dobot_msgs_v4/dobot_msgs_v4/msg/detail/tool_vector_actual__rosidl_typesupport_introspection_c.h
[55.772s] -- Installing: /home/user/dobot_ws/install/dobot_msgs_v4/include/dobot_msgs_v4/dobot_msgs_v4/msg/detail/tool_vector_actual__type_support.c
[55.772s] -- Installing: /home/user/dobot_ws/install/dobot_msgs_v4/include/dobot_msgs_v4/dobot_msgs_v4/msg/detail/robot_status__type_support.c
[55.772s] -- Installing: /home/user/dobot_ws/install/dobot_msgs_v4/include/dobot_msgs_v4/dobot_msgs_v4/msg/detail/robot_status__rosidl_typesupport_introspection_c.h
[55.772s] -- Up-to-date: /home/user/dobot_ws/install/dobot_msgs_v4/include/dobot_msgs_v4/dobot_msgs_v4/srv
[55.772s] -- Up-to-date: /home/user/dobot_ws/install/dobot_msgs_v4/include/dobot_msgs_v4/dobot_msgs_v4/srv/detail
[55.772s] -- Installing: /home/user/dobot_ws/install/dobot_msgs_v4/include/dobot_msgs_v4/dobot_msgs_v4/srv/detail/circle__rosidl_typesupport_introspection_c.h
[55.772s] -- Installing: /home/user/dobot_ws/install/dobot_msgs_v4/include/dobot_msgs_v4/dobot_msgs_v4/srv/detail/check_odd_mov_l__rosidl_typesupport_introspection_c.h
[55.772s] -- Installing: /home/user/dobot_ws/install/dobot_msgs_v4/include/dobot_msgs_v4/dobot_msgs_v4/srv/detail/force_drive_speed__rosidl_typesupport_introspection_c.h
[55.772s] -- Installing: /home/user/dobot_ws/install/dobot_msgs_v4/include/dobot_msgs_v4/dobot_msgs_v4/srv/detail/mov_l__rosidl_typesupport_introspection_c.h
[55.772s] -- Installing: /home/user/dobot_ws/install/dobot_msgs_v4/include/dobot_msgs_v4/dobot_msgs_v4/srv/detail/enable_robot__rosidl_typesupport_introspection_c.h
[55.772s] -- Installing: /home/user/dobot_ws/install/dobot_msgs_v4/include/dobot_msgs_v4/dobot_msgs_v4/srv/detail/set_fc_collision__type_support.c
[55.772s] -- Installing: /home/user/dobot_ws/install/dobot_msgs_v4/include/dobot_msgs_v4/dobot_msgs_v4/srv/detail/check_odd_mov_c__type_support.c
[55.773s] -- Installing: /home/user/dobot_ws/install/dobot_msgs_v4/include/dobot_msgs_v4/dobot_msgs_v4/srv/detail/start_path__rosidl_typesupport_introspection_c.h
[55.773s] -- Installing: /home/user/dobot_ws/install/dobot_msgs_v4/include/dobot_msgs_v4/dobot_msgs_v4/srv/detail/do_instant__type_support.c
[55.773s] -- Installing: /home/user/dobot_ws/install/dobot_msgs_v4/include/dobot_msgs_v4/dobot_msgs_v4/srv/detail/inverse_kin__rosidl_typesupport_introspection_c.h
[55.773s] -- Installing: /home/user/dobot_ws/install/dobot_msgs_v4/include/dobot_msgs_v4/dobot_msgs_v4/srv/detail/do_group_dec__type_support.c
[55.773s] -- Installing: /home/user/dobot_ws/install/dobot_msgs_v4/include/dobot_msgs_v4/dobot_msgs_v4/srv/detail/set_safe_wall_enable__type_support.c
[55.773s] -- Installing: /home/user/dobot_ws/install/dobot_msgs_v4/include/dobot_msgs_v4/dobot_msgs_v4/srv/detail/set_hold_regs__rosidl_typesupport_introspection_c.h
[55.773s] -- Installing: /home/user/dobot_ws/install/dobot_msgs_v4/include/dobot_msgs_v4/dobot_msgs_v4/srv/detail/tool_do_instant__type_support.c
[55.773s] -- Installing: /home/user/dobot_ws/install/dobot_msgs_v4/include/dobot_msgs_v4/dobot_msgs_v4/srv/detail/get_in_regs__rosidl_typesupport_introspection_c.h
[55.773s] -- Installing: /home/user/dobot_ws/install/dobot_msgs_v4/include/dobot_msgs_v4/dobot_msgs_v4/srv/detail/get_output_int__rosidl_typesupport_introspection_c.h
[55.773s] -- Installing: /home/user/dobot_ws/install/dobot_msgs_v4/include/dobot_msgs_v4/dobot_msgs_v4/srv/detail/power_on__type_support.c
[55.773s] -- Installing: /home/user/dobot_ws/install/dobot_msgs_v4/include/dobot_msgs_v4/dobot_msgs_v4/srv/detail/start_path__type_support.c
[55.774s] -- Installing: /home/user/dobot_ws/install/dobot_msgs_v4/include/dobot_msgs_v4/dobot_msgs_v4/srv/detail/get_angle__rosidl_typesupport_introspection_c.h
[55.774s] -- Installing: /home/user/dobot_ws/install/dobot_msgs_v4/include/dobot_msgs_v4/dobot_msgs_v4/srv/detail/ao_instant__rosidl_typesupport_introspection_c.h
[55.774s] -- Installing: /home/user/dobot_ws/install/dobot_msgs_v4/include/dobot_msgs_v4/dobot_msgs_v4/srv/detail/set_tool__rosidl_typesupport_introspection_c.h
[55.774s] -- Installing: /home/user/dobot_ws/install/dobot_msgs_v4/include/dobot_msgs_v4/dobot_msgs_v4/srv/detail/vel_j__type_support.c
[55.774s] -- Installing: /home/user/dobot_ws/install/dobot_msgs_v4/include/dobot_msgs_v4/dobot_msgs_v4/srv/detail/modbus_create__rosidl_typesupport_introspection_c.h
[55.774s] -- Installing: /home/user/dobot_ws/install/dobot_msgs_v4/include/dobot_msgs_v4/dobot_msgs_v4/srv/detail/get_do_group__type_support.c
[55.774s] -- Installing: /home/user/dobot_ws/install/dobot_msgs_v4/include/dobot_msgs_v4/dobot_msgs_v4/srv/detail/six_force_home__rosidl_typesupport_introspection_c.h
[55.774s] -- Installing: /home/user/dobot_ws/install/dobot_msgs_v4/include/dobot_msgs_v4/dobot_msgs_v4/srv/detail/set_user__rosidl_typesupport_introspection_c.h
[55.774s] -- Installing: /home/user/dobot_ws/install/dobot_msgs_v4/include/dobot_msgs_v4/dobot_msgs_v4/srv/detail/di_group__type_support.c
[55.774s] -- Installing: /home/user/dobot_ws/install/dobot_msgs_v4/include/dobot_msgs_v4/dobot_msgs_v4/srv/detail/six_force_home__type_support.c
[55.774s] -- Installing: /home/user/dobot_ws/install/dobot_msgs_v4/include/dobot_msgs_v4/dobot_msgs_v4/srv/detail/rel_mov_l_user__type_support.c
[55.775s] -- Installing: /home/user/dobot_ws/install/dobot_msgs_v4/include/dobot_msgs_v4/dobot_msgs_v4/srv/detail/fc_off__rosidl_typesupport_introspection_c.h
[55.775s] -- Installing: /home/user/dobot_ws/install/dobot_msgs_v4/include/dobot_msgs_v4/dobot_msgs_v4/srv/detail/fc_collision_switch__rosidl_typesupport_introspection_c.h
[55.775s] -- Installing: /home/user/dobot_ws/install/dobot_msgs_v4/include/dobot_msgs_v4/dobot_msgs_v4/srv/detail/rel_mov_l_tool__rosidl_typesupport_introspection_c.h
[55.775s] -- Installing: /home/user/dobot_ws/install/dobot_msgs_v4/include/dobot_msgs_v4/dobot_msgs_v4/srv/detail/stop_drag__type_support.c
[55.775s] -- Installing: /home/user/dobot_ws/install/dobot_msgs_v4/include/dobot_msgs_v4/dobot_msgs_v4/srv/detail/end_rt_offset__rosidl_typesupport_introspection_c.h
[55.775s] -- Installing: /home/user/dobot_ws/install/dobot_msgs_v4/include/dobot_msgs_v4/dobot_msgs_v4/srv/detail/run_script__type_support.c
[55.775s] -- Installing: /home/user/dobot_ws/install/dobot_msgs_v4/include/dobot_msgs_v4/dobot_msgs_v4/srv/detail/get_output_int__type_support.c
[55.775s] -- Installing: /home/user/dobot_ws/install/dobot_msgs_v4/include/dobot_msgs_v4/dobot_msgs_v4/srv/detail/tcp_dashboard__rosidl_typesupport_introspection_c.h
[55.775s] -- Installing: /home/user/dobot_ws/install/dobot_msgs_v4/include/dobot_msgs_v4/dobot_msgs_v4/srv/detail/set_output_float__type_support.c
[55.775s] -- Installing: /home/user/dobot_ws/install/dobot_msgs_v4/include/dobot_msgs_v4/dobot_msgs_v4/srv/detail/ao__rosidl_typesupport_introspection_c.h
[55.775s] -- Installing: /home/user/dobot_ws/install/dobot_msgs_v4/include/dobot_msgs_v4/dobot_msgs_v4/srv/detail/mov_lio__rosidl_typesupport_introspection_c.h
[55.776s] -- Installing: /home/user/dobot_ws/install/dobot_msgs_v4/include/dobot_msgs_v4/dobot_msgs_v4/srv/detail/set_back_distance__rosidl_typesupport_introspection_c.h
[55.776s] -- Installing: /home/user/dobot_ws/install/dobot_msgs_v4/include/dobot_msgs_v4/dobot_msgs_v4/srv/detail/set_collision_level__rosidl_typesupport_introspection_c.h
[55.776s] -- Installing: /home/user/dobot_ws/install/dobot_msgs_v4/include/dobot_msgs_v4/dobot_msgs_v4/srv/detail/do_instant__rosidl_typesupport_introspection_c.h
[55.776s] -- Installing: /home/user/dobot_ws/install/dobot_msgs_v4/include/dobot_msgs_v4/dobot_msgs_v4/srv/detail/speed_factor__type_support.c
[55.776s] -- Installing: /home/user/dobot_ws/install/dobot_msgs_v4/include/dobot_msgs_v4/dobot_msgs_v4/srv/detail/enable_robot__type_support.c
[55.776s] -- Installing: /home/user/dobot_ws/install/dobot_msgs_v4/include/dobot_msgs_v4/dobot_msgs_v4/srv/detail/pause__rosidl_typesupport_introspection_c.h
[55.776s] -- Installing: /home/user/dobot_ws/install/dobot_msgs_v4/include/dobot_msgs_v4/dobot_msgs_v4/srv/detail/vel_j__rosidl_typesupport_introspection_c.h
[55.776s] -- Installing: /home/user/dobot_ws/install/dobot_msgs_v4/include/dobot_msgs_v4/dobot_msgs_v4/srv/detail/move_jog__rosidl_typesupport_introspection_c.h
[55.776s] -- Installing: /home/user/dobot_ws/install/dobot_msgs_v4/include/dobot_msgs_v4/dobot_msgs_v4/srv/detail/fc_force_mode__type_support.c
[55.776s] -- Installing: /home/user/dobot_ws/install/dobot_msgs_v4/include/dobot_msgs_v4/dobot_msgs_v4/srv/detail/continue__rosidl_typesupport_introspection_c.h
[55.776s] -- Installing: /home/user/dobot_ws/install/dobot_msgs_v4/include/dobot_msgs_v4/dobot_msgs_v4/srv/detail/user__type_support.c
[55.777s] -- Installing: /home/user/dobot_ws/install/dobot_msgs_v4/include/dobot_msgs_v4/dobot_msgs_v4/srv/detail/get_start_pose__type_support.c
[55.777s] -- Installing: /home/user/dobot_ws/install/dobot_msgs_v4/include/dobot_msgs_v4/dobot_msgs_v4/srv/detail/start_rt_offset__type_support.c
[55.777s] -- Installing: /home/user/dobot_ws/install/dobot_msgs_v4/include/dobot_msgs_v4/dobot_msgs_v4/srv/detail/set_post_collision_mode__rosidl_typesupport_introspection_c.h
[55.777s] -- Installing: /home/user/dobot_ws/install/dobot_msgs_v4/include/dobot_msgs_v4/dobot_msgs_v4/srv/detail/get_coils__type_support.c
[55.777s] -- Installing: /home/user/dobot_ws/install/dobot_msgs_v4/include/dobot_msgs_v4/dobot_msgs_v4/srv/detail/get_do_group_dec__rosidl_typesupport_introspection_c.h
[55.777s] -- Installing: /home/user/dobot_ws/install/dobot_msgs_v4/include/dobot_msgs_v4/dobot_msgs_v4/srv/detail/force_drive_mode__rosidl_typesupport_introspection_c.h
[55.777s] -- Installing: /home/user/dobot_ws/install/dobot_msgs_v4/include/dobot_msgs_v4/dobot_msgs_v4/srv/detail/stop_move_jog__type_support.c
[55.777s] -- Installing: /home/user/dobot_ws/install/dobot_msgs_v4/include/dobot_msgs_v4/dobot_msgs_v4/srv/detail/speed_factor__rosidl_typesupport_introspection_c.h
[55.777s] -- Installing: /home/user/dobot_ws/install/dobot_msgs_v4/include/dobot_msgs_v4/dobot_msgs_v4/srv/detail/get_error__rosidl_typesupport_introspection_c.h
[55.777s] -- Installing: /home/user/dobot_ws/install/dobot_msgs_v4/include/dobot_msgs_v4/dobot_msgs_v4/srv/detail/clear_error__type_support.c
[55.777s] -- Installing: /home/user/dobot_ws/install/dobot_msgs_v4/include/dobot_msgs_v4/dobot_msgs_v4/srv/detail/disable_robot__rosidl_typesupport_introspection_c.h
[55.777s] -- Installing: /home/user/dobot_ws/install/dobot_msgs_v4/include/dobot_msgs_v4/dobot_msgs_v4/srv/detail/fc_set_mass__type_support.c
[55.778s] -- Installing: /home/user/dobot_ws/install/dobot_msgs_v4/include/dobot_msgs_v4/dobot_msgs_v4/srv/detail/fc_set_mass__rosidl_typesupport_introspection_c.h
[55.778s] -- Installing: /home/user/dobot_ws/install/dobot_msgs_v4/include/dobot_msgs_v4/dobot_msgs_v4/srv/detail/servo_p__type_support.c
[55.778s] -- Installing: /home/user/dobot_ws/install/dobot_msgs_v4/include/dobot_msgs_v4/dobot_msgs_v4/srv/detail/tool_di__rosidl_typesupport_introspection_c.h
[55.778s] -- Installing: /home/user/dobot_ws/install/dobot_msgs_v4/include/dobot_msgs_v4/dobot_msgs_v4/srv/detail/set_tool485__rosidl_typesupport_introspection_c.h
[55.778s] -- Installing: /home/user/dobot_ws/install/dobot_msgs_v4/include/dobot_msgs_v4/dobot_msgs_v4/srv/detail/enable_ft_sensor__type_support.c
[55.778s] -- Installing: /home/user/dobot_ws/install/dobot_msgs_v4/include/dobot_msgs_v4/dobot_msgs_v4/srv/detail/positive_kin__rosidl_typesupport_introspection_c.h
[55.778s] -- Installing: /home/user/dobot_ws/install/dobot_msgs_v4/include/dobot_msgs_v4/dobot_msgs_v4/srv/detail/di_group__rosidl_typesupport_introspection_c.h
[55.778s] -- Installing: /home/user/dobot_ws/install/dobot_msgs_v4/include/dobot_msgs_v4/dobot_msgs_v4/srv/detail/set_tool_mode__type_support.c
[55.778s] -- Installing: /home/user/dobot_ws/install/dobot_msgs_v4/include/dobot_msgs_v4/dobot_msgs_v4/srv/detail/set_user__type_support.c
[55.779s] -- Installing: /home/user/dobot_ws/install/dobot_msgs_v4/include/dobot_msgs_v4/dobot_msgs_v4/srv/detail/fc_set_force_limit__type_support.c
[55.779s] -- Installing: /home/user/dobot_ws/install/dobot_msgs_v4/include/dobot_msgs_v4/dobot_msgs_v4/srv/detail/modbus_close__rosidl_typesupport_introspection_c.h
[55.779s] -- Installing: /home/user/dobot_ws/install/dobot_msgs_v4/include/dobot_msgs_v4/dobot_msgs_v4/srv/detail/stop_drag__rosidl_typesupport_introspection_c.h
[55.779s] -- Installing: /home/user/dobot_ws/install/dobot_msgs_v4/include/dobot_msgs_v4/dobot_msgs_v4/srv/detail/fc_set_force_speed_limit__type_support.c
[55.779s] -- Installing: /home/user/dobot_ws/install/dobot_msgs_v4/include/dobot_msgs_v4/dobot_msgs_v4/srv/detail/get_error_id__rosidl_typesupport_introspection_c.h
[55.779s] -- Installing: /home/user/dobot_ws/install/dobot_msgs_v4/include/dobot_msgs_v4/dobot_msgs_v4/srv/detail/drag_sensivity__type_support.c
[55.779s] -- Installing: /home/user/dobot_ws/install/dobot_msgs_v4/include/dobot_msgs_v4/dobot_msgs_v4/srv/detail/get_current_command_id__type_support.c
[55.779s] -- Installing: /home/user/dobot_ws/install/dobot_msgs_v4/include/dobot_msgs_v4/dobot_msgs_v4/srv/detail/get_error__type_support.c
[55.779s] -- Installing: /home/user/dobot_ws/install/dobot_msgs_v4/include/dobot_msgs_v4/dobot_msgs_v4/srv/detail/set_safe_wall_enable__rosidl_typesupport_introspection_c.h
[55.779s] -- Installing: /home/user/dobot_ws/install/dobot_msgs_v4/include/dobot_msgs_v4/dobot_msgs_v4/srv/detail/di__rosidl_typesupport_introspection_c.h
[55.779s] -- Installing: /home/user/dobot_ws/install/dobot_msgs_v4/include/dobot_msgs_v4/dobot_msgs_v4/srv/detail/di_group_dec__rosidl_typesupport_introspection_c.h
[55.779s] -- Installing: /home/user/dobot_ws/install/dobot_msgs_v4/include/dobot_msgs_v4/dobot_msgs_v4/srv/detail/acc_l__type_support.c
[55.780s] -- Installing: /home/user/dobot_ws/install/dobot_msgs_v4/include/dobot_msgs_v4/dobot_msgs_v4/srv/detail/brake_control__rosidl_typesupport_introspection_c.h
[55.780s] -- Installing: /home/user/dobot_ws/install/dobot_msgs_v4/include/dobot_msgs_v4/dobot_msgs_v4/srv/detail/set_coils__type_support.c
[55.780s] -- Installing: /home/user/dobot_ws/install/dobot_msgs_v4/include/dobot_msgs_v4/dobot_msgs_v4/srv/detail/robot_mode__rosidl_typesupport_introspection_c.h
[55.780s] -- Installing: /home/user/dobot_ws/install/dobot_msgs_v4/include/dobot_msgs_v4/dobot_msgs_v4/srv/detail/set_fc_collision__rosidl_typesupport_introspection_c.h
[55.780s] -- Installing: /home/user/dobot_ws/install/dobot_msgs_v4/include/dobot_msgs_v4/dobot_msgs_v4/srv/detail/modbus_rtu_create__type_support.c
[55.780s] -- Installing: /home/user/dobot_ws/install/dobot_msgs_v4/include/dobot_msgs_v4/dobot_msgs_v4/srv/detail/set_work_zone_enable__type_support.c
[55.780s] -- Installing: /home/user/dobot_ws/install/dobot_msgs_v4/include/dobot_msgs_v4/dobot_msgs_v4/srv/detail/reset_robot__type_support.c
[55.780s] -- Installing: /home/user/dobot_ws/install/dobot_msgs_v4/include/dobot_msgs_v4/dobot_msgs_v4/srv/detail/fc_collision_switch__type_support.c
[55.780s] -- Installing: /home/user/dobot_ws/install/dobot_msgs_v4/include/dobot_msgs_v4/dobot_msgs_v4/srv/detail/fc_set_damping__type_support.c
[55.780s] -- Installing: /home/user/dobot_ws/install/dobot_msgs_v4/include/dobot_msgs_v4/dobot_msgs_v4/srv/detail/set_back_distance__type_support.c
[55.780s] -- Installing: /home/user/dobot_ws/install/dobot_msgs_v4/include/dobot_msgs_v4/dobot_msgs_v4/srv/detail/do_group__type_support.c
[55.781s] -- Installing: /home/user/dobot_ws/install/dobot_msgs_v4/include/dobot_msgs_v4/dobot_msgs_v4/srv/detail/get_input_float__rosidl_typesupport_introspection_c.h
[55.781s] -- Installing: /home/user/dobot_ws/install/dobot_msgs_v4/include/dobot_msgs_v4/dobot_msgs_v4/srv/detail/get_tool_do__rosidl_typesupport_introspection_c.h
[55.781s] -- Installing: /home/user/dobot_ws/install/dobot_msgs_v4/include/dobot_msgs_v4/dobot_msgs_v4/srv/detail/di_group_dec__type_support.c
[55.781s] -- Installing: /home/user/dobot_ws/install/dobot_msgs_v4/include/dobot_msgs_v4/dobot_msgs_v4/srv/detail/get_output_bool__rosidl_typesupport_introspection_c.h
[55.781s] -- Installing: /home/user/dobot_ws/install/dobot_msgs_v4/include/dobot_msgs_v4/dobot_msgs_v4/srv/detail/rel_mov_j_user__rosidl_typesupport_introspection_c.h
[55.781s] -- Installing: /home/user/dobot_ws/install/dobot_msgs_v4/include/dobot_msgs_v4/dobot_msgs_v4/srv/detail/mov_j__type_support.c
[55.781s] -- Installing: /home/user/dobot_ws/install/dobot_msgs_v4/include/dobot_msgs_v4/dobot_msgs_v4/srv/detail/enable_safe_skin__rosidl_typesupport_introspection_c.h
[55.781s] -- Installing: /home/user/dobot_ws/install/dobot_msgs_v4/include/dobot_msgs_v4/dobot_msgs_v4/srv/detail/set_collision_level__type_support.c
[55.781s] -- Installing: /home/user/dobot_ws/install/dobot_msgs_v4/include/dobot_msgs_v4/dobot_msgs_v4/srv/detail/stop_move_jog__rosidl_typesupport_introspection_c.h
[55.781s] -- Installing: /home/user/dobot_ws/install/dobot_msgs_v4/include/dobot_msgs_v4/dobot_msgs_v4/srv/detail/fc_set_force__type_support.c
[55.781s] -- Installing: /home/user/dobot_ws/install/dobot_msgs_v4/include/dobot_msgs_v4/dobot_msgs_v4/srv/detail/rel_mov_l_tool__type_support.c
[55.782s] -- Installing: /home/user/dobot_ws/install/dobot_msgs_v4/include/dobot_msgs_v4/dobot_msgs_v4/srv/detail/get_output_float__type_support.c
[55.782s] -- Installing: /home/user/dobot_ws/install/dobot_msgs_v4/include/dobot_msgs_v4/dobot_msgs_v4/srv/detail/acc_j__rosidl_typesupport_introspection_c.h
[55.782s] -- Installing: /home/user/dobot_ws/install/dobot_msgs_v4/include/dobot_msgs_v4/dobot_msgs_v4/srv/detail/fc_force_mode__rosidl_typesupport_introspection_c.h
[55.782s] -- Installing: /home/user/dobot_ws/install/dobot_msgs_v4/include/dobot_msgs_v4/dobot_msgs_v4/srv/detail/get_ao__type_support.c
[55.782s] -- Installing: /home/user/dobot_ws/install/dobot_msgs_v4/include/dobot_msgs_v4/dobot_msgs_v4/srv/detail/calc_tool__rosidl_typesupport_introspection_c.h
[55.782s] -- Installing: /home/user/dobot_ws/install/dobot_msgs_v4/include/dobot_msgs_v4/dobot_msgs_v4/srv/detail/rel_mov_j_tool__rosidl_typesupport_introspection_c.h
[55.782s] -- Installing: /home/user/dobot_ws/install/dobot_msgs_v4/include/dobot_msgs_v4/dobot_msgs_v4/srv/detail/do__rosidl_typesupport_introspection_c.h
[55.782s] -- Installing: /home/user/dobot_ws/install/dobot_msgs_v4/include/dobot_msgs_v4/dobot_msgs_v4/srv/detail/end_rt_offset__type_support.c
[55.782s] -- Installing: /home/user/dobot_ws/install/dobot_msgs_v4/include/dobot_msgs_v4/dobot_msgs_v4/srv/detail/mov_j__rosidl_typesupport_introspection_c.h
[55.782s] -- Installing: /home/user/dobot_ws/install/dobot_msgs_v4/include/dobot_msgs_v4/dobot_msgs_v4/srv/detail/get_do_group_dec__type_support.c
[55.782s] -- Installing: /home/user/dobot_ws/install/dobot_msgs_v4/include/dobot_msgs_v4/dobot_msgs_v4/srv/detail/get_coils__rosidl_typesupport_introspection_c.h
[55.782s] -- Installing: /home/user/dobot_ws/install/dobot_msgs_v4/include/dobot_msgs_v4/dobot_msgs_v4/srv/detail/power_on__rosidl_typesupport_introspection_c.h
[55.783s] -- Installing: /home/user/dobot_ws/install/dobot_msgs_v4/include/dobot_msgs_v4/dobot_msgs_v4/srv/detail/servo_j__type_support.c
[55.783s] -- Installing: /home/user/dobot_ws/install/dobot_msgs_v4/include/dobot_msgs_v4/dobot_msgs_v4/srv/detail/set_payload__rosidl_typesupport_introspection_c.h
[55.783s] -- Installing: /home/user/dobot_ws/install/dobot_msgs_v4/include/dobot_msgs_v4/dobot_msgs_v4/srv/detail/disable_robot__type_support.c
[55.783s] -- Installing: /home/user/dobot_ws/install/dobot_msgs_v4/include/dobot_msgs_v4/dobot_msgs_v4/srv/detail/enable_ft_sensor__rosidl_typesupport_introspection_c.h
[55.783s] -- Installing: /home/user/dobot_ws/install/dobot_msgs_v4/include/dobot_msgs_v4/dobot_msgs_v4/srv/detail/positive_kin__type_support.c
[55.783s] -- Installing: /home/user/dobot_ws/install/dobot_msgs_v4/include/dobot_msgs_v4/dobot_msgs_v4/srv/detail/ao__type_support.c
[55.783s] -- Installing: /home/user/dobot_ws/install/dobot_msgs_v4/include/dobot_msgs_v4/dobot_msgs_v4/srv/detail/arc__rosidl_typesupport_introspection_c.h
[55.783s] -- Installing: /home/user/dobot_ws/install/dobot_msgs_v4/include/dobot_msgs_v4/dobot_msgs_v4/srv/detail/set_hold_regs__type_support.c
[55.783s] -- Installing: /home/user/dobot_ws/install/dobot_msgs_v4/include/dobot_msgs_v4/dobot_msgs_v4/srv/detail/get_in_regs__type_support.c
[55.783s] -- Installing: /home/user/dobot_ws/install/dobot_msgs_v4/include/dobot_msgs_v4/dobot_msgs_v4/srv/detail/fc_set_damping__rosidl_typesupport_introspection_c.h
[55.783s] -- Installing: /home/user/dobot_ws/install/dobot_msgs_v4/include/dobot_msgs_v4/dobot_msgs_v4/srv/detail/tool_ai__type_support.c
[55.784s] -- Installing: /home/user/dobot_ws/install/dobot_msgs_v4/include/dobot_msgs_v4/dobot_msgs_v4/srv/detail/get_input_bool__type_support.c
[55.784s] -- Installing: /home/user/dobot_ws/install/dobot_msgs_v4/include/dobot_msgs_v4/dobot_msgs_v4/srv/detail/mov_jio__rosidl_typesupport_introspection_c.h
[55.784s] -- Installing: /home/user/dobot_ws/install/dobot_msgs_v4/include/dobot_msgs_v4/dobot_msgs_v4/srv/detail/acc_j__type_support.c
[55.784s] -- Installing: /home/user/dobot_ws/install/dobot_msgs_v4/include/dobot_msgs_v4/dobot_msgs_v4/srv/detail/get_output_float__rosidl_typesupport_introspection_c.h
[55.784s] -- Installing: /home/user/dobot_ws/install/dobot_msgs_v4/include/dobot_msgs_v4/dobot_msgs_v4/srv/detail/set_output_float__rosidl_typesupport_introspection_c.h
[55.784s] -- Installing: /home/user/dobot_ws/install/dobot_msgs_v4/include/dobot_msgs_v4/dobot_msgs_v4/srv/detail/set_output_bool__rosidl_typesupport_introspection_c.h
[55.784s] -- Installing: /home/user/dobot_ws/install/dobot_msgs_v4/include/dobot_msgs_v4/dobot_msgs_v4/srv/detail/get_ao__rosidl_typesupport_introspection_c.h
[55.784s] -- Installing: /home/user/dobot_ws/install/dobot_msgs_v4/include/dobot_msgs_v4/dobot_msgs_v4/srv/detail/tool_di__type_support.c
[55.784s] -- Installing: /home/user/dobot_ws/install/dobot_msgs_v4/include/dobot_msgs_v4/dobot_msgs_v4/srv/detail/set_output_bool__type_support.c
[55.785s] -- Installing: /home/user/dobot_ws/install/dobot_msgs_v4/include/dobot_msgs_v4/dobot_msgs_v4/srv/detail/set_output_int__rosidl_typesupport_introspection_c.h
[55.785s] -- Installing: /home/user/dobot_ws/install/dobot_msgs_v4/include/dobot_msgs_v4/dobot_msgs_v4/srv/detail/run_to__rosidl_typesupport_introspection_c.h
[55.785s] -- Installing: /home/user/dobot_ws/install/dobot_msgs_v4/include/dobot_msgs_v4/dobot_msgs_v4/srv/detail/do__type_support.c
[55.785s] -- Installing: /home/user/dobot_ws/install/dobot_msgs_v4/include/dobot_msgs_v4/dobot_msgs_v4/srv/detail/tool__type_support.c
[55.785s] -- Installing: /home/user/dobot_ws/install/dobot_msgs_v4/include/dobot_msgs_v4/dobot_msgs_v4/srv/detail/move_jog__type_support.c
[55.785s] -- Installing: /home/user/dobot_ws/install/dobot_msgs_v4/include/dobot_msgs_v4/dobot_msgs_v4/srv/detail/calc_tool__type_support.c
[55.785s] -- Installing: /home/user/dobot_ws/install/dobot_msgs_v4/include/dobot_msgs_v4/dobot_msgs_v4/srv/detail/check_odd_mov_j__rosidl_typesupport_introspection_c.h
[55.785s] -- Installing: /home/user/dobot_ws/install/dobot_msgs_v4/include/dobot_msgs_v4/dobot_msgs_v4/srv/detail/stop__rosidl_typesupport_introspection_c.h
[55.785s] -- Installing: /home/user/dobot_ws/install/dobot_msgs_v4/include/dobot_msgs_v4/dobot_msgs_v4/srv/detail/set_work_zone_enable__rosidl_typesupport_introspection_c.h
[55.785s] -- Installing: /home/user/dobot_ws/install/dobot_msgs_v4/include/dobot_msgs_v4/dobot_msgs_v4/srv/detail/get_force__type_support.c
[55.785s] -- Installing: /home/user/dobot_ws/install/dobot_msgs_v4/include/dobot_msgs_v4/dobot_msgs_v4/srv/detail/get_input_int__type_support.c
[55.785s] -- Installing: /home/user/dobot_ws/install/dobot_msgs_v4/include/dobot_msgs_v4/dobot_msgs_v4/srv/detail/get_tool_do__type_support.c
[55.786s] -- Installing: /home/user/dobot_ws/install/dobot_msgs_v4/include/dobot_msgs_v4/dobot_msgs_v4/srv/detail/run_to__type_support.c
[55.786s] -- Installing: /home/user/dobot_ws/install/dobot_msgs_v4/include/dobot_msgs_v4/dobot_msgs_v4/srv/detail/get_pose__type_support.c
[55.786s] -- Installing: /home/user/dobot_ws/install/dobot_msgs_v4/include/dobot_msgs_v4/dobot_msgs_v4/srv/detail/tool_do__type_support.c
[55.786s] -- Installing: /home/user/dobot_ws/install/dobot_msgs_v4/include/dobot_msgs_v4/dobot_msgs_v4/srv/detail/modbus_create__type_support.c
[55.786s] -- Installing: /home/user/dobot_ws/install/dobot_msgs_v4/include/dobot_msgs_v4/dobot_msgs_v4/srv/detail/start_drag__rosidl_typesupport_introspection_c.h
[55.786s] -- Installing: /home/user/dobot_ws/install/dobot_msgs_v4/include/dobot_msgs_v4/dobot_msgs_v4/srv/detail/set_tool_power__type_support.c
[55.786s] -- Installing: /home/user/dobot_ws/install/dobot_msgs_v4/include/dobot_msgs_v4/dobot_msgs_v4/srv/detail/tool__rosidl_typesupport_introspection_c.h
[55.786s] -- Installing: /home/user/dobot_ws/install/dobot_msgs_v4/include/dobot_msgs_v4/dobot_msgs_v4/srv/detail/do_group__rosidl_typesupport_introspection_c.h
[55.786s] -- Installing: /home/user/dobot_ws/install/dobot_msgs_v4/include/dobot_msgs_v4/dobot_msgs_v4/srv/detail/check_odd_mov_j__type_support.c
[55.786s] -- Installing: /home/user/dobot_ws/install/dobot_msgs_v4/include/dobot_msgs_v4/dobot_msgs_v4/srv/detail/tcp_dashboard__type_support.c
[55.786s] -- Installing: /home/user/dobot_ws/install/dobot_msgs_v4/include/dobot_msgs_v4/dobot_msgs_v4/srv/detail/set_safe_skin__type_support.c
[55.786s] -- Installing: /home/user/dobot_ws/install/dobot_msgs_v4/include/dobot_msgs_v4/dobot_msgs_v4/srv/detail/servo_j__rosidl_typesupport_introspection_c.h
[55.787s] -- Installing: /home/user/dobot_ws/install/dobot_msgs_v4/include/dobot_msgs_v4/dobot_msgs_v4/srv/detail/fc_set_force_speed_limit__rosidl_typesupport_introspection_c.h
[55.787s] -- Installing: /home/user/dobot_ws/install/dobot_msgs_v4/include/dobot_msgs_v4/dobot_msgs_v4/srv/detail/stop__type_support.c
[55.787s] -- Installing: /home/user/dobot_ws/install/dobot_msgs_v4/include/dobot_msgs_v4/dobot_msgs_v4/srv/detail/get_start_pose__rosidl_typesupport_introspection_c.h
[55.787s] -- Installing: /home/user/dobot_ws/install/dobot_msgs_v4/include/dobot_msgs_v4/dobot_msgs_v4/srv/detail/get_in_bits__type_support.c
[55.787s] -- Installing: /home/user/dobot_ws/install/dobot_msgs_v4/include/dobot_msgs_v4/dobot_msgs_v4/srv/detail/get_do__type_support.c
[55.787s] -- Installing: /home/user/dobot_ws/install/dobot_msgs_v4/include/dobot_msgs_v4/dobot_msgs_v4/srv/detail/get_current_command_id__rosidl_typesupport_introspection_c.h
[55.787s] -- Installing: /home/user/dobot_ws/install/dobot_msgs_v4/include/dobot_msgs_v4/dobot_msgs_v4/srv/detail/inverse_solution__rosidl_typesupport_introspection_c.h
[55.787s] -- Installing: /home/user/dobot_ws/install/dobot_msgs_v4/include/dobot_msgs_v4/dobot_msgs_v4/srv/detail/set_safe_skin__rosidl_typesupport_introspection_c.h
[55.787s] -- Installing: /home/user/dobot_ws/install/dobot_msgs_v4/include/dobot_msgs_v4/dobot_msgs_v4/srv/detail/mov_lio__type_support.c
[55.787s] -- Installing: /home/user/dobot_ws/install/dobot_msgs_v4/include/dobot_msgs_v4/dobot_msgs_v4/srv/detail/modbus_rtu_create__rosidl_typesupport_introspection_c.h
[55.787s] -- Installing: /home/user/dobot_ws/install/dobot_msgs_v4/include/dobot_msgs_v4/dobot_msgs_v4/srv/detail/get_input_float__type_support.c
[55.788s] -- Installing: /home/user/dobot_ws/install/dobot_msgs_v4/include/dobot_msgs_v4/dobot_msgs_v4/srv/detail/get_hold_regs__type_support.c
[55.788s] -- Installing: /home/user/dobot_ws/install/dobot_msgs_v4/include/dobot_msgs_v4/dobot_msgs_v4/srv/detail/get_in_bits__rosidl_typesupport_introspection_c.h
[55.788s] -- Installing: /home/user/dobot_ws/install/dobot_msgs_v4/include/dobot_msgs_v4/dobot_msgs_v4/srv/detail/cp__rosidl_typesupport_introspection_c.h
[55.788s] -- Installing: /home/user/dobot_ws/install/dobot_msgs_v4/include/dobot_msgs_v4/dobot_msgs_v4/srv/detail/reset_robot__rosidl_typesupport_introspection_c.h
[55.788s] -- Installing: /home/user/dobot_ws/install/dobot_msgs_v4/include/dobot_msgs_v4/dobot_msgs_v4/srv/detail/force_drive_mode__type_support.c
[55.788s] -- Installing: /home/user/dobot_ws/install/dobot_msgs_v4/include/dobot_msgs_v4/dobot_msgs_v4/srv/detail/fc_set_deviation__type_support.c
[55.788s] -- Installing: /home/user/dobot_ws/install/dobot_msgs_v4/include/dobot_msgs_v4/dobot_msgs_v4/srv/detail/di__type_support.c
[55.788s] -- Installing: /home/user/dobot_ws/install/dobot_msgs_v4/include/dobot_msgs_v4/dobot_msgs_v4/srv/detail/fc_set_stiffness__type_support.c
[55.789s] -- Installing: /home/user/dobot_ws/install/dobot_msgs_v4/include/dobot_msgs_v4/dobot_msgs_v4/srv/detail/set_coils__rosidl_typesupport_introspection_c.h
[55.789s] -- Installing: /home/user/dobot_ws/install/dobot_msgs_v4/include/dobot_msgs_v4/dobot_msgs_v4/srv/detail/get_force__rosidl_typesupport_introspection_c.h
[55.789s] -- Installing: /home/user/dobot_ws/install/dobot_msgs_v4/include/dobot_msgs_v4/dobot_msgs_v4/srv/detail/circle__type_support.c
[55.789s] -- Installing: /home/user/dobot_ws/install/dobot_msgs_v4/include/dobot_msgs_v4/dobot_msgs_v4/srv/detail/emergency_stop__type_support.c
[55.789s] -- Installing: /home/user/dobot_ws/install/dobot_msgs_v4/include/dobot_msgs_v4/dobot_msgs_v4/srv/detail/inverse_solution__type_support.c
[55.789s] -- Installing: /home/user/dobot_ws/install/dobot_msgs_v4/include/dobot_msgs_v4/dobot_msgs_v4/srv/detail/clear_error__rosidl_typesupport_introspection_c.h
[55.789s] -- Installing: /home/user/dobot_ws/install/dobot_msgs_v4/include/dobot_msgs_v4/dobot_msgs_v4/srv/detail/vel_l__rosidl_typesupport_introspection_c.h
[55.789s] -- Installing: /home/user/dobot_ws/install/dobot_msgs_v4/include/dobot_msgs_v4/dobot_msgs_v4/srv/detail/rel_joint_mov_j__rosidl_typesupport_introspection_c.h
[55.789s] -- Installing: /home/user/dobot_ws/install/dobot_msgs_v4/include/dobot_msgs_v4/dobot_msgs_v4/srv/detail/get_angle__type_support.c
[55.789s] -- Installing: /home/user/dobot_ws/install/dobot_msgs_v4/include/dobot_msgs_v4/dobot_msgs_v4/srv/detail/get_input_int__rosidl_typesupport_introspection_c.h
[55.789s] -- Installing: /home/user/dobot_ws/install/dobot_msgs_v4/include/dobot_msgs_v4/dobot_msgs_v4/srv/detail/start_drag__type_support.c
[55.789s] -- Installing: /home/user/dobot_ws/install/dobot_msgs_v4/include/dobot_msgs_v4/dobot_msgs_v4/srv/detail/fc_set_force_limit__rosidl_typesupport_introspection_c.h
[55.789s] -- Installing: /home/user/dobot_ws/install/dobot_msgs_v4/include/dobot_msgs_v4/dobot_msgs_v4/srv/detail/request_control__type_support.c
[55.790s] -- Installing: /home/user/dobot_ws/install/dobot_msgs_v4/include/dobot_msgs_v4/dobot_msgs_v4/srv/detail/run_script__rosidl_typesupport_introspection_c.h
[55.790s] -- Installing: /home/user/dobot_ws/install/dobot_msgs_v4/include/dobot_msgs_v4/dobot_msgs_v4/srv/detail/set_output_int__type_support.c
[55.790s] -- Installing: /home/user/dobot_ws/install/dobot_msgs_v4/include/dobot_msgs_v4/dobot_msgs_v4/srv/detail/drag_sensivity__rosidl_typesupport_introspection_c.h
[55.790s] -- Installing: /home/user/dobot_ws/install/dobot_msgs_v4/include/dobot_msgs_v4/dobot_msgs_v4/srv/detail/set_tool_mode__rosidl_typesupport_introspection_c.h
[55.790s] -- Installing: /home/user/dobot_ws/install/dobot_msgs_v4/include/dobot_msgs_v4/dobot_msgs_v4/srv/detail/servo_p__rosidl_typesupport_introspection_c.h
[55.790s] -- Installing: /home/user/dobot_ws/install/dobot_msgs_v4/include/dobot_msgs_v4/dobot_msgs_v4/srv/detail/tool_do__rosidl_typesupport_introspection_c.h
[55.790s] -- Installing: /home/user/dobot_ws/install/dobot_msgs_v4/include/dobot_msgs_v4/dobot_msgs_v4/srv/detail/force_drive_speed__type_support.c
[55.790s] -- Installing: /home/user/dobot_ws/install/dobot_msgs_v4/include/dobot_msgs_v4/dobot_msgs_v4/srv/detail/fc_off__type_support.c
[55.790s] -- Installing: /home/user/dobot_ws/install/dobot_msgs_v4/include/dobot_msgs_v4/dobot_msgs_v4/srv/detail/get_hold_regs__rosidl_typesupport_introspection_c.h
[55.790s] -- Installing: /home/user/dobot_ws/install/dobot_msgs_v4/include/dobot_msgs_v4/dobot_msgs_v4/srv/detail/get_input_bool__rosidl_typesupport_introspection_c.h
[55.790s] -- Installing: /home/user/dobot_ws/install/dobot_msgs_v4/include/dobot_msgs_v4/dobot_msgs_v4/srv/detail/ai__rosidl_typesupport_introspection_c.h
[55.791s] -- Installing: /home/user/dobot_ws/install/dobot_msgs_v4/include/dobot_msgs_v4/dobot_msgs_v4/srv/detail/calc_user__rosidl_typesupport_introspection_c.h
[55.791s] -- Installing: /home/user/dobot_ws/install/dobot_msgs_v4/include/dobot_msgs_v4/dobot_msgs_v4/srv/detail/do_group_dec__rosidl_typesupport_introspection_c.h
[55.791s] -- Installing: /home/user/dobot_ws/install/dobot_msgs_v4/include/dobot_msgs_v4/dobot_msgs_v4/srv/detail/brake_control__type_support.c
[55.791s] -- Installing: /home/user/dobot_ws/install/dobot_msgs_v4/include/dobot_msgs_v4/dobot_msgs_v4/srv/detail/set_post_collision_mode__type_support.c
[55.791s] -- Installing: /home/user/dobot_ws/install/dobot_msgs_v4/include/dobot_msgs_v4/dobot_msgs_v4/srv/detail/pause__type_support.c
[55.791s] -- Installing: /home/user/dobot_ws/install/dobot_msgs_v4/include/dobot_msgs_v4/dobot_msgs_v4/srv/detail/rel_mov_l_user__rosidl_typesupport_introspection_c.h
[55.791s] -- Installing: /home/user/dobot_ws/install/dobot_msgs_v4/include/dobot_msgs_v4/dobot_msgs_v4/srv/detail/mov_l__type_support.c
[55.791s] -- Installing: /home/user/dobot_ws/install/dobot_msgs_v4/include/dobot_msgs_v4/dobot_msgs_v4/srv/detail/acc_l__rosidl_typesupport_introspection_c.h
[55.791s] -- Installing: /home/user/dobot_ws/install/dobot_msgs_v4/include/dobot_msgs_v4/dobot_msgs_v4/srv/detail/mov_jio__type_support.c
[55.791s] -- Installing: /home/user/dobot_ws/install/dobot_msgs_v4/include/dobot_msgs_v4/dobot_msgs_v4/srv/detail/ai__type_support.c
[55.792s] -- Installing: /home/user/dobot_ws/install/dobot_msgs_v4/include/dobot_msgs_v4/dobot_msgs_v4/srv/detail/fc_set_stiffness__rosidl_typesupport_introspection_c.h
[55.792s] -- Installing: /home/user/dobot_ws/install/dobot_msgs_v4/include/dobot_msgs_v4/dobot_msgs_v4/srv/detail/rel_mov_j_user__type_support.c
[55.792s] -- Installing: /home/user/dobot_ws/install/dobot_msgs_v4/include/dobot_msgs_v4/dobot_msgs_v4/srv/detail/fc_set_force__rosidl_typesupport_introspection_c.h
[55.792s] -- Installing: /home/user/dobot_ws/install/dobot_msgs_v4/include/dobot_msgs_v4/dobot_msgs_v4/srv/detail/rel_joint_mov_j__type_support.c
[55.792s] -- Installing: /home/user/dobot_ws/install/dobot_msgs_v4/include/dobot_msgs_v4/dobot_msgs_v4/srv/detail/rel_mov_j_tool__type_support.c
[55.792s] -- Installing: /home/user/dobot_ws/install/dobot_msgs_v4/include/dobot_msgs_v4/dobot_msgs_v4/srv/detail/start_rt_offset__rosidl_typesupport_introspection_c.h
[55.792s] -- Installing: /home/user/dobot_ws/install/dobot_msgs_v4/include/dobot_msgs_v4/dobot_msgs_v4/srv/detail/arc__type_support.c
[55.792s] -- Installing: /home/user/dobot_ws/install/dobot_msgs_v4/include/dobot_msgs_v4/dobot_msgs_v4/srv/detail/set_tool__type_support.c
[55.792s] -- Installing: /home/user/dobot_ws/install/dobot_msgs_v4/include/dobot_msgs_v4/dobot_msgs_v4/srv/detail/tool_do_instant__rosidl_typesupport_introspection_c.h
[55.792s] -- Installing: /home/user/dobot_ws/install/dobot_msgs_v4/include/dobot_msgs_v4/dobot_msgs_v4/srv/detail/calc_user__type_support.c
[55.792s] -- Installing: /home/user/dobot_ws/install/dobot_msgs_v4/include/dobot_msgs_v4/dobot_msgs_v4/srv/detail/get_do__rosidl_typesupport_introspection_c.h
[55.792s] -- Installing: /home/user/dobot_ws/install/dobot_msgs_v4/include/dobot_msgs_v4/dobot_msgs_v4/srv/detail/get_do_group__rosidl_typesupport_introspection_c.h
[55.793s] -- Installing: /home/user/dobot_ws/install/dobot_msgs_v4/include/dobot_msgs_v4/dobot_msgs_v4/srv/detail/emergency_stop__rosidl_typesupport_introspection_c.h
[55.793s] -- Installing: /home/user/dobot_ws/install/dobot_msgs_v4/include/dobot_msgs_v4/dobot_msgs_v4/srv/detail/cp__type_support.c
[55.793s] -- Installing: /home/user/dobot_ws/install/dobot_msgs_v4/include/dobot_msgs_v4/dobot_msgs_v4/srv/detail/request_control__rosidl_typesupport_introspection_c.h
[55.793s] -- Installing: /home/user/dobot_ws/install/dobot_msgs_v4/include/dobot_msgs_v4/dobot_msgs_v4/srv/detail/fc_set_deviation__rosidl_typesupport_introspection_c.h
[55.793s] -- Installing: /home/user/dobot_ws/install/dobot_msgs_v4/include/dobot_msgs_v4/dobot_msgs_v4/srv/detail/check_odd_mov_l__type_support.c
[55.793s] -- Installing: /home/user/dobot_ws/install/dobot_msgs_v4/include/dobot_msgs_v4/dobot_msgs_v4/srv/detail/set_payload__type_support.c
[55.793s] -- Installing: /home/user/dobot_ws/install/dobot_msgs_v4/include/dobot_msgs_v4/dobot_msgs_v4/srv/detail/user__rosidl_typesupport_introspection_c.h
[55.793s] -- Installing: /home/user/dobot_ws/install/dobot_msgs_v4/include/dobot_msgs_v4/dobot_msgs_v4/srv/detail/vel_l__type_support.c
[55.793s] -- Installing: /home/user/dobot_ws/install/dobot_msgs_v4/include/dobot_msgs_v4/dobot_msgs_v4/srv/detail/get_pose__rosidl_typesupport_introspection_c.h
[55.793s] -- Installing: /home/user/dobot_ws/install/dobot_msgs_v4/include/dobot_msgs_v4/dobot_msgs_v4/srv/detail/get_output_bool__type_support.c
[55.793s] -- Installing: /home/user/dobot_ws/install/dobot_msgs_v4/include/dobot_msgs_v4/dobot_msgs_v4/srv/detail/modbus_close__type_support.c
[55.794s] -- Installing: /home/user/dobot_ws/install/dobot_msgs_v4/include/dobot_msgs_v4/dobot_msgs_v4/srv/detail/inverse_kin__type_support.c
[55.794s] -- Installing: /home/user/dobot_ws/install/dobot_msgs_v4/include/dobot_msgs_v4/dobot_msgs_v4/srv/detail/robot_mode__type_support.c
[55.794s] -- Installing: /home/user/dobot_ws/install/dobot_msgs_v4/include/dobot_msgs_v4/dobot_msgs_v4/srv/detail/get_error_id__type_support.c
[55.794s] -- Installing: /home/user/dobot_ws/install/dobot_msgs_v4/include/dobot_msgs_v4/dobot_msgs_v4/srv/detail/continue__type_support.c
[55.794s] -- Installing: /home/user/dobot_ws/install/dobot_msgs_v4/include/dobot_msgs_v4/dobot_msgs_v4/srv/detail/tool_ai__rosidl_typesupport_introspection_c.h
[55.794s] -- Installing: /home/user/dobot_ws/install/dobot_msgs_v4/include/dobot_msgs_v4/dobot_msgs_v4/srv/detail/enable_safe_skin__type_support.c
[55.794s] -- Installing: /home/user/dobot_ws/install/dobot_msgs_v4/include/dobot_msgs_v4/dobot_msgs_v4/srv/detail/check_odd_mov_c__rosidl_typesupport_introspection_c.h
[55.794s] -- Installing: /home/user/dobot_ws/install/dobot_msgs_v4/include/dobot_msgs_v4/dobot_msgs_v4/srv/detail/set_tool_power__rosidl_typesupport_introspection_c.h
[55.794s] -- Installing: /home/user/dobot_ws/install/dobot_msgs_v4/include/dobot_msgs_v4/dobot_msgs_v4/srv/detail/ao_instant__type_support.c
[55.794s] -- Installing: /home/user/dobot_ws/install/dobot_msgs_v4/include/dobot_msgs_v4/dobot_msgs_v4/srv/detail/set_tool485__type_support.c
[55.795s] -- Installing: /home/user/dobot_ws/install/dobot_msgs_v4/lib/libdobot_msgs_v4__rosidl_typesupport_introspection_c.so
[55.796s] -- Set runtime path of "/home/user/dobot_ws/install/dobot_msgs_v4/lib/libdobot_msgs_v4__rosidl_typesupport_introspection_c.so" to ""
[55.796s] -- Installing: /home/user/dobot_ws/install/dobot_msgs_v4/lib/libdobot_msgs_v4__rosidl_typesupport_c.so
[55.797s] -- Set runtime path of "/home/user/dobot_ws/install/dobot_msgs_v4/lib/libdobot_msgs_v4__rosidl_typesupport_c.so" to ""
[55.797s] -- Up-to-date: /home/user/dobot_ws/install/dobot_msgs_v4/include/dobot_msgs_v4/dobot_msgs_v4
[55.797s] -- Up-to-date: /home/user/dobot_ws/install/dobot_msgs_v4/include/dobot_msgs_v4/dobot_msgs_v4/msg
[55.797s] -- Up-to-date: /home/user/dobot_ws/install/dobot_msgs_v4/include/dobot_msgs_v4/dobot_msgs_v4/msg/detail
[55.797s] -- Installing: /home/user/dobot_ws/install/dobot_msgs_v4/include/dobot_msgs_v4/dobot_msgs_v4/msg/detail/tool_vector_actual__type_support.cpp
[55.797s] -- Installing: /home/user/dobot_ws/install/dobot_msgs_v4/include/dobot_msgs_v4/dobot_msgs_v4/msg/detail/tool_vector_actual__rosidl_typesupport_introspection_cpp.hpp
[55.797s] -- Installing: /home/user/dobot_ws/install/dobot_msgs_v4/include/dobot_msgs_v4/dobot_msgs_v4/msg/detail/robot_status__rosidl_typesupport_introspection_cpp.hpp
[55.797s] -- Installing: /home/user/dobot_ws/install/dobot_msgs_v4/include/dobot_msgs_v4/dobot_msgs_v4/msg/detail/robot_status__type_support.cpp
[55.797s] -- Up-to-date: /home/user/dobot_ws/install/dobot_msgs_v4/include/dobot_msgs_v4/dobot_msgs_v4/srv
[55.797s] -- Up-to-date: /home/user/dobot_ws/install/dobot_msgs_v4/include/dobot_msgs_v4/dobot_msgs_v4/srv/detail
[55.797s] -- Installing: /home/user/dobot_ws/install/dobot_msgs_v4/include/dobot_msgs_v4/dobot_msgs_v4/srv/detail/check_odd_mov_l__type_support.cpp
[55.797s] -- Installing: /home/user/dobot_ws/install/dobot_msgs_v4/include/dobot_msgs_v4/dobot_msgs_v4/srv/detail/get_coils__rosidl_typesupport_introspection_cpp.hpp
[55.798s] -- Installing: /home/user/dobot_ws/install/dobot_msgs_v4/include/dobot_msgs_v4/dobot_msgs_v4/srv/detail/get_error_id__type_support.cpp
[55.798s] -- Installing: /home/user/dobot_ws/install/dobot_msgs_v4/include/dobot_msgs_v4/dobot_msgs_v4/srv/detail/get_hold_regs__rosidl_typesupport_introspection_cpp.hpp
[55.798s] -- Installing: /home/user/dobot_ws/install/dobot_msgs_v4/include/dobot_msgs_v4/dobot_msgs_v4/srv/detail/brake_control__rosidl_typesupport_introspection_cpp.hpp
[55.798s] -- Installing: /home/user/dobot_ws/install/dobot_msgs_v4/include/dobot_msgs_v4/dobot_msgs_v4/srv/detail/rel_mov_j_user__rosidl_typesupport_introspection_cpp.hpp
[55.798s] -- Installing: /home/user/dobot_ws/install/dobot_msgs_v4/include/dobot_msgs_v4/dobot_msgs_v4/srv/detail/positive_kin__type_support.cpp
[55.798s] -- Installing: /home/user/dobot_ws/install/dobot_msgs_v4/include/dobot_msgs_v4/dobot_msgs_v4/srv/detail/get_coils__type_support.cpp
[55.798s] -- Installing: /home/user/dobot_ws/install/dobot_msgs_v4/include/dobot_msgs_v4/dobot_msgs_v4/srv/detail/acc_l__type_support.cpp
[55.798s] -- Installing: /home/user/dobot_ws/install/dobot_msgs_v4/include/dobot_msgs_v4/dobot_msgs_v4/srv/detail/set_work_zone_enable__rosidl_typesupport_introspection_cpp.hpp
[55.798s] -- Installing: /home/user/dobot_ws/install/dobot_msgs_v4/include/dobot_msgs_v4/dobot_msgs_v4/srv/detail/speed_factor__type_support.cpp
[55.798s] -- Installing: /home/user/dobot_ws/install/dobot_msgs_v4/include/dobot_msgs_v4/dobot_msgs_v4/srv/detail/calc_user__rosidl_typesupport_introspection_cpp.hpp
[55.799s] -- Installing: /home/user/dobot_ws/install/dobot_msgs_v4/include/dobot_msgs_v4/dobot_msgs_v4/srv/detail/get_do_group__rosidl_typesupport_introspection_cpp.hpp
[55.799s] -- Installing: /home/user/dobot_ws/install/dobot_msgs_v4/include/dobot_msgs_v4/dobot_msgs_v4/srv/detail/continue__type_support.cpp
[55.799s] -- Installing: /home/user/dobot_ws/install/dobot_msgs_v4/include/dobot_msgs_v4/dobot_msgs_v4/srv/detail/set_fc_collision__type_support.cpp
[55.799s] -- Installing: /home/user/dobot_ws/install/dobot_msgs_v4/include/dobot_msgs_v4/dobot_msgs_v4/srv/detail/inverse_solution__type_support.cpp
[55.799s] -- Installing: /home/user/dobot_ws/install/dobot_msgs_v4/include/dobot_msgs_v4/dobot_msgs_v4/srv/detail/fc_set_force_speed_limit__type_support.cpp
[55.799s] -- Installing: /home/user/dobot_ws/install/dobot_msgs_v4/include/dobot_msgs_v4/dobot_msgs_v4/srv/detail/set_coils__type_support.cpp
[55.799s] -- Installing: /home/user/dobot_ws/install/dobot_msgs_v4/include/dobot_msgs_v4/dobot_msgs_v4/srv/detail/move_jog__rosidl_typesupport_introspection_cpp.hpp
[55.799s] -- Installing: /home/user/dobot_ws/install/dobot_msgs_v4/include/dobot_msgs_v4/dobot_msgs_v4/srv/detail/cp__type_support.cpp
[55.799s] -- Installing: /home/user/dobot_ws/install/dobot_msgs_v4/include/dobot_msgs_v4/dobot_msgs_v4/srv/detail/ai__rosidl_typesupport_introspection_cpp.hpp
[55.799s] -- Installing: /home/user/dobot_ws/install/dobot_msgs_v4/include/dobot_msgs_v4/dobot_msgs_v4/srv/detail/do_instant__type_support.cpp
[55.799s] -- Installing: /home/user/dobot_ws/install/dobot_msgs_v4/include/dobot_msgs_v4/dobot_msgs_v4/srv/detail/get_ao__rosidl_typesupport_introspection_cpp.hpp
[55.799s] -- Installing: /home/user/dobot_ws/install/dobot_msgs_v4/include/dobot_msgs_v4/dobot_msgs_v4/srv/detail/do_group__type_support.cpp
[55.800s] -- Installing: /home/user/dobot_ws/install/dobot_msgs_v4/include/dobot_msgs_v4/dobot_msgs_v4/srv/detail/ao__type_support.cpp
[55.800s] -- Installing: /home/user/dobot_ws/install/dobot_msgs_v4/include/dobot_msgs_v4/dobot_msgs_v4/srv/detail/get_output_int__type_support.cpp
[55.800s] -- Installing: /home/user/dobot_ws/install/dobot_msgs_v4/include/dobot_msgs_v4/dobot_msgs_v4/srv/detail/fc_set_force__rosidl_typesupport_introspection_cpp.hpp
[55.800s] -- Installing: /home/user/dobot_ws/install/dobot_msgs_v4/include/dobot_msgs_v4/dobot_msgs_v4/srv/detail/power_on__rosidl_typesupport_introspection_cpp.hpp
[55.800s] -- Installing: /home/user/dobot_ws/install/dobot_msgs_v4/include/dobot_msgs_v4/dobot_msgs_v4/srv/detail/set_output_float__rosidl_typesupport_introspection_cpp.hpp
[55.800s] -- Installing: /home/user/dobot_ws/install/dobot_msgs_v4/include/dobot_msgs_v4/dobot_msgs_v4/srv/detail/set_safe_wall_enable__rosidl_typesupport_introspection_cpp.hpp
[55.800s] -- Installing: /home/user/dobot_ws/install/dobot_msgs_v4/include/dobot_msgs_v4/dobot_msgs_v4/srv/detail/get_pose__type_support.cpp
[55.800s] -- Installing: /home/user/dobot_ws/install/dobot_msgs_v4/include/dobot_msgs_v4/dobot_msgs_v4/srv/detail/get_do_group__type_support.cpp
[55.800s] -- Installing: /home/user/dobot_ws/install/dobot_msgs_v4/include/dobot_msgs_v4/dobot_msgs_v4/srv/detail/do_group_dec__type_support.cpp
[55.800s] -- Installing: /home/user/dobot_ws/install/dobot_msgs_v4/include/dobot_msgs_v4/dobot_msgs_v4/srv/detail/stop__type_support.cpp
[55.800s] -- Installing: /home/user/dobot_ws/install/dobot_msgs_v4/include/dobot_msgs_v4/dobot_msgs_v4/srv/detail/set_safe_skin__type_support.cpp
[55.801s] -- Installing: /home/user/dobot_ws/install/dobot_msgs_v4/include/dobot_msgs_v4/dobot_msgs_v4/srv/detail/set_payload__type_support.cpp
[55.801s] -- Installing: /home/user/dobot_ws/install/dobot_msgs_v4/include/dobot_msgs_v4/dobot_msgs_v4/srv/detail/modbus_close__rosidl_typesupport_introspection_cpp.hpp
[55.801s] -- Installing: /home/user/dobot_ws/install/dobot_msgs_v4/include/dobot_msgs_v4/dobot_msgs_v4/srv/detail/mov_jio__type_support.cpp
[55.801s] -- Installing: /home/user/dobot_ws/install/dobot_msgs_v4/include/dobot_msgs_v4/dobot_msgs_v4/srv/detail/set_tool485__type_support.cpp
[55.801s] -- Installing: /home/user/dobot_ws/install/dobot_msgs_v4/include/dobot_msgs_v4/dobot_msgs_v4/srv/detail/tool_ai__rosidl_typesupport_introspection_cpp.hpp
[55.801s] -- Installing: /home/user/dobot_ws/install/dobot_msgs_v4/include/dobot_msgs_v4/dobot_msgs_v4/srv/detail/fc_set_mass__type_support.cpp
[55.801s] -- Installing: /home/user/dobot_ws/install/dobot_msgs_v4/include/dobot_msgs_v4/dobot_msgs_v4/srv/detail/arc__rosidl_typesupport_introspection_cpp.hpp
[55.801s] -- Installing: /home/user/dobot_ws/install/dobot_msgs_v4/include/dobot_msgs_v4/dobot_msgs_v4/srv/detail/tool_di__rosidl_typesupport_introspection_cpp.hpp
[55.801s] -- Installing: /home/user/dobot_ws/install/dobot_msgs_v4/include/dobot_msgs_v4/dobot_msgs_v4/srv/detail/rel_mov_l_tool__type_support.cpp
[55.801s] -- Installing: /home/user/dobot_ws/install/dobot_msgs_v4/include/dobot_msgs_v4/dobot_msgs_v4/srv/detail/drag_sensivity__type_support.cpp
[55.801s] -- Installing: /home/user/dobot_ws/install/dobot_msgs_v4/include/dobot_msgs_v4/dobot_msgs_v4/srv/detail/set_coils__rosidl_typesupport_introspection_cpp.hpp
[55.802s] -- Installing: /home/user/dobot_ws/install/dobot_msgs_v4/include/dobot_msgs_v4/dobot_msgs_v4/srv/detail/acc_j__rosidl_typesupport_introspection_cpp.hpp
[55.802s] -- Installing: /home/user/dobot_ws/install/dobot_msgs_v4/include/dobot_msgs_v4/dobot_msgs_v4/srv/detail/calc_user__type_support.cpp
[55.802s] -- Installing: /home/user/dobot_ws/install/dobot_msgs_v4/include/dobot_msgs_v4/dobot_msgs_v4/srv/detail/fc_set_stiffness__rosidl_typesupport_introspection_cpp.hpp
[55.802s] -- Installing: /home/user/dobot_ws/install/dobot_msgs_v4/include/dobot_msgs_v4/dobot_msgs_v4/srv/detail/speed_factor__rosidl_typesupport_introspection_cpp.hpp
[55.802s] -- Installing: /home/user/dobot_ws/install/dobot_msgs_v4/include/dobot_msgs_v4/dobot_msgs_v4/srv/detail/set_output_float__type_support.cpp
[55.802s] -- Installing: /home/user/dobot_ws/install/dobot_msgs_v4/include/dobot_msgs_v4/dobot_msgs_v4/srv/detail/get_output_float__rosidl_typesupport_introspection_cpp.hpp
[55.802s] -- Installing: /home/user/dobot_ws/install/dobot_msgs_v4/include/dobot_msgs_v4/dobot_msgs_v4/srv/detail/user__rosidl_typesupport_introspection_cpp.hpp
[55.802s] -- Installing: /home/user/dobot_ws/install/dobot_msgs_v4/include/dobot_msgs_v4/dobot_msgs_v4/srv/detail/tool__rosidl_typesupport_introspection_cpp.hpp
[55.802s] -- Installing: /home/user/dobot_ws/install/dobot_msgs_v4/include/dobot_msgs_v4/dobot_msgs_v4/srv/detail/robot_mode__rosidl_typesupport_introspection_cpp.hpp
[55.802s] -- Installing: /home/user/dobot_ws/install/dobot_msgs_v4/include/dobot_msgs_v4/dobot_msgs_v4/srv/detail/di_group__rosidl_typesupport_introspection_cpp.hpp
[55.802s] -- Installing: /home/user/dobot_ws/install/dobot_msgs_v4/include/dobot_msgs_v4/dobot_msgs_v4/srv/detail/get_ao__type_support.cpp
[55.802s] -- Installing: /home/user/dobot_ws/install/dobot_msgs_v4/include/dobot_msgs_v4/dobot_msgs_v4/srv/detail/get_current_command_id__rosidl_typesupport_introspection_cpp.hpp
[55.803s] -- Installing: /home/user/dobot_ws/install/dobot_msgs_v4/include/dobot_msgs_v4/dobot_msgs_v4/srv/detail/vel_j__rosidl_typesupport_introspection_cpp.hpp
[55.803s] -- Installing: /home/user/dobot_ws/install/dobot_msgs_v4/include/dobot_msgs_v4/dobot_msgs_v4/srv/detail/mov_j__type_support.cpp
[55.803s] -- Installing: /home/user/dobot_ws/install/dobot_msgs_v4/include/dobot_msgs_v4/dobot_msgs_v4/srv/detail/fc_force_mode__rosidl_typesupport_introspection_cpp.hpp
[55.803s] -- Installing: /home/user/dobot_ws/install/dobot_msgs_v4/include/dobot_msgs_v4/dobot_msgs_v4/srv/detail/set_back_distance__type_support.cpp
[55.803s] -- Installing: /home/user/dobot_ws/install/dobot_msgs_v4/include/dobot_msgs_v4/dobot_msgs_v4/srv/detail/get_output_bool__rosidl_typesupport_introspection_cpp.hpp
[55.803s] -- Installing: /home/user/dobot_ws/install/dobot_msgs_v4/include/dobot_msgs_v4/dobot_msgs_v4/srv/detail/fc_set_force_limit__rosidl_typesupport_introspection_cpp.hpp
[55.803s] -- Installing: /home/user/dobot_ws/install/dobot_msgs_v4/include/dobot_msgs_v4/dobot_msgs_v4/srv/detail/acc_l__rosidl_typesupport_introspection_cpp.hpp
[55.803s] -- Installing: /home/user/dobot_ws/install/dobot_msgs_v4/include/dobot_msgs_v4/dobot_msgs_v4/srv/detail/reset_robot__type_support.cpp
[55.803s] -- Installing: /home/user/dobot_ws/install/dobot_msgs_v4/include/dobot_msgs_v4/dobot_msgs_v4/srv/detail/set_hold_regs__type_support.cpp
[55.803s] -- Installing: /home/user/dobot_ws/install/dobot_msgs_v4/include/dobot_msgs_v4/dobot_msgs_v4/srv/detail/enable_safe_skin__rosidl_typesupport_introspection_cpp.hpp
[55.803s] -- Installing: /home/user/dobot_ws/install/dobot_msgs_v4/include/dobot_msgs_v4/dobot_msgs_v4/srv/detail/check_odd_mov_l__rosidl_typesupport_introspection_cpp.hpp
[55.804s] -- Installing: /home/user/dobot_ws/install/dobot_msgs_v4/include/dobot_msgs_v4/dobot_msgs_v4/srv/detail/continue__rosidl_typesupport_introspection_cpp.hpp
[55.804s] -- Installing: /home/user/dobot_ws/install/dobot_msgs_v4/include/dobot_msgs_v4/dobot_msgs_v4/srv/detail/tool_do_instant__rosidl_typesupport_introspection_cpp.hpp
[55.804s] -- Installing: /home/user/dobot_ws/install/dobot_msgs_v4/include/dobot_msgs_v4/dobot_msgs_v4/srv/detail/stop_move_jog__rosidl_typesupport_introspection_cpp.hpp
[55.804s] -- Installing: /home/user/dobot_ws/install/dobot_msgs_v4/include/dobot_msgs_v4/dobot_msgs_v4/srv/detail/rel_mov_l_tool__rosidl_typesupport_introspection_cpp.hpp
[55.804s] -- Installing: /home/user/dobot_ws/install/dobot_msgs_v4/include/dobot_msgs_v4/dobot_msgs_v4/srv/detail/set_back_distance__rosidl_typesupport_introspection_cpp.hpp
[55.804s] -- Installing: /home/user/dobot_ws/install/dobot_msgs_v4/include/dobot_msgs_v4/dobot_msgs_v4/srv/detail/tcp_dashboard__rosidl_typesupport_introspection_cpp.hpp
[55.804s] -- Installing: /home/user/dobot_ws/install/dobot_msgs_v4/include/dobot_msgs_v4/dobot_msgs_v4/srv/detail/set_tool_mode__type_support.cpp
[55.804s] -- Installing: /home/user/dobot_ws/install/dobot_msgs_v4/include/dobot_msgs_v4/dobot_msgs_v4/srv/detail/get_tool_do__type_support.cpp
[55.804s] -- Installing: /home/user/dobot_ws/install/dobot_msgs_v4/include/dobot_msgs_v4/dobot_msgs_v4/srv/detail/do__type_support.cpp
[55.804s] -- Installing: /home/user/dobot_ws/install/dobot_msgs_v4/include/dobot_msgs_v4/dobot_msgs_v4/srv/detail/modbus_create__type_support.cpp
[55.804s] -- Installing: /home/user/dobot_ws/install/dobot_msgs_v4/include/dobot_msgs_v4/dobot_msgs_v4/srv/detail/start_drag__rosidl_typesupport_introspection_cpp.hpp
[55.805s] -- Installing: /home/user/dobot_ws/install/dobot_msgs_v4/include/dobot_msgs_v4/dobot_msgs_v4/srv/detail/run_to__rosidl_typesupport_introspection_cpp.hpp
[55.805s] -- Installing: /home/user/dobot_ws/install/dobot_msgs_v4/include/dobot_msgs_v4/dobot_msgs_v4/srv/detail/run_to__type_support.cpp
[55.805s] -- Installing: /home/user/dobot_ws/install/dobot_msgs_v4/include/dobot_msgs_v4/dobot_msgs_v4/srv/detail/get_do__type_support.cpp
[55.805s] -- Installing: /home/user/dobot_ws/install/dobot_msgs_v4/include/dobot_msgs_v4/dobot_msgs_v4/srv/detail/set_post_collision_mode__rosidl_typesupport_introspection_cpp.hpp
[55.805s] -- Installing: /home/user/dobot_ws/install/dobot_msgs_v4/include/dobot_msgs_v4/dobot_msgs_v4/srv/detail/tool_di__type_support.cpp
[55.805s] -- Installing: /home/user/dobot_ws/install/dobot_msgs_v4/include/dobot_msgs_v4/dobot_msgs_v4/srv/detail/end_rt_offset__rosidl_typesupport_introspection_cpp.hpp
[55.805s] -- Installing: /home/user/dobot_ws/install/dobot_msgs_v4/include/dobot_msgs_v4/dobot_msgs_v4/srv/detail/check_odd_mov_j__type_support.cpp
[55.805s] -- Installing: /home/user/dobot_ws/install/dobot_msgs_v4/include/dobot_msgs_v4/dobot_msgs_v4/srv/detail/servo_j__type_support.cpp
[55.805s] -- Installing: /home/user/dobot_ws/install/dobot_msgs_v4/include/dobot_msgs_v4/dobot_msgs_v4/srv/detail/cp__rosidl_typesupport_introspection_cpp.hpp
[55.806s] -- Installing: /home/user/dobot_ws/install/dobot_msgs_v4/include/dobot_msgs_v4/dobot_msgs_v4/srv/detail/servo_p__rosidl_typesupport_introspection_cpp.hpp
[55.806s] -- Installing: /home/user/dobot_ws/install/dobot_msgs_v4/include/dobot_msgs_v4/dobot_msgs_v4/srv/detail/tool_do__rosidl_typesupport_introspection_cpp.hpp
[55.806s] -- Installing: /home/user/dobot_ws/install/dobot_msgs_v4/include/dobot_msgs_v4/dobot_msgs_v4/srv/detail/get_error__type_support.cpp
[55.806s] -- Installing: /home/user/dobot_ws/install/dobot_msgs_v4/include/dobot_msgs_v4/dobot_msgs_v4/srv/detail/get_hold_regs__type_support.cpp
[55.806s] -- Installing: /home/user/dobot_ws/install/dobot_msgs_v4/include/dobot_msgs_v4/dobot_msgs_v4/srv/detail/enable_safe_skin__type_support.cpp
[55.806s] -- Installing: /home/user/dobot_ws/install/dobot_msgs_v4/include/dobot_msgs_v4/dobot_msgs_v4/srv/detail/stop_move_jog__type_support.cpp
[55.806s] -- Installing: /home/user/dobot_ws/install/dobot_msgs_v4/include/dobot_msgs_v4/dobot_msgs_v4/srv/detail/get_input_float__rosidl_typesupport_introspection_cpp.hpp
[55.806s] -- Installing: /home/user/dobot_ws/install/dobot_msgs_v4/include/dobot_msgs_v4/dobot_msgs_v4/srv/detail/fc_set_damping__rosidl_typesupport_introspection_cpp.hpp
[55.806s] -- Installing: /home/user/dobot_ws/install/dobot_msgs_v4/include/dobot_msgs_v4/dobot_msgs_v4/srv/detail/fc_set_deviation__rosidl_typesupport_introspection_cpp.hpp
[55.806s] -- Installing: /home/user/dobot_ws/install/dobot_msgs_v4/include/dobot_msgs_v4/dobot_msgs_v4/srv/detail/set_user__rosidl_typesupport_introspection_cpp.hpp
[55.806s] -- Installing: /home/user/dobot_ws/install/dobot_msgs_v4/include/dobot_msgs_v4/dobot_msgs_v4/srv/detail/force_drive_mode__type_support.cpp
[55.807s] -- Installing: /home/user/dobot_ws/install/dobot_msgs_v4/include/dobot_msgs_v4/dobot_msgs_v4/srv/detail/tool_ai__type_support.cpp
[55.807s] -- Installing: /home/user/dobot_ws/install/dobot_msgs_v4/include/dobot_msgs_v4/dobot_msgs_v4/srv/detail/set_tool__rosidl_typesupport_introspection_cpp.hpp
[55.807s] -- Installing: /home/user/dobot_ws/install/dobot_msgs_v4/include/dobot_msgs_v4/dobot_msgs_v4/srv/detail/get_input_float__type_support.cpp
[55.807s] -- Installing: /home/user/dobot_ws/install/dobot_msgs_v4/include/dobot_msgs_v4/dobot_msgs_v4/srv/detail/check_odd_mov_c__type_support.cpp
[55.807s] -- Installing: /home/user/dobot_ws/install/dobot_msgs_v4/include/dobot_msgs_v4/dobot_msgs_v4/srv/detail/start_rt_offset__type_support.cpp
[55.807s] -- Installing: /home/user/dobot_ws/install/dobot_msgs_v4/include/dobot_msgs_v4/dobot_msgs_v4/srv/detail/calc_tool__rosidl_typesupport_introspection_cpp.hpp
[55.807s] -- Installing: /home/user/dobot_ws/install/dobot_msgs_v4/include/dobot_msgs_v4/dobot_msgs_v4/srv/detail/request_control__type_support.cpp
[55.807s] -- Installing: /home/user/dobot_ws/install/dobot_msgs_v4/include/dobot_msgs_v4/dobot_msgs_v4/srv/detail/modbus_rtu_create__type_support.cpp
[55.807s] -- Installing: /home/user/dobot_ws/install/dobot_msgs_v4/include/dobot_msgs_v4/dobot_msgs_v4/srv/detail/fc_set_force_limit__type_support.cpp
[55.807s] -- Installing: /home/user/dobot_ws/install/dobot_msgs_v4/include/dobot_msgs_v4/dobot_msgs_v4/srv/detail/inverse_solution__rosidl_typesupport_introspection_cpp.hpp
[55.807s] -- Installing: /home/user/dobot_ws/install/dobot_msgs_v4/include/dobot_msgs_v4/dobot_msgs_v4/srv/detail/request_control__rosidl_typesupport_introspection_cpp.hpp
[55.808s] -- Installing: /home/user/dobot_ws/install/dobot_msgs_v4/include/dobot_msgs_v4/dobot_msgs_v4/srv/detail/mov_jio__rosidl_typesupport_introspection_cpp.hpp
[55.808s] -- Installing: /home/user/dobot_ws/install/dobot_msgs_v4/include/dobot_msgs_v4/dobot_msgs_v4/srv/detail/get_tool_do__rosidl_typesupport_introspection_cpp.hpp
[55.808s] -- Installing: /home/user/dobot_ws/install/dobot_msgs_v4/include/dobot_msgs_v4/dobot_msgs_v4/srv/detail/servo_p__type_support.cpp
[55.808s] -- Installing: /home/user/dobot_ws/install/dobot_msgs_v4/include/dobot_msgs_v4/dobot_msgs_v4/srv/detail/fc_set_force__type_support.cpp
[55.808s] -- Installing: /home/user/dobot_ws/install/dobot_msgs_v4/include/dobot_msgs_v4/dobot_msgs_v4/srv/detail/force_drive_mode__rosidl_typesupport_introspection_cpp.hpp
[55.808s] -- Installing: /home/user/dobot_ws/install/dobot_msgs_v4/include/dobot_msgs_v4/dobot_msgs_v4/srv/detail/inverse_kin__rosidl_typesupport_introspection_cpp.hpp
[55.808s] -- Installing: /home/user/dobot_ws/install/dobot_msgs_v4/include/dobot_msgs_v4/dobot_msgs_v4/srv/detail/enable_robot__type_support.cpp
[55.808s] -- Installing: /home/user/dobot_ws/install/dobot_msgs_v4/include/dobot_msgs_v4/dobot_msgs_v4/srv/detail/vel_l__rosidl_typesupport_introspection_cpp.hpp
[55.808s] -- Installing: /home/user/dobot_ws/install/dobot_msgs_v4/include/dobot_msgs_v4/dobot_msgs_v4/srv/detail/inverse_kin__type_support.cpp
[55.808s] -- Installing: /home/user/dobot_ws/install/dobot_msgs_v4/include/dobot_msgs_v4/dobot_msgs_v4/srv/detail/di__rosidl_typesupport_introspection_cpp.hpp
[55.809s] -- Installing: /home/user/dobot_ws/install/dobot_msgs_v4/include/dobot_msgs_v4/dobot_msgs_v4/srv/detail/set_tool__type_support.cpp
[55.809s] -- Installing: /home/user/dobot_ws/install/dobot_msgs_v4/include/dobot_msgs_v4/dobot_msgs_v4/srv/detail/enable_ft_sensor__type_support.cpp
[55.809s] -- Installing: /home/user/dobot_ws/install/dobot_msgs_v4/include/dobot_msgs_v4/dobot_msgs_v4/srv/detail/get_force__rosidl_typesupport_introspection_cpp.hpp
[55.809s] -- Installing: /home/user/dobot_ws/install/dobot_msgs_v4/include/dobot_msgs_v4/dobot_msgs_v4/srv/detail/tool_do__type_support.cpp
[55.809s] -- Installing: /home/user/dobot_ws/install/dobot_msgs_v4/include/dobot_msgs_v4/dobot_msgs_v4/srv/detail/run_script__type_support.cpp
[55.809s] -- Installing: /home/user/dobot_ws/install/dobot_msgs_v4/include/dobot_msgs_v4/dobot_msgs_v4/srv/detail/check_odd_mov_c__rosidl_typesupport_introspection_cpp.hpp
[55.809s] -- Installing: /home/user/dobot_ws/install/dobot_msgs_v4/include/dobot_msgs_v4/dobot_msgs_v4/srv/detail/get_do_group_dec__rosidl_typesupport_introspection_cpp.hpp
[55.809s] -- Installing: /home/user/dobot_ws/install/dobot_msgs_v4/include/dobot_msgs_v4/dobot_msgs_v4/srv/detail/positive_kin__rosidl_typesupport_introspection_cpp.hpp
[55.809s] -- Installing: /home/user/dobot_ws/install/dobot_msgs_v4/include/dobot_msgs_v4/dobot_msgs_v4/srv/detail/brake_control__type_support.cpp
[55.809s] -- Installing: /home/user/dobot_ws/install/dobot_msgs_v4/include/dobot_msgs_v4/dobot_msgs_v4/srv/detail/get_do_group_dec__type_support.cpp
[55.809s] -- Installing: /home/user/dobot_ws/install/dobot_msgs_v4/include/dobot_msgs_v4/dobot_msgs_v4/srv/detail/disable_robot__rosidl_typesupport_introspection_cpp.hpp
[55.810s] -- Installing: /home/user/dobot_ws/install/dobot_msgs_v4/include/dobot_msgs_v4/dobot_msgs_v4/srv/detail/ao__rosidl_typesupport_introspection_cpp.hpp
[55.810s] -- Installing: /home/user/dobot_ws/install/dobot_msgs_v4/include/dobot_msgs_v4/dobot_msgs_v4/srv/detail/get_start_pose__rosidl_typesupport_introspection_cpp.hpp
[55.810s] -- Installing: /home/user/dobot_ws/install/dobot_msgs_v4/include/dobot_msgs_v4/dobot_msgs_v4/srv/detail/get_in_bits__rosidl_typesupport_introspection_cpp.hpp
[55.810s] -- Installing: /home/user/dobot_ws/install/dobot_msgs_v4/include/dobot_msgs_v4/dobot_msgs_v4/srv/detail/get_pose__rosidl_typesupport_introspection_cpp.hpp
[55.810s] -- Installing: /home/user/dobot_ws/install/dobot_msgs_v4/include/dobot_msgs_v4/dobot_msgs_v4/srv/detail/get_in_regs__rosidl_typesupport_introspection_cpp.hpp
[55.810s] -- Installing: /home/user/dobot_ws/install/dobot_msgs_v4/include/dobot_msgs_v4/dobot_msgs_v4/srv/detail/start_path__type_support.cpp
[55.810s] -- Installing: /home/user/dobot_ws/install/dobot_msgs_v4/include/dobot_msgs_v4/dobot_msgs_v4/srv/detail/fc_off__rosidl_typesupport_introspection_cpp.hpp
[55.810s] -- Installing: /home/user/dobot_ws/install/dobot_msgs_v4/include/dobot_msgs_v4/dobot_msgs_v4/srv/detail/fc_collision_switch__type_support.cpp
[55.810s] -- Installing: /home/user/dobot_ws/install/dobot_msgs_v4/include/dobot_msgs_v4/dobot_msgs_v4/srv/detail/start_path__rosidl_typesupport_introspection_cpp.hpp
[55.810s] -- Installing: /home/user/dobot_ws/install/dobot_msgs_v4/include/dobot_msgs_v4/dobot_msgs_v4/srv/detail/mov_lio__rosidl_typesupport_introspection_cpp.hpp
[55.810s] -- Installing: /home/user/dobot_ws/install/dobot_msgs_v4/include/dobot_msgs_v4/dobot_msgs_v4/srv/detail/force_drive_speed__rosidl_typesupport_introspection_cpp.hpp
[55.810s] -- Installing: /home/user/dobot_ws/install/dobot_msgs_v4/include/dobot_msgs_v4/dobot_msgs_v4/srv/detail/disable_robot__type_support.cpp
[55.811s] -- Installing: /home/user/dobot_ws/install/dobot_msgs_v4/include/dobot_msgs_v4/dobot_msgs_v4/srv/detail/clear_error__rosidl_typesupport_introspection_cpp.hpp
[55.811s] -- Installing: /home/user/dobot_ws/install/dobot_msgs_v4/include/dobot_msgs_v4/dobot_msgs_v4/srv/detail/di_group_dec__rosidl_typesupport_introspection_cpp.hpp
[55.811s] -- Installing: /home/user/dobot_ws/install/dobot_msgs_v4/include/dobot_msgs_v4/dobot_msgs_v4/srv/detail/get_do__rosidl_typesupport_introspection_cpp.hpp
[55.811s] -- Installing: /home/user/dobot_ws/install/dobot_msgs_v4/include/dobot_msgs_v4/dobot_msgs_v4/srv/detail/ao_instant__rosidl_typesupport_introspection_cpp.hpp
[55.811s] -- Installing: /home/user/dobot_ws/install/dobot_msgs_v4/include/dobot_msgs_v4/dobot_msgs_v4/srv/detail/modbus_close__type_support.cpp
[55.811s] -- Installing: /home/user/dobot_ws/install/dobot_msgs_v4/include/dobot_msgs_v4/dobot_msgs_v4/srv/detail/tcp_dashboard__type_support.cpp
[55.811s] -- Installing: /home/user/dobot_ws/install/dobot_msgs_v4/include/dobot_msgs_v4/dobot_msgs_v4/srv/detail/fc_set_damping__type_support.cpp
[55.811s] -- Installing: /home/user/dobot_ws/install/dobot_msgs_v4/include/dobot_msgs_v4/dobot_msgs_v4/srv/detail/get_angle__rosidl_typesupport_introspection_cpp.hpp
[55.811s] -- Installing: /home/user/dobot_ws/install/dobot_msgs_v4/include/dobot_msgs_v4/dobot_msgs_v4/srv/detail/check_odd_mov_j__rosidl_typesupport_introspection_cpp.hpp
[55.811s] -- Installing: /home/user/dobot_ws/install/dobot_msgs_v4/include/dobot_msgs_v4/dobot_msgs_v4/srv/detail/force_drive_speed__type_support.cpp
[55.811s] -- Installing: /home/user/dobot_ws/install/dobot_msgs_v4/include/dobot_msgs_v4/dobot_msgs_v4/srv/detail/tool__type_support.cpp
[55.812s] -- Installing: /home/user/dobot_ws/install/dobot_msgs_v4/include/dobot_msgs_v4/dobot_msgs_v4/srv/detail/power_on__type_support.cpp
[55.812s] -- Installing: /home/user/dobot_ws/install/dobot_msgs_v4/include/dobot_msgs_v4/dobot_msgs_v4/srv/detail/circle__type_support.cpp
[55.812s] -- Installing: /home/user/dobot_ws/install/dobot_msgs_v4/include/dobot_msgs_v4/dobot_msgs_v4/srv/detail/end_rt_offset__type_support.cpp
[55.812s] -- Installing: /home/user/dobot_ws/install/dobot_msgs_v4/include/dobot_msgs_v4/dobot_msgs_v4/srv/detail/ai__type_support.cpp
[55.812s] -- Installing: /home/user/dobot_ws/install/dobot_msgs_v4/include/dobot_msgs_v4/dobot_msgs_v4/srv/detail/set_output_bool__type_support.cpp
[55.812s] -- Installing: /home/user/dobot_ws/install/dobot_msgs_v4/include/dobot_msgs_v4/dobot_msgs_v4/srv/detail/get_start_pose__type_support.cpp
[55.812s] -- Installing: /home/user/dobot_ws/install/dobot_msgs_v4/include/dobot_msgs_v4/dobot_msgs_v4/srv/detail/do_group_dec__rosidl_typesupport_introspection_cpp.hpp
[55.812s] -- Installing: /home/user/dobot_ws/install/dobot_msgs_v4/include/dobot_msgs_v4/dobot_msgs_v4/srv/detail/do_instant__rosidl_typesupport_introspection_cpp.hpp
[55.812s] -- Installing: /home/user/dobot_ws/install/dobot_msgs_v4/include/dobot_msgs_v4/dobot_msgs_v4/srv/detail/vel_l__type_support.cpp
[55.812s] -- Installing: /home/user/dobot_ws/install/dobot_msgs_v4/include/dobot_msgs_v4/dobot_msgs_v4/srv/detail/get_current_command_id__type_support.cpp
[55.812s] -- Installing: /home/user/dobot_ws/install/dobot_msgs_v4/include/dobot_msgs_v4/dobot_msgs_v4/srv/detail/set_collision_level__rosidl_typesupport_introspection_cpp.hpp
[55.813s] -- Installing: /home/user/dobot_ws/install/dobot_msgs_v4/include/dobot_msgs_v4/dobot_msgs_v4/srv/detail/set_fc_collision__rosidl_typesupport_introspection_cpp.hpp
[55.813s] -- Installing: /home/user/dobot_ws/install/dobot_msgs_v4/include/dobot_msgs_v4/dobot_msgs_v4/srv/detail/servo_j__rosidl_typesupport_introspection_cpp.hpp
[55.813s] -- Installing: /home/user/dobot_ws/install/dobot_msgs_v4/include/dobot_msgs_v4/dobot_msgs_v4/srv/detail/di__type_support.cpp
[55.813s] -- Installing: /home/user/dobot_ws/install/dobot_msgs_v4/include/dobot_msgs_v4/dobot_msgs_v4/srv/detail/rel_mov_l_user__type_support.cpp
[55.813s] -- Installing: /home/user/dobot_ws/install/dobot_msgs_v4/include/dobot_msgs_v4/dobot_msgs_v4/srv/detail/start_drag__type_support.cpp
[55.813s] -- Installing: /home/user/dobot_ws/install/dobot_msgs_v4/include/dobot_msgs_v4/dobot_msgs_v4/srv/detail/rel_mov_j_user__type_support.cpp
[55.813s] -- Installing: /home/user/dobot_ws/install/dobot_msgs_v4/include/dobot_msgs_v4/dobot_msgs_v4/srv/detail/set_user__type_support.cpp
[55.813s] -- Installing: /home/user/dobot_ws/install/dobot_msgs_v4/include/dobot_msgs_v4/dobot_msgs_v4/srv/detail/mov_j__rosidl_typesupport_introspection_cpp.hpp
[55.813s] -- Installing: /home/user/dobot_ws/install/dobot_msgs_v4/include/dobot_msgs_v4/dobot_msgs_v4/srv/detail/set_safe_skin__rosidl_typesupport_introspection_cpp.hpp
[55.813s] -- Installing: /home/user/dobot_ws/install/dobot_msgs_v4/include/dobot_msgs_v4/dobot_msgs_v4/srv/detail/set_tool485__rosidl_typesupport_introspection_cpp.hpp
[55.814s] -- Installing: /home/user/dobot_ws/install/dobot_msgs_v4/include/dobot_msgs_v4/dobot_msgs_v4/srv/detail/mov_l__rosidl_typesupport_introspection_cpp.hpp
[55.814s] -- Installing: /home/user/dobot_ws/install/dobot_msgs_v4/include/dobot_msgs_v4/dobot_msgs_v4/srv/detail/acc_j__type_support.cpp
[55.814s] -- Installing: /home/user/dobot_ws/install/dobot_msgs_v4/include/dobot_msgs_v4/dobot_msgs_v4/srv/detail/six_force_home__type_support.cpp
[55.814s] -- Installing: /home/user/dobot_ws/install/dobot_msgs_v4/include/dobot_msgs_v4/dobot_msgs_v4/srv/detail/reset_robot__rosidl_typesupport_introspection_cpp.hpp
[55.814s] -- Installing: /home/user/dobot_ws/install/dobot_msgs_v4/include/dobot_msgs_v4/dobot_msgs_v4/srv/detail/move_jog__type_support.cpp
[55.814s] -- Installing: /home/user/dobot_ws/install/dobot_msgs_v4/include/dobot_msgs_v4/dobot_msgs_v4/srv/detail/circle__rosidl_typesupport_introspection_cpp.hpp
[55.814s] -- Installing: /home/user/dobot_ws/install/dobot_msgs_v4/include/dobot_msgs_v4/dobot_msgs_v4/srv/detail/get_output_float__type_support.cpp
[55.814s] -- Installing: /home/user/dobot_ws/install/dobot_msgs_v4/include/dobot_msgs_v4/dobot_msgs_v4/srv/detail/set_output_int__type_support.cpp
[55.814s] -- Installing: /home/user/dobot_ws/install/dobot_msgs_v4/include/dobot_msgs_v4/dobot_msgs_v4/srv/detail/rel_mov_j_tool__rosidl_typesupport_introspection_cpp.hpp
[55.814s] -- Installing: /home/user/dobot_ws/install/dobot_msgs_v4/include/dobot_msgs_v4/dobot_msgs_v4/srv/detail/get_in_regs__type_support.cpp
[55.814s] -- Installing: /home/user/dobot_ws/install/dobot_msgs_v4/include/dobot_msgs_v4/dobot_msgs_v4/srv/detail/set_hold_regs__rosidl_typesupport_introspection_cpp.hpp
[55.814s] -- Installing: /home/user/dobot_ws/install/dobot_msgs_v4/include/dobot_msgs_v4/dobot_msgs_v4/srv/detail/rel_mov_j_tool__type_support.cpp
[55.815s] -- Installing: /home/user/dobot_ws/install/dobot_msgs_v4/include/dobot_msgs_v4/dobot_msgs_v4/srv/detail/rel_mov_l_user__rosidl_typesupport_introspection_cpp.hpp
[55.815s] -- Installing: /home/user/dobot_ws/install/dobot_msgs_v4/include/dobot_msgs_v4/dobot_msgs_v4/srv/detail/fc_off__type_support.cpp
[55.815s] -- Installing: /home/user/dobot_ws/install/dobot_msgs_v4/include/dobot_msgs_v4/dobot_msgs_v4/srv/detail/emergency_stop__type_support.cpp
[55.815s] -- Installing: /home/user/dobot_ws/install/dobot_msgs_v4/include/dobot_msgs_v4/dobot_msgs_v4/srv/detail/set_work_zone_enable__type_support.cpp
[55.815s] -- Installing: /home/user/dobot_ws/install/dobot_msgs_v4/include/dobot_msgs_v4/dobot_msgs_v4/srv/detail/modbus_rtu_create__rosidl_typesupport_introspection_cpp.hpp
[55.815s] -- Installing: /home/user/dobot_ws/install/dobot_msgs_v4/include/dobot_msgs_v4/dobot_msgs_v4/srv/detail/pause__rosidl_typesupport_introspection_cpp.hpp
[55.815s] -- Installing: /home/user/dobot_ws/install/dobot_msgs_v4/include/dobot_msgs_v4/dobot_msgs_v4/srv/detail/clear_error__type_support.cpp
[55.815s] -- Installing: /home/user/dobot_ws/install/dobot_msgs_v4/include/dobot_msgs_v4/dobot_msgs_v4/srv/detail/set_tool_power__type_support.cpp
[55.815s] -- Installing: /home/user/dobot_ws/install/dobot_msgs_v4/include/dobot_msgs_v4/dobot_msgs_v4/srv/detail/modbus_create__rosidl_typesupport_introspection_cpp.hpp
[55.815s] -- Installing: /home/user/dobot_ws/install/dobot_msgs_v4/include/dobot_msgs_v4/dobot_msgs_v4/srv/detail/get_force__type_support.cpp
[55.816s] -- Installing: /home/user/dobot_ws/install/dobot_msgs_v4/include/dobot_msgs_v4/dobot_msgs_v4/srv/detail/arc__type_support.cpp
[55.816s] -- Installing: /home/user/dobot_ws/install/dobot_msgs_v4/include/dobot_msgs_v4/dobot_msgs_v4/srv/detail/fc_force_mode__type_support.cpp
[55.816s] -- Installing: /home/user/dobot_ws/install/dobot_msgs_v4/include/dobot_msgs_v4/dobot_msgs_v4/srv/detail/run_script__rosidl_typesupport_introspection_cpp.hpp
[55.816s] -- Installing: /home/user/dobot_ws/install/dobot_msgs_v4/include/dobot_msgs_v4/dobot_msgs_v4/srv/detail/set_collision_level__type_support.cpp
[55.816s] -- Installing: /home/user/dobot_ws/install/dobot_msgs_v4/include/dobot_msgs_v4/dobot_msgs_v4/srv/detail/stop__rosidl_typesupport_introspection_cpp.hpp
[55.816s] -- Installing: /home/user/dobot_ws/install/dobot_msgs_v4/include/dobot_msgs_v4/dobot_msgs_v4/srv/detail/get_output_int__rosidl_typesupport_introspection_cpp.hpp
[55.816s] -- Installing: /home/user/dobot_ws/install/dobot_msgs_v4/include/dobot_msgs_v4/dobot_msgs_v4/srv/detail/fc_set_stiffness__type_support.cpp
[55.816s] -- Installing: /home/user/dobot_ws/install/dobot_msgs_v4/include/dobot_msgs_v4/dobot_msgs_v4/srv/detail/get_input_int__type_support.cpp
[55.816s] -- Installing: /home/user/dobot_ws/install/dobot_msgs_v4/include/dobot_msgs_v4/dobot_msgs_v4/srv/detail/get_angle__type_support.cpp
[55.816s] -- Installing: /home/user/dobot_ws/install/dobot_msgs_v4/include/dobot_msgs_v4/dobot_msgs_v4/srv/detail/user__type_support.cpp
[55.816s] -- Installing: /home/user/dobot_ws/install/dobot_msgs_v4/include/dobot_msgs_v4/dobot_msgs_v4/srv/detail/fc_collision_switch__rosidl_typesupport_introspection_cpp.hpp
[55.817s] -- Installing: /home/user/dobot_ws/install/dobot_msgs_v4/include/dobot_msgs_v4/dobot_msgs_v4/srv/detail/get_input_int__rosidl_typesupport_introspection_cpp.hpp
[55.817s] -- Installing: /home/user/dobot_ws/install/dobot_msgs_v4/include/dobot_msgs_v4/dobot_msgs_v4/srv/detail/set_tool_power__rosidl_typesupport_introspection_cpp.hpp
[55.817s] -- Installing: /home/user/dobot_ws/install/dobot_msgs_v4/include/dobot_msgs_v4/dobot_msgs_v4/srv/detail/stop_drag__rosidl_typesupport_introspection_cpp.hpp
[55.817s] -- Installing: /home/user/dobot_ws/install/dobot_msgs_v4/include/dobot_msgs_v4/dobot_msgs_v4/srv/detail/drag_sensivity__rosidl_typesupport_introspection_cpp.hpp
[55.817s] -- Installing: /home/user/dobot_ws/install/dobot_msgs_v4/include/dobot_msgs_v4/dobot_msgs_v4/srv/detail/do__rosidl_typesupport_introspection_cpp.hpp
[55.817s] -- Installing: /home/user/dobot_ws/install/dobot_msgs_v4/include/dobot_msgs_v4/dobot_msgs_v4/srv/detail/set_safe_wall_enable__type_support.cpp
[55.817s] -- Installing: /home/user/dobot_ws/install/dobot_msgs_v4/include/dobot_msgs_v4/dobot_msgs_v4/srv/detail/rel_joint_mov_j__rosidl_typesupport_introspection_cpp.hpp
[55.817s] -- Installing: /home/user/dobot_ws/install/dobot_msgs_v4/include/dobot_msgs_v4/dobot_msgs_v4/srv/detail/ao_instant__type_support.cpp
[55.817s] -- Installing: /home/user/dobot_ws/install/dobot_msgs_v4/include/dobot_msgs_v4/dobot_msgs_v4/srv/detail/set_output_bool__rosidl_typesupport_introspection_cpp.hpp
[55.817s] -- Installing: /home/user/dobot_ws/install/dobot_msgs_v4/include/dobot_msgs_v4/dobot_msgs_v4/srv/detail/get_error_id__rosidl_typesupport_introspection_cpp.hpp
[55.817s] -- Installing: /home/user/dobot_ws/install/dobot_msgs_v4/include/dobot_msgs_v4/dobot_msgs_v4/srv/detail/set_post_collision_mode__type_support.cpp
[55.817s] -- Installing: /home/user/dobot_ws/install/dobot_msgs_v4/include/dobot_msgs_v4/dobot_msgs_v4/srv/detail/enable_ft_sensor__rosidl_typesupport_introspection_cpp.hpp
[55.818s] -- Installing: /home/user/dobot_ws/install/dobot_msgs_v4/include/dobot_msgs_v4/dobot_msgs_v4/srv/detail/start_rt_offset__rosidl_typesupport_introspection_cpp.hpp
[55.818s] -- Installing: /home/user/dobot_ws/install/dobot_msgs_v4/include/dobot_msgs_v4/dobot_msgs_v4/srv/detail/get_input_bool__rosidl_typesupport_introspection_cpp.hpp
[55.818s] -- Installing: /home/user/dobot_ws/install/dobot_msgs_v4/include/dobot_msgs_v4/dobot_msgs_v4/srv/detail/rel_joint_mov_j__type_support.cpp
[55.818s] -- Installing: /home/user/dobot_ws/install/dobot_msgs_v4/include/dobot_msgs_v4/dobot_msgs_v4/srv/detail/mov_lio__type_support.cpp
[55.818s] -- Installing: /home/user/dobot_ws/install/dobot_msgs_v4/include/dobot_msgs_v4/dobot_msgs_v4/srv/detail/tool_do_instant__type_support.cpp
[55.818s] -- Installing: /home/user/dobot_ws/install/dobot_msgs_v4/include/dobot_msgs_v4/dobot_msgs_v4/srv/detail/get_in_bits__type_support.cpp
[55.818s] -- Installing: /home/user/dobot_ws/install/dobot_msgs_v4/include/dobot_msgs_v4/dobot_msgs_v4/srv/detail/set_payload__rosidl_typesupport_introspection_cpp.hpp
[55.818s] -- Installing: /home/user/dobot_ws/install/dobot_msgs_v4/include/dobot_msgs_v4/dobot_msgs_v4/srv/detail/vel_j__type_support.cpp
[55.819s] -- Installing: /home/user/dobot_ws/install/dobot_msgs_v4/include/dobot_msgs_v4/dobot_msgs_v4/srv/detail/get_output_bool__type_support.cpp
[55.819s] -- Installing: /home/user/dobot_ws/install/dobot_msgs_v4/include/dobot_msgs_v4/dobot_msgs_v4/srv/detail/robot_mode__type_support.cpp
[55.819s] -- Installing: /home/user/dobot_ws/install/dobot_msgs_v4/include/dobot_msgs_v4/dobot_msgs_v4/srv/detail/enable_robot__rosidl_typesupport_introspection_cpp.hpp
[55.819s] -- Installing: /home/user/dobot_ws/install/dobot_msgs_v4/include/dobot_msgs_v4/dobot_msgs_v4/srv/detail/calc_tool__type_support.cpp
[55.819s] -- Installing: /home/user/dobot_ws/install/dobot_msgs_v4/include/dobot_msgs_v4/dobot_msgs_v4/srv/detail/fc_set_mass__rosidl_typesupport_introspection_cpp.hpp
[55.819s] -- Installing: /home/user/dobot_ws/install/dobot_msgs_v4/include/dobot_msgs_v4/dobot_msgs_v4/srv/detail/six_force_home__rosidl_typesupport_introspection_cpp.hpp
[55.819s] -- Installing: /home/user/dobot_ws/install/dobot_msgs_v4/include/dobot_msgs_v4/dobot_msgs_v4/srv/detail/di_group_dec__type_support.cpp
[55.819s] -- Installing: /home/user/dobot_ws/install/dobot_msgs_v4/include/dobot_msgs_v4/dobot_msgs_v4/srv/detail/get_input_bool__type_support.cpp
[55.819s] -- Installing: /home/user/dobot_ws/install/dobot_msgs_v4/include/dobot_msgs_v4/dobot_msgs_v4/srv/detail/pause__type_support.cpp
[55.820s] -- Installing: /home/user/dobot_ws/install/dobot_msgs_v4/include/dobot_msgs_v4/dobot_msgs_v4/srv/detail/set_output_int__rosidl_typesupport_introspection_cpp.hpp
[55.820s] -- Installing: /home/user/dobot_ws/install/dobot_msgs_v4/include/dobot_msgs_v4/dobot_msgs_v4/srv/detail/mov_l__type_support.cpp
[55.820s] -- Installing: /home/user/dobot_ws/install/dobot_msgs_v4/include/dobot_msgs_v4/dobot_msgs_v4/srv/detail/get_error__rosidl_typesupport_introspection_cpp.hpp
[55.820s] -- Installing: /home/user/dobot_ws/install/dobot_msgs_v4/include/dobot_msgs_v4/dobot_msgs_v4/srv/detail/do_group__rosidl_typesupport_introspection_cpp.hpp
[55.820s] -- Installing: /home/user/dobot_ws/install/dobot_msgs_v4/include/dobot_msgs_v4/dobot_msgs_v4/srv/detail/di_group__type_support.cpp
[55.820s] -- Installing: /home/user/dobot_ws/install/dobot_msgs_v4/include/dobot_msgs_v4/dobot_msgs_v4/srv/detail/emergency_stop__rosidl_typesupport_introspection_cpp.hpp
[55.820s] -- Installing: /home/user/dobot_ws/install/dobot_msgs_v4/include/dobot_msgs_v4/dobot_msgs_v4/srv/detail/stop_drag__type_support.cpp
[55.820s] -- Installing: /home/user/dobot_ws/install/dobot_msgs_v4/include/dobot_msgs_v4/dobot_msgs_v4/srv/detail/fc_set_force_speed_limit__rosidl_typesupport_introspection_cpp.hpp
[55.820s] -- Installing: /home/user/dobot_ws/install/dobot_msgs_v4/include/dobot_msgs_v4/dobot_msgs_v4/srv/detail/fc_set_deviation__type_support.cpp
[55.820s] -- Installing: /home/user/dobot_ws/install/dobot_msgs_v4/include/dobot_msgs_v4/dobot_msgs_v4/srv/detail/set_tool_mode__rosidl_typesupport_introspection_cpp.hpp
[55.821s] -- Installing: /home/user/dobot_ws/install/dobot_msgs_v4/lib/libdobot_msgs_v4__rosidl_typesupport_introspection_cpp.so
[55.822s] -- Set runtime path of "/home/user/dobot_ws/install/dobot_msgs_v4/lib/libdobot_msgs_v4__rosidl_typesupport_introspection_cpp.so" to ""
[55.823s] -- Installing: /home/user/dobot_ws/install/dobot_msgs_v4/lib/libdobot_msgs_v4__rosidl_typesupport_cpp.so
[55.823s] -- Set runtime path of "/home/user/dobot_ws/install/dobot_msgs_v4/lib/libdobot_msgs_v4__rosidl_typesupport_cpp.so" to ""
[55.824s] -- Installing: /home/user/dobot_ws/install/dobot_msgs_v4/share/dobot_msgs_v4/environment/pythonpath.sh
[55.824s] -- Installing: /home/user/dobot_ws/install/dobot_msgs_v4/share/dobot_msgs_v4/environment/pythonpath.dsv
[55.824s] -- Installing: /home/user/dobot_ws/install/dobot_msgs_v4/local/lib/python3.10/dist-packages/dobot_msgs_v4-0.0.0-py3.10.egg-info
[55.824s] -- Installing: /home/user/dobot_ws/install/dobot_msgs_v4/local/lib/python3.10/dist-packages/dobot_msgs_v4-0.0.0-py3.10.egg-info/SOURCES.txt
[55.824s] -- Installing: /home/user/dobot_ws/install/dobot_msgs_v4/local/lib/python3.10/dist-packages/dobot_msgs_v4-0.0.0-py3.10.egg-info/top_level.txt
[55.824s] -- Installing: /home/user/dobot_ws/install/dobot_msgs_v4/local/lib/python3.10/dist-packages/dobot_msgs_v4-0.0.0-py3.10.egg-info/PKG-INFO
[55.825s] -- Installing: /home/user/dobot_ws/install/dobot_msgs_v4/local/lib/python3.10/dist-packages/dobot_msgs_v4-0.0.0-py3.10.egg-info/dependency_links.txt
[55.825s] -- Installing: /home/user/dobot_ws/install/dobot_msgs_v4/local/lib/python3.10/dist-packages/dobot_msgs_v4
[55.825s] -- Installing: /home/user/dobot_ws/install/dobot_msgs_v4/local/lib/python3.10/dist-packages/dobot_msgs_v4/libdobot_msgs_v4__rosidl_generator_py.so
[55.825s] -- Installing: /home/user/dobot_ws/install/dobot_msgs_v4/local/lib/python3.10/dist-packages/dobot_msgs_v4/msg
[55.825s] -- Installing: /home/user/dobot_ws/install/dobot_msgs_v4/local/lib/python3.10/dist-packages/dobot_msgs_v4/msg/_tool_vector_actual_s.c
[55.826s] -- Installing: /home/user/dobot_ws/install/dobot_msgs_v4/local/lib/python3.10/dist-packages/dobot_msgs_v4/msg/_robot_status.py
[55.826s] -- Installing: /home/user/dobot_ws/install/dobot_msgs_v4/local/lib/python3.10/dist-packages/dobot_msgs_v4/msg/_tool_vector_actual.py
[55.826s] -- Installing: /home/user/dobot_ws/install/dobot_msgs_v4/local/lib/python3.10/dist-packages/dobot_msgs_v4/msg/__init__.py
[55.826s] -- Installing: /home/user/dobot_ws/install/dobot_msgs_v4/local/lib/python3.10/dist-packages/dobot_msgs_v4/msg/_robot_status_s.c
[55.826s] -- Installing: /home/user/dobot_ws/install/dobot_msgs_v4/local/lib/python3.10/dist-packages/dobot_msgs_v4/_dobot_msgs_v4_s.ep.rosidl_typesupport_introspection_c.c
[55.827s] -- Installing: /home/user/dobot_ws/install/dobot_msgs_v4/local/lib/python3.10/dist-packages/dobot_msgs_v4/dobot_msgs_v4_s__rosidl_typesupport_c.cpython-310-x86_64-linux-gnu.so
[55.827s] -- Installing: /home/user/dobot_ws/install/dobot_msgs_v4/local/lib/python3.10/dist-packages/dobot_msgs_v4/__init__.py
[55.827s] -- Installing: /home/user/dobot_ws/install/dobot_msgs_v4/local/lib/python3.10/dist-packages/dobot_msgs_v4/_dobot_msgs_v4_s.ep.rosidl_typesupport_fastrtps_c.c
[55.828s] -- Installing: /home/user/dobot_ws/install/dobot_msgs_v4/local/lib/python3.10/dist-packages/dobot_msgs_v4/dobot_msgs_v4_s__rosidl_typesupport_introspection_c.cpython-310-x86_64-linux-gnu.so
[55.829s] -- Installing: /home/user/dobot_ws/install/dobot_msgs_v4/local/lib/python3.10/dist-packages/dobot_msgs_v4/srv
[55.829s] -- Installing: /home/user/dobot_ws/install/dobot_msgs_v4/local/lib/python3.10/dist-packages/dobot_msgs_v4/srv/_set_coils.py
[55.829s] -- Installing: /home/user/dobot_ws/install/dobot_msgs_v4/local/lib/python3.10/dist-packages/dobot_msgs_v4/srv/_get_input_bool_s.c
[55.829s] -- Installing: /home/user/dobot_ws/install/dobot_msgs_v4/local/lib/python3.10/dist-packages/dobot_msgs_v4/srv/_get_coils_s.c
[55.829s] -- Installing: /home/user/dobot_ws/install/dobot_msgs_v4/local/lib/python3.10/dist-packages/dobot_msgs_v4/srv/_check_odd_mov_j_s.c
[55.830s] -- Installing: /home/user/dobot_ws/install/dobot_msgs_v4/local/lib/python3.10/dist-packages/dobot_msgs_v4/srv/_acc_j_s.c
[55.830s] -- Installing: /home/user/dobot_ws/install/dobot_msgs_v4/local/lib/python3.10/dist-packages/dobot_msgs_v4/srv/_enable_ft_sensor_s.c
[55.830s] -- Installing: /home/user/dobot_ws/install/dobot_msgs_v4/local/lib/python3.10/dist-packages/dobot_msgs_v4/srv/_calc_user_s.c
[55.830s] -- Installing: /home/user/dobot_ws/install/dobot_msgs_v4/local/lib/python3.10/dist-packages/dobot_msgs_v4/srv/_mov_lio.py
[55.830s] -- Installing: /home/user/dobot_ws/install/dobot_msgs_v4/local/lib/python3.10/dist-packages/dobot_msgs_v4/srv/_get_output_bool_s.c
[55.830s] -- Installing: /home/user/dobot_ws/install/dobot_msgs_v4/local/lib/python3.10/dist-packages/dobot_msgs_v4/srv/_ao.py
[55.830s] -- Installing: /home/user/dobot_ws/install/dobot_msgs_v4/local/lib/python3.10/dist-packages/dobot_msgs_v4/srv/_cp.py
[55.830s] -- Installing: /home/user/dobot_ws/install/dobot_msgs_v4/local/lib/python3.10/dist-packages/dobot_msgs_v4/srv/_ao_s.c
[55.830s] -- Installing: /home/user/dobot_ws/install/dobot_msgs_v4/local/lib/python3.10/dist-packages/dobot_msgs_v4/srv/_tool_do_instant.py
[55.830s] -- Installing: /home/user/dobot_ws/install/dobot_msgs_v4/local/lib/python3.10/dist-packages/dobot_msgs_v4/srv/_enable_robot_s.c
[55.830s] -- Installing: /home/user/dobot_ws/install/dobot_msgs_v4/local/lib/python3.10/dist-packages/dobot_msgs_v4/srv/_inverse_solution.py
[55.830s] -- Installing: /home/user/dobot_ws/install/dobot_msgs_v4/local/lib/python3.10/dist-packages/dobot_msgs_v4/srv/_enable_robot.py
[55.830s] -- Installing: /home/user/dobot_ws/install/dobot_msgs_v4/local/lib/python3.10/dist-packages/dobot_msgs_v4/srv/_get_output_float_s.c
[55.830s] -- Installing: /home/user/dobot_ws/install/dobot_msgs_v4/local/lib/python3.10/dist-packages/dobot_msgs_v4/srv/_vel_j_s.c
[55.831s] -- Installing: /home/user/dobot_ws/install/dobot_msgs_v4/local/lib/python3.10/dist-packages/dobot_msgs_v4/srv/_start_rt_offset.py
[55.831s] -- Installing: /home/user/dobot_ws/install/dobot_msgs_v4/local/lib/python3.10/dist-packages/dobot_msgs_v4/srv/_mov_j.py
[55.831s] -- Installing: /home/user/dobot_ws/install/dobot_msgs_v4/local/lib/python3.10/dist-packages/dobot_msgs_v4/srv/_fc_set_force_s.c
[55.831s] -- Installing: /home/user/dobot_ws/install/dobot_msgs_v4/local/lib/python3.10/dist-packages/dobot_msgs_v4/srv/_get_in_regs_s.c
[55.831s] -- Installing: /home/user/dobot_ws/install/dobot_msgs_v4/local/lib/python3.10/dist-packages/dobot_msgs_v4/srv/_get_ao_s.c
[55.831s] -- Installing: /home/user/dobot_ws/install/dobot_msgs_v4/local/lib/python3.10/dist-packages/dobot_msgs_v4/srv/_set_post_collision_mode_s.c
[55.831s] -- Installing: /home/user/dobot_ws/install/dobot_msgs_v4/local/lib/python3.10/dist-packages/dobot_msgs_v4/srv/_set_hold_regs.py
[55.831s] -- Installing: /home/user/dobot_ws/install/dobot_msgs_v4/local/lib/python3.10/dist-packages/dobot_msgs_v4/srv/_set_tool485_s.c
[55.831s] -- Installing: /home/user/dobot_ws/install/dobot_msgs_v4/local/lib/python3.10/dist-packages/dobot_msgs_v4/srv/_acc_l.py
[55.831s] -- Installing: /home/user/dobot_ws/install/dobot_msgs_v4/local/lib/python3.10/dist-packages/dobot_msgs_v4/srv/_continue_s.c
[55.831s] -- Installing: /home/user/dobot_ws/install/dobot_msgs_v4/local/lib/python3.10/dist-packages/dobot_msgs_v4/srv/_fc_set_force_speed_limit_s.c
[55.831s] -- Installing: /home/user/dobot_ws/install/dobot_msgs_v4/local/lib/python3.10/dist-packages/dobot_msgs_v4/srv/_do_group_s.c
[55.831s] -- Installing: /home/user/dobot_ws/install/dobot_msgs_v4/local/lib/python3.10/dist-packages/dobot_msgs_v4/srv/_fc_set_deviation_s.c
[55.832s] -- Installing: /home/user/dobot_ws/install/dobot_msgs_v4/local/lib/python3.10/dist-packages/dobot_msgs_v4/srv/_calc_tool.py
[55.832s] -- Installing: /home/user/dobot_ws/install/dobot_msgs_v4/local/lib/python3.10/dist-packages/dobot_msgs_v4/srv/_ai.py
[55.832s] -- Installing: /home/user/dobot_ws/install/dobot_msgs_v4/local/lib/python3.10/dist-packages/dobot_msgs_v4/srv/_di_group.py
[55.832s] -- Installing: /home/user/dobot_ws/install/dobot_msgs_v4/local/lib/python3.10/dist-packages/dobot_msgs_v4/srv/_mov_jio_s.c
[55.832s] -- Installing: /home/user/dobot_ws/install/dobot_msgs_v4/local/lib/python3.10/dist-packages/dobot_msgs_v4/srv/_rel_mov_l_user.py
[55.832s] -- Installing: /home/user/dobot_ws/install/dobot_msgs_v4/local/lib/python3.10/dist-packages/dobot_msgs_v4/srv/_get_do_group_dec_s.c
[55.832s] -- Installing: /home/user/dobot_ws/install/dobot_msgs_v4/local/lib/python3.10/dist-packages/dobot_msgs_v4/srv/_rel_mov_j_tool_s.c
[55.832s] -- Installing: /home/user/dobot_ws/install/dobot_msgs_v4/local/lib/python3.10/dist-packages/dobot_msgs_v4/srv/_fc_collision_switch.py
[55.832s] -- Installing: /home/user/dobot_ws/install/dobot_msgs_v4/local/lib/python3.10/dist-packages/dobot_msgs_v4/srv/_positive_kin_s.c
[55.832s] -- Installing: /home/user/dobot_ws/install/dobot_msgs_v4/local/lib/python3.10/dist-packages/dobot_msgs_v4/srv/_modbus_close.py
[55.832s] -- Installing: /home/user/dobot_ws/install/dobot_msgs_v4/local/lib/python3.10/dist-packages/dobot_msgs_v4/srv/_get_angle_s.c
[55.833s] -- Installing: /home/user/dobot_ws/install/dobot_msgs_v4/local/lib/python3.10/dist-packages/dobot_msgs_v4/srv/_pause.py
[55.833s] -- Installing: /home/user/dobot_ws/install/dobot_msgs_v4/local/lib/python3.10/dist-packages/dobot_msgs_v4/srv/_end_rt_offset.py
[55.833s] -- Installing: /home/user/dobot_ws/install/dobot_msgs_v4/local/lib/python3.10/dist-packages/dobot_msgs_v4/srv/_rel_mov_l_tool.py
[55.833s] -- Installing: /home/user/dobot_ws/install/dobot_msgs_v4/local/lib/python3.10/dist-packages/dobot_msgs_v4/srv/_ao_instant_s.c
[55.833s] -- Installing: /home/user/dobot_ws/install/dobot_msgs_v4/local/lib/python3.10/dist-packages/dobot_msgs_v4/srv/_get_in_bits.py
[55.833s] -- Installing: /home/user/dobot_ws/install/dobot_msgs_v4/local/lib/python3.10/dist-packages/dobot_msgs_v4/srv/_set_tool_mode_s.c
[55.833s] -- Installing: /home/user/dobot_ws/install/dobot_msgs_v4/local/lib/python3.10/dist-packages/dobot_msgs_v4/srv/_power_on_s.c
[55.833s] -- Installing: /home/user/dobot_ws/install/dobot_msgs_v4/local/lib/python3.10/dist-packages/dobot_msgs_v4/srv/_set_back_distance.py
[55.833s] -- Installing: /home/user/dobot_ws/install/dobot_msgs_v4/local/lib/python3.10/dist-packages/dobot_msgs_v4/srv/_set_user.py
[55.833s] -- Installing: /home/user/dobot_ws/install/dobot_msgs_v4/local/lib/python3.10/dist-packages/dobot_msgs_v4/srv/_fc_set_damping.py
[55.833s] -- Installing: /home/user/dobot_ws/install/dobot_msgs_v4/local/lib/python3.10/dist-packages/dobot_msgs_v4/srv/_start_path.py
[55.834s] -- Installing: /home/user/dobot_ws/install/dobot_msgs_v4/local/lib/python3.10/dist-packages/dobot_msgs_v4/srv/_set_user_s.c
[55.834s] -- Installing: /home/user/dobot_ws/install/dobot_msgs_v4/local/lib/python3.10/dist-packages/dobot_msgs_v4/srv/_clear_error.py
[55.834s] -- Installing: /home/user/dobot_ws/install/dobot_msgs_v4/local/lib/python3.10/dist-packages/dobot_msgs_v4/srv/_robot_mode_s.c
[55.834s] -- Installing: /home/user/dobot_ws/install/dobot_msgs_v4/local/lib/python3.10/dist-packages/dobot_msgs_v4/srv/_stop_move_jog.py
[55.834s] -- Installing: /home/user/dobot_ws/install/dobot_msgs_v4/local/lib/python3.10/dist-packages/dobot_msgs_v4/srv/_check_odd_mov_c.py
[55.834s] -- Installing: /home/user/dobot_ws/install/dobot_msgs_v4/local/lib/python3.10/dist-packages/dobot_msgs_v4/srv/_ao_instant.py
[55.834s] -- Installing: /home/user/dobot_ws/install/dobot_msgs_v4/local/lib/python3.10/dist-packages/dobot_msgs_v4/srv/_force_drive_mode.py
[55.834s] -- Installing: /home/user/dobot_ws/install/dobot_msgs_v4/local/lib/python3.10/dist-packages/dobot_msgs_v4/srv/_set_back_distance_s.c
[55.834s] -- Installing: /home/user/dobot_ws/install/dobot_msgs_v4/local/lib/python3.10/dist-packages/dobot_msgs_v4/srv/_modbus_create.py
[55.834s] -- Installing: /home/user/dobot_ws/install/dobot_msgs_v4/local/lib/python3.10/dist-packages/dobot_msgs_v4/srv/_get_angle.py
[55.834s] -- Installing: /home/user/dobot_ws/install/dobot_msgs_v4/local/lib/python3.10/dist-packages/dobot_msgs_v4/srv/_get_pose_s.c
[55.834s] -- Installing: /home/user/dobot_ws/install/dobot_msgs_v4/local/lib/python3.10/dist-packages/dobot_msgs_v4/srv/_get_do_s.c
[55.835s] -- Installing: /home/user/dobot_ws/install/dobot_msgs_v4/local/lib/python3.10/dist-packages/dobot_msgs_v4/srv/_fc_set_force_limit_s.c
[55.835s] -- Installing: /home/user/dobot_ws/install/dobot_msgs_v4/local/lib/python3.10/dist-packages/dobot_msgs_v4/srv/_get_do_group_dec.py
[55.835s] -- Installing: /home/user/dobot_ws/install/dobot_msgs_v4/local/lib/python3.10/dist-packages/dobot_msgs_v4/srv/_set_tool_power.py
[55.835s] -- Installing: /home/user/dobot_ws/install/dobot_msgs_v4/local/lib/python3.10/dist-packages/dobot_msgs_v4/srv/_get_hold_regs.py
[55.835s] -- Installing: /home/user/dobot_ws/install/dobot_msgs_v4/local/lib/python3.10/dist-packages/dobot_msgs_v4/srv/_move_jog_s.c
[55.835s] -- Installing: /home/user/dobot_ws/install/dobot_msgs_v4/local/lib/python3.10/dist-packages/dobot_msgs_v4/srv/_calc_user.py
[55.835s] -- Installing: /home/user/dobot_ws/install/dobot_msgs_v4/local/lib/python3.10/dist-packages/dobot_msgs_v4/srv/_servo_j.py
[55.835s] -- Installing: /home/user/dobot_ws/install/dobot_msgs_v4/local/lib/python3.10/dist-packages/dobot_msgs_v4/srv/_force_drive_speed.py
[55.835s] -- Installing: /home/user/dobot_ws/install/dobot_msgs_v4/local/lib/python3.10/dist-packages/dobot_msgs_v4/srv/_get_output_bool.py
[55.835s] -- Installing: /home/user/dobot_ws/install/dobot_msgs_v4/local/lib/python3.10/dist-packages/dobot_msgs_v4/srv/_set_output_float.py
[55.835s] -- Installing: /home/user/dobot_ws/install/dobot_msgs_v4/local/lib/python3.10/dist-packages/dobot_msgs_v4/srv/_modbus_create_s.c
[55.836s] -- Installing: /home/user/dobot_ws/install/dobot_msgs_v4/local/lib/python3.10/dist-packages/dobot_msgs_v4/srv/_brake_control.py
[55.836s] -- Installing: /home/user/dobot_ws/install/dobot_msgs_v4/local/lib/python3.10/dist-packages/dobot_msgs_v4/srv/_do_group_dec_s.c
[55.836s] -- Installing: /home/user/dobot_ws/install/dobot_msgs_v4/local/lib/python3.10/dist-packages/dobot_msgs_v4/srv/_get_output_float.py
[55.836s] -- Installing: /home/user/dobot_ws/install/dobot_msgs_v4/local/lib/python3.10/dist-packages/dobot_msgs_v4/srv/_set_tool_mode.py
[55.836s] -- Installing: /home/user/dobot_ws/install/dobot_msgs_v4/local/lib/python3.10/dist-packages/dobot_msgs_v4/srv/_get_input_float.py
[55.836s] -- Installing: /home/user/dobot_ws/install/dobot_msgs_v4/local/lib/python3.10/dist-packages/dobot_msgs_v4/srv/_tool_ai.py
[55.836s] -- Installing: /home/user/dobot_ws/install/dobot_msgs_v4/local/lib/python3.10/dist-packages/dobot_msgs_v4/srv/_get_force_s.c
[55.836s] -- Installing: /home/user/dobot_ws/install/dobot_msgs_v4/local/lib/python3.10/dist-packages/dobot_msgs_v4/srv/_set_output_bool.py
[55.836s] -- Installing: /home/user/dobot_ws/install/dobot_msgs_v4/local/lib/python3.10/dist-packages/dobot_msgs_v4/srv/_set_fc_collision.py
[55.836s] -- Installing: /home/user/dobot_ws/install/dobot_msgs_v4/local/lib/python3.10/dist-packages/dobot_msgs_v4/srv/_modbus_close_s.c
[55.836s] -- Installing: /home/user/dobot_ws/install/dobot_msgs_v4/local/lib/python3.10/dist-packages/dobot_msgs_v4/srv/_stop_drag_s.c
[55.837s] -- Installing: /home/user/dobot_ws/install/dobot_msgs_v4/local/lib/python3.10/dist-packages/dobot_msgs_v4/srv/_set_output_int_s.c
[55.837s] -- Installing: /home/user/dobot_ws/install/dobot_msgs_v4/local/lib/python3.10/dist-packages/dobot_msgs_v4/srv/_tool_ai_s.c
[55.837s] -- Installing: /home/user/dobot_ws/install/dobot_msgs_v4/local/lib/python3.10/dist-packages/dobot_msgs_v4/srv/_rel_mov_j_user_s.c
[55.837s] -- Installing: /home/user/dobot_ws/install/dobot_msgs_v4/local/lib/python3.10/dist-packages/dobot_msgs_v4/srv/_fc_collision_switch_s.c
[55.837s] -- Installing: /home/user/dobot_ws/install/dobot_msgs_v4/local/lib/python3.10/dist-packages/dobot_msgs_v4/srv/_drag_sensivity.py
[55.837s] -- Installing: /home/user/dobot_ws/install/dobot_msgs_v4/local/lib/python3.10/dist-packages/dobot_msgs_v4/srv/_start_drag.py
[55.837s] -- Installing: /home/user/dobot_ws/install/dobot_msgs_v4/local/lib/python3.10/dist-packages/dobot_msgs_v4/srv/_check_odd_mov_l_s.c
[55.837s] -- Installing: /home/user/dobot_ws/install/dobot_msgs_v4/local/lib/python3.10/dist-packages/dobot_msgs_v4/srv/_set_fc_collision_s.c
[55.837s] -- Installing: /home/user/dobot_ws/install/dobot_msgs_v4/local/lib/python3.10/dist-packages/dobot_msgs_v4/srv/_di_group_dec_s.c
[55.837s] -- Installing: /home/user/dobot_ws/install/dobot_msgs_v4/local/lib/python3.10/dist-packages/dobot_msgs_v4/srv/_set_hold_regs_s.c
[55.837s] -- Installing: /home/user/dobot_ws/install/dobot_msgs_v4/local/lib/python3.10/dist-packages/dobot_msgs_v4/srv/_fc_set_stiffness_s.c
[55.838s] -- Installing: /home/user/dobot_ws/install/dobot_msgs_v4/local/lib/python3.10/dist-packages/dobot_msgs_v4/srv/_tool_s.c
[55.838s] -- Installing: /home/user/dobot_ws/install/dobot_msgs_v4/local/lib/python3.10/dist-packages/dobot_msgs_v4/srv/_request_control.py
[55.838s] -- Installing: /home/user/dobot_ws/install/dobot_msgs_v4/local/lib/python3.10/dist-packages/dobot_msgs_v4/srv/_di_group_dec.py
[55.838s] -- Installing: /home/user/dobot_ws/install/dobot_msgs_v4/local/lib/python3.10/dist-packages/dobot_msgs_v4/srv/_get_tool_do_s.c
[55.838s] -- Installing: /home/user/dobot_ws/install/dobot_msgs_v4/local/lib/python3.10/dist-packages/dobot_msgs_v4/srv/_vel_l.py
[55.838s] -- Installing: /home/user/dobot_ws/install/dobot_msgs_v4/local/lib/python3.10/dist-packages/dobot_msgs_v4/srv/_start_path_s.c
[55.838s] -- Installing: /home/user/dobot_ws/install/dobot_msgs_v4/local/lib/python3.10/dist-packages/dobot_msgs_v4/srv/_rel_mov_l_tool_s.c
[55.838s] -- Installing: /home/user/dobot_ws/install/dobot_msgs_v4/local/lib/python3.10/dist-packages/dobot_msgs_v4/srv/_get_input_int_s.c
[55.838s] -- Installing: /home/user/dobot_ws/install/dobot_msgs_v4/local/lib/python3.10/dist-packages/dobot_msgs_v4/srv/_set_output_int.py
[55.839s] -- Installing: /home/user/dobot_ws/install/dobot_msgs_v4/local/lib/python3.10/dist-packages/dobot_msgs_v4/srv/_check_odd_mov_j.py
[55.839s] -- Installing: /home/user/dobot_ws/install/dobot_msgs_v4/local/lib/python3.10/dist-packages/dobot_msgs_v4/srv/_ai_s.c
[55.839s] -- Installing: /home/user/dobot_ws/install/dobot_msgs_v4/local/lib/python3.10/dist-packages/dobot_msgs_v4/srv/_fc_set_force.py
[55.839s] -- Installing: /home/user/dobot_ws/install/dobot_msgs_v4/local/lib/python3.10/dist-packages/dobot_msgs_v4/srv/_get_error.py
[55.839s] -- Installing: /home/user/dobot_ws/install/dobot_msgs_v4/local/lib/python3.10/dist-packages/dobot_msgs_v4/srv/_di_s.c
[55.839s] -- Installing: /home/user/dobot_ws/install/dobot_msgs_v4/local/lib/python3.10/dist-packages/dobot_msgs_v4/srv/_get_in_regs.py
[55.839s] -- Installing: /home/user/dobot_ws/install/dobot_msgs_v4/local/lib/python3.10/dist-packages/dobot_msgs_v4/srv/_force_drive_speed_s.c
[55.839s] -- Installing: /home/user/dobot_ws/install/dobot_msgs_v4/local/lib/python3.10/dist-packages/dobot_msgs_v4/srv/_rel_mov_j_user.py
[55.839s] -- Installing: /home/user/dobot_ws/install/dobot_msgs_v4/local/lib/python3.10/dist-packages/dobot_msgs_v4/srv/_set_tool_power_s.c
[55.839s] -- Installing: /home/user/dobot_ws/install/dobot_msgs_v4/local/lib/python3.10/dist-packages/dobot_msgs_v4/srv/_get_do_group_s.c
[55.840s] -- Installing: /home/user/dobot_ws/install/dobot_msgs_v4/local/lib/python3.10/dist-packages/dobot_msgs_v4/srv/_rel_joint_mov_j_s.c
[55.840s] -- Installing: /home/user/dobot_ws/install/dobot_msgs_v4/local/lib/python3.10/dist-packages/dobot_msgs_v4/srv/_get_error_id.py
[55.840s] -- Installing: /home/user/dobot_ws/install/dobot_msgs_v4/local/lib/python3.10/dist-packages/dobot_msgs_v4/srv/_acc_j.py
[55.840s] -- Installing: /home/user/dobot_ws/install/dobot_msgs_v4/local/lib/python3.10/dist-packages/dobot_msgs_v4/srv/_vel_j.py
[55.840s] -- Installing: /home/user/dobot_ws/install/dobot_msgs_v4/local/lib/python3.10/dist-packages/dobot_msgs_v4/srv/_enable_safe_skin.py
[55.840s] -- Installing: /home/user/dobot_ws/install/dobot_msgs_v4/local/lib/python3.10/dist-packages/dobot_msgs_v4/srv/_run_script.py
[55.840s] -- Installing: /home/user/dobot_ws/install/dobot_msgs_v4/local/lib/python3.10/dist-packages/dobot_msgs_v4/srv/_start_rt_offset_s.c
[55.840s] -- Installing: /home/user/dobot_ws/install/dobot_msgs_v4/local/lib/python3.10/dist-packages/dobot_msgs_v4/srv/_fc_set_mass.py
[55.840s] -- Installing: /home/user/dobot_ws/install/dobot_msgs_v4/local/lib/python3.10/dist-packages/dobot_msgs_v4/srv/_mov_j_s.c
[55.840s] -- Installing: /home/user/dobot_ws/install/dobot_msgs_v4/local/lib/python3.10/dist-packages/dobot_msgs_v4/srv/_stop_drag.py
[55.840s] -- Installing: /home/user/dobot_ws/install/dobot_msgs_v4/local/lib/python3.10/dist-packages/dobot_msgs_v4/srv/_set_work_zone_enable_s.c
[55.841s] -- Installing: /home/user/dobot_ws/install/dobot_msgs_v4/local/lib/python3.10/dist-packages/dobot_msgs_v4/srv/_drag_sensivity_s.c
[55.841s] -- Installing: /home/user/dobot_ws/install/dobot_msgs_v4/local/lib/python3.10/dist-packages/dobot_msgs_v4/srv/_rel_mov_j_tool.py
[55.841s] -- Installing: /home/user/dobot_ws/install/dobot_msgs_v4/local/lib/python3.10/dist-packages/dobot_msgs_v4/srv/_set_safe_wall_enable.py
[55.841s] -- Installing: /home/user/dobot_ws/install/dobot_msgs_v4/local/lib/python3.10/dist-packages/dobot_msgs_v4/srv/_fc_off_s.c
[55.841s] -- Installing: /home/user/dobot_ws/install/dobot_msgs_v4/local/lib/python3.10/dist-packages/dobot_msgs_v4/srv/_fc_set_stiffness.py
[55.841s] -- Installing: /home/user/dobot_ws/install/dobot_msgs_v4/local/lib/python3.10/dist-packages/dobot_msgs_v4/srv/_continue.py
[55.841s] -- Installing: /home/user/dobot_ws/install/dobot_msgs_v4/local/lib/python3.10/dist-packages/dobot_msgs_v4/srv/_inverse_kin.py
[55.841s] -- Installing: /home/user/dobot_ws/install/dobot_msgs_v4/local/lib/python3.10/dist-packages/dobot_msgs_v4/srv/_robot_mode.py
[55.841s] -- Installing: /home/user/dobot_ws/install/dobot_msgs_v4/local/lib/python3.10/dist-packages/dobot_msgs_v4/srv/_emergency_stop_s.c
[55.841s] -- Installing: /home/user/dobot_ws/install/dobot_msgs_v4/local/lib/python3.10/dist-packages/dobot_msgs_v4/srv/_do_instant_s.c
[55.841s] -- Installing: /home/user/dobot_ws/install/dobot_msgs_v4/local/lib/python3.10/dist-packages/dobot_msgs_v4/srv/_do_s.c
[55.842s] -- Installing: /home/user/dobot_ws/install/dobot_msgs_v4/local/lib/python3.10/dist-packages/dobot_msgs_v4/srv/_arc_s.c
[55.842s] -- Installing: /home/user/dobot_ws/install/dobot_msgs_v4/local/lib/python3.10/dist-packages/dobot_msgs_v4/srv/_get_pose.py
[55.842s] -- Installing: /home/user/dobot_ws/install/dobot_msgs_v4/local/lib/python3.10/dist-packages/dobot_msgs_v4/srv/_get_tool_do.py
[55.842s] -- Installing: /home/user/dobot_ws/install/dobot_msgs_v4/local/lib/python3.10/dist-packages/dobot_msgs_v4/srv/_modbus_rtu_create_s.c
[55.842s] -- Installing: /home/user/dobot_ws/install/dobot_msgs_v4/local/lib/python3.10/dist-packages/dobot_msgs_v4/srv/_start_drag_s.c
[55.842s] -- Installing: /home/user/dobot_ws/install/dobot_msgs_v4/local/lib/python3.10/dist-packages/dobot_msgs_v4/srv/__init__.py
[55.842s] -- Installing: /home/user/dobot_ws/install/dobot_msgs_v4/local/lib/python3.10/dist-packages/dobot_msgs_v4/srv/_set_tool_s.c
[55.842s] -- Installing: /home/user/dobot_ws/install/dobot_msgs_v4/local/lib/python3.10/dist-packages/dobot_msgs_v4/srv/_do_group.py
[55.842s] -- Installing: /home/user/dobot_ws/install/dobot_msgs_v4/local/lib/python3.10/dist-packages/dobot_msgs_v4/srv/_do.py
[55.842s] -- Installing: /home/user/dobot_ws/install/dobot_msgs_v4/local/lib/python3.10/dist-packages/dobot_msgs_v4/srv/_check_odd_mov_c_s.c
[55.843s] -- Installing: /home/user/dobot_ws/install/dobot_msgs_v4/local/lib/python3.10/dist-packages/dobot_msgs_v4/srv/_reset_robot.py
[55.843s] -- Installing: /home/user/dobot_ws/install/dobot_msgs_v4/local/lib/python3.10/dist-packages/dobot_msgs_v4/srv/_get_input_int.py
[55.843s] -- Installing: /home/user/dobot_ws/install/dobot_msgs_v4/local/lib/python3.10/dist-packages/dobot_msgs_v4/srv/_run_script_s.c
[55.843s] -- Installing: /home/user/dobot_ws/install/dobot_msgs_v4/local/lib/python3.10/dist-packages/dobot_msgs_v4/srv/_tool_do_s.c
[55.843s] -- Installing: /home/user/dobot_ws/install/dobot_msgs_v4/local/lib/python3.10/dist-packages/dobot_msgs_v4/srv/_get_current_command_id.py
[55.843s] -- Installing: /home/user/dobot_ws/install/dobot_msgs_v4/local/lib/python3.10/dist-packages/dobot_msgs_v4/srv/_di_group_s.c
[55.843s] -- Installing: /home/user/dobot_ws/install/dobot_msgs_v4/local/lib/python3.10/dist-packages/dobot_msgs_v4/srv/_force_drive_mode_s.c
[55.843s] -- Installing: /home/user/dobot_ws/install/dobot_msgs_v4/local/lib/python3.10/dist-packages/dobot_msgs_v4/srv/_circle.py
[55.843s] -- Installing: /home/user/dobot_ws/install/dobot_msgs_v4/local/lib/python3.10/dist-packages/dobot_msgs_v4/srv/_end_rt_offset_s.c
[55.843s] -- Installing: /home/user/dobot_ws/install/dobot_msgs_v4/local/lib/python3.10/dist-packages/dobot_msgs_v4/srv/_servo_p_s.c
[55.843s] -- Installing: /home/user/dobot_ws/install/dobot_msgs_v4/local/lib/python3.10/dist-packages/dobot_msgs_v4/srv/_get_do.py
[55.844s] -- Installing: /home/user/dobot_ws/install/dobot_msgs_v4/local/lib/python3.10/dist-packages/dobot_msgs_v4/srv/_tool_do_instant_s.c
[55.844s] -- Installing: /home/user/dobot_ws/install/dobot_msgs_v4/local/lib/python3.10/dist-packages/dobot_msgs_v4/srv/_stop_move_jog_s.c
[55.844s] -- Installing: /home/user/dobot_ws/install/dobot_msgs_v4/local/lib/python3.10/dist-packages/dobot_msgs_v4/srv/_mov_l_s.c
[55.844s] -- Installing: /home/user/dobot_ws/install/dobot_msgs_v4/local/lib/python3.10/dist-packages/dobot_msgs_v4/srv/_set_collision_level.py
[55.844s] -- Installing: /home/user/dobot_ws/install/dobot_msgs_v4/local/lib/python3.10/dist-packages/dobot_msgs_v4/srv/_vel_l_s.c
[55.844s] -- Installing: /home/user/dobot_ws/install/dobot_msgs_v4/local/lib/python3.10/dist-packages/dobot_msgs_v4/srv/_tool_do.py
[55.844s] -- Installing: /home/user/dobot_ws/install/dobot_msgs_v4/local/lib/python3.10/dist-packages/dobot_msgs_v4/srv/_modbus_rtu_create.py
[55.844s] -- Installing: /home/user/dobot_ws/install/dobot_msgs_v4/local/lib/python3.10/dist-packages/dobot_msgs_v4/srv/_get_error_id_s.c
[55.844s] -- Installing: /home/user/dobot_ws/install/dobot_msgs_v4/local/lib/python3.10/dist-packages/dobot_msgs_v4/srv/_set_tool.py
[55.844s] -- Installing: /home/user/dobot_ws/install/dobot_msgs_v4/local/lib/python3.10/dist-packages/dobot_msgs_v4/srv/_mov_lio_s.c
[55.845s] -- Installing: /home/user/dobot_ws/install/dobot_msgs_v4/local/lib/python3.10/dist-packages/dobot_msgs_v4/srv/_pause_s.c
[55.845s] -- Installing: /home/user/dobot_ws/install/dobot_msgs_v4/local/lib/python3.10/dist-packages/dobot_msgs_v4/srv/_fc_force_mode_s.c
[55.845s] -- Installing: /home/user/dobot_ws/install/dobot_msgs_v4/local/lib/python3.10/dist-packages/dobot_msgs_v4/srv/_cp_s.c
[55.845s] -- Installing: /home/user/dobot_ws/install/dobot_msgs_v4/local/lib/python3.10/dist-packages/dobot_msgs_v4/srv/_fc_off.py
[55.845s] -- Installing: /home/user/dobot_ws/install/dobot_msgs_v4/local/lib/python3.10/dist-packages/dobot_msgs_v4/srv/_get_in_bits_s.c
[55.845s] -- Installing: /home/user/dobot_ws/install/dobot_msgs_v4/local/lib/python3.10/dist-packages/dobot_msgs_v4/srv/_speed_factor_s.c
[55.845s] -- Installing: /home/user/dobot_ws/install/dobot_msgs_v4/local/lib/python3.10/dist-packages/dobot_msgs_v4/srv/_set_output_bool_s.c
[55.845s] -- Installing: /home/user/dobot_ws/install/dobot_msgs_v4/local/lib/python3.10/dist-packages/dobot_msgs_v4/srv/_reset_robot_s.c
[55.845s] -- Installing: /home/user/dobot_ws/install/dobot_msgs_v4/local/lib/python3.10/dist-packages/dobot_msgs_v4/srv/_inverse_solution_s.c
[55.846s] -- Installing: /home/user/dobot_ws/install/dobot_msgs_v4/local/lib/python3.10/dist-packages/dobot_msgs_v4/srv/_tcp_dashboard_s.c
[55.846s] -- Installing: /home/user/dobot_ws/install/dobot_msgs_v4/local/lib/python3.10/dist-packages/dobot_msgs_v4/srv/_get_do_group.py
[55.846s] -- Installing: /home/user/dobot_ws/install/dobot_msgs_v4/local/lib/python3.10/dist-packages/dobot_msgs_v4/srv/_get_coils.py
[55.846s] -- Installing: /home/user/dobot_ws/install/dobot_msgs_v4/local/lib/python3.10/dist-packages/dobot_msgs_v4/srv/_enable_safe_skin_s.c
[55.846s] -- Installing: /home/user/dobot_ws/install/dobot_msgs_v4/local/lib/python3.10/dist-packages/dobot_msgs_v4/srv/_set_output_float_s.c
[55.846s] -- Installing: /home/user/dobot_ws/install/dobot_msgs_v4/local/lib/python3.10/dist-packages/dobot_msgs_v4/srv/_servo_p.py
[55.846s] -- Installing: /home/user/dobot_ws/install/dobot_msgs_v4/local/lib/python3.10/dist-packages/dobot_msgs_v4/srv/_tool_di.py
[55.846s] -- Installing: /home/user/dobot_ws/install/dobot_msgs_v4/local/lib/python3.10/dist-packages/dobot_msgs_v4/srv/_fc_set_force_speed_limit.py
[55.846s] -- Installing: /home/user/dobot_ws/install/dobot_msgs_v4/local/lib/python3.10/dist-packages/dobot_msgs_v4/srv/_mov_jio.py
[55.846s] -- Installing: /home/user/dobot_ws/install/dobot_msgs_v4/local/lib/python3.10/dist-packages/dobot_msgs_v4/srv/_stop.py
[55.846s] -- Installing: /home/user/dobot_ws/install/dobot_msgs_v4/local/lib/python3.10/dist-packages/dobot_msgs_v4/srv/_request_control_s.c
[55.846s] -- Installing: /home/user/dobot_ws/install/dobot_msgs_v4/local/lib/python3.10/dist-packages/dobot_msgs_v4/srv/_do_group_dec.py
[55.847s] -- Installing: /home/user/dobot_ws/install/dobot_msgs_v4/local/lib/python3.10/dist-packages/dobot_msgs_v4/srv/_positive_kin.py
[55.847s] -- Installing: /home/user/dobot_ws/install/dobot_msgs_v4/local/lib/python3.10/dist-packages/dobot_msgs_v4/srv/_set_post_collision_mode.py
[55.847s] -- Installing: /home/user/dobot_ws/install/dobot_msgs_v4/local/lib/python3.10/dist-packages/dobot_msgs_v4/srv/_fc_set_force_limit.py
[55.847s] -- Installing: /home/user/dobot_ws/install/dobot_msgs_v4/local/lib/python3.10/dist-packages/dobot_msgs_v4/srv/_move_jog.py
[55.847s] -- Installing: /home/user/dobot_ws/install/dobot_msgs_v4/local/lib/python3.10/dist-packages/dobot_msgs_v4/srv/_inverse_kin_s.c
[55.847s] -- Installing: /home/user/dobot_ws/install/dobot_msgs_v4/local/lib/python3.10/dist-packages/dobot_msgs_v4/srv/_user.py
[55.847s] -- Installing: /home/user/dobot_ws/install/dobot_msgs_v4/local/lib/python3.10/dist-packages/dobot_msgs_v4/srv/_fc_force_mode.py
[55.847s] -- Installing: /home/user/dobot_ws/install/dobot_msgs_v4/local/lib/python3.10/dist-packages/dobot_msgs_v4/srv/_circle_s.c
[55.847s] -- Installing: /home/user/dobot_ws/install/dobot_msgs_v4/local/lib/python3.10/dist-packages/dobot_msgs_v4/srv/_set_safe_wall_enable_s.c
[55.847s] -- Installing: /home/user/dobot_ws/install/dobot_msgs_v4/local/lib/python3.10/dist-packages/dobot_msgs_v4/srv/_six_force_home.py
[55.847s] -- Installing: /home/user/dobot_ws/install/dobot_msgs_v4/local/lib/python3.10/dist-packages/dobot_msgs_v4/srv/_tool_di_s.c
[55.848s] -- Installing: /home/user/dobot_ws/install/dobot_msgs_v4/local/lib/python3.10/dist-packages/dobot_msgs_v4/srv/_get_input_float_s.c
[55.848s] -- Installing: /home/user/dobot_ws/install/dobot_msgs_v4/local/lib/python3.10/dist-packages/dobot_msgs_v4/srv/_set_tool485.py
[55.848s] -- Installing: /home/user/dobot_ws/install/dobot_msgs_v4/local/lib/python3.10/dist-packages/dobot_msgs_v4/srv/_power_on.py
[55.848s] -- Installing: /home/user/dobot_ws/install/dobot_msgs_v4/local/lib/python3.10/dist-packages/dobot_msgs_v4/srv/_fc_set_mass_s.c
[55.848s] -- Installing: /home/user/dobot_ws/install/dobot_msgs_v4/local/lib/python3.10/dist-packages/dobot_msgs_v4/srv/_disable_robot.py
[55.848s] -- Installing: /home/user/dobot_ws/install/dobot_msgs_v4/local/lib/python3.10/dist-packages/dobot_msgs_v4/srv/_servo_j_s.c
[55.848s] -- Installing: /home/user/dobot_ws/install/dobot_msgs_v4/local/lib/python3.10/dist-packages/dobot_msgs_v4/srv/_get_input_bool.py
[55.848s] -- Installing: /home/user/dobot_ws/install/dobot_msgs_v4/local/lib/python3.10/dist-packages/dobot_msgs_v4/srv/_emergency_stop.py
[55.849s] -- Installing: /home/user/dobot_ws/install/dobot_msgs_v4/local/lib/python3.10/dist-packages/dobot_msgs_v4/srv/_speed_factor.py
[55.849s] -- Installing: /home/user/dobot_ws/install/dobot_msgs_v4/local/lib/python3.10/dist-packages/dobot_msgs_v4/srv/_check_odd_mov_l.py
[55.849s] -- Installing: /home/user/dobot_ws/install/dobot_msgs_v4/local/lib/python3.10/dist-packages/dobot_msgs_v4/srv/_rel_joint_mov_j.py
[55.849s] -- Installing: /home/user/dobot_ws/install/dobot_msgs_v4/local/lib/python3.10/dist-packages/dobot_msgs_v4/srv/_get_output_int.py
[55.849s] -- Installing: /home/user/dobot_ws/install/dobot_msgs_v4/local/lib/python3.10/dist-packages/dobot_msgs_v4/srv/_mov_l.py
[55.849s] -- Installing: /home/user/dobot_ws/install/dobot_msgs_v4/local/lib/python3.10/dist-packages/dobot_msgs_v4/srv/_di.py
[55.849s] -- Installing: /home/user/dobot_ws/install/dobot_msgs_v4/local/lib/python3.10/dist-packages/dobot_msgs_v4/srv/_get_error_s.c
[55.849s] -- Installing: /home/user/dobot_ws/install/dobot_msgs_v4/local/lib/python3.10/dist-packages/dobot_msgs_v4/srv/_set_coils_s.c
[55.849s] -- Installing: /home/user/dobot_ws/install/dobot_msgs_v4/local/lib/python3.10/dist-packages/dobot_msgs_v4/srv/_do_instant.py
[55.849s] -- Installing: /home/user/dobot_ws/install/dobot_msgs_v4/local/lib/python3.10/dist-packages/dobot_msgs_v4/srv/_run_to.py
[55.849s] -- Installing: /home/user/dobot_ws/install/dobot_msgs_v4/local/lib/python3.10/dist-packages/dobot_msgs_v4/srv/_run_to_s.c
[55.850s] -- Installing: /home/user/dobot_ws/install/dobot_msgs_v4/local/lib/python3.10/dist-packages/dobot_msgs_v4/srv/_get_current_command_id_s.c
[55.850s] -- Installing: /home/user/dobot_ws/install/dobot_msgs_v4/local/lib/python3.10/dist-packages/dobot_msgs_v4/srv/_enable_ft_sensor.py
[55.850s] -- Installing: /home/user/dobot_ws/install/dobot_msgs_v4/local/lib/python3.10/dist-packages/dobot_msgs_v4/srv/_stop_s.c
[55.850s] -- Installing: /home/user/dobot_ws/install/dobot_msgs_v4/local/lib/python3.10/dist-packages/dobot_msgs_v4/srv/_calc_tool_s.c
[55.850s] -- Installing: /home/user/dobot_ws/install/dobot_msgs_v4/local/lib/python3.10/dist-packages/dobot_msgs_v4/srv/_get_hold_regs_s.c
[55.850s] -- Installing: /home/user/dobot_ws/install/dobot_msgs_v4/local/lib/python3.10/dist-packages/dobot_msgs_v4/srv/_set_payload.py
[55.850s] -- Installing: /home/user/dobot_ws/install/dobot_msgs_v4/local/lib/python3.10/dist-packages/dobot_msgs_v4/srv/_brake_control_s.c
[55.850s] -- Installing: /home/user/dobot_ws/install/dobot_msgs_v4/local/lib/python3.10/dist-packages/dobot_msgs_v4/srv/_tcp_dashboard.py
[55.850s] -- Installing: /home/user/dobot_ws/install/dobot_msgs_v4/local/lib/python3.10/dist-packages/dobot_msgs_v4/srv/_get_start_pose_s.c
[55.850s] -- Installing: /home/user/dobot_ws/install/dobot_msgs_v4/local/lib/python3.10/dist-packages/dobot_msgs_v4/srv/_six_force_home_s.c
[55.851s] -- Installing: /home/user/dobot_ws/install/dobot_msgs_v4/local/lib/python3.10/dist-packages/dobot_msgs_v4/srv/_rel_mov_l_user_s.c
[55.851s] -- Installing: /home/user/dobot_ws/install/dobot_msgs_v4/local/lib/python3.10/dist-packages/dobot_msgs_v4/srv/_set_collision_level_s.c
[55.851s] -- Installing: /home/user/dobot_ws/install/dobot_msgs_v4/local/lib/python3.10/dist-packages/dobot_msgs_v4/srv/_set_safe_skin_s.c
[55.851s] -- Installing: /home/user/dobot_ws/install/dobot_msgs_v4/local/lib/python3.10/dist-packages/dobot_msgs_v4/srv/_fc_set_damping_s.c
[55.851s] -- Installing: /home/user/dobot_ws/install/dobot_msgs_v4/local/lib/python3.10/dist-packages/dobot_msgs_v4/srv/_fc_set_deviation.py
[55.851s] -- Installing: /home/user/dobot_ws/install/dobot_msgs_v4/local/lib/python3.10/dist-packages/dobot_msgs_v4/srv/_acc_l_s.c
[55.851s] -- Installing: /home/user/dobot_ws/install/dobot_msgs_v4/local/lib/python3.10/dist-packages/dobot_msgs_v4/srv/_tool.py
[55.851s] -- Installing: /home/user/dobot_ws/install/dobot_msgs_v4/local/lib/python3.10/dist-packages/dobot_msgs_v4/srv/_clear_error_s.c
[55.851s] -- Installing: /home/user/dobot_ws/install/dobot_msgs_v4/local/lib/python3.10/dist-packages/dobot_msgs_v4/srv/_disable_robot_s.c
[55.851s] -- Installing: /home/user/dobot_ws/install/dobot_msgs_v4/local/lib/python3.10/dist-packages/dobot_msgs_v4/srv/_arc.py
[55.852s] -- Installing: /home/user/dobot_ws/install/dobot_msgs_v4/local/lib/python3.10/dist-packages/dobot_msgs_v4/srv/_get_force.py
[55.852s] -- Installing: /home/user/dobot_ws/install/dobot_msgs_v4/local/lib/python3.10/dist-packages/dobot_msgs_v4/srv/_set_safe_skin.py
[55.852s] -- Installing: /home/user/dobot_ws/install/dobot_msgs_v4/local/lib/python3.10/dist-packages/dobot_msgs_v4/srv/_set_payload_s.c
[55.852s] -- Installing: /home/user/dobot_ws/install/dobot_msgs_v4/local/lib/python3.10/dist-packages/dobot_msgs_v4/srv/_get_ao.py
[55.852s] -- Installing: /home/user/dobot_ws/install/dobot_msgs_v4/local/lib/python3.10/dist-packages/dobot_msgs_v4/srv/_set_work_zone_enable.py
[55.852s] -- Installing: /home/user/dobot_ws/install/dobot_msgs_v4/local/lib/python3.10/dist-packages/dobot_msgs_v4/srv/_user_s.c
[55.852s] -- Installing: /home/user/dobot_ws/install/dobot_msgs_v4/local/lib/python3.10/dist-packages/dobot_msgs_v4/srv/_get_output_int_s.c
[55.852s] -- Installing: /home/user/dobot_ws/install/dobot_msgs_v4/local/lib/python3.10/dist-packages/dobot_msgs_v4/srv/_get_start_pose.py
[55.852s] -- Installing: /home/user/dobot_ws/install/dobot_msgs_v4/local/lib/python3.10/dist-packages/dobot_msgs_v4/dobot_msgs_v4_s__rosidl_typesupport_fastrtps_c.cpython-310-x86_64-linux-gnu.so
[55.853s] -- Installing: /home/user/dobot_ws/install/dobot_msgs_v4/local/lib/python3.10/dist-packages/dobot_msgs_v4/_dobot_msgs_v4_s.ep.rosidl_typesupport_c.c
[55.950s] Listing '/home/user/dobot_ws/install/dobot_msgs_v4/local/lib/python3.10/dist-packages/dobot_msgs_v4'...
[55.950s] Compiling '/home/user/dobot_ws/install/dobot_msgs_v4/local/lib/python3.10/dist-packages/dobot_msgs_v4/__init__.py'...
[55.950s] Listing '/home/user/dobot_ws/install/dobot_msgs_v4/local/lib/python3.10/dist-packages/dobot_msgs_v4/msg'...
[55.950s] Compiling '/home/user/dobot_ws/install/dobot_msgs_v4/local/lib/python3.10/dist-packages/dobot_msgs_v4/msg/__init__.py'...
[55.951s] Compiling '/home/user/dobot_ws/install/dobot_msgs_v4/local/lib/python3.10/dist-packages/dobot_msgs_v4/msg/_robot_status.py'...
[55.951s] Compiling '/home/user/dobot_ws/install/dobot_msgs_v4/local/lib/python3.10/dist-packages/dobot_msgs_v4/msg/_tool_vector_actual.py'...
[55.951s] Listing '/home/user/dobot_ws/install/dobot_msgs_v4/local/lib/python3.10/dist-packages/dobot_msgs_v4/srv'...
[55.951s] Compiling '/home/user/dobot_ws/install/dobot_msgs_v4/local/lib/python3.10/dist-packages/dobot_msgs_v4/srv/__init__.py'...
[55.951s] Compiling '/home/user/dobot_ws/install/dobot_msgs_v4/local/lib/python3.10/dist-packages/dobot_msgs_v4/srv/_acc_j.py'...
[55.951s] Compiling '/home/user/dobot_ws/install/dobot_msgs_v4/local/lib/python3.10/dist-packages/dobot_msgs_v4/srv/_acc_l.py'...
[55.951s] Compiling '/home/user/dobot_ws/install/dobot_msgs_v4/local/lib/python3.10/dist-packages/dobot_msgs_v4/srv/_ai.py'...
[55.951s] Compiling '/home/user/dobot_ws/install/dobot_msgs_v4/local/lib/python3.10/dist-packages/dobot_msgs_v4/srv/_ao.py'...
[55.951s] Compiling '/home/user/dobot_ws/install/dobot_msgs_v4/local/lib/python3.10/dist-packages/dobot_msgs_v4/srv/_ao_instant.py'...
[55.951s] Compiling '/home/user/dobot_ws/install/dobot_msgs_v4/local/lib/python3.10/dist-packages/dobot_msgs_v4/srv/_arc.py'...
[55.951s] Compiling '/home/user/dobot_ws/install/dobot_msgs_v4/local/lib/python3.10/dist-packages/dobot_msgs_v4/srv/_brake_control.py'...
[55.951s] Compiling '/home/user/dobot_ws/install/dobot_msgs_v4/local/lib/python3.10/dist-packages/dobot_msgs_v4/srv/_calc_tool.py'...
[55.951s] Compiling '/home/user/dobot_ws/install/dobot_msgs_v4/local/lib/python3.10/dist-packages/dobot_msgs_v4/srv/_calc_user.py'...
[55.951s] Compiling '/home/user/dobot_ws/install/dobot_msgs_v4/local/lib/python3.10/dist-packages/dobot_msgs_v4/srv/_check_odd_mov_c.py'...
[55.951s] Compiling '/home/user/dobot_ws/install/dobot_msgs_v4/local/lib/python3.10/dist-packages/dobot_msgs_v4/srv/_check_odd_mov_j.py'...
[55.951s] Compiling '/home/user/dobot_ws/install/dobot_msgs_v4/local/lib/python3.10/dist-packages/dobot_msgs_v4/srv/_check_odd_mov_l.py'...
[55.951s] Compiling '/home/user/dobot_ws/install/dobot_msgs_v4/local/lib/python3.10/dist-packages/dobot_msgs_v4/srv/_circle.py'...
[55.951s] Compiling '/home/user/dobot_ws/install/dobot_msgs_v4/local/lib/python3.10/dist-packages/dobot_msgs_v4/srv/_clear_error.py'...
[55.951s] Compiling '/home/user/dobot_ws/install/dobot_msgs_v4/local/lib/python3.10/dist-packages/dobot_msgs_v4/srv/_continue.py'...
[55.951s] Compiling '/home/user/dobot_ws/install/dobot_msgs_v4/local/lib/python3.10/dist-packages/dobot_msgs_v4/srv/_cp.py'...
[55.951s] Compiling '/home/user/dobot_ws/install/dobot_msgs_v4/local/lib/python3.10/dist-packages/dobot_msgs_v4/srv/_di.py'...
[55.951s] Compiling '/home/user/dobot_ws/install/dobot_msgs_v4/local/lib/python3.10/dist-packages/dobot_msgs_v4/srv/_di_group.py'...
[55.951s] Compiling '/home/user/dobot_ws/install/dobot_msgs_v4/local/lib/python3.10/dist-packages/dobot_msgs_v4/srv/_di_group_dec.py'...
[55.952s] Compiling '/home/user/dobot_ws/install/dobot_msgs_v4/local/lib/python3.10/dist-packages/dobot_msgs_v4/srv/_disable_robot.py'...
[55.952s] Compiling '/home/user/dobot_ws/install/dobot_msgs_v4/local/lib/python3.10/dist-packages/dobot_msgs_v4/srv/_do.py'...
[55.952s] Compiling '/home/user/dobot_ws/install/dobot_msgs_v4/local/lib/python3.10/dist-packages/dobot_msgs_v4/srv/_do_group.py'...
[55.952s] Compiling '/home/user/dobot_ws/install/dobot_msgs_v4/local/lib/python3.10/dist-packages/dobot_msgs_v4/srv/_do_group_dec.py'...
[55.952s] Compiling '/home/user/dobot_ws/install/dobot_msgs_v4/local/lib/python3.10/dist-packages/dobot_msgs_v4/srv/_do_instant.py'...
[55.952s] Compiling '/home/user/dobot_ws/install/dobot_msgs_v4/local/lib/python3.10/dist-packages/dobot_msgs_v4/srv/_drag_sensivity.py'...
[55.952s] Compiling '/home/user/dobot_ws/install/dobot_msgs_v4/local/lib/python3.10/dist-packages/dobot_msgs_v4/srv/_emergency_stop.py'...
[55.952s] Compiling '/home/user/dobot_ws/install/dobot_msgs_v4/local/lib/python3.10/dist-packages/dobot_msgs_v4/srv/_enable_ft_sensor.py'...
[55.952s] Compiling '/home/user/dobot_ws/install/dobot_msgs_v4/local/lib/python3.10/dist-packages/dobot_msgs_v4/srv/_enable_robot.py'...
[55.952s] Compiling '/home/user/dobot_ws/install/dobot_msgs_v4/local/lib/python3.10/dist-packages/dobot_msgs_v4/srv/_enable_safe_skin.py'...
[55.952s] Compiling '/home/user/dobot_ws/install/dobot_msgs_v4/local/lib/python3.10/dist-packages/dobot_msgs_v4/srv/_end_rt_offset.py'...
[55.952s] Compiling '/home/user/dobot_ws/install/dobot_msgs_v4/local/lib/python3.10/dist-packages/dobot_msgs_v4/srv/_fc_collision_switch.py'...
[55.952s] Compiling '/home/user/dobot_ws/install/dobot_msgs_v4/local/lib/python3.10/dist-packages/dobot_msgs_v4/srv/_fc_force_mode.py'...
[55.952s] Compiling '/home/user/dobot_ws/install/dobot_msgs_v4/local/lib/python3.10/dist-packages/dobot_msgs_v4/srv/_fc_off.py'...
[55.952s] Compiling '/home/user/dobot_ws/install/dobot_msgs_v4/local/lib/python3.10/dist-packages/dobot_msgs_v4/srv/_fc_set_damping.py'...
[55.952s] Compiling '/home/user/dobot_ws/install/dobot_msgs_v4/local/lib/python3.10/dist-packages/dobot_msgs_v4/srv/_fc_set_deviation.py'...
[55.952s] Compiling '/home/user/dobot_ws/install/dobot_msgs_v4/local/lib/python3.10/dist-packages/dobot_msgs_v4/srv/_fc_set_force.py'...
[55.952s] Compiling '/home/user/dobot_ws/install/dobot_msgs_v4/local/lib/python3.10/dist-packages/dobot_msgs_v4/srv/_fc_set_force_limit.py'...
[55.952s] Compiling '/home/user/dobot_ws/install/dobot_msgs_v4/local/lib/python3.10/dist-packages/dobot_msgs_v4/srv/_fc_set_force_speed_limit.py'...
[55.952s] Compiling '/home/user/dobot_ws/install/dobot_msgs_v4/local/lib/python3.10/dist-packages/dobot_msgs_v4/srv/_fc_set_mass.py'...
[55.952s] Compiling '/home/user/dobot_ws/install/dobot_msgs_v4/local/lib/python3.10/dist-packages/dobot_msgs_v4/srv/_fc_set_stiffness.py'...
[55.952s] Compiling '/home/user/dobot_ws/install/dobot_msgs_v4/local/lib/python3.10/dist-packages/dobot_msgs_v4/srv/_force_drive_mode.py'...
[55.952s] Compiling '/home/user/dobot_ws/install/dobot_msgs_v4/local/lib/python3.10/dist-packages/dobot_msgs_v4/srv/_force_drive_speed.py'...
[55.952s] Compiling '/home/user/dobot_ws/install/dobot_msgs_v4/local/lib/python3.10/dist-packages/dobot_msgs_v4/srv/_get_angle.py'...
[55.953s] Compiling '/home/user/dobot_ws/install/dobot_msgs_v4/local/lib/python3.10/dist-packages/dobot_msgs_v4/srv/_get_ao.py'...
[55.953s] Compiling '/home/user/dobot_ws/install/dobot_msgs_v4/local/lib/python3.10/dist-packages/dobot_msgs_v4/srv/_get_coils.py'...
[55.953s] Compiling '/home/user/dobot_ws/install/dobot_msgs_v4/local/lib/python3.10/dist-packages/dobot_msgs_v4/srv/_get_current_command_id.py'...
[55.953s] Compiling '/home/user/dobot_ws/install/dobot_msgs_v4/local/lib/python3.10/dist-packages/dobot_msgs_v4/srv/_get_do.py'...
[55.953s] Compiling '/home/user/dobot_ws/install/dobot_msgs_v4/local/lib/python3.10/dist-packages/dobot_msgs_v4/srv/_get_do_group.py'...
[55.953s] Compiling '/home/user/dobot_ws/install/dobot_msgs_v4/local/lib/python3.10/dist-packages/dobot_msgs_v4/srv/_get_do_group_dec.py'...
[55.953s] Compiling '/home/user/dobot_ws/install/dobot_msgs_v4/local/lib/python3.10/dist-packages/dobot_msgs_v4/srv/_get_error.py'...
[55.953s] Compiling '/home/user/dobot_ws/install/dobot_msgs_v4/local/lib/python3.10/dist-packages/dobot_msgs_v4/srv/_get_error_id.py'...
[55.953s] Compiling '/home/user/dobot_ws/install/dobot_msgs_v4/local/lib/python3.10/dist-packages/dobot_msgs_v4/srv/_get_force.py'...
[55.953s] Compiling '/home/user/dobot_ws/install/dobot_msgs_v4/local/lib/python3.10/dist-packages/dobot_msgs_v4/srv/_get_hold_regs.py'...
[55.953s] Compiling '/home/user/dobot_ws/install/dobot_msgs_v4/local/lib/python3.10/dist-packages/dobot_msgs_v4/srv/_get_in_bits.py'...
[55.953s] Compiling '/home/user/dobot_ws/install/dobot_msgs_v4/local/lib/python3.10/dist-packages/dobot_msgs_v4/srv/_get_in_regs.py'...
[55.953s] Compiling '/home/user/dobot_ws/install/dobot_msgs_v4/local/lib/python3.10/dist-packages/dobot_msgs_v4/srv/_get_input_bool.py'...
[55.953s] Compiling '/home/user/dobot_ws/install/dobot_msgs_v4/local/lib/python3.10/dist-packages/dobot_msgs_v4/srv/_get_input_float.py'...
[56.023s] Compiling '/home/user/dobot_ws/install/dobot_msgs_v4/local/lib/python3.10/dist-packages/dobot_msgs_v4/srv/_get_input_int.py'...
[56.023s] Compiling '/home/user/dobot_ws/install/dobot_msgs_v4/local/lib/python3.10/dist-packages/dobot_msgs_v4/srv/_get_output_bool.py'...
[56.023s] Compiling '/home/user/dobot_ws/install/dobot_msgs_v4/local/lib/python3.10/dist-packages/dobot_msgs_v4/srv/_get_output_float.py'...
[56.024s] Compiling '/home/user/dobot_ws/install/dobot_msgs_v4/local/lib/python3.10/dist-packages/dobot_msgs_v4/srv/_get_output_int.py'...
[56.024s] Compiling '/home/user/dobot_ws/install/dobot_msgs_v4/local/lib/python3.10/dist-packages/dobot_msgs_v4/srv/_get_pose.py'...
[56.024s] Compiling '/home/user/dobot_ws/install/dobot_msgs_v4/local/lib/python3.10/dist-packages/dobot_msgs_v4/srv/_get_start_pose.py'...
[56.024s] Compiling '/home/user/dobot_ws/install/dobot_msgs_v4/local/lib/python3.10/dist-packages/dobot_msgs_v4/srv/_get_tool_do.py'...
[56.024s] Compiling '/home/user/dobot_ws/install/dobot_msgs_v4/local/lib/python3.10/dist-packages/dobot_msgs_v4/srv/_inverse_kin.py'...
[56.024s] Compiling '/home/user/dobot_ws/install/dobot_msgs_v4/local/lib/python3.10/dist-packages/dobot_msgs_v4/srv/_inverse_solution.py'...
[56.024s] Compiling '/home/user/dobot_ws/install/dobot_msgs_v4/local/lib/python3.10/dist-packages/dobot_msgs_v4/srv/_modbus_close.py'...
[56.024s] Compiling '/home/user/dobot_ws/install/dobot_msgs_v4/local/lib/python3.10/dist-packages/dobot_msgs_v4/srv/_modbus_create.py'...
[56.024s] Compiling '/home/user/dobot_ws/install/dobot_msgs_v4/local/lib/python3.10/dist-packages/dobot_msgs_v4/srv/_modbus_rtu_create.py'...
[56.024s] Compiling '/home/user/dobot_ws/install/dobot_msgs_v4/local/lib/python3.10/dist-packages/dobot_msgs_v4/srv/_mov_j.py'...
[56.024s] Compiling '/home/user/dobot_ws/install/dobot_msgs_v4/local/lib/python3.10/dist-packages/dobot_msgs_v4/srv/_mov_jio.py'...
[56.024s] Compiling '/home/user/dobot_ws/install/dobot_msgs_v4/local/lib/python3.10/dist-packages/dobot_msgs_v4/srv/_mov_l.py'...
[56.024s] Compiling '/home/user/dobot_ws/install/dobot_msgs_v4/local/lib/python3.10/dist-packages/dobot_msgs_v4/srv/_mov_lio.py'...
[56.024s] Compiling '/home/user/dobot_ws/install/dobot_msgs_v4/local/lib/python3.10/dist-packages/dobot_msgs_v4/srv/_move_jog.py'...
[56.024s] Compiling '/home/user/dobot_ws/install/dobot_msgs_v4/local/lib/python3.10/dist-packages/dobot_msgs_v4/srv/_pause.py'...
[56.024s] Compiling '/home/user/dobot_ws/install/dobot_msgs_v4/local/lib/python3.10/dist-packages/dobot_msgs_v4/srv/_positive_kin.py'...
[56.024s] Compiling '/home/user/dobot_ws/install/dobot_msgs_v4/local/lib/python3.10/dist-packages/dobot_msgs_v4/srv/_power_on.py'...
[56.024s] Compiling '/home/user/dobot_ws/install/dobot_msgs_v4/local/lib/python3.10/dist-packages/dobot_msgs_v4/srv/_rel_joint_mov_j.py'...
[56.024s] Compiling '/home/user/dobot_ws/install/dobot_msgs_v4/local/lib/python3.10/dist-packages/dobot_msgs_v4/srv/_rel_mov_j_tool.py'...
[56.024s] Compiling '/home/user/dobot_ws/install/dobot_msgs_v4/local/lib/python3.10/dist-packages/dobot_msgs_v4/srv/_rel_mov_j_user.py'...
[56.024s] Compiling '/home/user/dobot_ws/install/dobot_msgs_v4/local/lib/python3.10/dist-packages/dobot_msgs_v4/srv/_rel_mov_l_tool.py'...
[56.024s] Compiling '/home/user/dobot_ws/install/dobot_msgs_v4/local/lib/python3.10/dist-packages/dobot_msgs_v4/srv/_rel_mov_l_user.py'...
[56.024s] Compiling '/home/user/dobot_ws/install/dobot_msgs_v4/local/lib/python3.10/dist-packages/dobot_msgs_v4/srv/_request_control.py'...
[56.024s] Compiling '/home/user/dobot_ws/install/dobot_msgs_v4/local/lib/python3.10/dist-packages/dobot_msgs_v4/srv/_reset_robot.py'...
[56.025s] Compiling '/home/user/dobot_ws/install/dobot_msgs_v4/local/lib/python3.10/dist-packages/dobot_msgs_v4/srv/_robot_mode.py'...
[56.025s] Compiling '/home/user/dobot_ws/install/dobot_msgs_v4/local/lib/python3.10/dist-packages/dobot_msgs_v4/srv/_run_script.py'...
[56.025s] Compiling '/home/user/dobot_ws/install/dobot_msgs_v4/local/lib/python3.10/dist-packages/dobot_msgs_v4/srv/_run_to.py'...
[56.025s] Compiling '/home/user/dobot_ws/install/dobot_msgs_v4/local/lib/python3.10/dist-packages/dobot_msgs_v4/srv/_servo_j.py'...
[56.025s] Compiling '/home/user/dobot_ws/install/dobot_msgs_v4/local/lib/python3.10/dist-packages/dobot_msgs_v4/srv/_servo_p.py'...
[56.025s] Compiling '/home/user/dobot_ws/install/dobot_msgs_v4/local/lib/python3.10/dist-packages/dobot_msgs_v4/srv/_set_back_distance.py'...
[56.025s] Compiling '/home/user/dobot_ws/install/dobot_msgs_v4/local/lib/python3.10/dist-packages/dobot_msgs_v4/srv/_set_coils.py'...
[56.025s] Compiling '/home/user/dobot_ws/install/dobot_msgs_v4/local/lib/python3.10/dist-packages/dobot_msgs_v4/srv/_set_collision_level.py'...
[56.025s] Compiling '/home/user/dobot_ws/install/dobot_msgs_v4/local/lib/python3.10/dist-packages/dobot_msgs_v4/srv/_set_fc_collision.py'...
[56.025s] Compiling '/home/user/dobot_ws/install/dobot_msgs_v4/local/lib/python3.10/dist-packages/dobot_msgs_v4/srv/_set_hold_regs.py'...
[56.025s] Compiling '/home/user/dobot_ws/install/dobot_msgs_v4/local/lib/python3.10/dist-packages/dobot_msgs_v4/srv/_set_output_bool.py'...
[56.025s] Compiling '/home/user/dobot_ws/install/dobot_msgs_v4/local/lib/python3.10/dist-packages/dobot_msgs_v4/srv/_set_output_float.py'...
[56.025s] Compiling '/home/user/dobot_ws/install/dobot_msgs_v4/local/lib/python3.10/dist-packages/dobot_msgs_v4/srv/_set_output_int.py'...
[56.025s] Compiling '/home/user/dobot_ws/install/dobot_msgs_v4/local/lib/python3.10/dist-packages/dobot_msgs_v4/srv/_set_payload.py'...
[56.025s] Compiling '/home/user/dobot_ws/install/dobot_msgs_v4/local/lib/python3.10/dist-packages/dobot_msgs_v4/srv/_set_post_collision_mode.py'...
[56.025s] Compiling '/home/user/dobot_ws/install/dobot_msgs_v4/local/lib/python3.10/dist-packages/dobot_msgs_v4/srv/_set_safe_skin.py'...
[56.025s] Compiling '/home/user/dobot_ws/install/dobot_msgs_v4/local/lib/python3.10/dist-packages/dobot_msgs_v4/srv/_set_safe_wall_enable.py'...
[56.025s] Compiling '/home/user/dobot_ws/install/dobot_msgs_v4/local/lib/python3.10/dist-packages/dobot_msgs_v4/srv/_set_tool.py'...
[56.025s] Compiling '/home/user/dobot_ws/install/dobot_msgs_v4/local/lib/python3.10/dist-packages/dobot_msgs_v4/srv/_set_tool485.py'...
[56.025s] Compiling '/home/user/dobot_ws/install/dobot_msgs_v4/local/lib/python3.10/dist-packages/dobot_msgs_v4/srv/_set_tool_mode.py'...
[56.025s] Compiling '/home/user/dobot_ws/install/dobot_msgs_v4/local/lib/python3.10/dist-packages/dobot_msgs_v4/srv/_set_tool_power.py'...
[56.025s] Compiling '/home/user/dobot_ws/install/dobot_msgs_v4/local/lib/python3.10/dist-packages/dobot_msgs_v4/srv/_set_user.py'...
[56.025s] Compiling '/home/user/dobot_ws/install/dobot_msgs_v4/local/lib/python3.10/dist-packages/dobot_msgs_v4/srv/_set_work_zone_enable.py'...
[56.025s] Compiling '/home/user/dobot_ws/install/dobot_msgs_v4/local/lib/python3.10/dist-packages/dobot_msgs_v4/srv/_six_force_home.py'...
[56.025s] Compiling '/home/user/dobot_ws/install/dobot_msgs_v4/local/lib/python3.10/dist-packages/dobot_msgs_v4/srv/_speed_factor.py'...
[56.025s] Compiling '/home/user/dobot_ws/install/dobot_msgs_v4/local/lib/python3.10/dist-packages/dobot_msgs_v4/srv/_start_drag.py'...
[56.026s] Compiling '/home/user/dobot_ws/install/dobot_msgs_v4/local/lib/python3.10/dist-packages/dobot_msgs_v4/srv/_start_path.py'...
[56.026s] Compiling '/home/user/dobot_ws/install/dobot_msgs_v4/local/lib/python3.10/dist-packages/dobot_msgs_v4/srv/_start_rt_offset.py'...
[56.026s] Compiling '/home/user/dobot_ws/install/dobot_msgs_v4/local/lib/python3.10/dist-packages/dobot_msgs_v4/srv/_stop.py'...
[56.026s] Compiling '/home/user/dobot_ws/install/dobot_msgs_v4/local/lib/python3.10/dist-packages/dobot_msgs_v4/srv/_stop_drag.py'...
[56.026s] Compiling '/home/user/dobot_ws/install/dobot_msgs_v4/local/lib/python3.10/dist-packages/dobot_msgs_v4/srv/_stop_move_jog.py'...
[56.026s] Compiling '/home/user/dobot_ws/install/dobot_msgs_v4/local/lib/python3.10/dist-packages/dobot_msgs_v4/srv/_tcp_dashboard.py'...
[56.026s] Compiling '/home/user/dobot_ws/install/dobot_msgs_v4/local/lib/python3.10/dist-packages/dobot_msgs_v4/srv/_tool.py'...
[56.026s] Compiling '/home/user/dobot_ws/install/dobot_msgs_v4/local/lib/python3.10/dist-packages/dobot_msgs_v4/srv/_tool_ai.py'...
[56.026s] Compiling '/home/user/dobot_ws/install/dobot_msgs_v4/local/lib/python3.10/dist-packages/dobot_msgs_v4/srv/_tool_di.py'...
[56.026s] Compiling '/home/user/dobot_ws/install/dobot_msgs_v4/local/lib/python3.10/dist-packages/dobot_msgs_v4/srv/_tool_do.py'...
[56.026s] Compiling '/home/user/dobot_ws/install/dobot_msgs_v4/local/lib/python3.10/dist-packages/dobot_msgs_v4/srv/_tool_do_instant.py'...
[56.026s] Compiling '/home/user/dobot_ws/install/dobot_msgs_v4/local/lib/python3.10/dist-packages/dobot_msgs_v4/srv/_user.py'...
[56.026s] Compiling '/home/user/dobot_ws/install/dobot_msgs_v4/local/lib/python3.10/dist-packages/dobot_msgs_v4/srv/_vel_j.py'...
[56.026s] Compiling '/home/user/dobot_ws/install/dobot_msgs_v4/local/lib/python3.10/dist-packages/dobot_msgs_v4/srv/_vel_l.py'...
[56.030s] -- Installing: /home/user/dobot_ws/install/dobot_msgs_v4/local/lib/python3.10/dist-packages/dobot_msgs_v4/dobot_msgs_v4_s__rosidl_typesupport_fastrtps_c.cpython-310-x86_64-linux-gnu.so
[56.031s] -- Set runtime path of "/home/user/dobot_ws/install/dobot_msgs_v4/local/lib/python3.10/dist-packages/dobot_msgs_v4/dobot_msgs_v4_s__rosidl_typesupport_fastrtps_c.cpython-310-x86_64-linux-gnu.so" to ""
[56.032s] -- Installing: /home/user/dobot_ws/install/dobot_msgs_v4/local/lib/python3.10/dist-packages/dobot_msgs_v4/dobot_msgs_v4_s__rosidl_typesupport_introspection_c.cpython-310-x86_64-linux-gnu.so
[56.032s] -- Set runtime path of "/home/user/dobot_ws/install/dobot_msgs_v4/local/lib/python3.10/dist-packages/dobot_msgs_v4/dobot_msgs_v4_s__rosidl_typesupport_introspection_c.cpython-310-x86_64-linux-gnu.so" to ""
[56.033s] -- Installing: /home/user/dobot_ws/install/dobot_msgs_v4/local/lib/python3.10/dist-packages/dobot_msgs_v4/dobot_msgs_v4_s__rosidl_typesupport_c.cpython-310-x86_64-linux-gnu.so
[56.034s] -- Set runtime path of "/home/user/dobot_ws/install/dobot_msgs_v4/local/lib/python3.10/dist-packages/dobot_msgs_v4/dobot_msgs_v4_s__rosidl_typesupport_c.cpython-310-x86_64-linux-gnu.so" to ""
[56.034s] -- Installing: /home/user/dobot_ws/install/dobot_msgs_v4/lib/libdobot_msgs_v4__rosidl_generator_py.so
[56.035s] -- Set runtime path of "/home/user/dobot_ws/install/dobot_msgs_v4/lib/libdobot_msgs_v4__rosidl_generator_py.so" to ""
[56.035s] -- Installing: /home/user/dobot_ws/install/dobot_msgs_v4/share/ament_index/resource_index/rust_packages/dobot_msgs_v4
[56.035s] -- Installing: /home/user/dobot_ws/install/dobot_msgs_v4/share/dobot_msgs_v4/rust
[56.035s] -- Installing: /home/user/dobot_ws/install/dobot_msgs_v4/share/dobot_msgs_v4/rust/src
[56.035s] -- Installing: /home/user/dobot_ws/install/dobot_msgs_v4/share/dobot_msgs_v4/rust/src/msg
[56.036s] -- Installing: /home/user/dobot_ws/install/dobot_msgs_v4/share/dobot_msgs_v4/rust/src/msg/rmw.rs
[56.036s] -- Installing: /home/user/dobot_ws/install/dobot_msgs_v4/share/dobot_msgs_v4/rust/src/msg.rs
[56.036s] -- Installing: /home/user/dobot_ws/install/dobot_msgs_v4/share/dobot_msgs_v4/rust/src/srv
[56.036s] -- Installing: /home/user/dobot_ws/install/dobot_msgs_v4/share/dobot_msgs_v4/rust/src/srv/rmw.rs
[56.036s] -- Installing: /home/user/dobot_ws/install/dobot_msgs_v4/share/dobot_msgs_v4/rust/src/lib.rs
[56.036s] -- Installing: /home/user/dobot_ws/install/dobot_msgs_v4/share/dobot_msgs_v4/rust/src/srv.rs
[56.037s] -- Installing: /home/user/dobot_ws/install/dobot_msgs_v4/share/dobot_msgs_v4/rust/build.rs
[56.037s] -- Installing: /home/user/dobot_ws/install/dobot_msgs_v4/share/dobot_msgs_v4/rust/Cargo.toml
[56.037s] -- Installing: /home/user/dobot_ws/install/dobot_msgs_v4/share/dobot_msgs_v4/msg/RobotStatus.idl
[56.037s] -- Installing: /home/user/dobot_ws/install/dobot_msgs_v4/share/dobot_msgs_v4/msg/ToolVectorActual.idl
[56.037s] -- Installing: /home/user/dobot_ws/install/dobot_msgs_v4/share/dobot_msgs_v4/srv/EnableRobot.idl
[56.038s] -- Installing: /home/user/dobot_ws/install/dobot_msgs_v4/share/dobot_msgs_v4/srv/DisableRobot.idl
[56.038s] -- Installing: /home/user/dobot_ws/install/dobot_msgs_v4/share/dobot_msgs_v4/srv/ClearError.idl
[56.038s] -- Installing: /home/user/dobot_ws/install/dobot_msgs_v4/share/dobot_msgs_v4/srv/SpeedFactor.idl
[56.038s] -- Installing: /home/user/dobot_ws/install/dobot_msgs_v4/share/dobot_msgs_v4/srv/User.idl
[56.039s] -- Installing: /home/user/dobot_ws/install/dobot_msgs_v4/share/dobot_msgs_v4/srv/Tool.idl
[56.039s] -- Installing: /home/user/dobot_ws/install/dobot_msgs_v4/share/dobot_msgs_v4/srv/RobotMode.idl
[56.039s] -- Installing: /home/user/dobot_ws/install/dobot_msgs_v4/share/dobot_msgs_v4/srv/SetPayload.idl
[56.039s] -- Installing: /home/user/dobot_ws/install/dobot_msgs_v4/share/dobot_msgs_v4/srv/DO.idl
[56.040s] -- Installing: /home/user/dobot_ws/install/dobot_msgs_v4/share/dobot_msgs_v4/srv/DOInstant.idl
[56.040s] -- Installing: /home/user/dobot_ws/install/dobot_msgs_v4/share/dobot_msgs_v4/srv/ToolDO.idl
[56.040s] -- Installing: /home/user/dobot_ws/install/dobot_msgs_v4/share/dobot_msgs_v4/srv/ToolDOInstant.idl
[56.040s] -- Installing: /home/user/dobot_ws/install/dobot_msgs_v4/share/dobot_msgs_v4/srv/AO.idl
[56.041s] -- Installing: /home/user/dobot_ws/install/dobot_msgs_v4/share/dobot_msgs_v4/srv/AOInstant.idl
[56.041s] -- Installing: /home/user/dobot_ws/install/dobot_msgs_v4/share/dobot_msgs_v4/srv/AccJ.idl
[56.041s] -- Installing: /home/user/dobot_ws/install/dobot_msgs_v4/share/dobot_msgs_v4/srv/AccL.idl
[56.041s] -- Installing: /home/user/dobot_ws/install/dobot_msgs_v4/share/dobot_msgs_v4/srv/VelJ.idl
[56.041s] -- Installing: /home/user/dobot_ws/install/dobot_msgs_v4/share/dobot_msgs_v4/srv/VelL.idl
[56.042s] -- Installing: /home/user/dobot_ws/install/dobot_msgs_v4/share/dobot_msgs_v4/srv/CP.idl
[56.042s] -- Installing: /home/user/dobot_ws/install/dobot_msgs_v4/share/dobot_msgs_v4/srv/PowerOn.idl
[56.042s] -- Installing: /home/user/dobot_ws/install/dobot_msgs_v4/share/dobot_msgs_v4/srv/RunScript.idl
[56.043s] -- Installing: /home/user/dobot_ws/install/dobot_msgs_v4/share/dobot_msgs_v4/srv/Stop.idl
[56.043s] -- Installing: /home/user/dobot_ws/install/dobot_msgs_v4/share/dobot_msgs_v4/srv/Pause.idl
[56.043s] -- Installing: /home/user/dobot_ws/install/dobot_msgs_v4/share/dobot_msgs_v4/srv/Continue.idl
[56.043s] -- Installing: /home/user/dobot_ws/install/dobot_msgs_v4/share/dobot_msgs_v4/srv/PositiveKin.idl
[56.043s] -- Installing: /home/user/dobot_ws/install/dobot_msgs_v4/share/dobot_msgs_v4/srv/InverseKin.idl
[56.044s] -- Installing: /home/user/dobot_ws/install/dobot_msgs_v4/share/dobot_msgs_v4/srv/SetCollisionLevel.idl
[56.044s] -- Installing: /home/user/dobot_ws/install/dobot_msgs_v4/share/dobot_msgs_v4/srv/GetAngle.idl
[56.044s] -- Installing: /home/user/dobot_ws/install/dobot_msgs_v4/share/dobot_msgs_v4/srv/GetPose.idl
[56.044s] -- Installing: /home/user/dobot_ws/install/dobot_msgs_v4/share/dobot_msgs_v4/srv/EmergencyStop.idl
[56.045s] -- Installing: /home/user/dobot_ws/install/dobot_msgs_v4/share/dobot_msgs_v4/srv/ModbusRTUCreate.idl
[56.045s] -- Installing: /home/user/dobot_ws/install/dobot_msgs_v4/share/dobot_msgs_v4/srv/ModbusCreate.idl
[56.045s] -- Installing: /home/user/dobot_ws/install/dobot_msgs_v4/share/dobot_msgs_v4/srv/ModbusClose.idl
[56.045s] -- Installing: /home/user/dobot_ws/install/dobot_msgs_v4/share/dobot_msgs_v4/srv/GetInBits.idl
[56.046s] -- Installing: /home/user/dobot_ws/install/dobot_msgs_v4/share/dobot_msgs_v4/srv/GetInRegs.idl
[56.046s] -- Installing: /home/user/dobot_ws/install/dobot_msgs_v4/share/dobot_msgs_v4/srv/GetCoils.idl
[56.046s] -- Installing: /home/user/dobot_ws/install/dobot_msgs_v4/share/dobot_msgs_v4/srv/SetCoils.idl
[56.046s] -- Installing: /home/user/dobot_ws/install/dobot_msgs_v4/share/dobot_msgs_v4/srv/GetHoldRegs.idl
[56.047s] -- Installing: /home/user/dobot_ws/install/dobot_msgs_v4/share/dobot_msgs_v4/srv/SetHoldRegs.idl
[56.047s] -- Installing: /home/user/dobot_ws/install/dobot_msgs_v4/share/dobot_msgs_v4/srv/SetSafeSkin.idl
[56.047s] -- Installing: /home/user/dobot_ws/install/dobot_msgs_v4/share/dobot_msgs_v4/srv/MovJ.idl
[56.047s] -- Installing: /home/user/dobot_ws/install/dobot_msgs_v4/share/dobot_msgs_v4/srv/MovL.idl
[56.048s] -- Installing: /home/user/dobot_ws/install/dobot_msgs_v4/share/dobot_msgs_v4/srv/RelJointMovJ.idl
[56.048s] -- Installing: /home/user/dobot_ws/install/dobot_msgs_v4/share/dobot_msgs_v4/srv/MoveJog.idl
[56.048s] -- Installing: /home/user/dobot_ws/install/dobot_msgs_v4/share/dobot_msgs_v4/srv/StopMoveJog.idl
[56.048s] -- Installing: /home/user/dobot_ws/install/dobot_msgs_v4/share/dobot_msgs_v4/srv/DOGroup.idl
[56.049s] -- Installing: /home/user/dobot_ws/install/dobot_msgs_v4/share/dobot_msgs_v4/srv/BrakeControl.idl
[56.049s] -- Installing: /home/user/dobot_ws/install/dobot_msgs_v4/share/dobot_msgs_v4/srv/StartDrag.idl
[56.049s] -- Installing: /home/user/dobot_ws/install/dobot_msgs_v4/share/dobot_msgs_v4/srv/EnableSafeSkin.idl
[56.049s] -- Installing: /home/user/dobot_ws/install/dobot_msgs_v4/share/dobot_msgs_v4/srv/GetStartPose.idl
[56.050s] -- Installing: /home/user/dobot_ws/install/dobot_msgs_v4/share/dobot_msgs_v4/srv/StartPath.idl
[56.050s] -- Installing: /home/user/dobot_ws/install/dobot_msgs_v4/share/dobot_msgs_v4/srv/InverseSolution.idl
[56.050s] -- Installing: /home/user/dobot_ws/install/dobot_msgs_v4/share/dobot_msgs_v4/srv/GetErrorID.idl
[56.050s] -- Installing: /home/user/dobot_ws/install/dobot_msgs_v4/share/dobot_msgs_v4/srv/DI.idl
[56.051s] -- Installing: /home/user/dobot_ws/install/dobot_msgs_v4/share/dobot_msgs_v4/srv/ToolDI.idl
[56.051s] -- Installing: /home/user/dobot_ws/install/dobot_msgs_v4/share/dobot_msgs_v4/srv/AI.idl
[56.051s] -- Installing: /home/user/dobot_ws/install/dobot_msgs_v4/share/dobot_msgs_v4/srv/ToolAI.idl
[56.051s] -- Installing: /home/user/dobot_ws/install/dobot_msgs_v4/share/dobot_msgs_v4/srv/DIGroup.idl
[56.052s] -- Installing: /home/user/dobot_ws/install/dobot_msgs_v4/share/dobot_msgs_v4/srv/StopDrag.idl
[56.052s] -- Installing: /home/user/dobot_ws/install/dobot_msgs_v4/share/dobot_msgs_v4/srv/DragSensivity.idl
[56.052s] -- Installing: /home/user/dobot_ws/install/dobot_msgs_v4/share/dobot_msgs_v4/srv/GetDO.idl
[56.052s] -- Installing: /home/user/dobot_ws/install/dobot_msgs_v4/share/dobot_msgs_v4/srv/GetAO.idl
[56.053s] -- Installing: /home/user/dobot_ws/install/dobot_msgs_v4/share/dobot_msgs_v4/srv/GetDOGroup.idl
[56.053s] -- Installing: /home/user/dobot_ws/install/dobot_msgs_v4/share/dobot_msgs_v4/srv/SetTool485.idl
[56.053s] -- Installing: /home/user/dobot_ws/install/dobot_msgs_v4/share/dobot_msgs_v4/srv/SetSafeWallEnable.idl
[56.053s] -- Installing: /home/user/dobot_ws/install/dobot_msgs_v4/share/dobot_msgs_v4/srv/SetToolPower.idl
[56.054s] -- Installing: /home/user/dobot_ws/install/dobot_msgs_v4/share/dobot_msgs_v4/srv/SetToolMode.idl
[56.054s] -- Installing: /home/user/dobot_ws/install/dobot_msgs_v4/share/dobot_msgs_v4/srv/SetBackDistance.idl
[56.054s] -- Installing: /home/user/dobot_ws/install/dobot_msgs_v4/share/dobot_msgs_v4/srv/SetPostCollisionMode.idl
[56.054s] -- Installing: /home/user/dobot_ws/install/dobot_msgs_v4/share/dobot_msgs_v4/srv/SetUser.idl
[56.055s] -- Installing: /home/user/dobot_ws/install/dobot_msgs_v4/share/dobot_msgs_v4/srv/SetTool.idl
[56.055s] -- Installing: /home/user/dobot_ws/install/dobot_msgs_v4/share/dobot_msgs_v4/srv/CalcUser.idl
[56.055s] -- Installing: /home/user/dobot_ws/install/dobot_msgs_v4/share/dobot_msgs_v4/srv/CalcTool.idl
[56.055s] -- Installing: /home/user/dobot_ws/install/dobot_msgs_v4/share/dobot_msgs_v4/srv/GetInputBool.idl
[56.055s] -- Installing: /home/user/dobot_ws/install/dobot_msgs_v4/share/dobot_msgs_v4/srv/GetInputInt.idl
[56.056s] -- Installing: /home/user/dobot_ws/install/dobot_msgs_v4/share/dobot_msgs_v4/srv/GetInputFloat.idl
[56.056s] -- Installing: /home/user/dobot_ws/install/dobot_msgs_v4/share/dobot_msgs_v4/srv/GetOutputBool.idl
[56.056s] -- Installing: /home/user/dobot_ws/install/dobot_msgs_v4/share/dobot_msgs_v4/srv/GetOutputInt.idl
[56.056s] -- Installing: /home/user/dobot_ws/install/dobot_msgs_v4/share/dobot_msgs_v4/srv/GetOutputFloat.idl
[56.057s] -- Installing: /home/user/dobot_ws/install/dobot_msgs_v4/share/dobot_msgs_v4/srv/SetOutputBool.idl
[56.057s] -- Installing: /home/user/dobot_ws/install/dobot_msgs_v4/share/dobot_msgs_v4/srv/SetOutputInt.idl
[56.057s] -- Installing: /home/user/dobot_ws/install/dobot_msgs_v4/share/dobot_msgs_v4/srv/SetOutputFloat.idl
[56.057s] -- Installing: /home/user/dobot_ws/install/dobot_msgs_v4/share/dobot_msgs_v4/srv/MovLIO.idl
[56.058s] -- Installing: /home/user/dobot_ws/install/dobot_msgs_v4/share/dobot_msgs_v4/srv/MovJIO.idl
[56.058s] -- Installing: /home/user/dobot_ws/install/dobot_msgs_v4/share/dobot_msgs_v4/srv/Arc.idl
[56.058s] -- Installing: /home/user/dobot_ws/install/dobot_msgs_v4/share/dobot_msgs_v4/srv/Circle.idl
[56.059s] -- Installing: /home/user/dobot_ws/install/dobot_msgs_v4/share/dobot_msgs_v4/srv/RelMovJTool.idl
[56.059s] -- Installing: /home/user/dobot_ws/install/dobot_msgs_v4/share/dobot_msgs_v4/srv/RelMovLTool.idl
[56.059s] -- Installing: /home/user/dobot_ws/install/dobot_msgs_v4/share/dobot_msgs_v4/srv/RelMovJUser.idl
[56.059s] -- Installing: /home/user/dobot_ws/install/dobot_msgs_v4/share/dobot_msgs_v4/srv/RelMovLUser.idl
[56.060s] -- Installing: /home/user/dobot_ws/install/dobot_msgs_v4/share/dobot_msgs_v4/srv/GetCurrentCommandId.idl
[56.060s] -- Installing: /home/user/dobot_ws/install/dobot_msgs_v4/share/dobot_msgs_v4/srv/ServoJ.idl
[56.060s] -- Installing: /home/user/dobot_ws/install/dobot_msgs_v4/share/dobot_msgs_v4/srv/ServoP.idl
[56.060s] -- Installing: /home/user/dobot_ws/install/dobot_msgs_v4/share/dobot_msgs_v4/srv/TcpDashboard.idl
[56.061s] -- Installing: /home/user/dobot_ws/install/dobot_msgs_v4/share/dobot_msgs_v4/srv/EnableFTSensor.idl
[56.061s] -- Installing: /home/user/dobot_ws/install/dobot_msgs_v4/share/dobot_msgs_v4/srv/SixForceHome.idl
[56.061s] -- Installing: /home/user/dobot_ws/install/dobot_msgs_v4/share/dobot_msgs_v4/srv/GetForce.idl
[56.061s] -- Installing: /home/user/dobot_ws/install/dobot_msgs_v4/share/dobot_msgs_v4/srv/ForceDriveMode.idl
[56.062s] -- Installing: /home/user/dobot_ws/install/dobot_msgs_v4/share/dobot_msgs_v4/srv/ForceDriveSpeed.idl
[56.062s] -- Installing: /home/user/dobot_ws/install/dobot_msgs_v4/share/dobot_msgs_v4/srv/FCForceMode.idl
[56.062s] -- Installing: /home/user/dobot_ws/install/dobot_msgs_v4/share/dobot_msgs_v4/srv/FCSetDeviation.idl
[56.062s] -- Installing: /home/user/dobot_ws/install/dobot_msgs_v4/share/dobot_msgs_v4/srv/FCSetForceLimit.idl
[56.063s] -- Installing: /home/user/dobot_ws/install/dobot_msgs_v4/share/dobot_msgs_v4/srv/FCSetMass.idl
[56.063s] -- Installing: /home/user/dobot_ws/install/dobot_msgs_v4/share/dobot_msgs_v4/srv/FCSetStiffness.idl
[56.063s] -- Installing: /home/user/dobot_ws/install/dobot_msgs_v4/share/dobot_msgs_v4/srv/FCSetDamping.idl
[56.063s] -- Installing: /home/user/dobot_ws/install/dobot_msgs_v4/share/dobot_msgs_v4/srv/FCOff.idl
[56.064s] -- Installing: /home/user/dobot_ws/install/dobot_msgs_v4/share/dobot_msgs_v4/srv/FCSetForceSpeedLimit.idl
[56.064s] -- Installing: /home/user/dobot_ws/install/dobot_msgs_v4/share/dobot_msgs_v4/srv/FCSetForce.idl
[56.064s] -- Installing: /home/user/dobot_ws/install/dobot_msgs_v4/share/dobot_msgs_v4/srv/SetFCCollision.idl
[56.064s] -- Installing: /home/user/dobot_ws/install/dobot_msgs_v4/share/dobot_msgs_v4/srv/FCCollisionSwitch.idl
[56.065s] -- Installing: /home/user/dobot_ws/install/dobot_msgs_v4/share/dobot_msgs_v4/srv/SetWorkZoneEnable.idl
[56.065s] -- Installing: /home/user/dobot_ws/install/dobot_msgs_v4/share/dobot_msgs_v4/srv/GetToolDO.idl
[56.065s] -- Installing: /home/user/dobot_ws/install/dobot_msgs_v4/share/dobot_msgs_v4/srv/ResetRobot.idl
[56.065s] -- Installing: /home/user/dobot_ws/install/dobot_msgs_v4/share/dobot_msgs_v4/srv/RunTo.idl
[56.066s] -- Installing: /home/user/dobot_ws/install/dobot_msgs_v4/share/dobot_msgs_v4/srv/StartRTOffset.idl
[56.066s] -- Installing: /home/user/dobot_ws/install/dobot_msgs_v4/share/dobot_msgs_v4/srv/EndRTOffset.idl
[56.067s] -- Installing: /home/user/dobot_ws/install/dobot_msgs_v4/share/dobot_msgs_v4/srv/GetError.idl
[56.067s] -- Installing: /home/user/dobot_ws/install/dobot_msgs_v4/share/dobot_msgs_v4/srv/DOGroupDEC.idl
[56.067s] -- Installing: /home/user/dobot_ws/install/dobot_msgs_v4/share/dobot_msgs_v4/srv/GetDOGroupDEC.idl
[56.068s] -- Installing: /home/user/dobot_ws/install/dobot_msgs_v4/share/dobot_msgs_v4/srv/DIGroupDEC.idl
[56.068s] -- Installing: /home/user/dobot_ws/install/dobot_msgs_v4/share/dobot_msgs_v4/srv/RequestControl.idl
[56.069s] -- Installing: /home/user/dobot_ws/install/dobot_msgs_v4/share/dobot_msgs_v4/srv/CheckOddMovL.idl
[56.069s] -- Installing: /home/user/dobot_ws/install/dobot_msgs_v4/share/dobot_msgs_v4/srv/CheckOddMovJ.idl
[56.069s] -- Installing: /home/user/dobot_ws/install/dobot_msgs_v4/share/dobot_msgs_v4/srv/CheckOddMovC.idl
[56.069s] -- Installing: /home/user/dobot_ws/install/dobot_msgs_v4/share/dobot_msgs_v4/msg/RobotStatus.msg
[56.070s] -- Installing: /home/user/dobot_ws/install/dobot_msgs_v4/share/dobot_msgs_v4/msg/ToolVectorActual.msg
[56.070s] -- Installing: /home/user/dobot_ws/install/dobot_msgs_v4/share/dobot_msgs_v4/srv/EnableRobot.srv
[56.070s] -- Installing: /home/user/dobot_ws/install/dobot_msgs_v4/share/dobot_msgs_v4/srv/EnableRobot_Request.msg
[56.070s] -- Installing: /home/user/dobot_ws/install/dobot_msgs_v4/share/dobot_msgs_v4/srv/EnableRobot_Response.msg
[56.071s] -- Installing: /home/user/dobot_ws/install/dobot_msgs_v4/share/dobot_msgs_v4/srv/DisableRobot.srv
[56.071s] -- Installing: /home/user/dobot_ws/install/dobot_msgs_v4/share/dobot_msgs_v4/srv/DisableRobot_Request.msg
[56.071s] -- Installing: /home/user/dobot_ws/install/dobot_msgs_v4/share/dobot_msgs_v4/srv/DisableRobot_Response.msg
[56.071s] -- Installing: /home/user/dobot_ws/install/dobot_msgs_v4/share/dobot_msgs_v4/srv/ClearError.srv
[56.072s] -- Installing: /home/user/dobot_ws/install/dobot_msgs_v4/share/dobot_msgs_v4/srv/ClearError_Request.msg
[56.072s] -- Installing: /home/user/dobot_ws/install/dobot_msgs_v4/share/dobot_msgs_v4/srv/ClearError_Response.msg
[56.072s] -- Installing: /home/user/dobot_ws/install/dobot_msgs_v4/share/dobot_msgs_v4/srv/SpeedFactor.srv
[56.072s] -- Installing: /home/user/dobot_ws/install/dobot_msgs_v4/share/dobot_msgs_v4/srv/SpeedFactor_Request.msg
[56.073s] -- Installing: /home/user/dobot_ws/install/dobot_msgs_v4/share/dobot_msgs_v4/srv/SpeedFactor_Response.msg
[56.073s] -- Installing: /home/user/dobot_ws/install/dobot_msgs_v4/share/dobot_msgs_v4/srv/User.srv
[56.073s] -- Installing: /home/user/dobot_ws/install/dobot_msgs_v4/share/dobot_msgs_v4/srv/User_Request.msg
[56.073s] -- Installing: /home/user/dobot_ws/install/dobot_msgs_v4/share/dobot_msgs_v4/srv/User_Response.msg
[56.074s] -- Installing: /home/user/dobot_ws/install/dobot_msgs_v4/share/dobot_msgs_v4/srv/Tool.srv
[56.074s] -- Installing: /home/user/dobot_ws/install/dobot_msgs_v4/share/dobot_msgs_v4/srv/Tool_Request.msg
[56.074s] -- Installing: /home/user/dobot_ws/install/dobot_msgs_v4/share/dobot_msgs_v4/srv/Tool_Response.msg
[56.074s] -- Installing: /home/user/dobot_ws/install/dobot_msgs_v4/share/dobot_msgs_v4/srv/RobotMode.srv
[56.075s] -- Installing: /home/user/dobot_ws/install/dobot_msgs_v4/share/dobot_msgs_v4/srv/RobotMode_Request.msg
[56.075s] -- Installing: /home/user/dobot_ws/install/dobot_msgs_v4/share/dobot_msgs_v4/srv/RobotMode_Response.msg
[56.075s] -- Installing: /home/user/dobot_ws/install/dobot_msgs_v4/share/dobot_msgs_v4/srv/SetPayload.srv
[56.076s] -- Installing: /home/user/dobot_ws/install/dobot_msgs_v4/share/dobot_msgs_v4/srv/SetPayload_Request.msg
[56.076s] -- Installing: /home/user/dobot_ws/install/dobot_msgs_v4/share/dobot_msgs_v4/srv/SetPayload_Response.msg
[56.076s] -- Installing: /home/user/dobot_ws/install/dobot_msgs_v4/share/dobot_msgs_v4/srv/DO.srv
[56.076s] -- Installing: /home/user/dobot_ws/install/dobot_msgs_v4/share/dobot_msgs_v4/srv/DO_Request.msg
[56.077s] -- Installing: /home/user/dobot_ws/install/dobot_msgs_v4/share/dobot_msgs_v4/srv/DO_Response.msg
[56.077s] -- Installing: /home/user/dobot_ws/install/dobot_msgs_v4/share/dobot_msgs_v4/srv/DOInstant.srv
[56.077s] -- Installing: /home/user/dobot_ws/install/dobot_msgs_v4/share/dobot_msgs_v4/srv/DOInstant_Request.msg
[56.077s] -- Installing: /home/user/dobot_ws/install/dobot_msgs_v4/share/dobot_msgs_v4/srv/DOInstant_Response.msg
[56.078s] -- Installing: /home/user/dobot_ws/install/dobot_msgs_v4/share/dobot_msgs_v4/srv/ToolDO.srv
[56.078s] -- Installing: /home/user/dobot_ws/install/dobot_msgs_v4/share/dobot_msgs_v4/srv/ToolDO_Request.msg
[56.078s] -- Installing: /home/user/dobot_ws/install/dobot_msgs_v4/share/dobot_msgs_v4/srv/ToolDO_Response.msg
[56.078s] -- Installing: /home/user/dobot_ws/install/dobot_msgs_v4/share/dobot_msgs_v4/srv/ToolDOInstant.srv
[56.079s] -- Installing: /home/user/dobot_ws/install/dobot_msgs_v4/share/dobot_msgs_v4/srv/ToolDOInstant_Request.msg
[56.079s] -- Installing: /home/user/dobot_ws/install/dobot_msgs_v4/share/dobot_msgs_v4/srv/ToolDOInstant_Response.msg
[56.079s] -- Installing: /home/user/dobot_ws/install/dobot_msgs_v4/share/dobot_msgs_v4/srv/AO.srv
[56.079s] -- Installing: /home/user/dobot_ws/install/dobot_msgs_v4/share/dobot_msgs_v4/srv/AO_Request.msg
[56.080s] -- Installing: /home/user/dobot_ws/install/dobot_msgs_v4/share/dobot_msgs_v4/srv/AO_Response.msg
[56.080s] -- Installing: /home/user/dobot_ws/install/dobot_msgs_v4/share/dobot_msgs_v4/srv/AOInstant.srv
[56.080s] -- Installing: /home/user/dobot_ws/install/dobot_msgs_v4/share/dobot_msgs_v4/srv/AOInstant_Request.msg
[56.081s] -- Installing: /home/user/dobot_ws/install/dobot_msgs_v4/share/dobot_msgs_v4/srv/AOInstant_Response.msg
[56.081s] -- Installing: /home/user/dobot_ws/install/dobot_msgs_v4/share/dobot_msgs_v4/srv/AccJ.srv
[56.081s] -- Installing: /home/user/dobot_ws/install/dobot_msgs_v4/share/dobot_msgs_v4/srv/AccJ_Request.msg
[56.081s] -- Installing: /home/user/dobot_ws/install/dobot_msgs_v4/share/dobot_msgs_v4/srv/AccJ_Response.msg
[56.082s] -- Installing: /home/user/dobot_ws/install/dobot_msgs_v4/share/dobot_msgs_v4/srv/AccL.srv
[56.082s] -- Installing: /home/user/dobot_ws/install/dobot_msgs_v4/share/dobot_msgs_v4/srv/AccL_Request.msg
[56.082s] -- Installing: /home/user/dobot_ws/install/dobot_msgs_v4/share/dobot_msgs_v4/srv/AccL_Response.msg
[56.082s] -- Installing: /home/user/dobot_ws/install/dobot_msgs_v4/share/dobot_msgs_v4/srv/VelJ.srv
[56.083s] -- Installing: /home/user/dobot_ws/install/dobot_msgs_v4/share/dobot_msgs_v4/srv/VelJ_Request.msg
[56.083s] -- Installing: /home/user/dobot_ws/install/dobot_msgs_v4/share/dobot_msgs_v4/srv/VelJ_Response.msg
[56.083s] -- Installing: /home/user/dobot_ws/install/dobot_msgs_v4/share/dobot_msgs_v4/srv/VelL.srv
[56.083s] -- Installing: /home/user/dobot_ws/install/dobot_msgs_v4/share/dobot_msgs_v4/srv/VelL_Request.msg
[56.084s] -- Installing: /home/user/dobot_ws/install/dobot_msgs_v4/share/dobot_msgs_v4/srv/VelL_Response.msg
[56.084s] -- Installing: /home/user/dobot_ws/install/dobot_msgs_v4/share/dobot_msgs_v4/srv/CP.srv
[56.084s] -- Installing: /home/user/dobot_ws/install/dobot_msgs_v4/share/dobot_msgs_v4/srv/CP_Request.msg
[56.084s] -- Installing: /home/user/dobot_ws/install/dobot_msgs_v4/share/dobot_msgs_v4/srv/CP_Response.msg
[56.085s] -- Installing: /home/user/dobot_ws/install/dobot_msgs_v4/share/dobot_msgs_v4/srv/PowerOn.srv
[56.085s] -- Installing: /home/user/dobot_ws/install/dobot_msgs_v4/share/dobot_msgs_v4/srv/PowerOn_Request.msg
[56.085s] -- Installing: /home/user/dobot_ws/install/dobot_msgs_v4/share/dobot_msgs_v4/srv/PowerOn_Response.msg
[56.085s] -- Installing: /home/user/dobot_ws/install/dobot_msgs_v4/share/dobot_msgs_v4/srv/RunScript.srv
[56.086s] -- Installing: /home/user/dobot_ws/install/dobot_msgs_v4/share/dobot_msgs_v4/srv/RunScript_Request.msg
[56.086s] -- Installing: /home/user/dobot_ws/install/dobot_msgs_v4/share/dobot_msgs_v4/srv/RunScript_Response.msg
[56.086s] -- Installing: /home/user/dobot_ws/install/dobot_msgs_v4/share/dobot_msgs_v4/srv/Stop.srv
[56.086s] -- Installing: /home/user/dobot_ws/install/dobot_msgs_v4/share/dobot_msgs_v4/srv/Stop_Request.msg
[56.087s] -- Installing: /home/user/dobot_ws/install/dobot_msgs_v4/share/dobot_msgs_v4/srv/Stop_Response.msg
[56.087s] -- Installing: /home/user/dobot_ws/install/dobot_msgs_v4/share/dobot_msgs_v4/srv/Pause.srv
[56.087s] -- Installing: /home/user/dobot_ws/install/dobot_msgs_v4/share/dobot_msgs_v4/srv/Pause_Request.msg
[56.087s] -- Installing: /home/user/dobot_ws/install/dobot_msgs_v4/share/dobot_msgs_v4/srv/Pause_Response.msg
[56.088s] -- Installing: /home/user/dobot_ws/install/dobot_msgs_v4/share/dobot_msgs_v4/srv/Continue.srv
[56.088s] -- Installing: /home/user/dobot_ws/install/dobot_msgs_v4/share/dobot_msgs_v4/srv/Continue_Request.msg
[56.088s] -- Installing: /home/user/dobot_ws/install/dobot_msgs_v4/share/dobot_msgs_v4/srv/Continue_Response.msg
[56.089s] -- Installing: /home/user/dobot_ws/install/dobot_msgs_v4/share/dobot_msgs_v4/srv/PositiveKin.srv
[56.089s] -- Installing: /home/user/dobot_ws/install/dobot_msgs_v4/share/dobot_msgs_v4/srv/PositiveKin_Request.msg
[56.089s] -- Installing: /home/user/dobot_ws/install/dobot_msgs_v4/share/dobot_msgs_v4/srv/PositiveKin_Response.msg
[56.090s] -- Installing: /home/user/dobot_ws/install/dobot_msgs_v4/share/dobot_msgs_v4/srv/InverseKin.srv
[56.090s] -- Installing: /home/user/dobot_ws/install/dobot_msgs_v4/share/dobot_msgs_v4/srv/InverseKin_Request.msg
[56.090s] -- Installing: /home/user/dobot_ws/install/dobot_msgs_v4/share/dobot_msgs_v4/srv/InverseKin_Response.msg
[56.090s] -- Installing: /home/user/dobot_ws/install/dobot_msgs_v4/share/dobot_msgs_v4/srv/SetCollisionLevel.srv
[56.091s] -- Installing: /home/user/dobot_ws/install/dobot_msgs_v4/share/dobot_msgs_v4/srv/SetCollisionLevel_Request.msg
[56.091s] -- Installing: /home/user/dobot_ws/install/dobot_msgs_v4/share/dobot_msgs_v4/srv/SetCollisionLevel_Response.msg
[56.091s] -- Installing: /home/user/dobot_ws/install/dobot_msgs_v4/share/dobot_msgs_v4/srv/GetAngle.srv
[56.091s] -- Installing: /home/user/dobot_ws/install/dobot_msgs_v4/share/dobot_msgs_v4/srv/GetAngle_Request.msg
[56.092s] -- Installing: /home/user/dobot_ws/install/dobot_msgs_v4/share/dobot_msgs_v4/srv/GetAngle_Response.msg
[56.092s] -- Installing: /home/user/dobot_ws/install/dobot_msgs_v4/share/dobot_msgs_v4/srv/GetPose.srv
[56.092s] -- Installing: /home/user/dobot_ws/install/dobot_msgs_v4/share/dobot_msgs_v4/srv/GetPose_Request.msg
[56.092s] -- Installing: /home/user/dobot_ws/install/dobot_msgs_v4/share/dobot_msgs_v4/srv/GetPose_Response.msg
[56.093s] -- Installing: /home/user/dobot_ws/install/dobot_msgs_v4/share/dobot_msgs_v4/srv/EmergencyStop.srv
[56.093s] -- Installing: /home/user/dobot_ws/install/dobot_msgs_v4/share/dobot_msgs_v4/srv/EmergencyStop_Request.msg
[56.093s] -- Installing: /home/user/dobot_ws/install/dobot_msgs_v4/share/dobot_msgs_v4/srv/EmergencyStop_Response.msg
[56.093s] -- Installing: /home/user/dobot_ws/install/dobot_msgs_v4/share/dobot_msgs_v4/srv/ModbusRTUCreate.srv
[56.094s] -- Installing: /home/user/dobot_ws/install/dobot_msgs_v4/share/dobot_msgs_v4/srv/ModbusRTUCreate_Request.msg
[56.094s] -- Installing: /home/user/dobot_ws/install/dobot_msgs_v4/share/dobot_msgs_v4/srv/ModbusRTUCreate_Response.msg
[56.094s] -- Installing: /home/user/dobot_ws/install/dobot_msgs_v4/share/dobot_msgs_v4/srv/ModbusCreate.srv
[56.095s] -- Installing: /home/user/dobot_ws/install/dobot_msgs_v4/share/dobot_msgs_v4/srv/ModbusCreate_Request.msg
[56.095s] -- Installing: /home/user/dobot_ws/install/dobot_msgs_v4/share/dobot_msgs_v4/srv/ModbusCreate_Response.msg
[56.095s] -- Installing: /home/user/dobot_ws/install/dobot_msgs_v4/share/dobot_msgs_v4/srv/ModbusClose.srv
[56.095s] -- Installing: /home/user/dobot_ws/install/dobot_msgs_v4/share/dobot_msgs_v4/srv/ModbusClose_Request.msg
[56.096s] -- Installing: /home/user/dobot_ws/install/dobot_msgs_v4/share/dobot_msgs_v4/srv/ModbusClose_Response.msg
[56.096s] -- Installing: /home/user/dobot_ws/install/dobot_msgs_v4/share/dobot_msgs_v4/srv/GetInBits.srv
[56.096s] -- Installing: /home/user/dobot_ws/install/dobot_msgs_v4/share/dobot_msgs_v4/srv/GetInBits_Request.msg
[56.096s] -- Installing: /home/user/dobot_ws/install/dobot_msgs_v4/share/dobot_msgs_v4/srv/GetInBits_Response.msg
[56.097s] -- Installing: /home/user/dobot_ws/install/dobot_msgs_v4/share/dobot_msgs_v4/srv/GetInRegs.srv
[56.097s] -- Installing: /home/user/dobot_ws/install/dobot_msgs_v4/share/dobot_msgs_v4/srv/GetInRegs_Request.msg
[56.097s] -- Installing: /home/user/dobot_ws/install/dobot_msgs_v4/share/dobot_msgs_v4/srv/GetInRegs_Response.msg
[56.097s] -- Installing: /home/user/dobot_ws/install/dobot_msgs_v4/share/dobot_msgs_v4/srv/GetCoils.srv
[56.098s] -- Installing: /home/user/dobot_ws/install/dobot_msgs_v4/share/dobot_msgs_v4/srv/GetCoils_Request.msg
[56.098s] -- Installing: /home/user/dobot_ws/install/dobot_msgs_v4/share/dobot_msgs_v4/srv/GetCoils_Response.msg
[56.098s] -- Installing: /home/user/dobot_ws/install/dobot_msgs_v4/share/dobot_msgs_v4/srv/SetCoils.srv
[56.099s] -- Installing: /home/user/dobot_ws/install/dobot_msgs_v4/share/dobot_msgs_v4/srv/SetCoils_Request.msg
[56.099s] -- Installing: /home/user/dobot_ws/install/dobot_msgs_v4/share/dobot_msgs_v4/srv/SetCoils_Response.msg
[56.099s] -- Installing: /home/user/dobot_ws/install/dobot_msgs_v4/share/dobot_msgs_v4/srv/GetHoldRegs.srv
[56.100s] -- Installing: /home/user/dobot_ws/install/dobot_msgs_v4/share/dobot_msgs_v4/srv/GetHoldRegs_Request.msg
[56.100s] -- Installing: /home/user/dobot_ws/install/dobot_msgs_v4/share/dobot_msgs_v4/srv/GetHoldRegs_Response.msg
[56.100s] -- Installing: /home/user/dobot_ws/install/dobot_msgs_v4/share/dobot_msgs_v4/srv/SetHoldRegs.srv
[56.100s] -- Installing: /home/user/dobot_ws/install/dobot_msgs_v4/share/dobot_msgs_v4/srv/SetHoldRegs_Request.msg
[56.101s] -- Installing: /home/user/dobot_ws/install/dobot_msgs_v4/share/dobot_msgs_v4/srv/SetHoldRegs_Response.msg
[56.101s] -- Installing: /home/user/dobot_ws/install/dobot_msgs_v4/share/dobot_msgs_v4/srv/SetSafeSkin.srv
[56.101s] -- Installing: /home/user/dobot_ws/install/dobot_msgs_v4/share/dobot_msgs_v4/srv/SetSafeSkin_Request.msg
[56.102s] -- Installing: /home/user/dobot_ws/install/dobot_msgs_v4/share/dobot_msgs_v4/srv/SetSafeSkin_Response.msg
[56.102s] -- Installing: /home/user/dobot_ws/install/dobot_msgs_v4/share/dobot_msgs_v4/srv/MovJ.srv
[56.102s] -- Installing: /home/user/dobot_ws/install/dobot_msgs_v4/share/dobot_msgs_v4/srv/MovJ_Request.msg
[56.103s] -- Installing: /home/user/dobot_ws/install/dobot_msgs_v4/share/dobot_msgs_v4/srv/MovJ_Response.msg
[56.103s] -- Installing: /home/user/dobot_ws/install/dobot_msgs_v4/share/dobot_msgs_v4/srv/MovL.srv
[56.103s] -- Installing: /home/user/dobot_ws/install/dobot_msgs_v4/share/dobot_msgs_v4/srv/MovL_Request.msg
[56.104s] -- Installing: /home/user/dobot_ws/install/dobot_msgs_v4/share/dobot_msgs_v4/srv/MovL_Response.msg
[56.104s] -- Installing: /home/user/dobot_ws/install/dobot_msgs_v4/share/dobot_msgs_v4/srv/RelJointMovJ.srv
[56.104s] -- Installing: /home/user/dobot_ws/install/dobot_msgs_v4/share/dobot_msgs_v4/srv/RelJointMovJ_Request.msg
[56.105s] -- Installing: /home/user/dobot_ws/install/dobot_msgs_v4/share/dobot_msgs_v4/srv/RelJointMovJ_Response.msg
[56.105s] -- Installing: /home/user/dobot_ws/install/dobot_msgs_v4/share/dobot_msgs_v4/srv/MoveJog.srv
[56.105s] -- Installing: /home/user/dobot_ws/install/dobot_msgs_v4/share/dobot_msgs_v4/srv/MoveJog_Request.msg
[56.105s] -- Installing: /home/user/dobot_ws/install/dobot_msgs_v4/share/dobot_msgs_v4/srv/MoveJog_Response.msg
[56.106s] -- Installing: /home/user/dobot_ws/install/dobot_msgs_v4/share/dobot_msgs_v4/srv/StopMoveJog.srv
[56.106s] -- Installing: /home/user/dobot_ws/install/dobot_msgs_v4/share/dobot_msgs_v4/srv/StopMoveJog_Request.msg
[56.106s] -- Installing: /home/user/dobot_ws/install/dobot_msgs_v4/share/dobot_msgs_v4/srv/StopMoveJog_Response.msg
[56.107s] -- Installing: /home/user/dobot_ws/install/dobot_msgs_v4/share/dobot_msgs_v4/srv/DOGroup.srv
[56.107s] -- Installing: /home/user/dobot_ws/install/dobot_msgs_v4/share/dobot_msgs_v4/srv/DOGroup_Request.msg
[56.107s] -- Installing: /home/user/dobot_ws/install/dobot_msgs_v4/share/dobot_msgs_v4/srv/DOGroup_Response.msg
[56.108s] -- Installing: /home/user/dobot_ws/install/dobot_msgs_v4/share/dobot_msgs_v4/srv/BrakeControl.srv
[56.108s] -- Installing: /home/user/dobot_ws/install/dobot_msgs_v4/share/dobot_msgs_v4/srv/BrakeControl_Request.msg
[56.108s] -- Installing: /home/user/dobot_ws/install/dobot_msgs_v4/share/dobot_msgs_v4/srv/BrakeControl_Response.msg
[56.109s] -- Installing: /home/user/dobot_ws/install/dobot_msgs_v4/share/dobot_msgs_v4/srv/StartDrag.srv
[56.109s] -- Installing: /home/user/dobot_ws/install/dobot_msgs_v4/share/dobot_msgs_v4/srv/StartDrag_Request.msg
[56.109s] -- Installing: /home/user/dobot_ws/install/dobot_msgs_v4/share/dobot_msgs_v4/srv/StartDrag_Response.msg
[56.110s] -- Installing: /home/user/dobot_ws/install/dobot_msgs_v4/share/dobot_msgs_v4/srv/EnableSafeSkin.srv
[56.110s] -- Installing: /home/user/dobot_ws/install/dobot_msgs_v4/share/dobot_msgs_v4/srv/EnableSafeSkin_Request.msg
[56.110s] -- Installing: /home/user/dobot_ws/install/dobot_msgs_v4/share/dobot_msgs_v4/srv/EnableSafeSkin_Response.msg
[56.110s] -- Installing: /home/user/dobot_ws/install/dobot_msgs_v4/share/dobot_msgs_v4/srv/GetStartPose.srv
[56.111s] -- Installing: /home/user/dobot_ws/install/dobot_msgs_v4/share/dobot_msgs_v4/srv/GetStartPose_Request.msg
[56.111s] -- Installing: /home/user/dobot_ws/install/dobot_msgs_v4/share/dobot_msgs_v4/srv/GetStartPose_Response.msg
[56.111s] -- Installing: /home/user/dobot_ws/install/dobot_msgs_v4/share/dobot_msgs_v4/srv/StartPath.srv
[56.112s] -- Installing: /home/user/dobot_ws/install/dobot_msgs_v4/share/dobot_msgs_v4/srv/StartPath_Request.msg
[56.112s] -- Installing: /home/user/dobot_ws/install/dobot_msgs_v4/share/dobot_msgs_v4/srv/StartPath_Response.msg
[56.112s] -- Installing: /home/user/dobot_ws/install/dobot_msgs_v4/share/dobot_msgs_v4/srv/InverseSolution.srv
[56.113s] -- Installing: /home/user/dobot_ws/install/dobot_msgs_v4/share/dobot_msgs_v4/srv/InverseSolution_Request.msg
[56.113s] -- Installing: /home/user/dobot_ws/install/dobot_msgs_v4/share/dobot_msgs_v4/srv/InverseSolution_Response.msg
[56.113s] -- Installing: /home/user/dobot_ws/install/dobot_msgs_v4/share/dobot_msgs_v4/srv/GetErrorID.srv
[56.114s] -- Installing: /home/user/dobot_ws/install/dobot_msgs_v4/share/dobot_msgs_v4/srv/GetErrorID_Request.msg
[56.114s] -- Installing: /home/user/dobot_ws/install/dobot_msgs_v4/share/dobot_msgs_v4/srv/GetErrorID_Response.msg
[56.114s] -- Installing: /home/user/dobot_ws/install/dobot_msgs_v4/share/dobot_msgs_v4/srv/DI.srv
[56.115s] -- Installing: /home/user/dobot_ws/install/dobot_msgs_v4/share/dobot_msgs_v4/srv/DI_Request.msg
[56.115s] -- Installing: /home/user/dobot_ws/install/dobot_msgs_v4/share/dobot_msgs_v4/srv/DI_Response.msg
[56.115s] -- Installing: /home/user/dobot_ws/install/dobot_msgs_v4/share/dobot_msgs_v4/srv/ToolDI.srv
[56.115s] -- Installing: /home/user/dobot_ws/install/dobot_msgs_v4/share/dobot_msgs_v4/srv/ToolDI_Request.msg
[56.116s] -- Installing: /home/user/dobot_ws/install/dobot_msgs_v4/share/dobot_msgs_v4/srv/ToolDI_Response.msg
[56.116s] -- Installing: /home/user/dobot_ws/install/dobot_msgs_v4/share/dobot_msgs_v4/srv/AI.srv
[56.116s] -- Installing: /home/user/dobot_ws/install/dobot_msgs_v4/share/dobot_msgs_v4/srv/AI_Request.msg
[56.117s] -- Installing: /home/user/dobot_ws/install/dobot_msgs_v4/share/dobot_msgs_v4/srv/AI_Response.msg
[56.117s] -- Installing: /home/user/dobot_ws/install/dobot_msgs_v4/share/dobot_msgs_v4/srv/ToolAI.srv
[56.117s] -- Installing: /home/user/dobot_ws/install/dobot_msgs_v4/share/dobot_msgs_v4/srv/ToolAI_Request.msg
[56.118s] -- Installing: /home/user/dobot_ws/install/dobot_msgs_v4/share/dobot_msgs_v4/srv/ToolAI_Response.msg
[56.118s] -- Installing: /home/user/dobot_ws/install/dobot_msgs_v4/share/dobot_msgs_v4/srv/DIGroup.srv
[56.118s] -- Installing: /home/user/dobot_ws/install/dobot_msgs_v4/share/dobot_msgs_v4/srv/DIGroup_Request.msg
[56.119s] -- Installing: /home/user/dobot_ws/install/dobot_msgs_v4/share/dobot_msgs_v4/srv/DIGroup_Response.msg
[56.119s] -- Installing: /home/user/dobot_ws/install/dobot_msgs_v4/share/dobot_msgs_v4/srv/StopDrag.srv
[56.119s] -- Installing: /home/user/dobot_ws/install/dobot_msgs_v4/share/dobot_msgs_v4/srv/StopDrag_Request.msg
[56.120s] -- Installing: /home/user/dobot_ws/install/dobot_msgs_v4/share/dobot_msgs_v4/srv/StopDrag_Response.msg
[56.120s] -- Installing: /home/user/dobot_ws/install/dobot_msgs_v4/share/dobot_msgs_v4/srv/DragSensivity.srv
[56.120s] -- Installing: /home/user/dobot_ws/install/dobot_msgs_v4/share/dobot_msgs_v4/srv/DragSensivity_Request.msg
[56.120s] -- Installing: /home/user/dobot_ws/install/dobot_msgs_v4/share/dobot_msgs_v4/srv/DragSensivity_Response.msg
[56.121s] -- Installing: /home/user/dobot_ws/install/dobot_msgs_v4/share/dobot_msgs_v4/srv/GetDO.srv
[56.121s] -- Installing: /home/user/dobot_ws/install/dobot_msgs_v4/share/dobot_msgs_v4/srv/GetDO_Request.msg
[56.121s] -- Installing: /home/user/dobot_ws/install/dobot_msgs_v4/share/dobot_msgs_v4/srv/GetDO_Response.msg
[56.122s] -- Installing: /home/user/dobot_ws/install/dobot_msgs_v4/share/dobot_msgs_v4/srv/GetAO.srv
[56.122s] -- Installing: /home/user/dobot_ws/install/dobot_msgs_v4/share/dobot_msgs_v4/srv/GetAO_Request.msg
[56.122s] -- Installing: /home/user/dobot_ws/install/dobot_msgs_v4/share/dobot_msgs_v4/srv/GetAO_Response.msg
[56.123s] -- Installing: /home/user/dobot_ws/install/dobot_msgs_v4/share/dobot_msgs_v4/srv/GetDOGroup.srv
[56.123s] -- Installing: /home/user/dobot_ws/install/dobot_msgs_v4/share/dobot_msgs_v4/srv/GetDOGroup_Request.msg
[56.123s] -- Installing: /home/user/dobot_ws/install/dobot_msgs_v4/share/dobot_msgs_v4/srv/GetDOGroup_Response.msg
[56.124s] -- Installing: /home/user/dobot_ws/install/dobot_msgs_v4/share/dobot_msgs_v4/srv/SetTool485.srv
[56.124s] -- Installing: /home/user/dobot_ws/install/dobot_msgs_v4/share/dobot_msgs_v4/srv/SetTool485_Request.msg
[56.124s] -- Installing: /home/user/dobot_ws/install/dobot_msgs_v4/share/dobot_msgs_v4/srv/SetTool485_Response.msg
[56.125s] -- Installing: /home/user/dobot_ws/install/dobot_msgs_v4/share/dobot_msgs_v4/srv/SetSafeWallEnable.srv
[56.125s] -- Installing: /home/user/dobot_ws/install/dobot_msgs_v4/share/dobot_msgs_v4/srv/SetSafeWallEnable_Request.msg
[56.125s] -- Installing: /home/user/dobot_ws/install/dobot_msgs_v4/share/dobot_msgs_v4/srv/SetSafeWallEnable_Response.msg
[56.125s] -- Installing: /home/user/dobot_ws/install/dobot_msgs_v4/share/dobot_msgs_v4/srv/SetToolPower.srv
[56.126s] -- Installing: /home/user/dobot_ws/install/dobot_msgs_v4/share/dobot_msgs_v4/srv/SetToolPower_Request.msg
[56.126s] -- Installing: /home/user/dobot_ws/install/dobot_msgs_v4/share/dobot_msgs_v4/srv/SetToolPower_Response.msg
[56.126s] -- Installing: /home/user/dobot_ws/install/dobot_msgs_v4/share/dobot_msgs_v4/srv/SetToolMode.srv
[56.127s] -- Installing: /home/user/dobot_ws/install/dobot_msgs_v4/share/dobot_msgs_v4/srv/SetToolMode_Request.msg
[56.127s] -- Installing: /home/user/dobot_ws/install/dobot_msgs_v4/share/dobot_msgs_v4/srv/SetToolMode_Response.msg
[56.127s] -- Installing: /home/user/dobot_ws/install/dobot_msgs_v4/share/dobot_msgs_v4/srv/SetBackDistance.srv
[56.128s] -- Installing: /home/user/dobot_ws/install/dobot_msgs_v4/share/dobot_msgs_v4/srv/SetBackDistance_Request.msg
[56.128s] -- Installing: /home/user/dobot_ws/install/dobot_msgs_v4/share/dobot_msgs_v4/srv/SetBackDistance_Response.msg
[56.128s] -- Installing: /home/user/dobot_ws/install/dobot_msgs_v4/share/dobot_msgs_v4/srv/SetPostCollisionMode.srv
[56.129s] -- Installing: /home/user/dobot_ws/install/dobot_msgs_v4/share/dobot_msgs_v4/srv/SetPostCollisionMode_Request.msg
[56.129s] -- Installing: /home/user/dobot_ws/install/dobot_msgs_v4/share/dobot_msgs_v4/srv/SetPostCollisionMode_Response.msg
[56.129s] -- Installing: /home/user/dobot_ws/install/dobot_msgs_v4/share/dobot_msgs_v4/srv/SetUser.srv
[56.130s] -- Installing: /home/user/dobot_ws/install/dobot_msgs_v4/share/dobot_msgs_v4/srv/SetUser_Request.msg
[56.130s] -- Installing: /home/user/dobot_ws/install/dobot_msgs_v4/share/dobot_msgs_v4/srv/SetUser_Response.msg
[56.130s] -- Installing: /home/user/dobot_ws/install/dobot_msgs_v4/share/dobot_msgs_v4/srv/SetTool.srv
[56.131s] -- Installing: /home/user/dobot_ws/install/dobot_msgs_v4/share/dobot_msgs_v4/srv/SetTool_Request.msg
[56.131s] -- Installing: /home/user/dobot_ws/install/dobot_msgs_v4/share/dobot_msgs_v4/srv/SetTool_Response.msg
[56.131s] -- Installing: /home/user/dobot_ws/install/dobot_msgs_v4/share/dobot_msgs_v4/srv/CalcUser.srv
[56.132s] -- Installing: /home/user/dobot_ws/install/dobot_msgs_v4/share/dobot_msgs_v4/srv/CalcUser_Request.msg
[56.132s] -- Installing: /home/user/dobot_ws/install/dobot_msgs_v4/share/dobot_msgs_v4/srv/CalcUser_Response.msg
[56.132s] -- Installing: /home/user/dobot_ws/install/dobot_msgs_v4/share/dobot_msgs_v4/srv/CalcTool.srv
[56.132s] -- Installing: /home/user/dobot_ws/install/dobot_msgs_v4/share/dobot_msgs_v4/srv/CalcTool_Request.msg
[56.133s] -- Installing: /home/user/dobot_ws/install/dobot_msgs_v4/share/dobot_msgs_v4/srv/CalcTool_Response.msg
[56.133s] -- Installing: /home/user/dobot_ws/install/dobot_msgs_v4/share/dobot_msgs_v4/srv/GetInputBool.srv
[56.133s] -- Installing: /home/user/dobot_ws/install/dobot_msgs_v4/share/dobot_msgs_v4/srv/GetInputBool_Request.msg
[56.134s] -- Installing: /home/user/dobot_ws/install/dobot_msgs_v4/share/dobot_msgs_v4/srv/GetInputBool_Response.msg
[56.134s] -- Installing: /home/user/dobot_ws/install/dobot_msgs_v4/share/dobot_msgs_v4/srv/GetInputInt.srv
[56.134s] -- Installing: /home/user/dobot_ws/install/dobot_msgs_v4/share/dobot_msgs_v4/srv/GetInputInt_Request.msg
[56.135s] -- Installing: /home/user/dobot_ws/install/dobot_msgs_v4/share/dobot_msgs_v4/srv/GetInputInt_Response.msg
[56.135s] -- Installing: /home/user/dobot_ws/install/dobot_msgs_v4/share/dobot_msgs_v4/srv/GetInputFloat.srv
[56.135s] -- Installing: /home/user/dobot_ws/install/dobot_msgs_v4/share/dobot_msgs_v4/srv/GetInputFloat_Request.msg
[56.136s] -- Installing: /home/user/dobot_ws/install/dobot_msgs_v4/share/dobot_msgs_v4/srv/GetInputFloat_Response.msg
[56.136s] -- Installing: /home/user/dobot_ws/install/dobot_msgs_v4/share/dobot_msgs_v4/srv/GetOutputBool.srv
[56.136s] -- Installing: /home/user/dobot_ws/install/dobot_msgs_v4/share/dobot_msgs_v4/srv/GetOutputBool_Request.msg
[56.136s] -- Installing: /home/user/dobot_ws/install/dobot_msgs_v4/share/dobot_msgs_v4/srv/GetOutputBool_Response.msg
[56.137s] -- Installing: /home/user/dobot_ws/install/dobot_msgs_v4/share/dobot_msgs_v4/srv/GetOutputInt.srv
[56.137s] -- Installing: /home/user/dobot_ws/install/dobot_msgs_v4/share/dobot_msgs_v4/srv/GetOutputInt_Request.msg
[56.137s] -- Installing: /home/user/dobot_ws/install/dobot_msgs_v4/share/dobot_msgs_v4/srv/GetOutputInt_Response.msg
[56.138s] -- Installing: /home/user/dobot_ws/install/dobot_msgs_v4/share/dobot_msgs_v4/srv/GetOutputFloat.srv
[56.138s] -- Installing: /home/user/dobot_ws/install/dobot_msgs_v4/share/dobot_msgs_v4/srv/GetOutputFloat_Request.msg
[56.138s] -- Installing: /home/user/dobot_ws/install/dobot_msgs_v4/share/dobot_msgs_v4/srv/GetOutputFloat_Response.msg
[56.139s] -- Installing: /home/user/dobot_ws/install/dobot_msgs_v4/share/dobot_msgs_v4/srv/SetOutputBool.srv
[56.139s] -- Installing: /home/user/dobot_ws/install/dobot_msgs_v4/share/dobot_msgs_v4/srv/SetOutputBool_Request.msg
[56.139s] -- Installing: /home/user/dobot_ws/install/dobot_msgs_v4/share/dobot_msgs_v4/srv/SetOutputBool_Response.msg
[56.140s] -- Installing: /home/user/dobot_ws/install/dobot_msgs_v4/share/dobot_msgs_v4/srv/SetOutputInt.srv
[56.140s] -- Installing: /home/user/dobot_ws/install/dobot_msgs_v4/share/dobot_msgs_v4/srv/SetOutputInt_Request.msg
[56.140s] -- Installing: /home/user/dobot_ws/install/dobot_msgs_v4/share/dobot_msgs_v4/srv/SetOutputInt_Response.msg
[56.141s] -- Installing: /home/user/dobot_ws/install/dobot_msgs_v4/share/dobot_msgs_v4/srv/SetOutputFloat.srv
[56.141s] -- Installing: /home/user/dobot_ws/install/dobot_msgs_v4/share/dobot_msgs_v4/srv/SetOutputFloat_Request.msg
[56.141s] -- Installing: /home/user/dobot_ws/install/dobot_msgs_v4/share/dobot_msgs_v4/srv/SetOutputFloat_Response.msg
[56.142s] -- Installing: /home/user/dobot_ws/install/dobot_msgs_v4/share/dobot_msgs_v4/srv/MovLIO.srv
[56.142s] -- Installing: /home/user/dobot_ws/install/dobot_msgs_v4/share/dobot_msgs_v4/srv/MovLIO_Request.msg
[56.142s] -- Installing: /home/user/dobot_ws/install/dobot_msgs_v4/share/dobot_msgs_v4/srv/MovLIO_Response.msg
[56.142s] -- Installing: /home/user/dobot_ws/install/dobot_msgs_v4/share/dobot_msgs_v4/srv/MovJIO.srv
[56.143s] -- Installing: /home/user/dobot_ws/install/dobot_msgs_v4/share/dobot_msgs_v4/srv/MovJIO_Request.msg
[56.143s] -- Installing: /home/user/dobot_ws/install/dobot_msgs_v4/share/dobot_msgs_v4/srv/MovJIO_Response.msg
[56.143s] -- Installing: /home/user/dobot_ws/install/dobot_msgs_v4/share/dobot_msgs_v4/srv/Arc.srv
[56.144s] -- Installing: /home/user/dobot_ws/install/dobot_msgs_v4/share/dobot_msgs_v4/srv/Arc_Request.msg
[56.144s] -- Installing: /home/user/dobot_ws/install/dobot_msgs_v4/share/dobot_msgs_v4/srv/Arc_Response.msg
[56.144s] -- Installing: /home/user/dobot_ws/install/dobot_msgs_v4/share/dobot_msgs_v4/srv/Circle.srv
[56.145s] -- Installing: /home/user/dobot_ws/install/dobot_msgs_v4/share/dobot_msgs_v4/srv/Circle_Request.msg
[56.145s] -- Installing: /home/user/dobot_ws/install/dobot_msgs_v4/share/dobot_msgs_v4/srv/Circle_Response.msg
[56.145s] -- Installing: /home/user/dobot_ws/install/dobot_msgs_v4/share/dobot_msgs_v4/srv/RelMovJTool.srv
[56.146s] -- Installing: /home/user/dobot_ws/install/dobot_msgs_v4/share/dobot_msgs_v4/srv/RelMovJTool_Request.msg
[56.146s] -- Installing: /home/user/dobot_ws/install/dobot_msgs_v4/share/dobot_msgs_v4/srv/RelMovJTool_Response.msg
[56.146s] -- Installing: /home/user/dobot_ws/install/dobot_msgs_v4/share/dobot_msgs_v4/srv/RelMovLTool.srv
[56.147s] -- Installing: /home/user/dobot_ws/install/dobot_msgs_v4/share/dobot_msgs_v4/srv/RelMovLTool_Request.msg
[56.147s] -- Installing: /home/user/dobot_ws/install/dobot_msgs_v4/share/dobot_msgs_v4/srv/RelMovLTool_Response.msg
[56.147s] -- Installing: /home/user/dobot_ws/install/dobot_msgs_v4/share/dobot_msgs_v4/srv/RelMovJUser.srv
[56.148s] -- Installing: /home/user/dobot_ws/install/dobot_msgs_v4/share/dobot_msgs_v4/srv/RelMovJUser_Request.msg
[56.148s] -- Installing: /home/user/dobot_ws/install/dobot_msgs_v4/share/dobot_msgs_v4/srv/RelMovJUser_Response.msg
[56.148s] -- Installing: /home/user/dobot_ws/install/dobot_msgs_v4/share/dobot_msgs_v4/srv/RelMovLUser.srv
[56.148s] -- Installing: /home/user/dobot_ws/install/dobot_msgs_v4/share/dobot_msgs_v4/srv/RelMovLUser_Request.msg
[56.149s] -- Installing: /home/user/dobot_ws/install/dobot_msgs_v4/share/dobot_msgs_v4/srv/RelMovLUser_Response.msg
[56.149s] -- Installing: /home/user/dobot_ws/install/dobot_msgs_v4/share/dobot_msgs_v4/srv/GetCurrentCommandId.srv
[56.149s] -- Installing: /home/user/dobot_ws/install/dobot_msgs_v4/share/dobot_msgs_v4/srv/GetCurrentCommandId_Request.msg
[56.150s] -- Installing: /home/user/dobot_ws/install/dobot_msgs_v4/share/dobot_msgs_v4/srv/GetCurrentCommandId_Response.msg
[56.150s] -- Installing: /home/user/dobot_ws/install/dobot_msgs_v4/share/dobot_msgs_v4/srv/ServoJ.srv
[56.150s] -- Installing: /home/user/dobot_ws/install/dobot_msgs_v4/share/dobot_msgs_v4/srv/ServoJ_Request.msg
[56.151s] -- Installing: /home/user/dobot_ws/install/dobot_msgs_v4/share/dobot_msgs_v4/srv/ServoJ_Response.msg
[56.151s] -- Installing: /home/user/dobot_ws/install/dobot_msgs_v4/share/dobot_msgs_v4/srv/ServoP.srv
[56.151s] -- Installing: /home/user/dobot_ws/install/dobot_msgs_v4/share/dobot_msgs_v4/srv/ServoP_Request.msg
[56.152s] -- Installing: /home/user/dobot_ws/install/dobot_msgs_v4/share/dobot_msgs_v4/srv/ServoP_Response.msg
[56.152s] -- Installing: /home/user/dobot_ws/install/dobot_msgs_v4/share/dobot_msgs_v4/srv/TcpDashboard.srv
[56.152s] -- Installing: /home/user/dobot_ws/install/dobot_msgs_v4/share/dobot_msgs_v4/srv/TcpDashboard_Request.msg
[56.153s] -- Installing: /home/user/dobot_ws/install/dobot_msgs_v4/share/dobot_msgs_v4/srv/TcpDashboard_Response.msg
[56.153s] -- Installing: /home/user/dobot_ws/install/dobot_msgs_v4/share/dobot_msgs_v4/srv/EnableFTSensor.srv
[56.153s] -- Installing: /home/user/dobot_ws/install/dobot_msgs_v4/share/dobot_msgs_v4/srv/EnableFTSensor_Request.msg
[56.154s] -- Installing: /home/user/dobot_ws/install/dobot_msgs_v4/share/dobot_msgs_v4/srv/EnableFTSensor_Response.msg
[56.154s] -- Installing: /home/user/dobot_ws/install/dobot_msgs_v4/share/dobot_msgs_v4/srv/SixForceHome.srv
[56.154s] -- Installing: /home/user/dobot_ws/install/dobot_msgs_v4/share/dobot_msgs_v4/srv/SixForceHome_Request.msg
[56.154s] -- Installing: /home/user/dobot_ws/install/dobot_msgs_v4/share/dobot_msgs_v4/srv/SixForceHome_Response.msg
[56.155s] -- Installing: /home/user/dobot_ws/install/dobot_msgs_v4/share/dobot_msgs_v4/srv/GetForce.srv
[56.155s] -- Installing: /home/user/dobot_ws/install/dobot_msgs_v4/share/dobot_msgs_v4/srv/GetForce_Request.msg
[56.155s] -- Installing: /home/user/dobot_ws/install/dobot_msgs_v4/share/dobot_msgs_v4/srv/GetForce_Response.msg
[56.156s] -- Installing: /home/user/dobot_ws/install/dobot_msgs_v4/share/dobot_msgs_v4/srv/ForceDriveMode.srv
[56.156s] -- Installing: /home/user/dobot_ws/install/dobot_msgs_v4/share/dobot_msgs_v4/srv/ForceDriveMode_Request.msg
[56.156s] -- Installing: /home/user/dobot_ws/install/dobot_msgs_v4/share/dobot_msgs_v4/srv/ForceDriveMode_Response.msg
[56.157s] -- Installing: /home/user/dobot_ws/install/dobot_msgs_v4/share/dobot_msgs_v4/srv/ForceDriveSpeed.srv
[56.157s] -- Installing: /home/user/dobot_ws/install/dobot_msgs_v4/share/dobot_msgs_v4/srv/ForceDriveSpeed_Request.msg
[56.157s] -- Installing: /home/user/dobot_ws/install/dobot_msgs_v4/share/dobot_msgs_v4/srv/ForceDriveSpeed_Response.msg
[56.158s] -- Installing: /home/user/dobot_ws/install/dobot_msgs_v4/share/dobot_msgs_v4/srv/FCForceMode.srv
[56.158s] -- Installing: /home/user/dobot_ws/install/dobot_msgs_v4/share/dobot_msgs_v4/srv/FCForceMode_Request.msg
[56.158s] -- Installing: /home/user/dobot_ws/install/dobot_msgs_v4/share/dobot_msgs_v4/srv/FCForceMode_Response.msg
[56.159s] -- Installing: /home/user/dobot_ws/install/dobot_msgs_v4/share/dobot_msgs_v4/srv/FCSetDeviation.srv
[56.159s] -- Installing: /home/user/dobot_ws/install/dobot_msgs_v4/share/dobot_msgs_v4/srv/FCSetDeviation_Request.msg
[56.159s] -- Installing: /home/user/dobot_ws/install/dobot_msgs_v4/share/dobot_msgs_v4/srv/FCSetDeviation_Response.msg
[56.160s] -- Installing: /home/user/dobot_ws/install/dobot_msgs_v4/share/dobot_msgs_v4/srv/FCSetForceLimit.srv
[56.160s] -- Installing: /home/user/dobot_ws/install/dobot_msgs_v4/share/dobot_msgs_v4/srv/FCSetForceLimit_Request.msg
[56.160s] -- Installing: /home/user/dobot_ws/install/dobot_msgs_v4/share/dobot_msgs_v4/srv/FCSetForceLimit_Response.msg
[56.160s] -- Installing: /home/user/dobot_ws/install/dobot_msgs_v4/share/dobot_msgs_v4/srv/FCSetMass.srv
[56.161s] -- Installing: /home/user/dobot_ws/install/dobot_msgs_v4/share/dobot_msgs_v4/srv/FCSetMass_Request.msg
[56.161s] -- Installing: /home/user/dobot_ws/install/dobot_msgs_v4/share/dobot_msgs_v4/srv/FCSetMass_Response.msg
[56.161s] -- Installing: /home/user/dobot_ws/install/dobot_msgs_v4/share/dobot_msgs_v4/srv/FCSetStiffness.srv
[56.161s] -- Installing: /home/user/dobot_ws/install/dobot_msgs_v4/share/dobot_msgs_v4/srv/FCSetStiffness_Request.msg
[56.162s] -- Installing: /home/user/dobot_ws/install/dobot_msgs_v4/share/dobot_msgs_v4/srv/FCSetStiffness_Response.msg
[56.162s] -- Installing: /home/user/dobot_ws/install/dobot_msgs_v4/share/dobot_msgs_v4/srv/FCSetDamping.srv
[56.162s] -- Installing: /home/user/dobot_ws/install/dobot_msgs_v4/share/dobot_msgs_v4/srv/FCSetDamping_Request.msg
[56.163s] -- Installing: /home/user/dobot_ws/install/dobot_msgs_v4/share/dobot_msgs_v4/srv/FCSetDamping_Response.msg
[56.163s] -- Installing: /home/user/dobot_ws/install/dobot_msgs_v4/share/dobot_msgs_v4/srv/FCOff.srv
[56.163s] -- Installing: /home/user/dobot_ws/install/dobot_msgs_v4/share/dobot_msgs_v4/srv/FCOff_Request.msg
[56.163s] -- Installing: /home/user/dobot_ws/install/dobot_msgs_v4/share/dobot_msgs_v4/srv/FCOff_Response.msg
[56.164s] -- Installing: /home/user/dobot_ws/install/dobot_msgs_v4/share/dobot_msgs_v4/srv/FCSetForceSpeedLimit.srv
[56.164s] -- Installing: /home/user/dobot_ws/install/dobot_msgs_v4/share/dobot_msgs_v4/srv/FCSetForceSpeedLimit_Request.msg
[56.164s] -- Installing: /home/user/dobot_ws/install/dobot_msgs_v4/share/dobot_msgs_v4/srv/FCSetForceSpeedLimit_Response.msg
[56.164s] -- Installing: /home/user/dobot_ws/install/dobot_msgs_v4/share/dobot_msgs_v4/srv/FCSetForce.srv
[56.165s] -- Installing: /home/user/dobot_ws/install/dobot_msgs_v4/share/dobot_msgs_v4/srv/FCSetForce_Request.msg
[56.165s] -- Installing: /home/user/dobot_ws/install/dobot_msgs_v4/share/dobot_msgs_v4/srv/FCSetForce_Response.msg
[56.165s] -- Installing: /home/user/dobot_ws/install/dobot_msgs_v4/share/dobot_msgs_v4/srv/SetFCCollision.srv
[56.166s] -- Installing: /home/user/dobot_ws/install/dobot_msgs_v4/share/dobot_msgs_v4/srv/SetFCCollision_Request.msg
[56.166s] -- Installing: /home/user/dobot_ws/install/dobot_msgs_v4/share/dobot_msgs_v4/srv/SetFCCollision_Response.msg
[56.166s] -- Installing: /home/user/dobot_ws/install/dobot_msgs_v4/share/dobot_msgs_v4/srv/FCCollisionSwitch.srv
[56.166s] -- Installing: /home/user/dobot_ws/install/dobot_msgs_v4/share/dobot_msgs_v4/srv/FCCollisionSwitch_Request.msg
[56.167s] -- Installing: /home/user/dobot_ws/install/dobot_msgs_v4/share/dobot_msgs_v4/srv/FCCollisionSwitch_Response.msg
[56.167s] -- Installing: /home/user/dobot_ws/install/dobot_msgs_v4/share/dobot_msgs_v4/srv/SetWorkZoneEnable.srv
[56.167s] -- Installing: /home/user/dobot_ws/install/dobot_msgs_v4/share/dobot_msgs_v4/srv/SetWorkZoneEnable_Request.msg
[56.167s] -- Installing: /home/user/dobot_ws/install/dobot_msgs_v4/share/dobot_msgs_v4/srv/SetWorkZoneEnable_Response.msg
[56.168s] -- Installing: /home/user/dobot_ws/install/dobot_msgs_v4/share/dobot_msgs_v4/srv/GetToolDO.srv
[56.168s] -- Installing: /home/user/dobot_ws/install/dobot_msgs_v4/share/dobot_msgs_v4/srv/GetToolDO_Request.msg
[56.168s] -- Installing: /home/user/dobot_ws/install/dobot_msgs_v4/share/dobot_msgs_v4/srv/GetToolDO_Response.msg
[56.169s] -- Installing: /home/user/dobot_ws/install/dobot_msgs_v4/share/dobot_msgs_v4/srv/ResetRobot.srv
[56.169s] -- Installing: /home/user/dobot_ws/install/dobot_msgs_v4/share/dobot_msgs_v4/srv/ResetRobot_Request.msg
[56.169s] -- Installing: /home/user/dobot_ws/install/dobot_msgs_v4/share/dobot_msgs_v4/srv/ResetRobot_Response.msg
[56.169s] -- Installing: /home/user/dobot_ws/install/dobot_msgs_v4/share/dobot_msgs_v4/srv/RunTo.srv
[56.170s] -- Installing: /home/user/dobot_ws/install/dobot_msgs_v4/share/dobot_msgs_v4/srv/RunTo_Request.msg
[56.170s] -- Installing: /home/user/dobot_ws/install/dobot_msgs_v4/share/dobot_msgs_v4/srv/RunTo_Response.msg
[56.170s] -- Installing: /home/user/dobot_ws/install/dobot_msgs_v4/share/dobot_msgs_v4/srv/StartRTOffset.srv
[56.170s] -- Installing: /home/user/dobot_ws/install/dobot_msgs_v4/share/dobot_msgs_v4/srv/StartRTOffset_Request.msg
[56.171s] -- Installing: /home/user/dobot_ws/install/dobot_msgs_v4/share/dobot_msgs_v4/srv/StartRTOffset_Response.msg
[56.171s] -- Installing: /home/user/dobot_ws/install/dobot_msgs_v4/share/dobot_msgs_v4/srv/EndRTOffset.srv
[56.171s] -- Installing: /home/user/dobot_ws/install/dobot_msgs_v4/share/dobot_msgs_v4/srv/EndRTOffset_Request.msg
[56.171s] -- Installing: /home/user/dobot_ws/install/dobot_msgs_v4/share/dobot_msgs_v4/srv/EndRTOffset_Response.msg
[56.172s] -- Installing: /home/user/dobot_ws/install/dobot_msgs_v4/share/dobot_msgs_v4/srv/GetError.srv
[56.172s] -- Installing: /home/user/dobot_ws/install/dobot_msgs_v4/share/dobot_msgs_v4/srv/GetError_Request.msg
[56.172s] -- Installing: /home/user/dobot_ws/install/dobot_msgs_v4/share/dobot_msgs_v4/srv/GetError_Response.msg
[56.172s] -- Installing: /home/user/dobot_ws/install/dobot_msgs_v4/share/dobot_msgs_v4/srv/DOGroupDEC.srv
[56.173s] -- Installing: /home/user/dobot_ws/install/dobot_msgs_v4/share/dobot_msgs_v4/srv/DOGroupDEC_Request.msg
[56.173s] -- Installing: /home/user/dobot_ws/install/dobot_msgs_v4/share/dobot_msgs_v4/srv/DOGroupDEC_Response.msg
[56.173s] -- Installing: /home/user/dobot_ws/install/dobot_msgs_v4/share/dobot_msgs_v4/srv/GetDOGroupDEC.srv
[56.174s] -- Installing: /home/user/dobot_ws/install/dobot_msgs_v4/share/dobot_msgs_v4/srv/GetDOGroupDEC_Request.msg
[56.174s] -- Installing: /home/user/dobot_ws/install/dobot_msgs_v4/share/dobot_msgs_v4/srv/GetDOGroupDEC_Response.msg
[56.174s] -- Installing: /home/user/dobot_ws/install/dobot_msgs_v4/share/dobot_msgs_v4/srv/DIGroupDEC.srv
[56.174s] -- Installing: /home/user/dobot_ws/install/dobot_msgs_v4/share/dobot_msgs_v4/srv/DIGroupDEC_Request.msg
[56.175s] -- Installing: /home/user/dobot_ws/install/dobot_msgs_v4/share/dobot_msgs_v4/srv/DIGroupDEC_Response.msg
[56.175s] -- Installing: /home/user/dobot_ws/install/dobot_msgs_v4/share/dobot_msgs_v4/srv/RequestControl.srv
[56.175s] -- Installing: /home/user/dobot_ws/install/dobot_msgs_v4/share/dobot_msgs_v4/srv/RequestControl_Request.msg
[56.175s] -- Installing: /home/user/dobot_ws/install/dobot_msgs_v4/share/dobot_msgs_v4/srv/RequestControl_Response.msg
[56.176s] -- Installing: /home/user/dobot_ws/install/dobot_msgs_v4/share/dobot_msgs_v4/srv/CheckOddMovL.srv
[56.176s] -- Installing: /home/user/dobot_ws/install/dobot_msgs_v4/share/dobot_msgs_v4/srv/CheckOddMovL_Request.msg
[56.176s] -- Installing: /home/user/dobot_ws/install/dobot_msgs_v4/share/dobot_msgs_v4/srv/CheckOddMovL_Response.msg
[56.176s] -- Installing: /home/user/dobot_ws/install/dobot_msgs_v4/share/dobot_msgs_v4/srv/CheckOddMovJ.srv
[56.177s] -- Installing: /home/user/dobot_ws/install/dobot_msgs_v4/share/dobot_msgs_v4/srv/CheckOddMovJ_Request.msg
[56.177s] -- Installing: /home/user/dobot_ws/install/dobot_msgs_v4/share/dobot_msgs_v4/srv/CheckOddMovJ_Response.msg
[56.177s] -- Installing: /home/user/dobot_ws/install/dobot_msgs_v4/share/dobot_msgs_v4/srv/CheckOddMovC.srv
[56.177s] -- Installing: /home/user/dobot_ws/install/dobot_msgs_v4/share/dobot_msgs_v4/srv/CheckOddMovC_Request.msg
[56.178s] -- Installing: /home/user/dobot_ws/install/dobot_msgs_v4/share/dobot_msgs_v4/srv/CheckOddMovC_Response.msg
[56.178s] -- Installing: /home/user/dobot_ws/install/dobot_msgs_v4/share/ament_index/resource_index/package_run_dependencies/dobot_msgs_v4
[56.178s] -- Installing: /home/user/dobot_ws/install/dobot_msgs_v4/share/ament_index/resource_index/parent_prefix_path/dobot_msgs_v4
[56.179s] -- Installing: /home/user/dobot_ws/install/dobot_msgs_v4/share/dobot_msgs_v4/environment/ament_prefix_path.sh
[56.179s] -- Installing: /home/user/dobot_ws/install/dobot_msgs_v4/share/dobot_msgs_v4/environment/ament_prefix_path.dsv
[56.179s] -- Installing: /home/user/dobot_ws/install/dobot_msgs_v4/share/dobot_msgs_v4/environment/path.sh
[56.180s] -- Installing: /home/user/dobot_ws/install/dobot_msgs_v4/share/dobot_msgs_v4/environment/path.dsv
[56.180s] -- Installing: /home/user/dobot_ws/install/dobot_msgs_v4/share/dobot_msgs_v4/local_setup.bash
[56.180s] -- Installing: /home/user/dobot_ws/install/dobot_msgs_v4/share/dobot_msgs_v4/local_setup.sh
[56.180s] -- Installing: /home/user/dobot_ws/install/dobot_msgs_v4/share/dobot_msgs_v4/local_setup.zsh
[56.181s] -- Installing: /home/user/dobot_ws/install/dobot_msgs_v4/share/dobot_msgs_v4/local_setup.dsv
[56.181s] -- Installing: /home/user/dobot_ws/install/dobot_msgs_v4/share/dobot_msgs_v4/package.dsv
[56.181s] -- Installing: /home/user/dobot_ws/install/dobot_msgs_v4/share/ament_index/resource_index/packages/dobot_msgs_v4
[56.181s] -- Installing: /home/user/dobot_ws/install/dobot_msgs_v4/share/dobot_msgs_v4/cmake/export_dobot_msgs_v4__rosidl_generator_cExport.cmake
[56.182s] -- Installing: /home/user/dobot_ws/install/dobot_msgs_v4/share/dobot_msgs_v4/cmake/export_dobot_msgs_v4__rosidl_generator_cExport-noconfig.cmake
[56.182s] -- Installing: /home/user/dobot_ws/install/dobot_msgs_v4/share/dobot_msgs_v4/cmake/export_dobot_msgs_v4__rosidl_typesupport_fastrtps_cExport.cmake
[56.182s] -- Installing: /home/user/dobot_ws/install/dobot_msgs_v4/share/dobot_msgs_v4/cmake/export_dobot_msgs_v4__rosidl_typesupport_fastrtps_cExport-noconfig.cmake
[56.182s] -- Installing: /home/user/dobot_ws/install/dobot_msgs_v4/share/dobot_msgs_v4/cmake/export_dobot_msgs_v4__rosidl_generator_cppExport.cmake
[56.183s] -- Installing: /home/user/dobot_ws/install/dobot_msgs_v4/share/dobot_msgs_v4/cmake/export_dobot_msgs_v4__rosidl_typesupport_fastrtps_cppExport.cmake
[56.183s] -- Installing: /home/user/dobot_ws/install/dobot_msgs_v4/share/dobot_msgs_v4/cmake/export_dobot_msgs_v4__rosidl_typesupport_fastrtps_cppExport-noconfig.cmake
[56.183s] -- Installing: /home/user/dobot_ws/install/dobot_msgs_v4/share/dobot_msgs_v4/cmake/dobot_msgs_v4__rosidl_typesupport_introspection_cExport.cmake
[56.184s] -- Installing: /home/user/dobot_ws/install/dobot_msgs_v4/share/dobot_msgs_v4/cmake/dobot_msgs_v4__rosidl_typesupport_introspection_cExport-noconfig.cmake
[56.184s] -- Installing: /home/user/dobot_ws/install/dobot_msgs_v4/share/dobot_msgs_v4/cmake/dobot_msgs_v4__rosidl_typesupport_cExport.cmake
[56.184s] -- Installing: /home/user/dobot_ws/install/dobot_msgs_v4/share/dobot_msgs_v4/cmake/dobot_msgs_v4__rosidl_typesupport_cExport-noconfig.cmake
[56.184s] -- Installing: /home/user/dobot_ws/install/dobot_msgs_v4/share/dobot_msgs_v4/cmake/dobot_msgs_v4__rosidl_typesupport_introspection_cppExport.cmake
[56.185s] -- Installing: /home/user/dobot_ws/install/dobot_msgs_v4/share/dobot_msgs_v4/cmake/dobot_msgs_v4__rosidl_typesupport_introspection_cppExport-noconfig.cmake
[56.185s] -- Installing: /home/user/dobot_ws/install/dobot_msgs_v4/share/dobot_msgs_v4/cmake/dobot_msgs_v4__rosidl_typesupport_cppExport.cmake
[56.185s] -- Installing: /home/user/dobot_ws/install/dobot_msgs_v4/share/dobot_msgs_v4/cmake/dobot_msgs_v4__rosidl_typesupport_cppExport-noconfig.cmake
[56.185s] -- Installing: /home/user/dobot_ws/install/dobot_msgs_v4/share/dobot_msgs_v4/cmake/export_dobot_msgs_v4__rosidl_generator_pyExport.cmake
[56.186s] -- Installing: /home/user/dobot_ws/install/dobot_msgs_v4/share/dobot_msgs_v4/cmake/export_dobot_msgs_v4__rosidl_generator_pyExport-noconfig.cmake
[56.186s] -- Installing: /home/user/dobot_ws/install/dobot_msgs_v4/share/dobot_msgs_v4/cmake/rosidl_cmake-extras.cmake
[56.186s] -- Installing: /home/user/dobot_ws/install/dobot_msgs_v4/share/dobot_msgs_v4/cmake/ament_cmake_export_dependencies-extras.cmake
[56.186s] -- Installing: /home/user/dobot_ws/install/dobot_msgs_v4/share/dobot_msgs_v4/cmake/ament_cmake_export_include_directories-extras.cmake
[56.187s] -- Installing: /home/user/dobot_ws/install/dobot_msgs_v4/share/dobot_msgs_v4/cmake/ament_cmake_export_libraries-extras.cmake
[56.187s] -- Installing: /home/user/dobot_ws/install/dobot_msgs_v4/share/dobot_msgs_v4/cmake/ament_cmake_export_targets-extras.cmake
[56.187s] -- Installing: /home/user/dobot_ws/install/dobot_msgs_v4/share/dobot_msgs_v4/cmake/rosidl_cmake_export_typesupport_targets-extras.cmake
[56.187s] -- Installing: /home/user/dobot_ws/install/dobot_msgs_v4/share/dobot_msgs_v4/cmake/rosidl_cmake_export_typesupport_libraries-extras.cmake
[56.188s] -- Installing: /home/user/dobot_ws/install/dobot_msgs_v4/share/dobot_msgs_v4/cmake/dobot_msgs_v4Config.cmake
[56.188s] -- Installing: /home/user/dobot_ws/install/dobot_msgs_v4/share/dobot_msgs_v4/cmake/dobot_msgs_v4Config-version.cmake
[56.188s] -- Installing: /home/user/dobot_ws/install/dobot_msgs_v4/share/dobot_msgs_v4/package.xml
[56.191s] Invoked command in '/home/user/dobot_ws/build/dobot_msgs_v4' returned '0': CMAKE_PREFIX_PATH=${CMAKE_PREFIX_PATH}:/home/user/dobot_ws/install/servo_action:/home/user/dobot_ws/install/dobot_moveit:/home/user/dobot_ws/install/dobot_demo:/opt/ros/humble /usr/bin/cmake --install /home/user/dobot_ws/build/dobot_msgs_v4
