[0.242s] Invoking command in '/home/user/dobot_ws/build/dobot_msgs_v4': CMAKE_PREFIX_PATH=${CMAKE_PREFIX_PATH}:/home/user/dobot_ws/install/ariac_setup:/home/user/dobot_ws/install/servo_action:/home/user/dobot_ws/install/dobot_moveit:/home/user/dobot_ws/install/dobot_demo:/opt/ros/humble /usr/bin/cmake --build /home/user/dobot_ws/build/dobot_msgs_v4 -- -j16 -l16
[1.048s] [  1%] Built target dobot_msgs_v4__rs
[1.049s] [  1%] Built target dobot_msgs_v4__cpp
[1.049s] [  1%] Built target ament_cmake_python_copy_dobot_msgs_v4
[1.049s] [ 13%] Built target dobot_msgs_v4__rosidl_generator_c
[1.049s] [ 25%] Built target dobot_msgs_v4__rosidl_typesupport_cpp
[1.050s] [ 37%] Built target dobot_msgs_v4__rosidl_typesupport_introspection_cpp
[1.050s] [ 50%] Built target dobot_msgs_v4__rosidl_typesupport_c
[1.050s] [ 63%] Built target dobot_msgs_v4__rosidl_typesupport_introspection_c
[1.050s] [ 75%] Built target dobot_msgs_v4__rosidl_typesupport_fastrtps_cpp
[1.050s] [ 88%] Built target dobot_msgs_v4__rosidl_typesupport_fastrtps_c
[1.050s] [ 88%] Built target dobot_msgs_v4
[1.050s] [ 88%] Built target dobot_msgs_v4__py
[1.051s] [100%] Built target dobot_msgs_v4__rosidl_generator_py
[1.051s] [100%] Built target dobot_msgs_v4__rosidl_typesupport_introspection_c__pyext
[1.051s] [100%] Built target dobot_msgs_v4__rosidl_typesupport_fastrtps_c__pyext
[1.051s] [100%] Built target dobot_msgs_v4__rosidl_typesupport_c__pyext
[1.051s] running egg_info
[1.051s] writing dobot_msgs_v4.egg-info/PKG-INFO
[1.051s] writing dependency_links to dobot_msgs_v4.egg-info/dependency_links.txt
[1.051s] writing top-level names to dobot_msgs_v4.egg-info/top_level.txt
[1.051s] reading manifest file 'dobot_msgs_v4.egg-info/SOURCES.txt'
[1.051s] writing manifest file 'dobot_msgs_v4.egg-info/SOURCES.txt'
[1.051s] [100%] Built target ament_cmake_python_build_dobot_msgs_v4_egg
[1.066s] Invoked command in '/home/user/dobot_ws/build/dobot_msgs_v4' returned '0': CMAKE_PREFIX_PATH=${CMAKE_PREFIX_PATH}:/home/user/dobot_ws/install/ariac_setup:/home/user/dobot_ws/install/servo_action:/home/user/dobot_ws/install/dobot_moveit:/home/user/dobot_ws/install/dobot_demo:/opt/ros/humble /usr/bin/cmake --build /home/user/dobot_ws/build/dobot_msgs_v4 -- -j16 -l16
[1.068s] Invoking command in '/home/user/dobot_ws/build/dobot_msgs_v4': CMAKE_PREFIX_PATH=${CMAKE_PREFIX_PATH}:/home/user/dobot_ws/install/ariac_setup:/home/user/dobot_ws/install/servo_action:/home/user/dobot_ws/install/dobot_moveit:/home/user/dobot_ws/install/dobot_demo:/opt/ros/humble /usr/bin/cmake --install /home/user/dobot_ws/build/dobot_msgs_v4
[1.158s] -- Install configuration: ""
[1.158s] -- Up-to-date: /home/user/dobot_ws/install/dobot_msgs_v4/share/ament_index/resource_index/rosidl_interfaces/dobot_msgs_v4
[1.158s] -- Up-to-date: /home/user/dobot_ws/install/dobot_msgs_v4/include/dobot_msgs_v4/dobot_msgs_v4
[1.158s] -- Up-to-date: /home/user/dobot_ws/install/dobot_msgs_v4/include/dobot_msgs_v4/dobot_msgs_v4/msg
[1.159s] -- Up-to-date: /home/user/dobot_ws/install/dobot_msgs_v4/include/dobot_msgs_v4/dobot_msgs_v4/msg/tool_vector_actual.h
[1.159s] -- Up-to-date: /home/user/dobot_ws/install/dobot_msgs_v4/include/dobot_msgs_v4/dobot_msgs_v4/msg/rosidl_generator_c__visibility_control.h
[1.159s] -- Up-to-date: /home/user/dobot_ws/install/dobot_msgs_v4/include/dobot_msgs_v4/dobot_msgs_v4/msg/robot_status.h
[1.159s] -- Up-to-date: /home/user/dobot_ws/install/dobot_msgs_v4/include/dobot_msgs_v4/dobot_msgs_v4/msg/detail
[1.159s] -- Up-to-date: /home/user/dobot_ws/install/dobot_msgs_v4/include/dobot_msgs_v4/dobot_msgs_v4/msg/detail/tool_vector_actual__type_support.h
[1.159s] -- Up-to-date: /home/user/dobot_ws/install/dobot_msgs_v4/include/dobot_msgs_v4/dobot_msgs_v4/msg/detail/robot_status__type_support.h
[1.159s] -- Up-to-date: /home/user/dobot_ws/install/dobot_msgs_v4/include/dobot_msgs_v4/dobot_msgs_v4/msg/detail/tool_vector_actual__functions.c
[1.159s] -- Up-to-date: /home/user/dobot_ws/install/dobot_msgs_v4/include/dobot_msgs_v4/dobot_msgs_v4/msg/detail/tool_vector_actual__struct.h
[1.159s] -- Up-to-date: /home/user/dobot_ws/install/dobot_msgs_v4/include/dobot_msgs_v4/dobot_msgs_v4/msg/detail/tool_vector_actual__functions.h
[1.159s] -- Up-to-date: /home/user/dobot_ws/install/dobot_msgs_v4/include/dobot_msgs_v4/dobot_msgs_v4/msg/detail/robot_status__functions.c
[1.160s] -- Up-to-date: /home/user/dobot_ws/install/dobot_msgs_v4/include/dobot_msgs_v4/dobot_msgs_v4/msg/detail/robot_status__functions.h
[1.160s] -- Up-to-date: /home/user/dobot_ws/install/dobot_msgs_v4/include/dobot_msgs_v4/dobot_msgs_v4/msg/detail/robot_status__struct.h
[1.160s] -- Up-to-date: /home/user/dobot_ws/install/dobot_msgs_v4/include/dobot_msgs_v4/dobot_msgs_v4/srv
[1.160s] -- Up-to-date: /home/user/dobot_ws/install/dobot_msgs_v4/include/dobot_msgs_v4/dobot_msgs_v4/srv/check_odd_mov_j.h
[1.160s] -- Up-to-date: /home/user/dobot_ws/install/dobot_msgs_v4/include/dobot_msgs_v4/dobot_msgs_v4/srv/fc_set_force.h
[1.160s] -- Up-to-date: /home/user/dobot_ws/install/dobot_msgs_v4/include/dobot_msgs_v4/dobot_msgs_v4/srv/set_coils.h
[1.160s] -- Up-to-date: /home/user/dobot_ws/install/dobot_msgs_v4/include/dobot_msgs_v4/dobot_msgs_v4/srv/fc_collision_switch.h
[1.161s] -- Up-to-date: /home/user/dobot_ws/install/dobot_msgs_v4/include/dobot_msgs_v4/dobot_msgs_v4/srv/get_in_bits.h
[1.161s] -- Up-to-date: /home/user/dobot_ws/install/dobot_msgs_v4/include/dobot_msgs_v4/dobot_msgs_v4/srv/vel_l.h
[1.161s] -- Up-to-date: /home/user/dobot_ws/install/dobot_msgs_v4/include/dobot_msgs_v4/dobot_msgs_v4/srv/set_payload.h
[1.162s] -- Up-to-date: /home/user/dobot_ws/install/dobot_msgs_v4/include/dobot_msgs_v4/dobot_msgs_v4/srv/clear_error.h
[1.162s] -- Up-to-date: /home/user/dobot_ws/install/dobot_msgs_v4/include/dobot_msgs_v4/dobot_msgs_v4/srv/fc_set_force_limit.h
[1.162s] -- Up-to-date: /home/user/dobot_ws/install/dobot_msgs_v4/include/dobot_msgs_v4/dobot_msgs_v4/srv/calc_user.h
[1.162s] -- Up-to-date: /home/user/dobot_ws/install/dobot_msgs_v4/include/dobot_msgs_v4/dobot_msgs_v4/srv/do_group_dec.h
[1.162s] -- Up-to-date: /home/user/dobot_ws/install/dobot_msgs_v4/include/dobot_msgs_v4/dobot_msgs_v4/srv/do.h
[1.162s] -- Up-to-date: /home/user/dobot_ws/install/dobot_msgs_v4/include/dobot_msgs_v4/dobot_msgs_v4/srv/acc_l.h
[1.163s] -- Up-to-date: /home/user/dobot_ws/install/dobot_msgs_v4/include/dobot_msgs_v4/dobot_msgs_v4/srv/set_safe_skin.h
[1.163s] -- Up-to-date: /home/user/dobot_ws/install/dobot_msgs_v4/include/dobot_msgs_v4/dobot_msgs_v4/srv/get_error_id.h
[1.163s] -- Up-to-date: /home/user/dobot_ws/install/dobot_msgs_v4/include/dobot_msgs_v4/dobot_msgs_v4/srv/force_drive_mode.h
[1.163s] -- Up-to-date: /home/user/dobot_ws/install/dobot_msgs_v4/include/dobot_msgs_v4/dobot_msgs_v4/srv/fc_set_mass.h
[1.163s] -- Up-to-date: /home/user/dobot_ws/install/dobot_msgs_v4/include/dobot_msgs_v4/dobot_msgs_v4/srv/fc_set_damping.h
[1.164s] -- Up-to-date: /home/user/dobot_ws/install/dobot_msgs_v4/include/dobot_msgs_v4/dobot_msgs_v4/srv/set_fc_collision.h
[1.164s] -- Up-to-date: /home/user/dobot_ws/install/dobot_msgs_v4/include/dobot_msgs_v4/dobot_msgs_v4/srv/rel_mov_l_user.h
[1.164s] -- Up-to-date: /home/user/dobot_ws/install/dobot_msgs_v4/include/dobot_msgs_v4/dobot_msgs_v4/srv/set_post_collision_mode.h
[1.164s] -- Up-to-date: /home/user/dobot_ws/install/dobot_msgs_v4/include/dobot_msgs_v4/dobot_msgs_v4/srv/tcp_dashboard.h
[1.164s] -- Up-to-date: /home/user/dobot_ws/install/dobot_msgs_v4/include/dobot_msgs_v4/dobot_msgs_v4/srv/stop_drag.h
[1.164s] -- Up-to-date: /home/user/dobot_ws/install/dobot_msgs_v4/include/dobot_msgs_v4/dobot_msgs_v4/srv/get_angle.h
[1.166s] -- Up-to-date: /home/user/dobot_ws/install/dobot_msgs_v4/include/dobot_msgs_v4/dobot_msgs_v4/srv/check_odd_mov_l.h
[1.166s] -- Up-to-date: /home/user/dobot_ws/install/dobot_msgs_v4/include/dobot_msgs_v4/dobot_msgs_v4/srv/power_on.h
[1.166s] -- Up-to-date: /home/user/dobot_ws/install/dobot_msgs_v4/include/dobot_msgs_v4/dobot_msgs_v4/srv/end_rt_offset.h
[1.167s] -- Up-to-date: /home/user/dobot_ws/install/dobot_msgs_v4/include/dobot_msgs_v4/dobot_msgs_v4/srv/get_do_group_dec.h
[1.167s] -- Up-to-date: /home/user/dobot_ws/install/dobot_msgs_v4/include/dobot_msgs_v4/dobot_msgs_v4/srv/fc_set_deviation.h
[1.167s] -- Up-to-date: /home/user/dobot_ws/install/dobot_msgs_v4/include/dobot_msgs_v4/dobot_msgs_v4/srv/six_force_home.h
[1.167s] -- Up-to-date: /home/user/dobot_ws/install/dobot_msgs_v4/include/dobot_msgs_v4/dobot_msgs_v4/srv/reset_robot.h
[1.167s] -- Up-to-date: /home/user/dobot_ws/install/dobot_msgs_v4/include/dobot_msgs_v4/dobot_msgs_v4/srv/modbus_create.h
[1.167s] -- Up-to-date: /home/user/dobot_ws/install/dobot_msgs_v4/include/dobot_msgs_v4/dobot_msgs_v4/srv/servo_j.h
[1.167s] -- Up-to-date: /home/user/dobot_ws/install/dobot_msgs_v4/include/dobot_msgs_v4/dobot_msgs_v4/srv/mov_l.h
[1.167s] -- Up-to-date: /home/user/dobot_ws/install/dobot_msgs_v4/include/dobot_msgs_v4/dobot_msgs_v4/srv/robot_mode.h
[1.168s] -- Up-to-date: /home/user/dobot_ws/install/dobot_msgs_v4/include/dobot_msgs_v4/dobot_msgs_v4/srv/request_control.h
[1.168s] -- Up-to-date: /home/user/dobot_ws/install/dobot_msgs_v4/include/dobot_msgs_v4/dobot_msgs_v4/srv/get_in_regs.h
[1.168s] -- Up-to-date: /home/user/dobot_ws/install/dobot_msgs_v4/include/dobot_msgs_v4/dobot_msgs_v4/srv/calc_tool.h
[1.168s] -- Up-to-date: /home/user/dobot_ws/install/dobot_msgs_v4/include/dobot_msgs_v4/dobot_msgs_v4/srv/get_coils.h
[1.168s] -- Up-to-date: /home/user/dobot_ws/install/dobot_msgs_v4/include/dobot_msgs_v4/dobot_msgs_v4/srv/di_group_dec.h
[1.168s] -- Up-to-date: /home/user/dobot_ws/install/dobot_msgs_v4/include/dobot_msgs_v4/dobot_msgs_v4/srv/get_ao.h
[1.169s] -- Up-to-date: /home/user/dobot_ws/install/dobot_msgs_v4/include/dobot_msgs_v4/dobot_msgs_v4/srv/set_tool.h
[1.169s] -- Up-to-date: /home/user/dobot_ws/install/dobot_msgs_v4/include/dobot_msgs_v4/dobot_msgs_v4/srv/start_rt_offset.h
[1.169s] -- Up-to-date: /home/user/dobot_ws/install/dobot_msgs_v4/include/dobot_msgs_v4/dobot_msgs_v4/srv/do_instant.h
[1.169s] -- Up-to-date: /home/user/dobot_ws/install/dobot_msgs_v4/include/dobot_msgs_v4/dobot_msgs_v4/srv/continue.h
[1.169s] -- Up-to-date: /home/user/dobot_ws/install/dobot_msgs_v4/include/dobot_msgs_v4/dobot_msgs_v4/srv/tool_ai.h
[1.169s] -- Up-to-date: /home/user/dobot_ws/install/dobot_msgs_v4/include/dobot_msgs_v4/dobot_msgs_v4/srv/get_error.h
[1.169s] -- Up-to-date: /home/user/dobot_ws/install/dobot_msgs_v4/include/dobot_msgs_v4/dobot_msgs_v4/srv/di.h
[1.170s] -- Up-to-date: /home/user/dobot_ws/install/dobot_msgs_v4/include/dobot_msgs_v4/dobot_msgs_v4/srv/set_hold_regs.h
[1.170s] -- Up-to-date: /home/user/dobot_ws/install/dobot_msgs_v4/include/dobot_msgs_v4/dobot_msgs_v4/srv/ai.h
[1.170s] -- Up-to-date: /home/user/dobot_ws/install/dobot_msgs_v4/include/dobot_msgs_v4/dobot_msgs_v4/srv/vel_j.h
[1.170s] -- Up-to-date: /home/user/dobot_ws/install/dobot_msgs_v4/include/dobot_msgs_v4/dobot_msgs_v4/srv/run_script.h
[1.170s] -- Up-to-date: /home/user/dobot_ws/install/dobot_msgs_v4/include/dobot_msgs_v4/dobot_msgs_v4/srv/fc_set_stiffness.h
[1.170s] -- Up-to-date: /home/user/dobot_ws/install/dobot_msgs_v4/include/dobot_msgs_v4/dobot_msgs_v4/srv/enable_robot.h
[1.170s] -- Up-to-date: /home/user/dobot_ws/install/dobot_msgs_v4/include/dobot_msgs_v4/dobot_msgs_v4/srv/set_safe_wall_enable.h
[1.191s] -- Up-to-date: /home/user/dobot_ws/install/dobot_msgs_v4/include/dobot_msgs_v4/dobot_msgs_v4/srv/set_tool485.h
[1.191s] -- Up-to-date: /home/user/dobot_ws/install/dobot_msgs_v4/include/dobot_msgs_v4/dobot_msgs_v4/srv/drag_sensivity.h
[1.191s] -- Up-to-date: /home/user/dobot_ws/install/dobot_msgs_v4/include/dobot_msgs_v4/dobot_msgs_v4/srv/tool_di.h
[1.191s] -- Up-to-date: /home/user/dobot_ws/install/dobot_msgs_v4/include/dobot_msgs_v4/dobot_msgs_v4/srv/get_do_group.h
[1.191s] -- Up-to-date: /home/user/dobot_ws/install/dobot_msgs_v4/include/dobot_msgs_v4/dobot_msgs_v4/srv/set_output_float.h
[1.192s] -- Up-to-date: /home/user/dobot_ws/install/dobot_msgs_v4/include/dobot_msgs_v4/dobot_msgs_v4/srv/di_group.h
[1.192s] -- Up-to-date: /home/user/dobot_ws/install/dobot_msgs_v4/include/dobot_msgs_v4/dobot_msgs_v4/srv/get_tool_do.h
[1.192s] -- Up-to-date: /home/user/dobot_ws/install/dobot_msgs_v4/include/dobot_msgs_v4/dobot_msgs_v4/srv/force_drive_speed.h
[1.192s] -- Up-to-date: /home/user/dobot_ws/install/dobot_msgs_v4/include/dobot_msgs_v4/dobot_msgs_v4/srv/circle.h
[1.192s] -- Up-to-date: /home/user/dobot_ws/install/dobot_msgs_v4/include/dobot_msgs_v4/dobot_msgs_v4/srv/pause.h
[1.192s] -- Up-to-date: /home/user/dobot_ws/install/dobot_msgs_v4/include/dobot_msgs_v4/dobot_msgs_v4/srv/move_jog.h
[1.192s] -- Up-to-date: /home/user/dobot_ws/install/dobot_msgs_v4/include/dobot_msgs_v4/dobot_msgs_v4/srv/set_tool_mode.h
[1.192s] -- Up-to-date: /home/user/dobot_ws/install/dobot_msgs_v4/include/dobot_msgs_v4/dobot_msgs_v4/srv/rel_joint_mov_j.h
[1.192s] -- Up-to-date: /home/user/dobot_ws/install/dobot_msgs_v4/include/dobot_msgs_v4/dobot_msgs_v4/srv/enable_ft_sensor.h
[1.192s] -- Up-to-date: /home/user/dobot_ws/install/dobot_msgs_v4/include/dobot_msgs_v4/dobot_msgs_v4/srv/start_path.h
[1.193s] -- Up-to-date: /home/user/dobot_ws/install/dobot_msgs_v4/include/dobot_msgs_v4/dobot_msgs_v4/srv/ao_instant.h
[1.193s] -- Up-to-date: /home/user/dobot_ws/install/dobot_msgs_v4/include/dobot_msgs_v4/dobot_msgs_v4/srv/rel_mov_l_tool.h
[1.193s] -- Up-to-date: /home/user/dobot_ws/install/dobot_msgs_v4/include/dobot_msgs_v4/dobot_msgs_v4/srv/do_group.h
[1.193s] -- Up-to-date: /home/user/dobot_ws/install/dobot_msgs_v4/include/dobot_msgs_v4/dobot_msgs_v4/srv/rel_mov_j_tool.h
[1.193s] -- Up-to-date: /home/user/dobot_ws/install/dobot_msgs_v4/include/dobot_msgs_v4/dobot_msgs_v4/srv/tool.h
[1.193s] -- Up-to-date: /home/user/dobot_ws/install/dobot_msgs_v4/include/dobot_msgs_v4/dobot_msgs_v4/srv/positive_kin.h
[1.193s] -- Up-to-date: /home/user/dobot_ws/install/dobot_msgs_v4/include/dobot_msgs_v4/dobot_msgs_v4/srv/get_output_int.h
[1.193s] -- Up-to-date: /home/user/dobot_ws/install/dobot_msgs_v4/include/dobot_msgs_v4/dobot_msgs_v4/srv/stop.h
[1.193s] -- Up-to-date: /home/user/dobot_ws/install/dobot_msgs_v4/include/dobot_msgs_v4/dobot_msgs_v4/srv/mov_j.h
[1.194s] -- Up-to-date: /home/user/dobot_ws/install/dobot_msgs_v4/include/dobot_msgs_v4/dobot_msgs_v4/srv/speed_factor.h
[1.194s] -- Up-to-date: /home/user/dobot_ws/install/dobot_msgs_v4/include/dobot_msgs_v4/dobot_msgs_v4/srv/set_work_zone_enable.h
[1.194s] -- Up-to-date: /home/user/dobot_ws/install/dobot_msgs_v4/include/dobot_msgs_v4/dobot_msgs_v4/srv/disable_robot.h
[1.194s] -- Up-to-date: /home/user/dobot_ws/install/dobot_msgs_v4/include/dobot_msgs_v4/dobot_msgs_v4/srv/user.h
[1.194s] -- Up-to-date: /home/user/dobot_ws/install/dobot_msgs_v4/include/dobot_msgs_v4/dobot_msgs_v4/srv/tool_do.h
[1.194s] -- Up-to-date: /home/user/dobot_ws/install/dobot_msgs_v4/include/dobot_msgs_v4/dobot_msgs_v4/srv/mov_jio.h
[1.195s] -- Up-to-date: /home/user/dobot_ws/install/dobot_msgs_v4/include/dobot_msgs_v4/dobot_msgs_v4/srv/cp.h
[1.195s] -- Up-to-date: /home/user/dobot_ws/install/dobot_msgs_v4/include/dobot_msgs_v4/dobot_msgs_v4/srv/tool_do_instant.h
[1.195s] -- Up-to-date: /home/user/dobot_ws/install/dobot_msgs_v4/include/dobot_msgs_v4/dobot_msgs_v4/srv/rel_mov_j_user.h
[1.195s] -- Up-to-date: /home/user/dobot_ws/install/dobot_msgs_v4/include/dobot_msgs_v4/dobot_msgs_v4/srv/ao.h
[1.195s] -- Up-to-date: /home/user/dobot_ws/install/dobot_msgs_v4/include/dobot_msgs_v4/dobot_msgs_v4/srv/get_input_int.h
[1.196s] -- Up-to-date: /home/user/dobot_ws/install/dobot_msgs_v4/include/dobot_msgs_v4/dobot_msgs_v4/srv/acc_j.h
[1.196s] -- Up-to-date: /home/user/dobot_ws/install/dobot_msgs_v4/include/dobot_msgs_v4/dobot_msgs_v4/srv/get_hold_regs.h
[1.202s] -- Up-to-date: /home/user/dobot_ws/install/dobot_msgs_v4/include/dobot_msgs_v4/dobot_msgs_v4/srv/get_output_bool.h
[1.202s] -- Up-to-date: /home/user/dobot_ws/install/dobot_msgs_v4/include/dobot_msgs_v4/dobot_msgs_v4/srv/arc.h
[1.202s] -- Up-to-date: /home/user/dobot_ws/install/dobot_msgs_v4/include/dobot_msgs_v4/dobot_msgs_v4/srv/mov_lio.h
[1.202s] -- Up-to-date: /home/user/dobot_ws/install/dobot_msgs_v4/include/dobot_msgs_v4/dobot_msgs_v4/srv/emergency_stop.h
[1.202s] -- Up-to-date: /home/user/dobot_ws/install/dobot_msgs_v4/include/dobot_msgs_v4/dobot_msgs_v4/srv/get_do.h
[1.203s] -- Up-to-date: /home/user/dobot_ws/install/dobot_msgs_v4/include/dobot_msgs_v4/dobot_msgs_v4/srv/get_pose.h
[1.203s] -- Up-to-date: /home/user/dobot_ws/install/dobot_msgs_v4/include/dobot_msgs_v4/dobot_msgs_v4/srv/set_output_int.h
[1.203s] -- Up-to-date: /home/user/dobot_ws/install/dobot_msgs_v4/include/dobot_msgs_v4/dobot_msgs_v4/srv/fc_force_mode.h
[1.203s] -- Up-to-date: /home/user/dobot_ws/install/dobot_msgs_v4/include/dobot_msgs_v4/dobot_msgs_v4/srv/modbus_close.h
[1.204s] -- Up-to-date: /home/user/dobot_ws/install/dobot_msgs_v4/include/dobot_msgs_v4/dobot_msgs_v4/srv/servo_p.h
[1.204s] -- Up-to-date: /home/user/dobot_ws/install/dobot_msgs_v4/include/dobot_msgs_v4/dobot_msgs_v4/srv/get_start_pose.h
[1.204s] -- Up-to-date: /home/user/dobot_ws/install/dobot_msgs_v4/include/dobot_msgs_v4/dobot_msgs_v4/srv/get_output_float.h
[1.204s] -- Up-to-date: /home/user/dobot_ws/install/dobot_msgs_v4/include/dobot_msgs_v4/dobot_msgs_v4/srv/set_back_distance.h
[1.204s] -- Up-to-date: /home/user/dobot_ws/install/dobot_msgs_v4/include/dobot_msgs_v4/dobot_msgs_v4/srv/fc_set_force_speed_limit.h
[1.205s] -- Up-to-date: /home/user/dobot_ws/install/dobot_msgs_v4/include/dobot_msgs_v4/dobot_msgs_v4/srv/inverse_kin.h
[1.205s] -- Up-to-date: /home/user/dobot_ws/install/dobot_msgs_v4/include/dobot_msgs_v4/dobot_msgs_v4/srv/set_output_bool.h
[1.205s] -- Up-to-date: /home/user/dobot_ws/install/dobot_msgs_v4/include/dobot_msgs_v4/dobot_msgs_v4/srv/set_collision_level.h
[1.205s] -- Up-to-date: /home/user/dobot_ws/install/dobot_msgs_v4/include/dobot_msgs_v4/dobot_msgs_v4/srv/get_current_command_id.h
[1.205s] -- Up-to-date: /home/user/dobot_ws/install/dobot_msgs_v4/include/dobot_msgs_v4/dobot_msgs_v4/srv/brake_control.h
[1.206s] -- Up-to-date: /home/user/dobot_ws/install/dobot_msgs_v4/include/dobot_msgs_v4/dobot_msgs_v4/srv/fc_off.h
[1.206s] -- Up-to-date: /home/user/dobot_ws/install/dobot_msgs_v4/include/dobot_msgs_v4/dobot_msgs_v4/srv/check_odd_mov_c.h
[1.206s] -- Up-to-date: /home/user/dobot_ws/install/dobot_msgs_v4/include/dobot_msgs_v4/dobot_msgs_v4/srv/detail
[1.206s] -- Up-to-date: /home/user/dobot_ws/install/dobot_msgs_v4/include/dobot_msgs_v4/dobot_msgs_v4/srv/detail/mov_lio__type_support.h
[1.207s] -- Up-to-date: /home/user/dobot_ws/install/dobot_msgs_v4/include/dobot_msgs_v4/dobot_msgs_v4/srv/detail/fc_set_force__functions.c
[1.207s] -- Up-to-date: /home/user/dobot_ws/install/dobot_msgs_v4/include/dobot_msgs_v4/dobot_msgs_v4/srv/detail/start_rt_offset__functions.h
[1.208s] -- Up-to-date: /home/user/dobot_ws/install/dobot_msgs_v4/include/dobot_msgs_v4/dobot_msgs_v4/srv/detail/set_post_collision_mode__type_support.h
[1.208s] -- Up-to-date: /home/user/dobot_ws/install/dobot_msgs_v4/include/dobot_msgs_v4/dobot_msgs_v4/srv/detail/get_input_bool__functions.h
[1.208s] -- Up-to-date: /home/user/dobot_ws/install/dobot_msgs_v4/include/dobot_msgs_v4/dobot_msgs_v4/srv/detail/speed_factor__functions.c
[1.208s] -- Up-to-date: /home/user/dobot_ws/install/dobot_msgs_v4/include/dobot_msgs_v4/dobot_msgs_v4/srv/detail/acc_j__struct.h
[1.208s] -- Up-to-date: /home/user/dobot_ws/install/dobot_msgs_v4/include/dobot_msgs_v4/dobot_msgs_v4/srv/detail/get_output_float__type_support.h
[1.209s] -- Up-to-date: /home/user/dobot_ws/install/dobot_msgs_v4/include/dobot_msgs_v4/dobot_msgs_v4/srv/detail/mov_l__struct.h
[1.209s] -- Up-to-date: /home/user/dobot_ws/install/dobot_msgs_v4/include/dobot_msgs_v4/dobot_msgs_v4/srv/detail/set_tool485__struct.h
[1.209s] -- Up-to-date: /home/user/dobot_ws/install/dobot_msgs_v4/include/dobot_msgs_v4/dobot_msgs_v4/srv/detail/end_rt_offset__functions.c
[1.209s] -- Up-to-date: /home/user/dobot_ws/install/dobot_msgs_v4/include/dobot_msgs_v4/dobot_msgs_v4/srv/detail/rel_joint_mov_j__struct.h
[1.212s] -- Up-to-date: /home/user/dobot_ws/install/dobot_msgs_v4/include/dobot_msgs_v4/dobot_msgs_v4/srv/detail/set_output_float__functions.h
[1.212s] -- Up-to-date: /home/user/dobot_ws/install/dobot_msgs_v4/include/dobot_msgs_v4/dobot_msgs_v4/srv/detail/move_jog__functions.h
[1.213s] -- Up-to-date: /home/user/dobot_ws/install/dobot_msgs_v4/include/dobot_msgs_v4/dobot_msgs_v4/srv/detail/disable_robot__struct.h
[1.213s] -- Up-to-date: /home/user/dobot_ws/install/dobot_msgs_v4/include/dobot_msgs_v4/dobot_msgs_v4/srv/detail/fc_set_mass__functions.h
[1.213s] -- Up-to-date: /home/user/dobot_ws/install/dobot_msgs_v4/include/dobot_msgs_v4/dobot_msgs_v4/srv/detail/fc_set_force_limit__functions.h
[1.213s] -- Up-to-date: /home/user/dobot_ws/install/dobot_msgs_v4/include/dobot_msgs_v4/dobot_msgs_v4/srv/detail/set_coils__functions.c
[1.214s] -- Up-to-date: /home/user/dobot_ws/install/dobot_msgs_v4/include/dobot_msgs_v4/dobot_msgs_v4/srv/detail/rel_mov_j_tool__functions.c
[1.214s] -- Up-to-date: /home/user/dobot_ws/install/dobot_msgs_v4/include/dobot_msgs_v4/dobot_msgs_v4/srv/detail/fc_set_damping__functions.c
[1.215s] -- Up-to-date: /home/user/dobot_ws/install/dobot_msgs_v4/include/dobot_msgs_v4/dobot_msgs_v4/srv/detail/user__type_support.h
[1.215s] -- Up-to-date: /home/user/dobot_ws/install/dobot_msgs_v4/include/dobot_msgs_v4/dobot_msgs_v4/srv/detail/circle__functions.c
[1.216s] -- Up-to-date: /home/user/dobot_ws/install/dobot_msgs_v4/include/dobot_msgs_v4/dobot_msgs_v4/srv/detail/get_coils__type_support.h
[1.216s] -- Up-to-date: /home/user/dobot_ws/install/dobot_msgs_v4/include/dobot_msgs_v4/dobot_msgs_v4/srv/detail/get_do__type_support.h
[1.216s] -- Up-to-date: /home/user/dobot_ws/install/dobot_msgs_v4/include/dobot_msgs_v4/dobot_msgs_v4/srv/detail/drag_sensivity__functions.h
[1.217s] -- Up-to-date: /home/user/dobot_ws/install/dobot_msgs_v4/include/dobot_msgs_v4/dobot_msgs_v4/srv/detail/get_pose__type_support.h
[1.217s] -- Up-to-date: /home/user/dobot_ws/install/dobot_msgs_v4/include/dobot_msgs_v4/dobot_msgs_v4/srv/detail/fc_set_force_limit__type_support.h
[1.217s] -- Up-to-date: /home/user/dobot_ws/install/dobot_msgs_v4/include/dobot_msgs_v4/dobot_msgs_v4/srv/detail/inverse_solution__struct.h
[1.218s] -- Up-to-date: /home/user/dobot_ws/install/dobot_msgs_v4/include/dobot_msgs_v4/dobot_msgs_v4/srv/detail/start_drag__functions.h
[1.218s] -- Up-to-date: /home/user/dobot_ws/install/dobot_msgs_v4/include/dobot_msgs_v4/dobot_msgs_v4/srv/detail/start_drag__functions.c
[1.218s] -- Up-to-date: /home/user/dobot_ws/install/dobot_msgs_v4/include/dobot_msgs_v4/dobot_msgs_v4/srv/detail/fc_set_force__type_support.h
[1.219s] -- Up-to-date: /home/user/dobot_ws/install/dobot_msgs_v4/include/dobot_msgs_v4/dobot_msgs_v4/srv/detail/acc_l__type_support.h
[1.219s] -- Up-to-date: /home/user/dobot_ws/install/dobot_msgs_v4/include/dobot_msgs_v4/dobot_msgs_v4/srv/detail/fc_set_mass__struct.h
[1.219s] -- Up-to-date: /home/user/dobot_ws/install/dobot_msgs_v4/include/dobot_msgs_v4/dobot_msgs_v4/srv/detail/enable_robot__functions.c
[1.220s] -- Up-to-date: /home/user/dobot_ws/install/dobot_msgs_v4/include/dobot_msgs_v4/dobot_msgs_v4/srv/detail/set_collision_level__functions.h
[1.220s] -- Up-to-date: /home/user/dobot_ws/install/dobot_msgs_v4/include/dobot_msgs_v4/dobot_msgs_v4/srv/detail/acc_j__functions.c
[1.221s] -- Up-to-date: /home/user/dobot_ws/install/dobot_msgs_v4/include/dobot_msgs_v4/dobot_msgs_v4/srv/detail/fc_set_stiffness__struct.h
[1.222s] -- Up-to-date: /home/user/dobot_ws/install/dobot_msgs_v4/include/dobot_msgs_v4/dobot_msgs_v4/srv/detail/set_hold_regs__functions.h
[1.222s] -- Up-to-date: /home/user/dobot_ws/install/dobot_msgs_v4/include/dobot_msgs_v4/dobot_msgs_v4/srv/detail/clear_error__functions.h
[1.222s] -- Up-to-date: /home/user/dobot_ws/install/dobot_msgs_v4/include/dobot_msgs_v4/dobot_msgs_v4/srv/detail/get_input_bool__struct.h
[1.222s] -- Up-to-date: /home/user/dobot_ws/install/dobot_msgs_v4/include/dobot_msgs_v4/dobot_msgs_v4/srv/detail/di_group__type_support.h
[1.223s] -- Up-to-date: /home/user/dobot_ws/install/dobot_msgs_v4/include/dobot_msgs_v4/dobot_msgs_v4/srv/detail/stop__functions.h
[1.223s] -- Up-to-date: /home/user/dobot_ws/install/dobot_msgs_v4/include/dobot_msgs_v4/dobot_msgs_v4/srv/detail/emergency_stop__functions.h
[1.223s] -- Up-to-date: /home/user/dobot_ws/install/dobot_msgs_v4/include/dobot_msgs_v4/dobot_msgs_v4/srv/detail/do_group__functions.h
[1.223s] -- Up-to-date: /home/user/dobot_ws/install/dobot_msgs_v4/include/dobot_msgs_v4/dobot_msgs_v4/srv/detail/positive_kin__functions.c
[1.223s] -- Up-to-date: /home/user/dobot_ws/install/dobot_msgs_v4/include/dobot_msgs_v4/dobot_msgs_v4/srv/detail/pause__struct.h
[1.224s] -- Up-to-date: /home/user/dobot_ws/install/dobot_msgs_v4/include/dobot_msgs_v4/dobot_msgs_v4/srv/detail/run_script__functions.h
[1.224s] -- Up-to-date: /home/user/dobot_ws/install/dobot_msgs_v4/include/dobot_msgs_v4/dobot_msgs_v4/srv/detail/get_input_int__type_support.h
[1.224s] -- Up-to-date: /home/user/dobot_ws/install/dobot_msgs_v4/include/dobot_msgs_v4/dobot_msgs_v4/srv/detail/servo_p__struct.h
[1.224s] -- Up-to-date: /home/user/dobot_ws/install/dobot_msgs_v4/include/dobot_msgs_v4/dobot_msgs_v4/srv/detail/vel_l__functions.c
[1.224s] -- Up-to-date: /home/user/dobot_ws/install/dobot_msgs_v4/include/dobot_msgs_v4/dobot_msgs_v4/srv/detail/check_odd_mov_c__type_support.h
[1.225s] -- Up-to-date: /home/user/dobot_ws/install/dobot_msgs_v4/include/dobot_msgs_v4/dobot_msgs_v4/srv/detail/do_group_dec__type_support.h
[1.225s] -- Up-to-date: /home/user/dobot_ws/install/dobot_msgs_v4/include/dobot_msgs_v4/dobot_msgs_v4/srv/detail/request_control__type_support.h
[1.225s] -- Up-to-date: /home/user/dobot_ws/install/dobot_msgs_v4/include/dobot_msgs_v4/dobot_msgs_v4/srv/detail/run_to__type_support.h
[1.225s] -- Up-to-date: /home/user/dobot_ws/install/dobot_msgs_v4/include/dobot_msgs_v4/dobot_msgs_v4/srv/detail/set_coils__type_support.h
[1.225s] -- Up-to-date: /home/user/dobot_ws/install/dobot_msgs_v4/include/dobot_msgs_v4/dobot_msgs_v4/srv/detail/rel_mov_j_tool__functions.h
[1.226s] -- Up-to-date: /home/user/dobot_ws/install/dobot_msgs_v4/include/dobot_msgs_v4/dobot_msgs_v4/srv/detail/check_odd_mov_j__type_support.h
[1.226s] -- Up-to-date: /home/user/dobot_ws/install/dobot_msgs_v4/include/dobot_msgs_v4/dobot_msgs_v4/srv/detail/power_on__type_support.h
[1.226s] -- Up-to-date: /home/user/dobot_ws/install/dobot_msgs_v4/include/dobot_msgs_v4/dobot_msgs_v4/srv/detail/set_tool_power__functions.c
[1.227s] -- Up-to-date: /home/user/dobot_ws/install/dobot_msgs_v4/include/dobot_msgs_v4/dobot_msgs_v4/srv/detail/get_do_group_dec__struct.h
[1.227s] -- Up-to-date: /home/user/dobot_ws/install/dobot_msgs_v4/include/dobot_msgs_v4/dobot_msgs_v4/srv/detail/positive_kin__struct.h
[1.227s] -- Up-to-date: /home/user/dobot_ws/install/dobot_msgs_v4/include/dobot_msgs_v4/dobot_msgs_v4/srv/detail/get_start_pose__type_support.h
[1.227s] -- Up-to-date: /home/user/dobot_ws/install/dobot_msgs_v4/include/dobot_msgs_v4/dobot_msgs_v4/srv/detail/stop__struct.h
[1.227s] -- Up-to-date: /home/user/dobot_ws/install/dobot_msgs_v4/include/dobot_msgs_v4/dobot_msgs_v4/srv/detail/start_drag__struct.h
[1.228s] -- Up-to-date: /home/user/dobot_ws/install/dobot_msgs_v4/include/dobot_msgs_v4/dobot_msgs_v4/srv/detail/clear_error__functions.c
[1.228s] -- Up-to-date: /home/user/dobot_ws/install/dobot_msgs_v4/include/dobot_msgs_v4/dobot_msgs_v4/srv/detail/get_do_group__struct.h
[1.229s] -- Up-to-date: /home/user/dobot_ws/install/dobot_msgs_v4/include/dobot_msgs_v4/dobot_msgs_v4/srv/detail/get_in_bits__type_support.h
[1.229s] -- Up-to-date: /home/user/dobot_ws/install/dobot_msgs_v4/include/dobot_msgs_v4/dobot_msgs_v4/srv/detail/get_input_bool__functions.c
[1.229s] -- Up-to-date: /home/user/dobot_ws/install/dobot_msgs_v4/include/dobot_msgs_v4/dobot_msgs_v4/srv/detail/get_angle__type_support.h
[1.229s] -- Up-to-date: /home/user/dobot_ws/install/dobot_msgs_v4/include/dobot_msgs_v4/dobot_msgs_v4/srv/detail/mov_jio__type_support.h
[1.229s] -- Up-to-date: /home/user/dobot_ws/install/dobot_msgs_v4/include/dobot_msgs_v4/dobot_msgs_v4/srv/detail/speed_factor__struct.h
[1.229s] -- Up-to-date: /home/user/dobot_ws/install/dobot_msgs_v4/include/dobot_msgs_v4/dobot_msgs_v4/srv/detail/get_output_bool__functions.h
[1.230s] -- Up-to-date: /home/user/dobot_ws/install/dobot_msgs_v4/include/dobot_msgs_v4/dobot_msgs_v4/srv/detail/get_do__functions.c
[1.230s] -- Up-to-date: /home/user/dobot_ws/install/dobot_msgs_v4/include/dobot_msgs_v4/dobot_msgs_v4/srv/detail/set_tool__type_support.h
[1.230s] -- Up-to-date: /home/user/dobot_ws/install/dobot_msgs_v4/include/dobot_msgs_v4/dobot_msgs_v4/srv/detail/brake_control__type_support.h
[1.230s] -- Up-to-date: /home/user/dobot_ws/install/dobot_msgs_v4/include/dobot_msgs_v4/dobot_msgs_v4/srv/detail/start_rt_offset__functions.c
[1.230s] -- Up-to-date: /home/user/dobot_ws/install/dobot_msgs_v4/include/dobot_msgs_v4/dobot_msgs_v4/srv/detail/tool__functions.c
[1.230s] -- Up-to-date: /home/user/dobot_ws/install/dobot_msgs_v4/include/dobot_msgs_v4/dobot_msgs_v4/srv/detail/check_odd_mov_j__functions.h
[1.230s] -- Up-to-date: /home/user/dobot_ws/install/dobot_msgs_v4/include/dobot_msgs_v4/dobot_msgs_v4/srv/detail/reset_robot__type_support.h
[1.230s] -- Up-to-date: /home/user/dobot_ws/install/dobot_msgs_v4/include/dobot_msgs_v4/dobot_msgs_v4/srv/detail/rel_mov_l_user__struct.h
[1.230s] -- Up-to-date: /home/user/dobot_ws/install/dobot_msgs_v4/include/dobot_msgs_v4/dobot_msgs_v4/srv/detail/set_post_collision_mode__functions.h
[1.231s] -- Up-to-date: /home/user/dobot_ws/install/dobot_msgs_v4/include/dobot_msgs_v4/dobot_msgs_v4/srv/detail/tool_di__struct.h
[1.231s] -- Up-to-date: /home/user/dobot_ws/install/dobot_msgs_v4/include/dobot_msgs_v4/dobot_msgs_v4/srv/detail/set_tool485__functions.h
[1.231s] -- Up-to-date: /home/user/dobot_ws/install/dobot_msgs_v4/include/dobot_msgs_v4/dobot_msgs_v4/srv/detail/get_do__functions.h
[1.232s] -- Up-to-date: /home/user/dobot_ws/install/dobot_msgs_v4/include/dobot_msgs_v4/dobot_msgs_v4/srv/detail/set_back_distance__struct.h
[1.233s] -- Up-to-date: /home/user/dobot_ws/install/dobot_msgs_v4/include/dobot_msgs_v4/dobot_msgs_v4/srv/detail/set_collision_level__type_support.h
[1.234s] -- Up-to-date: /home/user/dobot_ws/install/dobot_msgs_v4/include/dobot_msgs_v4/dobot_msgs_v4/srv/detail/check_odd_mov_c__functions.h
[1.235s] -- Up-to-date: /home/user/dobot_ws/install/dobot_msgs_v4/include/dobot_msgs_v4/dobot_msgs_v4/srv/detail/set_payload__functions.c
[1.235s] -- Up-to-date: /home/user/dobot_ws/install/dobot_msgs_v4/include/dobot_msgs_v4/dobot_msgs_v4/srv/detail/check_odd_mov_l__functions.c
[1.235s] -- Up-to-date: /home/user/dobot_ws/install/dobot_msgs_v4/include/dobot_msgs_v4/dobot_msgs_v4/srv/detail/get_hold_regs__functions.c
[1.235s] -- Up-to-date: /home/user/dobot_ws/install/dobot_msgs_v4/include/dobot_msgs_v4/dobot_msgs_v4/srv/detail/ao__functions.c
[1.236s] -- Up-to-date: /home/user/dobot_ws/install/dobot_msgs_v4/include/dobot_msgs_v4/dobot_msgs_v4/srv/detail/set_back_distance__functions.h
[1.237s] -- Up-to-date: /home/user/dobot_ws/install/dobot_msgs_v4/include/dobot_msgs_v4/dobot_msgs_v4/srv/detail/get_angle__struct.h
[1.237s] -- Up-to-date: /home/user/dobot_ws/install/dobot_msgs_v4/include/dobot_msgs_v4/dobot_msgs_v4/srv/detail/set_fc_collision__functions.c
[1.237s] -- Up-to-date: /home/user/dobot_ws/install/dobot_msgs_v4/include/dobot_msgs_v4/dobot_msgs_v4/srv/detail/force_drive_mode__functions.h
[1.238s] -- Up-to-date: /home/user/dobot_ws/install/dobot_msgs_v4/include/dobot_msgs_v4/dobot_msgs_v4/srv/detail/calc_tool__functions.h
[1.238s] -- Up-to-date: /home/user/dobot_ws/install/dobot_msgs_v4/include/dobot_msgs_v4/dobot_msgs_v4/srv/detail/set_output_bool__struct.h
[1.238s] -- Up-to-date: /home/user/dobot_ws/install/dobot_msgs_v4/include/dobot_msgs_v4/dobot_msgs_v4/srv/detail/run_script__type_support.h
[1.238s] -- Up-to-date: /home/user/dobot_ws/install/dobot_msgs_v4/include/dobot_msgs_v4/dobot_msgs_v4/srv/detail/drag_sensivity__type_support.h
[1.238s] -- Up-to-date: /home/user/dobot_ws/install/dobot_msgs_v4/include/dobot_msgs_v4/dobot_msgs_v4/srv/detail/get_ao__functions.h
[1.238s] -- Up-to-date: /home/user/dobot_ws/install/dobot_msgs_v4/include/dobot_msgs_v4/dobot_msgs_v4/srv/detail/emergency_stop__functions.c
[1.238s] -- Up-to-date: /home/user/dobot_ws/install/dobot_msgs_v4/include/dobot_msgs_v4/dobot_msgs_v4/srv/detail/arc__functions.c
[1.239s] -- Up-to-date: /home/user/dobot_ws/install/dobot_msgs_v4/include/dobot_msgs_v4/dobot_msgs_v4/srv/detail/stop_drag__struct.h
[1.239s] -- Up-to-date: /home/user/dobot_ws/install/dobot_msgs_v4/include/dobot_msgs_v4/dobot_msgs_v4/srv/detail/rel_mov_j_user__struct.h
[1.239s] -- Up-to-date: /home/user/dobot_ws/install/dobot_msgs_v4/include/dobot_msgs_v4/dobot_msgs_v4/srv/detail/inverse_kin__struct.h
[1.239s] -- Up-to-date: /home/user/dobot_ws/install/dobot_msgs_v4/include/dobot_msgs_v4/dobot_msgs_v4/srv/detail/rel_joint_mov_j__functions.c
[1.239s] -- Up-to-date: /home/user/dobot_ws/install/dobot_msgs_v4/include/dobot_msgs_v4/dobot_msgs_v4/srv/detail/brake_control__functions.c
[1.240s] -- Up-to-date: /home/user/dobot_ws/install/dobot_msgs_v4/include/dobot_msgs_v4/dobot_msgs_v4/srv/detail/set_tool__struct.h
[1.240s] -- Up-to-date: /home/user/dobot_ws/install/dobot_msgs_v4/include/dobot_msgs_v4/dobot_msgs_v4/srv/detail/rel_mov_j_user__type_support.h
[1.240s] -- Up-to-date: /home/user/dobot_ws/install/dobot_msgs_v4/include/dobot_msgs_v4/dobot_msgs_v4/srv/detail/get_tool_do__struct.h
[1.240s] -- Up-to-date: /home/user/dobot_ws/install/dobot_msgs_v4/include/dobot_msgs_v4/dobot_msgs_v4/srv/detail/get_do_group__functions.c
[1.240s] -- Up-to-date: /home/user/dobot_ws/install/dobot_msgs_v4/include/dobot_msgs_v4/dobot_msgs_v4/srv/detail/get_output_int__type_support.h
[1.240s] -- Up-to-date: /home/user/dobot_ws/install/dobot_msgs_v4/include/dobot_msgs_v4/dobot_msgs_v4/srv/detail/do__functions.h
[1.241s] -- Up-to-date: /home/user/dobot_ws/install/dobot_msgs_v4/include/dobot_msgs_v4/dobot_msgs_v4/srv/detail/enable_ft_sensor__type_support.h
[1.241s] -- Up-to-date: /home/user/dobot_ws/install/dobot_msgs_v4/include/dobot_msgs_v4/dobot_msgs_v4/srv/detail/set_output_int__struct.h
[1.241s] -- Up-to-date: /home/user/dobot_ws/install/dobot_msgs_v4/include/dobot_msgs_v4/dobot_msgs_v4/srv/detail/robot_mode__functions.h
[1.241s] -- Up-to-date: /home/user/dobot_ws/install/dobot_msgs_v4/include/dobot_msgs_v4/dobot_msgs_v4/srv/detail/get_output_bool__type_support.h
[1.241s] -- Up-to-date: /home/user/dobot_ws/install/dobot_msgs_v4/include/dobot_msgs_v4/dobot_msgs_v4/srv/detail/set_hold_regs__functions.c
[1.241s] -- Up-to-date: /home/user/dobot_ws/install/dobot_msgs_v4/include/dobot_msgs_v4/dobot_msgs_v4/srv/detail/ao__functions.h
[1.242s] -- Up-to-date: /home/user/dobot_ws/install/dobot_msgs_v4/include/dobot_msgs_v4/dobot_msgs_v4/srv/detail/set_safe_wall_enable__functions.h
[1.242s] -- Up-to-date: /home/user/dobot_ws/install/dobot_msgs_v4/include/dobot_msgs_v4/dobot_msgs_v4/srv/detail/request_control__functions.h
[1.242s] -- Up-to-date: /home/user/dobot_ws/install/dobot_msgs_v4/include/dobot_msgs_v4/dobot_msgs_v4/srv/detail/get_output_int__struct.h
[1.242s] -- Up-to-date: /home/user/dobot_ws/install/dobot_msgs_v4/include/dobot_msgs_v4/dobot_msgs_v4/srv/detail/set_user__functions.c
[1.242s] -- Up-to-date: /home/user/dobot_ws/install/dobot_msgs_v4/include/dobot_msgs_v4/dobot_msgs_v4/srv/detail/tool__type_support.h
[1.242s] -- Up-to-date: /home/user/dobot_ws/install/dobot_msgs_v4/include/dobot_msgs_v4/dobot_msgs_v4/srv/detail/di_group_dec__functions.c
[1.243s] -- Up-to-date: /home/user/dobot_ws/install/dobot_msgs_v4/include/dobot_msgs_v4/dobot_msgs_v4/srv/detail/inverse_kin__functions.c
[1.243s] -- Up-to-date: /home/user/dobot_ws/install/dobot_msgs_v4/include/dobot_msgs_v4/dobot_msgs_v4/srv/detail/ao_instant__functions.h
[1.243s] -- Up-to-date: /home/user/dobot_ws/install/dobot_msgs_v4/include/dobot_msgs_v4/dobot_msgs_v4/srv/detail/arc__struct.h
[1.243s] -- Up-to-date: /home/user/dobot_ws/install/dobot_msgs_v4/include/dobot_msgs_v4/dobot_msgs_v4/srv/detail/get_ao__type_support.h
[1.244s] -- Up-to-date: /home/user/dobot_ws/install/dobot_msgs_v4/include/dobot_msgs_v4/dobot_msgs_v4/srv/detail/tool_ai__struct.h
[1.244s] -- Up-to-date: /home/user/dobot_ws/install/dobot_msgs_v4/include/dobot_msgs_v4/dobot_msgs_v4/srv/detail/mov_jio__struct.h
[1.244s] -- Up-to-date: /home/user/dobot_ws/install/dobot_msgs_v4/include/dobot_msgs_v4/dobot_msgs_v4/srv/detail/start_path__functions.c
[1.245s] -- Up-to-date: /home/user/dobot_ws/install/dobot_msgs_v4/include/dobot_msgs_v4/dobot_msgs_v4/srv/detail/get_input_float__struct.h
[1.245s] -- Up-to-date: /home/user/dobot_ws/install/dobot_msgs_v4/include/dobot_msgs_v4/dobot_msgs_v4/srv/detail/circle__struct.h
[1.245s] -- Up-to-date: /home/user/dobot_ws/install/dobot_msgs_v4/include/dobot_msgs_v4/dobot_msgs_v4/srv/detail/positive_kin__type_support.h
[1.245s] -- Up-to-date: /home/user/dobot_ws/install/dobot_msgs_v4/include/dobot_msgs_v4/dobot_msgs_v4/srv/detail/get_in_bits__functions.c
[1.245s] -- Up-to-date: /home/user/dobot_ws/install/dobot_msgs_v4/include/dobot_msgs_v4/dobot_msgs_v4/srv/detail/get_error_id__struct.h
[1.245s] -- Up-to-date: /home/user/dobot_ws/install/dobot_msgs_v4/include/dobot_msgs_v4/dobot_msgs_v4/srv/detail/di__struct.h
[1.245s] -- Up-to-date: /home/user/dobot_ws/install/dobot_msgs_v4/include/dobot_msgs_v4/dobot_msgs_v4/srv/detail/six_force_home__functions.c
[1.246s] -- Up-to-date: /home/user/dobot_ws/install/dobot_msgs_v4/include/dobot_msgs_v4/dobot_msgs_v4/srv/detail/force_drive_speed__functions.h
[1.246s] -- Up-to-date: /home/user/dobot_ws/install/dobot_msgs_v4/include/dobot_msgs_v4/dobot_msgs_v4/srv/detail/speed_factor__type_support.h
[1.246s] -- Up-to-date: /home/user/dobot_ws/install/dobot_msgs_v4/include/dobot_msgs_v4/dobot_msgs_v4/srv/detail/fc_set_force_speed_limit__functions.c
[1.246s] -- Up-to-date: /home/user/dobot_ws/install/dobot_msgs_v4/include/dobot_msgs_v4/dobot_msgs_v4/srv/detail/fc_set_stiffness__functions.h
[1.246s] -- Up-to-date: /home/user/dobot_ws/install/dobot_msgs_v4/include/dobot_msgs_v4/dobot_msgs_v4/srv/detail/circle__functions.h
[1.246s] -- Up-to-date: /home/user/dobot_ws/install/dobot_msgs_v4/include/dobot_msgs_v4/dobot_msgs_v4/srv/detail/fc_set_force_speed_limit__functions.h
[1.246s] -- Up-to-date: /home/user/dobot_ws/install/dobot_msgs_v4/include/dobot_msgs_v4/dobot_msgs_v4/srv/detail/get_current_command_id__functions.c
[1.246s] -- Up-to-date: /home/user/dobot_ws/install/dobot_msgs_v4/include/dobot_msgs_v4/dobot_msgs_v4/srv/detail/get_in_regs__type_support.h
[1.247s] -- Up-to-date: /home/user/dobot_ws/install/dobot_msgs_v4/include/dobot_msgs_v4/dobot_msgs_v4/srv/detail/tool_do_instant__functions.c
[1.247s] -- Up-to-date: /home/user/dobot_ws/install/dobot_msgs_v4/include/dobot_msgs_v4/dobot_msgs_v4/srv/detail/get_pose__functions.c
[1.247s] -- Up-to-date: /home/user/dobot_ws/install/dobot_msgs_v4/include/dobot_msgs_v4/dobot_msgs_v4/srv/detail/cp__functions.c
[1.247s] -- Up-to-date: /home/user/dobot_ws/install/dobot_msgs_v4/include/dobot_msgs_v4/dobot_msgs_v4/srv/detail/positive_kin__functions.h
[1.247s] -- Up-to-date: /home/user/dobot_ws/install/dobot_msgs_v4/include/dobot_msgs_v4/dobot_msgs_v4/srv/detail/get_in_regs__struct.h
[1.247s] -- Up-to-date: /home/user/dobot_ws/install/dobot_msgs_v4/include/dobot_msgs_v4/dobot_msgs_v4/srv/detail/get_error__functions.h
[1.247s] -- Up-to-date: /home/user/dobot_ws/install/dobot_msgs_v4/include/dobot_msgs_v4/dobot_msgs_v4/srv/detail/run_script__functions.c
[1.247s] -- Up-to-date: /home/user/dobot_ws/install/dobot_msgs_v4/include/dobot_msgs_v4/dobot_msgs_v4/srv/detail/get_error__type_support.h
[1.247s] -- Up-to-date: /home/user/dobot_ws/install/dobot_msgs_v4/include/dobot_msgs_v4/dobot_msgs_v4/srv/detail/set_post_collision_mode__struct.h
[1.248s] -- Up-to-date: /home/user/dobot_ws/install/dobot_msgs_v4/include/dobot_msgs_v4/dobot_msgs_v4/srv/detail/modbus_create__type_support.h
[1.249s] -- Up-to-date: /home/user/dobot_ws/install/dobot_msgs_v4/include/dobot_msgs_v4/dobot_msgs_v4/srv/detail/fc_collision_switch__functions.c
[1.249s] -- Up-to-date: /home/user/dobot_ws/install/dobot_msgs_v4/include/dobot_msgs_v4/dobot_msgs_v4/srv/detail/rel_mov_j_user__functions.h
[1.249s] -- Up-to-date: /home/user/dobot_ws/install/dobot_msgs_v4/include/dobot_msgs_v4/dobot_msgs_v4/srv/detail/set_fc_collision__functions.h
[1.250s] -- Up-to-date: /home/user/dobot_ws/install/dobot_msgs_v4/include/dobot_msgs_v4/dobot_msgs_v4/srv/detail/modbus_close__struct.h
[1.251s] -- Up-to-date: /home/user/dobot_ws/install/dobot_msgs_v4/include/dobot_msgs_v4/dobot_msgs_v4/srv/detail/enable_safe_skin__struct.h
[1.251s] -- Up-to-date: /home/user/dobot_ws/install/dobot_msgs_v4/include/dobot_msgs_v4/dobot_msgs_v4/srv/detail/do_group_dec__functions.h
[1.251s] -- Up-to-date: /home/user/dobot_ws/install/dobot_msgs_v4/include/dobot_msgs_v4/dobot_msgs_v4/srv/detail/ai__functions.h
[1.251s] -- Up-to-date: /home/user/dobot_ws/install/dobot_msgs_v4/include/dobot_msgs_v4/dobot_msgs_v4/srv/detail/set_payload__functions.h
[1.252s] -- Up-to-date: /home/user/dobot_ws/install/dobot_msgs_v4/include/dobot_msgs_v4/dobot_msgs_v4/srv/detail/set_tool_power__struct.h
[1.252s] -- Up-to-date: /home/user/dobot_ws/install/dobot_msgs_v4/include/dobot_msgs_v4/dobot_msgs_v4/srv/detail/get_input_float__functions.c
[1.252s] -- Up-to-date: /home/user/dobot_ws/install/dobot_msgs_v4/include/dobot_msgs_v4/dobot_msgs_v4/srv/detail/ai__functions.c
[1.254s] -- Up-to-date: /home/user/dobot_ws/install/dobot_msgs_v4/include/dobot_msgs_v4/dobot_msgs_v4/srv/detail/enable_robot__type_support.h
[1.254s] -- Up-to-date: /home/user/dobot_ws/install/dobot_msgs_v4/include/dobot_msgs_v4/dobot_msgs_v4/srv/detail/ao__struct.h
[1.254s] -- Up-to-date: /home/user/dobot_ws/install/dobot_msgs_v4/include/dobot_msgs_v4/dobot_msgs_v4/srv/detail/inverse_solution__functions.c
[1.255s] -- Up-to-date: /home/user/dobot_ws/install/dobot_msgs_v4/include/dobot_msgs_v4/dobot_msgs_v4/srv/detail/enable_safe_skin__functions.c
[1.255s] -- Up-to-date: /home/user/dobot_ws/install/dobot_msgs_v4/include/dobot_msgs_v4/dobot_msgs_v4/srv/detail/calc_tool__type_support.h
[1.255s] -- Up-to-date: /home/user/dobot_ws/install/dobot_msgs_v4/include/dobot_msgs_v4/dobot_msgs_v4/srv/detail/rel_joint_mov_j__functions.h
[1.255s] -- Up-to-date: /home/user/dobot_ws/install/dobot_msgs_v4/include/dobot_msgs_v4/dobot_msgs_v4/srv/detail/get_force__functions.h
[1.255s] -- Up-to-date: /home/user/dobot_ws/install/dobot_msgs_v4/include/dobot_msgs_v4/dobot_msgs_v4/srv/detail/get_pose__functions.h
[1.255s] -- Up-to-date: /home/user/dobot_ws/install/dobot_msgs_v4/include/dobot_msgs_v4/dobot_msgs_v4/srv/detail/tool_di__functions.c
[1.255s] -- Up-to-date: /home/user/dobot_ws/install/dobot_msgs_v4/include/dobot_msgs_v4/dobot_msgs_v4/srv/detail/disable_robot__type_support.h
[1.255s] -- Up-to-date: /home/user/dobot_ws/install/dobot_msgs_v4/include/dobot_msgs_v4/dobot_msgs_v4/srv/detail/do_instant__type_support.h
[1.255s] -- Up-to-date: /home/user/dobot_ws/install/dobot_msgs_v4/include/dobot_msgs_v4/dobot_msgs_v4/srv/detail/ao__type_support.h
[1.255s] -- Up-to-date: /home/user/dobot_ws/install/dobot_msgs_v4/include/dobot_msgs_v4/dobot_msgs_v4/srv/detail/di_group_dec__functions.h
[1.256s] -- Up-to-date: /home/user/dobot_ws/install/dobot_msgs_v4/include/dobot_msgs_v4/dobot_msgs_v4/srv/detail/get_current_command_id__struct.h
[1.256s] -- Up-to-date: /home/user/dobot_ws/install/dobot_msgs_v4/include/dobot_msgs_v4/dobot_msgs_v4/srv/detail/fc_set_damping__struct.h
[1.256s] -- Up-to-date: /home/user/dobot_ws/install/dobot_msgs_v4/include/dobot_msgs_v4/dobot_msgs_v4/srv/detail/brake_control__functions.h
[1.257s] -- Up-to-date: /home/user/dobot_ws/install/dobot_msgs_v4/include/dobot_msgs_v4/dobot_msgs_v4/srv/detail/fc_force_mode__functions.h
[1.257s] -- Up-to-date: /home/user/dobot_ws/install/dobot_msgs_v4/include/dobot_msgs_v4/dobot_msgs_v4/srv/detail/tool_do_instant__type_support.h
[1.257s] -- Up-to-date: /home/user/dobot_ws/install/dobot_msgs_v4/include/dobot_msgs_v4/dobot_msgs_v4/srv/detail/get_input_float__type_support.h
[1.257s] -- Up-to-date: /home/user/dobot_ws/install/dobot_msgs_v4/include/dobot_msgs_v4/dobot_msgs_v4/srv/detail/move_jog__struct.h
[1.257s] -- Up-to-date: /home/user/dobot_ws/install/dobot_msgs_v4/include/dobot_msgs_v4/dobot_msgs_v4/srv/detail/fc_set_stiffness__type_support.h
[1.257s] -- Up-to-date: /home/user/dobot_ws/install/dobot_msgs_v4/include/dobot_msgs_v4/dobot_msgs_v4/srv/detail/end_rt_offset__type_support.h
[1.257s] -- Up-to-date: /home/user/dobot_ws/install/dobot_msgs_v4/include/dobot_msgs_v4/dobot_msgs_v4/srv/detail/di__type_support.h
[1.257s] -- Up-to-date: /home/user/dobot_ws/install/dobot_msgs_v4/include/dobot_msgs_v4/dobot_msgs_v4/srv/detail/get_error_id__functions.h
[1.257s] -- Up-to-date: /home/user/dobot_ws/install/dobot_msgs_v4/include/dobot_msgs_v4/dobot_msgs_v4/srv/detail/set_hold_regs__type_support.h
[1.258s] -- Up-to-date: /home/user/dobot_ws/install/dobot_msgs_v4/include/dobot_msgs_v4/dobot_msgs_v4/srv/detail/mov_jio__functions.c
[1.258s] -- Up-to-date: /home/user/dobot_ws/install/dobot_msgs_v4/include/dobot_msgs_v4/dobot_msgs_v4/srv/detail/fc_collision_switch__type_support.h
[1.258s] -- Up-to-date: /home/user/dobot_ws/install/dobot_msgs_v4/include/dobot_msgs_v4/dobot_msgs_v4/srv/detail/di_group__functions.c
[1.258s] -- Up-to-date: /home/user/dobot_ws/install/dobot_msgs_v4/include/dobot_msgs_v4/dobot_msgs_v4/srv/detail/tool_ai__functions.h
[1.258s] -- Up-to-date: /home/user/dobot_ws/install/dobot_msgs_v4/include/dobot_msgs_v4/dobot_msgs_v4/srv/detail/get_output_bool__functions.c
[1.258s] -- Up-to-date: /home/user/dobot_ws/install/dobot_msgs_v4/include/dobot_msgs_v4/dobot_msgs_v4/srv/detail/force_drive_mode__type_support.h
[1.258s] -- Up-to-date: /home/user/dobot_ws/install/dobot_msgs_v4/include/dobot_msgs_v4/dobot_msgs_v4/srv/detail/vel_j__functions.h
[1.258s] -- Up-to-date: /home/user/dobot_ws/install/dobot_msgs_v4/include/dobot_msgs_v4/dobot_msgs_v4/srv/detail/di__functions.c
[1.258s] -- Up-to-date: /home/user/dobot_ws/install/dobot_msgs_v4/include/dobot_msgs_v4/dobot_msgs_v4/srv/detail/set_user__struct.h
[1.258s] -- Up-to-date: /home/user/dobot_ws/install/dobot_msgs_v4/include/dobot_msgs_v4/dobot_msgs_v4/srv/detail/continue__functions.c
[1.259s] -- Up-to-date: /home/user/dobot_ws/install/dobot_msgs_v4/include/dobot_msgs_v4/dobot_msgs_v4/srv/detail/ao_instant__struct.h
[1.259s] -- Up-to-date: /home/user/dobot_ws/install/dobot_msgs_v4/include/dobot_msgs_v4/dobot_msgs_v4/srv/detail/calc_tool__functions.c
[1.259s] -- Up-to-date: /home/user/dobot_ws/install/dobot_msgs_v4/include/dobot_msgs_v4/dobot_msgs_v4/srv/detail/get_start_pose__struct.h
[1.259s] -- Up-to-date: /home/user/dobot_ws/install/dobot_msgs_v4/include/dobot_msgs_v4/dobot_msgs_v4/srv/detail/di_group_dec__struct.h
[1.259s] -- Up-to-date: /home/user/dobot_ws/install/dobot_msgs_v4/include/dobot_msgs_v4/dobot_msgs_v4/srv/detail/set_collision_level__functions.c
[1.259s] -- Up-to-date: /home/user/dobot_ws/install/dobot_msgs_v4/include/dobot_msgs_v4/dobot_msgs_v4/srv/detail/inverse_solution__functions.h
[1.259s] -- Up-to-date: /home/user/dobot_ws/install/dobot_msgs_v4/include/dobot_msgs_v4/dobot_msgs_v4/srv/detail/set_safe_skin__functions.c
[1.260s] -- Up-to-date: /home/user/dobot_ws/install/dobot_msgs_v4/include/dobot_msgs_v4/dobot_msgs_v4/srv/detail/fc_collision_switch__struct.h
[1.260s] -- Up-to-date: /home/user/dobot_ws/install/dobot_msgs_v4/include/dobot_msgs_v4/dobot_msgs_v4/srv/detail/arc__functions.h
[1.260s] -- Up-to-date: /home/user/dobot_ws/install/dobot_msgs_v4/include/dobot_msgs_v4/dobot_msgs_v4/srv/detail/mov_l__type_support.h
[1.260s] -- Up-to-date: /home/user/dobot_ws/install/dobot_msgs_v4/include/dobot_msgs_v4/dobot_msgs_v4/srv/detail/disable_robot__functions.c
[1.260s] -- Up-to-date: /home/user/dobot_ws/install/dobot_msgs_v4/include/dobot_msgs_v4/dobot_msgs_v4/srv/detail/get_force__struct.h
[1.260s] -- Up-to-date: /home/user/dobot_ws/install/dobot_msgs_v4/include/dobot_msgs_v4/dobot_msgs_v4/srv/detail/request_control__struct.h
[1.261s] -- Up-to-date: /home/user/dobot_ws/install/dobot_msgs_v4/include/dobot_msgs_v4/dobot_msgs_v4/srv/detail/vel_l__type_support.h
[1.261s] -- Up-to-date: /home/user/dobot_ws/install/dobot_msgs_v4/include/dobot_msgs_v4/dobot_msgs_v4/srv/detail/clear_error__struct.h
[1.261s] -- Up-to-date: /home/user/dobot_ws/install/dobot_msgs_v4/include/dobot_msgs_v4/dobot_msgs_v4/srv/detail/power_on__struct.h
[1.261s] -- Up-to-date: /home/user/dobot_ws/install/dobot_msgs_v4/include/dobot_msgs_v4/dobot_msgs_v4/srv/detail/acc_l__functions.c
[1.262s] -- Up-to-date: /home/user/dobot_ws/install/dobot_msgs_v4/include/dobot_msgs_v4/dobot_msgs_v4/srv/detail/force_drive_speed__struct.h
[1.262s] -- Up-to-date: /home/user/dobot_ws/install/dobot_msgs_v4/include/dobot_msgs_v4/dobot_msgs_v4/srv/detail/get_in_regs__functions.h
[1.262s] -- Up-to-date: /home/user/dobot_ws/install/dobot_msgs_v4/include/dobot_msgs_v4/dobot_msgs_v4/srv/detail/set_output_bool__type_support.h
[1.262s] -- Up-to-date: /home/user/dobot_ws/install/dobot_msgs_v4/include/dobot_msgs_v4/dobot_msgs_v4/srv/detail/do__functions.c
[1.262s] -- Up-to-date: /home/user/dobot_ws/install/dobot_msgs_v4/include/dobot_msgs_v4/dobot_msgs_v4/srv/detail/set_output_int__functions.h
[1.262s] -- Up-to-date: /home/user/dobot_ws/install/dobot_msgs_v4/include/dobot_msgs_v4/dobot_msgs_v4/srv/detail/tool_do__type_support.h
[1.262s] -- Up-to-date: /home/user/dobot_ws/install/dobot_msgs_v4/include/dobot_msgs_v4/dobot_msgs_v4/srv/detail/tool_ai__type_support.h
[1.263s] -- Up-to-date: /home/user/dobot_ws/install/dobot_msgs_v4/include/dobot_msgs_v4/dobot_msgs_v4/srv/detail/fc_set_force__struct.h
[1.263s] -- Up-to-date: /home/user/dobot_ws/install/dobot_msgs_v4/include/dobot_msgs_v4/dobot_msgs_v4/srv/detail/circle__type_support.h
[1.263s] -- Up-to-date: /home/user/dobot_ws/install/dobot_msgs_v4/include/dobot_msgs_v4/dobot_msgs_v4/srv/detail/set_fc_collision__type_support.h
[1.263s] -- Up-to-date: /home/user/dobot_ws/install/dobot_msgs_v4/include/dobot_msgs_v4/dobot_msgs_v4/srv/detail/pause__functions.h
[1.263s] -- Up-to-date: /home/user/dobot_ws/install/dobot_msgs_v4/include/dobot_msgs_v4/dobot_msgs_v4/srv/detail/set_hold_regs__struct.h
[1.263s] -- Up-to-date: /home/user/dobot_ws/install/dobot_msgs_v4/include/dobot_msgs_v4/dobot_msgs_v4/srv/detail/stop_move_jog__type_support.h
[1.263s] -- Up-to-date: /home/user/dobot_ws/install/dobot_msgs_v4/include/dobot_msgs_v4/dobot_msgs_v4/srv/detail/get_do_group_dec__functions.c
[1.263s] -- Up-to-date: /home/user/dobot_ws/install/dobot_msgs_v4/include/dobot_msgs_v4/dobot_msgs_v4/srv/detail/get_do_group__type_support.h
[1.263s] -- Up-to-date: /home/user/dobot_ws/install/dobot_msgs_v4/include/dobot_msgs_v4/dobot_msgs_v4/srv/detail/tool_do__functions.c
[1.263s] -- Up-to-date: /home/user/dobot_ws/install/dobot_msgs_v4/include/dobot_msgs_v4/dobot_msgs_v4/srv/detail/set_tool485__type_support.h
[1.264s] -- Up-to-date: /home/user/dobot_ws/install/dobot_msgs_v4/include/dobot_msgs_v4/dobot_msgs_v4/srv/detail/mov_jio__functions.h
[1.264s] -- Up-to-date: /home/user/dobot_ws/install/dobot_msgs_v4/include/dobot_msgs_v4/dobot_msgs_v4/srv/detail/do_instant__functions.c
[1.264s] -- Up-to-date: /home/user/dobot_ws/install/dobot_msgs_v4/include/dobot_msgs_v4/dobot_msgs_v4/srv/detail/get_tool_do__functions.h
[1.264s] -- Up-to-date: /home/user/dobot_ws/install/dobot_msgs_v4/include/dobot_msgs_v4/dobot_msgs_v4/srv/detail/get_output_bool__struct.h
[1.264s] -- Up-to-date: /home/user/dobot_ws/install/dobot_msgs_v4/include/dobot_msgs_v4/dobot_msgs_v4/srv/detail/check_odd_mov_j__functions.c
[1.264s] -- Up-to-date: /home/user/dobot_ws/install/dobot_msgs_v4/include/dobot_msgs_v4/dobot_msgs_v4/srv/detail/check_odd_mov_l__struct.h
[1.265s] -- Up-to-date: /home/user/dobot_ws/install/dobot_msgs_v4/include/dobot_msgs_v4/dobot_msgs_v4/srv/detail/drag_sensivity__struct.h
[1.265s] -- Up-to-date: /home/user/dobot_ws/install/dobot_msgs_v4/include/dobot_msgs_v4/dobot_msgs_v4/srv/detail/fc_set_force_speed_limit__type_support.h
[1.265s] -- Up-to-date: /home/user/dobot_ws/install/dobot_msgs_v4/include/dobot_msgs_v4/dobot_msgs_v4/srv/detail/set_work_zone_enable__type_support.h
[1.265s] -- Up-to-date: /home/user/dobot_ws/install/dobot_msgs_v4/include/dobot_msgs_v4/dobot_msgs_v4/srv/detail/fc_set_force_limit__struct.h
[1.265s] -- Up-to-date: /home/user/dobot_ws/install/dobot_msgs_v4/include/dobot_msgs_v4/dobot_msgs_v4/srv/detail/get_ao__struct.h
[1.265s] -- Up-to-date: /home/user/dobot_ws/install/dobot_msgs_v4/include/dobot_msgs_v4/dobot_msgs_v4/srv/detail/ai__struct.h
[1.265s] -- Up-to-date: /home/user/dobot_ws/install/dobot_msgs_v4/include/dobot_msgs_v4/dobot_msgs_v4/srv/detail/get_start_pose__functions.c
[1.265s] -- Up-to-date: /home/user/dobot_ws/install/dobot_msgs_v4/include/dobot_msgs_v4/dobot_msgs_v4/srv/detail/enable_robot__functions.h
[1.265s] -- Up-to-date: /home/user/dobot_ws/install/dobot_msgs_v4/include/dobot_msgs_v4/dobot_msgs_v4/srv/detail/tool_do_instant__functions.h
[1.266s] -- Up-to-date: /home/user/dobot_ws/install/dobot_msgs_v4/include/dobot_msgs_v4/dobot_msgs_v4/srv/detail/modbus_close__functions.h
[1.267s] -- Up-to-date: /home/user/dobot_ws/install/dobot_msgs_v4/include/dobot_msgs_v4/dobot_msgs_v4/srv/detail/set_tool__functions.h
[1.267s] -- Up-to-date: /home/user/dobot_ws/install/dobot_msgs_v4/include/dobot_msgs_v4/dobot_msgs_v4/srv/detail/rel_mov_l_user__type_support.h
[1.269s] -- Up-to-date: /home/user/dobot_ws/install/dobot_msgs_v4/include/dobot_msgs_v4/dobot_msgs_v4/srv/detail/get_tool_do__functions.c
[1.269s] -- Up-to-date: /home/user/dobot_ws/install/dobot_msgs_v4/include/dobot_msgs_v4/dobot_msgs_v4/srv/detail/user__functions.c
[1.270s] -- Up-to-date: /home/user/dobot_ws/install/dobot_msgs_v4/include/dobot_msgs_v4/dobot_msgs_v4/srv/detail/check_odd_mov_l__functions.h
[1.270s] -- Up-to-date: /home/user/dobot_ws/install/dobot_msgs_v4/include/dobot_msgs_v4/dobot_msgs_v4/srv/detail/fc_collision_switch__functions.h
[1.270s] -- Up-to-date: /home/user/dobot_ws/install/dobot_msgs_v4/include/dobot_msgs_v4/dobot_msgs_v4/srv/detail/mov_lio__functions.h
[1.270s] -- Up-to-date: /home/user/dobot_ws/install/dobot_msgs_v4/include/dobot_msgs_v4/dobot_msgs_v4/srv/detail/servo_j__struct.h
[1.270s] -- Up-to-date: /home/user/dobot_ws/install/dobot_msgs_v4/include/dobot_msgs_v4/dobot_msgs_v4/srv/detail/modbus_close__functions.c
[1.271s] -- Up-to-date: /home/user/dobot_ws/install/dobot_msgs_v4/include/dobot_msgs_v4/dobot_msgs_v4/srv/detail/check_odd_mov_c__struct.h
[1.271s] -- Up-to-date: /home/user/dobot_ws/install/dobot_msgs_v4/include/dobot_msgs_v4/dobot_msgs_v4/srv/detail/set_tool_power__functions.h
[1.271s] -- Up-to-date: /home/user/dobot_ws/install/dobot_msgs_v4/include/dobot_msgs_v4/dobot_msgs_v4/srv/detail/tcp_dashboard__type_support.h
[1.271s] -- Up-to-date: /home/user/dobot_ws/install/dobot_msgs_v4/include/dobot_msgs_v4/dobot_msgs_v4/srv/detail/do__struct.h
[1.272s] -- Up-to-date: /home/user/dobot_ws/install/dobot_msgs_v4/include/dobot_msgs_v4/dobot_msgs_v4/srv/detail/run_script__struct.h
[1.272s] -- Up-to-date: /home/user/dobot_ws/install/dobot_msgs_v4/include/dobot_msgs_v4/dobot_msgs_v4/srv/detail/calc_user__functions.c
[1.272s] -- Up-to-date: /home/user/dobot_ws/install/dobot_msgs_v4/include/dobot_msgs_v4/dobot_msgs_v4/srv/detail/arc__type_support.h
[1.272s] -- Up-to-date: /home/user/dobot_ws/install/dobot_msgs_v4/include/dobot_msgs_v4/dobot_msgs_v4/srv/detail/set_safe_skin__struct.h
[1.272s] -- Up-to-date: /home/user/dobot_ws/install/dobot_msgs_v4/include/dobot_msgs_v4/dobot_msgs_v4/srv/detail/set_output_float__functions.c
[1.272s] -- Up-to-date: /home/user/dobot_ws/install/dobot_msgs_v4/include/dobot_msgs_v4/dobot_msgs_v4/srv/detail/mov_j__functions.c
[1.272s] -- Up-to-date: /home/user/dobot_ws/install/dobot_msgs_v4/include/dobot_msgs_v4/dobot_msgs_v4/srv/detail/get_output_int__functions.c
[1.272s] -- Up-to-date: /home/user/dobot_ws/install/dobot_msgs_v4/include/dobot_msgs_v4/dobot_msgs_v4/srv/detail/servo_j__functions.h
[1.273s] -- Up-to-date: /home/user/dobot_ws/install/dobot_msgs_v4/include/dobot_msgs_v4/dobot_msgs_v4/srv/detail/set_back_distance__type_support.h
[1.273s] -- Up-to-date: /home/user/dobot_ws/install/dobot_msgs_v4/include/dobot_msgs_v4/dobot_msgs_v4/srv/detail/get_current_command_id__type_support.h
[1.274s] -- Up-to-date: /home/user/dobot_ws/install/dobot_msgs_v4/include/dobot_msgs_v4/dobot_msgs_v4/srv/detail/reset_robot__struct.h
[1.274s] -- Up-to-date: /home/user/dobot_ws/install/dobot_msgs_v4/include/dobot_msgs_v4/dobot_msgs_v4/srv/detail/disable_robot__functions.h
[1.274s] -- Up-to-date: /home/user/dobot_ws/install/dobot_msgs_v4/include/dobot_msgs_v4/dobot_msgs_v4/srv/detail/enable_ft_sensor__functions.c
[1.275s] -- Up-to-date: /home/user/dobot_ws/install/dobot_msgs_v4/include/dobot_msgs_v4/dobot_msgs_v4/srv/detail/modbus_rtu_create__functions.c
[1.275s] -- Up-to-date: /home/user/dobot_ws/install/dobot_msgs_v4/include/dobot_msgs_v4/dobot_msgs_v4/srv/detail/di_group__functions.h
[1.275s] -- Up-to-date: /home/user/dobot_ws/install/dobot_msgs_v4/include/dobot_msgs_v4/dobot_msgs_v4/srv/detail/set_output_float__type_support.h
[1.275s] -- Up-to-date: /home/user/dobot_ws/install/dobot_msgs_v4/include/dobot_msgs_v4/dobot_msgs_v4/srv/detail/set_safe_skin__functions.h
[1.275s] -- Up-to-date: /home/user/dobot_ws/install/dobot_msgs_v4/include/dobot_msgs_v4/dobot_msgs_v4/srv/detail/get_pose__struct.h
[1.275s] -- Up-to-date: /home/user/dobot_ws/install/dobot_msgs_v4/include/dobot_msgs_v4/dobot_msgs_v4/srv/detail/get_angle__functions.c
[1.276s] -- Up-to-date: /home/user/dobot_ws/install/dobot_msgs_v4/include/dobot_msgs_v4/dobot_msgs_v4/srv/detail/reset_robot__functions.c
[1.276s] -- Up-to-date: /home/user/dobot_ws/install/dobot_msgs_v4/include/dobot_msgs_v4/dobot_msgs_v4/srv/detail/stop_drag__type_support.h
[1.276s] -- Up-to-date: /home/user/dobot_ws/install/dobot_msgs_v4/include/dobot_msgs_v4/dobot_msgs_v4/srv/detail/tool_do__struct.h
[1.276s] -- Up-to-date: /home/user/dobot_ws/install/dobot_msgs_v4/include/dobot_msgs_v4/dobot_msgs_v4/srv/detail/get_coils__functions.c
[1.276s] -- Up-to-date: /home/user/dobot_ws/install/dobot_msgs_v4/include/dobot_msgs_v4/dobot_msgs_v4/srv/detail/fc_off__functions.c
[1.276s] -- Up-to-date: /home/user/dobot_ws/install/dobot_msgs_v4/include/dobot_msgs_v4/dobot_msgs_v4/srv/detail/set_tool_power__type_support.h
[1.276s] -- Up-to-date: /home/user/dobot_ws/install/dobot_msgs_v4/include/dobot_msgs_v4/dobot_msgs_v4/srv/detail/reset_robot__functions.h
[1.277s] -- Up-to-date: /home/user/dobot_ws/install/dobot_msgs_v4/include/dobot_msgs_v4/dobot_msgs_v4/srv/detail/rel_mov_l_user__functions.h
[1.277s] -- Up-to-date: /home/user/dobot_ws/install/dobot_msgs_v4/include/dobot_msgs_v4/dobot_msgs_v4/srv/detail/get_do__struct.h
[1.277s] -- Up-to-date: /home/user/dobot_ws/install/dobot_msgs_v4/include/dobot_msgs_v4/dobot_msgs_v4/srv/detail/drag_sensivity__functions.c
[1.277s] -- Up-to-date: /home/user/dobot_ws/install/dobot_msgs_v4/include/dobot_msgs_v4/dobot_msgs_v4/srv/detail/fc_set_mass__functions.c
[1.277s] -- Up-to-date: /home/user/dobot_ws/install/dobot_msgs_v4/include/dobot_msgs_v4/dobot_msgs_v4/srv/detail/set_user__type_support.h
[1.277s] -- Up-to-date: /home/user/dobot_ws/install/dobot_msgs_v4/include/dobot_msgs_v4/dobot_msgs_v4/srv/detail/get_input_int__functions.c
[1.277s] -- Up-to-date: /home/user/dobot_ws/install/dobot_msgs_v4/include/dobot_msgs_v4/dobot_msgs_v4/srv/detail/rel_mov_j_tool__type_support.h
[1.278s] -- Up-to-date: /home/user/dobot_ws/install/dobot_msgs_v4/include/dobot_msgs_v4/dobot_msgs_v4/srv/detail/set_user__functions.h
[1.278s] -- Up-to-date: /home/user/dobot_ws/install/dobot_msgs_v4/include/dobot_msgs_v4/dobot_msgs_v4/srv/detail/move_jog__functions.c
[1.278s] -- Up-to-date: /home/user/dobot_ws/install/dobot_msgs_v4/include/dobot_msgs_v4/dobot_msgs_v4/srv/detail/fc_set_force_speed_limit__struct.h
[1.278s] -- Up-to-date: /home/user/dobot_ws/install/dobot_msgs_v4/include/dobot_msgs_v4/dobot_msgs_v4/srv/detail/pause__type_support.h
[1.278s] -- Up-to-date: /home/user/dobot_ws/install/dobot_msgs_v4/include/dobot_msgs_v4/dobot_msgs_v4/srv/detail/calc_user__struct.h
[1.278s] -- Up-to-date: /home/user/dobot_ws/install/dobot_msgs_v4/include/dobot_msgs_v4/dobot_msgs_v4/srv/detail/fc_set_force__functions.h
[1.278s] -- Up-to-date: /home/user/dobot_ws/install/dobot_msgs_v4/include/dobot_msgs_v4/dobot_msgs_v4/srv/detail/get_error__functions.c
[1.278s] -- Up-to-date: /home/user/dobot_ws/install/dobot_msgs_v4/include/dobot_msgs_v4/dobot_msgs_v4/srv/detail/fc_set_mass__type_support.h
[1.278s] -- Up-to-date: /home/user/dobot_ws/install/dobot_msgs_v4/include/dobot_msgs_v4/dobot_msgs_v4/srv/detail/enable_ft_sensor__functions.h
[1.279s] -- Up-to-date: /home/user/dobot_ws/install/dobot_msgs_v4/include/dobot_msgs_v4/dobot_msgs_v4/srv/detail/mov_lio__struct.h
[1.279s] -- Up-to-date: /home/user/dobot_ws/install/dobot_msgs_v4/include/dobot_msgs_v4/dobot_msgs_v4/srv/detail/check_odd_mov_j__struct.h
[1.279s] -- Up-to-date: /home/user/dobot_ws/install/dobot_msgs_v4/include/dobot_msgs_v4/dobot_msgs_v4/srv/detail/fc_set_damping__functions.h
[1.279s] -- Up-to-date: /home/user/dobot_ws/install/dobot_msgs_v4/include/dobot_msgs_v4/dobot_msgs_v4/srv/detail/tool_do__functions.h
[1.279s] -- Up-to-date: /home/user/dobot_ws/install/dobot_msgs_v4/include/dobot_msgs_v4/dobot_msgs_v4/srv/detail/start_path__type_support.h
[1.279s] -- Up-to-date: /home/user/dobot_ws/install/dobot_msgs_v4/include/dobot_msgs_v4/dobot_msgs_v4/srv/detail/get_input_bool__type_support.h
[1.279s] -- Up-to-date: /home/user/dobot_ws/install/dobot_msgs_v4/include/dobot_msgs_v4/dobot_msgs_v4/srv/detail/modbus_create__struct.h
[1.280s] -- Up-to-date: /home/user/dobot_ws/install/dobot_msgs_v4/include/dobot_msgs_v4/dobot_msgs_v4/srv/detail/fc_set_deviation__type_support.h
[1.280s] -- Up-to-date: /home/user/dobot_ws/install/dobot_msgs_v4/include/dobot_msgs_v4/dobot_msgs_v4/srv/detail/robot_mode__type_support.h
[1.280s] -- Up-to-date: /home/user/dobot_ws/install/dobot_msgs_v4/include/dobot_msgs_v4/dobot_msgs_v4/srv/detail/move_jog__type_support.h
[1.280s] -- Up-to-date: /home/user/dobot_ws/install/dobot_msgs_v4/include/dobot_msgs_v4/dobot_msgs_v4/srv/detail/tool__struct.h
[1.280s] -- Up-to-date: /home/user/dobot_ws/install/dobot_msgs_v4/include/dobot_msgs_v4/dobot_msgs_v4/srv/detail/tool__functions.h
[1.280s] -- Up-to-date: /home/user/dobot_ws/install/dobot_msgs_v4/include/dobot_msgs_v4/dobot_msgs_v4/srv/detail/set_fc_collision__struct.h
[1.280s] -- Up-to-date: /home/user/dobot_ws/install/dobot_msgs_v4/include/dobot_msgs_v4/dobot_msgs_v4/srv/detail/power_on__functions.c
[1.280s] -- Up-to-date: /home/user/dobot_ws/install/dobot_msgs_v4/include/dobot_msgs_v4/dobot_msgs_v4/srv/detail/fc_set_damping__type_support.h
[1.280s] -- Up-to-date: /home/user/dobot_ws/install/dobot_msgs_v4/include/dobot_msgs_v4/dobot_msgs_v4/srv/detail/six_force_home__struct.h
[1.281s] -- Up-to-date: /home/user/dobot_ws/install/dobot_msgs_v4/include/dobot_msgs_v4/dobot_msgs_v4/srv/detail/run_to__functions.h
[1.281s] -- Up-to-date: /home/user/dobot_ws/install/dobot_msgs_v4/include/dobot_msgs_v4/dobot_msgs_v4/srv/detail/set_tool_mode__struct.h
[1.281s] -- Up-to-date: /home/user/dobot_ws/install/dobot_msgs_v4/include/dobot_msgs_v4/dobot_msgs_v4/srv/detail/enable_safe_skin__functions.h
[1.281s] -- Up-to-date: /home/user/dobot_ws/install/dobot_msgs_v4/include/dobot_msgs_v4/dobot_msgs_v4/srv/detail/user__functions.h
[1.282s] -- Up-to-date: /home/user/dobot_ws/install/dobot_msgs_v4/include/dobot_msgs_v4/dobot_msgs_v4/srv/detail/get_output_int__functions.h
[1.282s] -- Up-to-date: /home/user/dobot_ws/install/dobot_msgs_v4/include/dobot_msgs_v4/dobot_msgs_v4/srv/detail/set_tool_mode__type_support.h
[1.282s] -- Up-to-date: /home/user/dobot_ws/install/dobot_msgs_v4/include/dobot_msgs_v4/dobot_msgs_v4/srv/detail/start_path__functions.h
[1.282s] -- Up-to-date: /home/user/dobot_ws/install/dobot_msgs_v4/include/dobot_msgs_v4/dobot_msgs_v4/srv/detail/cp__struct.h
[1.282s] -- Up-to-date: /home/user/dobot_ws/install/dobot_msgs_v4/include/dobot_msgs_v4/dobot_msgs_v4/srv/detail/get_do_group__functions.h
[1.282s] -- Up-to-date: /home/user/dobot_ws/install/dobot_msgs_v4/include/dobot_msgs_v4/dobot_msgs_v4/srv/detail/six_force_home__functions.h
[1.283s] -- Up-to-date: /home/user/dobot_ws/install/dobot_msgs_v4/include/dobot_msgs_v4/dobot_msgs_v4/srv/detail/set_work_zone_enable__struct.h
[1.283s] -- Up-to-date: /home/user/dobot_ws/install/dobot_msgs_v4/include/dobot_msgs_v4/dobot_msgs_v4/srv/detail/get_coils__functions.h
[1.283s] -- Up-to-date: /home/user/dobot_ws/install/dobot_msgs_v4/include/dobot_msgs_v4/dobot_msgs_v4/srv/detail/set_payload__type_support.h
[1.283s] -- Up-to-date: /home/user/dobot_ws/install/dobot_msgs_v4/include/dobot_msgs_v4/dobot_msgs_v4/srv/detail/inverse_kin__type_support.h
[1.283s] -- Up-to-date: /home/user/dobot_ws/install/dobot_msgs_v4/include/dobot_msgs_v4/dobot_msgs_v4/srv/detail/rel_mov_l_tool__functions.c
[1.283s] -- Up-to-date: /home/user/dobot_ws/install/dobot_msgs_v4/include/dobot_msgs_v4/dobot_msgs_v4/srv/detail/rel_mov_l_user__functions.c
[1.284s] -- Up-to-date: /home/user/dobot_ws/install/dobot_msgs_v4/include/dobot_msgs_v4/dobot_msgs_v4/srv/detail/do__type_support.h
[1.285s] -- Up-to-date: /home/user/dobot_ws/install/dobot_msgs_v4/include/dobot_msgs_v4/dobot_msgs_v4/srv/detail/get_input_int__functions.h
[1.286s] -- Up-to-date: /home/user/dobot_ws/install/dobot_msgs_v4/include/dobot_msgs_v4/dobot_msgs_v4/srv/detail/get_in_bits__struct.h
[1.286s] -- Up-to-date: /home/user/dobot_ws/install/dobot_msgs_v4/include/dobot_msgs_v4/dobot_msgs_v4/srv/detail/mov_lio__functions.c
[1.286s] -- Up-to-date: /home/user/dobot_ws/install/dobot_msgs_v4/include/dobot_msgs_v4/dobot_msgs_v4/srv/detail/cp__functions.h
[1.286s] -- Up-to-date: /home/user/dobot_ws/install/dobot_msgs_v4/include/dobot_msgs_v4/dobot_msgs_v4/srv/detail/servo_p__type_support.h
[1.287s] -- Up-to-date: /home/user/dobot_ws/install/dobot_msgs_v4/include/dobot_msgs_v4/dobot_msgs_v4/srv/detail/enable_robot__struct.h
[1.287s] -- Up-to-date: /home/user/dobot_ws/install/dobot_msgs_v4/include/dobot_msgs_v4/dobot_msgs_v4/srv/detail/stop_drag__functions.h
[1.287s] -- Up-to-date: /home/user/dobot_ws/install/dobot_msgs_v4/include/dobot_msgs_v4/dobot_msgs_v4/srv/detail/set_safe_skin__type_support.h
[1.288s] -- Up-to-date: /home/user/dobot_ws/install/dobot_msgs_v4/include/dobot_msgs_v4/dobot_msgs_v4/srv/detail/set_tool_mode__functions.c
[1.288s] -- Up-to-date: /home/user/dobot_ws/install/dobot_msgs_v4/include/dobot_msgs_v4/dobot_msgs_v4/srv/detail/ao_instant__functions.c
[1.288s] -- Up-to-date: /home/user/dobot_ws/install/dobot_msgs_v4/include/dobot_msgs_v4/dobot_msgs_v4/srv/detail/get_current_command_id__functions.h
[1.288s] -- Up-to-date: /home/user/dobot_ws/install/dobot_msgs_v4/include/dobot_msgs_v4/dobot_msgs_v4/srv/detail/set_output_bool__functions.c
[1.289s] -- Up-to-date: /home/user/dobot_ws/install/dobot_msgs_v4/include/dobot_msgs_v4/dobot_msgs_v4/srv/detail/get_force__type_support.h
[1.289s] -- Up-to-date: /home/user/dobot_ws/install/dobot_msgs_v4/include/dobot_msgs_v4/dobot_msgs_v4/srv/detail/do_group__type_support.h
[1.289s] -- Up-to-date: /home/user/dobot_ws/install/dobot_msgs_v4/include/dobot_msgs_v4/dobot_msgs_v4/srv/detail/get_start_pose__functions.h
[1.290s] -- Up-to-date: /home/user/dobot_ws/install/dobot_msgs_v4/include/dobot_msgs_v4/dobot_msgs_v4/srv/detail/tool_do_instant__struct.h
[1.290s] -- Up-to-date: /home/user/dobot_ws/install/dobot_msgs_v4/include/dobot_msgs_v4/dobot_msgs_v4/srv/detail/user__struct.h
[1.291s] -- Up-to-date: /home/user/dobot_ws/install/dobot_msgs_v4/include/dobot_msgs_v4/dobot_msgs_v4/srv/detail/force_drive_mode__struct.h
[1.291s] -- Up-to-date: /home/user/dobot_ws/install/dobot_msgs_v4/include/dobot_msgs_v4/dobot_msgs_v4/srv/detail/tcp_dashboard__functions.c
[1.291s] -- Up-to-date: /home/user/dobot_ws/install/dobot_msgs_v4/include/dobot_msgs_v4/dobot_msgs_v4/srv/detail/set_output_int__functions.c
[1.292s] -- Up-to-date: /home/user/dobot_ws/install/dobot_msgs_v4/include/dobot_msgs_v4/dobot_msgs_v4/srv/detail/force_drive_mode__functions.c
[1.292s] -- Up-to-date: /home/user/dobot_ws/install/dobot_msgs_v4/include/dobot_msgs_v4/dobot_msgs_v4/srv/detail/fc_set_deviation__struct.h
[1.292s] -- Up-to-date: /home/user/dobot_ws/install/dobot_msgs_v4/include/dobot_msgs_v4/dobot_msgs_v4/srv/detail/modbus_rtu_create__type_support.h
[1.292s] -- Up-to-date: /home/user/dobot_ws/install/dobot_msgs_v4/include/dobot_msgs_v4/dobot_msgs_v4/srv/detail/set_safe_wall_enable__type_support.h
[1.293s] -- Up-to-date: /home/user/dobot_ws/install/dobot_msgs_v4/include/dobot_msgs_v4/dobot_msgs_v4/srv/detail/emergency_stop__struct.h
[1.293s] -- Up-to-date: /home/user/dobot_ws/install/dobot_msgs_v4/include/dobot_msgs_v4/dobot_msgs_v4/srv/detail/end_rt_offset__functions.h
[1.293s] -- Up-to-date: /home/user/dobot_ws/install/dobot_msgs_v4/include/dobot_msgs_v4/dobot_msgs_v4/srv/detail/set_back_distance__functions.c
[1.293s] -- Up-to-date: /home/user/dobot_ws/install/dobot_msgs_v4/include/dobot_msgs_v4/dobot_msgs_v4/srv/detail/mov_j__functions.h
[1.294s] -- Up-to-date: /home/user/dobot_ws/install/dobot_msgs_v4/include/dobot_msgs_v4/dobot_msgs_v4/srv/detail/pause__functions.c
[1.294s] -- Up-to-date: /home/user/dobot_ws/install/dobot_msgs_v4/include/dobot_msgs_v4/dobot_msgs_v4/srv/detail/continue__struct.h
[1.294s] -- Up-to-date: /home/user/dobot_ws/install/dobot_msgs_v4/include/dobot_msgs_v4/dobot_msgs_v4/srv/detail/stop_move_jog__struct.h
[1.294s] -- Up-to-date: /home/user/dobot_ws/install/dobot_msgs_v4/include/dobot_msgs_v4/dobot_msgs_v4/srv/detail/fc_off__type_support.h
[1.294s] -- Up-to-date: /home/user/dobot_ws/install/dobot_msgs_v4/include/dobot_msgs_v4/dobot_msgs_v4/srv/detail/mov_l__functions.c
[1.294s] -- Up-to-date: /home/user/dobot_ws/install/dobot_msgs_v4/include/dobot_msgs_v4/dobot_msgs_v4/srv/detail/rel_mov_l_tool__struct.h
[1.294s] -- Up-to-date: /home/user/dobot_ws/install/dobot_msgs_v4/include/dobot_msgs_v4/dobot_msgs_v4/srv/detail/di_group__struct.h
[1.294s] -- Up-to-date: /home/user/dobot_ws/install/dobot_msgs_v4/include/dobot_msgs_v4/dobot_msgs_v4/srv/detail/stop__functions.c
[1.295s] -- Up-to-date: /home/user/dobot_ws/install/dobot_msgs_v4/include/dobot_msgs_v4/dobot_msgs_v4/srv/detail/set_output_int__type_support.h
[1.295s] -- Up-to-date: /home/user/dobot_ws/install/dobot_msgs_v4/include/dobot_msgs_v4/dobot_msgs_v4/srv/detail/tool_ai__functions.c
[1.295s] -- Up-to-date: /home/user/dobot_ws/install/dobot_msgs_v4/include/dobot_msgs_v4/dobot_msgs_v4/srv/detail/get_output_float__functions.h
[1.295s] -- Up-to-date: /home/user/dobot_ws/install/dobot_msgs_v4/include/dobot_msgs_v4/dobot_msgs_v4/srv/detail/get_ao__functions.c
[1.295s] -- Up-to-date: /home/user/dobot_ws/install/dobot_msgs_v4/include/dobot_msgs_v4/dobot_msgs_v4/srv/detail/get_hold_regs__functions.h
[1.296s] -- Up-to-date: /home/user/dobot_ws/install/dobot_msgs_v4/include/dobot_msgs_v4/dobot_msgs_v4/srv/detail/get_do_group_dec__functions.h
[1.296s] -- Up-to-date: /home/user/dobot_ws/install/dobot_msgs_v4/include/dobot_msgs_v4/dobot_msgs_v4/srv/detail/robot_mode__functions.c
[1.296s] -- Up-to-date: /home/user/dobot_ws/install/dobot_msgs_v4/include/dobot_msgs_v4/dobot_msgs_v4/srv/detail/set_tool_mode__functions.h
[1.297s] -- Up-to-date: /home/user/dobot_ws/install/dobot_msgs_v4/include/dobot_msgs_v4/dobot_msgs_v4/srv/detail/modbus_create__functions.c
[1.297s] -- Up-to-date: /home/user/dobot_ws/install/dobot_msgs_v4/include/dobot_msgs_v4/dobot_msgs_v4/srv/detail/get_output_float__struct.h
[1.297s] -- Up-to-date: /home/user/dobot_ws/install/dobot_msgs_v4/include/dobot_msgs_v4/dobot_msgs_v4/srv/detail/acc_l__functions.h
[1.297s] -- Up-to-date: /home/user/dobot_ws/install/dobot_msgs_v4/include/dobot_msgs_v4/dobot_msgs_v4/srv/detail/stop_move_jog__functions.c
[1.297s] -- Up-to-date: /home/user/dobot_ws/install/dobot_msgs_v4/include/dobot_msgs_v4/dobot_msgs_v4/srv/detail/vel_j__type_support.h
[1.297s] -- Up-to-date: /home/user/dobot_ws/install/dobot_msgs_v4/include/dobot_msgs_v4/dobot_msgs_v4/srv/detail/fc_set_deviation__functions.h
[1.297s] -- Up-to-date: /home/user/dobot_ws/install/dobot_msgs_v4/include/dobot_msgs_v4/dobot_msgs_v4/srv/detail/acc_j__type_support.h
[1.297s] -- Up-to-date: /home/user/dobot_ws/install/dobot_msgs_v4/include/dobot_msgs_v4/dobot_msgs_v4/srv/detail/get_in_bits__functions.h
[1.298s] -- Up-to-date: /home/user/dobot_ws/install/dobot_msgs_v4/include/dobot_msgs_v4/dobot_msgs_v4/srv/detail/tool_di__functions.h
[1.298s] -- Up-to-date: /home/user/dobot_ws/install/dobot_msgs_v4/include/dobot_msgs_v4/dobot_msgs_v4/srv/detail/do_group_dec__struct.h
[1.298s] -- Up-to-date: /home/user/dobot_ws/install/dobot_msgs_v4/include/dobot_msgs_v4/dobot_msgs_v4/srv/detail/force_drive_speed__functions.c
[1.298s] -- Up-to-date: /home/user/dobot_ws/install/dobot_msgs_v4/include/dobot_msgs_v4/dobot_msgs_v4/srv/detail/inverse_solution__type_support.h
[1.298s] -- Up-to-date: /home/user/dobot_ws/install/dobot_msgs_v4/include/dobot_msgs_v4/dobot_msgs_v4/srv/detail/set_safe_wall_enable__functions.c
[1.298s] -- Up-to-date: /home/user/dobot_ws/install/dobot_msgs_v4/include/dobot_msgs_v4/dobot_msgs_v4/srv/detail/get_force__functions.c
[1.298s] -- Up-to-date: /home/user/dobot_ws/install/dobot_msgs_v4/include/dobot_msgs_v4/dobot_msgs_v4/srv/detail/force_drive_speed__type_support.h
[1.298s] -- Up-to-date: /home/user/dobot_ws/install/dobot_msgs_v4/include/dobot_msgs_v4/dobot_msgs_v4/srv/detail/mov_j__type_support.h
[1.299s] -- Up-to-date: /home/user/dobot_ws/install/dobot_msgs_v4/include/dobot_msgs_v4/dobot_msgs_v4/srv/detail/set_work_zone_enable__functions.h
[1.299s] -- Up-to-date: /home/user/dobot_ws/install/dobot_msgs_v4/include/dobot_msgs_v4/dobot_msgs_v4/srv/detail/get_error__struct.h
[1.299s] -- Up-to-date: /home/user/dobot_ws/install/dobot_msgs_v4/include/dobot_msgs_v4/dobot_msgs_v4/srv/detail/servo_p__functions.c
[1.299s] -- Up-to-date: /home/user/dobot_ws/install/dobot_msgs_v4/include/dobot_msgs_v4/dobot_msgs_v4/srv/detail/get_hold_regs__type_support.h
[1.300s] -- Up-to-date: /home/user/dobot_ws/install/dobot_msgs_v4/include/dobot_msgs_v4/dobot_msgs_v4/srv/detail/fc_force_mode__functions.c
[1.300s] -- Up-to-date: /home/user/dobot_ws/install/dobot_msgs_v4/include/dobot_msgs_v4/dobot_msgs_v4/srv/detail/rel_mov_l_tool__functions.h
[1.300s] -- Up-to-date: /home/user/dobot_ws/install/dobot_msgs_v4/include/dobot_msgs_v4/dobot_msgs_v4/srv/detail/do_group__functions.c
[1.300s] -- Up-to-date: /home/user/dobot_ws/install/dobot_msgs_v4/include/dobot_msgs_v4/dobot_msgs_v4/srv/detail/modbus_close__type_support.h
[1.300s] -- Up-to-date: /home/user/dobot_ws/install/dobot_msgs_v4/include/dobot_msgs_v4/dobot_msgs_v4/srv/detail/set_output_float__struct.h
[1.301s] -- Up-to-date: /home/user/dobot_ws/install/dobot_msgs_v4/include/dobot_msgs_v4/dobot_msgs_v4/srv/detail/fc_set_stiffness__functions.c
[1.301s] -- Up-to-date: /home/user/dobot_ws/install/dobot_msgs_v4/include/dobot_msgs_v4/dobot_msgs_v4/srv/detail/servo_j__type_support.h
[1.301s] -- Up-to-date: /home/user/dobot_ws/install/dobot_msgs_v4/include/dobot_msgs_v4/dobot_msgs_v4/srv/detail/start_path__struct.h
[1.301s] -- Up-to-date: /home/user/dobot_ws/install/dobot_msgs_v4/include/dobot_msgs_v4/dobot_msgs_v4/srv/detail/run_to__struct.h
[1.301s] -- Up-to-date: /home/user/dobot_ws/install/dobot_msgs_v4/include/dobot_msgs_v4/dobot_msgs_v4/srv/detail/vel_j__functions.c
[1.302s] -- Up-to-date: /home/user/dobot_ws/install/dobot_msgs_v4/include/dobot_msgs_v4/dobot_msgs_v4/srv/detail/set_collision_level__struct.h
[1.302s] -- Up-to-date: /home/user/dobot_ws/install/dobot_msgs_v4/include/dobot_msgs_v4/dobot_msgs_v4/srv/detail/tool_di__type_support.h
[1.302s] -- Up-to-date: /home/user/dobot_ws/install/dobot_msgs_v4/include/dobot_msgs_v4/dobot_msgs_v4/srv/detail/emergency_stop__type_support.h
[1.302s] -- Up-to-date: /home/user/dobot_ws/install/dobot_msgs_v4/include/dobot_msgs_v4/dobot_msgs_v4/srv/detail/calc_user__type_support.h
[1.302s] -- Up-to-date: /home/user/dobot_ws/install/dobot_msgs_v4/include/dobot_msgs_v4/dobot_msgs_v4/srv/detail/continue__functions.h
[1.302s] -- Up-to-date: /home/user/dobot_ws/install/dobot_msgs_v4/include/dobot_msgs_v4/dobot_msgs_v4/srv/detail/get_in_regs__functions.c
[1.303s] -- Up-to-date: /home/user/dobot_ws/install/dobot_msgs_v4/include/dobot_msgs_v4/dobot_msgs_v4/srv/detail/vel_l__functions.h
[1.303s] -- Up-to-date: /home/user/dobot_ws/install/dobot_msgs_v4/include/dobot_msgs_v4/dobot_msgs_v4/srv/detail/calc_user__functions.h
[1.303s] -- Up-to-date: /home/user/dobot_ws/install/dobot_msgs_v4/include/dobot_msgs_v4/dobot_msgs_v4/srv/detail/set_tool485__functions.c
[1.303s] -- Up-to-date: /home/user/dobot_ws/install/dobot_msgs_v4/include/dobot_msgs_v4/dobot_msgs_v4/srv/detail/stop__type_support.h
[1.304s] -- Up-to-date: /home/user/dobot_ws/install/dobot_msgs_v4/include/dobot_msgs_v4/dobot_msgs_v4/srv/detail/di__functions.h
[1.304s] -- Up-to-date: /home/user/dobot_ws/install/dobot_msgs_v4/include/dobot_msgs_v4/dobot_msgs_v4/srv/detail/fc_force_mode__type_support.h
[1.304s] -- Up-to-date: /home/user/dobot_ws/install/dobot_msgs_v4/include/dobot_msgs_v4/dobot_msgs_v4/srv/detail/set_work_zone_enable__functions.c
[1.304s] -- Up-to-date: /home/user/dobot_ws/install/dobot_msgs_v4/include/dobot_msgs_v4/dobot_msgs_v4/srv/detail/get_coils__struct.h
[1.304s] -- Up-to-date: /home/user/dobot_ws/install/dobot_msgs_v4/include/dobot_msgs_v4/dobot_msgs_v4/srv/detail/set_safe_wall_enable__struct.h
[1.308s] -- Up-to-date: /home/user/dobot_ws/install/dobot_msgs_v4/include/dobot_msgs_v4/dobot_msgs_v4/srv/detail/get_angle__functions.h
[1.310s] -- Up-to-date: /home/user/dobot_ws/install/dobot_msgs_v4/include/dobot_msgs_v4/dobot_msgs_v4/srv/detail/set_coils__functions.h
[1.310s] -- Up-to-date: /home/user/dobot_ws/install/dobot_msgs_v4/include/dobot_msgs_v4/dobot_msgs_v4/srv/detail/start_rt_offset__struct.h
[1.310s] -- Up-to-date: /home/user/dobot_ws/install/dobot_msgs_v4/include/dobot_msgs_v4/dobot_msgs_v4/srv/detail/do_instant__functions.h
[1.310s] -- Up-to-date: /home/user/dobot_ws/install/dobot_msgs_v4/include/dobot_msgs_v4/dobot_msgs_v4/srv/detail/vel_l__struct.h
[1.310s] -- Up-to-date: /home/user/dobot_ws/install/dobot_msgs_v4/include/dobot_msgs_v4/dobot_msgs_v4/srv/detail/set_tool__functions.c
[1.310s] -- Up-to-date: /home/user/dobot_ws/install/dobot_msgs_v4/include/dobot_msgs_v4/dobot_msgs_v4/srv/detail/get_hold_regs__struct.h
[1.311s] -- Up-to-date: /home/user/dobot_ws/install/dobot_msgs_v4/include/dobot_msgs_v4/dobot_msgs_v4/srv/detail/power_on__functions.h
[1.311s] -- Up-to-date: /home/user/dobot_ws/install/dobot_msgs_v4/include/dobot_msgs_v4/dobot_msgs_v4/srv/detail/get_output_float__functions.c
[1.311s] -- Up-to-date: /home/user/dobot_ws/install/dobot_msgs_v4/include/dobot_msgs_v4/dobot_msgs_v4/srv/detail/do_group_dec__functions.c
[1.311s] -- Up-to-date: /home/user/dobot_ws/install/dobot_msgs_v4/include/dobot_msgs_v4/dobot_msgs_v4/srv/detail/mov_l__functions.h
[1.311s] -- Up-to-date: /home/user/dobot_ws/install/dobot_msgs_v4/include/dobot_msgs_v4/dobot_msgs_v4/srv/detail/check_odd_mov_c__functions.c
[1.311s] -- Up-to-date: /home/user/dobot_ws/install/dobot_msgs_v4/include/dobot_msgs_v4/dobot_msgs_v4/srv/detail/set_payload__struct.h
[1.311s] -- Up-to-date: /home/user/dobot_ws/install/dobot_msgs_v4/include/dobot_msgs_v4/dobot_msgs_v4/srv/detail/fc_set_force_limit__functions.c
[1.311s] -- Up-to-date: /home/user/dobot_ws/install/dobot_msgs_v4/include/dobot_msgs_v4/dobot_msgs_v4/srv/detail/vel_j__struct.h
[1.312s] -- Up-to-date: /home/user/dobot_ws/install/dobot_msgs_v4/include/dobot_msgs_v4/dobot_msgs_v4/srv/detail/fc_set_deviation__functions.c
[1.312s] -- Up-to-date: /home/user/dobot_ws/install/dobot_msgs_v4/include/dobot_msgs_v4/dobot_msgs_v4/srv/detail/fc_force_mode__struct.h
[1.312s] -- Up-to-date: /home/user/dobot_ws/install/dobot_msgs_v4/include/dobot_msgs_v4/dobot_msgs_v4/srv/detail/servo_j__functions.c
[1.312s] -- Up-to-date: /home/user/dobot_ws/install/dobot_msgs_v4/include/dobot_msgs_v4/dobot_msgs_v4/srv/detail/rel_joint_mov_j__type_support.h
[1.313s] -- Up-to-date: /home/user/dobot_ws/install/dobot_msgs_v4/include/dobot_msgs_v4/dobot_msgs_v4/srv/detail/set_output_bool__functions.h
[1.313s] -- Up-to-date: /home/user/dobot_ws/install/dobot_msgs_v4/include/dobot_msgs_v4/dobot_msgs_v4/srv/detail/start_drag__type_support.h
[1.313s] -- Up-to-date: /home/user/dobot_ws/install/dobot_msgs_v4/include/dobot_msgs_v4/dobot_msgs_v4/srv/detail/tcp_dashboard__struct.h
[1.314s] -- Up-to-date: /home/user/dobot_ws/install/dobot_msgs_v4/include/dobot_msgs_v4/dobot_msgs_v4/srv/detail/mov_j__struct.h
[1.314s] -- Up-to-date: /home/user/dobot_ws/install/dobot_msgs_v4/include/dobot_msgs_v4/dobot_msgs_v4/srv/detail/fc_off__struct.h
[1.314s] -- Up-to-date: /home/user/dobot_ws/install/dobot_msgs_v4/include/dobot_msgs_v4/dobot_msgs_v4/srv/detail/continue__type_support.h
[1.314s] -- Up-to-date: /home/user/dobot_ws/install/dobot_msgs_v4/include/dobot_msgs_v4/dobot_msgs_v4/srv/detail/stop_move_jog__functions.h
[1.314s] -- Up-to-date: /home/user/dobot_ws/install/dobot_msgs_v4/include/dobot_msgs_v4/dobot_msgs_v4/srv/detail/acc_j__functions.h
[1.314s] -- Up-to-date: /home/user/dobot_ws/install/dobot_msgs_v4/include/dobot_msgs_v4/dobot_msgs_v4/srv/detail/modbus_rtu_create__functions.h
[1.314s] -- Up-to-date: /home/user/dobot_ws/install/dobot_msgs_v4/include/dobot_msgs_v4/dobot_msgs_v4/srv/detail/do_instant__struct.h
[1.314s] -- Up-to-date: /home/user/dobot_ws/install/dobot_msgs_v4/include/dobot_msgs_v4/dobot_msgs_v4/srv/detail/robot_mode__struct.h
[1.314s] -- Up-to-date: /home/user/dobot_ws/install/dobot_msgs_v4/include/dobot_msgs_v4/dobot_msgs_v4/srv/detail/clear_error__type_support.h
[1.315s] -- Up-to-date: /home/user/dobot_ws/install/dobot_msgs_v4/include/dobot_msgs_v4/dobot_msgs_v4/srv/detail/calc_tool__struct.h
[1.315s] -- Up-to-date: /home/user/dobot_ws/install/dobot_msgs_v4/include/dobot_msgs_v4/dobot_msgs_v4/srv/detail/brake_control__struct.h
[1.315s] -- Up-to-date: /home/user/dobot_ws/install/dobot_msgs_v4/include/dobot_msgs_v4/dobot_msgs_v4/srv/detail/request_control__functions.c
[1.315s] -- Up-to-date: /home/user/dobot_ws/install/dobot_msgs_v4/include/dobot_msgs_v4/dobot_msgs_v4/srv/detail/fc_off__functions.h
[1.315s] -- Up-to-date: /home/user/dobot_ws/install/dobot_msgs_v4/include/dobot_msgs_v4/dobot_msgs_v4/srv/detail/six_force_home__type_support.h
[1.315s] -- Up-to-date: /home/user/dobot_ws/install/dobot_msgs_v4/include/dobot_msgs_v4/dobot_msgs_v4/srv/detail/inverse_kin__functions.h
[1.316s] -- Up-to-date: /home/user/dobot_ws/install/dobot_msgs_v4/include/dobot_msgs_v4/dobot_msgs_v4/srv/detail/set_coils__struct.h
[1.316s] -- Up-to-date: /home/user/dobot_ws/install/dobot_msgs_v4/include/dobot_msgs_v4/dobot_msgs_v4/srv/detail/modbus_create__functions.h
[1.316s] -- Up-to-date: /home/user/dobot_ws/install/dobot_msgs_v4/include/dobot_msgs_v4/dobot_msgs_v4/srv/detail/run_to__functions.c
[1.316s] -- Up-to-date: /home/user/dobot_ws/install/dobot_msgs_v4/include/dobot_msgs_v4/dobot_msgs_v4/srv/detail/cp__type_support.h
[1.316s] -- Up-to-date: /home/user/dobot_ws/install/dobot_msgs_v4/include/dobot_msgs_v4/dobot_msgs_v4/srv/detail/enable_safe_skin__type_support.h
[1.316s] -- Up-to-date: /home/user/dobot_ws/install/dobot_msgs_v4/include/dobot_msgs_v4/dobot_msgs_v4/srv/detail/get_do_group_dec__type_support.h
[1.316s] -- Up-to-date: /home/user/dobot_ws/install/dobot_msgs_v4/include/dobot_msgs_v4/dobot_msgs_v4/srv/detail/rel_mov_j_user__functions.c
[1.317s] -- Up-to-date: /home/user/dobot_ws/install/dobot_msgs_v4/include/dobot_msgs_v4/dobot_msgs_v4/srv/detail/get_input_int__struct.h
[1.317s] -- Up-to-date: /home/user/dobot_ws/install/dobot_msgs_v4/include/dobot_msgs_v4/dobot_msgs_v4/srv/detail/speed_factor__functions.h
[1.317s] -- Up-to-date: /home/user/dobot_ws/install/dobot_msgs_v4/include/dobot_msgs_v4/dobot_msgs_v4/srv/detail/acc_l__struct.h
[1.317s] -- Up-to-date: /home/user/dobot_ws/install/dobot_msgs_v4/include/dobot_msgs_v4/dobot_msgs_v4/srv/detail/tcp_dashboard__functions.h
[1.317s] -- Up-to-date: /home/user/dobot_ws/install/dobot_msgs_v4/include/dobot_msgs_v4/dobot_msgs_v4/srv/detail/get_error_id__type_support.h
[1.317s] -- Up-to-date: /home/user/dobot_ws/install/dobot_msgs_v4/include/dobot_msgs_v4/dobot_msgs_v4/srv/detail/ao_instant__type_support.h
[1.317s] -- Up-to-date: /home/user/dobot_ws/install/dobot_msgs_v4/include/dobot_msgs_v4/dobot_msgs_v4/srv/detail/enable_ft_sensor__struct.h
[1.317s] -- Up-to-date: /home/user/dobot_ws/install/dobot_msgs_v4/include/dobot_msgs_v4/dobot_msgs_v4/srv/detail/set_post_collision_mode__functions.c
[1.317s] -- Up-to-date: /home/user/dobot_ws/install/dobot_msgs_v4/include/dobot_msgs_v4/dobot_msgs_v4/srv/detail/rel_mov_l_tool__type_support.h
[1.318s] -- Up-to-date: /home/user/dobot_ws/install/dobot_msgs_v4/include/dobot_msgs_v4/dobot_msgs_v4/srv/detail/modbus_rtu_create__struct.h
[1.318s] -- Up-to-date: /home/user/dobot_ws/install/dobot_msgs_v4/include/dobot_msgs_v4/dobot_msgs_v4/srv/detail/do_group__struct.h
[1.318s] -- Up-to-date: /home/user/dobot_ws/install/dobot_msgs_v4/include/dobot_msgs_v4/dobot_msgs_v4/srv/detail/start_rt_offset__type_support.h
[1.318s] -- Up-to-date: /home/user/dobot_ws/install/dobot_msgs_v4/include/dobot_msgs_v4/dobot_msgs_v4/srv/detail/end_rt_offset__struct.h
[1.318s] -- Up-to-date: /home/user/dobot_ws/install/dobot_msgs_v4/include/dobot_msgs_v4/dobot_msgs_v4/srv/detail/di_group_dec__type_support.h
[1.319s] -- Up-to-date: /home/user/dobot_ws/install/dobot_msgs_v4/include/dobot_msgs_v4/dobot_msgs_v4/srv/detail/servo_p__functions.h
[1.319s] -- Up-to-date: /home/user/dobot_ws/install/dobot_msgs_v4/include/dobot_msgs_v4/dobot_msgs_v4/srv/detail/stop_drag__functions.c
[1.319s] -- Up-to-date: /home/user/dobot_ws/install/dobot_msgs_v4/include/dobot_msgs_v4/dobot_msgs_v4/srv/detail/ai__type_support.h
[1.319s] -- Up-to-date: /home/user/dobot_ws/install/dobot_msgs_v4/include/dobot_msgs_v4/dobot_msgs_v4/srv/detail/rel_mov_j_tool__struct.h
[1.319s] -- Up-to-date: /home/user/dobot_ws/install/dobot_msgs_v4/include/dobot_msgs_v4/dobot_msgs_v4/srv/detail/get_error_id__functions.c
[1.320s] -- Up-to-date: /home/user/dobot_ws/install/dobot_msgs_v4/include/dobot_msgs_v4/dobot_msgs_v4/srv/detail/check_odd_mov_l__type_support.h
[1.320s] -- Up-to-date: /home/user/dobot_ws/install/dobot_msgs_v4/include/dobot_msgs_v4/dobot_msgs_v4/srv/detail/get_tool_do__type_support.h
[1.320s] -- Up-to-date: /home/user/dobot_ws/install/dobot_msgs_v4/include/dobot_msgs_v4/dobot_msgs_v4/srv/detail/get_input_float__functions.h
[1.320s] -- Up-to-date: /home/user/dobot_ws/install/dobot_msgs_v4/include/dobot_msgs_v4/dobot_msgs_v4/srv/set_tool_power.h
[1.320s] -- Up-to-date: /home/user/dobot_ws/install/dobot_msgs_v4/include/dobot_msgs_v4/dobot_msgs_v4/srv/run_to.h
[1.321s] -- Up-to-date: /home/user/dobot_ws/install/dobot_msgs_v4/include/dobot_msgs_v4/dobot_msgs_v4/srv/start_drag.h
[1.321s] -- Up-to-date: /home/user/dobot_ws/install/dobot_msgs_v4/include/dobot_msgs_v4/dobot_msgs_v4/srv/inverse_solution.h
[1.321s] -- Up-to-date: /home/user/dobot_ws/install/dobot_msgs_v4/include/dobot_msgs_v4/dobot_msgs_v4/srv/modbus_rtu_create.h
[1.321s] -- Up-to-date: /home/user/dobot_ws/install/dobot_msgs_v4/include/dobot_msgs_v4/dobot_msgs_v4/srv/stop_move_jog.h
[1.322s] -- Up-to-date: /home/user/dobot_ws/install/dobot_msgs_v4/include/dobot_msgs_v4/dobot_msgs_v4/srv/get_force.h
[1.322s] -- Up-to-date: /home/user/dobot_ws/install/dobot_msgs_v4/include/dobot_msgs_v4/dobot_msgs_v4/srv/enable_safe_skin.h
[1.322s] -- Up-to-date: /home/user/dobot_ws/install/dobot_msgs_v4/include/dobot_msgs_v4/dobot_msgs_v4/srv/set_user.h
[1.322s] -- Up-to-date: /home/user/dobot_ws/install/dobot_msgs_v4/include/dobot_msgs_v4/dobot_msgs_v4/srv/get_input_bool.h
[1.322s] -- Up-to-date: /home/user/dobot_ws/install/dobot_msgs_v4/include/dobot_msgs_v4/dobot_msgs_v4/srv/get_input_float.h
[1.322s] -- Up-to-date: /home/user/dobot_ws/install/dobot_msgs_v4/share/dobot_msgs_v4/environment/library_path.sh
[1.323s] -- Up-to-date: /home/user/dobot_ws/install/dobot_msgs_v4/share/dobot_msgs_v4/environment/library_path.dsv
[1.325s] -- Up-to-date: /home/user/dobot_ws/install/dobot_msgs_v4/lib/libdobot_msgs_v4__rosidl_generator_c.so
[1.327s] -- Up-to-date: /home/user/dobot_ws/install/dobot_msgs_v4/include/dobot_msgs_v4/dobot_msgs_v4
[1.329s] -- Up-to-date: /home/user/dobot_ws/install/dobot_msgs_v4/include/dobot_msgs_v4/dobot_msgs_v4/msg
[1.329s] -- Up-to-date: /home/user/dobot_ws/install/dobot_msgs_v4/include/dobot_msgs_v4/dobot_msgs_v4/msg/rosidl_typesupport_fastrtps_c__visibility_control.h
[1.329s] -- Up-to-date: /home/user/dobot_ws/install/dobot_msgs_v4/include/dobot_msgs_v4/dobot_msgs_v4/msg/detail
[1.330s] -- Up-to-date: /home/user/dobot_ws/install/dobot_msgs_v4/include/dobot_msgs_v4/dobot_msgs_v4/msg/detail/tool_vector_actual__rosidl_typesupport_fastrtps_c.h
[1.330s] -- Up-to-date: /home/user/dobot_ws/install/dobot_msgs_v4/include/dobot_msgs_v4/dobot_msgs_v4/msg/detail/robot_status__rosidl_typesupport_fastrtps_c.h
[1.330s] -- Up-to-date: /home/user/dobot_ws/install/dobot_msgs_v4/include/dobot_msgs_v4/dobot_msgs_v4/srv
[1.330s] -- Up-to-date: /home/user/dobot_ws/install/dobot_msgs_v4/include/dobot_msgs_v4/dobot_msgs_v4/srv/detail
[1.331s] -- Up-to-date: /home/user/dobot_ws/install/dobot_msgs_v4/include/dobot_msgs_v4/dobot_msgs_v4/srv/detail/set_hold_regs__rosidl_typesupport_fastrtps_c.h
[1.331s] -- Up-to-date: /home/user/dobot_ws/install/dobot_msgs_v4/include/dobot_msgs_v4/dobot_msgs_v4/srv/detail/get_output_float__rosidl_typesupport_fastrtps_c.h
[1.331s] -- Up-to-date: /home/user/dobot_ws/install/dobot_msgs_v4/include/dobot_msgs_v4/dobot_msgs_v4/srv/detail/set_output_float__rosidl_typesupport_fastrtps_c.h
[1.331s] -- Up-to-date: /home/user/dobot_ws/install/dobot_msgs_v4/include/dobot_msgs_v4/dobot_msgs_v4/srv/detail/fc_collision_switch__rosidl_typesupport_fastrtps_c.h
[1.332s] -- Up-to-date: /home/user/dobot_ws/install/dobot_msgs_v4/include/dobot_msgs_v4/dobot_msgs_v4/srv/detail/continue__rosidl_typesupport_fastrtps_c.h
[1.332s] -- Up-to-date: /home/user/dobot_ws/install/dobot_msgs_v4/include/dobot_msgs_v4/dobot_msgs_v4/srv/detail/get_start_pose__rosidl_typesupport_fastrtps_c.h
[1.332s] -- Up-to-date: /home/user/dobot_ws/install/dobot_msgs_v4/include/dobot_msgs_v4/dobot_msgs_v4/srv/detail/calc_tool__rosidl_typesupport_fastrtps_c.h
[1.333s] -- Up-to-date: /home/user/dobot_ws/install/dobot_msgs_v4/include/dobot_msgs_v4/dobot_msgs_v4/srv/detail/modbus_rtu_create__rosidl_typesupport_fastrtps_c.h
[1.333s] -- Up-to-date: /home/user/dobot_ws/install/dobot_msgs_v4/include/dobot_msgs_v4/dobot_msgs_v4/srv/detail/set_output_bool__rosidl_typesupport_fastrtps_c.h
[1.333s] -- Up-to-date: /home/user/dobot_ws/install/dobot_msgs_v4/include/dobot_msgs_v4/dobot_msgs_v4/srv/detail/tool__rosidl_typesupport_fastrtps_c.h
[1.333s] -- Up-to-date: /home/user/dobot_ws/install/dobot_msgs_v4/include/dobot_msgs_v4/dobot_msgs_v4/srv/detail/set_user__rosidl_typesupport_fastrtps_c.h
[1.333s] -- Up-to-date: /home/user/dobot_ws/install/dobot_msgs_v4/include/dobot_msgs_v4/dobot_msgs_v4/srv/detail/clear_error__rosidl_typesupport_fastrtps_c.h
[1.334s] -- Up-to-date: /home/user/dobot_ws/install/dobot_msgs_v4/include/dobot_msgs_v4/dobot_msgs_v4/srv/detail/check_odd_mov_l__rosidl_typesupport_fastrtps_c.h
[1.334s] -- Up-to-date: /home/user/dobot_ws/install/dobot_msgs_v4/include/dobot_msgs_v4/dobot_msgs_v4/srv/detail/fc_set_force_speed_limit__rosidl_typesupport_fastrtps_c.h
[1.334s] -- Up-to-date: /home/user/dobot_ws/install/dobot_msgs_v4/include/dobot_msgs_v4/dobot_msgs_v4/srv/detail/get_input_float__rosidl_typesupport_fastrtps_c.h
[1.334s] -- Up-to-date: /home/user/dobot_ws/install/dobot_msgs_v4/include/dobot_msgs_v4/dobot_msgs_v4/srv/detail/get_force__rosidl_typesupport_fastrtps_c.h
[1.334s] -- Up-to-date: /home/user/dobot_ws/install/dobot_msgs_v4/include/dobot_msgs_v4/dobot_msgs_v4/srv/detail/get_tool_do__rosidl_typesupport_fastrtps_c.h
[1.334s] -- Up-to-date: /home/user/dobot_ws/install/dobot_msgs_v4/include/dobot_msgs_v4/dobot_msgs_v4/srv/detail/tcp_dashboard__rosidl_typesupport_fastrtps_c.h
[1.335s] -- Up-to-date: /home/user/dobot_ws/install/dobot_msgs_v4/include/dobot_msgs_v4/dobot_msgs_v4/srv/detail/get_input_int__rosidl_typesupport_fastrtps_c.h
[1.335s] -- Up-to-date: /home/user/dobot_ws/install/dobot_msgs_v4/include/dobot_msgs_v4/dobot_msgs_v4/srv/detail/get_angle__rosidl_typesupport_fastrtps_c.h
[1.335s] -- Up-to-date: /home/user/dobot_ws/install/dobot_msgs_v4/include/dobot_msgs_v4/dobot_msgs_v4/srv/detail/set_tool_mode__rosidl_typesupport_fastrtps_c.h
[1.335s] -- Up-to-date: /home/user/dobot_ws/install/dobot_msgs_v4/include/dobot_msgs_v4/dobot_msgs_v4/srv/detail/six_force_home__rosidl_typesupport_fastrtps_c.h
[1.335s] -- Up-to-date: /home/user/dobot_ws/install/dobot_msgs_v4/include/dobot_msgs_v4/dobot_msgs_v4/srv/detail/fc_set_deviation__rosidl_typesupport_fastrtps_c.h
[1.335s] -- Up-to-date: /home/user/dobot_ws/install/dobot_msgs_v4/include/dobot_msgs_v4/dobot_msgs_v4/srv/detail/reset_robot__rosidl_typesupport_fastrtps_c.h
[1.336s] -- Up-to-date: /home/user/dobot_ws/install/dobot_msgs_v4/include/dobot_msgs_v4/dobot_msgs_v4/srv/detail/set_post_collision_mode__rosidl_typesupport_fastrtps_c.h
[1.336s] -- Up-to-date: /home/user/dobot_ws/install/dobot_msgs_v4/include/dobot_msgs_v4/dobot_msgs_v4/srv/detail/run_to__rosidl_typesupport_fastrtps_c.h
[1.336s] -- Up-to-date: /home/user/dobot_ws/install/dobot_msgs_v4/include/dobot_msgs_v4/dobot_msgs_v4/srv/detail/tool_ai__rosidl_typesupport_fastrtps_c.h
[1.336s] -- Up-to-date: /home/user/dobot_ws/install/dobot_msgs_v4/include/dobot_msgs_v4/dobot_msgs_v4/srv/detail/get_hold_regs__rosidl_typesupport_fastrtps_c.h
[1.336s] -- Up-to-date: /home/user/dobot_ws/install/dobot_msgs_v4/include/dobot_msgs_v4/dobot_msgs_v4/srv/detail/modbus_close__rosidl_typesupport_fastrtps_c.h
[1.336s] -- Up-to-date: /home/user/dobot_ws/install/dobot_msgs_v4/include/dobot_msgs_v4/dobot_msgs_v4/srv/detail/get_in_bits__rosidl_typesupport_fastrtps_c.h
[1.336s] -- Up-to-date: /home/user/dobot_ws/install/dobot_msgs_v4/include/dobot_msgs_v4/dobot_msgs_v4/srv/detail/fc_set_damping__rosidl_typesupport_fastrtps_c.h
[1.337s] -- Up-to-date: /home/user/dobot_ws/install/dobot_msgs_v4/include/dobot_msgs_v4/dobot_msgs_v4/srv/detail/inverse_kin__rosidl_typesupport_fastrtps_c.h
[1.337s] -- Up-to-date: /home/user/dobot_ws/install/dobot_msgs_v4/include/dobot_msgs_v4/dobot_msgs_v4/srv/detail/mov_l__rosidl_typesupport_fastrtps_c.h
[1.337s] -- Up-to-date: /home/user/dobot_ws/install/dobot_msgs_v4/include/dobot_msgs_v4/dobot_msgs_v4/srv/detail/di_group_dec__rosidl_typesupport_fastrtps_c.h
[1.337s] -- Up-to-date: /home/user/dobot_ws/install/dobot_msgs_v4/include/dobot_msgs_v4/dobot_msgs_v4/srv/detail/do__rosidl_typesupport_fastrtps_c.h
[1.338s] -- Up-to-date: /home/user/dobot_ws/install/dobot_msgs_v4/include/dobot_msgs_v4/dobot_msgs_v4/srv/detail/get_coils__rosidl_typesupport_fastrtps_c.h
[1.338s] -- Up-to-date: /home/user/dobot_ws/install/dobot_msgs_v4/include/dobot_msgs_v4/dobot_msgs_v4/srv/detail/get_ao__rosidl_typesupport_fastrtps_c.h
[1.338s] -- Up-to-date: /home/user/dobot_ws/install/dobot_msgs_v4/include/dobot_msgs_v4/dobot_msgs_v4/srv/detail/mov_jio__rosidl_typesupport_fastrtps_c.h
[1.338s] -- Up-to-date: /home/user/dobot_ws/install/dobot_msgs_v4/include/dobot_msgs_v4/dobot_msgs_v4/srv/detail/servo_p__rosidl_typesupport_fastrtps_c.h
[1.338s] -- Up-to-date: /home/user/dobot_ws/install/dobot_msgs_v4/include/dobot_msgs_v4/dobot_msgs_v4/srv/detail/ao_instant__rosidl_typesupport_fastrtps_c.h
[1.338s] -- Up-to-date: /home/user/dobot_ws/install/dobot_msgs_v4/include/dobot_msgs_v4/dobot_msgs_v4/srv/detail/rel_mov_j_tool__rosidl_typesupport_fastrtps_c.h
[1.338s] -- Up-to-date: /home/user/dobot_ws/install/dobot_msgs_v4/include/dobot_msgs_v4/dobot_msgs_v4/srv/detail/get_error__rosidl_typesupport_fastrtps_c.h
[1.338s] -- Up-to-date: /home/user/dobot_ws/install/dobot_msgs_v4/include/dobot_msgs_v4/dobot_msgs_v4/srv/detail/set_safe_wall_enable__rosidl_typesupport_fastrtps_c.h
[1.338s] -- Up-to-date: /home/user/dobot_ws/install/dobot_msgs_v4/include/dobot_msgs_v4/dobot_msgs_v4/srv/detail/get_output_int__rosidl_typesupport_fastrtps_c.h
[1.339s] -- Up-to-date: /home/user/dobot_ws/install/dobot_msgs_v4/include/dobot_msgs_v4/dobot_msgs_v4/srv/detail/arc__rosidl_typesupport_fastrtps_c.h
[1.339s] -- Up-to-date: /home/user/dobot_ws/install/dobot_msgs_v4/include/dobot_msgs_v4/dobot_msgs_v4/srv/detail/rel_mov_l_tool__rosidl_typesupport_fastrtps_c.h
[1.339s] -- Up-to-date: /home/user/dobot_ws/install/dobot_msgs_v4/include/dobot_msgs_v4/dobot_msgs_v4/srv/detail/set_back_distance__rosidl_typesupport_fastrtps_c.h
[1.340s] -- Up-to-date: /home/user/dobot_ws/install/dobot_msgs_v4/include/dobot_msgs_v4/dobot_msgs_v4/srv/detail/stop__rosidl_typesupport_fastrtps_c.h
[1.340s] -- Up-to-date: /home/user/dobot_ws/install/dobot_msgs_v4/include/dobot_msgs_v4/dobot_msgs_v4/srv/detail/start_rt_offset__rosidl_typesupport_fastrtps_c.h
[1.341s] -- Up-to-date: /home/user/dobot_ws/install/dobot_msgs_v4/include/dobot_msgs_v4/dobot_msgs_v4/srv/detail/calc_user__rosidl_typesupport_fastrtps_c.h
[1.341s] -- Up-to-date: /home/user/dobot_ws/install/dobot_msgs_v4/include/dobot_msgs_v4/dobot_msgs_v4/srv/detail/di__rosidl_typesupport_fastrtps_c.h
[1.341s] -- Up-to-date: /home/user/dobot_ws/install/dobot_msgs_v4/include/dobot_msgs_v4/dobot_msgs_v4/srv/detail/vel_j__rosidl_typesupport_fastrtps_c.h
[1.341s] -- Up-to-date: /home/user/dobot_ws/install/dobot_msgs_v4/include/dobot_msgs_v4/dobot_msgs_v4/srv/detail/modbus_create__rosidl_typesupport_fastrtps_c.h
[1.341s] -- Up-to-date: /home/user/dobot_ws/install/dobot_msgs_v4/include/dobot_msgs_v4/dobot_msgs_v4/srv/detail/fc_set_stiffness__rosidl_typesupport_fastrtps_c.h
[1.342s] -- Up-to-date: /home/user/dobot_ws/install/dobot_msgs_v4/include/dobot_msgs_v4/dobot_msgs_v4/srv/detail/set_work_zone_enable__rosidl_typesupport_fastrtps_c.h
[1.342s] -- Up-to-date: /home/user/dobot_ws/install/dobot_msgs_v4/include/dobot_msgs_v4/dobot_msgs_v4/srv/detail/fc_force_mode__rosidl_typesupport_fastrtps_c.h
[1.342s] -- Up-to-date: /home/user/dobot_ws/install/dobot_msgs_v4/include/dobot_msgs_v4/dobot_msgs_v4/srv/detail/fc_set_force_limit__rosidl_typesupport_fastrtps_c.h
[1.342s] -- Up-to-date: /home/user/dobot_ws/install/dobot_msgs_v4/include/dobot_msgs_v4/dobot_msgs_v4/srv/detail/do_instant__rosidl_typesupport_fastrtps_c.h
[1.342s] -- Up-to-date: /home/user/dobot_ws/install/dobot_msgs_v4/include/dobot_msgs_v4/dobot_msgs_v4/srv/detail/start_drag__rosidl_typesupport_fastrtps_c.h
[1.342s] -- Up-to-date: /home/user/dobot_ws/install/dobot_msgs_v4/include/dobot_msgs_v4/dobot_msgs_v4/srv/detail/request_control__rosidl_typesupport_fastrtps_c.h
[1.342s] -- Up-to-date: /home/user/dobot_ws/install/dobot_msgs_v4/include/dobot_msgs_v4/dobot_msgs_v4/srv/detail/start_path__rosidl_typesupport_fastrtps_c.h
[1.342s] -- Up-to-date: /home/user/dobot_ws/install/dobot_msgs_v4/include/dobot_msgs_v4/dobot_msgs_v4/srv/detail/force_drive_mode__rosidl_typesupport_fastrtps_c.h
[1.343s] -- Up-to-date: /home/user/dobot_ws/install/dobot_msgs_v4/include/dobot_msgs_v4/dobot_msgs_v4/srv/detail/acc_j__rosidl_typesupport_fastrtps_c.h
[1.343s] -- Up-to-date: /home/user/dobot_ws/install/dobot_msgs_v4/include/dobot_msgs_v4/dobot_msgs_v4/srv/detail/enable_ft_sensor__rosidl_typesupport_fastrtps_c.h
[1.343s] -- Up-to-date: /home/user/dobot_ws/install/dobot_msgs_v4/include/dobot_msgs_v4/dobot_msgs_v4/srv/detail/check_odd_mov_c__rosidl_typesupport_fastrtps_c.h
[1.343s] -- Up-to-date: /home/user/dobot_ws/install/dobot_msgs_v4/include/dobot_msgs_v4/dobot_msgs_v4/srv/detail/user__rosidl_typesupport_fastrtps_c.h
[1.345s] -- Up-to-date: /home/user/dobot_ws/install/dobot_msgs_v4/include/dobot_msgs_v4/dobot_msgs_v4/srv/detail/get_do_group__rosidl_typesupport_fastrtps_c.h
[1.345s] -- Up-to-date: /home/user/dobot_ws/install/dobot_msgs_v4/include/dobot_msgs_v4/dobot_msgs_v4/srv/detail/drag_sensivity__rosidl_typesupport_fastrtps_c.h
[1.345s] -- Up-to-date: /home/user/dobot_ws/install/dobot_msgs_v4/include/dobot_msgs_v4/dobot_msgs_v4/srv/detail/set_fc_collision__rosidl_typesupport_fastrtps_c.h
[1.345s] -- Up-to-date: /home/user/dobot_ws/install/dobot_msgs_v4/include/dobot_msgs_v4/dobot_msgs_v4/srv/detail/move_jog__rosidl_typesupport_fastrtps_c.h
[1.345s] -- Up-to-date: /home/user/dobot_ws/install/dobot_msgs_v4/include/dobot_msgs_v4/dobot_msgs_v4/srv/detail/set_tool_power__rosidl_typesupport_fastrtps_c.h
[1.345s] -- Up-to-date: /home/user/dobot_ws/install/dobot_msgs_v4/include/dobot_msgs_v4/dobot_msgs_v4/srv/detail/set_payload__rosidl_typesupport_fastrtps_c.h
[1.345s] -- Up-to-date: /home/user/dobot_ws/install/dobot_msgs_v4/include/dobot_msgs_v4/dobot_msgs_v4/srv/detail/tool_do__rosidl_typesupport_fastrtps_c.h
[1.345s] -- Up-to-date: /home/user/dobot_ws/install/dobot_msgs_v4/include/dobot_msgs_v4/dobot_msgs_v4/srv/detail/positive_kin__rosidl_typesupport_fastrtps_c.h
[1.346s] -- Up-to-date: /home/user/dobot_ws/install/dobot_msgs_v4/include/dobot_msgs_v4/dobot_msgs_v4/srv/detail/rel_mov_l_user__rosidl_typesupport_fastrtps_c.h
[1.346s] -- Up-to-date: /home/user/dobot_ws/install/dobot_msgs_v4/include/dobot_msgs_v4/dobot_msgs_v4/srv/detail/ai__rosidl_typesupport_fastrtps_c.h
[1.346s] -- Up-to-date: /home/user/dobot_ws/install/dobot_msgs_v4/include/dobot_msgs_v4/dobot_msgs_v4/srv/detail/get_error_id__rosidl_typesupport_fastrtps_c.h
[1.346s] -- Up-to-date: /home/user/dobot_ws/install/dobot_msgs_v4/include/dobot_msgs_v4/dobot_msgs_v4/srv/detail/vel_l__rosidl_typesupport_fastrtps_c.h
[1.346s] -- Up-to-date: /home/user/dobot_ws/install/dobot_msgs_v4/include/dobot_msgs_v4/dobot_msgs_v4/srv/detail/get_current_command_id__rosidl_typesupport_fastrtps_c.h
[1.346s] -- Up-to-date: /home/user/dobot_ws/install/dobot_msgs_v4/include/dobot_msgs_v4/dobot_msgs_v4/srv/detail/get_pose__rosidl_typesupport_fastrtps_c.h
[1.347s] -- Up-to-date: /home/user/dobot_ws/install/dobot_msgs_v4/include/dobot_msgs_v4/dobot_msgs_v4/srv/detail/circle__rosidl_typesupport_fastrtps_c.h
[1.347s] -- Up-to-date: /home/user/dobot_ws/install/dobot_msgs_v4/include/dobot_msgs_v4/dobot_msgs_v4/srv/detail/disable_robot__rosidl_typesupport_fastrtps_c.h
[1.347s] -- Up-to-date: /home/user/dobot_ws/install/dobot_msgs_v4/include/dobot_msgs_v4/dobot_msgs_v4/srv/detail/set_coils__rosidl_typesupport_fastrtps_c.h
[1.347s] -- Up-to-date: /home/user/dobot_ws/install/dobot_msgs_v4/include/dobot_msgs_v4/dobot_msgs_v4/srv/detail/ao__rosidl_typesupport_fastrtps_c.h
[1.347s] -- Up-to-date: /home/user/dobot_ws/install/dobot_msgs_v4/include/dobot_msgs_v4/dobot_msgs_v4/srv/detail/get_in_regs__rosidl_typesupport_fastrtps_c.h
[1.347s] -- Up-to-date: /home/user/dobot_ws/install/dobot_msgs_v4/include/dobot_msgs_v4/dobot_msgs_v4/srv/detail/get_do__rosidl_typesupport_fastrtps_c.h
[1.347s] -- Up-to-date: /home/user/dobot_ws/install/dobot_msgs_v4/include/dobot_msgs_v4/dobot_msgs_v4/srv/detail/brake_control__rosidl_typesupport_fastrtps_c.h
[1.347s] -- Up-to-date: /home/user/dobot_ws/install/dobot_msgs_v4/include/dobot_msgs_v4/dobot_msgs_v4/srv/detail/stop_move_jog__rosidl_typesupport_fastrtps_c.h
[1.347s] -- Up-to-date: /home/user/dobot_ws/install/dobot_msgs_v4/include/dobot_msgs_v4/dobot_msgs_v4/srv/detail/mov_j__rosidl_typesupport_fastrtps_c.h
[1.347s] -- Up-to-date: /home/user/dobot_ws/install/dobot_msgs_v4/include/dobot_msgs_v4/dobot_msgs_v4/srv/detail/mov_lio__rosidl_typesupport_fastrtps_c.h
[1.347s] -- Up-to-date: /home/user/dobot_ws/install/dobot_msgs_v4/include/dobot_msgs_v4/dobot_msgs_v4/srv/detail/enable_safe_skin__rosidl_typesupport_fastrtps_c.h
[1.348s] -- Up-to-date: /home/user/dobot_ws/install/dobot_msgs_v4/include/dobot_msgs_v4/dobot_msgs_v4/srv/detail/get_do_group_dec__rosidl_typesupport_fastrtps_c.h
[1.348s] -- Up-to-date: /home/user/dobot_ws/install/dobot_msgs_v4/include/dobot_msgs_v4/dobot_msgs_v4/srv/detail/stop_drag__rosidl_typesupport_fastrtps_c.h
[1.348s] -- Up-to-date: /home/user/dobot_ws/install/dobot_msgs_v4/include/dobot_msgs_v4/dobot_msgs_v4/srv/detail/fc_off__rosidl_typesupport_fastrtps_c.h
[1.348s] -- Up-to-date: /home/user/dobot_ws/install/dobot_msgs_v4/include/dobot_msgs_v4/dobot_msgs_v4/srv/detail/set_tool485__rosidl_typesupport_fastrtps_c.h
[1.348s] -- Up-to-date: /home/user/dobot_ws/install/dobot_msgs_v4/include/dobot_msgs_v4/dobot_msgs_v4/srv/detail/servo_j__rosidl_typesupport_fastrtps_c.h
[1.348s] -- Up-to-date: /home/user/dobot_ws/install/dobot_msgs_v4/include/dobot_msgs_v4/dobot_msgs_v4/srv/detail/set_output_int__rosidl_typesupport_fastrtps_c.h
[1.348s] -- Up-to-date: /home/user/dobot_ws/install/dobot_msgs_v4/include/dobot_msgs_v4/dobot_msgs_v4/srv/detail/rel_joint_mov_j__rosidl_typesupport_fastrtps_c.h
[1.348s] -- Up-to-date: /home/user/dobot_ws/install/dobot_msgs_v4/include/dobot_msgs_v4/dobot_msgs_v4/srv/detail/end_rt_offset__rosidl_typesupport_fastrtps_c.h
[1.349s] -- Up-to-date: /home/user/dobot_ws/install/dobot_msgs_v4/include/dobot_msgs_v4/dobot_msgs_v4/srv/detail/set_collision_level__rosidl_typesupport_fastrtps_c.h
[1.349s] -- Up-to-date: /home/user/dobot_ws/install/dobot_msgs_v4/include/dobot_msgs_v4/dobot_msgs_v4/srv/detail/acc_l__rosidl_typesupport_fastrtps_c.h
[1.349s] -- Up-to-date: /home/user/dobot_ws/install/dobot_msgs_v4/include/dobot_msgs_v4/dobot_msgs_v4/srv/detail/di_group__rosidl_typesupport_fastrtps_c.h
[1.349s] -- Up-to-date: /home/user/dobot_ws/install/dobot_msgs_v4/include/dobot_msgs_v4/dobot_msgs_v4/srv/detail/check_odd_mov_j__rosidl_typesupport_fastrtps_c.h
[1.350s] -- Up-to-date: /home/user/dobot_ws/install/dobot_msgs_v4/include/dobot_msgs_v4/dobot_msgs_v4/srv/detail/inverse_solution__rosidl_typesupport_fastrtps_c.h
[1.350s] -- Up-to-date: /home/user/dobot_ws/install/dobot_msgs_v4/include/dobot_msgs_v4/dobot_msgs_v4/srv/detail/tool_do_instant__rosidl_typesupport_fastrtps_c.h
[1.350s] -- Up-to-date: /home/user/dobot_ws/install/dobot_msgs_v4/include/dobot_msgs_v4/dobot_msgs_v4/srv/detail/emergency_stop__rosidl_typesupport_fastrtps_c.h
[1.350s] -- Up-to-date: /home/user/dobot_ws/install/dobot_msgs_v4/include/dobot_msgs_v4/dobot_msgs_v4/srv/detail/fc_set_force__rosidl_typesupport_fastrtps_c.h
[1.350s] -- Up-to-date: /home/user/dobot_ws/install/dobot_msgs_v4/include/dobot_msgs_v4/dobot_msgs_v4/srv/detail/set_tool__rosidl_typesupport_fastrtps_c.h
[1.350s] -- Up-to-date: /home/user/dobot_ws/install/dobot_msgs_v4/include/dobot_msgs_v4/dobot_msgs_v4/srv/detail/get_output_bool__rosidl_typesupport_fastrtps_c.h
[1.350s] -- Up-to-date: /home/user/dobot_ws/install/dobot_msgs_v4/include/dobot_msgs_v4/dobot_msgs_v4/srv/detail/tool_di__rosidl_typesupport_fastrtps_c.h
[1.350s] -- Up-to-date: /home/user/dobot_ws/install/dobot_msgs_v4/include/dobot_msgs_v4/dobot_msgs_v4/srv/detail/robot_mode__rosidl_typesupport_fastrtps_c.h
[1.350s] -- Up-to-date: /home/user/dobot_ws/install/dobot_msgs_v4/include/dobot_msgs_v4/dobot_msgs_v4/srv/detail/rel_mov_j_user__rosidl_typesupport_fastrtps_c.h
[1.350s] -- Up-to-date: /home/user/dobot_ws/install/dobot_msgs_v4/include/dobot_msgs_v4/dobot_msgs_v4/srv/detail/set_safe_skin__rosidl_typesupport_fastrtps_c.h
[1.350s] -- Up-to-date: /home/user/dobot_ws/install/dobot_msgs_v4/include/dobot_msgs_v4/dobot_msgs_v4/srv/detail/run_script__rosidl_typesupport_fastrtps_c.h
[1.350s] -- Up-to-date: /home/user/dobot_ws/install/dobot_msgs_v4/include/dobot_msgs_v4/dobot_msgs_v4/srv/detail/power_on__rosidl_typesupport_fastrtps_c.h
[1.351s] -- Up-to-date: /home/user/dobot_ws/install/dobot_msgs_v4/include/dobot_msgs_v4/dobot_msgs_v4/srv/detail/speed_factor__rosidl_typesupport_fastrtps_c.h
[1.351s] -- Up-to-date: /home/user/dobot_ws/install/dobot_msgs_v4/include/dobot_msgs_v4/dobot_msgs_v4/srv/detail/get_input_bool__rosidl_typesupport_fastrtps_c.h
[1.351s] -- Up-to-date: /home/user/dobot_ws/install/dobot_msgs_v4/include/dobot_msgs_v4/dobot_msgs_v4/srv/detail/force_drive_speed__rosidl_typesupport_fastrtps_c.h
[1.351s] -- Up-to-date: /home/user/dobot_ws/install/dobot_msgs_v4/include/dobot_msgs_v4/dobot_msgs_v4/srv/detail/do_group__rosidl_typesupport_fastrtps_c.h
[1.351s] -- Up-to-date: /home/user/dobot_ws/install/dobot_msgs_v4/include/dobot_msgs_v4/dobot_msgs_v4/srv/detail/do_group_dec__rosidl_typesupport_fastrtps_c.h
[1.351s] -- Up-to-date: /home/user/dobot_ws/install/dobot_msgs_v4/include/dobot_msgs_v4/dobot_msgs_v4/srv/detail/cp__rosidl_typesupport_fastrtps_c.h
[1.351s] -- Up-to-date: /home/user/dobot_ws/install/dobot_msgs_v4/include/dobot_msgs_v4/dobot_msgs_v4/srv/detail/pause__rosidl_typesupport_fastrtps_c.h
[1.351s] -- Up-to-date: /home/user/dobot_ws/install/dobot_msgs_v4/include/dobot_msgs_v4/dobot_msgs_v4/srv/detail/enable_robot__rosidl_typesupport_fastrtps_c.h
[1.351s] -- Up-to-date: /home/user/dobot_ws/install/dobot_msgs_v4/include/dobot_msgs_v4/dobot_msgs_v4/srv/detail/fc_set_mass__rosidl_typesupport_fastrtps_c.h
[1.351s] -- Up-to-date: /home/user/dobot_ws/install/dobot_msgs_v4/lib/libdobot_msgs_v4__rosidl_typesupport_fastrtps_c.so
[1.351s] -- Up-to-date: /home/user/dobot_ws/install/dobot_msgs_v4/include/dobot_msgs_v4/dobot_msgs_v4
[1.351s] -- Up-to-date: /home/user/dobot_ws/install/dobot_msgs_v4/include/dobot_msgs_v4/dobot_msgs_v4/msg
[1.351s] -- Up-to-date: /home/user/dobot_ws/install/dobot_msgs_v4/include/dobot_msgs_v4/dobot_msgs_v4/msg/rosidl_generator_cpp__visibility_control.hpp
[1.351s] -- Up-to-date: /home/user/dobot_ws/install/dobot_msgs_v4/include/dobot_msgs_v4/dobot_msgs_v4/msg/robot_status.hpp
[1.352s] -- Up-to-date: /home/user/dobot_ws/install/dobot_msgs_v4/include/dobot_msgs_v4/dobot_msgs_v4/msg/tool_vector_actual.hpp
[1.352s] -- Up-to-date: /home/user/dobot_ws/install/dobot_msgs_v4/include/dobot_msgs_v4/dobot_msgs_v4/msg/detail
[1.352s] -- Up-to-date: /home/user/dobot_ws/install/dobot_msgs_v4/include/dobot_msgs_v4/dobot_msgs_v4/msg/detail/tool_vector_actual__builder.hpp
[1.353s] -- Up-to-date: /home/user/dobot_ws/install/dobot_msgs_v4/include/dobot_msgs_v4/dobot_msgs_v4/msg/detail/tool_vector_actual__type_support.hpp
[1.353s] -- Up-to-date: /home/user/dobot_ws/install/dobot_msgs_v4/include/dobot_msgs_v4/dobot_msgs_v4/msg/detail/robot_status__type_support.hpp
[1.353s] -- Up-to-date: /home/user/dobot_ws/install/dobot_msgs_v4/include/dobot_msgs_v4/dobot_msgs_v4/msg/detail/tool_vector_actual__struct.hpp
[1.353s] -- Up-to-date: /home/user/dobot_ws/install/dobot_msgs_v4/include/dobot_msgs_v4/dobot_msgs_v4/msg/detail/robot_status__traits.hpp
[1.354s] -- Up-to-date: /home/user/dobot_ws/install/dobot_msgs_v4/include/dobot_msgs_v4/dobot_msgs_v4/msg/detail/robot_status__struct.hpp
[1.354s] -- Up-to-date: /home/user/dobot_ws/install/dobot_msgs_v4/include/dobot_msgs_v4/dobot_msgs_v4/msg/detail/tool_vector_actual__traits.hpp
[1.354s] -- Up-to-date: /home/user/dobot_ws/install/dobot_msgs_v4/include/dobot_msgs_v4/dobot_msgs_v4/msg/detail/robot_status__builder.hpp
[1.354s] -- Up-to-date: /home/user/dobot_ws/install/dobot_msgs_v4/include/dobot_msgs_v4/dobot_msgs_v4/srv
[1.355s] -- Up-to-date: /home/user/dobot_ws/install/dobot_msgs_v4/include/dobot_msgs_v4/dobot_msgs_v4/srv/request_control.hpp
[1.355s] -- Up-to-date: /home/user/dobot_ws/install/dobot_msgs_v4/include/dobot_msgs_v4/dobot_msgs_v4/srv/force_drive_speed.hpp
[1.355s] -- Up-to-date: /home/user/dobot_ws/install/dobot_msgs_v4/include/dobot_msgs_v4/dobot_msgs_v4/srv/start_rt_offset.hpp
[1.355s] -- Up-to-date: /home/user/dobot_ws/install/dobot_msgs_v4/include/dobot_msgs_v4/dobot_msgs_v4/srv/set_back_distance.hpp
[1.355s] -- Up-to-date: /home/user/dobot_ws/install/dobot_msgs_v4/include/dobot_msgs_v4/dobot_msgs_v4/srv/mov_l.hpp
[1.356s] -- Up-to-date: /home/user/dobot_ws/install/dobot_msgs_v4/include/dobot_msgs_v4/dobot_msgs_v4/srv/modbus_create.hpp
[1.356s] -- Up-to-date: /home/user/dobot_ws/install/dobot_msgs_v4/include/dobot_msgs_v4/dobot_msgs_v4/srv/ai.hpp
[1.356s] -- Up-to-date: /home/user/dobot_ws/install/dobot_msgs_v4/include/dobot_msgs_v4/dobot_msgs_v4/srv/rel_mov_j_tool.hpp
[1.356s] -- Up-to-date: /home/user/dobot_ws/install/dobot_msgs_v4/include/dobot_msgs_v4/dobot_msgs_v4/srv/get_hold_regs.hpp
[1.357s] -- Up-to-date: /home/user/dobot_ws/install/dobot_msgs_v4/include/dobot_msgs_v4/dobot_msgs_v4/srv/user.hpp
[1.357s] -- Up-to-date: /home/user/dobot_ws/install/dobot_msgs_v4/include/dobot_msgs_v4/dobot_msgs_v4/srv/get_in_bits.hpp
[1.357s] -- Up-to-date: /home/user/dobot_ws/install/dobot_msgs_v4/include/dobot_msgs_v4/dobot_msgs_v4/srv/mov_j.hpp
[1.357s] -- Up-to-date: /home/user/dobot_ws/install/dobot_msgs_v4/include/dobot_msgs_v4/dobot_msgs_v4/srv/rel_mov_l_user.hpp
[1.358s] -- Up-to-date: /home/user/dobot_ws/install/dobot_msgs_v4/include/dobot_msgs_v4/dobot_msgs_v4/srv/rel_mov_j_user.hpp
[1.358s] -- Up-to-date: /home/user/dobot_ws/install/dobot_msgs_v4/include/dobot_msgs_v4/dobot_msgs_v4/srv/set_output_bool.hpp
[1.358s] -- Up-to-date: /home/user/dobot_ws/install/dobot_msgs_v4/include/dobot_msgs_v4/dobot_msgs_v4/srv/enable_ft_sensor.hpp
[1.358s] -- Up-to-date: /home/user/dobot_ws/install/dobot_msgs_v4/include/dobot_msgs_v4/dobot_msgs_v4/srv/get_do_group.hpp
[1.358s] -- Up-to-date: /home/user/dobot_ws/install/dobot_msgs_v4/include/dobot_msgs_v4/dobot_msgs_v4/srv/get_start_pose.hpp
[1.358s] -- Up-to-date: /home/user/dobot_ws/install/dobot_msgs_v4/include/dobot_msgs_v4/dobot_msgs_v4/srv/disable_robot.hpp
[1.359s] -- Up-to-date: /home/user/dobot_ws/install/dobot_msgs_v4/include/dobot_msgs_v4/dobot_msgs_v4/srv/arc.hpp
[1.359s] -- Up-to-date: /home/user/dobot_ws/install/dobot_msgs_v4/include/dobot_msgs_v4/dobot_msgs_v4/srv/check_odd_mov_c.hpp
[1.359s] -- Up-to-date: /home/user/dobot_ws/install/dobot_msgs_v4/include/dobot_msgs_v4/dobot_msgs_v4/srv/pause.hpp
[1.359s] -- Up-to-date: /home/user/dobot_ws/install/dobot_msgs_v4/include/dobot_msgs_v4/dobot_msgs_v4/srv/mov_jio.hpp
[1.359s] -- Up-to-date: /home/user/dobot_ws/install/dobot_msgs_v4/include/dobot_msgs_v4/dobot_msgs_v4/srv/inverse_kin.hpp
[1.360s] -- Up-to-date: /home/user/dobot_ws/install/dobot_msgs_v4/include/dobot_msgs_v4/dobot_msgs_v4/srv/rel_mov_l_tool.hpp
[1.362s] -- Up-to-date: /home/user/dobot_ws/install/dobot_msgs_v4/include/dobot_msgs_v4/dobot_msgs_v4/srv/di_group_dec.hpp
[1.362s] -- Up-to-date: /home/user/dobot_ws/install/dobot_msgs_v4/include/dobot_msgs_v4/dobot_msgs_v4/srv/stop.hpp
[1.363s] -- Up-to-date: /home/user/dobot_ws/install/dobot_msgs_v4/include/dobot_msgs_v4/dobot_msgs_v4/srv/enable_safe_skin.hpp
[1.363s] -- Up-to-date: /home/user/dobot_ws/install/dobot_msgs_v4/include/dobot_msgs_v4/dobot_msgs_v4/srv/stop_move_jog.hpp
[1.363s] -- Up-to-date: /home/user/dobot_ws/install/dobot_msgs_v4/include/dobot_msgs_v4/dobot_msgs_v4/srv/set_tool_power.hpp
[1.363s] -- Up-to-date: /home/user/dobot_ws/install/dobot_msgs_v4/include/dobot_msgs_v4/dobot_msgs_v4/srv/tool_di.hpp
[1.364s] -- Up-to-date: /home/user/dobot_ws/install/dobot_msgs_v4/include/dobot_msgs_v4/dobot_msgs_v4/srv/stop_drag.hpp
[1.364s] -- Up-to-date: /home/user/dobot_ws/install/dobot_msgs_v4/include/dobot_msgs_v4/dobot_msgs_v4/srv/set_tool.hpp
[1.364s] -- Up-to-date: /home/user/dobot_ws/install/dobot_msgs_v4/include/dobot_msgs_v4/dobot_msgs_v4/srv/get_do.hpp
[1.364s] -- Up-to-date: /home/user/dobot_ws/install/dobot_msgs_v4/include/dobot_msgs_v4/dobot_msgs_v4/srv/di.hpp
[1.364s] -- Up-to-date: /home/user/dobot_ws/install/dobot_msgs_v4/include/dobot_msgs_v4/dobot_msgs_v4/srv/six_force_home.hpp
[1.365s] -- Up-to-date: /home/user/dobot_ws/install/dobot_msgs_v4/include/dobot_msgs_v4/dobot_msgs_v4/srv/mov_lio.hpp
[1.365s] -- Up-to-date: /home/user/dobot_ws/install/dobot_msgs_v4/include/dobot_msgs_v4/dobot_msgs_v4/srv/set_output_int.hpp
[1.365s] -- Up-to-date: /home/user/dobot_ws/install/dobot_msgs_v4/include/dobot_msgs_v4/dobot_msgs_v4/srv/get_output_float.hpp
[1.365s] -- Up-to-date: /home/user/dobot_ws/install/dobot_msgs_v4/include/dobot_msgs_v4/dobot_msgs_v4/srv/vel_j.hpp
[1.366s] -- Up-to-date: /home/user/dobot_ws/install/dobot_msgs_v4/include/dobot_msgs_v4/dobot_msgs_v4/srv/ao_instant.hpp
[1.367s] -- Up-to-date: /home/user/dobot_ws/install/dobot_msgs_v4/include/dobot_msgs_v4/dobot_msgs_v4/srv/clear_error.hpp
[1.367s] -- Up-to-date: /home/user/dobot_ws/install/dobot_msgs_v4/include/dobot_msgs_v4/dobot_msgs_v4/srv/start_path.hpp
[1.367s] -- Up-to-date: /home/user/dobot_ws/install/dobot_msgs_v4/include/dobot_msgs_v4/dobot_msgs_v4/srv/fc_set_force_limit.hpp
[1.367s] -- Up-to-date: /home/user/dobot_ws/install/dobot_msgs_v4/include/dobot_msgs_v4/dobot_msgs_v4/srv/rel_joint_mov_j.hpp
[1.367s] -- Up-to-date: /home/user/dobot_ws/install/dobot_msgs_v4/include/dobot_msgs_v4/dobot_msgs_v4/srv/start_drag.hpp
[1.367s] -- Up-to-date: /home/user/dobot_ws/install/dobot_msgs_v4/include/dobot_msgs_v4/dobot_msgs_v4/srv/tool_do_instant.hpp
[1.368s] -- Up-to-date: /home/user/dobot_ws/install/dobot_msgs_v4/include/dobot_msgs_v4/dobot_msgs_v4/srv/fc_set_deviation.hpp
[1.368s] -- Up-to-date: /home/user/dobot_ws/install/dobot_msgs_v4/include/dobot_msgs_v4/dobot_msgs_v4/srv/do_instant.hpp
[1.368s] -- Up-to-date: /home/user/dobot_ws/install/dobot_msgs_v4/include/dobot_msgs_v4/dobot_msgs_v4/srv/ao.hpp
[1.368s] -- Up-to-date: /home/user/dobot_ws/install/dobot_msgs_v4/include/dobot_msgs_v4/dobot_msgs_v4/srv/set_safe_skin.hpp
[1.368s] -- Up-to-date: /home/user/dobot_ws/install/dobot_msgs_v4/include/dobot_msgs_v4/dobot_msgs_v4/srv/servo_p.hpp
[1.368s] -- Up-to-date: /home/user/dobot_ws/install/dobot_msgs_v4/include/dobot_msgs_v4/dobot_msgs_v4/srv/get_tool_do.hpp
[1.368s] -- Up-to-date: /home/user/dobot_ws/install/dobot_msgs_v4/include/dobot_msgs_v4/dobot_msgs_v4/srv/servo_j.hpp
[1.369s] -- Up-to-date: /home/user/dobot_ws/install/dobot_msgs_v4/include/dobot_msgs_v4/dobot_msgs_v4/srv/move_jog.hpp
[1.369s] -- Up-to-date: /home/user/dobot_ws/install/dobot_msgs_v4/include/dobot_msgs_v4/dobot_msgs_v4/srv/speed_factor.hpp
[1.369s] -- Up-to-date: /home/user/dobot_ws/install/dobot_msgs_v4/include/dobot_msgs_v4/dobot_msgs_v4/srv/get_input_bool.hpp
[1.370s] -- Up-to-date: /home/user/dobot_ws/install/dobot_msgs_v4/include/dobot_msgs_v4/dobot_msgs_v4/srv/inverse_solution.hpp
[1.370s] -- Up-to-date: /home/user/dobot_ws/install/dobot_msgs_v4/include/dobot_msgs_v4/dobot_msgs_v4/srv/enable_robot.hpp
[1.370s] -- Up-to-date: /home/user/dobot_ws/install/dobot_msgs_v4/include/dobot_msgs_v4/dobot_msgs_v4/srv/acc_j.hpp
[1.370s] -- Up-to-date: /home/user/dobot_ws/install/dobot_msgs_v4/include/dobot_msgs_v4/dobot_msgs_v4/srv/fc_force_mode.hpp
[1.371s] -- Up-to-date: /home/user/dobot_ws/install/dobot_msgs_v4/include/dobot_msgs_v4/dobot_msgs_v4/srv/do_group.hpp
[1.371s] -- Up-to-date: /home/user/dobot_ws/install/dobot_msgs_v4/include/dobot_msgs_v4/dobot_msgs_v4/srv/set_coils.hpp
[1.371s] -- Up-to-date: /home/user/dobot_ws/install/dobot_msgs_v4/include/dobot_msgs_v4/dobot_msgs_v4/srv/get_pose.hpp
[1.372s] -- Up-to-date: /home/user/dobot_ws/install/dobot_msgs_v4/include/dobot_msgs_v4/dobot_msgs_v4/srv/calc_tool.hpp
[1.372s] -- Up-to-date: /home/user/dobot_ws/install/dobot_msgs_v4/include/dobot_msgs_v4/dobot_msgs_v4/srv/do.hpp
[1.372s] -- Up-to-date: /home/user/dobot_ws/install/dobot_msgs_v4/include/dobot_msgs_v4/dobot_msgs_v4/srv/reset_robot.hpp
[1.372s] -- Up-to-date: /home/user/dobot_ws/install/dobot_msgs_v4/include/dobot_msgs_v4/dobot_msgs_v4/srv/fc_set_stiffness.hpp
[1.372s] -- Up-to-date: /home/user/dobot_ws/install/dobot_msgs_v4/include/dobot_msgs_v4/dobot_msgs_v4/srv/circle.hpp
[1.373s] -- Up-to-date: /home/user/dobot_ws/install/dobot_msgs_v4/include/dobot_msgs_v4/dobot_msgs_v4/srv/do_group_dec.hpp
[1.373s] -- Up-to-date: /home/user/dobot_ws/install/dobot_msgs_v4/include/dobot_msgs_v4/dobot_msgs_v4/srv/get_output_int.hpp
[1.373s] -- Up-to-date: /home/user/dobot_ws/install/dobot_msgs_v4/include/dobot_msgs_v4/dobot_msgs_v4/srv/fc_set_damping.hpp
[1.373s] -- Up-to-date: /home/user/dobot_ws/install/dobot_msgs_v4/include/dobot_msgs_v4/dobot_msgs_v4/srv/tool_ai.hpp
[1.374s] -- Up-to-date: /home/user/dobot_ws/install/dobot_msgs_v4/include/dobot_msgs_v4/dobot_msgs_v4/srv/set_output_float.hpp
[1.374s] -- Up-to-date: /home/user/dobot_ws/install/dobot_msgs_v4/include/dobot_msgs_v4/dobot_msgs_v4/srv/modbus_close.hpp
[1.374s] -- Up-to-date: /home/user/dobot_ws/install/dobot_msgs_v4/include/dobot_msgs_v4/dobot_msgs_v4/srv/check_odd_mov_j.hpp
[1.375s] -- Up-to-date: /home/user/dobot_ws/install/dobot_msgs_v4/include/dobot_msgs_v4/dobot_msgs_v4/srv/get_force.hpp
[1.376s] -- Up-to-date: /home/user/dobot_ws/install/dobot_msgs_v4/include/dobot_msgs_v4/dobot_msgs_v4/srv/modbus_rtu_create.hpp
[1.376s] -- Up-to-date: /home/user/dobot_ws/install/dobot_msgs_v4/include/dobot_msgs_v4/dobot_msgs_v4/srv/get_angle.hpp
[1.376s] -- Up-to-date: /home/user/dobot_ws/install/dobot_msgs_v4/include/dobot_msgs_v4/dobot_msgs_v4/srv/force_drive_mode.hpp
[1.377s] -- Up-to-date: /home/user/dobot_ws/install/dobot_msgs_v4/include/dobot_msgs_v4/dobot_msgs_v4/srv/continue.hpp
[1.378s] -- Up-to-date: /home/user/dobot_ws/install/dobot_msgs_v4/include/dobot_msgs_v4/dobot_msgs_v4/srv/get_error.hpp
[1.378s] -- Up-to-date: /home/user/dobot_ws/install/dobot_msgs_v4/include/dobot_msgs_v4/dobot_msgs_v4/srv/brake_control.hpp
[1.378s] -- Up-to-date: /home/user/dobot_ws/install/dobot_msgs_v4/include/dobot_msgs_v4/dobot_msgs_v4/srv/set_fc_collision.hpp
[1.378s] -- Up-to-date: /home/user/dobot_ws/install/dobot_msgs_v4/include/dobot_msgs_v4/dobot_msgs_v4/srv/set_tool485.hpp
[1.378s] -- Up-to-date: /home/user/dobot_ws/install/dobot_msgs_v4/include/dobot_msgs_v4/dobot_msgs_v4/srv/acc_l.hpp
[1.379s] -- Up-to-date: /home/user/dobot_ws/install/dobot_msgs_v4/include/dobot_msgs_v4/dobot_msgs_v4/srv/fc_off.hpp
[1.379s] -- Up-to-date: /home/user/dobot_ws/install/dobot_msgs_v4/include/dobot_msgs_v4/dobot_msgs_v4/srv/tool_do.hpp
[1.379s] -- Up-to-date: /home/user/dobot_ws/install/dobot_msgs_v4/include/dobot_msgs_v4/dobot_msgs_v4/srv/set_tool_mode.hpp
[1.379s] -- Up-to-date: /home/user/dobot_ws/install/dobot_msgs_v4/include/dobot_msgs_v4/dobot_msgs_v4/srv/fc_set_force.hpp
[1.380s] -- Up-to-date: /home/user/dobot_ws/install/dobot_msgs_v4/include/dobot_msgs_v4/dobot_msgs_v4/srv/set_user.hpp
[1.380s] -- Up-to-date: /home/user/dobot_ws/install/dobot_msgs_v4/include/dobot_msgs_v4/dobot_msgs_v4/srv/get_ao.hpp
[1.380s] -- Up-to-date: /home/user/dobot_ws/install/dobot_msgs_v4/include/dobot_msgs_v4/dobot_msgs_v4/srv/robot_mode.hpp
[1.380s] -- Up-to-date: /home/user/dobot_ws/install/dobot_msgs_v4/include/dobot_msgs_v4/dobot_msgs_v4/srv/get_do_group_dec.hpp
[1.380s] -- Up-to-date: /home/user/dobot_ws/install/dobot_msgs_v4/include/dobot_msgs_v4/dobot_msgs_v4/srv/calc_user.hpp
[1.381s] -- Up-to-date: /home/user/dobot_ws/install/dobot_msgs_v4/include/dobot_msgs_v4/dobot_msgs_v4/srv/tcp_dashboard.hpp
[1.381s] -- Up-to-date: /home/user/dobot_ws/install/dobot_msgs_v4/include/dobot_msgs_v4/dobot_msgs_v4/srv/emergency_stop.hpp
[1.381s] -- Up-to-date: /home/user/dobot_ws/install/dobot_msgs_v4/include/dobot_msgs_v4/dobot_msgs_v4/srv/get_input_float.hpp
[1.381s] -- Up-to-date: /home/user/dobot_ws/install/dobot_msgs_v4/include/dobot_msgs_v4/dobot_msgs_v4/srv/fc_set_force_speed_limit.hpp
[1.382s] -- Up-to-date: /home/user/dobot_ws/install/dobot_msgs_v4/include/dobot_msgs_v4/dobot_msgs_v4/srv/tool.hpp
[1.383s] -- Up-to-date: /home/user/dobot_ws/install/dobot_msgs_v4/include/dobot_msgs_v4/dobot_msgs_v4/srv/drag_sensivity.hpp
[1.383s] -- Up-to-date: /home/user/dobot_ws/install/dobot_msgs_v4/include/dobot_msgs_v4/dobot_msgs_v4/srv/get_coils.hpp
[1.383s] -- Up-to-date: /home/user/dobot_ws/install/dobot_msgs_v4/include/dobot_msgs_v4/dobot_msgs_v4/srv/get_in_regs.hpp
[1.383s] -- Up-to-date: /home/user/dobot_ws/install/dobot_msgs_v4/include/dobot_msgs_v4/dobot_msgs_v4/srv/get_current_command_id.hpp
[1.383s] -- Up-to-date: /home/user/dobot_ws/install/dobot_msgs_v4/include/dobot_msgs_v4/dobot_msgs_v4/srv/set_collision_level.hpp
[1.383s] -- Up-to-date: /home/user/dobot_ws/install/dobot_msgs_v4/include/dobot_msgs_v4/dobot_msgs_v4/srv/set_payload.hpp
[1.384s] -- Up-to-date: /home/user/dobot_ws/install/dobot_msgs_v4/include/dobot_msgs_v4/dobot_msgs_v4/srv/cp.hpp
[1.385s] -- Up-to-date: /home/user/dobot_ws/install/dobot_msgs_v4/include/dobot_msgs_v4/dobot_msgs_v4/srv/set_safe_wall_enable.hpp
[1.385s] -- Up-to-date: /home/user/dobot_ws/install/dobot_msgs_v4/include/dobot_msgs_v4/dobot_msgs_v4/srv/end_rt_offset.hpp
[1.385s] -- Up-to-date: /home/user/dobot_ws/install/dobot_msgs_v4/include/dobot_msgs_v4/dobot_msgs_v4/srv/run_to.hpp
[1.385s] -- Up-to-date: /home/user/dobot_ws/install/dobot_msgs_v4/include/dobot_msgs_v4/dobot_msgs_v4/srv/set_post_collision_mode.hpp
[1.385s] -- Up-to-date: /home/user/dobot_ws/install/dobot_msgs_v4/include/dobot_msgs_v4/dobot_msgs_v4/srv/get_error_id.hpp
[1.385s] -- Up-to-date: /home/user/dobot_ws/install/dobot_msgs_v4/include/dobot_msgs_v4/dobot_msgs_v4/srv/detail
[1.385s] -- Up-to-date: /home/user/dobot_ws/install/dobot_msgs_v4/include/dobot_msgs_v4/dobot_msgs_v4/srv/detail/acc_l__builder.hpp
[1.386s] -- Up-to-date: /home/user/dobot_ws/install/dobot_msgs_v4/include/dobot_msgs_v4/dobot_msgs_v4/srv/detail/fc_force_mode__traits.hpp
[1.386s] -- Up-to-date: /home/user/dobot_ws/install/dobot_msgs_v4/include/dobot_msgs_v4/dobot_msgs_v4/srv/detail/set_safe_wall_enable__struct.hpp
[1.386s] -- Up-to-date: /home/user/dobot_ws/install/dobot_msgs_v4/include/dobot_msgs_v4/dobot_msgs_v4/srv/detail/di__type_support.hpp
[1.386s] -- Up-to-date: /home/user/dobot_ws/install/dobot_msgs_v4/include/dobot_msgs_v4/dobot_msgs_v4/srv/detail/set_coils__builder.hpp
[1.386s] -- Up-to-date: /home/user/dobot_ws/install/dobot_msgs_v4/include/dobot_msgs_v4/dobot_msgs_v4/srv/detail/stop__traits.hpp
[1.386s] -- Up-to-date: /home/user/dobot_ws/install/dobot_msgs_v4/include/dobot_msgs_v4/dobot_msgs_v4/srv/detail/get_input_int__type_support.hpp
[1.386s] -- Up-to-date: /home/user/dobot_ws/install/dobot_msgs_v4/include/dobot_msgs_v4/dobot_msgs_v4/srv/detail/fc_set_stiffness__type_support.hpp
[1.386s] -- Up-to-date: /home/user/dobot_ws/install/dobot_msgs_v4/include/dobot_msgs_v4/dobot_msgs_v4/srv/detail/circle__builder.hpp
[1.386s] -- Up-to-date: /home/user/dobot_ws/install/dobot_msgs_v4/include/dobot_msgs_v4/dobot_msgs_v4/srv/detail/pause__type_support.hpp
[1.387s] -- Up-to-date: /home/user/dobot_ws/install/dobot_msgs_v4/include/dobot_msgs_v4/dobot_msgs_v4/srv/detail/stop_drag__builder.hpp
[1.387s] -- Up-to-date: /home/user/dobot_ws/install/dobot_msgs_v4/include/dobot_msgs_v4/dobot_msgs_v4/srv/detail/set_safe_wall_enable__builder.hpp
[1.387s] -- Up-to-date: /home/user/dobot_ws/install/dobot_msgs_v4/include/dobot_msgs_v4/dobot_msgs_v4/srv/detail/enable_safe_skin__type_support.hpp
[1.387s] -- Up-to-date: /home/user/dobot_ws/install/dobot_msgs_v4/include/dobot_msgs_v4/dobot_msgs_v4/srv/detail/get_ao__type_support.hpp
[1.387s] -- Up-to-date: /home/user/dobot_ws/install/dobot_msgs_v4/include/dobot_msgs_v4/dobot_msgs_v4/srv/detail/check_odd_mov_l__type_support.hpp
[1.387s] -- Up-to-date: /home/user/dobot_ws/install/dobot_msgs_v4/include/dobot_msgs_v4/dobot_msgs_v4/srv/detail/modbus_rtu_create__type_support.hpp
[1.387s] -- Up-to-date: /home/user/dobot_ws/install/dobot_msgs_v4/include/dobot_msgs_v4/dobot_msgs_v4/srv/detail/set_back_distance__traits.hpp
[1.389s] -- Up-to-date: /home/user/dobot_ws/install/dobot_msgs_v4/include/dobot_msgs_v4/dobot_msgs_v4/srv/detail/power_on__traits.hpp
[1.389s] -- Up-to-date: /home/user/dobot_ws/install/dobot_msgs_v4/include/dobot_msgs_v4/dobot_msgs_v4/srv/detail/tcp_dashboard__builder.hpp
[1.390s] -- Up-to-date: /home/user/dobot_ws/install/dobot_msgs_v4/include/dobot_msgs_v4/dobot_msgs_v4/srv/detail/set_tool485__struct.hpp
[1.390s] -- Up-to-date: /home/user/dobot_ws/install/dobot_msgs_v4/include/dobot_msgs_v4/dobot_msgs_v4/srv/detail/get_input_int__struct.hpp
[1.390s] -- Up-to-date: /home/user/dobot_ws/install/dobot_msgs_v4/include/dobot_msgs_v4/dobot_msgs_v4/srv/detail/tool__type_support.hpp
[1.390s] -- Up-to-date: /home/user/dobot_ws/install/dobot_msgs_v4/include/dobot_msgs_v4/dobot_msgs_v4/srv/detail/clear_error__builder.hpp
[1.390s] -- Up-to-date: /home/user/dobot_ws/install/dobot_msgs_v4/include/dobot_msgs_v4/dobot_msgs_v4/srv/detail/tcp_dashboard__struct.hpp
[1.391s] -- Up-to-date: /home/user/dobot_ws/install/dobot_msgs_v4/include/dobot_msgs_v4/dobot_msgs_v4/srv/detail/calc_tool__builder.hpp
[1.391s] -- Up-to-date: /home/user/dobot_ws/install/dobot_msgs_v4/include/dobot_msgs_v4/dobot_msgs_v4/srv/detail/set_hold_regs__struct.hpp
[1.391s] -- Up-to-date: /home/user/dobot_ws/install/dobot_msgs_v4/include/dobot_msgs_v4/dobot_msgs_v4/srv/detail/set_tool_power__type_support.hpp
[1.391s] -- Up-to-date: /home/user/dobot_ws/install/dobot_msgs_v4/include/dobot_msgs_v4/dobot_msgs_v4/srv/detail/brake_control__type_support.hpp
[1.392s] -- Up-to-date: /home/user/dobot_ws/install/dobot_msgs_v4/include/dobot_msgs_v4/dobot_msgs_v4/srv/detail/get_input_int__traits.hpp
[1.392s] -- Up-to-date: /home/user/dobot_ws/install/dobot_msgs_v4/include/dobot_msgs_v4/dobot_msgs_v4/srv/detail/servo_p__struct.hpp
[1.392s] -- Up-to-date: /home/user/dobot_ws/install/dobot_msgs_v4/include/dobot_msgs_v4/dobot_msgs_v4/srv/detail/di__builder.hpp
[1.392s] -- Up-to-date: /home/user/dobot_ws/install/dobot_msgs_v4/include/dobot_msgs_v4/dobot_msgs_v4/srv/detail/fc_set_deviation__traits.hpp
[1.393s] -- Up-to-date: /home/user/dobot_ws/install/dobot_msgs_v4/include/dobot_msgs_v4/dobot_msgs_v4/srv/detail/rel_mov_l_user__traits.hpp
[1.393s] -- Up-to-date: /home/user/dobot_ws/install/dobot_msgs_v4/include/dobot_msgs_v4/dobot_msgs_v4/srv/detail/get_in_regs__type_support.hpp
[1.393s] -- Up-to-date: /home/user/dobot_ws/install/dobot_msgs_v4/include/dobot_msgs_v4/dobot_msgs_v4/srv/detail/set_collision_level__builder.hpp
[1.393s] -- Up-to-date: /home/user/dobot_ws/install/dobot_msgs_v4/include/dobot_msgs_v4/dobot_msgs_v4/srv/detail/get_do_group_dec__type_support.hpp
[1.393s] -- Up-to-date: /home/user/dobot_ws/install/dobot_msgs_v4/include/dobot_msgs_v4/dobot_msgs_v4/srv/detail/set_output_bool__type_support.hpp
[1.393s] -- Up-to-date: /home/user/dobot_ws/install/dobot_msgs_v4/include/dobot_msgs_v4/dobot_msgs_v4/srv/detail/tool_ai__type_support.hpp
[1.394s] -- Up-to-date: /home/user/dobot_ws/install/dobot_msgs_v4/include/dobot_msgs_v4/dobot_msgs_v4/srv/detail/get_error__traits.hpp
[1.394s] -- Up-to-date: /home/user/dobot_ws/install/dobot_msgs_v4/include/dobot_msgs_v4/dobot_msgs_v4/srv/detail/disable_robot__struct.hpp
[1.395s] -- Up-to-date: /home/user/dobot_ws/install/dobot_msgs_v4/include/dobot_msgs_v4/dobot_msgs_v4/srv/detail/do_group_dec__traits.hpp
[1.395s] -- Up-to-date: /home/user/dobot_ws/install/dobot_msgs_v4/include/dobot_msgs_v4/dobot_msgs_v4/srv/detail/set_output_int__traits.hpp
[1.396s] -- Up-to-date: /home/user/dobot_ws/install/dobot_msgs_v4/include/dobot_msgs_v4/dobot_msgs_v4/srv/detail/set_hold_regs__type_support.hpp
[1.396s] -- Up-to-date: /home/user/dobot_ws/install/dobot_msgs_v4/include/dobot_msgs_v4/dobot_msgs_v4/srv/detail/fc_off__builder.hpp
[1.396s] -- Up-to-date: /home/user/dobot_ws/install/dobot_msgs_v4/include/dobot_msgs_v4/dobot_msgs_v4/srv/detail/robot_mode__struct.hpp
[1.396s] -- Up-to-date: /home/user/dobot_ws/install/dobot_msgs_v4/include/dobot_msgs_v4/dobot_msgs_v4/srv/detail/robot_mode__builder.hpp
[1.397s] -- Up-to-date: /home/user/dobot_ws/install/dobot_msgs_v4/include/dobot_msgs_v4/dobot_msgs_v4/srv/detail/reset_robot__traits.hpp
[1.397s] -- Up-to-date: /home/user/dobot_ws/install/dobot_msgs_v4/include/dobot_msgs_v4/dobot_msgs_v4/srv/detail/fc_set_damping__type_support.hpp
[1.398s] -- Up-to-date: /home/user/dobot_ws/install/dobot_msgs_v4/include/dobot_msgs_v4/dobot_msgs_v4/srv/detail/get_pose__builder.hpp
[1.398s] -- Up-to-date: /home/user/dobot_ws/install/dobot_msgs_v4/include/dobot_msgs_v4/dobot_msgs_v4/srv/detail/get_start_pose__builder.hpp
[1.399s] -- Up-to-date: /home/user/dobot_ws/install/dobot_msgs_v4/include/dobot_msgs_v4/dobot_msgs_v4/srv/detail/ao__traits.hpp
[1.399s] -- Up-to-date: /home/user/dobot_ws/install/dobot_msgs_v4/include/dobot_msgs_v4/dobot_msgs_v4/srv/detail/rel_joint_mov_j__traits.hpp
[1.399s] -- Up-to-date: /home/user/dobot_ws/install/dobot_msgs_v4/include/dobot_msgs_v4/dobot_msgs_v4/srv/detail/cp__struct.hpp
[1.400s] -- Up-to-date: /home/user/dobot_ws/install/dobot_msgs_v4/include/dobot_msgs_v4/dobot_msgs_v4/srv/detail/calc_tool__struct.hpp
[1.400s] -- Up-to-date: /home/user/dobot_ws/install/dobot_msgs_v4/include/dobot_msgs_v4/dobot_msgs_v4/srv/detail/get_output_bool__type_support.hpp
[1.400s] -- Up-to-date: /home/user/dobot_ws/install/dobot_msgs_v4/include/dobot_msgs_v4/dobot_msgs_v4/srv/detail/acc_l__traits.hpp
[1.400s] -- Up-to-date: /home/user/dobot_ws/install/dobot_msgs_v4/include/dobot_msgs_v4/dobot_msgs_v4/srv/detail/vel_j__type_support.hpp
[1.400s] -- Up-to-date: /home/user/dobot_ws/install/dobot_msgs_v4/include/dobot_msgs_v4/dobot_msgs_v4/srv/detail/check_odd_mov_j__struct.hpp
[1.401s] -- Up-to-date: /home/user/dobot_ws/install/dobot_msgs_v4/include/dobot_msgs_v4/dobot_msgs_v4/srv/detail/mov_l__type_support.hpp
[1.401s] -- Up-to-date: /home/user/dobot_ws/install/dobot_msgs_v4/include/dobot_msgs_v4/dobot_msgs_v4/srv/detail/mov_j__traits.hpp
[1.401s] -- Up-to-date: /home/user/dobot_ws/install/dobot_msgs_v4/include/dobot_msgs_v4/dobot_msgs_v4/srv/detail/stop_drag__type_support.hpp
[1.402s] -- Up-to-date: /home/user/dobot_ws/install/dobot_msgs_v4/include/dobot_msgs_v4/dobot_msgs_v4/srv/detail/get_do__type_support.hpp
[1.402s] -- Up-to-date: /home/user/dobot_ws/install/dobot_msgs_v4/include/dobot_msgs_v4/dobot_msgs_v4/srv/detail/get_tool_do__struct.hpp
[1.402s] -- Up-to-date: /home/user/dobot_ws/install/dobot_msgs_v4/include/dobot_msgs_v4/dobot_msgs_v4/srv/detail/cp__builder.hpp
[1.402s] -- Up-to-date: /home/user/dobot_ws/install/dobot_msgs_v4/include/dobot_msgs_v4/dobot_msgs_v4/srv/detail/pause__builder.hpp
[1.402s] -- Up-to-date: /home/user/dobot_ws/install/dobot_msgs_v4/include/dobot_msgs_v4/dobot_msgs_v4/srv/detail/mov_lio__traits.hpp
[1.402s] -- Up-to-date: /home/user/dobot_ws/install/dobot_msgs_v4/include/dobot_msgs_v4/dobot_msgs_v4/srv/detail/request_control__struct.hpp
[1.403s] -- Up-to-date: /home/user/dobot_ws/install/dobot_msgs_v4/include/dobot_msgs_v4/dobot_msgs_v4/srv/detail/tool__struct.hpp
[1.403s] -- Up-to-date: /home/user/dobot_ws/install/dobot_msgs_v4/include/dobot_msgs_v4/dobot_msgs_v4/srv/detail/fc_set_force__struct.hpp
[1.403s] -- Up-to-date: /home/user/dobot_ws/install/dobot_msgs_v4/include/dobot_msgs_v4/dobot_msgs_v4/srv/detail/inverse_solution__builder.hpp
[1.403s] -- Up-to-date: /home/user/dobot_ws/install/dobot_msgs_v4/include/dobot_msgs_v4/dobot_msgs_v4/srv/detail/fc_set_force__builder.hpp
[1.403s] -- Up-to-date: /home/user/dobot_ws/install/dobot_msgs_v4/include/dobot_msgs_v4/dobot_msgs_v4/srv/detail/tcp_dashboard__traits.hpp
[1.403s] -- Up-to-date: /home/user/dobot_ws/install/dobot_msgs_v4/include/dobot_msgs_v4/dobot_msgs_v4/srv/detail/cp__type_support.hpp
[1.403s] -- Up-to-date: /home/user/dobot_ws/install/dobot_msgs_v4/include/dobot_msgs_v4/dobot_msgs_v4/srv/detail/get_input_float__traits.hpp
[1.403s] -- Up-to-date: /home/user/dobot_ws/install/dobot_msgs_v4/include/dobot_msgs_v4/dobot_msgs_v4/srv/detail/move_jog__builder.hpp
[1.404s] -- Up-to-date: /home/user/dobot_ws/install/dobot_msgs_v4/include/dobot_msgs_v4/dobot_msgs_v4/srv/detail/fc_force_mode__struct.hpp
[1.404s] -- Up-to-date: /home/user/dobot_ws/install/dobot_msgs_v4/include/dobot_msgs_v4/dobot_msgs_v4/srv/detail/modbus_rtu_create__builder.hpp
[1.404s] -- Up-to-date: /home/user/dobot_ws/install/dobot_msgs_v4/include/dobot_msgs_v4/dobot_msgs_v4/srv/detail/arc__struct.hpp
[1.404s] -- Up-to-date: /home/user/dobot_ws/install/dobot_msgs_v4/include/dobot_msgs_v4/dobot_msgs_v4/srv/detail/set_tool__traits.hpp
[1.404s] -- Up-to-date: /home/user/dobot_ws/install/dobot_msgs_v4/include/dobot_msgs_v4/dobot_msgs_v4/srv/detail/circle__traits.hpp
[1.404s] -- Up-to-date: /home/user/dobot_ws/install/dobot_msgs_v4/include/dobot_msgs_v4/dobot_msgs_v4/srv/detail/rel_mov_j_tool__type_support.hpp
[1.404s] -- Up-to-date: /home/user/dobot_ws/install/dobot_msgs_v4/include/dobot_msgs_v4/dobot_msgs_v4/srv/detail/calc_user__type_support.hpp
[1.404s] -- Up-to-date: /home/user/dobot_ws/install/dobot_msgs_v4/include/dobot_msgs_v4/dobot_msgs_v4/srv/detail/inverse_kin__struct.hpp
[1.404s] -- Up-to-date: /home/user/dobot_ws/install/dobot_msgs_v4/include/dobot_msgs_v4/dobot_msgs_v4/srv/detail/fc_set_mass__type_support.hpp
[1.404s] -- Up-to-date: /home/user/dobot_ws/install/dobot_msgs_v4/include/dobot_msgs_v4/dobot_msgs_v4/srv/detail/get_error__builder.hpp
[1.404s] -- Up-to-date: /home/user/dobot_ws/install/dobot_msgs_v4/include/dobot_msgs_v4/dobot_msgs_v4/srv/detail/get_tool_do__builder.hpp
[1.405s] -- Up-to-date: /home/user/dobot_ws/install/dobot_msgs_v4/include/dobot_msgs_v4/dobot_msgs_v4/srv/detail/get_force__struct.hpp
[1.405s] -- Up-to-date: /home/user/dobot_ws/install/dobot_msgs_v4/include/dobot_msgs_v4/dobot_msgs_v4/srv/detail/run_to__traits.hpp
[1.405s] -- Up-to-date: /home/user/dobot_ws/install/dobot_msgs_v4/include/dobot_msgs_v4/dobot_msgs_v4/srv/detail/fc_collision_switch__type_support.hpp
[1.405s] -- Up-to-date: /home/user/dobot_ws/install/dobot_msgs_v4/include/dobot_msgs_v4/dobot_msgs_v4/srv/detail/fc_set_damping__struct.hpp
[1.405s] -- Up-to-date: /home/user/dobot_ws/install/dobot_msgs_v4/include/dobot_msgs_v4/dobot_msgs_v4/srv/detail/set_output_int__builder.hpp
[1.405s] -- Up-to-date: /home/user/dobot_ws/install/dobot_msgs_v4/include/dobot_msgs_v4/dobot_msgs_v4/srv/detail/get_current_command_id__builder.hpp
[1.405s] -- Up-to-date: /home/user/dobot_ws/install/dobot_msgs_v4/include/dobot_msgs_v4/dobot_msgs_v4/srv/detail/get_error_id__builder.hpp
[1.405s] -- Up-to-date: /home/user/dobot_ws/install/dobot_msgs_v4/include/dobot_msgs_v4/dobot_msgs_v4/srv/detail/set_fc_collision__struct.hpp
[1.406s] -- Up-to-date: /home/user/dobot_ws/install/dobot_msgs_v4/include/dobot_msgs_v4/dobot_msgs_v4/srv/detail/acc_l__type_support.hpp
[1.406s] -- Up-to-date: /home/user/dobot_ws/install/dobot_msgs_v4/include/dobot_msgs_v4/dobot_msgs_v4/srv/detail/get_in_bits__type_support.hpp
[1.406s] -- Up-to-date: /home/user/dobot_ws/install/dobot_msgs_v4/include/dobot_msgs_v4/dobot_msgs_v4/srv/detail/tcp_dashboard__type_support.hpp
[1.406s] -- Up-to-date: /home/user/dobot_ws/install/dobot_msgs_v4/include/dobot_msgs_v4/dobot_msgs_v4/srv/detail/set_fc_collision__traits.hpp
[1.406s] -- Up-to-date: /home/user/dobot_ws/install/dobot_msgs_v4/include/dobot_msgs_v4/dobot_msgs_v4/srv/detail/get_output_float__traits.hpp
[1.406s] -- Up-to-date: /home/user/dobot_ws/install/dobot_msgs_v4/include/dobot_msgs_v4/dobot_msgs_v4/srv/detail/do_instant__traits.hpp
[1.406s] -- Up-to-date: /home/user/dobot_ws/install/dobot_msgs_v4/include/dobot_msgs_v4/dobot_msgs_v4/srv/detail/rel_mov_j_tool__builder.hpp
[1.406s] -- Up-to-date: /home/user/dobot_ws/install/dobot_msgs_v4/include/dobot_msgs_v4/dobot_msgs_v4/srv/detail/get_pose__traits.hpp
[1.406s] -- Up-to-date: /home/user/dobot_ws/install/dobot_msgs_v4/include/dobot_msgs_v4/dobot_msgs_v4/srv/detail/get_input_float__builder.hpp
[1.406s] -- Up-to-date: /home/user/dobot_ws/install/dobot_msgs_v4/include/dobot_msgs_v4/dobot_msgs_v4/srv/detail/start_path__type_support.hpp
[1.406s] -- Up-to-date: /home/user/dobot_ws/install/dobot_msgs_v4/include/dobot_msgs_v4/dobot_msgs_v4/srv/detail/di_group__type_support.hpp
[1.406s] -- Up-to-date: /home/user/dobot_ws/install/dobot_msgs_v4/include/dobot_msgs_v4/dobot_msgs_v4/srv/detail/fc_set_force__type_support.hpp
[1.407s] -- Up-to-date: /home/user/dobot_ws/install/dobot_msgs_v4/include/dobot_msgs_v4/dobot_msgs_v4/srv/detail/set_safe_skin__type_support.hpp
[1.407s] -- Up-to-date: /home/user/dobot_ws/install/dobot_msgs_v4/include/dobot_msgs_v4/dobot_msgs_v4/srv/detail/speed_factor__struct.hpp
[1.407s] -- Up-to-date: /home/user/dobot_ws/install/dobot_msgs_v4/include/dobot_msgs_v4/dobot_msgs_v4/srv/detail/set_user__builder.hpp
[1.407s] -- Up-to-date: /home/user/dobot_ws/install/dobot_msgs_v4/include/dobot_msgs_v4/dobot_msgs_v4/srv/detail/set_tool__struct.hpp
[1.407s] -- Up-to-date: /home/user/dobot_ws/install/dobot_msgs_v4/include/dobot_msgs_v4/dobot_msgs_v4/srv/detail/set_post_collision_mode__type_support.hpp
[1.407s] -- Up-to-date: /home/user/dobot_ws/install/dobot_msgs_v4/include/dobot_msgs_v4/dobot_msgs_v4/srv/detail/inverse_kin__builder.hpp
[1.407s] -- Up-to-date: /home/user/dobot_ws/install/dobot_msgs_v4/include/dobot_msgs_v4/dobot_msgs_v4/srv/detail/do_instant__builder.hpp
[1.407s] -- Up-to-date: /home/user/dobot_ws/install/dobot_msgs_v4/include/dobot_msgs_v4/dobot_msgs_v4/srv/detail/tool_do_instant__struct.hpp
[1.407s] -- Up-to-date: /home/user/dobot_ws/install/dobot_msgs_v4/include/dobot_msgs_v4/dobot_msgs_v4/srv/detail/fc_off__struct.hpp
[1.407s] -- Up-to-date: /home/user/dobot_ws/install/dobot_msgs_v4/include/dobot_msgs_v4/dobot_msgs_v4/srv/detail/run_script__builder.hpp
[1.407s] -- Up-to-date: /home/user/dobot_ws/install/dobot_msgs_v4/include/dobot_msgs_v4/dobot_msgs_v4/srv/detail/check_odd_mov_j__builder.hpp
[1.407s] -- Up-to-date: /home/user/dobot_ws/install/dobot_msgs_v4/include/dobot_msgs_v4/dobot_msgs_v4/srv/detail/vel_l__traits.hpp
[1.407s] -- Up-to-date: /home/user/dobot_ws/install/dobot_msgs_v4/include/dobot_msgs_v4/dobot_msgs_v4/srv/detail/cp__traits.hpp
[1.407s] -- Up-to-date: /home/user/dobot_ws/install/dobot_msgs_v4/include/dobot_msgs_v4/dobot_msgs_v4/srv/detail/get_do_group__struct.hpp
[1.407s] -- Up-to-date: /home/user/dobot_ws/install/dobot_msgs_v4/include/dobot_msgs_v4/dobot_msgs_v4/srv/detail/fc_collision_switch__struct.hpp
[1.407s] -- Up-to-date: /home/user/dobot_ws/install/dobot_msgs_v4/include/dobot_msgs_v4/dobot_msgs_v4/srv/detail/vel_l__builder.hpp
[1.407s] -- Up-to-date: /home/user/dobot_ws/install/dobot_msgs_v4/include/dobot_msgs_v4/dobot_msgs_v4/srv/detail/get_output_int__struct.hpp
[1.408s] -- Up-to-date: /home/user/dobot_ws/install/dobot_msgs_v4/include/dobot_msgs_v4/dobot_msgs_v4/srv/detail/set_safe_skin__struct.hpp
[1.408s] -- Up-to-date: /home/user/dobot_ws/install/dobot_msgs_v4/include/dobot_msgs_v4/dobot_msgs_v4/srv/detail/tool_do_instant__type_support.hpp
[1.408s] -- Up-to-date: /home/user/dobot_ws/install/dobot_msgs_v4/include/dobot_msgs_v4/dobot_msgs_v4/srv/detail/get_force__type_support.hpp
[1.408s] -- Up-to-date: /home/user/dobot_ws/install/dobot_msgs_v4/include/dobot_msgs_v4/dobot_msgs_v4/srv/detail/continue__type_support.hpp
[1.408s] -- Up-to-date: /home/user/dobot_ws/install/dobot_msgs_v4/include/dobot_msgs_v4/dobot_msgs_v4/srv/detail/ai__type_support.hpp
[1.408s] -- Up-to-date: /home/user/dobot_ws/install/dobot_msgs_v4/include/dobot_msgs_v4/dobot_msgs_v4/srv/detail/servo_p__traits.hpp
[1.408s] -- Up-to-date: /home/user/dobot_ws/install/dobot_msgs_v4/include/dobot_msgs_v4/dobot_msgs_v4/srv/detail/set_back_distance__type_support.hpp
[1.408s] -- Up-to-date: /home/user/dobot_ws/install/dobot_msgs_v4/include/dobot_msgs_v4/dobot_msgs_v4/srv/detail/tool_do__builder.hpp
[1.408s] -- Up-to-date: /home/user/dobot_ws/install/dobot_msgs_v4/include/dobot_msgs_v4/dobot_msgs_v4/srv/detail/set_output_bool__struct.hpp
[1.408s] -- Up-to-date: /home/user/dobot_ws/install/dobot_msgs_v4/include/dobot_msgs_v4/dobot_msgs_v4/srv/detail/continue__builder.hpp
[1.408s] -- Up-to-date: /home/user/dobot_ws/install/dobot_msgs_v4/include/dobot_msgs_v4/dobot_msgs_v4/srv/detail/get_do__traits.hpp
[1.408s] -- Up-to-date: /home/user/dobot_ws/install/dobot_msgs_v4/include/dobot_msgs_v4/dobot_msgs_v4/srv/detail/move_jog__traits.hpp
[1.409s] -- Up-to-date: /home/user/dobot_ws/install/dobot_msgs_v4/include/dobot_msgs_v4/dobot_msgs_v4/srv/detail/set_back_distance__struct.hpp
[1.409s] -- Up-to-date: /home/user/dobot_ws/install/dobot_msgs_v4/include/dobot_msgs_v4/dobot_msgs_v4/srv/detail/continue__struct.hpp
[1.409s] -- Up-to-date: /home/user/dobot_ws/install/dobot_msgs_v4/include/dobot_msgs_v4/dobot_msgs_v4/srv/detail/get_angle__struct.hpp
[1.409s] -- Up-to-date: /home/user/dobot_ws/install/dobot_msgs_v4/include/dobot_msgs_v4/dobot_msgs_v4/srv/detail/set_output_bool__builder.hpp
[1.409s] -- Up-to-date: /home/user/dobot_ws/install/dobot_msgs_v4/include/dobot_msgs_v4/dobot_msgs_v4/srv/detail/set_tool_mode__struct.hpp
[1.409s] -- Up-to-date: /home/user/dobot_ws/install/dobot_msgs_v4/include/dobot_msgs_v4/dobot_msgs_v4/srv/detail/request_control__builder.hpp
[1.410s] -- Up-to-date: /home/user/dobot_ws/install/dobot_msgs_v4/include/dobot_msgs_v4/dobot_msgs_v4/srv/detail/set_tool_power__builder.hpp
[1.410s] -- Up-to-date: /home/user/dobot_ws/install/dobot_msgs_v4/include/dobot_msgs_v4/dobot_msgs_v4/srv/detail/continue__traits.hpp
[1.410s] -- Up-to-date: /home/user/dobot_ws/install/dobot_msgs_v4/include/dobot_msgs_v4/dobot_msgs_v4/srv/detail/modbus_close__traits.hpp
[1.410s] -- Up-to-date: /home/user/dobot_ws/install/dobot_msgs_v4/include/dobot_msgs_v4/dobot_msgs_v4/srv/detail/get_do_group_dec__struct.hpp
[1.410s] -- Up-to-date: /home/user/dobot_ws/install/dobot_msgs_v4/include/dobot_msgs_v4/dobot_msgs_v4/srv/detail/enable_ft_sensor__traits.hpp
[1.410s] -- Up-to-date: /home/user/dobot_ws/install/dobot_msgs_v4/include/dobot_msgs_v4/dobot_msgs_v4/srv/detail/start_rt_offset__struct.hpp
[1.411s] -- Up-to-date: /home/user/dobot_ws/install/dobot_msgs_v4/include/dobot_msgs_v4/dobot_msgs_v4/srv/detail/di__struct.hpp
[1.411s] -- Up-to-date: /home/user/dobot_ws/install/dobot_msgs_v4/include/dobot_msgs_v4/dobot_msgs_v4/srv/detail/set_tool__builder.hpp
[1.411s] -- Up-to-date: /home/user/dobot_ws/install/dobot_msgs_v4/include/dobot_msgs_v4/dobot_msgs_v4/srv/detail/set_safe_wall_enable__traits.hpp
[1.411s] -- Up-to-date: /home/user/dobot_ws/install/dobot_msgs_v4/include/dobot_msgs_v4/dobot_msgs_v4/srv/detail/do_group__builder.hpp
[1.411s] -- Up-to-date: /home/user/dobot_ws/install/dobot_msgs_v4/include/dobot_msgs_v4/dobot_msgs_v4/srv/detail/vel_j__struct.hpp
[1.411s] -- Up-to-date: /home/user/dobot_ws/install/dobot_msgs_v4/include/dobot_msgs_v4/dobot_msgs_v4/srv/detail/tool_ai__struct.hpp
[1.411s] -- Up-to-date: /home/user/dobot_ws/install/dobot_msgs_v4/include/dobot_msgs_v4/dobot_msgs_v4/srv/detail/force_drive_mode__struct.hpp
[1.411s] -- Up-to-date: /home/user/dobot_ws/install/dobot_msgs_v4/include/dobot_msgs_v4/dobot_msgs_v4/srv/detail/set_coils__traits.hpp
[1.411s] -- Up-to-date: /home/user/dobot_ws/install/dobot_msgs_v4/include/dobot_msgs_v4/dobot_msgs_v4/srv/detail/drag_sensivity__type_support.hpp
[1.412s] -- Up-to-date: /home/user/dobot_ws/install/dobot_msgs_v4/include/dobot_msgs_v4/dobot_msgs_v4/srv/detail/set_coils__type_support.hpp
[1.412s] -- Up-to-date: /home/user/dobot_ws/install/dobot_msgs_v4/include/dobot_msgs_v4/dobot_msgs_v4/srv/detail/get_in_regs__builder.hpp
[1.412s] -- Up-to-date: /home/user/dobot_ws/install/dobot_msgs_v4/include/dobot_msgs_v4/dobot_msgs_v4/srv/detail/reset_robot__type_support.hpp
[1.412s] -- Up-to-date: /home/user/dobot_ws/install/dobot_msgs_v4/include/dobot_msgs_v4/dobot_msgs_v4/srv/detail/get_pose__type_support.hpp
[1.412s] -- Up-to-date: /home/user/dobot_ws/install/dobot_msgs_v4/include/dobot_msgs_v4/dobot_msgs_v4/srv/detail/get_output_int__traits.hpp
[1.412s] -- Up-to-date: /home/user/dobot_ws/install/dobot_msgs_v4/include/dobot_msgs_v4/dobot_msgs_v4/srv/detail/modbus_create__type_support.hpp
[1.413s] -- Up-to-date: /home/user/dobot_ws/install/dobot_msgs_v4/include/dobot_msgs_v4/dobot_msgs_v4/srv/detail/ao__struct.hpp
[1.413s] -- Up-to-date: /home/user/dobot_ws/install/dobot_msgs_v4/include/dobot_msgs_v4/dobot_msgs_v4/srv/detail/servo_j__traits.hpp
[1.413s] -- Up-to-date: /home/user/dobot_ws/install/dobot_msgs_v4/include/dobot_msgs_v4/dobot_msgs_v4/srv/detail/set_output_float__type_support.hpp
[1.413s] -- Up-to-date: /home/user/dobot_ws/install/dobot_msgs_v4/include/dobot_msgs_v4/dobot_msgs_v4/srv/detail/mov_l__builder.hpp
[1.414s] -- Up-to-date: /home/user/dobot_ws/install/dobot_msgs_v4/include/dobot_msgs_v4/dobot_msgs_v4/srv/detail/circle__type_support.hpp
[1.414s] -- Up-to-date: /home/user/dobot_ws/install/dobot_msgs_v4/include/dobot_msgs_v4/dobot_msgs_v4/srv/detail/run_script__traits.hpp
[1.414s] -- Up-to-date: /home/user/dobot_ws/install/dobot_msgs_v4/include/dobot_msgs_v4/dobot_msgs_v4/srv/detail/enable_robot__builder.hpp
[1.414s] -- Up-to-date: /home/user/dobot_ws/install/dobot_msgs_v4/include/dobot_msgs_v4/dobot_msgs_v4/srv/detail/user__traits.hpp
[1.414s] -- Up-to-date: /home/user/dobot_ws/install/dobot_msgs_v4/include/dobot_msgs_v4/dobot_msgs_v4/srv/detail/reset_robot__struct.hpp
[1.415s] -- Up-to-date: /home/user/dobot_ws/install/dobot_msgs_v4/include/dobot_msgs_v4/dobot_msgs_v4/srv/detail/get_output_float__type_support.hpp
[1.415s] -- Up-to-date: /home/user/dobot_ws/install/dobot_msgs_v4/include/dobot_msgs_v4/dobot_msgs_v4/srv/detail/get_do__struct.hpp
[1.415s] -- Up-to-date: /home/user/dobot_ws/install/dobot_msgs_v4/include/dobot_msgs_v4/dobot_msgs_v4/srv/detail/get_current_command_id__struct.hpp
[1.415s] -- Up-to-date: /home/user/dobot_ws/install/dobot_msgs_v4/include/dobot_msgs_v4/dobot_msgs_v4/srv/detail/arc__builder.hpp
[1.415s] -- Up-to-date: /home/user/dobot_ws/install/dobot_msgs_v4/include/dobot_msgs_v4/dobot_msgs_v4/srv/detail/brake_control__struct.hpp
[1.415s] -- Up-to-date: /home/user/dobot_ws/install/dobot_msgs_v4/include/dobot_msgs_v4/dobot_msgs_v4/srv/detail/enable_robot__traits.hpp
[1.415s] -- Up-to-date: /home/user/dobot_ws/install/dobot_msgs_v4/include/dobot_msgs_v4/dobot_msgs_v4/srv/detail/rel_mov_j_user__struct.hpp
[1.415s] -- Up-to-date: /home/user/dobot_ws/install/dobot_msgs_v4/include/dobot_msgs_v4/dobot_msgs_v4/srv/detail/tool_ai__traits.hpp
[1.416s] -- Up-to-date: /home/user/dobot_ws/install/dobot_msgs_v4/include/dobot_msgs_v4/dobot_msgs_v4/srv/detail/get_coils__struct.hpp
[1.416s] -- Up-to-date: /home/user/dobot_ws/install/dobot_msgs_v4/include/dobot_msgs_v4/dobot_msgs_v4/srv/detail/drag_sensivity__struct.hpp
[1.416s] -- Up-to-date: /home/user/dobot_ws/install/dobot_msgs_v4/include/dobot_msgs_v4/dobot_msgs_v4/srv/detail/ai__traits.hpp
[1.416s] -- Up-to-date: /home/user/dobot_ws/install/dobot_msgs_v4/include/dobot_msgs_v4/dobot_msgs_v4/srv/detail/fc_set_force_speed_limit__type_support.hpp
[1.416s] -- Up-to-date: /home/user/dobot_ws/install/dobot_msgs_v4/include/dobot_msgs_v4/dobot_msgs_v4/srv/detail/set_payload__struct.hpp
[1.416s] -- Up-to-date: /home/user/dobot_ws/install/dobot_msgs_v4/include/dobot_msgs_v4/dobot_msgs_v4/srv/detail/positive_kin__traits.hpp
[1.417s] -- Up-to-date: /home/user/dobot_ws/install/dobot_msgs_v4/include/dobot_msgs_v4/dobot_msgs_v4/srv/detail/mov_jio__type_support.hpp
[1.417s] -- Up-to-date: /home/user/dobot_ws/install/dobot_msgs_v4/include/dobot_msgs_v4/dobot_msgs_v4/srv/detail/end_rt_offset__traits.hpp
[1.417s] -- Up-to-date: /home/user/dobot_ws/install/dobot_msgs_v4/include/dobot_msgs_v4/dobot_msgs_v4/srv/detail/start_path__struct.hpp
[1.417s] -- Up-to-date: /home/user/dobot_ws/install/dobot_msgs_v4/include/dobot_msgs_v4/dobot_msgs_v4/srv/detail/six_force_home__type_support.hpp
[1.417s] -- Up-to-date: /home/user/dobot_ws/install/dobot_msgs_v4/include/dobot_msgs_v4/dobot_msgs_v4/srv/detail/get_do_group__type_support.hpp
[1.417s] -- Up-to-date: /home/user/dobot_ws/install/dobot_msgs_v4/include/dobot_msgs_v4/dobot_msgs_v4/srv/detail/do_group__struct.hpp
[1.417s] -- Up-to-date: /home/user/dobot_ws/install/dobot_msgs_v4/include/dobot_msgs_v4/dobot_msgs_v4/srv/detail/set_coils__struct.hpp
[1.417s] -- Up-to-date: /home/user/dobot_ws/install/dobot_msgs_v4/include/dobot_msgs_v4/dobot_msgs_v4/srv/detail/get_input_float__type_support.hpp
[1.418s] -- Up-to-date: /home/user/dobot_ws/install/dobot_msgs_v4/include/dobot_msgs_v4/dobot_msgs_v4/srv/detail/mov_j__type_support.hpp
[1.418s] -- Up-to-date: /home/user/dobot_ws/install/dobot_msgs_v4/include/dobot_msgs_v4/dobot_msgs_v4/srv/detail/set_payload__traits.hpp
[1.418s] -- Up-to-date: /home/user/dobot_ws/install/dobot_msgs_v4/include/dobot_msgs_v4/dobot_msgs_v4/srv/detail/speed_factor__builder.hpp
[1.418s] -- Up-to-date: /home/user/dobot_ws/install/dobot_msgs_v4/include/dobot_msgs_v4/dobot_msgs_v4/srv/detail/set_tool485__traits.hpp
[1.418s] -- Up-to-date: /home/user/dobot_ws/install/dobot_msgs_v4/include/dobot_msgs_v4/dobot_msgs_v4/srv/detail/di_group__struct.hpp
[1.418s] -- Up-to-date: /home/user/dobot_ws/install/dobot_msgs_v4/include/dobot_msgs_v4/dobot_msgs_v4/srv/detail/set_output_int__type_support.hpp
[1.418s] -- Up-to-date: /home/user/dobot_ws/install/dobot_msgs_v4/include/dobot_msgs_v4/dobot_msgs_v4/srv/detail/get_in_regs__struct.hpp
[1.419s] -- Up-to-date: /home/user/dobot_ws/install/dobot_msgs_v4/include/dobot_msgs_v4/dobot_msgs_v4/srv/detail/servo_j__struct.hpp
[1.419s] -- Up-to-date: /home/user/dobot_ws/install/dobot_msgs_v4/include/dobot_msgs_v4/dobot_msgs_v4/srv/detail/run_to__builder.hpp
[1.419s] -- Up-to-date: /home/user/dobot_ws/install/dobot_msgs_v4/include/dobot_msgs_v4/dobot_msgs_v4/srv/detail/set_output_int__struct.hpp
[1.419s] -- Up-to-date: /home/user/dobot_ws/install/dobot_msgs_v4/include/dobot_msgs_v4/dobot_msgs_v4/srv/detail/stop_drag__struct.hpp
[1.419s] -- Up-to-date: /home/user/dobot_ws/install/dobot_msgs_v4/include/dobot_msgs_v4/dobot_msgs_v4/srv/detail/get_coils__builder.hpp
[1.419s] -- Up-to-date: /home/user/dobot_ws/install/dobot_msgs_v4/include/dobot_msgs_v4/dobot_msgs_v4/srv/detail/start_rt_offset__type_support.hpp
[1.419s] -- Up-to-date: /home/user/dobot_ws/install/dobot_msgs_v4/include/dobot_msgs_v4/dobot_msgs_v4/srv/detail/start_drag__type_support.hpp
[1.419s] -- Up-to-date: /home/user/dobot_ws/install/dobot_msgs_v4/include/dobot_msgs_v4/dobot_msgs_v4/srv/detail/tool__builder.hpp
[1.419s] -- Up-to-date: /home/user/dobot_ws/install/dobot_msgs_v4/include/dobot_msgs_v4/dobot_msgs_v4/srv/detail/get_output_bool__traits.hpp
[1.420s] -- Up-to-date: /home/user/dobot_ws/install/dobot_msgs_v4/include/dobot_msgs_v4/dobot_msgs_v4/srv/detail/force_drive_mode__traits.hpp
[1.420s] -- Up-to-date: /home/user/dobot_ws/install/dobot_msgs_v4/include/dobot_msgs_v4/dobot_msgs_v4/srv/detail/start_drag__traits.hpp
[1.420s] -- Up-to-date: /home/user/dobot_ws/install/dobot_msgs_v4/include/dobot_msgs_v4/dobot_msgs_v4/srv/detail/get_hold_regs__builder.hpp
[1.420s] -- Up-to-date: /home/user/dobot_ws/install/dobot_msgs_v4/include/dobot_msgs_v4/dobot_msgs_v4/srv/detail/get_in_bits__builder.hpp
[1.420s] -- Up-to-date: /home/user/dobot_ws/install/dobot_msgs_v4/include/dobot_msgs_v4/dobot_msgs_v4/srv/detail/modbus_close__struct.hpp
[1.420s] -- Up-to-date: /home/user/dobot_ws/install/dobot_msgs_v4/include/dobot_msgs_v4/dobot_msgs_v4/srv/detail/disable_robot__traits.hpp
[1.420s] -- Up-to-date: /home/user/dobot_ws/install/dobot_msgs_v4/include/dobot_msgs_v4/dobot_msgs_v4/srv/detail/drag_sensivity__traits.hpp
[1.420s] -- Up-to-date: /home/user/dobot_ws/install/dobot_msgs_v4/include/dobot_msgs_v4/dobot_msgs_v4/srv/detail/set_user__struct.hpp
[1.420s] -- Up-to-date: /home/user/dobot_ws/install/dobot_msgs_v4/include/dobot_msgs_v4/dobot_msgs_v4/srv/detail/emergency_stop__builder.hpp
[1.420s] -- Up-to-date: /home/user/dobot_ws/install/dobot_msgs_v4/include/dobot_msgs_v4/dobot_msgs_v4/srv/detail/set_safe_skin__traits.hpp
[1.420s] -- Up-to-date: /home/user/dobot_ws/install/dobot_msgs_v4/include/dobot_msgs_v4/dobot_msgs_v4/srv/detail/six_force_home__traits.hpp
[1.420s] -- Up-to-date: /home/user/dobot_ws/install/dobot_msgs_v4/include/dobot_msgs_v4/dobot_msgs_v4/srv/detail/check_odd_mov_c__type_support.hpp
[1.421s] -- Up-to-date: /home/user/dobot_ws/install/dobot_msgs_v4/include/dobot_msgs_v4/dobot_msgs_v4/srv/detail/get_ao__traits.hpp
[1.421s] -- Up-to-date: /home/user/dobot_ws/install/dobot_msgs_v4/include/dobot_msgs_v4/dobot_msgs_v4/srv/detail/modbus_rtu_create__struct.hpp
[1.421s] -- Up-to-date: /home/user/dobot_ws/install/dobot_msgs_v4/include/dobot_msgs_v4/dobot_msgs_v4/srv/detail/set_post_collision_mode__traits.hpp
[1.421s] -- Up-to-date: /home/user/dobot_ws/install/dobot_msgs_v4/include/dobot_msgs_v4/dobot_msgs_v4/srv/detail/mov_l__struct.hpp
[1.421s] -- Up-to-date: /home/user/dobot_ws/install/dobot_msgs_v4/include/dobot_msgs_v4/dobot_msgs_v4/srv/detail/vel_l__type_support.hpp
[1.421s] -- Up-to-date: /home/user/dobot_ws/install/dobot_msgs_v4/include/dobot_msgs_v4/dobot_msgs_v4/srv/detail/get_in_bits__traits.hpp
[1.421s] -- Up-to-date: /home/user/dobot_ws/install/dobot_msgs_v4/include/dobot_msgs_v4/dobot_msgs_v4/srv/detail/do__builder.hpp
[1.421s] -- Up-to-date: /home/user/dobot_ws/install/dobot_msgs_v4/include/dobot_msgs_v4/dobot_msgs_v4/srv/detail/clear_error__struct.hpp
[1.421s] -- Up-to-date: /home/user/dobot_ws/install/dobot_msgs_v4/include/dobot_msgs_v4/dobot_msgs_v4/srv/detail/get_hold_regs__type_support.hpp
[1.421s] -- Up-to-date: /home/user/dobot_ws/install/dobot_msgs_v4/include/dobot_msgs_v4/dobot_msgs_v4/srv/detail/tool_do__type_support.hpp
[1.421s] -- Up-to-date: /home/user/dobot_ws/install/dobot_msgs_v4/include/dobot_msgs_v4/dobot_msgs_v4/srv/detail/get_output_int__builder.hpp
[1.421s] -- Up-to-date: /home/user/dobot_ws/install/dobot_msgs_v4/include/dobot_msgs_v4/dobot_msgs_v4/srv/detail/rel_mov_l_tool__builder.hpp
[1.421s] -- Up-to-date: /home/user/dobot_ws/install/dobot_msgs_v4/include/dobot_msgs_v4/dobot_msgs_v4/srv/detail/force_drive_speed__struct.hpp
[1.421s] -- Up-to-date: /home/user/dobot_ws/install/dobot_msgs_v4/include/dobot_msgs_v4/dobot_msgs_v4/srv/detail/end_rt_offset__type_support.hpp
[1.421s] -- Up-to-date: /home/user/dobot_ws/install/dobot_msgs_v4/include/dobot_msgs_v4/dobot_msgs_v4/srv/detail/move_jog__struct.hpp
[1.422s] -- Up-to-date: /home/user/dobot_ws/install/dobot_msgs_v4/include/dobot_msgs_v4/dobot_msgs_v4/srv/detail/force_drive_speed__type_support.hpp
[1.422s] -- Up-to-date: /home/user/dobot_ws/install/dobot_msgs_v4/include/dobot_msgs_v4/dobot_msgs_v4/srv/detail/vel_j__builder.hpp
[1.422s] -- Up-to-date: /home/user/dobot_ws/install/dobot_msgs_v4/include/dobot_msgs_v4/dobot_msgs_v4/srv/detail/set_tool_mode__builder.hpp
[1.422s] -- Up-to-date: /home/user/dobot_ws/install/dobot_msgs_v4/include/dobot_msgs_v4/dobot_msgs_v4/srv/detail/do_instant__struct.hpp
[1.423s] -- Up-to-date: /home/user/dobot_ws/install/dobot_msgs_v4/include/dobot_msgs_v4/dobot_msgs_v4/srv/detail/calc_tool__type_support.hpp
[1.423s] -- Up-to-date: /home/user/dobot_ws/install/dobot_msgs_v4/include/dobot_msgs_v4/dobot_msgs_v4/srv/detail/get_error_id__type_support.hpp
[1.424s] -- Up-to-date: /home/user/dobot_ws/install/dobot_msgs_v4/include/dobot_msgs_v4/dobot_msgs_v4/srv/detail/do__struct.hpp
[1.424s] -- Up-to-date: /home/user/dobot_ws/install/dobot_msgs_v4/include/dobot_msgs_v4/dobot_msgs_v4/srv/detail/power_on__type_support.hpp
[1.424s] -- Up-to-date: /home/user/dobot_ws/install/dobot_msgs_v4/include/dobot_msgs_v4/dobot_msgs_v4/srv/detail/move_jog__type_support.hpp
[1.424s] -- Up-to-date: /home/user/dobot_ws/install/dobot_msgs_v4/include/dobot_msgs_v4/dobot_msgs_v4/srv/detail/set_tool_mode__traits.hpp
[1.425s] -- Up-to-date: /home/user/dobot_ws/install/dobot_msgs_v4/include/dobot_msgs_v4/dobot_msgs_v4/srv/detail/get_ao__builder.hpp
[1.425s] -- Up-to-date: /home/user/dobot_ws/install/dobot_msgs_v4/include/dobot_msgs_v4/dobot_msgs_v4/srv/detail/modbus_create__builder.hpp
[1.425s] -- Up-to-date: /home/user/dobot_ws/install/dobot_msgs_v4/include/dobot_msgs_v4/dobot_msgs_v4/srv/detail/di__traits.hpp
[1.425s] -- Up-to-date: /home/user/dobot_ws/install/dobot_msgs_v4/include/dobot_msgs_v4/dobot_msgs_v4/srv/detail/modbus_close__builder.hpp
[1.425s] -- Up-to-date: /home/user/dobot_ws/install/dobot_msgs_v4/include/dobot_msgs_v4/dobot_msgs_v4/srv/detail/stop_move_jog__builder.hpp
[1.426s] -- Up-to-date: /home/user/dobot_ws/install/dobot_msgs_v4/include/dobot_msgs_v4/dobot_msgs_v4/srv/detail/do_group__type_support.hpp
[1.426s] -- Up-to-date: /home/user/dobot_ws/install/dobot_msgs_v4/include/dobot_msgs_v4/dobot_msgs_v4/srv/detail/set_post_collision_mode__struct.hpp
[1.426s] -- Up-to-date: /home/user/dobot_ws/install/dobot_msgs_v4/include/dobot_msgs_v4/dobot_msgs_v4/srv/detail/rel_mov_l_user__type_support.hpp
[1.426s] -- Up-to-date: /home/user/dobot_ws/install/dobot_msgs_v4/include/dobot_msgs_v4/dobot_msgs_v4/srv/detail/get_current_command_id__traits.hpp
[1.426s] -- Up-to-date: /home/user/dobot_ws/install/dobot_msgs_v4/include/dobot_msgs_v4/dobot_msgs_v4/srv/detail/acc_j__struct.hpp
[1.426s] -- Up-to-date: /home/user/dobot_ws/install/dobot_msgs_v4/include/dobot_msgs_v4/dobot_msgs_v4/srv/detail/fc_collision_switch__traits.hpp
[1.426s] -- Up-to-date: /home/user/dobot_ws/install/dobot_msgs_v4/include/dobot_msgs_v4/dobot_msgs_v4/srv/detail/di_group__traits.hpp
[1.427s] -- Up-to-date: /home/user/dobot_ws/install/dobot_msgs_v4/include/dobot_msgs_v4/dobot_msgs_v4/srv/detail/mov_j__builder.hpp
[1.427s] -- Up-to-date: /home/user/dobot_ws/install/dobot_msgs_v4/include/dobot_msgs_v4/dobot_msgs_v4/srv/detail/set_safe_wall_enable__type_support.hpp
[1.427s] -- Up-to-date: /home/user/dobot_ws/install/dobot_msgs_v4/include/dobot_msgs_v4/dobot_msgs_v4/srv/detail/tool_di__builder.hpp
[1.427s] -- Up-to-date: /home/user/dobot_ws/install/dobot_msgs_v4/include/dobot_msgs_v4/dobot_msgs_v4/srv/detail/emergency_stop__struct.hpp
[1.427s] -- Up-to-date: /home/user/dobot_ws/install/dobot_msgs_v4/include/dobot_msgs_v4/dobot_msgs_v4/srv/detail/modbus_create__traits.hpp
[1.427s] -- Up-to-date: /home/user/dobot_ws/install/dobot_msgs_v4/include/dobot_msgs_v4/dobot_msgs_v4/srv/detail/rel_mov_l_tool__traits.hpp
[1.427s] -- Up-to-date: /home/user/dobot_ws/install/dobot_msgs_v4/include/dobot_msgs_v4/dobot_msgs_v4/srv/detail/positive_kin__type_support.hpp
[1.428s] -- Up-to-date: /home/user/dobot_ws/install/dobot_msgs_v4/include/dobot_msgs_v4/dobot_msgs_v4/srv/detail/fc_force_mode__builder.hpp
[1.428s] -- Up-to-date: /home/user/dobot_ws/install/dobot_msgs_v4/include/dobot_msgs_v4/dobot_msgs_v4/srv/detail/get_do_group_dec__builder.hpp
[1.428s] -- Up-to-date: /home/user/dobot_ws/install/dobot_msgs_v4/include/dobot_msgs_v4/dobot_msgs_v4/srv/detail/get_input_bool__struct.hpp
[1.428s] -- Up-to-date: /home/user/dobot_ws/install/dobot_msgs_v4/include/dobot_msgs_v4/dobot_msgs_v4/srv/detail/get_tool_do__type_support.hpp
[1.428s] -- Up-to-date: /home/user/dobot_ws/install/dobot_msgs_v4/include/dobot_msgs_v4/dobot_msgs_v4/srv/detail/start_path__builder.hpp
[1.428s] -- Up-to-date: /home/user/dobot_ws/install/dobot_msgs_v4/include/dobot_msgs_v4/dobot_msgs_v4/srv/detail/start_rt_offset__traits.hpp
[1.429s] -- Up-to-date: /home/user/dobot_ws/install/dobot_msgs_v4/include/dobot_msgs_v4/dobot_msgs_v4/srv/detail/check_odd_mov_c__builder.hpp
[1.429s] -- Up-to-date: /home/user/dobot_ws/install/dobot_msgs_v4/include/dobot_msgs_v4/dobot_msgs_v4/srv/detail/acc_j__traits.hpp
[1.429s] -- Up-to-date: /home/user/dobot_ws/install/dobot_msgs_v4/include/dobot_msgs_v4/dobot_msgs_v4/srv/detail/circle__struct.hpp
[1.429s] -- Up-to-date: /home/user/dobot_ws/install/dobot_msgs_v4/include/dobot_msgs_v4/dobot_msgs_v4/srv/detail/get_angle__type_support.hpp
[1.429s] -- Up-to-date: /home/user/dobot_ws/install/dobot_msgs_v4/include/dobot_msgs_v4/dobot_msgs_v4/srv/detail/clear_error__type_support.hpp
[1.429s] -- Up-to-date: /home/user/dobot_ws/install/dobot_msgs_v4/include/dobot_msgs_v4/dobot_msgs_v4/srv/detail/inverse_solution__traits.hpp
[1.429s] -- Up-to-date: /home/user/dobot_ws/install/dobot_msgs_v4/include/dobot_msgs_v4/dobot_msgs_v4/srv/detail/robot_mode__type_support.hpp
[1.429s] -- Up-to-date: /home/user/dobot_ws/install/dobot_msgs_v4/include/dobot_msgs_v4/dobot_msgs_v4/srv/detail/start_drag__builder.hpp
[1.430s] -- Up-to-date: /home/user/dobot_ws/install/dobot_msgs_v4/include/dobot_msgs_v4/dobot_msgs_v4/srv/detail/modbus_close__type_support.hpp
[1.431s] -- Up-to-date: /home/user/dobot_ws/install/dobot_msgs_v4/include/dobot_msgs_v4/dobot_msgs_v4/srv/detail/set_user__traits.hpp
[1.432s] -- Up-to-date: /home/user/dobot_ws/install/dobot_msgs_v4/include/dobot_msgs_v4/dobot_msgs_v4/srv/detail/end_rt_offset__builder.hpp
[1.432s] -- Up-to-date: /home/user/dobot_ws/install/dobot_msgs_v4/include/dobot_msgs_v4/dobot_msgs_v4/srv/detail/emergency_stop__traits.hpp
[1.432s] -- Up-to-date: /home/user/dobot_ws/install/dobot_msgs_v4/include/dobot_msgs_v4/dobot_msgs_v4/srv/detail/six_force_home__struct.hpp
[1.433s] -- Up-to-date: /home/user/dobot_ws/install/dobot_msgs_v4/include/dobot_msgs_v4/dobot_msgs_v4/srv/detail/inverse_solution__struct.hpp
[1.433s] -- Up-to-date: /home/user/dobot_ws/install/dobot_msgs_v4/include/dobot_msgs_v4/dobot_msgs_v4/srv/detail/tool_di__struct.hpp
[1.433s] -- Up-to-date: /home/user/dobot_ws/install/dobot_msgs_v4/include/dobot_msgs_v4/dobot_msgs_v4/srv/detail/user__type_support.hpp
[1.433s] -- Up-to-date: /home/user/dobot_ws/install/dobot_msgs_v4/include/dobot_msgs_v4/dobot_msgs_v4/srv/detail/arc__type_support.hpp
[1.433s] -- Up-to-date: /home/user/dobot_ws/install/dobot_msgs_v4/include/dobot_msgs_v4/dobot_msgs_v4/srv/detail/set_output_float__builder.hpp
[1.433s] -- Up-to-date: /home/user/dobot_ws/install/dobot_msgs_v4/include/dobot_msgs_v4/dobot_msgs_v4/srv/detail/set_fc_collision__builder.hpp
[1.433s] -- Up-to-date: /home/user/dobot_ws/install/dobot_msgs_v4/include/dobot_msgs_v4/dobot_msgs_v4/srv/detail/rel_mov_l_user__builder.hpp
[1.434s] -- Up-to-date: /home/user/dobot_ws/install/dobot_msgs_v4/include/dobot_msgs_v4/dobot_msgs_v4/srv/detail/mov_lio__builder.hpp
[1.434s] -- Up-to-date: /home/user/dobot_ws/install/dobot_msgs_v4/include/dobot_msgs_v4/dobot_msgs_v4/srv/detail/servo_p__builder.hpp
[1.434s] -- Up-to-date: /home/user/dobot_ws/install/dobot_msgs_v4/include/dobot_msgs_v4/dobot_msgs_v4/srv/detail/enable_ft_sensor__type_support.hpp
[1.434s] -- Up-to-date: /home/user/dobot_ws/install/dobot_msgs_v4/include/dobot_msgs_v4/dobot_msgs_v4/srv/detail/user__builder.hpp
[1.434s] -- Up-to-date: /home/user/dobot_ws/install/dobot_msgs_v4/include/dobot_msgs_v4/dobot_msgs_v4/srv/detail/inverse_solution__type_support.hpp
[1.434s] -- Up-to-date: /home/user/dobot_ws/install/dobot_msgs_v4/include/dobot_msgs_v4/dobot_msgs_v4/srv/detail/get_pose__struct.hpp
[1.435s] -- Up-to-date: /home/user/dobot_ws/install/dobot_msgs_v4/include/dobot_msgs_v4/dobot_msgs_v4/srv/detail/check_odd_mov_l__struct.hpp
[1.435s] -- Up-to-date: /home/user/dobot_ws/install/dobot_msgs_v4/include/dobot_msgs_v4/dobot_msgs_v4/srv/detail/get_current_command_id__type_support.hpp
[1.435s] -- Up-to-date: /home/user/dobot_ws/install/dobot_msgs_v4/include/dobot_msgs_v4/dobot_msgs_v4/srv/detail/mov_jio__struct.hpp
[1.435s] -- Up-to-date: /home/user/dobot_ws/install/dobot_msgs_v4/include/dobot_msgs_v4/dobot_msgs_v4/srv/detail/fc_set_damping__traits.hpp
[1.435s] -- Up-to-date: /home/user/dobot_ws/install/dobot_msgs_v4/include/dobot_msgs_v4/dobot_msgs_v4/srv/detail/set_payload__type_support.hpp
[1.435s] -- Up-to-date: /home/user/dobot_ws/install/dobot_msgs_v4/include/dobot_msgs_v4/dobot_msgs_v4/srv/detail/rel_mov_j_user__traits.hpp
[1.435s] -- Up-to-date: /home/user/dobot_ws/install/dobot_msgs_v4/include/dobot_msgs_v4/dobot_msgs_v4/srv/detail/tool_do__struct.hpp
[1.435s] -- Up-to-date: /home/user/dobot_ws/install/dobot_msgs_v4/include/dobot_msgs_v4/dobot_msgs_v4/srv/detail/get_error__type_support.hpp
[1.435s] -- Up-to-date: /home/user/dobot_ws/install/dobot_msgs_v4/include/dobot_msgs_v4/dobot_msgs_v4/srv/detail/get_angle__builder.hpp
[1.435s] -- Up-to-date: /home/user/dobot_ws/install/dobot_msgs_v4/include/dobot_msgs_v4/dobot_msgs_v4/srv/detail/fc_set_damping__builder.hpp
[1.436s] -- Up-to-date: /home/user/dobot_ws/install/dobot_msgs_v4/include/dobot_msgs_v4/dobot_msgs_v4/srv/detail/clear_error__traits.hpp
[1.436s] -- Up-to-date: /home/user/dobot_ws/install/dobot_msgs_v4/include/dobot_msgs_v4/dobot_msgs_v4/srv/detail/ao_instant__type_support.hpp
[1.436s] -- Up-to-date: /home/user/dobot_ws/install/dobot_msgs_v4/include/dobot_msgs_v4/dobot_msgs_v4/srv/detail/fc_set_force_limit__traits.hpp
[1.436s] -- Up-to-date: /home/user/dobot_ws/install/dobot_msgs_v4/include/dobot_msgs_v4/dobot_msgs_v4/srv/detail/get_force__builder.hpp
[1.436s] -- Up-to-date: /home/user/dobot_ws/install/dobot_msgs_v4/include/dobot_msgs_v4/dobot_msgs_v4/srv/detail/emergency_stop__type_support.hpp
[1.436s] -- Up-to-date: /home/user/dobot_ws/install/dobot_msgs_v4/include/dobot_msgs_v4/dobot_msgs_v4/srv/detail/ao__type_support.hpp
[1.436s] -- Up-to-date: /home/user/dobot_ws/install/dobot_msgs_v4/include/dobot_msgs_v4/dobot_msgs_v4/srv/detail/check_odd_mov_l__builder.hpp
[1.437s] -- Up-to-date: /home/user/dobot_ws/install/dobot_msgs_v4/include/dobot_msgs_v4/dobot_msgs_v4/srv/detail/set_work_zone_enable__type_support.hpp
[1.439s] -- Up-to-date: /home/user/dobot_ws/install/dobot_msgs_v4/include/dobot_msgs_v4/dobot_msgs_v4/srv/detail/fc_set_force_limit__builder.hpp
[1.440s] -- Up-to-date: /home/user/dobot_ws/install/dobot_msgs_v4/include/dobot_msgs_v4/dobot_msgs_v4/srv/detail/tool_ai__builder.hpp
[1.440s] -- Up-to-date: /home/user/dobot_ws/install/dobot_msgs_v4/include/dobot_msgs_v4/dobot_msgs_v4/srv/detail/fc_off__type_support.hpp
[1.440s] -- Up-to-date: /home/user/dobot_ws/install/dobot_msgs_v4/include/dobot_msgs_v4/dobot_msgs_v4/srv/detail/do_group_dec__struct.hpp
[1.440s] -- Up-to-date: /home/user/dobot_ws/install/dobot_msgs_v4/include/dobot_msgs_v4/dobot_msgs_v4/srv/detail/run_script__struct.hpp
[1.440s] -- Up-to-date: /home/user/dobot_ws/install/dobot_msgs_v4/include/dobot_msgs_v4/dobot_msgs_v4/srv/detail/speed_factor__type_support.hpp
[1.440s] -- Up-to-date: /home/user/dobot_ws/install/dobot_msgs_v4/include/dobot_msgs_v4/dobot_msgs_v4/srv/detail/enable_ft_sensor__builder.hpp
[1.441s] -- Up-to-date: /home/user/dobot_ws/install/dobot_msgs_v4/include/dobot_msgs_v4/dobot_msgs_v4/srv/detail/get_error_id__struct.hpp
[1.441s] -- Up-to-date: /home/user/dobot_ws/install/dobot_msgs_v4/include/dobot_msgs_v4/dobot_msgs_v4/srv/detail/set_output_float__struct.hpp
[1.441s] -- Up-to-date: /home/user/dobot_ws/install/dobot_msgs_v4/include/dobot_msgs_v4/dobot_msgs_v4/srv/detail/get_input_bool__builder.hpp
[1.441s] -- Up-to-date: /home/user/dobot_ws/install/dobot_msgs_v4/include/dobot_msgs_v4/dobot_msgs_v4/srv/detail/enable_safe_skin__traits.hpp
[1.441s] -- Up-to-date: /home/user/dobot_ws/install/dobot_msgs_v4/include/dobot_msgs_v4/dobot_msgs_v4/srv/detail/servo_j__builder.hpp
[1.442s] -- Up-to-date: /home/user/dobot_ws/install/dobot_msgs_v4/include/dobot_msgs_v4/dobot_msgs_v4/srv/detail/get_tool_do__traits.hpp
[1.442s] -- Up-to-date: /home/user/dobot_ws/install/dobot_msgs_v4/include/dobot_msgs_v4/dobot_msgs_v4/srv/detail/power_on__builder.hpp
[1.442s] -- Up-to-date: /home/user/dobot_ws/install/dobot_msgs_v4/include/dobot_msgs_v4/dobot_msgs_v4/srv/detail/set_tool_power__struct.hpp
[1.442s] -- Up-to-date: /home/user/dobot_ws/install/dobot_msgs_v4/include/dobot_msgs_v4/dobot_msgs_v4/srv/detail/fc_set_deviation__builder.hpp
[1.442s] -- Up-to-date: /home/user/dobot_ws/install/dobot_msgs_v4/include/dobot_msgs_v4/dobot_msgs_v4/srv/detail/fc_collision_switch__builder.hpp
[1.443s] -- Up-to-date: /home/user/dobot_ws/install/dobot_msgs_v4/include/dobot_msgs_v4/dobot_msgs_v4/srv/detail/set_output_bool__traits.hpp
[1.443s] -- Up-to-date: /home/user/dobot_ws/install/dobot_msgs_v4/include/dobot_msgs_v4/dobot_msgs_v4/srv/detail/rel_mov_j_user__type_support.hpp
[1.443s] -- Up-to-date: /home/user/dobot_ws/install/dobot_msgs_v4/include/dobot_msgs_v4/dobot_msgs_v4/srv/detail/stop_drag__traits.hpp
[1.443s] -- Up-to-date: /home/user/dobot_ws/install/dobot_msgs_v4/include/dobot_msgs_v4/dobot_msgs_v4/srv/detail/check_odd_mov_c__struct.hpp
[1.444s] -- Up-to-date: /home/user/dobot_ws/install/dobot_msgs_v4/include/dobot_msgs_v4/dobot_msgs_v4/srv/detail/inverse_kin__type_support.hpp
[1.445s] -- Up-to-date: /home/user/dobot_ws/install/dobot_msgs_v4/include/dobot_msgs_v4/dobot_msgs_v4/srv/detail/rel_joint_mov_j__type_support.hpp
[1.445s] -- Up-to-date: /home/user/dobot_ws/install/dobot_msgs_v4/include/dobot_msgs_v4/dobot_msgs_v4/srv/detail/set_hold_regs__builder.hpp
[1.445s] -- Up-to-date: /home/user/dobot_ws/install/dobot_msgs_v4/include/dobot_msgs_v4/dobot_msgs_v4/srv/detail/user__struct.hpp
[1.446s] -- Up-to-date: /home/user/dobot_ws/install/dobot_msgs_v4/include/dobot_msgs_v4/dobot_msgs_v4/srv/detail/tool_di__traits.hpp
[1.446s] -- Up-to-date: /home/user/dobot_ws/install/dobot_msgs_v4/include/dobot_msgs_v4/dobot_msgs_v4/srv/detail/set_post_collision_mode__builder.hpp
[1.446s] -- Up-to-date: /home/user/dobot_ws/install/dobot_msgs_v4/include/dobot_msgs_v4/dobot_msgs_v4/srv/detail/get_hold_regs__struct.hpp
[1.446s] -- Up-to-date: /home/user/dobot_ws/install/dobot_msgs_v4/include/dobot_msgs_v4/dobot_msgs_v4/srv/detail/tool_do__traits.hpp
[1.446s] -- Up-to-date: /home/user/dobot_ws/install/dobot_msgs_v4/include/dobot_msgs_v4/dobot_msgs_v4/srv/detail/fc_set_mass__struct.hpp
[1.447s] -- Up-to-date: /home/user/dobot_ws/install/dobot_msgs_v4/include/dobot_msgs_v4/dobot_msgs_v4/srv/detail/rel_mov_l_tool__type_support.hpp
[1.447s] -- Up-to-date: /home/user/dobot_ws/install/dobot_msgs_v4/include/dobot_msgs_v4/dobot_msgs_v4/srv/detail/get_start_pose__struct.hpp
[1.448s] -- Up-to-date: /home/user/dobot_ws/install/dobot_msgs_v4/include/dobot_msgs_v4/dobot_msgs_v4/srv/detail/calc_tool__traits.hpp
[1.449s] -- Up-to-date: /home/user/dobot_ws/install/dobot_msgs_v4/include/dobot_msgs_v4/dobot_msgs_v4/srv/detail/set_collision_level__struct.hpp
[1.449s] -- Up-to-date: /home/user/dobot_ws/install/dobot_msgs_v4/include/dobot_msgs_v4/dobot_msgs_v4/srv/detail/ao_instant__builder.hpp
[1.450s] -- Up-to-date: /home/user/dobot_ws/install/dobot_msgs_v4/include/dobot_msgs_v4/dobot_msgs_v4/srv/detail/fc_set_deviation__struct.hpp
[1.450s] -- Up-to-date: /home/user/dobot_ws/install/dobot_msgs_v4/include/dobot_msgs_v4/dobot_msgs_v4/srv/detail/calc_user__struct.hpp
[1.450s] -- Up-to-date: /home/user/dobot_ws/install/dobot_msgs_v4/include/dobot_msgs_v4/dobot_msgs_v4/srv/detail/acc_l__struct.hpp
[1.450s] -- Up-to-date: /home/user/dobot_ws/install/dobot_msgs_v4/include/dobot_msgs_v4/dobot_msgs_v4/srv/detail/enable_robot__type_support.hpp
[1.450s] -- Up-to-date: /home/user/dobot_ws/install/dobot_msgs_v4/include/dobot_msgs_v4/dobot_msgs_v4/srv/detail/get_do_group_dec__traits.hpp
[1.450s] -- Up-to-date: /home/user/dobot_ws/install/dobot_msgs_v4/include/dobot_msgs_v4/dobot_msgs_v4/srv/detail/start_path__traits.hpp
[1.450s] -- Up-to-date: /home/user/dobot_ws/install/dobot_msgs_v4/include/dobot_msgs_v4/dobot_msgs_v4/srv/detail/tool_di__type_support.hpp
[1.451s] -- Up-to-date: /home/user/dobot_ws/install/dobot_msgs_v4/include/dobot_msgs_v4/dobot_msgs_v4/srv/detail/set_user__type_support.hpp
[1.451s] -- Up-to-date: /home/user/dobot_ws/install/dobot_msgs_v4/include/dobot_msgs_v4/dobot_msgs_v4/srv/detail/check_odd_mov_j__traits.hpp
[1.451s] -- Up-to-date: /home/user/dobot_ws/install/dobot_msgs_v4/include/dobot_msgs_v4/dobot_msgs_v4/srv/detail/rel_joint_mov_j__struct.hpp
[1.451s] -- Up-to-date: /home/user/dobot_ws/install/dobot_msgs_v4/include/dobot_msgs_v4/dobot_msgs_v4/srv/detail/fc_set_force_speed_limit__traits.hpp
[1.452s] -- Up-to-date: /home/user/dobot_ws/install/dobot_msgs_v4/include/dobot_msgs_v4/dobot_msgs_v4/srv/detail/set_collision_level__traits.hpp
[1.452s] -- Up-to-date: /home/user/dobot_ws/install/dobot_msgs_v4/include/dobot_msgs_v4/dobot_msgs_v4/srv/detail/run_script__type_support.hpp
[1.453s] -- Up-to-date: /home/user/dobot_ws/install/dobot_msgs_v4/include/dobot_msgs_v4/dobot_msgs_v4/srv/detail/get_coils__type_support.hpp
[1.453s] -- Up-to-date: /home/user/dobot_ws/install/dobot_msgs_v4/include/dobot_msgs_v4/dobot_msgs_v4/srv/detail/stop_move_jog__type_support.hpp
[1.453s] -- Up-to-date: /home/user/dobot_ws/install/dobot_msgs_v4/include/dobot_msgs_v4/dobot_msgs_v4/srv/detail/set_tool485__type_support.hpp
[1.453s] -- Up-to-date: /home/user/dobot_ws/install/dobot_msgs_v4/include/dobot_msgs_v4/dobot_msgs_v4/srv/detail/get_do_group__builder.hpp
[1.453s] -- Up-to-date: /home/user/dobot_ws/install/dobot_msgs_v4/include/dobot_msgs_v4/dobot_msgs_v4/srv/detail/power_on__struct.hpp
[1.453s] -- Up-to-date: /home/user/dobot_ws/install/dobot_msgs_v4/include/dobot_msgs_v4/dobot_msgs_v4/srv/detail/disable_robot__builder.hpp
[1.453s] -- Up-to-date: /home/user/dobot_ws/install/dobot_msgs_v4/include/dobot_msgs_v4/dobot_msgs_v4/srv/detail/fc_set_force_limit__struct.hpp
[1.454s] -- Up-to-date: /home/user/dobot_ws/install/dobot_msgs_v4/include/dobot_msgs_v4/dobot_msgs_v4/srv/detail/set_safe_skin__builder.hpp
[1.454s] -- Up-to-date: /home/user/dobot_ws/install/dobot_msgs_v4/include/dobot_msgs_v4/dobot_msgs_v4/srv/detail/run_to__struct.hpp
[1.454s] -- Up-to-date: /home/user/dobot_ws/install/dobot_msgs_v4/include/dobot_msgs_v4/dobot_msgs_v4/srv/detail/start_drag__struct.hpp
[1.454s] -- Up-to-date: /home/user/dobot_ws/install/dobot_msgs_v4/include/dobot_msgs_v4/dobot_msgs_v4/srv/detail/modbus_rtu_create__traits.hpp
[1.454s] -- Up-to-date: /home/user/dobot_ws/install/dobot_msgs_v4/include/dobot_msgs_v4/dobot_msgs_v4/srv/detail/do_group_dec__builder.hpp
[1.454s] -- Up-to-date: /home/user/dobot_ws/install/dobot_msgs_v4/include/dobot_msgs_v4/dobot_msgs_v4/srv/detail/fc_set_force_speed_limit__builder.hpp
[1.455s] -- Up-to-date: /home/user/dobot_ws/install/dobot_msgs_v4/include/dobot_msgs_v4/dobot_msgs_v4/srv/detail/positive_kin__builder.hpp
[1.455s] -- Up-to-date: /home/user/dobot_ws/install/dobot_msgs_v4/include/dobot_msgs_v4/dobot_msgs_v4/srv/detail/do_group__traits.hpp
[1.455s] -- Up-to-date: /home/user/dobot_ws/install/dobot_msgs_v4/include/dobot_msgs_v4/dobot_msgs_v4/srv/detail/get_output_bool__struct.hpp
[1.455s] -- Up-to-date: /home/user/dobot_ws/install/dobot_msgs_v4/include/dobot_msgs_v4/dobot_msgs_v4/srv/detail/check_odd_mov_j__type_support.hpp
[1.455s] -- Up-to-date: /home/user/dobot_ws/install/dobot_msgs_v4/include/dobot_msgs_v4/dobot_msgs_v4/srv/detail/mov_l__traits.hpp
[1.455s] -- Up-to-date: /home/user/dobot_ws/install/dobot_msgs_v4/include/dobot_msgs_v4/dobot_msgs_v4/srv/detail/brake_control__traits.hpp
[1.455s] -- Up-to-date: /home/user/dobot_ws/install/dobot_msgs_v4/include/dobot_msgs_v4/dobot_msgs_v4/srv/detail/rel_mov_j_tool__struct.hpp
[1.455s] -- Up-to-date: /home/user/dobot_ws/install/dobot_msgs_v4/include/dobot_msgs_v4/dobot_msgs_v4/srv/detail/calc_user__traits.hpp
[1.456s] -- Up-to-date: /home/user/dobot_ws/install/dobot_msgs_v4/include/dobot_msgs_v4/dobot_msgs_v4/srv/detail/fc_set_stiffness__builder.hpp
[1.456s] -- Up-to-date: /home/user/dobot_ws/install/dobot_msgs_v4/include/dobot_msgs_v4/dobot_msgs_v4/srv/detail/di_group_dec__struct.hpp
[1.456s] -- Up-to-date: /home/user/dobot_ws/install/dobot_msgs_v4/include/dobot_msgs_v4/dobot_msgs_v4/srv/detail/fc_off__traits.hpp
[1.456s] -- Up-to-date: /home/user/dobot_ws/install/dobot_msgs_v4/include/dobot_msgs_v4/dobot_msgs_v4/srv/detail/calc_user__builder.hpp
[1.456s] -- Up-to-date: /home/user/dobot_ws/install/dobot_msgs_v4/include/dobot_msgs_v4/dobot_msgs_v4/srv/detail/get_error_id__traits.hpp
[1.456s] -- Up-to-date: /home/user/dobot_ws/install/dobot_msgs_v4/include/dobot_msgs_v4/dobot_msgs_v4/srv/detail/ai__builder.hpp
[1.457s] -- Up-to-date: /home/user/dobot_ws/install/dobot_msgs_v4/include/dobot_msgs_v4/dobot_msgs_v4/srv/detail/set_tool__type_support.hpp
[1.457s] -- Up-to-date: /home/user/dobot_ws/install/dobot_msgs_v4/include/dobot_msgs_v4/dobot_msgs_v4/srv/detail/fc_set_stiffness__traits.hpp
[1.457s] -- Up-to-date: /home/user/dobot_ws/install/dobot_msgs_v4/include/dobot_msgs_v4/dobot_msgs_v4/srv/detail/mov_jio__builder.hpp
[1.457s] -- Up-to-date: /home/user/dobot_ws/install/dobot_msgs_v4/include/dobot_msgs_v4/dobot_msgs_v4/srv/detail/get_output_bool__builder.hpp
[1.457s] -- Up-to-date: /home/user/dobot_ws/install/dobot_msgs_v4/include/dobot_msgs_v4/dobot_msgs_v4/srv/detail/request_control__traits.hpp
[1.457s] -- Up-to-date: /home/user/dobot_ws/install/dobot_msgs_v4/include/dobot_msgs_v4/dobot_msgs_v4/srv/detail/ao_instant__struct.hpp
[1.457s] -- Up-to-date: /home/user/dobot_ws/install/dobot_msgs_v4/include/dobot_msgs_v4/dobot_msgs_v4/srv/detail/get_coils__traits.hpp
[1.457s] -- Up-to-date: /home/user/dobot_ws/install/dobot_msgs_v4/include/dobot_msgs_v4/dobot_msgs_v4/srv/detail/tool__traits.hpp
[1.458s] -- Up-to-date: /home/user/dobot_ws/install/dobot_msgs_v4/include/dobot_msgs_v4/dobot_msgs_v4/srv/detail/vel_j__traits.hpp
[1.458s] -- Up-to-date: /home/user/dobot_ws/install/dobot_msgs_v4/include/dobot_msgs_v4/dobot_msgs_v4/srv/detail/check_odd_mov_c__traits.hpp
[1.458s] -- Up-to-date: /home/user/dobot_ws/install/dobot_msgs_v4/include/dobot_msgs_v4/dobot_msgs_v4/srv/detail/modbus_create__struct.hpp
[1.458s] -- Up-to-date: /home/user/dobot_ws/install/dobot_msgs_v4/include/dobot_msgs_v4/dobot_msgs_v4/srv/detail/enable_ft_sensor__struct.hpp
[1.458s] -- Up-to-date: /home/user/dobot_ws/install/dobot_msgs_v4/include/dobot_msgs_v4/dobot_msgs_v4/srv/detail/acc_j__type_support.hpp
[1.458s] -- Up-to-date: /home/user/dobot_ws/install/dobot_msgs_v4/include/dobot_msgs_v4/dobot_msgs_v4/srv/detail/set_work_zone_enable__builder.hpp
[1.458s] -- Up-to-date: /home/user/dobot_ws/install/dobot_msgs_v4/include/dobot_msgs_v4/dobot_msgs_v4/srv/detail/positive_kin__struct.hpp
[1.458s] -- Up-to-date: /home/user/dobot_ws/install/dobot_msgs_v4/include/dobot_msgs_v4/dobot_msgs_v4/srv/detail/fc_set_deviation__type_support.hpp
[1.459s] -- Up-to-date: /home/user/dobot_ws/install/dobot_msgs_v4/include/dobot_msgs_v4/dobot_msgs_v4/srv/detail/set_output_float__traits.hpp
[1.459s] -- Up-to-date: /home/user/dobot_ws/install/dobot_msgs_v4/include/dobot_msgs_v4/dobot_msgs_v4/srv/detail/get_in_regs__traits.hpp
[1.459s] -- Up-to-date: /home/user/dobot_ws/install/dobot_msgs_v4/include/dobot_msgs_v4/dobot_msgs_v4/srv/detail/mov_j__struct.hpp
[1.459s] -- Up-to-date: /home/user/dobot_ws/install/dobot_msgs_v4/include/dobot_msgs_v4/dobot_msgs_v4/srv/detail/set_tool_mode__type_support.hpp
[1.459s] -- Up-to-date: /home/user/dobot_ws/install/dobot_msgs_v4/include/dobot_msgs_v4/dobot_msgs_v4/srv/detail/fc_set_force_limit__type_support.hpp
[1.459s] -- Up-to-date: /home/user/dobot_ws/install/dobot_msgs_v4/include/dobot_msgs_v4/dobot_msgs_v4/srv/detail/get_start_pose__traits.hpp
[1.459s] -- Up-to-date: /home/user/dobot_ws/install/dobot_msgs_v4/include/dobot_msgs_v4/dobot_msgs_v4/srv/detail/arc__traits.hpp
[1.459s] -- Up-to-date: /home/user/dobot_ws/install/dobot_msgs_v4/include/dobot_msgs_v4/dobot_msgs_v4/srv/detail/force_drive_speed__traits.hpp
[1.459s] -- Up-to-date: /home/user/dobot_ws/install/dobot_msgs_v4/include/dobot_msgs_v4/dobot_msgs_v4/srv/detail/drag_sensivity__builder.hpp
[1.459s] -- Up-to-date: /home/user/dobot_ws/install/dobot_msgs_v4/include/dobot_msgs_v4/dobot_msgs_v4/srv/detail/stop__builder.hpp
[1.459s] -- Up-to-date: /home/user/dobot_ws/install/dobot_msgs_v4/include/dobot_msgs_v4/dobot_msgs_v4/srv/detail/get_angle__traits.hpp
[1.459s] -- Up-to-date: /home/user/dobot_ws/install/dobot_msgs_v4/include/dobot_msgs_v4/dobot_msgs_v4/srv/detail/get_input_bool__traits.hpp
[1.460s] -- Up-to-date: /home/user/dobot_ws/install/dobot_msgs_v4/include/dobot_msgs_v4/dobot_msgs_v4/srv/detail/force_drive_speed__builder.hpp
[1.460s] -- Up-to-date: /home/user/dobot_ws/install/dobot_msgs_v4/include/dobot_msgs_v4/dobot_msgs_v4/srv/detail/stop__struct.hpp
[1.460s] -- Up-to-date: /home/user/dobot_ws/install/dobot_msgs_v4/include/dobot_msgs_v4/dobot_msgs_v4/srv/detail/force_drive_mode__type_support.hpp
[1.460s] -- Up-to-date: /home/user/dobot_ws/install/dobot_msgs_v4/include/dobot_msgs_v4/dobot_msgs_v4/srv/detail/request_control__type_support.hpp
[1.460s] -- Up-to-date: /home/user/dobot_ws/install/dobot_msgs_v4/include/dobot_msgs_v4/dobot_msgs_v4/srv/detail/enable_safe_skin__struct.hpp
[1.460s] -- Up-to-date: /home/user/dobot_ws/install/dobot_msgs_v4/include/dobot_msgs_v4/dobot_msgs_v4/srv/detail/get_output_float__struct.hpp
[1.460s] -- Up-to-date: /home/user/dobot_ws/install/dobot_msgs_v4/include/dobot_msgs_v4/dobot_msgs_v4/srv/detail/check_odd_mov_l__traits.hpp
[1.461s] -- Up-to-date: /home/user/dobot_ws/install/dobot_msgs_v4/include/dobot_msgs_v4/dobot_msgs_v4/srv/detail/fc_set_force_speed_limit__struct.hpp
[1.461s] -- Up-to-date: /home/user/dobot_ws/install/dobot_msgs_v4/include/dobot_msgs_v4/dobot_msgs_v4/srv/detail/get_in_bits__struct.hpp
[1.461s] -- Up-to-date: /home/user/dobot_ws/install/dobot_msgs_v4/include/dobot_msgs_v4/dobot_msgs_v4/srv/detail/rel_joint_mov_j__builder.hpp
[1.461s] -- Up-to-date: /home/user/dobot_ws/install/dobot_msgs_v4/include/dobot_msgs_v4/dobot_msgs_v4/srv/detail/do__type_support.hpp
[1.461s] -- Up-to-date: /home/user/dobot_ws/install/dobot_msgs_v4/include/dobot_msgs_v4/dobot_msgs_v4/srv/detail/mov_lio__type_support.hpp
[1.461s] -- Up-to-date: /home/user/dobot_ws/install/dobot_msgs_v4/include/dobot_msgs_v4/dobot_msgs_v4/srv/detail/start_rt_offset__builder.hpp
[1.461s] -- Up-to-date: /home/user/dobot_ws/install/dobot_msgs_v4/include/dobot_msgs_v4/dobot_msgs_v4/srv/detail/enable_safe_skin__builder.hpp
[1.461s] -- Up-to-date: /home/user/dobot_ws/install/dobot_msgs_v4/include/dobot_msgs_v4/dobot_msgs_v4/srv/detail/set_tool485__builder.hpp
[1.461s] -- Up-to-date: /home/user/dobot_ws/install/dobot_msgs_v4/include/dobot_msgs_v4/dobot_msgs_v4/srv/detail/vel_l__struct.hpp
[1.461s] -- Up-to-date: /home/user/dobot_ws/install/dobot_msgs_v4/include/dobot_msgs_v4/dobot_msgs_v4/srv/detail/pause__traits.hpp
[1.461s] -- Up-to-date: /home/user/dobot_ws/install/dobot_msgs_v4/include/dobot_msgs_v4/dobot_msgs_v4/srv/detail/rel_mov_j_user__builder.hpp
[1.461s] -- Up-to-date: /home/user/dobot_ws/install/dobot_msgs_v4/include/dobot_msgs_v4/dobot_msgs_v4/srv/detail/speed_factor__traits.hpp
[1.461s] -- Up-to-date: /home/user/dobot_ws/install/dobot_msgs_v4/include/dobot_msgs_v4/dobot_msgs_v4/srv/detail/pause__struct.hpp
[1.461s] -- Up-to-date: /home/user/dobot_ws/install/dobot_msgs_v4/include/dobot_msgs_v4/dobot_msgs_v4/srv/detail/get_error__struct.hpp
[1.461s] -- Up-to-date: /home/user/dobot_ws/install/dobot_msgs_v4/include/dobot_msgs_v4/dobot_msgs_v4/srv/detail/brake_control__builder.hpp
[1.462s] -- Up-to-date: /home/user/dobot_ws/install/dobot_msgs_v4/include/dobot_msgs_v4/dobot_msgs_v4/srv/detail/get_input_int__builder.hpp
[1.462s] -- Up-to-date: /home/user/dobot_ws/install/dobot_msgs_v4/include/dobot_msgs_v4/dobot_msgs_v4/srv/detail/servo_j__type_support.hpp
[1.462s] -- Up-to-date: /home/user/dobot_ws/install/dobot_msgs_v4/include/dobot_msgs_v4/dobot_msgs_v4/srv/detail/stop_move_jog__traits.hpp
[1.462s] -- Up-to-date: /home/user/dobot_ws/install/dobot_msgs_v4/include/dobot_msgs_v4/dobot_msgs_v4/srv/detail/fc_set_mass__traits.hpp
[1.462s] -- Up-to-date: /home/user/dobot_ws/install/dobot_msgs_v4/include/dobot_msgs_v4/dobot_msgs_v4/srv/detail/di_group_dec__builder.hpp
[1.462s] -- Up-to-date: /home/user/dobot_ws/install/dobot_msgs_v4/include/dobot_msgs_v4/dobot_msgs_v4/srv/detail/inverse_kin__traits.hpp
[1.462s] -- Up-to-date: /home/user/dobot_ws/install/dobot_msgs_v4/include/dobot_msgs_v4/dobot_msgs_v4/srv/detail/di_group_dec__traits.hpp
[1.462s] -- Up-to-date: /home/user/dobot_ws/install/dobot_msgs_v4/include/dobot_msgs_v4/dobot_msgs_v4/srv/detail/get_force__traits.hpp
[1.462s] -- Up-to-date: /home/user/dobot_ws/install/dobot_msgs_v4/include/dobot_msgs_v4/dobot_msgs_v4/srv/detail/stop_move_jog__struct.hpp
[1.462s] -- Up-to-date: /home/user/dobot_ws/install/dobot_msgs_v4/include/dobot_msgs_v4/dobot_msgs_v4/srv/detail/acc_j__builder.hpp
[1.462s] -- Up-to-date: /home/user/dobot_ws/install/dobot_msgs_v4/include/dobot_msgs_v4/dobot_msgs_v4/srv/detail/force_drive_mode__builder.hpp
[1.462s] -- Up-to-date: /home/user/dobot_ws/install/dobot_msgs_v4/include/dobot_msgs_v4/dobot_msgs_v4/srv/detail/rel_mov_l_tool__struct.hpp
[1.462s] -- Up-to-date: /home/user/dobot_ws/install/dobot_msgs_v4/include/dobot_msgs_v4/dobot_msgs_v4/srv/detail/robot_mode__traits.hpp
[1.462s] -- Up-to-date: /home/user/dobot_ws/install/dobot_msgs_v4/include/dobot_msgs_v4/dobot_msgs_v4/srv/detail/set_fc_collision__type_support.hpp
[1.462s] -- Up-to-date: /home/user/dobot_ws/install/dobot_msgs_v4/include/dobot_msgs_v4/dobot_msgs_v4/srv/detail/ao__builder.hpp
[1.462s] -- Up-to-date: /home/user/dobot_ws/install/dobot_msgs_v4/include/dobot_msgs_v4/dobot_msgs_v4/srv/detail/fc_force_mode__type_support.hpp
[1.462s] -- Up-to-date: /home/user/dobot_ws/install/dobot_msgs_v4/include/dobot_msgs_v4/dobot_msgs_v4/srv/detail/do__traits.hpp
[1.462s] -- Up-to-date: /home/user/dobot_ws/install/dobot_msgs_v4/include/dobot_msgs_v4/dobot_msgs_v4/srv/detail/set_back_distance__builder.hpp
[1.462s] -- Up-to-date: /home/user/dobot_ws/install/dobot_msgs_v4/include/dobot_msgs_v4/dobot_msgs_v4/srv/detail/get_do_group__traits.hpp
[1.463s] -- Up-to-date: /home/user/dobot_ws/install/dobot_msgs_v4/include/dobot_msgs_v4/dobot_msgs_v4/srv/detail/run_to__type_support.hpp
[1.463s] -- Up-to-date: /home/user/dobot_ws/install/dobot_msgs_v4/include/dobot_msgs_v4/dobot_msgs_v4/srv/detail/get_hold_regs__traits.hpp
[1.463s] -- Up-to-date: /home/user/dobot_ws/install/dobot_msgs_v4/include/dobot_msgs_v4/dobot_msgs_v4/srv/detail/set_work_zone_enable__struct.hpp
[1.463s] -- Up-to-date: /home/user/dobot_ws/install/dobot_msgs_v4/include/dobot_msgs_v4/dobot_msgs_v4/srv/detail/reset_robot__builder.hpp
[1.463s] -- Up-to-date: /home/user/dobot_ws/install/dobot_msgs_v4/include/dobot_msgs_v4/dobot_msgs_v4/srv/detail/ao_instant__traits.hpp
[1.463s] -- Up-to-date: /home/user/dobot_ws/install/dobot_msgs_v4/include/dobot_msgs_v4/dobot_msgs_v4/srv/detail/get_input_float__struct.hpp
[1.463s] -- Up-to-date: /home/user/dobot_ws/install/dobot_msgs_v4/include/dobot_msgs_v4/dobot_msgs_v4/srv/detail/di_group__builder.hpp
[1.463s] -- Up-to-date: /home/user/dobot_ws/install/dobot_msgs_v4/include/dobot_msgs_v4/dobot_msgs_v4/srv/detail/fc_set_stiffness__struct.hpp
[1.463s] -- Up-to-date: /home/user/dobot_ws/install/dobot_msgs_v4/include/dobot_msgs_v4/dobot_msgs_v4/srv/detail/rel_mov_j_tool__traits.hpp
[1.463s] -- Up-to-date: /home/user/dobot_ws/install/dobot_msgs_v4/include/dobot_msgs_v4/dobot_msgs_v4/srv/detail/get_output_int__type_support.hpp
[1.463s] -- Up-to-date: /home/user/dobot_ws/install/dobot_msgs_v4/include/dobot_msgs_v4/dobot_msgs_v4/srv/detail/six_force_home__builder.hpp
[1.463s] -- Up-to-date: /home/user/dobot_ws/install/dobot_msgs_v4/include/dobot_msgs_v4/dobot_msgs_v4/srv/detail/set_hold_regs__traits.hpp
[1.464s] -- Up-to-date: /home/user/dobot_ws/install/dobot_msgs_v4/include/dobot_msgs_v4/dobot_msgs_v4/srv/detail/disable_robot__type_support.hpp
[1.464s] -- Up-to-date: /home/user/dobot_ws/install/dobot_msgs_v4/include/dobot_msgs_v4/dobot_msgs_v4/srv/detail/stop__type_support.hpp
[1.464s] -- Up-to-date: /home/user/dobot_ws/install/dobot_msgs_v4/include/dobot_msgs_v4/dobot_msgs_v4/srv/detail/get_start_pose__type_support.hpp
[1.464s] -- Up-to-date: /home/user/dobot_ws/install/dobot_msgs_v4/include/dobot_msgs_v4/dobot_msgs_v4/srv/detail/fc_set_mass__builder.hpp
[1.464s] -- Up-to-date: /home/user/dobot_ws/install/dobot_msgs_v4/include/dobot_msgs_v4/dobot_msgs_v4/srv/detail/get_do__builder.hpp
[1.464s] -- Up-to-date: /home/user/dobot_ws/install/dobot_msgs_v4/include/dobot_msgs_v4/dobot_msgs_v4/srv/detail/get_ao__struct.hpp
[1.464s] -- Up-to-date: /home/user/dobot_ws/install/dobot_msgs_v4/include/dobot_msgs_v4/dobot_msgs_v4/srv/detail/get_output_float__builder.hpp
[1.464s] -- Up-to-date: /home/user/dobot_ws/install/dobot_msgs_v4/include/dobot_msgs_v4/dobot_msgs_v4/srv/detail/set_work_zone_enable__traits.hpp
[1.464s] -- Up-to-date: /home/user/dobot_ws/install/dobot_msgs_v4/include/dobot_msgs_v4/dobot_msgs_v4/srv/detail/tool_do_instant__builder.hpp
[1.464s] -- Up-to-date: /home/user/dobot_ws/install/dobot_msgs_v4/include/dobot_msgs_v4/dobot_msgs_v4/srv/detail/set_payload__builder.hpp
[1.464s] -- Up-to-date: /home/user/dobot_ws/install/dobot_msgs_v4/include/dobot_msgs_v4/dobot_msgs_v4/srv/detail/do_group_dec__type_support.hpp
[1.464s] -- Up-to-date: /home/user/dobot_ws/install/dobot_msgs_v4/include/dobot_msgs_v4/dobot_msgs_v4/srv/detail/ai__struct.hpp
[1.464s] -- Up-to-date: /home/user/dobot_ws/install/dobot_msgs_v4/include/dobot_msgs_v4/dobot_msgs_v4/srv/detail/tool_do_instant__traits.hpp
[1.464s] -- Up-to-date: /home/user/dobot_ws/install/dobot_msgs_v4/include/dobot_msgs_v4/dobot_msgs_v4/srv/detail/mov_jio__traits.hpp
[1.464s] -- Up-to-date: /home/user/dobot_ws/install/dobot_msgs_v4/include/dobot_msgs_v4/dobot_msgs_v4/srv/detail/fc_set_force__traits.hpp
[1.464s] -- Up-to-date: /home/user/dobot_ws/install/dobot_msgs_v4/include/dobot_msgs_v4/dobot_msgs_v4/srv/detail/set_tool_power__traits.hpp
[1.465s] -- Up-to-date: /home/user/dobot_ws/install/dobot_msgs_v4/include/dobot_msgs_v4/dobot_msgs_v4/srv/detail/di_group_dec__type_support.hpp
[1.465s] -- Up-to-date: /home/user/dobot_ws/install/dobot_msgs_v4/include/dobot_msgs_v4/dobot_msgs_v4/srv/detail/end_rt_offset__struct.hpp
[1.465s] -- Up-to-date: /home/user/dobot_ws/install/dobot_msgs_v4/include/dobot_msgs_v4/dobot_msgs_v4/srv/detail/enable_robot__struct.hpp
[1.465s] -- Up-to-date: /home/user/dobot_ws/install/dobot_msgs_v4/include/dobot_msgs_v4/dobot_msgs_v4/srv/detail/mov_lio__struct.hpp
[1.465s] -- Up-to-date: /home/user/dobot_ws/install/dobot_msgs_v4/include/dobot_msgs_v4/dobot_msgs_v4/srv/detail/do_instant__type_support.hpp
[1.465s] -- Up-to-date: /home/user/dobot_ws/install/dobot_msgs_v4/include/dobot_msgs_v4/dobot_msgs_v4/srv/detail/get_input_bool__type_support.hpp
[1.465s] -- Up-to-date: /home/user/dobot_ws/install/dobot_msgs_v4/include/dobot_msgs_v4/dobot_msgs_v4/srv/detail/rel_mov_l_user__struct.hpp
[1.465s] -- Up-to-date: /home/user/dobot_ws/install/dobot_msgs_v4/include/dobot_msgs_v4/dobot_msgs_v4/srv/detail/set_collision_level__type_support.hpp
[1.465s] -- Up-to-date: /home/user/dobot_ws/install/dobot_msgs_v4/include/dobot_msgs_v4/dobot_msgs_v4/srv/detail/servo_p__type_support.hpp
[1.465s] -- Up-to-date: /home/user/dobot_ws/install/dobot_msgs_v4/include/dobot_msgs_v4/dobot_msgs_v4/srv/run_script.hpp
[1.465s] -- Up-to-date: /home/user/dobot_ws/install/dobot_msgs_v4/include/dobot_msgs_v4/dobot_msgs_v4/srv/di_group.hpp
[1.465s] -- Up-to-date: /home/user/dobot_ws/install/dobot_msgs_v4/include/dobot_msgs_v4/dobot_msgs_v4/srv/get_output_bool.hpp
[1.465s] -- Up-to-date: /home/user/dobot_ws/install/dobot_msgs_v4/include/dobot_msgs_v4/dobot_msgs_v4/srv/fc_set_mass.hpp
[1.466s] -- Up-to-date: /home/user/dobot_ws/install/dobot_msgs_v4/include/dobot_msgs_v4/dobot_msgs_v4/srv/fc_collision_switch.hpp
[1.466s] -- Up-to-date: /home/user/dobot_ws/install/dobot_msgs_v4/include/dobot_msgs_v4/dobot_msgs_v4/srv/set_work_zone_enable.hpp
[1.466s] -- Up-to-date: /home/user/dobot_ws/install/dobot_msgs_v4/include/dobot_msgs_v4/dobot_msgs_v4/srv/set_hold_regs.hpp
[1.466s] -- Up-to-date: /home/user/dobot_ws/install/dobot_msgs_v4/include/dobot_msgs_v4/dobot_msgs_v4/srv/check_odd_mov_l.hpp
[1.466s] -- Up-to-date: /home/user/dobot_ws/install/dobot_msgs_v4/include/dobot_msgs_v4/dobot_msgs_v4/srv/power_on.hpp
[1.466s] -- Up-to-date: /home/user/dobot_ws/install/dobot_msgs_v4/include/dobot_msgs_v4/dobot_msgs_v4/srv/positive_kin.hpp
[1.468s] -- Up-to-date: /home/user/dobot_ws/install/dobot_msgs_v4/include/dobot_msgs_v4/dobot_msgs_v4/srv/vel_l.hpp
[1.468s] -- Up-to-date: /home/user/dobot_ws/install/dobot_msgs_v4/include/dobot_msgs_v4/dobot_msgs_v4/srv/get_input_int.hpp
[1.469s] -- Up-to-date: /home/user/dobot_ws/install/dobot_msgs_v4/include/dobot_msgs_v4/dobot_msgs_v4
[1.469s] -- Up-to-date: /home/user/dobot_ws/install/dobot_msgs_v4/include/dobot_msgs_v4/dobot_msgs_v4/msg
[1.469s] -- Up-to-date: /home/user/dobot_ws/install/dobot_msgs_v4/include/dobot_msgs_v4/dobot_msgs_v4/msg/detail
[1.469s] -- Up-to-date: /home/user/dobot_ws/install/dobot_msgs_v4/include/dobot_msgs_v4/dobot_msgs_v4/msg/detail/robot_status__rosidl_typesupport_fastrtps_cpp.hpp
[1.469s] -- Up-to-date: /home/user/dobot_ws/install/dobot_msgs_v4/include/dobot_msgs_v4/dobot_msgs_v4/msg/detail/tool_vector_actual__rosidl_typesupport_fastrtps_cpp.hpp
[1.469s] -- Up-to-date: /home/user/dobot_ws/install/dobot_msgs_v4/include/dobot_msgs_v4/dobot_msgs_v4/msg/detail/dds_fastrtps
[1.469s] -- Up-to-date: /home/user/dobot_ws/install/dobot_msgs_v4/include/dobot_msgs_v4/dobot_msgs_v4/msg/rosidl_typesupport_fastrtps_cpp__visibility_control.h
[1.469s] -- Up-to-date: /home/user/dobot_ws/install/dobot_msgs_v4/include/dobot_msgs_v4/dobot_msgs_v4/srv
[1.470s] -- Up-to-date: /home/user/dobot_ws/install/dobot_msgs_v4/include/dobot_msgs_v4/dobot_msgs_v4/srv/detail
[1.470s] -- Up-to-date: /home/user/dobot_ws/install/dobot_msgs_v4/include/dobot_msgs_v4/dobot_msgs_v4/srv/detail/fc_set_force_speed_limit__rosidl_typesupport_fastrtps_cpp.hpp
[1.470s] -- Up-to-date: /home/user/dobot_ws/install/dobot_msgs_v4/include/dobot_msgs_v4/dobot_msgs_v4/srv/detail/stop_move_jog__rosidl_typesupport_fastrtps_cpp.hpp
[1.470s] -- Up-to-date: /home/user/dobot_ws/install/dobot_msgs_v4/include/dobot_msgs_v4/dobot_msgs_v4/srv/detail/fc_off__rosidl_typesupport_fastrtps_cpp.hpp
[1.470s] -- Up-to-date: /home/user/dobot_ws/install/dobot_msgs_v4/include/dobot_msgs_v4/dobot_msgs_v4/srv/detail/set_safe_wall_enable__rosidl_typesupport_fastrtps_cpp.hpp
[1.471s] -- Up-to-date: /home/user/dobot_ws/install/dobot_msgs_v4/include/dobot_msgs_v4/dobot_msgs_v4/srv/detail/power_on__rosidl_typesupport_fastrtps_cpp.hpp
[1.471s] -- Up-to-date: /home/user/dobot_ws/install/dobot_msgs_v4/include/dobot_msgs_v4/dobot_msgs_v4/srv/detail/get_angle__rosidl_typesupport_fastrtps_cpp.hpp
[1.471s] -- Up-to-date: /home/user/dobot_ws/install/dobot_msgs_v4/include/dobot_msgs_v4/dobot_msgs_v4/srv/detail/set_tool_mode__rosidl_typesupport_fastrtps_cpp.hpp
[1.471s] -- Up-to-date: /home/user/dobot_ws/install/dobot_msgs_v4/include/dobot_msgs_v4/dobot_msgs_v4/srv/detail/do_instant__rosidl_typesupport_fastrtps_cpp.hpp
[1.471s] -- Up-to-date: /home/user/dobot_ws/install/dobot_msgs_v4/include/dobot_msgs_v4/dobot_msgs_v4/srv/detail/di_group__rosidl_typesupport_fastrtps_cpp.hpp
[1.471s] -- Up-to-date: /home/user/dobot_ws/install/dobot_msgs_v4/include/dobot_msgs_v4/dobot_msgs_v4/srv/detail/request_control__rosidl_typesupport_fastrtps_cpp.hpp
[1.471s] -- Up-to-date: /home/user/dobot_ws/install/dobot_msgs_v4/include/dobot_msgs_v4/dobot_msgs_v4/srv/detail/rel_mov_j_user__rosidl_typesupport_fastrtps_cpp.hpp
[1.471s] -- Up-to-date: /home/user/dobot_ws/install/dobot_msgs_v4/include/dobot_msgs_v4/dobot_msgs_v4/srv/detail/arc__rosidl_typesupport_fastrtps_cpp.hpp
[1.471s] -- Up-to-date: /home/user/dobot_ws/install/dobot_msgs_v4/include/dobot_msgs_v4/dobot_msgs_v4/srv/detail/fc_collision_switch__rosidl_typesupport_fastrtps_cpp.hpp
[1.472s] -- Up-to-date: /home/user/dobot_ws/install/dobot_msgs_v4/include/dobot_msgs_v4/dobot_msgs_v4/srv/detail/fc_force_mode__rosidl_typesupport_fastrtps_cpp.hpp
[1.472s] -- Up-to-date: /home/user/dobot_ws/install/dobot_msgs_v4/include/dobot_msgs_v4/dobot_msgs_v4/srv/detail/set_coils__rosidl_typesupport_fastrtps_cpp.hpp
[1.472s] -- Up-to-date: /home/user/dobot_ws/install/dobot_msgs_v4/include/dobot_msgs_v4/dobot_msgs_v4/srv/detail/force_drive_speed__rosidl_typesupport_fastrtps_cpp.hpp
[1.472s] -- Up-to-date: /home/user/dobot_ws/install/dobot_msgs_v4/include/dobot_msgs_v4/dobot_msgs_v4/srv/detail/get_output_float__rosidl_typesupport_fastrtps_cpp.hpp
[1.472s] -- Up-to-date: /home/user/dobot_ws/install/dobot_msgs_v4/include/dobot_msgs_v4/dobot_msgs_v4/srv/detail/check_odd_mov_c__rosidl_typesupport_fastrtps_cpp.hpp
[1.472s] -- Up-to-date: /home/user/dobot_ws/install/dobot_msgs_v4/include/dobot_msgs_v4/dobot_msgs_v4/srv/detail/tool_do__rosidl_typesupport_fastrtps_cpp.hpp
[1.473s] -- Up-to-date: /home/user/dobot_ws/install/dobot_msgs_v4/include/dobot_msgs_v4/dobot_msgs_v4/srv/detail/tcp_dashboard__rosidl_typesupport_fastrtps_cpp.hpp
[1.473s] -- Up-to-date: /home/user/dobot_ws/install/dobot_msgs_v4/include/dobot_msgs_v4/dobot_msgs_v4/srv/detail/rel_mov_l_user__rosidl_typesupport_fastrtps_cpp.hpp
[1.474s] -- Up-to-date: /home/user/dobot_ws/install/dobot_msgs_v4/include/dobot_msgs_v4/dobot_msgs_v4/srv/detail/fc_set_force_limit__rosidl_typesupport_fastrtps_cpp.hpp
[1.474s] -- Up-to-date: /home/user/dobot_ws/install/dobot_msgs_v4/include/dobot_msgs_v4/dobot_msgs_v4/srv/detail/stop_drag__rosidl_typesupport_fastrtps_cpp.hpp
[1.474s] -- Up-to-date: /home/user/dobot_ws/install/dobot_msgs_v4/include/dobot_msgs_v4/dobot_msgs_v4/srv/detail/acc_j__rosidl_typesupport_fastrtps_cpp.hpp
[1.474s] -- Up-to-date: /home/user/dobot_ws/install/dobot_msgs_v4/include/dobot_msgs_v4/dobot_msgs_v4/srv/detail/continue__rosidl_typesupport_fastrtps_cpp.hpp
[1.474s] -- Up-to-date: /home/user/dobot_ws/install/dobot_msgs_v4/include/dobot_msgs_v4/dobot_msgs_v4/srv/detail/tool_di__rosidl_typesupport_fastrtps_cpp.hpp
[1.474s] -- Up-to-date: /home/user/dobot_ws/install/dobot_msgs_v4/include/dobot_msgs_v4/dobot_msgs_v4/srv/detail/mov_j__rosidl_typesupport_fastrtps_cpp.hpp
[1.475s] -- Up-to-date: /home/user/dobot_ws/install/dobot_msgs_v4/include/dobot_msgs_v4/dobot_msgs_v4/srv/detail/start_drag__rosidl_typesupport_fastrtps_cpp.hpp
[1.475s] -- Up-to-date: /home/user/dobot_ws/install/dobot_msgs_v4/include/dobot_msgs_v4/dobot_msgs_v4/srv/detail/set_tool485__rosidl_typesupport_fastrtps_cpp.hpp
[1.475s] -- Up-to-date: /home/user/dobot_ws/install/dobot_msgs_v4/include/dobot_msgs_v4/dobot_msgs_v4/srv/detail/reset_robot__rosidl_typesupport_fastrtps_cpp.hpp
[1.475s] -- Up-to-date: /home/user/dobot_ws/install/dobot_msgs_v4/include/dobot_msgs_v4/dobot_msgs_v4/srv/detail/set_payload__rosidl_typesupport_fastrtps_cpp.hpp
[1.475s] -- Up-to-date: /home/user/dobot_ws/install/dobot_msgs_v4/include/dobot_msgs_v4/dobot_msgs_v4/srv/detail/get_do__rosidl_typesupport_fastrtps_cpp.hpp
[1.475s] -- Up-to-date: /home/user/dobot_ws/install/dobot_msgs_v4/include/dobot_msgs_v4/dobot_msgs_v4/srv/detail/end_rt_offset__rosidl_typesupport_fastrtps_cpp.hpp
[1.475s] -- Up-to-date: /home/user/dobot_ws/install/dobot_msgs_v4/include/dobot_msgs_v4/dobot_msgs_v4/srv/detail/acc_l__rosidl_typesupport_fastrtps_cpp.hpp
[1.475s] -- Up-to-date: /home/user/dobot_ws/install/dobot_msgs_v4/include/dobot_msgs_v4/dobot_msgs_v4/srv/detail/get_error__rosidl_typesupport_fastrtps_cpp.hpp
[1.475s] -- Up-to-date: /home/user/dobot_ws/install/dobot_msgs_v4/include/dobot_msgs_v4/dobot_msgs_v4/srv/detail/set_work_zone_enable__rosidl_typesupport_fastrtps_cpp.hpp
[1.475s] -- Up-to-date: /home/user/dobot_ws/install/dobot_msgs_v4/include/dobot_msgs_v4/dobot_msgs_v4/srv/detail/pause__rosidl_typesupport_fastrtps_cpp.hpp
[1.476s] -- Up-to-date: /home/user/dobot_ws/install/dobot_msgs_v4/include/dobot_msgs_v4/dobot_msgs_v4/srv/detail/stop__rosidl_typesupport_fastrtps_cpp.hpp
[1.476s] -- Up-to-date: /home/user/dobot_ws/install/dobot_msgs_v4/include/dobot_msgs_v4/dobot_msgs_v4/srv/detail/fc_set_deviation__rosidl_typesupport_fastrtps_cpp.hpp
[1.476s] -- Up-to-date: /home/user/dobot_ws/install/dobot_msgs_v4/include/dobot_msgs_v4/dobot_msgs_v4/srv/detail/inverse_solution__rosidl_typesupport_fastrtps_cpp.hpp
[1.476s] -- Up-to-date: /home/user/dobot_ws/install/dobot_msgs_v4/include/dobot_msgs_v4/dobot_msgs_v4/srv/detail/fc_set_force__rosidl_typesupport_fastrtps_cpp.hpp
[1.476s] -- Up-to-date: /home/user/dobot_ws/install/dobot_msgs_v4/include/dobot_msgs_v4/dobot_msgs_v4/srv/detail/check_odd_mov_l__rosidl_typesupport_fastrtps_cpp.hpp
[1.476s] -- Up-to-date: /home/user/dobot_ws/install/dobot_msgs_v4/include/dobot_msgs_v4/dobot_msgs_v4/srv/detail/get_output_int__rosidl_typesupport_fastrtps_cpp.hpp
[1.477s] -- Up-to-date: /home/user/dobot_ws/install/dobot_msgs_v4/include/dobot_msgs_v4/dobot_msgs_v4/srv/detail/clear_error__rosidl_typesupport_fastrtps_cpp.hpp
[1.477s] -- Up-to-date: /home/user/dobot_ws/install/dobot_msgs_v4/include/dobot_msgs_v4/dobot_msgs_v4/srv/detail/inverse_kin__rosidl_typesupport_fastrtps_cpp.hpp
[1.477s] -- Up-to-date: /home/user/dobot_ws/install/dobot_msgs_v4/include/dobot_msgs_v4/dobot_msgs_v4/srv/detail/set_collision_level__rosidl_typesupport_fastrtps_cpp.hpp
[1.477s] -- Up-to-date: /home/user/dobot_ws/install/dobot_msgs_v4/include/dobot_msgs_v4/dobot_msgs_v4/srv/detail/brake_control__rosidl_typesupport_fastrtps_cpp.hpp
[1.477s] -- Up-to-date: /home/user/dobot_ws/install/dobot_msgs_v4/include/dobot_msgs_v4/dobot_msgs_v4/srv/detail/rel_mov_l_tool__rosidl_typesupport_fastrtps_cpp.hpp
[1.477s] -- Up-to-date: /home/user/dobot_ws/install/dobot_msgs_v4/include/dobot_msgs_v4/dobot_msgs_v4/srv/detail/fc_set_damping__rosidl_typesupport_fastrtps_cpp.hpp
[1.478s] -- Up-to-date: /home/user/dobot_ws/install/dobot_msgs_v4/include/dobot_msgs_v4/dobot_msgs_v4/srv/detail/circle__rosidl_typesupport_fastrtps_cpp.hpp
[1.478s] -- Up-to-date: /home/user/dobot_ws/install/dobot_msgs_v4/include/dobot_msgs_v4/dobot_msgs_v4/srv/detail/ai__rosidl_typesupport_fastrtps_cpp.hpp
[1.478s] -- Up-to-date: /home/user/dobot_ws/install/dobot_msgs_v4/include/dobot_msgs_v4/dobot_msgs_v4/srv/detail/get_coils__rosidl_typesupport_fastrtps_cpp.hpp
[1.478s] -- Up-to-date: /home/user/dobot_ws/install/dobot_msgs_v4/include/dobot_msgs_v4/dobot_msgs_v4/srv/detail/enable_ft_sensor__rosidl_typesupport_fastrtps_cpp.hpp
[1.478s] -- Up-to-date: /home/user/dobot_ws/install/dobot_msgs_v4/include/dobot_msgs_v4/dobot_msgs_v4/srv/detail/six_force_home__rosidl_typesupport_fastrtps_cpp.hpp
[1.478s] -- Up-to-date: /home/user/dobot_ws/install/dobot_msgs_v4/include/dobot_msgs_v4/dobot_msgs_v4/srv/detail/disable_robot__rosidl_typesupport_fastrtps_cpp.hpp
[1.478s] -- Up-to-date: /home/user/dobot_ws/install/dobot_msgs_v4/include/dobot_msgs_v4/dobot_msgs_v4/srv/detail/fc_set_stiffness__rosidl_typesupport_fastrtps_cpp.hpp
[1.478s] -- Up-to-date: /home/user/dobot_ws/install/dobot_msgs_v4/include/dobot_msgs_v4/dobot_msgs_v4/srv/detail/dds_fastrtps
[1.478s] -- Up-to-date: /home/user/dobot_ws/install/dobot_msgs_v4/include/dobot_msgs_v4/dobot_msgs_v4/srv/detail/get_output_bool__rosidl_typesupport_fastrtps_cpp.hpp
[1.478s] -- Up-to-date: /home/user/dobot_ws/install/dobot_msgs_v4/include/dobot_msgs_v4/dobot_msgs_v4/srv/detail/drag_sensivity__rosidl_typesupport_fastrtps_cpp.hpp
[1.478s] -- Up-to-date: /home/user/dobot_ws/install/dobot_msgs_v4/include/dobot_msgs_v4/dobot_msgs_v4/srv/detail/get_input_float__rosidl_typesupport_fastrtps_cpp.hpp
[1.479s] -- Up-to-date: /home/user/dobot_ws/install/dobot_msgs_v4/include/dobot_msgs_v4/dobot_msgs_v4/srv/detail/get_start_pose__rosidl_typesupport_fastrtps_cpp.hpp
[1.479s] -- Up-to-date: /home/user/dobot_ws/install/dobot_msgs_v4/include/dobot_msgs_v4/dobot_msgs_v4/srv/detail/set_output_bool__rosidl_typesupport_fastrtps_cpp.hpp
[1.479s] -- Up-to-date: /home/user/dobot_ws/install/dobot_msgs_v4/include/dobot_msgs_v4/dobot_msgs_v4/srv/detail/do_group_dec__rosidl_typesupport_fastrtps_cpp.hpp
[1.479s] -- Up-to-date: /home/user/dobot_ws/install/dobot_msgs_v4/include/dobot_msgs_v4/dobot_msgs_v4/srv/detail/mov_jio__rosidl_typesupport_fastrtps_cpp.hpp
[1.479s] -- Up-to-date: /home/user/dobot_ws/install/dobot_msgs_v4/include/dobot_msgs_v4/dobot_msgs_v4/srv/detail/calc_user__rosidl_typesupport_fastrtps_cpp.hpp
[1.480s] -- Up-to-date: /home/user/dobot_ws/install/dobot_msgs_v4/include/dobot_msgs_v4/dobot_msgs_v4/srv/detail/servo_j__rosidl_typesupport_fastrtps_cpp.hpp
[1.480s] -- Up-to-date: /home/user/dobot_ws/install/dobot_msgs_v4/include/dobot_msgs_v4/dobot_msgs_v4/srv/detail/set_back_distance__rosidl_typesupport_fastrtps_cpp.hpp
[1.480s] -- Up-to-date: /home/user/dobot_ws/install/dobot_msgs_v4/include/dobot_msgs_v4/dobot_msgs_v4/srv/detail/get_in_bits__rosidl_typesupport_fastrtps_cpp.hpp
[1.481s] -- Up-to-date: /home/user/dobot_ws/install/dobot_msgs_v4/include/dobot_msgs_v4/dobot_msgs_v4/srv/detail/set_fc_collision__rosidl_typesupport_fastrtps_cpp.hpp
[1.481s] -- Up-to-date: /home/user/dobot_ws/install/dobot_msgs_v4/include/dobot_msgs_v4/dobot_msgs_v4/srv/detail/get_in_regs__rosidl_typesupport_fastrtps_cpp.hpp
[1.481s] -- Up-to-date: /home/user/dobot_ws/install/dobot_msgs_v4/include/dobot_msgs_v4/dobot_msgs_v4/srv/detail/fc_set_mass__rosidl_typesupport_fastrtps_cpp.hpp
[1.481s] -- Up-to-date: /home/user/dobot_ws/install/dobot_msgs_v4/include/dobot_msgs_v4/dobot_msgs_v4/srv/detail/start_path__rosidl_typesupport_fastrtps_cpp.hpp
[1.481s] -- Up-to-date: /home/user/dobot_ws/install/dobot_msgs_v4/include/dobot_msgs_v4/dobot_msgs_v4/srv/detail/servo_p__rosidl_typesupport_fastrtps_cpp.hpp
[1.481s] -- Up-to-date: /home/user/dobot_ws/install/dobot_msgs_v4/include/dobot_msgs_v4/dobot_msgs_v4/srv/detail/start_rt_offset__rosidl_typesupport_fastrtps_cpp.hpp
[1.481s] -- Up-to-date: /home/user/dobot_ws/install/dobot_msgs_v4/include/dobot_msgs_v4/dobot_msgs_v4/srv/detail/set_hold_regs__rosidl_typesupport_fastrtps_cpp.hpp
[1.481s] -- Up-to-date: /home/user/dobot_ws/install/dobot_msgs_v4/include/dobot_msgs_v4/dobot_msgs_v4/srv/detail/mov_lio__rosidl_typesupport_fastrtps_cpp.hpp
[1.481s] -- Up-to-date: /home/user/dobot_ws/install/dobot_msgs_v4/include/dobot_msgs_v4/dobot_msgs_v4/srv/detail/get_input_int__rosidl_typesupport_fastrtps_cpp.hpp
[1.481s] -- Up-to-date: /home/user/dobot_ws/install/dobot_msgs_v4/include/dobot_msgs_v4/dobot_msgs_v4/srv/detail/enable_robot__rosidl_typesupport_fastrtps_cpp.hpp
[1.481s] -- Up-to-date: /home/user/dobot_ws/install/dobot_msgs_v4/include/dobot_msgs_v4/dobot_msgs_v4/srv/detail/set_tool_power__rosidl_typesupport_fastrtps_cpp.hpp
[1.481s] -- Up-to-date: /home/user/dobot_ws/install/dobot_msgs_v4/include/dobot_msgs_v4/dobot_msgs_v4/srv/detail/get_tool_do__rosidl_typesupport_fastrtps_cpp.hpp
[1.481s] -- Up-to-date: /home/user/dobot_ws/install/dobot_msgs_v4/include/dobot_msgs_v4/dobot_msgs_v4/srv/detail/get_do_group_dec__rosidl_typesupport_fastrtps_cpp.hpp
[1.481s] -- Up-to-date: /home/user/dobot_ws/install/dobot_msgs_v4/include/dobot_msgs_v4/dobot_msgs_v4/srv/detail/user__rosidl_typesupport_fastrtps_cpp.hpp
[1.482s] -- Up-to-date: /home/user/dobot_ws/install/dobot_msgs_v4/include/dobot_msgs_v4/dobot_msgs_v4/srv/detail/tool_ai__rosidl_typesupport_fastrtps_cpp.hpp
[1.482s] -- Up-to-date: /home/user/dobot_ws/install/dobot_msgs_v4/include/dobot_msgs_v4/dobot_msgs_v4/srv/detail/robot_mode__rosidl_typesupport_fastrtps_cpp.hpp
[1.482s] -- Up-to-date: /home/user/dobot_ws/install/dobot_msgs_v4/include/dobot_msgs_v4/dobot_msgs_v4/srv/detail/rel_joint_mov_j__rosidl_typesupport_fastrtps_cpp.hpp
[1.482s] -- Up-to-date: /home/user/dobot_ws/install/dobot_msgs_v4/include/dobot_msgs_v4/dobot_msgs_v4/srv/detail/calc_tool__rosidl_typesupport_fastrtps_cpp.hpp
[1.482s] -- Up-to-date: /home/user/dobot_ws/install/dobot_msgs_v4/include/dobot_msgs_v4/dobot_msgs_v4/srv/detail/vel_l__rosidl_typesupport_fastrtps_cpp.hpp
[1.482s] -- Up-to-date: /home/user/dobot_ws/install/dobot_msgs_v4/include/dobot_msgs_v4/dobot_msgs_v4/srv/detail/rel_mov_j_tool__rosidl_typesupport_fastrtps_cpp.hpp
[1.482s] -- Up-to-date: /home/user/dobot_ws/install/dobot_msgs_v4/include/dobot_msgs_v4/dobot_msgs_v4/srv/detail/tool_do_instant__rosidl_typesupport_fastrtps_cpp.hpp
[1.482s] -- Up-to-date: /home/user/dobot_ws/install/dobot_msgs_v4/include/dobot_msgs_v4/dobot_msgs_v4/srv/detail/get_input_bool__rosidl_typesupport_fastrtps_cpp.hpp
[1.482s] -- Up-to-date: /home/user/dobot_ws/install/dobot_msgs_v4/include/dobot_msgs_v4/dobot_msgs_v4/srv/detail/get_pose__rosidl_typesupport_fastrtps_cpp.hpp
[1.482s] -- Up-to-date: /home/user/dobot_ws/install/dobot_msgs_v4/include/dobot_msgs_v4/dobot_msgs_v4/srv/detail/run_script__rosidl_typesupport_fastrtps_cpp.hpp
[1.482s] -- Up-to-date: /home/user/dobot_ws/install/dobot_msgs_v4/include/dobot_msgs_v4/dobot_msgs_v4/srv/detail/run_to__rosidl_typesupport_fastrtps_cpp.hpp
[1.482s] -- Up-to-date: /home/user/dobot_ws/install/dobot_msgs_v4/include/dobot_msgs_v4/dobot_msgs_v4/srv/detail/set_user__rosidl_typesupport_fastrtps_cpp.hpp
[1.482s] -- Up-to-date: /home/user/dobot_ws/install/dobot_msgs_v4/include/dobot_msgs_v4/dobot_msgs_v4/srv/detail/get_ao__rosidl_typesupport_fastrtps_cpp.hpp
[1.482s] -- Up-to-date: /home/user/dobot_ws/install/dobot_msgs_v4/include/dobot_msgs_v4/dobot_msgs_v4/srv/detail/get_force__rosidl_typesupport_fastrtps_cpp.hpp
[1.482s] -- Up-to-date: /home/user/dobot_ws/install/dobot_msgs_v4/include/dobot_msgs_v4/dobot_msgs_v4/srv/detail/mov_l__rosidl_typesupport_fastrtps_cpp.hpp
[1.482s] -- Up-to-date: /home/user/dobot_ws/install/dobot_msgs_v4/include/dobot_msgs_v4/dobot_msgs_v4/srv/detail/get_current_command_id__rosidl_typesupport_fastrtps_cpp.hpp
[1.482s] -- Up-to-date: /home/user/dobot_ws/install/dobot_msgs_v4/include/dobot_msgs_v4/dobot_msgs_v4/srv/detail/set_output_float__rosidl_typesupport_fastrtps_cpp.hpp
[1.483s] -- Up-to-date: /home/user/dobot_ws/install/dobot_msgs_v4/include/dobot_msgs_v4/dobot_msgs_v4/srv/detail/move_jog__rosidl_typesupport_fastrtps_cpp.hpp
[1.483s] -- Up-to-date: /home/user/dobot_ws/install/dobot_msgs_v4/include/dobot_msgs_v4/dobot_msgs_v4/srv/detail/get_hold_regs__rosidl_typesupport_fastrtps_cpp.hpp
[1.483s] -- Up-to-date: /home/user/dobot_ws/install/dobot_msgs_v4/include/dobot_msgs_v4/dobot_msgs_v4/srv/detail/get_error_id__rosidl_typesupport_fastrtps_cpp.hpp
[1.483s] -- Up-to-date: /home/user/dobot_ws/install/dobot_msgs_v4/include/dobot_msgs_v4/dobot_msgs_v4/srv/detail/di_group_dec__rosidl_typesupport_fastrtps_cpp.hpp
[1.483s] -- Up-to-date: /home/user/dobot_ws/install/dobot_msgs_v4/include/dobot_msgs_v4/dobot_msgs_v4/srv/detail/emergency_stop__rosidl_typesupport_fastrtps_cpp.hpp
[1.483s] -- Up-to-date: /home/user/dobot_ws/install/dobot_msgs_v4/include/dobot_msgs_v4/dobot_msgs_v4/srv/detail/tool__rosidl_typesupport_fastrtps_cpp.hpp
[1.483s] -- Up-to-date: /home/user/dobot_ws/install/dobot_msgs_v4/include/dobot_msgs_v4/dobot_msgs_v4/srv/detail/positive_kin__rosidl_typesupport_fastrtps_cpp.hpp
[1.483s] -- Up-to-date: /home/user/dobot_ws/install/dobot_msgs_v4/include/dobot_msgs_v4/dobot_msgs_v4/srv/detail/enable_safe_skin__rosidl_typesupport_fastrtps_cpp.hpp
[1.484s] -- Up-to-date: /home/user/dobot_ws/install/dobot_msgs_v4/include/dobot_msgs_v4/dobot_msgs_v4/srv/detail/ao_instant__rosidl_typesupport_fastrtps_cpp.hpp
[1.484s] -- Up-to-date: /home/user/dobot_ws/install/dobot_msgs_v4/include/dobot_msgs_v4/dobot_msgs_v4/srv/detail/get_do_group__rosidl_typesupport_fastrtps_cpp.hpp
[1.484s] -- Up-to-date: /home/user/dobot_ws/install/dobot_msgs_v4/include/dobot_msgs_v4/dobot_msgs_v4/srv/detail/do__rosidl_typesupport_fastrtps_cpp.hpp
[1.484s] -- Up-to-date: /home/user/dobot_ws/install/dobot_msgs_v4/include/dobot_msgs_v4/dobot_msgs_v4/srv/detail/set_safe_skin__rosidl_typesupport_fastrtps_cpp.hpp
[1.484s] -- Up-to-date: /home/user/dobot_ws/install/dobot_msgs_v4/include/dobot_msgs_v4/dobot_msgs_v4/srv/detail/speed_factor__rosidl_typesupport_fastrtps_cpp.hpp
[1.485s] -- Up-to-date: /home/user/dobot_ws/install/dobot_msgs_v4/include/dobot_msgs_v4/dobot_msgs_v4/srv/detail/set_tool__rosidl_typesupport_fastrtps_cpp.hpp
[1.485s] -- Up-to-date: /home/user/dobot_ws/install/dobot_msgs_v4/include/dobot_msgs_v4/dobot_msgs_v4/srv/detail/check_odd_mov_j__rosidl_typesupport_fastrtps_cpp.hpp
[1.485s] -- Up-to-date: /home/user/dobot_ws/install/dobot_msgs_v4/include/dobot_msgs_v4/dobot_msgs_v4/srv/detail/modbus_create__rosidl_typesupport_fastrtps_cpp.hpp
[1.485s] -- Up-to-date: /home/user/dobot_ws/install/dobot_msgs_v4/include/dobot_msgs_v4/dobot_msgs_v4/srv/detail/di__rosidl_typesupport_fastrtps_cpp.hpp
[1.485s] -- Up-to-date: /home/user/dobot_ws/install/dobot_msgs_v4/include/dobot_msgs_v4/dobot_msgs_v4/srv/detail/modbus_close__rosidl_typesupport_fastrtps_cpp.hpp
[1.485s] -- Up-to-date: /home/user/dobot_ws/install/dobot_msgs_v4/include/dobot_msgs_v4/dobot_msgs_v4/srv/detail/force_drive_mode__rosidl_typesupport_fastrtps_cpp.hpp
[1.486s] -- Up-to-date: /home/user/dobot_ws/install/dobot_msgs_v4/include/dobot_msgs_v4/dobot_msgs_v4/srv/detail/set_post_collision_mode__rosidl_typesupport_fastrtps_cpp.hpp
[1.486s] -- Up-to-date: /home/user/dobot_ws/install/dobot_msgs_v4/include/dobot_msgs_v4/dobot_msgs_v4/srv/detail/vel_j__rosidl_typesupport_fastrtps_cpp.hpp
[1.486s] -- Up-to-date: /home/user/dobot_ws/install/dobot_msgs_v4/include/dobot_msgs_v4/dobot_msgs_v4/srv/detail/ao__rosidl_typesupport_fastrtps_cpp.hpp
[1.486s] -- Up-to-date: /home/user/dobot_ws/install/dobot_msgs_v4/include/dobot_msgs_v4/dobot_msgs_v4/srv/detail/do_group__rosidl_typesupport_fastrtps_cpp.hpp
[1.486s] -- Up-to-date: /home/user/dobot_ws/install/dobot_msgs_v4/include/dobot_msgs_v4/dobot_msgs_v4/srv/detail/set_output_int__rosidl_typesupport_fastrtps_cpp.hpp
[1.486s] -- Up-to-date: /home/user/dobot_ws/install/dobot_msgs_v4/include/dobot_msgs_v4/dobot_msgs_v4/srv/detail/cp__rosidl_typesupport_fastrtps_cpp.hpp
[1.486s] -- Up-to-date: /home/user/dobot_ws/install/dobot_msgs_v4/include/dobot_msgs_v4/dobot_msgs_v4/srv/detail/modbus_rtu_create__rosidl_typesupport_fastrtps_cpp.hpp
[1.486s] -- Up-to-date: /home/user/dobot_ws/install/dobot_msgs_v4/lib/libdobot_msgs_v4__rosidl_typesupport_fastrtps_cpp.so
[1.487s] -- Up-to-date: /home/user/dobot_ws/install/dobot_msgs_v4/include/dobot_msgs_v4/dobot_msgs_v4
[1.487s] -- Up-to-date: /home/user/dobot_ws/install/dobot_msgs_v4/include/dobot_msgs_v4/dobot_msgs_v4/msg
[1.487s] -- Up-to-date: /home/user/dobot_ws/install/dobot_msgs_v4/include/dobot_msgs_v4/dobot_msgs_v4/msg/rosidl_typesupport_introspection_c__visibility_control.h
[1.488s] -- Up-to-date: /home/user/dobot_ws/install/dobot_msgs_v4/include/dobot_msgs_v4/dobot_msgs_v4/msg/detail
[1.488s] -- Up-to-date: /home/user/dobot_ws/install/dobot_msgs_v4/include/dobot_msgs_v4/dobot_msgs_v4/msg/detail/tool_vector_actual__rosidl_typesupport_introspection_c.h
[1.488s] -- Up-to-date: /home/user/dobot_ws/install/dobot_msgs_v4/include/dobot_msgs_v4/dobot_msgs_v4/msg/detail/tool_vector_actual__type_support.c
[1.488s] -- Up-to-date: /home/user/dobot_ws/install/dobot_msgs_v4/include/dobot_msgs_v4/dobot_msgs_v4/msg/detail/robot_status__type_support.c
[1.488s] -- Up-to-date: /home/user/dobot_ws/install/dobot_msgs_v4/include/dobot_msgs_v4/dobot_msgs_v4/msg/detail/robot_status__rosidl_typesupport_introspection_c.h
[1.488s] -- Up-to-date: /home/user/dobot_ws/install/dobot_msgs_v4/include/dobot_msgs_v4/dobot_msgs_v4/srv
[1.488s] -- Up-to-date: /home/user/dobot_ws/install/dobot_msgs_v4/include/dobot_msgs_v4/dobot_msgs_v4/srv/detail
[1.488s] -- Up-to-date: /home/user/dobot_ws/install/dobot_msgs_v4/include/dobot_msgs_v4/dobot_msgs_v4/srv/detail/circle__rosidl_typesupport_introspection_c.h
[1.488s] -- Up-to-date: /home/user/dobot_ws/install/dobot_msgs_v4/include/dobot_msgs_v4/dobot_msgs_v4/srv/detail/check_odd_mov_l__rosidl_typesupport_introspection_c.h
[1.488s] -- Up-to-date: /home/user/dobot_ws/install/dobot_msgs_v4/include/dobot_msgs_v4/dobot_msgs_v4/srv/detail/force_drive_speed__rosidl_typesupport_introspection_c.h
[1.488s] -- Up-to-date: /home/user/dobot_ws/install/dobot_msgs_v4/include/dobot_msgs_v4/dobot_msgs_v4/srv/detail/mov_l__rosidl_typesupport_introspection_c.h
[1.488s] -- Up-to-date: /home/user/dobot_ws/install/dobot_msgs_v4/include/dobot_msgs_v4/dobot_msgs_v4/srv/detail/enable_robot__rosidl_typesupport_introspection_c.h
[1.488s] -- Up-to-date: /home/user/dobot_ws/install/dobot_msgs_v4/include/dobot_msgs_v4/dobot_msgs_v4/srv/detail/set_fc_collision__type_support.c
[1.488s] -- Up-to-date: /home/user/dobot_ws/install/dobot_msgs_v4/include/dobot_msgs_v4/dobot_msgs_v4/srv/detail/check_odd_mov_c__type_support.c
[1.488s] -- Up-to-date: /home/user/dobot_ws/install/dobot_msgs_v4/include/dobot_msgs_v4/dobot_msgs_v4/srv/detail/start_path__rosidl_typesupport_introspection_c.h
[1.488s] -- Up-to-date: /home/user/dobot_ws/install/dobot_msgs_v4/include/dobot_msgs_v4/dobot_msgs_v4/srv/detail/do_instant__type_support.c
[1.488s] -- Up-to-date: /home/user/dobot_ws/install/dobot_msgs_v4/include/dobot_msgs_v4/dobot_msgs_v4/srv/detail/inverse_kin__rosidl_typesupport_introspection_c.h
[1.488s] -- Up-to-date: /home/user/dobot_ws/install/dobot_msgs_v4/include/dobot_msgs_v4/dobot_msgs_v4/srv/detail/do_group_dec__type_support.c
[1.488s] -- Up-to-date: /home/user/dobot_ws/install/dobot_msgs_v4/include/dobot_msgs_v4/dobot_msgs_v4/srv/detail/set_safe_wall_enable__type_support.c
[1.489s] -- Up-to-date: /home/user/dobot_ws/install/dobot_msgs_v4/include/dobot_msgs_v4/dobot_msgs_v4/srv/detail/set_hold_regs__rosidl_typesupport_introspection_c.h
[1.489s] -- Up-to-date: /home/user/dobot_ws/install/dobot_msgs_v4/include/dobot_msgs_v4/dobot_msgs_v4/srv/detail/tool_do_instant__type_support.c
[1.489s] -- Up-to-date: /home/user/dobot_ws/install/dobot_msgs_v4/include/dobot_msgs_v4/dobot_msgs_v4/srv/detail/get_in_regs__rosidl_typesupport_introspection_c.h
[1.489s] -- Up-to-date: /home/user/dobot_ws/install/dobot_msgs_v4/include/dobot_msgs_v4/dobot_msgs_v4/srv/detail/get_output_int__rosidl_typesupport_introspection_c.h
[1.489s] -- Up-to-date: /home/user/dobot_ws/install/dobot_msgs_v4/include/dobot_msgs_v4/dobot_msgs_v4/srv/detail/power_on__type_support.c
[1.489s] -- Up-to-date: /home/user/dobot_ws/install/dobot_msgs_v4/include/dobot_msgs_v4/dobot_msgs_v4/srv/detail/start_path__type_support.c
[1.489s] -- Up-to-date: /home/user/dobot_ws/install/dobot_msgs_v4/include/dobot_msgs_v4/dobot_msgs_v4/srv/detail/get_angle__rosidl_typesupport_introspection_c.h
[1.489s] -- Up-to-date: /home/user/dobot_ws/install/dobot_msgs_v4/include/dobot_msgs_v4/dobot_msgs_v4/srv/detail/ao_instant__rosidl_typesupport_introspection_c.h
[1.489s] -- Up-to-date: /home/user/dobot_ws/install/dobot_msgs_v4/include/dobot_msgs_v4/dobot_msgs_v4/srv/detail/set_tool__rosidl_typesupport_introspection_c.h
[1.489s] -- Up-to-date: /home/user/dobot_ws/install/dobot_msgs_v4/include/dobot_msgs_v4/dobot_msgs_v4/srv/detail/vel_j__type_support.c
[1.489s] -- Up-to-date: /home/user/dobot_ws/install/dobot_msgs_v4/include/dobot_msgs_v4/dobot_msgs_v4/srv/detail/modbus_create__rosidl_typesupport_introspection_c.h
[1.489s] -- Up-to-date: /home/user/dobot_ws/install/dobot_msgs_v4/include/dobot_msgs_v4/dobot_msgs_v4/srv/detail/get_do_group__type_support.c
[1.489s] -- Up-to-date: /home/user/dobot_ws/install/dobot_msgs_v4/include/dobot_msgs_v4/dobot_msgs_v4/srv/detail/six_force_home__rosidl_typesupport_introspection_c.h
[1.489s] -- Up-to-date: /home/user/dobot_ws/install/dobot_msgs_v4/include/dobot_msgs_v4/dobot_msgs_v4/srv/detail/set_user__rosidl_typesupport_introspection_c.h
[1.490s] -- Up-to-date: /home/user/dobot_ws/install/dobot_msgs_v4/include/dobot_msgs_v4/dobot_msgs_v4/srv/detail/di_group__type_support.c
[1.490s] -- Up-to-date: /home/user/dobot_ws/install/dobot_msgs_v4/include/dobot_msgs_v4/dobot_msgs_v4/srv/detail/six_force_home__type_support.c
[1.490s] -- Up-to-date: /home/user/dobot_ws/install/dobot_msgs_v4/include/dobot_msgs_v4/dobot_msgs_v4/srv/detail/rel_mov_l_user__type_support.c
[1.490s] -- Up-to-date: /home/user/dobot_ws/install/dobot_msgs_v4/include/dobot_msgs_v4/dobot_msgs_v4/srv/detail/fc_off__rosidl_typesupport_introspection_c.h
[1.490s] -- Up-to-date: /home/user/dobot_ws/install/dobot_msgs_v4/include/dobot_msgs_v4/dobot_msgs_v4/srv/detail/fc_collision_switch__rosidl_typesupport_introspection_c.h
[1.490s] -- Up-to-date: /home/user/dobot_ws/install/dobot_msgs_v4/include/dobot_msgs_v4/dobot_msgs_v4/srv/detail/rel_mov_l_tool__rosidl_typesupport_introspection_c.h
[1.490s] -- Up-to-date: /home/user/dobot_ws/install/dobot_msgs_v4/include/dobot_msgs_v4/dobot_msgs_v4/srv/detail/stop_drag__type_support.c
[1.490s] -- Up-to-date: /home/user/dobot_ws/install/dobot_msgs_v4/include/dobot_msgs_v4/dobot_msgs_v4/srv/detail/end_rt_offset__rosidl_typesupport_introspection_c.h
[1.490s] -- Up-to-date: /home/user/dobot_ws/install/dobot_msgs_v4/include/dobot_msgs_v4/dobot_msgs_v4/srv/detail/run_script__type_support.c
[1.490s] -- Up-to-date: /home/user/dobot_ws/install/dobot_msgs_v4/include/dobot_msgs_v4/dobot_msgs_v4/srv/detail/get_output_int__type_support.c
[1.490s] -- Up-to-date: /home/user/dobot_ws/install/dobot_msgs_v4/include/dobot_msgs_v4/dobot_msgs_v4/srv/detail/tcp_dashboard__rosidl_typesupport_introspection_c.h
[1.490s] -- Up-to-date: /home/user/dobot_ws/install/dobot_msgs_v4/include/dobot_msgs_v4/dobot_msgs_v4/srv/detail/set_output_float__type_support.c
[1.490s] -- Up-to-date: /home/user/dobot_ws/install/dobot_msgs_v4/include/dobot_msgs_v4/dobot_msgs_v4/srv/detail/ao__rosidl_typesupport_introspection_c.h
[1.490s] -- Up-to-date: /home/user/dobot_ws/install/dobot_msgs_v4/include/dobot_msgs_v4/dobot_msgs_v4/srv/detail/mov_lio__rosidl_typesupport_introspection_c.h
[1.491s] -- Up-to-date: /home/user/dobot_ws/install/dobot_msgs_v4/include/dobot_msgs_v4/dobot_msgs_v4/srv/detail/set_back_distance__rosidl_typesupport_introspection_c.h
[1.491s] -- Up-to-date: /home/user/dobot_ws/install/dobot_msgs_v4/include/dobot_msgs_v4/dobot_msgs_v4/srv/detail/set_collision_level__rosidl_typesupport_introspection_c.h
[1.491s] -- Up-to-date: /home/user/dobot_ws/install/dobot_msgs_v4/include/dobot_msgs_v4/dobot_msgs_v4/srv/detail/do_instant__rosidl_typesupport_introspection_c.h
[1.491s] -- Up-to-date: /home/user/dobot_ws/install/dobot_msgs_v4/include/dobot_msgs_v4/dobot_msgs_v4/srv/detail/speed_factor__type_support.c
[1.491s] -- Up-to-date: /home/user/dobot_ws/install/dobot_msgs_v4/include/dobot_msgs_v4/dobot_msgs_v4/srv/detail/enable_robot__type_support.c
[1.491s] -- Up-to-date: /home/user/dobot_ws/install/dobot_msgs_v4/include/dobot_msgs_v4/dobot_msgs_v4/srv/detail/pause__rosidl_typesupport_introspection_c.h
[1.491s] -- Up-to-date: /home/user/dobot_ws/install/dobot_msgs_v4/include/dobot_msgs_v4/dobot_msgs_v4/srv/detail/vel_j__rosidl_typesupport_introspection_c.h
[1.491s] -- Up-to-date: /home/user/dobot_ws/install/dobot_msgs_v4/include/dobot_msgs_v4/dobot_msgs_v4/srv/detail/move_jog__rosidl_typesupport_introspection_c.h
[1.491s] -- Up-to-date: /home/user/dobot_ws/install/dobot_msgs_v4/include/dobot_msgs_v4/dobot_msgs_v4/srv/detail/fc_force_mode__type_support.c
[1.491s] -- Up-to-date: /home/user/dobot_ws/install/dobot_msgs_v4/include/dobot_msgs_v4/dobot_msgs_v4/srv/detail/continue__rosidl_typesupport_introspection_c.h
[1.491s] -- Up-to-date: /home/user/dobot_ws/install/dobot_msgs_v4/include/dobot_msgs_v4/dobot_msgs_v4/srv/detail/user__type_support.c
[1.492s] -- Up-to-date: /home/user/dobot_ws/install/dobot_msgs_v4/include/dobot_msgs_v4/dobot_msgs_v4/srv/detail/get_start_pose__type_support.c
[1.492s] -- Up-to-date: /home/user/dobot_ws/install/dobot_msgs_v4/include/dobot_msgs_v4/dobot_msgs_v4/srv/detail/start_rt_offset__type_support.c
[1.492s] -- Up-to-date: /home/user/dobot_ws/install/dobot_msgs_v4/include/dobot_msgs_v4/dobot_msgs_v4/srv/detail/set_post_collision_mode__rosidl_typesupport_introspection_c.h
[1.492s] -- Up-to-date: /home/user/dobot_ws/install/dobot_msgs_v4/include/dobot_msgs_v4/dobot_msgs_v4/srv/detail/get_coils__type_support.c
[1.492s] -- Up-to-date: /home/user/dobot_ws/install/dobot_msgs_v4/include/dobot_msgs_v4/dobot_msgs_v4/srv/detail/get_do_group_dec__rosidl_typesupport_introspection_c.h
[1.492s] -- Up-to-date: /home/user/dobot_ws/install/dobot_msgs_v4/include/dobot_msgs_v4/dobot_msgs_v4/srv/detail/force_drive_mode__rosidl_typesupport_introspection_c.h
[1.493s] -- Up-to-date: /home/user/dobot_ws/install/dobot_msgs_v4/include/dobot_msgs_v4/dobot_msgs_v4/srv/detail/stop_move_jog__type_support.c
[1.493s] -- Up-to-date: /home/user/dobot_ws/install/dobot_msgs_v4/include/dobot_msgs_v4/dobot_msgs_v4/srv/detail/speed_factor__rosidl_typesupport_introspection_c.h
[1.493s] -- Up-to-date: /home/user/dobot_ws/install/dobot_msgs_v4/include/dobot_msgs_v4/dobot_msgs_v4/srv/detail/get_error__rosidl_typesupport_introspection_c.h
[1.493s] -- Up-to-date: /home/user/dobot_ws/install/dobot_msgs_v4/include/dobot_msgs_v4/dobot_msgs_v4/srv/detail/clear_error__type_support.c
[1.493s] -- Up-to-date: /home/user/dobot_ws/install/dobot_msgs_v4/include/dobot_msgs_v4/dobot_msgs_v4/srv/detail/disable_robot__rosidl_typesupport_introspection_c.h
[1.493s] -- Up-to-date: /home/user/dobot_ws/install/dobot_msgs_v4/include/dobot_msgs_v4/dobot_msgs_v4/srv/detail/fc_set_mass__type_support.c
[1.493s] -- Up-to-date: /home/user/dobot_ws/install/dobot_msgs_v4/include/dobot_msgs_v4/dobot_msgs_v4/srv/detail/fc_set_mass__rosidl_typesupport_introspection_c.h
[1.493s] -- Up-to-date: /home/user/dobot_ws/install/dobot_msgs_v4/include/dobot_msgs_v4/dobot_msgs_v4/srv/detail/servo_p__type_support.c
[1.494s] -- Up-to-date: /home/user/dobot_ws/install/dobot_msgs_v4/include/dobot_msgs_v4/dobot_msgs_v4/srv/detail/tool_di__rosidl_typesupport_introspection_c.h
[1.494s] -- Up-to-date: /home/user/dobot_ws/install/dobot_msgs_v4/include/dobot_msgs_v4/dobot_msgs_v4/srv/detail/set_tool485__rosidl_typesupport_introspection_c.h
[1.494s] -- Up-to-date: /home/user/dobot_ws/install/dobot_msgs_v4/include/dobot_msgs_v4/dobot_msgs_v4/srv/detail/enable_ft_sensor__type_support.c
[1.494s] -- Up-to-date: /home/user/dobot_ws/install/dobot_msgs_v4/include/dobot_msgs_v4/dobot_msgs_v4/srv/detail/positive_kin__rosidl_typesupport_introspection_c.h
[1.494s] -- Up-to-date: /home/user/dobot_ws/install/dobot_msgs_v4/include/dobot_msgs_v4/dobot_msgs_v4/srv/detail/di_group__rosidl_typesupport_introspection_c.h
[1.494s] -- Up-to-date: /home/user/dobot_ws/install/dobot_msgs_v4/include/dobot_msgs_v4/dobot_msgs_v4/srv/detail/set_tool_mode__type_support.c
[1.494s] -- Up-to-date: /home/user/dobot_ws/install/dobot_msgs_v4/include/dobot_msgs_v4/dobot_msgs_v4/srv/detail/set_user__type_support.c
[1.494s] -- Up-to-date: /home/user/dobot_ws/install/dobot_msgs_v4/include/dobot_msgs_v4/dobot_msgs_v4/srv/detail/fc_set_force_limit__type_support.c
[1.494s] -- Up-to-date: /home/user/dobot_ws/install/dobot_msgs_v4/include/dobot_msgs_v4/dobot_msgs_v4/srv/detail/modbus_close__rosidl_typesupport_introspection_c.h
[1.494s] -- Up-to-date: /home/user/dobot_ws/install/dobot_msgs_v4/include/dobot_msgs_v4/dobot_msgs_v4/srv/detail/stop_drag__rosidl_typesupport_introspection_c.h
[1.494s] -- Up-to-date: /home/user/dobot_ws/install/dobot_msgs_v4/include/dobot_msgs_v4/dobot_msgs_v4/srv/detail/fc_set_force_speed_limit__type_support.c
[1.494s] -- Up-to-date: /home/user/dobot_ws/install/dobot_msgs_v4/include/dobot_msgs_v4/dobot_msgs_v4/srv/detail/get_error_id__rosidl_typesupport_introspection_c.h
[1.494s] -- Up-to-date: /home/user/dobot_ws/install/dobot_msgs_v4/include/dobot_msgs_v4/dobot_msgs_v4/srv/detail/drag_sensivity__type_support.c
[1.495s] -- Up-to-date: /home/user/dobot_ws/install/dobot_msgs_v4/include/dobot_msgs_v4/dobot_msgs_v4/srv/detail/get_current_command_id__type_support.c
[1.495s] -- Up-to-date: /home/user/dobot_ws/install/dobot_msgs_v4/include/dobot_msgs_v4/dobot_msgs_v4/srv/detail/get_error__type_support.c
[1.495s] -- Up-to-date: /home/user/dobot_ws/install/dobot_msgs_v4/include/dobot_msgs_v4/dobot_msgs_v4/srv/detail/set_safe_wall_enable__rosidl_typesupport_introspection_c.h
[1.495s] -- Up-to-date: /home/user/dobot_ws/install/dobot_msgs_v4/include/dobot_msgs_v4/dobot_msgs_v4/srv/detail/di__rosidl_typesupport_introspection_c.h
[1.495s] -- Up-to-date: /home/user/dobot_ws/install/dobot_msgs_v4/include/dobot_msgs_v4/dobot_msgs_v4/srv/detail/di_group_dec__rosidl_typesupport_introspection_c.h
[1.495s] -- Up-to-date: /home/user/dobot_ws/install/dobot_msgs_v4/include/dobot_msgs_v4/dobot_msgs_v4/srv/detail/acc_l__type_support.c
[1.495s] -- Up-to-date: /home/user/dobot_ws/install/dobot_msgs_v4/include/dobot_msgs_v4/dobot_msgs_v4/srv/detail/brake_control__rosidl_typesupport_introspection_c.h
[1.495s] -- Up-to-date: /home/user/dobot_ws/install/dobot_msgs_v4/include/dobot_msgs_v4/dobot_msgs_v4/srv/detail/set_coils__type_support.c
[1.495s] -- Up-to-date: /home/user/dobot_ws/install/dobot_msgs_v4/include/dobot_msgs_v4/dobot_msgs_v4/srv/detail/robot_mode__rosidl_typesupport_introspection_c.h
[1.495s] -- Up-to-date: /home/user/dobot_ws/install/dobot_msgs_v4/include/dobot_msgs_v4/dobot_msgs_v4/srv/detail/set_fc_collision__rosidl_typesupport_introspection_c.h
[1.495s] -- Up-to-date: /home/user/dobot_ws/install/dobot_msgs_v4/include/dobot_msgs_v4/dobot_msgs_v4/srv/detail/modbus_rtu_create__type_support.c
[1.495s] -- Up-to-date: /home/user/dobot_ws/install/dobot_msgs_v4/include/dobot_msgs_v4/dobot_msgs_v4/srv/detail/set_work_zone_enable__type_support.c
[1.495s] -- Up-to-date: /home/user/dobot_ws/install/dobot_msgs_v4/include/dobot_msgs_v4/dobot_msgs_v4/srv/detail/reset_robot__type_support.c
[1.495s] -- Up-to-date: /home/user/dobot_ws/install/dobot_msgs_v4/include/dobot_msgs_v4/dobot_msgs_v4/srv/detail/fc_collision_switch__type_support.c
[1.495s] -- Up-to-date: /home/user/dobot_ws/install/dobot_msgs_v4/include/dobot_msgs_v4/dobot_msgs_v4/srv/detail/fc_set_damping__type_support.c
[1.495s] -- Up-to-date: /home/user/dobot_ws/install/dobot_msgs_v4/include/dobot_msgs_v4/dobot_msgs_v4/srv/detail/set_back_distance__type_support.c
[1.495s] -- Up-to-date: /home/user/dobot_ws/install/dobot_msgs_v4/include/dobot_msgs_v4/dobot_msgs_v4/srv/detail/do_group__type_support.c
[1.496s] -- Up-to-date: /home/user/dobot_ws/install/dobot_msgs_v4/include/dobot_msgs_v4/dobot_msgs_v4/srv/detail/get_input_float__rosidl_typesupport_introspection_c.h
[1.496s] -- Up-to-date: /home/user/dobot_ws/install/dobot_msgs_v4/include/dobot_msgs_v4/dobot_msgs_v4/srv/detail/get_tool_do__rosidl_typesupport_introspection_c.h
[1.496s] -- Up-to-date: /home/user/dobot_ws/install/dobot_msgs_v4/include/dobot_msgs_v4/dobot_msgs_v4/srv/detail/di_group_dec__type_support.c
[1.496s] -- Up-to-date: /home/user/dobot_ws/install/dobot_msgs_v4/include/dobot_msgs_v4/dobot_msgs_v4/srv/detail/get_output_bool__rosidl_typesupport_introspection_c.h
[1.496s] -- Up-to-date: /home/user/dobot_ws/install/dobot_msgs_v4/include/dobot_msgs_v4/dobot_msgs_v4/srv/detail/rel_mov_j_user__rosidl_typesupport_introspection_c.h
[1.496s] -- Up-to-date: /home/user/dobot_ws/install/dobot_msgs_v4/include/dobot_msgs_v4/dobot_msgs_v4/srv/detail/mov_j__type_support.c
[1.496s] -- Up-to-date: /home/user/dobot_ws/install/dobot_msgs_v4/include/dobot_msgs_v4/dobot_msgs_v4/srv/detail/enable_safe_skin__rosidl_typesupport_introspection_c.h
[1.496s] -- Up-to-date: /home/user/dobot_ws/install/dobot_msgs_v4/include/dobot_msgs_v4/dobot_msgs_v4/srv/detail/set_collision_level__type_support.c
[1.496s] -- Up-to-date: /home/user/dobot_ws/install/dobot_msgs_v4/include/dobot_msgs_v4/dobot_msgs_v4/srv/detail/stop_move_jog__rosidl_typesupport_introspection_c.h
[1.496s] -- Up-to-date: /home/user/dobot_ws/install/dobot_msgs_v4/include/dobot_msgs_v4/dobot_msgs_v4/srv/detail/fc_set_force__type_support.c
[1.497s] -- Up-to-date: /home/user/dobot_ws/install/dobot_msgs_v4/include/dobot_msgs_v4/dobot_msgs_v4/srv/detail/rel_mov_l_tool__type_support.c
[1.497s] -- Up-to-date: /home/user/dobot_ws/install/dobot_msgs_v4/include/dobot_msgs_v4/dobot_msgs_v4/srv/detail/get_output_float__type_support.c
[1.497s] -- Up-to-date: /home/user/dobot_ws/install/dobot_msgs_v4/include/dobot_msgs_v4/dobot_msgs_v4/srv/detail/acc_j__rosidl_typesupport_introspection_c.h
[1.497s] -- Up-to-date: /home/user/dobot_ws/install/dobot_msgs_v4/include/dobot_msgs_v4/dobot_msgs_v4/srv/detail/fc_force_mode__rosidl_typesupport_introspection_c.h
[1.497s] -- Up-to-date: /home/user/dobot_ws/install/dobot_msgs_v4/include/dobot_msgs_v4/dobot_msgs_v4/srv/detail/get_ao__type_support.c
[1.497s] -- Up-to-date: /home/user/dobot_ws/install/dobot_msgs_v4/include/dobot_msgs_v4/dobot_msgs_v4/srv/detail/calc_tool__rosidl_typesupport_introspection_c.h
[1.497s] -- Up-to-date: /home/user/dobot_ws/install/dobot_msgs_v4/include/dobot_msgs_v4/dobot_msgs_v4/srv/detail/rel_mov_j_tool__rosidl_typesupport_introspection_c.h
[1.497s] -- Up-to-date: /home/user/dobot_ws/install/dobot_msgs_v4/include/dobot_msgs_v4/dobot_msgs_v4/srv/detail/do__rosidl_typesupport_introspection_c.h
[1.497s] -- Up-to-date: /home/user/dobot_ws/install/dobot_msgs_v4/include/dobot_msgs_v4/dobot_msgs_v4/srv/detail/end_rt_offset__type_support.c
[1.497s] -- Up-to-date: /home/user/dobot_ws/install/dobot_msgs_v4/include/dobot_msgs_v4/dobot_msgs_v4/srv/detail/mov_j__rosidl_typesupport_introspection_c.h
[1.497s] -- Up-to-date: /home/user/dobot_ws/install/dobot_msgs_v4/include/dobot_msgs_v4/dobot_msgs_v4/srv/detail/get_do_group_dec__type_support.c
[1.497s] -- Up-to-date: /home/user/dobot_ws/install/dobot_msgs_v4/include/dobot_msgs_v4/dobot_msgs_v4/srv/detail/get_coils__rosidl_typesupport_introspection_c.h
[1.497s] -- Up-to-date: /home/user/dobot_ws/install/dobot_msgs_v4/include/dobot_msgs_v4/dobot_msgs_v4/srv/detail/power_on__rosidl_typesupport_introspection_c.h
[1.497s] -- Up-to-date: /home/user/dobot_ws/install/dobot_msgs_v4/include/dobot_msgs_v4/dobot_msgs_v4/srv/detail/servo_j__type_support.c
[1.497s] -- Up-to-date: /home/user/dobot_ws/install/dobot_msgs_v4/include/dobot_msgs_v4/dobot_msgs_v4/srv/detail/set_payload__rosidl_typesupport_introspection_c.h
[1.498s] -- Up-to-date: /home/user/dobot_ws/install/dobot_msgs_v4/include/dobot_msgs_v4/dobot_msgs_v4/srv/detail/disable_robot__type_support.c
[1.498s] -- Up-to-date: /home/user/dobot_ws/install/dobot_msgs_v4/include/dobot_msgs_v4/dobot_msgs_v4/srv/detail/enable_ft_sensor__rosidl_typesupport_introspection_c.h
[1.498s] -- Up-to-date: /home/user/dobot_ws/install/dobot_msgs_v4/include/dobot_msgs_v4/dobot_msgs_v4/srv/detail/positive_kin__type_support.c
[1.498s] -- Up-to-date: /home/user/dobot_ws/install/dobot_msgs_v4/include/dobot_msgs_v4/dobot_msgs_v4/srv/detail/ao__type_support.c
[1.498s] -- Up-to-date: /home/user/dobot_ws/install/dobot_msgs_v4/include/dobot_msgs_v4/dobot_msgs_v4/srv/detail/arc__rosidl_typesupport_introspection_c.h
[1.498s] -- Up-to-date: /home/user/dobot_ws/install/dobot_msgs_v4/include/dobot_msgs_v4/dobot_msgs_v4/srv/detail/set_hold_regs__type_support.c
[1.498s] -- Up-to-date: /home/user/dobot_ws/install/dobot_msgs_v4/include/dobot_msgs_v4/dobot_msgs_v4/srv/detail/get_in_regs__type_support.c
[1.498s] -- Up-to-date: /home/user/dobot_ws/install/dobot_msgs_v4/include/dobot_msgs_v4/dobot_msgs_v4/srv/detail/fc_set_damping__rosidl_typesupport_introspection_c.h
[1.498s] -- Up-to-date: /home/user/dobot_ws/install/dobot_msgs_v4/include/dobot_msgs_v4/dobot_msgs_v4/srv/detail/tool_ai__type_support.c
[1.498s] -- Up-to-date: /home/user/dobot_ws/install/dobot_msgs_v4/include/dobot_msgs_v4/dobot_msgs_v4/srv/detail/get_input_bool__type_support.c
[1.498s] -- Up-to-date: /home/user/dobot_ws/install/dobot_msgs_v4/include/dobot_msgs_v4/dobot_msgs_v4/srv/detail/mov_jio__rosidl_typesupport_introspection_c.h
[1.498s] -- Up-to-date: /home/user/dobot_ws/install/dobot_msgs_v4/include/dobot_msgs_v4/dobot_msgs_v4/srv/detail/acc_j__type_support.c
[1.498s] -- Up-to-date: /home/user/dobot_ws/install/dobot_msgs_v4/include/dobot_msgs_v4/dobot_msgs_v4/srv/detail/get_output_float__rosidl_typesupport_introspection_c.h
[1.499s] -- Up-to-date: /home/user/dobot_ws/install/dobot_msgs_v4/include/dobot_msgs_v4/dobot_msgs_v4/srv/detail/set_output_float__rosidl_typesupport_introspection_c.h
[1.499s] -- Up-to-date: /home/user/dobot_ws/install/dobot_msgs_v4/include/dobot_msgs_v4/dobot_msgs_v4/srv/detail/set_output_bool__rosidl_typesupport_introspection_c.h
[1.499s] -- Up-to-date: /home/user/dobot_ws/install/dobot_msgs_v4/include/dobot_msgs_v4/dobot_msgs_v4/srv/detail/get_ao__rosidl_typesupport_introspection_c.h
[1.499s] -- Up-to-date: /home/user/dobot_ws/install/dobot_msgs_v4/include/dobot_msgs_v4/dobot_msgs_v4/srv/detail/tool_di__type_support.c
[1.499s] -- Up-to-date: /home/user/dobot_ws/install/dobot_msgs_v4/include/dobot_msgs_v4/dobot_msgs_v4/srv/detail/set_output_bool__type_support.c
[1.499s] -- Up-to-date: /home/user/dobot_ws/install/dobot_msgs_v4/include/dobot_msgs_v4/dobot_msgs_v4/srv/detail/set_output_int__rosidl_typesupport_introspection_c.h
[1.499s] -- Up-to-date: /home/user/dobot_ws/install/dobot_msgs_v4/include/dobot_msgs_v4/dobot_msgs_v4/srv/detail/run_to__rosidl_typesupport_introspection_c.h
[1.499s] -- Up-to-date: /home/user/dobot_ws/install/dobot_msgs_v4/include/dobot_msgs_v4/dobot_msgs_v4/srv/detail/do__type_support.c
[1.499s] -- Up-to-date: /home/user/dobot_ws/install/dobot_msgs_v4/include/dobot_msgs_v4/dobot_msgs_v4/srv/detail/tool__type_support.c
[1.499s] -- Up-to-date: /home/user/dobot_ws/install/dobot_msgs_v4/include/dobot_msgs_v4/dobot_msgs_v4/srv/detail/move_jog__type_support.c
[1.499s] -- Up-to-date: /home/user/dobot_ws/install/dobot_msgs_v4/include/dobot_msgs_v4/dobot_msgs_v4/srv/detail/calc_tool__type_support.c
[1.499s] -- Up-to-date: /home/user/dobot_ws/install/dobot_msgs_v4/include/dobot_msgs_v4/dobot_msgs_v4/srv/detail/check_odd_mov_j__rosidl_typesupport_introspection_c.h
[1.499s] -- Up-to-date: /home/user/dobot_ws/install/dobot_msgs_v4/include/dobot_msgs_v4/dobot_msgs_v4/srv/detail/stop__rosidl_typesupport_introspection_c.h
[1.500s] -- Up-to-date: /home/user/dobot_ws/install/dobot_msgs_v4/include/dobot_msgs_v4/dobot_msgs_v4/srv/detail/set_work_zone_enable__rosidl_typesupport_introspection_c.h
[1.500s] -- Up-to-date: /home/user/dobot_ws/install/dobot_msgs_v4/include/dobot_msgs_v4/dobot_msgs_v4/srv/detail/get_force__type_support.c
[1.500s] -- Up-to-date: /home/user/dobot_ws/install/dobot_msgs_v4/include/dobot_msgs_v4/dobot_msgs_v4/srv/detail/get_input_int__type_support.c
[1.500s] -- Up-to-date: /home/user/dobot_ws/install/dobot_msgs_v4/include/dobot_msgs_v4/dobot_msgs_v4/srv/detail/get_tool_do__type_support.c
[1.500s] -- Up-to-date: /home/user/dobot_ws/install/dobot_msgs_v4/include/dobot_msgs_v4/dobot_msgs_v4/srv/detail/run_to__type_support.c
[1.500s] -- Up-to-date: /home/user/dobot_ws/install/dobot_msgs_v4/include/dobot_msgs_v4/dobot_msgs_v4/srv/detail/get_pose__type_support.c
[1.500s] -- Up-to-date: /home/user/dobot_ws/install/dobot_msgs_v4/include/dobot_msgs_v4/dobot_msgs_v4/srv/detail/tool_do__type_support.c
[1.500s] -- Up-to-date: /home/user/dobot_ws/install/dobot_msgs_v4/include/dobot_msgs_v4/dobot_msgs_v4/srv/detail/modbus_create__type_support.c
[1.500s] -- Up-to-date: /home/user/dobot_ws/install/dobot_msgs_v4/include/dobot_msgs_v4/dobot_msgs_v4/srv/detail/start_drag__rosidl_typesupport_introspection_c.h
[1.500s] -- Up-to-date: /home/user/dobot_ws/install/dobot_msgs_v4/include/dobot_msgs_v4/dobot_msgs_v4/srv/detail/set_tool_power__type_support.c
[1.500s] -- Up-to-date: /home/user/dobot_ws/install/dobot_msgs_v4/include/dobot_msgs_v4/dobot_msgs_v4/srv/detail/tool__rosidl_typesupport_introspection_c.h
[1.500s] -- Up-to-date: /home/user/dobot_ws/install/dobot_msgs_v4/include/dobot_msgs_v4/dobot_msgs_v4/srv/detail/do_group__rosidl_typesupport_introspection_c.h
[1.501s] -- Up-to-date: /home/user/dobot_ws/install/dobot_msgs_v4/include/dobot_msgs_v4/dobot_msgs_v4/srv/detail/check_odd_mov_j__type_support.c
[1.501s] -- Up-to-date: /home/user/dobot_ws/install/dobot_msgs_v4/include/dobot_msgs_v4/dobot_msgs_v4/srv/detail/tcp_dashboard__type_support.c
[1.501s] -- Up-to-date: /home/user/dobot_ws/install/dobot_msgs_v4/include/dobot_msgs_v4/dobot_msgs_v4/srv/detail/set_safe_skin__type_support.c
[1.501s] -- Up-to-date: /home/user/dobot_ws/install/dobot_msgs_v4/include/dobot_msgs_v4/dobot_msgs_v4/srv/detail/servo_j__rosidl_typesupport_introspection_c.h
[1.501s] -- Up-to-date: /home/user/dobot_ws/install/dobot_msgs_v4/include/dobot_msgs_v4/dobot_msgs_v4/srv/detail/fc_set_force_speed_limit__rosidl_typesupport_introspection_c.h
[1.501s] -- Up-to-date: /home/user/dobot_ws/install/dobot_msgs_v4/include/dobot_msgs_v4/dobot_msgs_v4/srv/detail/stop__type_support.c
[1.502s] -- Up-to-date: /home/user/dobot_ws/install/dobot_msgs_v4/include/dobot_msgs_v4/dobot_msgs_v4/srv/detail/get_start_pose__rosidl_typesupport_introspection_c.h
[1.502s] -- Up-to-date: /home/user/dobot_ws/install/dobot_msgs_v4/include/dobot_msgs_v4/dobot_msgs_v4/srv/detail/get_in_bits__type_support.c
[1.502s] -- Up-to-date: /home/user/dobot_ws/install/dobot_msgs_v4/include/dobot_msgs_v4/dobot_msgs_v4/srv/detail/get_do__type_support.c
[1.502s] -- Up-to-date: /home/user/dobot_ws/install/dobot_msgs_v4/include/dobot_msgs_v4/dobot_msgs_v4/srv/detail/get_current_command_id__rosidl_typesupport_introspection_c.h
[1.502s] -- Up-to-date: /home/user/dobot_ws/install/dobot_msgs_v4/include/dobot_msgs_v4/dobot_msgs_v4/srv/detail/inverse_solution__rosidl_typesupport_introspection_c.h
[1.502s] -- Up-to-date: /home/user/dobot_ws/install/dobot_msgs_v4/include/dobot_msgs_v4/dobot_msgs_v4/srv/detail/set_safe_skin__rosidl_typesupport_introspection_c.h
[1.502s] -- Up-to-date: /home/user/dobot_ws/install/dobot_msgs_v4/include/dobot_msgs_v4/dobot_msgs_v4/srv/detail/mov_lio__type_support.c
[1.502s] -- Up-to-date: /home/user/dobot_ws/install/dobot_msgs_v4/include/dobot_msgs_v4/dobot_msgs_v4/srv/detail/modbus_rtu_create__rosidl_typesupport_introspection_c.h
[1.502s] -- Up-to-date: /home/user/dobot_ws/install/dobot_msgs_v4/include/dobot_msgs_v4/dobot_msgs_v4/srv/detail/get_input_float__type_support.c
[1.502s] -- Up-to-date: /home/user/dobot_ws/install/dobot_msgs_v4/include/dobot_msgs_v4/dobot_msgs_v4/srv/detail/get_hold_regs__type_support.c
[1.503s] -- Up-to-date: /home/user/dobot_ws/install/dobot_msgs_v4/include/dobot_msgs_v4/dobot_msgs_v4/srv/detail/get_in_bits__rosidl_typesupport_introspection_c.h
[1.503s] -- Up-to-date: /home/user/dobot_ws/install/dobot_msgs_v4/include/dobot_msgs_v4/dobot_msgs_v4/srv/detail/cp__rosidl_typesupport_introspection_c.h
[1.504s] -- Up-to-date: /home/user/dobot_ws/install/dobot_msgs_v4/include/dobot_msgs_v4/dobot_msgs_v4/srv/detail/reset_robot__rosidl_typesupport_introspection_c.h
[1.504s] -- Up-to-date: /home/user/dobot_ws/install/dobot_msgs_v4/include/dobot_msgs_v4/dobot_msgs_v4/srv/detail/force_drive_mode__type_support.c
[1.505s] -- Up-to-date: /home/user/dobot_ws/install/dobot_msgs_v4/include/dobot_msgs_v4/dobot_msgs_v4/srv/detail/fc_set_deviation__type_support.c
[1.505s] -- Up-to-date: /home/user/dobot_ws/install/dobot_msgs_v4/include/dobot_msgs_v4/dobot_msgs_v4/srv/detail/di__type_support.c
[1.506s] -- Up-to-date: /home/user/dobot_ws/install/dobot_msgs_v4/include/dobot_msgs_v4/dobot_msgs_v4/srv/detail/fc_set_stiffness__type_support.c
[1.506s] -- Up-to-date: /home/user/dobot_ws/install/dobot_msgs_v4/include/dobot_msgs_v4/dobot_msgs_v4/srv/detail/set_coils__rosidl_typesupport_introspection_c.h
[1.507s] -- Up-to-date: /home/user/dobot_ws/install/dobot_msgs_v4/include/dobot_msgs_v4/dobot_msgs_v4/srv/detail/get_force__rosidl_typesupport_introspection_c.h
[1.507s] -- Up-to-date: /home/user/dobot_ws/install/dobot_msgs_v4/include/dobot_msgs_v4/dobot_msgs_v4/srv/detail/circle__type_support.c
[1.507s] -- Up-to-date: /home/user/dobot_ws/install/dobot_msgs_v4/include/dobot_msgs_v4/dobot_msgs_v4/srv/detail/emergency_stop__type_support.c
[1.507s] -- Up-to-date: /home/user/dobot_ws/install/dobot_msgs_v4/include/dobot_msgs_v4/dobot_msgs_v4/srv/detail/inverse_solution__type_support.c
[1.508s] -- Up-to-date: /home/user/dobot_ws/install/dobot_msgs_v4/include/dobot_msgs_v4/dobot_msgs_v4/srv/detail/clear_error__rosidl_typesupport_introspection_c.h
[1.508s] -- Up-to-date: /home/user/dobot_ws/install/dobot_msgs_v4/include/dobot_msgs_v4/dobot_msgs_v4/srv/detail/vel_l__rosidl_typesupport_introspection_c.h
[1.510s] -- Up-to-date: /home/user/dobot_ws/install/dobot_msgs_v4/include/dobot_msgs_v4/dobot_msgs_v4/srv/detail/rel_joint_mov_j__rosidl_typesupport_introspection_c.h
[1.510s] -- Up-to-date: /home/user/dobot_ws/install/dobot_msgs_v4/include/dobot_msgs_v4/dobot_msgs_v4/srv/detail/get_angle__type_support.c
[1.510s] -- Up-to-date: /home/user/dobot_ws/install/dobot_msgs_v4/include/dobot_msgs_v4/dobot_msgs_v4/srv/detail/get_input_int__rosidl_typesupport_introspection_c.h
[1.510s] -- Up-to-date: /home/user/dobot_ws/install/dobot_msgs_v4/include/dobot_msgs_v4/dobot_msgs_v4/srv/detail/start_drag__type_support.c
[1.511s] -- Up-to-date: /home/user/dobot_ws/install/dobot_msgs_v4/include/dobot_msgs_v4/dobot_msgs_v4/srv/detail/fc_set_force_limit__rosidl_typesupport_introspection_c.h
[1.511s] -- Up-to-date: /home/user/dobot_ws/install/dobot_msgs_v4/include/dobot_msgs_v4/dobot_msgs_v4/srv/detail/request_control__type_support.c
[1.511s] -- Up-to-date: /home/user/dobot_ws/install/dobot_msgs_v4/include/dobot_msgs_v4/dobot_msgs_v4/srv/detail/run_script__rosidl_typesupport_introspection_c.h
[1.511s] -- Up-to-date: /home/user/dobot_ws/install/dobot_msgs_v4/include/dobot_msgs_v4/dobot_msgs_v4/srv/detail/set_output_int__type_support.c
[1.512s] -- Up-to-date: /home/user/dobot_ws/install/dobot_msgs_v4/include/dobot_msgs_v4/dobot_msgs_v4/srv/detail/drag_sensivity__rosidl_typesupport_introspection_c.h
[1.513s] -- Up-to-date: /home/user/dobot_ws/install/dobot_msgs_v4/include/dobot_msgs_v4/dobot_msgs_v4/srv/detail/set_tool_mode__rosidl_typesupport_introspection_c.h
[1.513s] -- Up-to-date: /home/user/dobot_ws/install/dobot_msgs_v4/include/dobot_msgs_v4/dobot_msgs_v4/srv/detail/servo_p__rosidl_typesupport_introspection_c.h
[1.515s] -- Up-to-date: /home/user/dobot_ws/install/dobot_msgs_v4/include/dobot_msgs_v4/dobot_msgs_v4/srv/detail/tool_do__rosidl_typesupport_introspection_c.h
[1.520s] -- Up-to-date: /home/user/dobot_ws/install/dobot_msgs_v4/include/dobot_msgs_v4/dobot_msgs_v4/srv/detail/force_drive_speed__type_support.c
[1.520s] -- Up-to-date: /home/user/dobot_ws/install/dobot_msgs_v4/include/dobot_msgs_v4/dobot_msgs_v4/srv/detail/fc_off__type_support.c
[1.520s] -- Up-to-date: /home/user/dobot_ws/install/dobot_msgs_v4/include/dobot_msgs_v4/dobot_msgs_v4/srv/detail/get_hold_regs__rosidl_typesupport_introspection_c.h
[1.520s] -- Up-to-date: /home/user/dobot_ws/install/dobot_msgs_v4/include/dobot_msgs_v4/dobot_msgs_v4/srv/detail/get_input_bool__rosidl_typesupport_introspection_c.h
[1.520s] -- Up-to-date: /home/user/dobot_ws/install/dobot_msgs_v4/include/dobot_msgs_v4/dobot_msgs_v4/srv/detail/ai__rosidl_typesupport_introspection_c.h
[1.520s] -- Up-to-date: /home/user/dobot_ws/install/dobot_msgs_v4/include/dobot_msgs_v4/dobot_msgs_v4/srv/detail/calc_user__rosidl_typesupport_introspection_c.h
[1.521s] -- Up-to-date: /home/user/dobot_ws/install/dobot_msgs_v4/include/dobot_msgs_v4/dobot_msgs_v4/srv/detail/do_group_dec__rosidl_typesupport_introspection_c.h
[1.521s] -- Up-to-date: /home/user/dobot_ws/install/dobot_msgs_v4/include/dobot_msgs_v4/dobot_msgs_v4/srv/detail/brake_control__type_support.c
[1.521s] -- Up-to-date: /home/user/dobot_ws/install/dobot_msgs_v4/include/dobot_msgs_v4/dobot_msgs_v4/srv/detail/set_post_collision_mode__type_support.c
[1.522s] -- Up-to-date: /home/user/dobot_ws/install/dobot_msgs_v4/include/dobot_msgs_v4/dobot_msgs_v4/srv/detail/pause__type_support.c
[1.522s] -- Up-to-date: /home/user/dobot_ws/install/dobot_msgs_v4/include/dobot_msgs_v4/dobot_msgs_v4/srv/detail/rel_mov_l_user__rosidl_typesupport_introspection_c.h
[1.523s] -- Up-to-date: /home/user/dobot_ws/install/dobot_msgs_v4/include/dobot_msgs_v4/dobot_msgs_v4/srv/detail/mov_l__type_support.c
[1.523s] -- Up-to-date: /home/user/dobot_ws/install/dobot_msgs_v4/include/dobot_msgs_v4/dobot_msgs_v4/srv/detail/acc_l__rosidl_typesupport_introspection_c.h
[1.523s] -- Up-to-date: /home/user/dobot_ws/install/dobot_msgs_v4/include/dobot_msgs_v4/dobot_msgs_v4/srv/detail/mov_jio__type_support.c
[1.524s] -- Up-to-date: /home/user/dobot_ws/install/dobot_msgs_v4/include/dobot_msgs_v4/dobot_msgs_v4/srv/detail/ai__type_support.c
[1.524s] -- Up-to-date: /home/user/dobot_ws/install/dobot_msgs_v4/include/dobot_msgs_v4/dobot_msgs_v4/srv/detail/fc_set_stiffness__rosidl_typesupport_introspection_c.h
[1.525s] -- Up-to-date: /home/user/dobot_ws/install/dobot_msgs_v4/include/dobot_msgs_v4/dobot_msgs_v4/srv/detail/rel_mov_j_user__type_support.c
[1.525s] -- Up-to-date: /home/user/dobot_ws/install/dobot_msgs_v4/include/dobot_msgs_v4/dobot_msgs_v4/srv/detail/fc_set_force__rosidl_typesupport_introspection_c.h
[1.526s] -- Up-to-date: /home/user/dobot_ws/install/dobot_msgs_v4/include/dobot_msgs_v4/dobot_msgs_v4/srv/detail/rel_joint_mov_j__type_support.c
[1.526s] -- Up-to-date: /home/user/dobot_ws/install/dobot_msgs_v4/include/dobot_msgs_v4/dobot_msgs_v4/srv/detail/rel_mov_j_tool__type_support.c
[1.528s] -- Up-to-date: /home/user/dobot_ws/install/dobot_msgs_v4/include/dobot_msgs_v4/dobot_msgs_v4/srv/detail/start_rt_offset__rosidl_typesupport_introspection_c.h
[1.528s] -- Up-to-date: /home/user/dobot_ws/install/dobot_msgs_v4/include/dobot_msgs_v4/dobot_msgs_v4/srv/detail/arc__type_support.c
[1.532s] -- Up-to-date: /home/user/dobot_ws/install/dobot_msgs_v4/include/dobot_msgs_v4/dobot_msgs_v4/srv/detail/set_tool__type_support.c
[1.533s] -- Up-to-date: /home/user/dobot_ws/install/dobot_msgs_v4/include/dobot_msgs_v4/dobot_msgs_v4/srv/detail/tool_do_instant__rosidl_typesupport_introspection_c.h
[1.533s] -- Up-to-date: /home/user/dobot_ws/install/dobot_msgs_v4/include/dobot_msgs_v4/dobot_msgs_v4/srv/detail/calc_user__type_support.c
[1.533s] -- Up-to-date: /home/user/dobot_ws/install/dobot_msgs_v4/include/dobot_msgs_v4/dobot_msgs_v4/srv/detail/get_do__rosidl_typesupport_introspection_c.h
[1.533s] -- Up-to-date: /home/user/dobot_ws/install/dobot_msgs_v4/include/dobot_msgs_v4/dobot_msgs_v4/srv/detail/get_do_group__rosidl_typesupport_introspection_c.h
[1.533s] -- Up-to-date: /home/user/dobot_ws/install/dobot_msgs_v4/include/dobot_msgs_v4/dobot_msgs_v4/srv/detail/emergency_stop__rosidl_typesupport_introspection_c.h
[1.533s] -- Up-to-date: /home/user/dobot_ws/install/dobot_msgs_v4/include/dobot_msgs_v4/dobot_msgs_v4/srv/detail/cp__type_support.c
[1.533s] -- Up-to-date: /home/user/dobot_ws/install/dobot_msgs_v4/include/dobot_msgs_v4/dobot_msgs_v4/srv/detail/request_control__rosidl_typesupport_introspection_c.h
[1.534s] -- Up-to-date: /home/user/dobot_ws/install/dobot_msgs_v4/include/dobot_msgs_v4/dobot_msgs_v4/srv/detail/fc_set_deviation__rosidl_typesupport_introspection_c.h
[1.534s] -- Up-to-date: /home/user/dobot_ws/install/dobot_msgs_v4/include/dobot_msgs_v4/dobot_msgs_v4/srv/detail/check_odd_mov_l__type_support.c
[1.534s] -- Up-to-date: /home/user/dobot_ws/install/dobot_msgs_v4/include/dobot_msgs_v4/dobot_msgs_v4/srv/detail/set_payload__type_support.c
[1.534s] -- Up-to-date: /home/user/dobot_ws/install/dobot_msgs_v4/include/dobot_msgs_v4/dobot_msgs_v4/srv/detail/user__rosidl_typesupport_introspection_c.h
[1.534s] -- Up-to-date: /home/user/dobot_ws/install/dobot_msgs_v4/include/dobot_msgs_v4/dobot_msgs_v4/srv/detail/vel_l__type_support.c
[1.534s] -- Up-to-date: /home/user/dobot_ws/install/dobot_msgs_v4/include/dobot_msgs_v4/dobot_msgs_v4/srv/detail/get_pose__rosidl_typesupport_introspection_c.h
[1.534s] -- Up-to-date: /home/user/dobot_ws/install/dobot_msgs_v4/include/dobot_msgs_v4/dobot_msgs_v4/srv/detail/get_output_bool__type_support.c
[1.534s] -- Up-to-date: /home/user/dobot_ws/install/dobot_msgs_v4/include/dobot_msgs_v4/dobot_msgs_v4/srv/detail/modbus_close__type_support.c
[1.534s] -- Up-to-date: /home/user/dobot_ws/install/dobot_msgs_v4/include/dobot_msgs_v4/dobot_msgs_v4/srv/detail/inverse_kin__type_support.c
[1.534s] -- Up-to-date: /home/user/dobot_ws/install/dobot_msgs_v4/include/dobot_msgs_v4/dobot_msgs_v4/srv/detail/robot_mode__type_support.c
[1.534s] -- Up-to-date: /home/user/dobot_ws/install/dobot_msgs_v4/include/dobot_msgs_v4/dobot_msgs_v4/srv/detail/get_error_id__type_support.c
[1.534s] -- Up-to-date: /home/user/dobot_ws/install/dobot_msgs_v4/include/dobot_msgs_v4/dobot_msgs_v4/srv/detail/continue__type_support.c
[1.535s] -- Up-to-date: /home/user/dobot_ws/install/dobot_msgs_v4/include/dobot_msgs_v4/dobot_msgs_v4/srv/detail/tool_ai__rosidl_typesupport_introspection_c.h
[1.535s] -- Up-to-date: /home/user/dobot_ws/install/dobot_msgs_v4/include/dobot_msgs_v4/dobot_msgs_v4/srv/detail/enable_safe_skin__type_support.c
[1.535s] -- Up-to-date: /home/user/dobot_ws/install/dobot_msgs_v4/include/dobot_msgs_v4/dobot_msgs_v4/srv/detail/check_odd_mov_c__rosidl_typesupport_introspection_c.h
[1.535s] -- Up-to-date: /home/user/dobot_ws/install/dobot_msgs_v4/include/dobot_msgs_v4/dobot_msgs_v4/srv/detail/set_tool_power__rosidl_typesupport_introspection_c.h
[1.535s] -- Up-to-date: /home/user/dobot_ws/install/dobot_msgs_v4/include/dobot_msgs_v4/dobot_msgs_v4/srv/detail/ao_instant__type_support.c
[1.535s] -- Up-to-date: /home/user/dobot_ws/install/dobot_msgs_v4/include/dobot_msgs_v4/dobot_msgs_v4/srv/detail/set_tool485__type_support.c
[1.536s] -- Up-to-date: /home/user/dobot_ws/install/dobot_msgs_v4/lib/libdobot_msgs_v4__rosidl_typesupport_introspection_c.so
[1.537s] -- Up-to-date: /home/user/dobot_ws/install/dobot_msgs_v4/lib/libdobot_msgs_v4__rosidl_typesupport_c.so
[1.538s] -- Up-to-date: /home/user/dobot_ws/install/dobot_msgs_v4/include/dobot_msgs_v4/dobot_msgs_v4
[1.539s] -- Up-to-date: /home/user/dobot_ws/install/dobot_msgs_v4/include/dobot_msgs_v4/dobot_msgs_v4/msg
[1.539s] -- Up-to-date: /home/user/dobot_ws/install/dobot_msgs_v4/include/dobot_msgs_v4/dobot_msgs_v4/msg/detail
[1.539s] -- Up-to-date: /home/user/dobot_ws/install/dobot_msgs_v4/include/dobot_msgs_v4/dobot_msgs_v4/msg/detail/tool_vector_actual__type_support.cpp
[1.539s] -- Up-to-date: /home/user/dobot_ws/install/dobot_msgs_v4/include/dobot_msgs_v4/dobot_msgs_v4/msg/detail/tool_vector_actual__rosidl_typesupport_introspection_cpp.hpp
[1.539s] -- Up-to-date: /home/user/dobot_ws/install/dobot_msgs_v4/include/dobot_msgs_v4/dobot_msgs_v4/msg/detail/robot_status__rosidl_typesupport_introspection_cpp.hpp
[1.539s] -- Up-to-date: /home/user/dobot_ws/install/dobot_msgs_v4/include/dobot_msgs_v4/dobot_msgs_v4/msg/detail/robot_status__type_support.cpp
[1.539s] -- Up-to-date: /home/user/dobot_ws/install/dobot_msgs_v4/include/dobot_msgs_v4/dobot_msgs_v4/srv
[1.539s] -- Up-to-date: /home/user/dobot_ws/install/dobot_msgs_v4/include/dobot_msgs_v4/dobot_msgs_v4/srv/detail
[1.539s] -- Up-to-date: /home/user/dobot_ws/install/dobot_msgs_v4/include/dobot_msgs_v4/dobot_msgs_v4/srv/detail/check_odd_mov_l__type_support.cpp
[1.539s] -- Up-to-date: /home/user/dobot_ws/install/dobot_msgs_v4/include/dobot_msgs_v4/dobot_msgs_v4/srv/detail/get_coils__rosidl_typesupport_introspection_cpp.hpp
[1.539s] -- Up-to-date: /home/user/dobot_ws/install/dobot_msgs_v4/include/dobot_msgs_v4/dobot_msgs_v4/srv/detail/get_error_id__type_support.cpp
[1.540s] -- Up-to-date: /home/user/dobot_ws/install/dobot_msgs_v4/include/dobot_msgs_v4/dobot_msgs_v4/srv/detail/get_hold_regs__rosidl_typesupport_introspection_cpp.hpp
[1.540s] -- Up-to-date: /home/user/dobot_ws/install/dobot_msgs_v4/include/dobot_msgs_v4/dobot_msgs_v4/srv/detail/brake_control__rosidl_typesupport_introspection_cpp.hpp
[1.540s] -- Up-to-date: /home/user/dobot_ws/install/dobot_msgs_v4/include/dobot_msgs_v4/dobot_msgs_v4/srv/detail/rel_mov_j_user__rosidl_typesupport_introspection_cpp.hpp
[1.540s] -- Up-to-date: /home/user/dobot_ws/install/dobot_msgs_v4/include/dobot_msgs_v4/dobot_msgs_v4/srv/detail/positive_kin__type_support.cpp
[1.540s] -- Up-to-date: /home/user/dobot_ws/install/dobot_msgs_v4/include/dobot_msgs_v4/dobot_msgs_v4/srv/detail/get_coils__type_support.cpp
[1.540s] -- Up-to-date: /home/user/dobot_ws/install/dobot_msgs_v4/include/dobot_msgs_v4/dobot_msgs_v4/srv/detail/acc_l__type_support.cpp
[1.540s] -- Up-to-date: /home/user/dobot_ws/install/dobot_msgs_v4/include/dobot_msgs_v4/dobot_msgs_v4/srv/detail/set_work_zone_enable__rosidl_typesupport_introspection_cpp.hpp
[1.540s] -- Up-to-date: /home/user/dobot_ws/install/dobot_msgs_v4/include/dobot_msgs_v4/dobot_msgs_v4/srv/detail/speed_factor__type_support.cpp
[1.540s] -- Up-to-date: /home/user/dobot_ws/install/dobot_msgs_v4/include/dobot_msgs_v4/dobot_msgs_v4/srv/detail/calc_user__rosidl_typesupport_introspection_cpp.hpp
[1.540s] -- Up-to-date: /home/user/dobot_ws/install/dobot_msgs_v4/include/dobot_msgs_v4/dobot_msgs_v4/srv/detail/get_do_group__rosidl_typesupport_introspection_cpp.hpp
[1.540s] -- Up-to-date: /home/user/dobot_ws/install/dobot_msgs_v4/include/dobot_msgs_v4/dobot_msgs_v4/srv/detail/continue__type_support.cpp
[1.540s] -- Up-to-date: /home/user/dobot_ws/install/dobot_msgs_v4/include/dobot_msgs_v4/dobot_msgs_v4/srv/detail/set_fc_collision__type_support.cpp
[1.540s] -- Up-to-date: /home/user/dobot_ws/install/dobot_msgs_v4/include/dobot_msgs_v4/dobot_msgs_v4/srv/detail/inverse_solution__type_support.cpp
[1.541s] -- Up-to-date: /home/user/dobot_ws/install/dobot_msgs_v4/include/dobot_msgs_v4/dobot_msgs_v4/srv/detail/fc_set_force_speed_limit__type_support.cpp
[1.541s] -- Up-to-date: /home/user/dobot_ws/install/dobot_msgs_v4/include/dobot_msgs_v4/dobot_msgs_v4/srv/detail/set_coils__type_support.cpp
[1.541s] -- Up-to-date: /home/user/dobot_ws/install/dobot_msgs_v4/include/dobot_msgs_v4/dobot_msgs_v4/srv/detail/move_jog__rosidl_typesupport_introspection_cpp.hpp
[1.541s] -- Up-to-date: /home/user/dobot_ws/install/dobot_msgs_v4/include/dobot_msgs_v4/dobot_msgs_v4/srv/detail/cp__type_support.cpp
[1.541s] -- Up-to-date: /home/user/dobot_ws/install/dobot_msgs_v4/include/dobot_msgs_v4/dobot_msgs_v4/srv/detail/ai__rosidl_typesupport_introspection_cpp.hpp
[1.541s] -- Up-to-date: /home/user/dobot_ws/install/dobot_msgs_v4/include/dobot_msgs_v4/dobot_msgs_v4/srv/detail/do_instant__type_support.cpp
[1.541s] -- Up-to-date: /home/user/dobot_ws/install/dobot_msgs_v4/include/dobot_msgs_v4/dobot_msgs_v4/srv/detail/get_ao__rosidl_typesupport_introspection_cpp.hpp
[1.541s] -- Up-to-date: /home/user/dobot_ws/install/dobot_msgs_v4/include/dobot_msgs_v4/dobot_msgs_v4/srv/detail/do_group__type_support.cpp
[1.541s] -- Up-to-date: /home/user/dobot_ws/install/dobot_msgs_v4/include/dobot_msgs_v4/dobot_msgs_v4/srv/detail/ao__type_support.cpp
[1.541s] -- Up-to-date: /home/user/dobot_ws/install/dobot_msgs_v4/include/dobot_msgs_v4/dobot_msgs_v4/srv/detail/get_output_int__type_support.cpp
[1.541s] -- Up-to-date: /home/user/dobot_ws/install/dobot_msgs_v4/include/dobot_msgs_v4/dobot_msgs_v4/srv/detail/fc_set_force__rosidl_typesupport_introspection_cpp.hpp
[1.541s] -- Up-to-date: /home/user/dobot_ws/install/dobot_msgs_v4/include/dobot_msgs_v4/dobot_msgs_v4/srv/detail/power_on__rosidl_typesupport_introspection_cpp.hpp
[1.542s] -- Up-to-date: /home/user/dobot_ws/install/dobot_msgs_v4/include/dobot_msgs_v4/dobot_msgs_v4/srv/detail/set_output_float__rosidl_typesupport_introspection_cpp.hpp
[1.542s] -- Up-to-date: /home/user/dobot_ws/install/dobot_msgs_v4/include/dobot_msgs_v4/dobot_msgs_v4/srv/detail/set_safe_wall_enable__rosidl_typesupport_introspection_cpp.hpp
[1.542s] -- Up-to-date: /home/user/dobot_ws/install/dobot_msgs_v4/include/dobot_msgs_v4/dobot_msgs_v4/srv/detail/get_pose__type_support.cpp
[1.542s] -- Up-to-date: /home/user/dobot_ws/install/dobot_msgs_v4/include/dobot_msgs_v4/dobot_msgs_v4/srv/detail/get_do_group__type_support.cpp
[1.542s] -- Up-to-date: /home/user/dobot_ws/install/dobot_msgs_v4/include/dobot_msgs_v4/dobot_msgs_v4/srv/detail/do_group_dec__type_support.cpp
[1.542s] -- Up-to-date: /home/user/dobot_ws/install/dobot_msgs_v4/include/dobot_msgs_v4/dobot_msgs_v4/srv/detail/stop__type_support.cpp
[1.542s] -- Up-to-date: /home/user/dobot_ws/install/dobot_msgs_v4/include/dobot_msgs_v4/dobot_msgs_v4/srv/detail/set_safe_skin__type_support.cpp
[1.542s] -- Up-to-date: /home/user/dobot_ws/install/dobot_msgs_v4/include/dobot_msgs_v4/dobot_msgs_v4/srv/detail/set_payload__type_support.cpp
[1.542s] -- Up-to-date: /home/user/dobot_ws/install/dobot_msgs_v4/include/dobot_msgs_v4/dobot_msgs_v4/srv/detail/modbus_close__rosidl_typesupport_introspection_cpp.hpp
[1.542s] -- Up-to-date: /home/user/dobot_ws/install/dobot_msgs_v4/include/dobot_msgs_v4/dobot_msgs_v4/srv/detail/mov_jio__type_support.cpp
[1.542s] -- Up-to-date: /home/user/dobot_ws/install/dobot_msgs_v4/include/dobot_msgs_v4/dobot_msgs_v4/srv/detail/set_tool485__type_support.cpp
[1.542s] -- Up-to-date: /home/user/dobot_ws/install/dobot_msgs_v4/include/dobot_msgs_v4/dobot_msgs_v4/srv/detail/tool_ai__rosidl_typesupport_introspection_cpp.hpp
[1.542s] -- Up-to-date: /home/user/dobot_ws/install/dobot_msgs_v4/include/dobot_msgs_v4/dobot_msgs_v4/srv/detail/fc_set_mass__type_support.cpp
[1.543s] -- Up-to-date: /home/user/dobot_ws/install/dobot_msgs_v4/include/dobot_msgs_v4/dobot_msgs_v4/srv/detail/arc__rosidl_typesupport_introspection_cpp.hpp
[1.543s] -- Up-to-date: /home/user/dobot_ws/install/dobot_msgs_v4/include/dobot_msgs_v4/dobot_msgs_v4/srv/detail/tool_di__rosidl_typesupport_introspection_cpp.hpp
[1.543s] -- Up-to-date: /home/user/dobot_ws/install/dobot_msgs_v4/include/dobot_msgs_v4/dobot_msgs_v4/srv/detail/rel_mov_l_tool__type_support.cpp
[1.543s] -- Up-to-date: /home/user/dobot_ws/install/dobot_msgs_v4/include/dobot_msgs_v4/dobot_msgs_v4/srv/detail/drag_sensivity__type_support.cpp
[1.543s] -- Up-to-date: /home/user/dobot_ws/install/dobot_msgs_v4/include/dobot_msgs_v4/dobot_msgs_v4/srv/detail/set_coils__rosidl_typesupport_introspection_cpp.hpp
[1.543s] -- Up-to-date: /home/user/dobot_ws/install/dobot_msgs_v4/include/dobot_msgs_v4/dobot_msgs_v4/srv/detail/acc_j__rosidl_typesupport_introspection_cpp.hpp
[1.544s] -- Up-to-date: /home/user/dobot_ws/install/dobot_msgs_v4/include/dobot_msgs_v4/dobot_msgs_v4/srv/detail/calc_user__type_support.cpp
[1.544s] -- Up-to-date: /home/user/dobot_ws/install/dobot_msgs_v4/include/dobot_msgs_v4/dobot_msgs_v4/srv/detail/fc_set_stiffness__rosidl_typesupport_introspection_cpp.hpp
[1.544s] -- Up-to-date: /home/user/dobot_ws/install/dobot_msgs_v4/include/dobot_msgs_v4/dobot_msgs_v4/srv/detail/speed_factor__rosidl_typesupport_introspection_cpp.hpp
[1.544s] -- Up-to-date: /home/user/dobot_ws/install/dobot_msgs_v4/include/dobot_msgs_v4/dobot_msgs_v4/srv/detail/set_output_float__type_support.cpp
[1.544s] -- Up-to-date: /home/user/dobot_ws/install/dobot_msgs_v4/include/dobot_msgs_v4/dobot_msgs_v4/srv/detail/get_output_float__rosidl_typesupport_introspection_cpp.hpp
[1.544s] -- Up-to-date: /home/user/dobot_ws/install/dobot_msgs_v4/include/dobot_msgs_v4/dobot_msgs_v4/srv/detail/user__rosidl_typesupport_introspection_cpp.hpp
[1.544s] -- Up-to-date: /home/user/dobot_ws/install/dobot_msgs_v4/include/dobot_msgs_v4/dobot_msgs_v4/srv/detail/tool__rosidl_typesupport_introspection_cpp.hpp
[1.544s] -- Up-to-date: /home/user/dobot_ws/install/dobot_msgs_v4/include/dobot_msgs_v4/dobot_msgs_v4/srv/detail/robot_mode__rosidl_typesupport_introspection_cpp.hpp
[1.544s] -- Up-to-date: /home/user/dobot_ws/install/dobot_msgs_v4/include/dobot_msgs_v4/dobot_msgs_v4/srv/detail/di_group__rosidl_typesupport_introspection_cpp.hpp
[1.544s] -- Up-to-date: /home/user/dobot_ws/install/dobot_msgs_v4/include/dobot_msgs_v4/dobot_msgs_v4/srv/detail/get_ao__type_support.cpp
[1.544s] -- Up-to-date: /home/user/dobot_ws/install/dobot_msgs_v4/include/dobot_msgs_v4/dobot_msgs_v4/srv/detail/get_current_command_id__rosidl_typesupport_introspection_cpp.hpp
[1.544s] -- Up-to-date: /home/user/dobot_ws/install/dobot_msgs_v4/include/dobot_msgs_v4/dobot_msgs_v4/srv/detail/vel_j__rosidl_typesupport_introspection_cpp.hpp
[1.544s] -- Up-to-date: /home/user/dobot_ws/install/dobot_msgs_v4/include/dobot_msgs_v4/dobot_msgs_v4/srv/detail/mov_j__type_support.cpp
[1.544s] -- Up-to-date: /home/user/dobot_ws/install/dobot_msgs_v4/include/dobot_msgs_v4/dobot_msgs_v4/srv/detail/fc_force_mode__rosidl_typesupport_introspection_cpp.hpp
[1.545s] -- Up-to-date: /home/user/dobot_ws/install/dobot_msgs_v4/include/dobot_msgs_v4/dobot_msgs_v4/srv/detail/set_back_distance__type_support.cpp
[1.545s] -- Up-to-date: /home/user/dobot_ws/install/dobot_msgs_v4/include/dobot_msgs_v4/dobot_msgs_v4/srv/detail/get_output_bool__rosidl_typesupport_introspection_cpp.hpp
[1.545s] -- Up-to-date: /home/user/dobot_ws/install/dobot_msgs_v4/include/dobot_msgs_v4/dobot_msgs_v4/srv/detail/fc_set_force_limit__rosidl_typesupport_introspection_cpp.hpp
[1.545s] -- Up-to-date: /home/user/dobot_ws/install/dobot_msgs_v4/include/dobot_msgs_v4/dobot_msgs_v4/srv/detail/acc_l__rosidl_typesupport_introspection_cpp.hpp
[1.545s] -- Up-to-date: /home/user/dobot_ws/install/dobot_msgs_v4/include/dobot_msgs_v4/dobot_msgs_v4/srv/detail/reset_robot__type_support.cpp
[1.545s] -- Up-to-date: /home/user/dobot_ws/install/dobot_msgs_v4/include/dobot_msgs_v4/dobot_msgs_v4/srv/detail/set_hold_regs__type_support.cpp
[1.545s] -- Up-to-date: /home/user/dobot_ws/install/dobot_msgs_v4/include/dobot_msgs_v4/dobot_msgs_v4/srv/detail/enable_safe_skin__rosidl_typesupport_introspection_cpp.hpp
[1.545s] -- Up-to-date: /home/user/dobot_ws/install/dobot_msgs_v4/include/dobot_msgs_v4/dobot_msgs_v4/srv/detail/check_odd_mov_l__rosidl_typesupport_introspection_cpp.hpp
[1.545s] -- Up-to-date: /home/user/dobot_ws/install/dobot_msgs_v4/include/dobot_msgs_v4/dobot_msgs_v4/srv/detail/continue__rosidl_typesupport_introspection_cpp.hpp
[1.545s] -- Up-to-date: /home/user/dobot_ws/install/dobot_msgs_v4/include/dobot_msgs_v4/dobot_msgs_v4/srv/detail/tool_do_instant__rosidl_typesupport_introspection_cpp.hpp
[1.545s] -- Up-to-date: /home/user/dobot_ws/install/dobot_msgs_v4/include/dobot_msgs_v4/dobot_msgs_v4/srv/detail/stop_move_jog__rosidl_typesupport_introspection_cpp.hpp
[1.545s] -- Up-to-date: /home/user/dobot_ws/install/dobot_msgs_v4/include/dobot_msgs_v4/dobot_msgs_v4/srv/detail/rel_mov_l_tool__rosidl_typesupport_introspection_cpp.hpp
[1.545s] -- Up-to-date: /home/user/dobot_ws/install/dobot_msgs_v4/include/dobot_msgs_v4/dobot_msgs_v4/srv/detail/set_back_distance__rosidl_typesupport_introspection_cpp.hpp
[1.545s] -- Up-to-date: /home/user/dobot_ws/install/dobot_msgs_v4/include/dobot_msgs_v4/dobot_msgs_v4/srv/detail/tcp_dashboard__rosidl_typesupport_introspection_cpp.hpp
[1.545s] -- Up-to-date: /home/user/dobot_ws/install/dobot_msgs_v4/include/dobot_msgs_v4/dobot_msgs_v4/srv/detail/set_tool_mode__type_support.cpp
[1.546s] -- Up-to-date: /home/user/dobot_ws/install/dobot_msgs_v4/include/dobot_msgs_v4/dobot_msgs_v4/srv/detail/get_tool_do__type_support.cpp
[1.546s] -- Up-to-date: /home/user/dobot_ws/install/dobot_msgs_v4/include/dobot_msgs_v4/dobot_msgs_v4/srv/detail/do__type_support.cpp
[1.546s] -- Up-to-date: /home/user/dobot_ws/install/dobot_msgs_v4/include/dobot_msgs_v4/dobot_msgs_v4/srv/detail/modbus_create__type_support.cpp
[1.546s] -- Up-to-date: /home/user/dobot_ws/install/dobot_msgs_v4/include/dobot_msgs_v4/dobot_msgs_v4/srv/detail/start_drag__rosidl_typesupport_introspection_cpp.hpp
[1.546s] -- Up-to-date: /home/user/dobot_ws/install/dobot_msgs_v4/include/dobot_msgs_v4/dobot_msgs_v4/srv/detail/run_to__rosidl_typesupport_introspection_cpp.hpp
[1.546s] -- Up-to-date: /home/user/dobot_ws/install/dobot_msgs_v4/include/dobot_msgs_v4/dobot_msgs_v4/srv/detail/run_to__type_support.cpp
[1.546s] -- Up-to-date: /home/user/dobot_ws/install/dobot_msgs_v4/include/dobot_msgs_v4/dobot_msgs_v4/srv/detail/get_do__type_support.cpp
[1.546s] -- Up-to-date: /home/user/dobot_ws/install/dobot_msgs_v4/include/dobot_msgs_v4/dobot_msgs_v4/srv/detail/set_post_collision_mode__rosidl_typesupport_introspection_cpp.hpp
[1.546s] -- Up-to-date: /home/user/dobot_ws/install/dobot_msgs_v4/include/dobot_msgs_v4/dobot_msgs_v4/srv/detail/tool_di__type_support.cpp
[1.547s] -- Up-to-date: /home/user/dobot_ws/install/dobot_msgs_v4/include/dobot_msgs_v4/dobot_msgs_v4/srv/detail/end_rt_offset__rosidl_typesupport_introspection_cpp.hpp
[1.547s] -- Up-to-date: /home/user/dobot_ws/install/dobot_msgs_v4/include/dobot_msgs_v4/dobot_msgs_v4/srv/detail/check_odd_mov_j__type_support.cpp
[1.547s] -- Up-to-date: /home/user/dobot_ws/install/dobot_msgs_v4/include/dobot_msgs_v4/dobot_msgs_v4/srv/detail/servo_j__type_support.cpp
[1.547s] -- Up-to-date: /home/user/dobot_ws/install/dobot_msgs_v4/include/dobot_msgs_v4/dobot_msgs_v4/srv/detail/cp__rosidl_typesupport_introspection_cpp.hpp
[1.547s] -- Up-to-date: /home/user/dobot_ws/install/dobot_msgs_v4/include/dobot_msgs_v4/dobot_msgs_v4/srv/detail/servo_p__rosidl_typesupport_introspection_cpp.hpp
[1.548s] -- Up-to-date: /home/user/dobot_ws/install/dobot_msgs_v4/include/dobot_msgs_v4/dobot_msgs_v4/srv/detail/tool_do__rosidl_typesupport_introspection_cpp.hpp
[1.548s] -- Up-to-date: /home/user/dobot_ws/install/dobot_msgs_v4/include/dobot_msgs_v4/dobot_msgs_v4/srv/detail/get_error__type_support.cpp
[1.548s] -- Up-to-date: /home/user/dobot_ws/install/dobot_msgs_v4/include/dobot_msgs_v4/dobot_msgs_v4/srv/detail/get_hold_regs__type_support.cpp
[1.548s] -- Up-to-date: /home/user/dobot_ws/install/dobot_msgs_v4/include/dobot_msgs_v4/dobot_msgs_v4/srv/detail/enable_safe_skin__type_support.cpp
[1.548s] -- Up-to-date: /home/user/dobot_ws/install/dobot_msgs_v4/include/dobot_msgs_v4/dobot_msgs_v4/srv/detail/stop_move_jog__type_support.cpp
[1.548s] -- Up-to-date: /home/user/dobot_ws/install/dobot_msgs_v4/include/dobot_msgs_v4/dobot_msgs_v4/srv/detail/get_input_float__rosidl_typesupport_introspection_cpp.hpp
[1.548s] -- Up-to-date: /home/user/dobot_ws/install/dobot_msgs_v4/include/dobot_msgs_v4/dobot_msgs_v4/srv/detail/fc_set_damping__rosidl_typesupport_introspection_cpp.hpp
[1.548s] -- Up-to-date: /home/user/dobot_ws/install/dobot_msgs_v4/include/dobot_msgs_v4/dobot_msgs_v4/srv/detail/fc_set_deviation__rosidl_typesupport_introspection_cpp.hpp
[1.548s] -- Up-to-date: /home/user/dobot_ws/install/dobot_msgs_v4/include/dobot_msgs_v4/dobot_msgs_v4/srv/detail/set_user__rosidl_typesupport_introspection_cpp.hpp
[1.548s] -- Up-to-date: /home/user/dobot_ws/install/dobot_msgs_v4/include/dobot_msgs_v4/dobot_msgs_v4/srv/detail/force_drive_mode__type_support.cpp
[1.548s] -- Up-to-date: /home/user/dobot_ws/install/dobot_msgs_v4/include/dobot_msgs_v4/dobot_msgs_v4/srv/detail/tool_ai__type_support.cpp
[1.549s] -- Up-to-date: /home/user/dobot_ws/install/dobot_msgs_v4/include/dobot_msgs_v4/dobot_msgs_v4/srv/detail/set_tool__rosidl_typesupport_introspection_cpp.hpp
[1.549s] -- Up-to-date: /home/user/dobot_ws/install/dobot_msgs_v4/include/dobot_msgs_v4/dobot_msgs_v4/srv/detail/get_input_float__type_support.cpp
[1.549s] -- Up-to-date: /home/user/dobot_ws/install/dobot_msgs_v4/include/dobot_msgs_v4/dobot_msgs_v4/srv/detail/check_odd_mov_c__type_support.cpp
[1.549s] -- Up-to-date: /home/user/dobot_ws/install/dobot_msgs_v4/include/dobot_msgs_v4/dobot_msgs_v4/srv/detail/start_rt_offset__type_support.cpp
[1.549s] -- Up-to-date: /home/user/dobot_ws/install/dobot_msgs_v4/include/dobot_msgs_v4/dobot_msgs_v4/srv/detail/calc_tool__rosidl_typesupport_introspection_cpp.hpp
[1.549s] -- Up-to-date: /home/user/dobot_ws/install/dobot_msgs_v4/include/dobot_msgs_v4/dobot_msgs_v4/srv/detail/request_control__type_support.cpp
[1.549s] -- Up-to-date: /home/user/dobot_ws/install/dobot_msgs_v4/include/dobot_msgs_v4/dobot_msgs_v4/srv/detail/modbus_rtu_create__type_support.cpp
[1.549s] -- Up-to-date: /home/user/dobot_ws/install/dobot_msgs_v4/include/dobot_msgs_v4/dobot_msgs_v4/srv/detail/fc_set_force_limit__type_support.cpp
[1.549s] -- Up-to-date: /home/user/dobot_ws/install/dobot_msgs_v4/include/dobot_msgs_v4/dobot_msgs_v4/srv/detail/inverse_solution__rosidl_typesupport_introspection_cpp.hpp
[1.549s] -- Up-to-date: /home/user/dobot_ws/install/dobot_msgs_v4/include/dobot_msgs_v4/dobot_msgs_v4/srv/detail/request_control__rosidl_typesupport_introspection_cpp.hpp
[1.549s] -- Up-to-date: /home/user/dobot_ws/install/dobot_msgs_v4/include/dobot_msgs_v4/dobot_msgs_v4/srv/detail/mov_jio__rosidl_typesupport_introspection_cpp.hpp
[1.549s] -- Up-to-date: /home/user/dobot_ws/install/dobot_msgs_v4/include/dobot_msgs_v4/dobot_msgs_v4/srv/detail/get_tool_do__rosidl_typesupport_introspection_cpp.hpp
[1.549s] -- Up-to-date: /home/user/dobot_ws/install/dobot_msgs_v4/include/dobot_msgs_v4/dobot_msgs_v4/srv/detail/servo_p__type_support.cpp
[1.550s] -- Up-to-date: /home/user/dobot_ws/install/dobot_msgs_v4/include/dobot_msgs_v4/dobot_msgs_v4/srv/detail/fc_set_force__type_support.cpp
[1.550s] -- Up-to-date: /home/user/dobot_ws/install/dobot_msgs_v4/include/dobot_msgs_v4/dobot_msgs_v4/srv/detail/force_drive_mode__rosidl_typesupport_introspection_cpp.hpp
[1.550s] -- Up-to-date: /home/user/dobot_ws/install/dobot_msgs_v4/include/dobot_msgs_v4/dobot_msgs_v4/srv/detail/inverse_kin__rosidl_typesupport_introspection_cpp.hpp
[1.550s] -- Up-to-date: /home/user/dobot_ws/install/dobot_msgs_v4/include/dobot_msgs_v4/dobot_msgs_v4/srv/detail/enable_robot__type_support.cpp
[1.550s] -- Up-to-date: /home/user/dobot_ws/install/dobot_msgs_v4/include/dobot_msgs_v4/dobot_msgs_v4/srv/detail/vel_l__rosidl_typesupport_introspection_cpp.hpp
[1.550s] -- Up-to-date: /home/user/dobot_ws/install/dobot_msgs_v4/include/dobot_msgs_v4/dobot_msgs_v4/srv/detail/inverse_kin__type_support.cpp
[1.550s] -- Up-to-date: /home/user/dobot_ws/install/dobot_msgs_v4/include/dobot_msgs_v4/dobot_msgs_v4/srv/detail/di__rosidl_typesupport_introspection_cpp.hpp
[1.550s] -- Up-to-date: /home/user/dobot_ws/install/dobot_msgs_v4/include/dobot_msgs_v4/dobot_msgs_v4/srv/detail/set_tool__type_support.cpp
[1.550s] -- Up-to-date: /home/user/dobot_ws/install/dobot_msgs_v4/include/dobot_msgs_v4/dobot_msgs_v4/srv/detail/enable_ft_sensor__type_support.cpp
[1.550s] -- Up-to-date: /home/user/dobot_ws/install/dobot_msgs_v4/include/dobot_msgs_v4/dobot_msgs_v4/srv/detail/get_force__rosidl_typesupport_introspection_cpp.hpp
[1.550s] -- Up-to-date: /home/user/dobot_ws/install/dobot_msgs_v4/include/dobot_msgs_v4/dobot_msgs_v4/srv/detail/tool_do__type_support.cpp
[1.550s] -- Up-to-date: /home/user/dobot_ws/install/dobot_msgs_v4/include/dobot_msgs_v4/dobot_msgs_v4/srv/detail/run_script__type_support.cpp
[1.550s] -- Up-to-date: /home/user/dobot_ws/install/dobot_msgs_v4/include/dobot_msgs_v4/dobot_msgs_v4/srv/detail/check_odd_mov_c__rosidl_typesupport_introspection_cpp.hpp
[1.551s] -- Up-to-date: /home/user/dobot_ws/install/dobot_msgs_v4/include/dobot_msgs_v4/dobot_msgs_v4/srv/detail/get_do_group_dec__rosidl_typesupport_introspection_cpp.hpp
[1.551s] -- Up-to-date: /home/user/dobot_ws/install/dobot_msgs_v4/include/dobot_msgs_v4/dobot_msgs_v4/srv/detail/positive_kin__rosidl_typesupport_introspection_cpp.hpp
[1.551s] -- Up-to-date: /home/user/dobot_ws/install/dobot_msgs_v4/include/dobot_msgs_v4/dobot_msgs_v4/srv/detail/brake_control__type_support.cpp
[1.551s] -- Up-to-date: /home/user/dobot_ws/install/dobot_msgs_v4/include/dobot_msgs_v4/dobot_msgs_v4/srv/detail/get_do_group_dec__type_support.cpp
[1.551s] -- Up-to-date: /home/user/dobot_ws/install/dobot_msgs_v4/include/dobot_msgs_v4/dobot_msgs_v4/srv/detail/disable_robot__rosidl_typesupport_introspection_cpp.hpp
[1.551s] -- Up-to-date: /home/user/dobot_ws/install/dobot_msgs_v4/include/dobot_msgs_v4/dobot_msgs_v4/srv/detail/ao__rosidl_typesupport_introspection_cpp.hpp
[1.551s] -- Up-to-date: /home/user/dobot_ws/install/dobot_msgs_v4/include/dobot_msgs_v4/dobot_msgs_v4/srv/detail/get_start_pose__rosidl_typesupport_introspection_cpp.hpp
[1.551s] -- Up-to-date: /home/user/dobot_ws/install/dobot_msgs_v4/include/dobot_msgs_v4/dobot_msgs_v4/srv/detail/get_in_bits__rosidl_typesupport_introspection_cpp.hpp
[1.551s] -- Up-to-date: /home/user/dobot_ws/install/dobot_msgs_v4/include/dobot_msgs_v4/dobot_msgs_v4/srv/detail/get_pose__rosidl_typesupport_introspection_cpp.hpp
[1.552s] -- Up-to-date: /home/user/dobot_ws/install/dobot_msgs_v4/include/dobot_msgs_v4/dobot_msgs_v4/srv/detail/get_in_regs__rosidl_typesupport_introspection_cpp.hpp
[1.552s] -- Up-to-date: /home/user/dobot_ws/install/dobot_msgs_v4/include/dobot_msgs_v4/dobot_msgs_v4/srv/detail/start_path__type_support.cpp
[1.552s] -- Up-to-date: /home/user/dobot_ws/install/dobot_msgs_v4/include/dobot_msgs_v4/dobot_msgs_v4/srv/detail/fc_off__rosidl_typesupport_introspection_cpp.hpp
[1.552s] -- Up-to-date: /home/user/dobot_ws/install/dobot_msgs_v4/include/dobot_msgs_v4/dobot_msgs_v4/srv/detail/fc_collision_switch__type_support.cpp
[1.552s] -- Up-to-date: /home/user/dobot_ws/install/dobot_msgs_v4/include/dobot_msgs_v4/dobot_msgs_v4/srv/detail/start_path__rosidl_typesupport_introspection_cpp.hpp
[1.552s] -- Up-to-date: /home/user/dobot_ws/install/dobot_msgs_v4/include/dobot_msgs_v4/dobot_msgs_v4/srv/detail/mov_lio__rosidl_typesupport_introspection_cpp.hpp
[1.552s] -- Up-to-date: /home/user/dobot_ws/install/dobot_msgs_v4/include/dobot_msgs_v4/dobot_msgs_v4/srv/detail/force_drive_speed__rosidl_typesupport_introspection_cpp.hpp
[1.552s] -- Up-to-date: /home/user/dobot_ws/install/dobot_msgs_v4/include/dobot_msgs_v4/dobot_msgs_v4/srv/detail/disable_robot__type_support.cpp
[1.552s] -- Up-to-date: /home/user/dobot_ws/install/dobot_msgs_v4/include/dobot_msgs_v4/dobot_msgs_v4/srv/detail/clear_error__rosidl_typesupport_introspection_cpp.hpp
[1.553s] -- Up-to-date: /home/user/dobot_ws/install/dobot_msgs_v4/include/dobot_msgs_v4/dobot_msgs_v4/srv/detail/di_group_dec__rosidl_typesupport_introspection_cpp.hpp
[1.553s] -- Up-to-date: /home/user/dobot_ws/install/dobot_msgs_v4/include/dobot_msgs_v4/dobot_msgs_v4/srv/detail/get_do__rosidl_typesupport_introspection_cpp.hpp
[1.553s] -- Up-to-date: /home/user/dobot_ws/install/dobot_msgs_v4/include/dobot_msgs_v4/dobot_msgs_v4/srv/detail/ao_instant__rosidl_typesupport_introspection_cpp.hpp
[1.553s] -- Up-to-date: /home/user/dobot_ws/install/dobot_msgs_v4/include/dobot_msgs_v4/dobot_msgs_v4/srv/detail/modbus_close__type_support.cpp
[1.553s] -- Up-to-date: /home/user/dobot_ws/install/dobot_msgs_v4/include/dobot_msgs_v4/dobot_msgs_v4/srv/detail/tcp_dashboard__type_support.cpp
[1.553s] -- Up-to-date: /home/user/dobot_ws/install/dobot_msgs_v4/include/dobot_msgs_v4/dobot_msgs_v4/srv/detail/fc_set_damping__type_support.cpp
[1.553s] -- Up-to-date: /home/user/dobot_ws/install/dobot_msgs_v4/include/dobot_msgs_v4/dobot_msgs_v4/srv/detail/get_angle__rosidl_typesupport_introspection_cpp.hpp
[1.553s] -- Up-to-date: /home/user/dobot_ws/install/dobot_msgs_v4/include/dobot_msgs_v4/dobot_msgs_v4/srv/detail/check_odd_mov_j__rosidl_typesupport_introspection_cpp.hpp
[1.553s] -- Up-to-date: /home/user/dobot_ws/install/dobot_msgs_v4/include/dobot_msgs_v4/dobot_msgs_v4/srv/detail/force_drive_speed__type_support.cpp
[1.553s] -- Up-to-date: /home/user/dobot_ws/install/dobot_msgs_v4/include/dobot_msgs_v4/dobot_msgs_v4/srv/detail/tool__type_support.cpp
[1.554s] -- Up-to-date: /home/user/dobot_ws/install/dobot_msgs_v4/include/dobot_msgs_v4/dobot_msgs_v4/srv/detail/power_on__type_support.cpp
[1.554s] -- Up-to-date: /home/user/dobot_ws/install/dobot_msgs_v4/include/dobot_msgs_v4/dobot_msgs_v4/srv/detail/circle__type_support.cpp
[1.554s] -- Up-to-date: /home/user/dobot_ws/install/dobot_msgs_v4/include/dobot_msgs_v4/dobot_msgs_v4/srv/detail/end_rt_offset__type_support.cpp
[1.554s] -- Up-to-date: /home/user/dobot_ws/install/dobot_msgs_v4/include/dobot_msgs_v4/dobot_msgs_v4/srv/detail/ai__type_support.cpp
[1.554s] -- Up-to-date: /home/user/dobot_ws/install/dobot_msgs_v4/include/dobot_msgs_v4/dobot_msgs_v4/srv/detail/set_output_bool__type_support.cpp
[1.554s] -- Up-to-date: /home/user/dobot_ws/install/dobot_msgs_v4/include/dobot_msgs_v4/dobot_msgs_v4/srv/detail/get_start_pose__type_support.cpp
[1.554s] -- Up-to-date: /home/user/dobot_ws/install/dobot_msgs_v4/include/dobot_msgs_v4/dobot_msgs_v4/srv/detail/do_group_dec__rosidl_typesupport_introspection_cpp.hpp
[1.554s] -- Up-to-date: /home/user/dobot_ws/install/dobot_msgs_v4/include/dobot_msgs_v4/dobot_msgs_v4/srv/detail/do_instant__rosidl_typesupport_introspection_cpp.hpp
[1.554s] -- Up-to-date: /home/user/dobot_ws/install/dobot_msgs_v4/include/dobot_msgs_v4/dobot_msgs_v4/srv/detail/vel_l__type_support.cpp
[1.554s] -- Up-to-date: /home/user/dobot_ws/install/dobot_msgs_v4/include/dobot_msgs_v4/dobot_msgs_v4/srv/detail/get_current_command_id__type_support.cpp
[1.555s] -- Up-to-date: /home/user/dobot_ws/install/dobot_msgs_v4/include/dobot_msgs_v4/dobot_msgs_v4/srv/detail/set_collision_level__rosidl_typesupport_introspection_cpp.hpp
[1.555s] -- Up-to-date: /home/user/dobot_ws/install/dobot_msgs_v4/include/dobot_msgs_v4/dobot_msgs_v4/srv/detail/set_fc_collision__rosidl_typesupport_introspection_cpp.hpp
[1.555s] -- Up-to-date: /home/user/dobot_ws/install/dobot_msgs_v4/include/dobot_msgs_v4/dobot_msgs_v4/srv/detail/servo_j__rosidl_typesupport_introspection_cpp.hpp
[1.555s] -- Up-to-date: /home/user/dobot_ws/install/dobot_msgs_v4/include/dobot_msgs_v4/dobot_msgs_v4/srv/detail/di__type_support.cpp
[1.555s] -- Up-to-date: /home/user/dobot_ws/install/dobot_msgs_v4/include/dobot_msgs_v4/dobot_msgs_v4/srv/detail/rel_mov_l_user__type_support.cpp
[1.555s] -- Up-to-date: /home/user/dobot_ws/install/dobot_msgs_v4/include/dobot_msgs_v4/dobot_msgs_v4/srv/detail/start_drag__type_support.cpp
[1.555s] -- Up-to-date: /home/user/dobot_ws/install/dobot_msgs_v4/include/dobot_msgs_v4/dobot_msgs_v4/srv/detail/rel_mov_j_user__type_support.cpp
[1.555s] -- Up-to-date: /home/user/dobot_ws/install/dobot_msgs_v4/include/dobot_msgs_v4/dobot_msgs_v4/srv/detail/set_user__type_support.cpp
[1.555s] -- Up-to-date: /home/user/dobot_ws/install/dobot_msgs_v4/include/dobot_msgs_v4/dobot_msgs_v4/srv/detail/mov_j__rosidl_typesupport_introspection_cpp.hpp
[1.555s] -- Up-to-date: /home/user/dobot_ws/install/dobot_msgs_v4/include/dobot_msgs_v4/dobot_msgs_v4/srv/detail/set_safe_skin__rosidl_typesupport_introspection_cpp.hpp
[1.555s] -- Up-to-date: /home/user/dobot_ws/install/dobot_msgs_v4/include/dobot_msgs_v4/dobot_msgs_v4/srv/detail/set_tool485__rosidl_typesupport_introspection_cpp.hpp
[1.555s] -- Up-to-date: /home/user/dobot_ws/install/dobot_msgs_v4/include/dobot_msgs_v4/dobot_msgs_v4/srv/detail/mov_l__rosidl_typesupport_introspection_cpp.hpp
[1.555s] -- Up-to-date: /home/user/dobot_ws/install/dobot_msgs_v4/include/dobot_msgs_v4/dobot_msgs_v4/srv/detail/acc_j__type_support.cpp
[1.555s] -- Up-to-date: /home/user/dobot_ws/install/dobot_msgs_v4/include/dobot_msgs_v4/dobot_msgs_v4/srv/detail/six_force_home__type_support.cpp
[1.555s] -- Up-to-date: /home/user/dobot_ws/install/dobot_msgs_v4/include/dobot_msgs_v4/dobot_msgs_v4/srv/detail/reset_robot__rosidl_typesupport_introspection_cpp.hpp
[1.555s] -- Up-to-date: /home/user/dobot_ws/install/dobot_msgs_v4/include/dobot_msgs_v4/dobot_msgs_v4/srv/detail/move_jog__type_support.cpp
[1.555s] -- Up-to-date: /home/user/dobot_ws/install/dobot_msgs_v4/include/dobot_msgs_v4/dobot_msgs_v4/srv/detail/circle__rosidl_typesupport_introspection_cpp.hpp
[1.556s] -- Up-to-date: /home/user/dobot_ws/install/dobot_msgs_v4/include/dobot_msgs_v4/dobot_msgs_v4/srv/detail/get_output_float__type_support.cpp
[1.556s] -- Up-to-date: /home/user/dobot_ws/install/dobot_msgs_v4/include/dobot_msgs_v4/dobot_msgs_v4/srv/detail/set_output_int__type_support.cpp
[1.556s] -- Up-to-date: /home/user/dobot_ws/install/dobot_msgs_v4/include/dobot_msgs_v4/dobot_msgs_v4/srv/detail/rel_mov_j_tool__rosidl_typesupport_introspection_cpp.hpp
[1.556s] -- Up-to-date: /home/user/dobot_ws/install/dobot_msgs_v4/include/dobot_msgs_v4/dobot_msgs_v4/srv/detail/get_in_regs__type_support.cpp
[1.556s] -- Up-to-date: /home/user/dobot_ws/install/dobot_msgs_v4/include/dobot_msgs_v4/dobot_msgs_v4/srv/detail/set_hold_regs__rosidl_typesupport_introspection_cpp.hpp
[1.556s] -- Up-to-date: /home/user/dobot_ws/install/dobot_msgs_v4/include/dobot_msgs_v4/dobot_msgs_v4/srv/detail/rel_mov_j_tool__type_support.cpp
[1.556s] -- Up-to-date: /home/user/dobot_ws/install/dobot_msgs_v4/include/dobot_msgs_v4/dobot_msgs_v4/srv/detail/rel_mov_l_user__rosidl_typesupport_introspection_cpp.hpp
[1.556s] -- Up-to-date: /home/user/dobot_ws/install/dobot_msgs_v4/include/dobot_msgs_v4/dobot_msgs_v4/srv/detail/fc_off__type_support.cpp
[1.556s] -- Up-to-date: /home/user/dobot_ws/install/dobot_msgs_v4/include/dobot_msgs_v4/dobot_msgs_v4/srv/detail/emergency_stop__type_support.cpp
[1.556s] -- Up-to-date: /home/user/dobot_ws/install/dobot_msgs_v4/include/dobot_msgs_v4/dobot_msgs_v4/srv/detail/set_work_zone_enable__type_support.cpp
[1.556s] -- Up-to-date: /home/user/dobot_ws/install/dobot_msgs_v4/include/dobot_msgs_v4/dobot_msgs_v4/srv/detail/modbus_rtu_create__rosidl_typesupport_introspection_cpp.hpp
[1.556s] -- Up-to-date: /home/user/dobot_ws/install/dobot_msgs_v4/include/dobot_msgs_v4/dobot_msgs_v4/srv/detail/pause__rosidl_typesupport_introspection_cpp.hpp
[1.556s] -- Up-to-date: /home/user/dobot_ws/install/dobot_msgs_v4/include/dobot_msgs_v4/dobot_msgs_v4/srv/detail/clear_error__type_support.cpp
[1.556s] -- Up-to-date: /home/user/dobot_ws/install/dobot_msgs_v4/include/dobot_msgs_v4/dobot_msgs_v4/srv/detail/set_tool_power__type_support.cpp
[1.556s] -- Up-to-date: /home/user/dobot_ws/install/dobot_msgs_v4/include/dobot_msgs_v4/dobot_msgs_v4/srv/detail/modbus_create__rosidl_typesupport_introspection_cpp.hpp
[1.556s] -- Up-to-date: /home/user/dobot_ws/install/dobot_msgs_v4/include/dobot_msgs_v4/dobot_msgs_v4/srv/detail/get_force__type_support.cpp
[1.556s] -- Up-to-date: /home/user/dobot_ws/install/dobot_msgs_v4/include/dobot_msgs_v4/dobot_msgs_v4/srv/detail/arc__type_support.cpp
[1.556s] -- Up-to-date: /home/user/dobot_ws/install/dobot_msgs_v4/include/dobot_msgs_v4/dobot_msgs_v4/srv/detail/fc_force_mode__type_support.cpp
[1.556s] -- Up-to-date: /home/user/dobot_ws/install/dobot_msgs_v4/include/dobot_msgs_v4/dobot_msgs_v4/srv/detail/run_script__rosidl_typesupport_introspection_cpp.hpp
[1.556s] -- Up-to-date: /home/user/dobot_ws/install/dobot_msgs_v4/include/dobot_msgs_v4/dobot_msgs_v4/srv/detail/set_collision_level__type_support.cpp
[1.556s] -- Up-to-date: /home/user/dobot_ws/install/dobot_msgs_v4/include/dobot_msgs_v4/dobot_msgs_v4/srv/detail/stop__rosidl_typesupport_introspection_cpp.hpp
[1.557s] -- Up-to-date: /home/user/dobot_ws/install/dobot_msgs_v4/include/dobot_msgs_v4/dobot_msgs_v4/srv/detail/get_output_int__rosidl_typesupport_introspection_cpp.hpp
[1.557s] -- Up-to-date: /home/user/dobot_ws/install/dobot_msgs_v4/include/dobot_msgs_v4/dobot_msgs_v4/srv/detail/fc_set_stiffness__type_support.cpp
[1.557s] -- Up-to-date: /home/user/dobot_ws/install/dobot_msgs_v4/include/dobot_msgs_v4/dobot_msgs_v4/srv/detail/get_input_int__type_support.cpp
[1.557s] -- Up-to-date: /home/user/dobot_ws/install/dobot_msgs_v4/include/dobot_msgs_v4/dobot_msgs_v4/srv/detail/get_angle__type_support.cpp
[1.557s] -- Up-to-date: /home/user/dobot_ws/install/dobot_msgs_v4/include/dobot_msgs_v4/dobot_msgs_v4/srv/detail/user__type_support.cpp
[1.557s] -- Up-to-date: /home/user/dobot_ws/install/dobot_msgs_v4/include/dobot_msgs_v4/dobot_msgs_v4/srv/detail/fc_collision_switch__rosidl_typesupport_introspection_cpp.hpp
[1.557s] -- Up-to-date: /home/user/dobot_ws/install/dobot_msgs_v4/include/dobot_msgs_v4/dobot_msgs_v4/srv/detail/get_input_int__rosidl_typesupport_introspection_cpp.hpp
[1.557s] -- Up-to-date: /home/user/dobot_ws/install/dobot_msgs_v4/include/dobot_msgs_v4/dobot_msgs_v4/srv/detail/set_tool_power__rosidl_typesupport_introspection_cpp.hpp
[1.557s] -- Up-to-date: /home/user/dobot_ws/install/dobot_msgs_v4/include/dobot_msgs_v4/dobot_msgs_v4/srv/detail/stop_drag__rosidl_typesupport_introspection_cpp.hpp
[1.557s] -- Up-to-date: /home/user/dobot_ws/install/dobot_msgs_v4/include/dobot_msgs_v4/dobot_msgs_v4/srv/detail/drag_sensivity__rosidl_typesupport_introspection_cpp.hpp
[1.557s] -- Up-to-date: /home/user/dobot_ws/install/dobot_msgs_v4/include/dobot_msgs_v4/dobot_msgs_v4/srv/detail/do__rosidl_typesupport_introspection_cpp.hpp
[1.557s] -- Up-to-date: /home/user/dobot_ws/install/dobot_msgs_v4/include/dobot_msgs_v4/dobot_msgs_v4/srv/detail/set_safe_wall_enable__type_support.cpp
[1.557s] -- Up-to-date: /home/user/dobot_ws/install/dobot_msgs_v4/include/dobot_msgs_v4/dobot_msgs_v4/srv/detail/rel_joint_mov_j__rosidl_typesupport_introspection_cpp.hpp
[1.557s] -- Up-to-date: /home/user/dobot_ws/install/dobot_msgs_v4/include/dobot_msgs_v4/dobot_msgs_v4/srv/detail/ao_instant__type_support.cpp
[1.557s] -- Up-to-date: /home/user/dobot_ws/install/dobot_msgs_v4/include/dobot_msgs_v4/dobot_msgs_v4/srv/detail/set_output_bool__rosidl_typesupport_introspection_cpp.hpp
[1.557s] -- Up-to-date: /home/user/dobot_ws/install/dobot_msgs_v4/include/dobot_msgs_v4/dobot_msgs_v4/srv/detail/get_error_id__rosidl_typesupport_introspection_cpp.hpp
[1.557s] -- Up-to-date: /home/user/dobot_ws/install/dobot_msgs_v4/include/dobot_msgs_v4/dobot_msgs_v4/srv/detail/set_post_collision_mode__type_support.cpp
[1.558s] -- Up-to-date: /home/user/dobot_ws/install/dobot_msgs_v4/include/dobot_msgs_v4/dobot_msgs_v4/srv/detail/enable_ft_sensor__rosidl_typesupport_introspection_cpp.hpp
[1.558s] -- Up-to-date: /home/user/dobot_ws/install/dobot_msgs_v4/include/dobot_msgs_v4/dobot_msgs_v4/srv/detail/start_rt_offset__rosidl_typesupport_introspection_cpp.hpp
[1.558s] -- Up-to-date: /home/user/dobot_ws/install/dobot_msgs_v4/include/dobot_msgs_v4/dobot_msgs_v4/srv/detail/get_input_bool__rosidl_typesupport_introspection_cpp.hpp
[1.558s] -- Up-to-date: /home/user/dobot_ws/install/dobot_msgs_v4/include/dobot_msgs_v4/dobot_msgs_v4/srv/detail/rel_joint_mov_j__type_support.cpp
[1.558s] -- Up-to-date: /home/user/dobot_ws/install/dobot_msgs_v4/include/dobot_msgs_v4/dobot_msgs_v4/srv/detail/mov_lio__type_support.cpp
[1.558s] -- Up-to-date: /home/user/dobot_ws/install/dobot_msgs_v4/include/dobot_msgs_v4/dobot_msgs_v4/srv/detail/tool_do_instant__type_support.cpp
[1.558s] -- Up-to-date: /home/user/dobot_ws/install/dobot_msgs_v4/include/dobot_msgs_v4/dobot_msgs_v4/srv/detail/get_in_bits__type_support.cpp
[1.558s] -- Up-to-date: /home/user/dobot_ws/install/dobot_msgs_v4/include/dobot_msgs_v4/dobot_msgs_v4/srv/detail/set_payload__rosidl_typesupport_introspection_cpp.hpp
[1.558s] -- Up-to-date: /home/user/dobot_ws/install/dobot_msgs_v4/include/dobot_msgs_v4/dobot_msgs_v4/srv/detail/vel_j__type_support.cpp
[1.558s] -- Up-to-date: /home/user/dobot_ws/install/dobot_msgs_v4/include/dobot_msgs_v4/dobot_msgs_v4/srv/detail/get_output_bool__type_support.cpp
[1.559s] -- Up-to-date: /home/user/dobot_ws/install/dobot_msgs_v4/include/dobot_msgs_v4/dobot_msgs_v4/srv/detail/robot_mode__type_support.cpp
[1.559s] -- Up-to-date: /home/user/dobot_ws/install/dobot_msgs_v4/include/dobot_msgs_v4/dobot_msgs_v4/srv/detail/enable_robot__rosidl_typesupport_introspection_cpp.hpp
[1.559s] -- Up-to-date: /home/user/dobot_ws/install/dobot_msgs_v4/include/dobot_msgs_v4/dobot_msgs_v4/srv/detail/calc_tool__type_support.cpp
[1.559s] -- Up-to-date: /home/user/dobot_ws/install/dobot_msgs_v4/include/dobot_msgs_v4/dobot_msgs_v4/srv/detail/fc_set_mass__rosidl_typesupport_introspection_cpp.hpp
[1.559s] -- Up-to-date: /home/user/dobot_ws/install/dobot_msgs_v4/include/dobot_msgs_v4/dobot_msgs_v4/srv/detail/six_force_home__rosidl_typesupport_introspection_cpp.hpp
[1.559s] -- Up-to-date: /home/user/dobot_ws/install/dobot_msgs_v4/include/dobot_msgs_v4/dobot_msgs_v4/srv/detail/di_group_dec__type_support.cpp
[1.559s] -- Up-to-date: /home/user/dobot_ws/install/dobot_msgs_v4/include/dobot_msgs_v4/dobot_msgs_v4/srv/detail/get_input_bool__type_support.cpp
[1.559s] -- Up-to-date: /home/user/dobot_ws/install/dobot_msgs_v4/include/dobot_msgs_v4/dobot_msgs_v4/srv/detail/pause__type_support.cpp
[1.559s] -- Up-to-date: /home/user/dobot_ws/install/dobot_msgs_v4/include/dobot_msgs_v4/dobot_msgs_v4/srv/detail/set_output_int__rosidl_typesupport_introspection_cpp.hpp
[1.559s] -- Up-to-date: /home/user/dobot_ws/install/dobot_msgs_v4/include/dobot_msgs_v4/dobot_msgs_v4/srv/detail/mov_l__type_support.cpp
[1.559s] -- Up-to-date: /home/user/dobot_ws/install/dobot_msgs_v4/include/dobot_msgs_v4/dobot_msgs_v4/srv/detail/get_error__rosidl_typesupport_introspection_cpp.hpp
[1.559s] -- Up-to-date: /home/user/dobot_ws/install/dobot_msgs_v4/include/dobot_msgs_v4/dobot_msgs_v4/srv/detail/do_group__rosidl_typesupport_introspection_cpp.hpp
[1.559s] -- Up-to-date: /home/user/dobot_ws/install/dobot_msgs_v4/include/dobot_msgs_v4/dobot_msgs_v4/srv/detail/di_group__type_support.cpp
[1.559s] -- Up-to-date: /home/user/dobot_ws/install/dobot_msgs_v4/include/dobot_msgs_v4/dobot_msgs_v4/srv/detail/emergency_stop__rosidl_typesupport_introspection_cpp.hpp
[1.559s] -- Up-to-date: /home/user/dobot_ws/install/dobot_msgs_v4/include/dobot_msgs_v4/dobot_msgs_v4/srv/detail/stop_drag__type_support.cpp
[1.560s] -- Up-to-date: /home/user/dobot_ws/install/dobot_msgs_v4/include/dobot_msgs_v4/dobot_msgs_v4/srv/detail/fc_set_force_speed_limit__rosidl_typesupport_introspection_cpp.hpp
[1.560s] -- Up-to-date: /home/user/dobot_ws/install/dobot_msgs_v4/include/dobot_msgs_v4/dobot_msgs_v4/srv/detail/fc_set_deviation__type_support.cpp
[1.560s] -- Up-to-date: /home/user/dobot_ws/install/dobot_msgs_v4/include/dobot_msgs_v4/dobot_msgs_v4/srv/detail/set_tool_mode__rosidl_typesupport_introspection_cpp.hpp
[1.560s] -- Up-to-date: /home/user/dobot_ws/install/dobot_msgs_v4/lib/libdobot_msgs_v4__rosidl_typesupport_introspection_cpp.so
[1.560s] -- Up-to-date: /home/user/dobot_ws/install/dobot_msgs_v4/lib/libdobot_msgs_v4__rosidl_typesupport_cpp.so
[1.560s] -- Up-to-date: /home/user/dobot_ws/install/dobot_msgs_v4/share/dobot_msgs_v4/environment/pythonpath.sh
[1.560s] -- Up-to-date: /home/user/dobot_ws/install/dobot_msgs_v4/share/dobot_msgs_v4/environment/pythonpath.dsv
[1.560s] -- Up-to-date: /home/user/dobot_ws/install/dobot_msgs_v4/local/lib/python3.10/dist-packages/dobot_msgs_v4-0.0.0-py3.10.egg-info
[1.560s] -- Installing: /home/user/dobot_ws/install/dobot_msgs_v4/local/lib/python3.10/dist-packages/dobot_msgs_v4-0.0.0-py3.10.egg-info/SOURCES.txt
[1.560s] -- Installing: /home/user/dobot_ws/install/dobot_msgs_v4/local/lib/python3.10/dist-packages/dobot_msgs_v4-0.0.0-py3.10.egg-info/top_level.txt
[1.560s] -- Installing: /home/user/dobot_ws/install/dobot_msgs_v4/local/lib/python3.10/dist-packages/dobot_msgs_v4-0.0.0-py3.10.egg-info/PKG-INFO
[1.561s] -- Installing: /home/user/dobot_ws/install/dobot_msgs_v4/local/lib/python3.10/dist-packages/dobot_msgs_v4-0.0.0-py3.10.egg-info/dependency_links.txt
[1.561s] -- Up-to-date: /home/user/dobot_ws/install/dobot_msgs_v4/local/lib/python3.10/dist-packages/dobot_msgs_v4
[1.561s] -- Up-to-date: /home/user/dobot_ws/install/dobot_msgs_v4/local/lib/python3.10/dist-packages/dobot_msgs_v4/libdobot_msgs_v4__rosidl_generator_py.so
[1.561s] -- Up-to-date: /home/user/dobot_ws/install/dobot_msgs_v4/local/lib/python3.10/dist-packages/dobot_msgs_v4/msg
[1.561s] -- Up-to-date: /home/user/dobot_ws/install/dobot_msgs_v4/local/lib/python3.10/dist-packages/dobot_msgs_v4/msg/_tool_vector_actual_s.c
[1.561s] -- Up-to-date: /home/user/dobot_ws/install/dobot_msgs_v4/local/lib/python3.10/dist-packages/dobot_msgs_v4/msg/_robot_status.py
[1.561s] -- Up-to-date: /home/user/dobot_ws/install/dobot_msgs_v4/local/lib/python3.10/dist-packages/dobot_msgs_v4/msg/_tool_vector_actual.py
[1.561s] -- Up-to-date: /home/user/dobot_ws/install/dobot_msgs_v4/local/lib/python3.10/dist-packages/dobot_msgs_v4/msg/__init__.py
[1.561s] -- Up-to-date: /home/user/dobot_ws/install/dobot_msgs_v4/local/lib/python3.10/dist-packages/dobot_msgs_v4/msg/_robot_status_s.c
[1.561s] -- Up-to-date: /home/user/dobot_ws/install/dobot_msgs_v4/local/lib/python3.10/dist-packages/dobot_msgs_v4/_dobot_msgs_v4_s.ep.rosidl_typesupport_introspection_c.c
[1.561s] -- Up-to-date: /home/user/dobot_ws/install/dobot_msgs_v4/local/lib/python3.10/dist-packages/dobot_msgs_v4/dobot_msgs_v4_s__rosidl_typesupport_c.cpython-310-x86_64-linux-gnu.so
[1.561s] -- Up-to-date: /home/user/dobot_ws/install/dobot_msgs_v4/local/lib/python3.10/dist-packages/dobot_msgs_v4/__init__.py
[1.561s] -- Up-to-date: /home/user/dobot_ws/install/dobot_msgs_v4/local/lib/python3.10/dist-packages/dobot_msgs_v4/_dobot_msgs_v4_s.ep.rosidl_typesupport_fastrtps_c.c
[1.561s] -- Up-to-date: /home/user/dobot_ws/install/dobot_msgs_v4/local/lib/python3.10/dist-packages/dobot_msgs_v4/dobot_msgs_v4_s__rosidl_typesupport_introspection_c.cpython-310-x86_64-linux-gnu.so
[1.561s] -- Up-to-date: /home/user/dobot_ws/install/dobot_msgs_v4/local/lib/python3.10/dist-packages/dobot_msgs_v4/srv
[1.561s] -- Up-to-date: /home/user/dobot_ws/install/dobot_msgs_v4/local/lib/python3.10/dist-packages/dobot_msgs_v4/srv/_set_coils.py
[1.561s] -- Up-to-date: /home/user/dobot_ws/install/dobot_msgs_v4/local/lib/python3.10/dist-packages/dobot_msgs_v4/srv/_get_input_bool_s.c
[1.561s] -- Up-to-date: /home/user/dobot_ws/install/dobot_msgs_v4/local/lib/python3.10/dist-packages/dobot_msgs_v4/srv/_get_coils_s.c
[1.561s] -- Up-to-date: /home/user/dobot_ws/install/dobot_msgs_v4/local/lib/python3.10/dist-packages/dobot_msgs_v4/srv/_check_odd_mov_j_s.c
[1.561s] -- Up-to-date: /home/user/dobot_ws/install/dobot_msgs_v4/local/lib/python3.10/dist-packages/dobot_msgs_v4/srv/_acc_j_s.c
[1.561s] -- Up-to-date: /home/user/dobot_ws/install/dobot_msgs_v4/local/lib/python3.10/dist-packages/dobot_msgs_v4/srv/_enable_ft_sensor_s.c
[1.561s] -- Up-to-date: /home/user/dobot_ws/install/dobot_msgs_v4/local/lib/python3.10/dist-packages/dobot_msgs_v4/srv/_calc_user_s.c
[1.561s] -- Up-to-date: /home/user/dobot_ws/install/dobot_msgs_v4/local/lib/python3.10/dist-packages/dobot_msgs_v4/srv/_mov_lio.py
[1.562s] -- Up-to-date: /home/user/dobot_ws/install/dobot_msgs_v4/local/lib/python3.10/dist-packages/dobot_msgs_v4/srv/_get_output_bool_s.c
[1.562s] -- Up-to-date: /home/user/dobot_ws/install/dobot_msgs_v4/local/lib/python3.10/dist-packages/dobot_msgs_v4/srv/_ao.py
[1.562s] -- Up-to-date: /home/user/dobot_ws/install/dobot_msgs_v4/local/lib/python3.10/dist-packages/dobot_msgs_v4/srv/_cp.py
[1.562s] -- Up-to-date: /home/user/dobot_ws/install/dobot_msgs_v4/local/lib/python3.10/dist-packages/dobot_msgs_v4/srv/_ao_s.c
[1.562s] -- Up-to-date: /home/user/dobot_ws/install/dobot_msgs_v4/local/lib/python3.10/dist-packages/dobot_msgs_v4/srv/_tool_do_instant.py
[1.562s] -- Up-to-date: /home/user/dobot_ws/install/dobot_msgs_v4/local/lib/python3.10/dist-packages/dobot_msgs_v4/srv/_enable_robot_s.c
[1.562s] -- Up-to-date: /home/user/dobot_ws/install/dobot_msgs_v4/local/lib/python3.10/dist-packages/dobot_msgs_v4/srv/_inverse_solution.py
[1.562s] -- Up-to-date: /home/user/dobot_ws/install/dobot_msgs_v4/local/lib/python3.10/dist-packages/dobot_msgs_v4/srv/_enable_robot.py
[1.562s] -- Up-to-date: /home/user/dobot_ws/install/dobot_msgs_v4/local/lib/python3.10/dist-packages/dobot_msgs_v4/srv/_get_output_float_s.c
[1.562s] -- Up-to-date: /home/user/dobot_ws/install/dobot_msgs_v4/local/lib/python3.10/dist-packages/dobot_msgs_v4/srv/_vel_j_s.c
[1.562s] -- Up-to-date: /home/user/dobot_ws/install/dobot_msgs_v4/local/lib/python3.10/dist-packages/dobot_msgs_v4/srv/_start_rt_offset.py
[1.562s] -- Up-to-date: /home/user/dobot_ws/install/dobot_msgs_v4/local/lib/python3.10/dist-packages/dobot_msgs_v4/srv/_mov_j.py
[1.562s] -- Up-to-date: /home/user/dobot_ws/install/dobot_msgs_v4/local/lib/python3.10/dist-packages/dobot_msgs_v4/srv/_fc_set_force_s.c
[1.562s] -- Up-to-date: /home/user/dobot_ws/install/dobot_msgs_v4/local/lib/python3.10/dist-packages/dobot_msgs_v4/srv/_get_in_regs_s.c
[1.562s] -- Up-to-date: /home/user/dobot_ws/install/dobot_msgs_v4/local/lib/python3.10/dist-packages/dobot_msgs_v4/srv/_get_ao_s.c
[1.562s] -- Up-to-date: /home/user/dobot_ws/install/dobot_msgs_v4/local/lib/python3.10/dist-packages/dobot_msgs_v4/srv/_set_post_collision_mode_s.c
[1.562s] -- Up-to-date: /home/user/dobot_ws/install/dobot_msgs_v4/local/lib/python3.10/dist-packages/dobot_msgs_v4/srv/_set_hold_regs.py
[1.562s] -- Up-to-date: /home/user/dobot_ws/install/dobot_msgs_v4/local/lib/python3.10/dist-packages/dobot_msgs_v4/srv/_set_tool485_s.c
[1.562s] -- Up-to-date: /home/user/dobot_ws/install/dobot_msgs_v4/local/lib/python3.10/dist-packages/dobot_msgs_v4/srv/_acc_l.py
[1.562s] -- Up-to-date: /home/user/dobot_ws/install/dobot_msgs_v4/local/lib/python3.10/dist-packages/dobot_msgs_v4/srv/_continue_s.c
[1.562s] -- Up-to-date: /home/user/dobot_ws/install/dobot_msgs_v4/local/lib/python3.10/dist-packages/dobot_msgs_v4/srv/_fc_set_force_speed_limit_s.c
[1.562s] -- Up-to-date: /home/user/dobot_ws/install/dobot_msgs_v4/local/lib/python3.10/dist-packages/dobot_msgs_v4/srv/_do_group_s.c
[1.563s] -- Up-to-date: /home/user/dobot_ws/install/dobot_msgs_v4/local/lib/python3.10/dist-packages/dobot_msgs_v4/srv/_fc_set_deviation_s.c
[1.563s] -- Up-to-date: /home/user/dobot_ws/install/dobot_msgs_v4/local/lib/python3.10/dist-packages/dobot_msgs_v4/srv/_calc_tool.py
[1.563s] -- Up-to-date: /home/user/dobot_ws/install/dobot_msgs_v4/local/lib/python3.10/dist-packages/dobot_msgs_v4/srv/_ai.py
[1.563s] -- Up-to-date: /home/user/dobot_ws/install/dobot_msgs_v4/local/lib/python3.10/dist-packages/dobot_msgs_v4/srv/_di_group.py
[1.563s] -- Up-to-date: /home/user/dobot_ws/install/dobot_msgs_v4/local/lib/python3.10/dist-packages/dobot_msgs_v4/srv/_mov_jio_s.c
[1.563s] -- Up-to-date: /home/user/dobot_ws/install/dobot_msgs_v4/local/lib/python3.10/dist-packages/dobot_msgs_v4/srv/_rel_mov_l_user.py
[1.563s] -- Up-to-date: /home/user/dobot_ws/install/dobot_msgs_v4/local/lib/python3.10/dist-packages/dobot_msgs_v4/srv/_get_do_group_dec_s.c
[1.563s] -- Up-to-date: /home/user/dobot_ws/install/dobot_msgs_v4/local/lib/python3.10/dist-packages/dobot_msgs_v4/srv/_rel_mov_j_tool_s.c
[1.563s] -- Up-to-date: /home/user/dobot_ws/install/dobot_msgs_v4/local/lib/python3.10/dist-packages/dobot_msgs_v4/srv/_fc_collision_switch.py
[1.563s] -- Up-to-date: /home/user/dobot_ws/install/dobot_msgs_v4/local/lib/python3.10/dist-packages/dobot_msgs_v4/srv/_positive_kin_s.c
[1.563s] -- Up-to-date: /home/user/dobot_ws/install/dobot_msgs_v4/local/lib/python3.10/dist-packages/dobot_msgs_v4/srv/_modbus_close.py
[1.563s] -- Up-to-date: /home/user/dobot_ws/install/dobot_msgs_v4/local/lib/python3.10/dist-packages/dobot_msgs_v4/srv/_get_angle_s.c
[1.563s] -- Up-to-date: /home/user/dobot_ws/install/dobot_msgs_v4/local/lib/python3.10/dist-packages/dobot_msgs_v4/srv/_pause.py
[1.563s] -- Up-to-date: /home/user/dobot_ws/install/dobot_msgs_v4/local/lib/python3.10/dist-packages/dobot_msgs_v4/srv/_end_rt_offset.py
[1.563s] -- Up-to-date: /home/user/dobot_ws/install/dobot_msgs_v4/local/lib/python3.10/dist-packages/dobot_msgs_v4/srv/_rel_mov_l_tool.py
[1.563s] -- Up-to-date: /home/user/dobot_ws/install/dobot_msgs_v4/local/lib/python3.10/dist-packages/dobot_msgs_v4/srv/_ao_instant_s.c
[1.563s] -- Up-to-date: /home/user/dobot_ws/install/dobot_msgs_v4/local/lib/python3.10/dist-packages/dobot_msgs_v4/srv/_get_in_bits.py
[1.563s] -- Up-to-date: /home/user/dobot_ws/install/dobot_msgs_v4/local/lib/python3.10/dist-packages/dobot_msgs_v4/srv/_set_tool_mode_s.c
[1.563s] -- Up-to-date: /home/user/dobot_ws/install/dobot_msgs_v4/local/lib/python3.10/dist-packages/dobot_msgs_v4/srv/_power_on_s.c
[1.563s] -- Up-to-date: /home/user/dobot_ws/install/dobot_msgs_v4/local/lib/python3.10/dist-packages/dobot_msgs_v4/srv/_set_back_distance.py
[1.563s] -- Up-to-date: /home/user/dobot_ws/install/dobot_msgs_v4/local/lib/python3.10/dist-packages/dobot_msgs_v4/srv/_set_user.py
[1.564s] -- Up-to-date: /home/user/dobot_ws/install/dobot_msgs_v4/local/lib/python3.10/dist-packages/dobot_msgs_v4/srv/_fc_set_damping.py
[1.564s] -- Up-to-date: /home/user/dobot_ws/install/dobot_msgs_v4/local/lib/python3.10/dist-packages/dobot_msgs_v4/srv/_start_path.py
[1.564s] -- Up-to-date: /home/user/dobot_ws/install/dobot_msgs_v4/local/lib/python3.10/dist-packages/dobot_msgs_v4/srv/_set_user_s.c
[1.564s] -- Up-to-date: /home/user/dobot_ws/install/dobot_msgs_v4/local/lib/python3.10/dist-packages/dobot_msgs_v4/srv/_clear_error.py
[1.564s] -- Up-to-date: /home/user/dobot_ws/install/dobot_msgs_v4/local/lib/python3.10/dist-packages/dobot_msgs_v4/srv/_robot_mode_s.c
[1.564s] -- Up-to-date: /home/user/dobot_ws/install/dobot_msgs_v4/local/lib/python3.10/dist-packages/dobot_msgs_v4/srv/_stop_move_jog.py
[1.564s] -- Up-to-date: /home/user/dobot_ws/install/dobot_msgs_v4/local/lib/python3.10/dist-packages/dobot_msgs_v4/srv/_check_odd_mov_c.py
[1.564s] -- Up-to-date: /home/user/dobot_ws/install/dobot_msgs_v4/local/lib/python3.10/dist-packages/dobot_msgs_v4/srv/_ao_instant.py
[1.564s] -- Up-to-date: /home/user/dobot_ws/install/dobot_msgs_v4/local/lib/python3.10/dist-packages/dobot_msgs_v4/srv/_force_drive_mode.py
[1.564s] -- Up-to-date: /home/user/dobot_ws/install/dobot_msgs_v4/local/lib/python3.10/dist-packages/dobot_msgs_v4/srv/_set_back_distance_s.c
[1.564s] -- Up-to-date: /home/user/dobot_ws/install/dobot_msgs_v4/local/lib/python3.10/dist-packages/dobot_msgs_v4/srv/_modbus_create.py
[1.564s] -- Up-to-date: /home/user/dobot_ws/install/dobot_msgs_v4/local/lib/python3.10/dist-packages/dobot_msgs_v4/srv/_get_angle.py
[1.564s] -- Up-to-date: /home/user/dobot_ws/install/dobot_msgs_v4/local/lib/python3.10/dist-packages/dobot_msgs_v4/srv/_get_pose_s.c
[1.565s] -- Up-to-date: /home/user/dobot_ws/install/dobot_msgs_v4/local/lib/python3.10/dist-packages/dobot_msgs_v4/srv/_get_do_s.c
[1.565s] -- Up-to-date: /home/user/dobot_ws/install/dobot_msgs_v4/local/lib/python3.10/dist-packages/dobot_msgs_v4/srv/_fc_set_force_limit_s.c
[1.565s] -- Up-to-date: /home/user/dobot_ws/install/dobot_msgs_v4/local/lib/python3.10/dist-packages/dobot_msgs_v4/srv/_get_do_group_dec.py
[1.565s] -- Up-to-date: /home/user/dobot_ws/install/dobot_msgs_v4/local/lib/python3.10/dist-packages/dobot_msgs_v4/srv/_set_tool_power.py
[1.565s] -- Up-to-date: /home/user/dobot_ws/install/dobot_msgs_v4/local/lib/python3.10/dist-packages/dobot_msgs_v4/srv/_get_hold_regs.py
[1.565s] -- Up-to-date: /home/user/dobot_ws/install/dobot_msgs_v4/local/lib/python3.10/dist-packages/dobot_msgs_v4/srv/_move_jog_s.c
[1.565s] -- Up-to-date: /home/user/dobot_ws/install/dobot_msgs_v4/local/lib/python3.10/dist-packages/dobot_msgs_v4/srv/_calc_user.py
[1.565s] -- Up-to-date: /home/user/dobot_ws/install/dobot_msgs_v4/local/lib/python3.10/dist-packages/dobot_msgs_v4/srv/_servo_j.py
[1.565s] -- Up-to-date: /home/user/dobot_ws/install/dobot_msgs_v4/local/lib/python3.10/dist-packages/dobot_msgs_v4/srv/_force_drive_speed.py
[1.565s] -- Up-to-date: /home/user/dobot_ws/install/dobot_msgs_v4/local/lib/python3.10/dist-packages/dobot_msgs_v4/srv/_get_output_bool.py
[1.565s] -- Up-to-date: /home/user/dobot_ws/install/dobot_msgs_v4/local/lib/python3.10/dist-packages/dobot_msgs_v4/srv/_set_output_float.py
[1.565s] -- Up-to-date: /home/user/dobot_ws/install/dobot_msgs_v4/local/lib/python3.10/dist-packages/dobot_msgs_v4/srv/_modbus_create_s.c
[1.565s] -- Up-to-date: /home/user/dobot_ws/install/dobot_msgs_v4/local/lib/python3.10/dist-packages/dobot_msgs_v4/srv/_brake_control.py
[1.565s] -- Up-to-date: /home/user/dobot_ws/install/dobot_msgs_v4/local/lib/python3.10/dist-packages/dobot_msgs_v4/srv/_do_group_dec_s.c
[1.565s] -- Up-to-date: /home/user/dobot_ws/install/dobot_msgs_v4/local/lib/python3.10/dist-packages/dobot_msgs_v4/srv/_get_output_float.py
[1.565s] -- Up-to-date: /home/user/dobot_ws/install/dobot_msgs_v4/local/lib/python3.10/dist-packages/dobot_msgs_v4/srv/_set_tool_mode.py
[1.565s] -- Up-to-date: /home/user/dobot_ws/install/dobot_msgs_v4/local/lib/python3.10/dist-packages/dobot_msgs_v4/srv/_get_input_float.py
[1.565s] -- Up-to-date: /home/user/dobot_ws/install/dobot_msgs_v4/local/lib/python3.10/dist-packages/dobot_msgs_v4/srv/_tool_ai.py
[1.565s] -- Up-to-date: /home/user/dobot_ws/install/dobot_msgs_v4/local/lib/python3.10/dist-packages/dobot_msgs_v4/srv/_get_force_s.c
[1.566s] -- Up-to-date: /home/user/dobot_ws/install/dobot_msgs_v4/local/lib/python3.10/dist-packages/dobot_msgs_v4/srv/_set_output_bool.py
[1.566s] -- Up-to-date: /home/user/dobot_ws/install/dobot_msgs_v4/local/lib/python3.10/dist-packages/dobot_msgs_v4/srv/_set_fc_collision.py
[1.566s] -- Up-to-date: /home/user/dobot_ws/install/dobot_msgs_v4/local/lib/python3.10/dist-packages/dobot_msgs_v4/srv/_modbus_close_s.c
[1.566s] -- Up-to-date: /home/user/dobot_ws/install/dobot_msgs_v4/local/lib/python3.10/dist-packages/dobot_msgs_v4/srv/_stop_drag_s.c
[1.566s] -- Up-to-date: /home/user/dobot_ws/install/dobot_msgs_v4/local/lib/python3.10/dist-packages/dobot_msgs_v4/srv/_set_output_int_s.c
[1.566s] -- Up-to-date: /home/user/dobot_ws/install/dobot_msgs_v4/local/lib/python3.10/dist-packages/dobot_msgs_v4/srv/_tool_ai_s.c
[1.566s] -- Up-to-date: /home/user/dobot_ws/install/dobot_msgs_v4/local/lib/python3.10/dist-packages/dobot_msgs_v4/srv/_rel_mov_j_user_s.c
[1.566s] -- Up-to-date: /home/user/dobot_ws/install/dobot_msgs_v4/local/lib/python3.10/dist-packages/dobot_msgs_v4/srv/_fc_collision_switch_s.c
[1.566s] -- Up-to-date: /home/user/dobot_ws/install/dobot_msgs_v4/local/lib/python3.10/dist-packages/dobot_msgs_v4/srv/_drag_sensivity.py
[1.566s] -- Up-to-date: /home/user/dobot_ws/install/dobot_msgs_v4/local/lib/python3.10/dist-packages/dobot_msgs_v4/srv/_start_drag.py
[1.566s] -- Up-to-date: /home/user/dobot_ws/install/dobot_msgs_v4/local/lib/python3.10/dist-packages/dobot_msgs_v4/srv/_check_odd_mov_l_s.c
[1.566s] -- Up-to-date: /home/user/dobot_ws/install/dobot_msgs_v4/local/lib/python3.10/dist-packages/dobot_msgs_v4/srv/_set_fc_collision_s.c
[1.566s] -- Up-to-date: /home/user/dobot_ws/install/dobot_msgs_v4/local/lib/python3.10/dist-packages/dobot_msgs_v4/srv/_di_group_dec_s.c
[1.566s] -- Up-to-date: /home/user/dobot_ws/install/dobot_msgs_v4/local/lib/python3.10/dist-packages/dobot_msgs_v4/srv/_set_hold_regs_s.c
[1.566s] -- Up-to-date: /home/user/dobot_ws/install/dobot_msgs_v4/local/lib/python3.10/dist-packages/dobot_msgs_v4/srv/_fc_set_stiffness_s.c
[1.566s] -- Up-to-date: /home/user/dobot_ws/install/dobot_msgs_v4/local/lib/python3.10/dist-packages/dobot_msgs_v4/srv/_tool_s.c
[1.566s] -- Up-to-date: /home/user/dobot_ws/install/dobot_msgs_v4/local/lib/python3.10/dist-packages/dobot_msgs_v4/srv/_request_control.py
[1.566s] -- Up-to-date: /home/user/dobot_ws/install/dobot_msgs_v4/local/lib/python3.10/dist-packages/dobot_msgs_v4/srv/_di_group_dec.py
[1.566s] -- Up-to-date: /home/user/dobot_ws/install/dobot_msgs_v4/local/lib/python3.10/dist-packages/dobot_msgs_v4/srv/_get_tool_do_s.c
[1.566s] -- Up-to-date: /home/user/dobot_ws/install/dobot_msgs_v4/local/lib/python3.10/dist-packages/dobot_msgs_v4/srv/_vel_l.py
[1.566s] -- Up-to-date: /home/user/dobot_ws/install/dobot_msgs_v4/local/lib/python3.10/dist-packages/dobot_msgs_v4/srv/_start_path_s.c
[1.566s] -- Up-to-date: /home/user/dobot_ws/install/dobot_msgs_v4/local/lib/python3.10/dist-packages/dobot_msgs_v4/srv/_rel_mov_l_tool_s.c
[1.566s] -- Up-to-date: /home/user/dobot_ws/install/dobot_msgs_v4/local/lib/python3.10/dist-packages/dobot_msgs_v4/srv/_get_input_int_s.c
[1.567s] -- Up-to-date: /home/user/dobot_ws/install/dobot_msgs_v4/local/lib/python3.10/dist-packages/dobot_msgs_v4/srv/_set_output_int.py
[1.567s] -- Up-to-date: /home/user/dobot_ws/install/dobot_msgs_v4/local/lib/python3.10/dist-packages/dobot_msgs_v4/srv/_check_odd_mov_j.py
[1.567s] -- Up-to-date: /home/user/dobot_ws/install/dobot_msgs_v4/local/lib/python3.10/dist-packages/dobot_msgs_v4/srv/_ai_s.c
[1.567s] -- Up-to-date: /home/user/dobot_ws/install/dobot_msgs_v4/local/lib/python3.10/dist-packages/dobot_msgs_v4/srv/_fc_set_force.py
[1.567s] -- Up-to-date: /home/user/dobot_ws/install/dobot_msgs_v4/local/lib/python3.10/dist-packages/dobot_msgs_v4/srv/_get_error.py
[1.567s] -- Up-to-date: /home/user/dobot_ws/install/dobot_msgs_v4/local/lib/python3.10/dist-packages/dobot_msgs_v4/srv/_di_s.c
[1.567s] -- Up-to-date: /home/user/dobot_ws/install/dobot_msgs_v4/local/lib/python3.10/dist-packages/dobot_msgs_v4/srv/_get_in_regs.py
[1.567s] -- Up-to-date: /home/user/dobot_ws/install/dobot_msgs_v4/local/lib/python3.10/dist-packages/dobot_msgs_v4/srv/_force_drive_speed_s.c
[1.567s] -- Up-to-date: /home/user/dobot_ws/install/dobot_msgs_v4/local/lib/python3.10/dist-packages/dobot_msgs_v4/srv/_rel_mov_j_user.py
[1.567s] -- Up-to-date: /home/user/dobot_ws/install/dobot_msgs_v4/local/lib/python3.10/dist-packages/dobot_msgs_v4/srv/_set_tool_power_s.c
[1.567s] -- Up-to-date: /home/user/dobot_ws/install/dobot_msgs_v4/local/lib/python3.10/dist-packages/dobot_msgs_v4/srv/_get_do_group_s.c
[1.567s] -- Up-to-date: /home/user/dobot_ws/install/dobot_msgs_v4/local/lib/python3.10/dist-packages/dobot_msgs_v4/srv/_rel_joint_mov_j_s.c
[1.567s] -- Up-to-date: /home/user/dobot_ws/install/dobot_msgs_v4/local/lib/python3.10/dist-packages/dobot_msgs_v4/srv/_get_error_id.py
[1.567s] -- Up-to-date: /home/user/dobot_ws/install/dobot_msgs_v4/local/lib/python3.10/dist-packages/dobot_msgs_v4/srv/_acc_j.py
[1.567s] -- Up-to-date: /home/user/dobot_ws/install/dobot_msgs_v4/local/lib/python3.10/dist-packages/dobot_msgs_v4/srv/_vel_j.py
[1.567s] -- Up-to-date: /home/user/dobot_ws/install/dobot_msgs_v4/local/lib/python3.10/dist-packages/dobot_msgs_v4/srv/_enable_safe_skin.py
[1.567s] -- Up-to-date: /home/user/dobot_ws/install/dobot_msgs_v4/local/lib/python3.10/dist-packages/dobot_msgs_v4/srv/_run_script.py
[1.567s] -- Up-to-date: /home/user/dobot_ws/install/dobot_msgs_v4/local/lib/python3.10/dist-packages/dobot_msgs_v4/srv/_start_rt_offset_s.c
[1.567s] -- Up-to-date: /home/user/dobot_ws/install/dobot_msgs_v4/local/lib/python3.10/dist-packages/dobot_msgs_v4/srv/_fc_set_mass.py
[1.567s] -- Up-to-date: /home/user/dobot_ws/install/dobot_msgs_v4/local/lib/python3.10/dist-packages/dobot_msgs_v4/srv/_mov_j_s.c
[1.567s] -- Up-to-date: /home/user/dobot_ws/install/dobot_msgs_v4/local/lib/python3.10/dist-packages/dobot_msgs_v4/srv/_stop_drag.py
[1.568s] -- Up-to-date: /home/user/dobot_ws/install/dobot_msgs_v4/local/lib/python3.10/dist-packages/dobot_msgs_v4/srv/_set_work_zone_enable_s.c
[1.568s] -- Up-to-date: /home/user/dobot_ws/install/dobot_msgs_v4/local/lib/python3.10/dist-packages/dobot_msgs_v4/srv/_drag_sensivity_s.c
[1.568s] -- Up-to-date: /home/user/dobot_ws/install/dobot_msgs_v4/local/lib/python3.10/dist-packages/dobot_msgs_v4/srv/_rel_mov_j_tool.py
[1.568s] -- Up-to-date: /home/user/dobot_ws/install/dobot_msgs_v4/local/lib/python3.10/dist-packages/dobot_msgs_v4/srv/_set_safe_wall_enable.py
[1.568s] -- Up-to-date: /home/user/dobot_ws/install/dobot_msgs_v4/local/lib/python3.10/dist-packages/dobot_msgs_v4/srv/_fc_off_s.c
[1.568s] -- Up-to-date: /home/user/dobot_ws/install/dobot_msgs_v4/local/lib/python3.10/dist-packages/dobot_msgs_v4/srv/_fc_set_stiffness.py
[1.568s] -- Up-to-date: /home/user/dobot_ws/install/dobot_msgs_v4/local/lib/python3.10/dist-packages/dobot_msgs_v4/srv/_continue.py
[1.568s] -- Up-to-date: /home/user/dobot_ws/install/dobot_msgs_v4/local/lib/python3.10/dist-packages/dobot_msgs_v4/srv/_inverse_kin.py
[1.568s] -- Up-to-date: /home/user/dobot_ws/install/dobot_msgs_v4/local/lib/python3.10/dist-packages/dobot_msgs_v4/srv/_robot_mode.py
[1.568s] -- Up-to-date: /home/user/dobot_ws/install/dobot_msgs_v4/local/lib/python3.10/dist-packages/dobot_msgs_v4/srv/_emergency_stop_s.c
[1.568s] -- Up-to-date: /home/user/dobot_ws/install/dobot_msgs_v4/local/lib/python3.10/dist-packages/dobot_msgs_v4/srv/_do_instant_s.c
[1.568s] -- Up-to-date: /home/user/dobot_ws/install/dobot_msgs_v4/local/lib/python3.10/dist-packages/dobot_msgs_v4/srv/_do_s.c
[1.568s] -- Up-to-date: /home/user/dobot_ws/install/dobot_msgs_v4/local/lib/python3.10/dist-packages/dobot_msgs_v4/srv/_arc_s.c
[1.568s] -- Up-to-date: /home/user/dobot_ws/install/dobot_msgs_v4/local/lib/python3.10/dist-packages/dobot_msgs_v4/srv/_get_pose.py
[1.568s] -- Up-to-date: /home/user/dobot_ws/install/dobot_msgs_v4/local/lib/python3.10/dist-packages/dobot_msgs_v4/srv/_get_tool_do.py
[1.568s] -- Up-to-date: /home/user/dobot_ws/install/dobot_msgs_v4/local/lib/python3.10/dist-packages/dobot_msgs_v4/srv/_modbus_rtu_create_s.c
[1.568s] -- Up-to-date: /home/user/dobot_ws/install/dobot_msgs_v4/local/lib/python3.10/dist-packages/dobot_msgs_v4/srv/_start_drag_s.c
[1.568s] -- Up-to-date: /home/user/dobot_ws/install/dobot_msgs_v4/local/lib/python3.10/dist-packages/dobot_msgs_v4/srv/__init__.py
[1.568s] -- Up-to-date: /home/user/dobot_ws/install/dobot_msgs_v4/local/lib/python3.10/dist-packages/dobot_msgs_v4/srv/_set_tool_s.c
[1.568s] -- Up-to-date: /home/user/dobot_ws/install/dobot_msgs_v4/local/lib/python3.10/dist-packages/dobot_msgs_v4/srv/_do_group.py
[1.568s] -- Up-to-date: /home/user/dobot_ws/install/dobot_msgs_v4/local/lib/python3.10/dist-packages/dobot_msgs_v4/srv/_do.py
[1.568s] -- Up-to-date: /home/user/dobot_ws/install/dobot_msgs_v4/local/lib/python3.10/dist-packages/dobot_msgs_v4/srv/_check_odd_mov_c_s.c
[1.568s] -- Up-to-date: /home/user/dobot_ws/install/dobot_msgs_v4/local/lib/python3.10/dist-packages/dobot_msgs_v4/srv/_reset_robot.py
[1.569s] -- Up-to-date: /home/user/dobot_ws/install/dobot_msgs_v4/local/lib/python3.10/dist-packages/dobot_msgs_v4/srv/_get_input_int.py
[1.569s] -- Up-to-date: /home/user/dobot_ws/install/dobot_msgs_v4/local/lib/python3.10/dist-packages/dobot_msgs_v4/srv/_run_script_s.c
[1.569s] -- Up-to-date: /home/user/dobot_ws/install/dobot_msgs_v4/local/lib/python3.10/dist-packages/dobot_msgs_v4/srv/_tool_do_s.c
[1.569s] -- Up-to-date: /home/user/dobot_ws/install/dobot_msgs_v4/local/lib/python3.10/dist-packages/dobot_msgs_v4/srv/_get_current_command_id.py
[1.569s] -- Up-to-date: /home/user/dobot_ws/install/dobot_msgs_v4/local/lib/python3.10/dist-packages/dobot_msgs_v4/srv/_di_group_s.c
[1.569s] -- Up-to-date: /home/user/dobot_ws/install/dobot_msgs_v4/local/lib/python3.10/dist-packages/dobot_msgs_v4/srv/_force_drive_mode_s.c
[1.569s] -- Up-to-date: /home/user/dobot_ws/install/dobot_msgs_v4/local/lib/python3.10/dist-packages/dobot_msgs_v4/srv/_circle.py
[1.569s] -- Up-to-date: /home/user/dobot_ws/install/dobot_msgs_v4/local/lib/python3.10/dist-packages/dobot_msgs_v4/srv/_end_rt_offset_s.c
[1.569s] -- Up-to-date: /home/user/dobot_ws/install/dobot_msgs_v4/local/lib/python3.10/dist-packages/dobot_msgs_v4/srv/_servo_p_s.c
[1.569s] -- Up-to-date: /home/user/dobot_ws/install/dobot_msgs_v4/local/lib/python3.10/dist-packages/dobot_msgs_v4/srv/_get_do.py
[1.569s] -- Up-to-date: /home/user/dobot_ws/install/dobot_msgs_v4/local/lib/python3.10/dist-packages/dobot_msgs_v4/srv/_tool_do_instant_s.c
[1.569s] -- Up-to-date: /home/user/dobot_ws/install/dobot_msgs_v4/local/lib/python3.10/dist-packages/dobot_msgs_v4/srv/_stop_move_jog_s.c
[1.569s] -- Up-to-date: /home/user/dobot_ws/install/dobot_msgs_v4/local/lib/python3.10/dist-packages/dobot_msgs_v4/srv/_mov_l_s.c
[1.569s] -- Up-to-date: /home/user/dobot_ws/install/dobot_msgs_v4/local/lib/python3.10/dist-packages/dobot_msgs_v4/srv/_set_collision_level.py
[1.569s] -- Up-to-date: /home/user/dobot_ws/install/dobot_msgs_v4/local/lib/python3.10/dist-packages/dobot_msgs_v4/srv/_vel_l_s.c
[1.569s] -- Up-to-date: /home/user/dobot_ws/install/dobot_msgs_v4/local/lib/python3.10/dist-packages/dobot_msgs_v4/srv/_tool_do.py
[1.569s] -- Up-to-date: /home/user/dobot_ws/install/dobot_msgs_v4/local/lib/python3.10/dist-packages/dobot_msgs_v4/srv/_modbus_rtu_create.py
[1.569s] -- Up-to-date: /home/user/dobot_ws/install/dobot_msgs_v4/local/lib/python3.10/dist-packages/dobot_msgs_v4/srv/_get_error_id_s.c
[1.569s] -- Up-to-date: /home/user/dobot_ws/install/dobot_msgs_v4/local/lib/python3.10/dist-packages/dobot_msgs_v4/srv/_set_tool.py
[1.569s] -- Up-to-date: /home/user/dobot_ws/install/dobot_msgs_v4/local/lib/python3.10/dist-packages/dobot_msgs_v4/srv/_mov_lio_s.c
[1.569s] -- Up-to-date: /home/user/dobot_ws/install/dobot_msgs_v4/local/lib/python3.10/dist-packages/dobot_msgs_v4/srv/_pause_s.c
[1.569s] -- Up-to-date: /home/user/dobot_ws/install/dobot_msgs_v4/local/lib/python3.10/dist-packages/dobot_msgs_v4/srv/_fc_force_mode_s.c
[1.570s] -- Up-to-date: /home/user/dobot_ws/install/dobot_msgs_v4/local/lib/python3.10/dist-packages/dobot_msgs_v4/srv/_cp_s.c
[1.570s] -- Up-to-date: /home/user/dobot_ws/install/dobot_msgs_v4/local/lib/python3.10/dist-packages/dobot_msgs_v4/srv/_fc_off.py
[1.570s] -- Up-to-date: /home/user/dobot_ws/install/dobot_msgs_v4/local/lib/python3.10/dist-packages/dobot_msgs_v4/srv/_get_in_bits_s.c
[1.570s] -- Up-to-date: /home/user/dobot_ws/install/dobot_msgs_v4/local/lib/python3.10/dist-packages/dobot_msgs_v4/srv/_speed_factor_s.c
[1.570s] -- Up-to-date: /home/user/dobot_ws/install/dobot_msgs_v4/local/lib/python3.10/dist-packages/dobot_msgs_v4/srv/_set_output_bool_s.c
[1.570s] -- Up-to-date: /home/user/dobot_ws/install/dobot_msgs_v4/local/lib/python3.10/dist-packages/dobot_msgs_v4/srv/_reset_robot_s.c
[1.570s] -- Up-to-date: /home/user/dobot_ws/install/dobot_msgs_v4/local/lib/python3.10/dist-packages/dobot_msgs_v4/srv/_inverse_solution_s.c
[1.570s] -- Up-to-date: /home/user/dobot_ws/install/dobot_msgs_v4/local/lib/python3.10/dist-packages/dobot_msgs_v4/srv/_tcp_dashboard_s.c
[1.570s] -- Up-to-date: /home/user/dobot_ws/install/dobot_msgs_v4/local/lib/python3.10/dist-packages/dobot_msgs_v4/srv/_get_do_group.py
[1.570s] -- Up-to-date: /home/user/dobot_ws/install/dobot_msgs_v4/local/lib/python3.10/dist-packages/dobot_msgs_v4/srv/_get_coils.py
[1.570s] -- Up-to-date: /home/user/dobot_ws/install/dobot_msgs_v4/local/lib/python3.10/dist-packages/dobot_msgs_v4/srv/_enable_safe_skin_s.c
[1.570s] -- Up-to-date: /home/user/dobot_ws/install/dobot_msgs_v4/local/lib/python3.10/dist-packages/dobot_msgs_v4/srv/_set_output_float_s.c
[1.570s] -- Up-to-date: /home/user/dobot_ws/install/dobot_msgs_v4/local/lib/python3.10/dist-packages/dobot_msgs_v4/srv/_servo_p.py
[1.570s] -- Up-to-date: /home/user/dobot_ws/install/dobot_msgs_v4/local/lib/python3.10/dist-packages/dobot_msgs_v4/srv/_tool_di.py
[1.570s] -- Up-to-date: /home/user/dobot_ws/install/dobot_msgs_v4/local/lib/python3.10/dist-packages/dobot_msgs_v4/srv/_fc_set_force_speed_limit.py
[1.570s] -- Up-to-date: /home/user/dobot_ws/install/dobot_msgs_v4/local/lib/python3.10/dist-packages/dobot_msgs_v4/srv/_mov_jio.py
[1.570s] -- Up-to-date: /home/user/dobot_ws/install/dobot_msgs_v4/local/lib/python3.10/dist-packages/dobot_msgs_v4/srv/_stop.py
[1.570s] -- Up-to-date: /home/user/dobot_ws/install/dobot_msgs_v4/local/lib/python3.10/dist-packages/dobot_msgs_v4/srv/_request_control_s.c
[1.570s] -- Up-to-date: /home/user/dobot_ws/install/dobot_msgs_v4/local/lib/python3.10/dist-packages/dobot_msgs_v4/srv/_do_group_dec.py
[1.570s] -- Up-to-date: /home/user/dobot_ws/install/dobot_msgs_v4/local/lib/python3.10/dist-packages/dobot_msgs_v4/srv/_positive_kin.py
[1.570s] -- Up-to-date: /home/user/dobot_ws/install/dobot_msgs_v4/local/lib/python3.10/dist-packages/dobot_msgs_v4/srv/_set_post_collision_mode.py
[1.570s] -- Up-to-date: /home/user/dobot_ws/install/dobot_msgs_v4/local/lib/python3.10/dist-packages/dobot_msgs_v4/srv/_fc_set_force_limit.py
[1.570s] -- Up-to-date: /home/user/dobot_ws/install/dobot_msgs_v4/local/lib/python3.10/dist-packages/dobot_msgs_v4/srv/_move_jog.py
[1.571s] -- Up-to-date: /home/user/dobot_ws/install/dobot_msgs_v4/local/lib/python3.10/dist-packages/dobot_msgs_v4/srv/_inverse_kin_s.c
[1.571s] -- Up-to-date: /home/user/dobot_ws/install/dobot_msgs_v4/local/lib/python3.10/dist-packages/dobot_msgs_v4/srv/_user.py
[1.571s] -- Up-to-date: /home/user/dobot_ws/install/dobot_msgs_v4/local/lib/python3.10/dist-packages/dobot_msgs_v4/srv/_fc_force_mode.py
[1.571s] -- Up-to-date: /home/user/dobot_ws/install/dobot_msgs_v4/local/lib/python3.10/dist-packages/dobot_msgs_v4/srv/_circle_s.c
[1.571s] -- Up-to-date: /home/user/dobot_ws/install/dobot_msgs_v4/local/lib/python3.10/dist-packages/dobot_msgs_v4/srv/_set_safe_wall_enable_s.c
[1.571s] -- Up-to-date: /home/user/dobot_ws/install/dobot_msgs_v4/local/lib/python3.10/dist-packages/dobot_msgs_v4/srv/_six_force_home.py
[1.571s] -- Up-to-date: /home/user/dobot_ws/install/dobot_msgs_v4/local/lib/python3.10/dist-packages/dobot_msgs_v4/srv/_tool_di_s.c
[1.571s] -- Up-to-date: /home/user/dobot_ws/install/dobot_msgs_v4/local/lib/python3.10/dist-packages/dobot_msgs_v4/srv/_get_input_float_s.c
[1.571s] -- Up-to-date: /home/user/dobot_ws/install/dobot_msgs_v4/local/lib/python3.10/dist-packages/dobot_msgs_v4/srv/_set_tool485.py
[1.571s] -- Up-to-date: /home/user/dobot_ws/install/dobot_msgs_v4/local/lib/python3.10/dist-packages/dobot_msgs_v4/srv/_power_on.py
[1.571s] -- Up-to-date: /home/user/dobot_ws/install/dobot_msgs_v4/local/lib/python3.10/dist-packages/dobot_msgs_v4/srv/_fc_set_mass_s.c
[1.571s] -- Up-to-date: /home/user/dobot_ws/install/dobot_msgs_v4/local/lib/python3.10/dist-packages/dobot_msgs_v4/srv/_disable_robot.py
[1.571s] -- Up-to-date: /home/user/dobot_ws/install/dobot_msgs_v4/local/lib/python3.10/dist-packages/dobot_msgs_v4/srv/_servo_j_s.c
[1.571s] -- Up-to-date: /home/user/dobot_ws/install/dobot_msgs_v4/local/lib/python3.10/dist-packages/dobot_msgs_v4/srv/_get_input_bool.py
[1.571s] -- Up-to-date: /home/user/dobot_ws/install/dobot_msgs_v4/local/lib/python3.10/dist-packages/dobot_msgs_v4/srv/_emergency_stop.py
[1.571s] -- Up-to-date: /home/user/dobot_ws/install/dobot_msgs_v4/local/lib/python3.10/dist-packages/dobot_msgs_v4/srv/_speed_factor.py
[1.571s] -- Up-to-date: /home/user/dobot_ws/install/dobot_msgs_v4/local/lib/python3.10/dist-packages/dobot_msgs_v4/srv/_check_odd_mov_l.py
[1.571s] -- Up-to-date: /home/user/dobot_ws/install/dobot_msgs_v4/local/lib/python3.10/dist-packages/dobot_msgs_v4/srv/_rel_joint_mov_j.py
[1.571s] -- Up-to-date: /home/user/dobot_ws/install/dobot_msgs_v4/local/lib/python3.10/dist-packages/dobot_msgs_v4/srv/_get_output_int.py
[1.571s] -- Up-to-date: /home/user/dobot_ws/install/dobot_msgs_v4/local/lib/python3.10/dist-packages/dobot_msgs_v4/srv/_mov_l.py
[1.572s] -- Up-to-date: /home/user/dobot_ws/install/dobot_msgs_v4/local/lib/python3.10/dist-packages/dobot_msgs_v4/srv/_di.py
[1.572s] -- Up-to-date: /home/user/dobot_ws/install/dobot_msgs_v4/local/lib/python3.10/dist-packages/dobot_msgs_v4/srv/_get_error_s.c
[1.572s] -- Up-to-date: /home/user/dobot_ws/install/dobot_msgs_v4/local/lib/python3.10/dist-packages/dobot_msgs_v4/srv/_set_coils_s.c
[1.572s] -- Up-to-date: /home/user/dobot_ws/install/dobot_msgs_v4/local/lib/python3.10/dist-packages/dobot_msgs_v4/srv/_do_instant.py
[1.572s] -- Up-to-date: /home/user/dobot_ws/install/dobot_msgs_v4/local/lib/python3.10/dist-packages/dobot_msgs_v4/srv/_run_to.py
[1.572s] -- Up-to-date: /home/user/dobot_ws/install/dobot_msgs_v4/local/lib/python3.10/dist-packages/dobot_msgs_v4/srv/_run_to_s.c
[1.572s] -- Up-to-date: /home/user/dobot_ws/install/dobot_msgs_v4/local/lib/python3.10/dist-packages/dobot_msgs_v4/srv/_get_current_command_id_s.c
[1.572s] -- Up-to-date: /home/user/dobot_ws/install/dobot_msgs_v4/local/lib/python3.10/dist-packages/dobot_msgs_v4/srv/_enable_ft_sensor.py
[1.572s] -- Up-to-date: /home/user/dobot_ws/install/dobot_msgs_v4/local/lib/python3.10/dist-packages/dobot_msgs_v4/srv/_stop_s.c
[1.572s] -- Up-to-date: /home/user/dobot_ws/install/dobot_msgs_v4/local/lib/python3.10/dist-packages/dobot_msgs_v4/srv/_calc_tool_s.c
[1.572s] -- Up-to-date: /home/user/dobot_ws/install/dobot_msgs_v4/local/lib/python3.10/dist-packages/dobot_msgs_v4/srv/_get_hold_regs_s.c
[1.572s] -- Up-to-date: /home/user/dobot_ws/install/dobot_msgs_v4/local/lib/python3.10/dist-packages/dobot_msgs_v4/srv/_set_payload.py
[1.572s] -- Up-to-date: /home/user/dobot_ws/install/dobot_msgs_v4/local/lib/python3.10/dist-packages/dobot_msgs_v4/srv/_brake_control_s.c
[1.573s] -- Up-to-date: /home/user/dobot_ws/install/dobot_msgs_v4/local/lib/python3.10/dist-packages/dobot_msgs_v4/srv/_tcp_dashboard.py
[1.573s] -- Up-to-date: /home/user/dobot_ws/install/dobot_msgs_v4/local/lib/python3.10/dist-packages/dobot_msgs_v4/srv/_get_start_pose_s.c
[1.573s] -- Up-to-date: /home/user/dobot_ws/install/dobot_msgs_v4/local/lib/python3.10/dist-packages/dobot_msgs_v4/srv/_six_force_home_s.c
[1.573s] -- Up-to-date: /home/user/dobot_ws/install/dobot_msgs_v4/local/lib/python3.10/dist-packages/dobot_msgs_v4/srv/_rel_mov_l_user_s.c
[1.573s] -- Up-to-date: /home/user/dobot_ws/install/dobot_msgs_v4/local/lib/python3.10/dist-packages/dobot_msgs_v4/srv/_set_collision_level_s.c
[1.573s] -- Up-to-date: /home/user/dobot_ws/install/dobot_msgs_v4/local/lib/python3.10/dist-packages/dobot_msgs_v4/srv/_set_safe_skin_s.c
[1.573s] -- Up-to-date: /home/user/dobot_ws/install/dobot_msgs_v4/local/lib/python3.10/dist-packages/dobot_msgs_v4/srv/_fc_set_damping_s.c
[1.573s] -- Up-to-date: /home/user/dobot_ws/install/dobot_msgs_v4/local/lib/python3.10/dist-packages/dobot_msgs_v4/srv/_fc_set_deviation.py
[1.573s] -- Up-to-date: /home/user/dobot_ws/install/dobot_msgs_v4/local/lib/python3.10/dist-packages/dobot_msgs_v4/srv/_acc_l_s.c
[1.573s] -- Up-to-date: /home/user/dobot_ws/install/dobot_msgs_v4/local/lib/python3.10/dist-packages/dobot_msgs_v4/srv/_tool.py
[1.573s] -- Up-to-date: /home/user/dobot_ws/install/dobot_msgs_v4/local/lib/python3.10/dist-packages/dobot_msgs_v4/srv/_clear_error_s.c
[1.573s] -- Up-to-date: /home/user/dobot_ws/install/dobot_msgs_v4/local/lib/python3.10/dist-packages/dobot_msgs_v4/srv/_disable_robot_s.c
[1.573s] -- Up-to-date: /home/user/dobot_ws/install/dobot_msgs_v4/local/lib/python3.10/dist-packages/dobot_msgs_v4/srv/_arc.py
[1.573s] -- Up-to-date: /home/user/dobot_ws/install/dobot_msgs_v4/local/lib/python3.10/dist-packages/dobot_msgs_v4/srv/_get_force.py
[1.573s] -- Up-to-date: /home/user/dobot_ws/install/dobot_msgs_v4/local/lib/python3.10/dist-packages/dobot_msgs_v4/srv/_set_safe_skin.py
[1.573s] -- Up-to-date: /home/user/dobot_ws/install/dobot_msgs_v4/local/lib/python3.10/dist-packages/dobot_msgs_v4/srv/_set_payload_s.c
[1.573s] -- Up-to-date: /home/user/dobot_ws/install/dobot_msgs_v4/local/lib/python3.10/dist-packages/dobot_msgs_v4/srv/_get_ao.py
[1.573s] -- Up-to-date: /home/user/dobot_ws/install/dobot_msgs_v4/local/lib/python3.10/dist-packages/dobot_msgs_v4/srv/_set_work_zone_enable.py
[1.573s] -- Up-to-date: /home/user/dobot_ws/install/dobot_msgs_v4/local/lib/python3.10/dist-packages/dobot_msgs_v4/srv/_user_s.c
[1.573s] -- Up-to-date: /home/user/dobot_ws/install/dobot_msgs_v4/local/lib/python3.10/dist-packages/dobot_msgs_v4/srv/_get_output_int_s.c
[1.574s] -- Up-to-date: /home/user/dobot_ws/install/dobot_msgs_v4/local/lib/python3.10/dist-packages/dobot_msgs_v4/srv/_get_start_pose.py
[1.574s] -- Up-to-date: /home/user/dobot_ws/install/dobot_msgs_v4/local/lib/python3.10/dist-packages/dobot_msgs_v4/dobot_msgs_v4_s__rosidl_typesupport_fastrtps_c.cpython-310-x86_64-linux-gnu.so
[1.574s] -- Up-to-date: /home/user/dobot_ws/install/dobot_msgs_v4/local/lib/python3.10/dist-packages/dobot_msgs_v4/_dobot_msgs_v4_s.ep.rosidl_typesupport_c.c
[1.574s] Listing '/home/user/dobot_ws/install/dobot_msgs_v4/local/lib/python3.10/dist-packages/dobot_msgs_v4'...
[1.574s] Listing '/home/user/dobot_ws/install/dobot_msgs_v4/local/lib/python3.10/dist-packages/dobot_msgs_v4/msg'...
[1.574s] Listing '/home/user/dobot_ws/install/dobot_msgs_v4/local/lib/python3.10/dist-packages/dobot_msgs_v4/srv'...
[1.574s] -- Up-to-date: /home/user/dobot_ws/install/dobot_msgs_v4/local/lib/python3.10/dist-packages/dobot_msgs_v4/dobot_msgs_v4_s__rosidl_typesupport_fastrtps_c.cpython-310-x86_64-linux-gnu.so
[1.574s] -- Up-to-date: /home/user/dobot_ws/install/dobot_msgs_v4/local/lib/python3.10/dist-packages/dobot_msgs_v4/dobot_msgs_v4_s__rosidl_typesupport_introspection_c.cpython-310-x86_64-linux-gnu.so
[1.574s] -- Up-to-date: /home/user/dobot_ws/install/dobot_msgs_v4/local/lib/python3.10/dist-packages/dobot_msgs_v4/dobot_msgs_v4_s__rosidl_typesupport_c.cpython-310-x86_64-linux-gnu.so
[1.574s] -- Up-to-date: /home/user/dobot_ws/install/dobot_msgs_v4/lib/libdobot_msgs_v4__rosidl_generator_py.so
[1.575s] -- Up-to-date: /home/user/dobot_ws/install/dobot_msgs_v4/share/ament_index/resource_index/rust_packages/dobot_msgs_v4
[1.575s] -- Up-to-date: /home/user/dobot_ws/install/dobot_msgs_v4/share/dobot_msgs_v4/rust
[1.575s] -- Up-to-date: /home/user/dobot_ws/install/dobot_msgs_v4/share/dobot_msgs_v4/rust/src
[1.575s] -- Up-to-date: /home/user/dobot_ws/install/dobot_msgs_v4/share/dobot_msgs_v4/rust/src/msg
[1.575s] -- Up-to-date: /home/user/dobot_ws/install/dobot_msgs_v4/share/dobot_msgs_v4/rust/src/msg/rmw.rs
[1.575s] -- Up-to-date: /home/user/dobot_ws/install/dobot_msgs_v4/share/dobot_msgs_v4/rust/src/msg.rs
[1.575s] -- Up-to-date: /home/user/dobot_ws/install/dobot_msgs_v4/share/dobot_msgs_v4/rust/src/srv
[1.575s] -- Up-to-date: /home/user/dobot_ws/install/dobot_msgs_v4/share/dobot_msgs_v4/rust/src/srv/rmw.rs
[1.575s] -- Up-to-date: /home/user/dobot_ws/install/dobot_msgs_v4/share/dobot_msgs_v4/rust/src/lib.rs
[1.575s] -- Up-to-date: /home/user/dobot_ws/install/dobot_msgs_v4/share/dobot_msgs_v4/rust/src/srv.rs
[1.575s] -- Up-to-date: /home/user/dobot_ws/install/dobot_msgs_v4/share/dobot_msgs_v4/rust/build.rs
[1.575s] -- Up-to-date: /home/user/dobot_ws/install/dobot_msgs_v4/share/dobot_msgs_v4/rust/Cargo.toml
[1.575s] -- Up-to-date: /home/user/dobot_ws/install/dobot_msgs_v4/share/dobot_msgs_v4/msg/RobotStatus.idl
[1.575s] -- Up-to-date: /home/user/dobot_ws/install/dobot_msgs_v4/share/dobot_msgs_v4/msg/ToolVectorActual.idl
[1.575s] -- Up-to-date: /home/user/dobot_ws/install/dobot_msgs_v4/share/dobot_msgs_v4/srv/EnableRobot.idl
[1.575s] -- Up-to-date: /home/user/dobot_ws/install/dobot_msgs_v4/share/dobot_msgs_v4/srv/DisableRobot.idl
[1.575s] -- Up-to-date: /home/user/dobot_ws/install/dobot_msgs_v4/share/dobot_msgs_v4/srv/ClearError.idl
[1.575s] -- Up-to-date: /home/user/dobot_ws/install/dobot_msgs_v4/share/dobot_msgs_v4/srv/SpeedFactor.idl
[1.575s] -- Up-to-date: /home/user/dobot_ws/install/dobot_msgs_v4/share/dobot_msgs_v4/srv/User.idl
[1.575s] -- Up-to-date: /home/user/dobot_ws/install/dobot_msgs_v4/share/dobot_msgs_v4/srv/Tool.idl
[1.575s] -- Up-to-date: /home/user/dobot_ws/install/dobot_msgs_v4/share/dobot_msgs_v4/srv/RobotMode.idl
[1.575s] -- Up-to-date: /home/user/dobot_ws/install/dobot_msgs_v4/share/dobot_msgs_v4/srv/SetPayload.idl
[1.575s] -- Up-to-date: /home/user/dobot_ws/install/dobot_msgs_v4/share/dobot_msgs_v4/srv/DO.idl
[1.575s] -- Up-to-date: /home/user/dobot_ws/install/dobot_msgs_v4/share/dobot_msgs_v4/srv/DOInstant.idl
[1.576s] -- Up-to-date: /home/user/dobot_ws/install/dobot_msgs_v4/share/dobot_msgs_v4/srv/ToolDO.idl
[1.576s] -- Up-to-date: /home/user/dobot_ws/install/dobot_msgs_v4/share/dobot_msgs_v4/srv/ToolDOInstant.idl
[1.576s] -- Up-to-date: /home/user/dobot_ws/install/dobot_msgs_v4/share/dobot_msgs_v4/srv/AO.idl
[1.576s] -- Up-to-date: /home/user/dobot_ws/install/dobot_msgs_v4/share/dobot_msgs_v4/srv/AOInstant.idl
[1.576s] -- Up-to-date: /home/user/dobot_ws/install/dobot_msgs_v4/share/dobot_msgs_v4/srv/AccJ.idl
[1.576s] -- Up-to-date: /home/user/dobot_ws/install/dobot_msgs_v4/share/dobot_msgs_v4/srv/AccL.idl
[1.576s] -- Up-to-date: /home/user/dobot_ws/install/dobot_msgs_v4/share/dobot_msgs_v4/srv/VelJ.idl
[1.576s] -- Up-to-date: /home/user/dobot_ws/install/dobot_msgs_v4/share/dobot_msgs_v4/srv/VelL.idl
[1.576s] -- Up-to-date: /home/user/dobot_ws/install/dobot_msgs_v4/share/dobot_msgs_v4/srv/CP.idl
[1.576s] -- Up-to-date: /home/user/dobot_ws/install/dobot_msgs_v4/share/dobot_msgs_v4/srv/PowerOn.idl
[1.576s] -- Up-to-date: /home/user/dobot_ws/install/dobot_msgs_v4/share/dobot_msgs_v4/srv/RunScript.idl
[1.576s] -- Up-to-date: /home/user/dobot_ws/install/dobot_msgs_v4/share/dobot_msgs_v4/srv/Stop.idl
[1.576s] -- Up-to-date: /home/user/dobot_ws/install/dobot_msgs_v4/share/dobot_msgs_v4/srv/Pause.idl
[1.576s] -- Up-to-date: /home/user/dobot_ws/install/dobot_msgs_v4/share/dobot_msgs_v4/srv/Continue.idl
[1.576s] -- Up-to-date: /home/user/dobot_ws/install/dobot_msgs_v4/share/dobot_msgs_v4/srv/PositiveKin.idl
[1.576s] -- Up-to-date: /home/user/dobot_ws/install/dobot_msgs_v4/share/dobot_msgs_v4/srv/InverseKin.idl
[1.576s] -- Up-to-date: /home/user/dobot_ws/install/dobot_msgs_v4/share/dobot_msgs_v4/srv/SetCollisionLevel.idl
[1.576s] -- Up-to-date: /home/user/dobot_ws/install/dobot_msgs_v4/share/dobot_msgs_v4/srv/GetAngle.idl
[1.576s] -- Up-to-date: /home/user/dobot_ws/install/dobot_msgs_v4/share/dobot_msgs_v4/srv/GetPose.idl
[1.576s] -- Up-to-date: /home/user/dobot_ws/install/dobot_msgs_v4/share/dobot_msgs_v4/srv/EmergencyStop.idl
[1.576s] -- Up-to-date: /home/user/dobot_ws/install/dobot_msgs_v4/share/dobot_msgs_v4/srv/ModbusRTUCreate.idl
[1.576s] -- Up-to-date: /home/user/dobot_ws/install/dobot_msgs_v4/share/dobot_msgs_v4/srv/ModbusCreate.idl
[1.577s] -- Up-to-date: /home/user/dobot_ws/install/dobot_msgs_v4/share/dobot_msgs_v4/srv/ModbusClose.idl
[1.577s] -- Up-to-date: /home/user/dobot_ws/install/dobot_msgs_v4/share/dobot_msgs_v4/srv/GetInBits.idl
[1.577s] -- Up-to-date: /home/user/dobot_ws/install/dobot_msgs_v4/share/dobot_msgs_v4/srv/GetInRegs.idl
[1.577s] -- Up-to-date: /home/user/dobot_ws/install/dobot_msgs_v4/share/dobot_msgs_v4/srv/GetCoils.idl
[1.577s] -- Up-to-date: /home/user/dobot_ws/install/dobot_msgs_v4/share/dobot_msgs_v4/srv/SetCoils.idl
[1.577s] -- Up-to-date: /home/user/dobot_ws/install/dobot_msgs_v4/share/dobot_msgs_v4/srv/GetHoldRegs.idl
[1.577s] -- Up-to-date: /home/user/dobot_ws/install/dobot_msgs_v4/share/dobot_msgs_v4/srv/SetHoldRegs.idl
[1.577s] -- Up-to-date: /home/user/dobot_ws/install/dobot_msgs_v4/share/dobot_msgs_v4/srv/SetSafeSkin.idl
[1.577s] -- Up-to-date: /home/user/dobot_ws/install/dobot_msgs_v4/share/dobot_msgs_v4/srv/MovJ.idl
[1.577s] -- Up-to-date: /home/user/dobot_ws/install/dobot_msgs_v4/share/dobot_msgs_v4/srv/MovL.idl
[1.577s] -- Up-to-date: /home/user/dobot_ws/install/dobot_msgs_v4/share/dobot_msgs_v4/srv/RelJointMovJ.idl
[1.577s] -- Up-to-date: /home/user/dobot_ws/install/dobot_msgs_v4/share/dobot_msgs_v4/srv/MoveJog.idl
[1.577s] -- Up-to-date: /home/user/dobot_ws/install/dobot_msgs_v4/share/dobot_msgs_v4/srv/StopMoveJog.idl
[1.577s] -- Up-to-date: /home/user/dobot_ws/install/dobot_msgs_v4/share/dobot_msgs_v4/srv/DOGroup.idl
[1.577s] -- Up-to-date: /home/user/dobot_ws/install/dobot_msgs_v4/share/dobot_msgs_v4/srv/BrakeControl.idl
[1.577s] -- Up-to-date: /home/user/dobot_ws/install/dobot_msgs_v4/share/dobot_msgs_v4/srv/StartDrag.idl
[1.577s] -- Up-to-date: /home/user/dobot_ws/install/dobot_msgs_v4/share/dobot_msgs_v4/srv/EnableSafeSkin.idl
[1.577s] -- Up-to-date: /home/user/dobot_ws/install/dobot_msgs_v4/share/dobot_msgs_v4/srv/GetStartPose.idl
[1.577s] -- Up-to-date: /home/user/dobot_ws/install/dobot_msgs_v4/share/dobot_msgs_v4/srv/StartPath.idl
[1.577s] -- Up-to-date: /home/user/dobot_ws/install/dobot_msgs_v4/share/dobot_msgs_v4/srv/InverseSolution.idl
[1.577s] -- Up-to-date: /home/user/dobot_ws/install/dobot_msgs_v4/share/dobot_msgs_v4/srv/GetErrorID.idl
[1.577s] -- Up-to-date: /home/user/dobot_ws/install/dobot_msgs_v4/share/dobot_msgs_v4/srv/DI.idl
[1.577s] -- Up-to-date: /home/user/dobot_ws/install/dobot_msgs_v4/share/dobot_msgs_v4/srv/ToolDI.idl
[1.578s] -- Up-to-date: /home/user/dobot_ws/install/dobot_msgs_v4/share/dobot_msgs_v4/srv/AI.idl
[1.578s] -- Up-to-date: /home/user/dobot_ws/install/dobot_msgs_v4/share/dobot_msgs_v4/srv/ToolAI.idl
[1.578s] -- Up-to-date: /home/user/dobot_ws/install/dobot_msgs_v4/share/dobot_msgs_v4/srv/DIGroup.idl
[1.578s] -- Up-to-date: /home/user/dobot_ws/install/dobot_msgs_v4/share/dobot_msgs_v4/srv/StopDrag.idl
[1.578s] -- Up-to-date: /home/user/dobot_ws/install/dobot_msgs_v4/share/dobot_msgs_v4/srv/DragSensivity.idl
[1.578s] -- Up-to-date: /home/user/dobot_ws/install/dobot_msgs_v4/share/dobot_msgs_v4/srv/GetDO.idl
[1.578s] -- Up-to-date: /home/user/dobot_ws/install/dobot_msgs_v4/share/dobot_msgs_v4/srv/GetAO.idl
[1.578s] -- Up-to-date: /home/user/dobot_ws/install/dobot_msgs_v4/share/dobot_msgs_v4/srv/GetDOGroup.idl
[1.578s] -- Up-to-date: /home/user/dobot_ws/install/dobot_msgs_v4/share/dobot_msgs_v4/srv/SetTool485.idl
[1.578s] -- Up-to-date: /home/user/dobot_ws/install/dobot_msgs_v4/share/dobot_msgs_v4/srv/SetSafeWallEnable.idl
[1.578s] -- Up-to-date: /home/user/dobot_ws/install/dobot_msgs_v4/share/dobot_msgs_v4/srv/SetToolPower.idl
[1.578s] -- Up-to-date: /home/user/dobot_ws/install/dobot_msgs_v4/share/dobot_msgs_v4/srv/SetToolMode.idl
[1.578s] -- Up-to-date: /home/user/dobot_ws/install/dobot_msgs_v4/share/dobot_msgs_v4/srv/SetBackDistance.idl
[1.578s] -- Up-to-date: /home/user/dobot_ws/install/dobot_msgs_v4/share/dobot_msgs_v4/srv/SetPostCollisionMode.idl
[1.578s] -- Up-to-date: /home/user/dobot_ws/install/dobot_msgs_v4/share/dobot_msgs_v4/srv/SetUser.idl
[1.578s] -- Up-to-date: /home/user/dobot_ws/install/dobot_msgs_v4/share/dobot_msgs_v4/srv/SetTool.idl
[1.578s] -- Up-to-date: /home/user/dobot_ws/install/dobot_msgs_v4/share/dobot_msgs_v4/srv/CalcUser.idl
[1.579s] -- Up-to-date: /home/user/dobot_ws/install/dobot_msgs_v4/share/dobot_msgs_v4/srv/CalcTool.idl
[1.579s] -- Up-to-date: /home/user/dobot_ws/install/dobot_msgs_v4/share/dobot_msgs_v4/srv/GetInputBool.idl
[1.579s] -- Up-to-date: /home/user/dobot_ws/install/dobot_msgs_v4/share/dobot_msgs_v4/srv/GetInputInt.idl
[1.579s] -- Up-to-date: /home/user/dobot_ws/install/dobot_msgs_v4/share/dobot_msgs_v4/srv/GetInputFloat.idl
[1.579s] -- Up-to-date: /home/user/dobot_ws/install/dobot_msgs_v4/share/dobot_msgs_v4/srv/GetOutputBool.idl
[1.579s] -- Up-to-date: /home/user/dobot_ws/install/dobot_msgs_v4/share/dobot_msgs_v4/srv/GetOutputInt.idl
[1.579s] -- Up-to-date: /home/user/dobot_ws/install/dobot_msgs_v4/share/dobot_msgs_v4/srv/GetOutputFloat.idl
[1.579s] -- Up-to-date: /home/user/dobot_ws/install/dobot_msgs_v4/share/dobot_msgs_v4/srv/SetOutputBool.idl
[1.579s] -- Up-to-date: /home/user/dobot_ws/install/dobot_msgs_v4/share/dobot_msgs_v4/srv/SetOutputInt.idl
[1.579s] -- Up-to-date: /home/user/dobot_ws/install/dobot_msgs_v4/share/dobot_msgs_v4/srv/SetOutputFloat.idl
[1.579s] -- Up-to-date: /home/user/dobot_ws/install/dobot_msgs_v4/share/dobot_msgs_v4/srv/MovLIO.idl
[1.579s] -- Up-to-date: /home/user/dobot_ws/install/dobot_msgs_v4/share/dobot_msgs_v4/srv/MovJIO.idl
[1.579s] -- Up-to-date: /home/user/dobot_ws/install/dobot_msgs_v4/share/dobot_msgs_v4/srv/Arc.idl
[1.579s] -- Up-to-date: /home/user/dobot_ws/install/dobot_msgs_v4/share/dobot_msgs_v4/srv/Circle.idl
[1.579s] -- Up-to-date: /home/user/dobot_ws/install/dobot_msgs_v4/share/dobot_msgs_v4/srv/RelMovJTool.idl
[1.580s] -- Up-to-date: /home/user/dobot_ws/install/dobot_msgs_v4/share/dobot_msgs_v4/srv/RelMovLTool.idl
[1.580s] -- Up-to-date: /home/user/dobot_ws/install/dobot_msgs_v4/share/dobot_msgs_v4/srv/RelMovJUser.idl
[1.580s] -- Up-to-date: /home/user/dobot_ws/install/dobot_msgs_v4/share/dobot_msgs_v4/srv/RelMovLUser.idl
[1.580s] -- Up-to-date: /home/user/dobot_ws/install/dobot_msgs_v4/share/dobot_msgs_v4/srv/GetCurrentCommandId.idl
[1.580s] -- Up-to-date: /home/user/dobot_ws/install/dobot_msgs_v4/share/dobot_msgs_v4/srv/ServoJ.idl
[1.580s] -- Up-to-date: /home/user/dobot_ws/install/dobot_msgs_v4/share/dobot_msgs_v4/srv/ServoP.idl
[1.580s] -- Up-to-date: /home/user/dobot_ws/install/dobot_msgs_v4/share/dobot_msgs_v4/srv/TcpDashboard.idl
[1.580s] -- Up-to-date: /home/user/dobot_ws/install/dobot_msgs_v4/share/dobot_msgs_v4/srv/EnableFTSensor.idl
[1.580s] -- Up-to-date: /home/user/dobot_ws/install/dobot_msgs_v4/share/dobot_msgs_v4/srv/SixForceHome.idl
[1.580s] -- Up-to-date: /home/user/dobot_ws/install/dobot_msgs_v4/share/dobot_msgs_v4/srv/GetForce.idl
[1.580s] -- Up-to-date: /home/user/dobot_ws/install/dobot_msgs_v4/share/dobot_msgs_v4/srv/ForceDriveMode.idl
[1.580s] -- Up-to-date: /home/user/dobot_ws/install/dobot_msgs_v4/share/dobot_msgs_v4/srv/ForceDriveSpeed.idl
[1.580s] -- Up-to-date: /home/user/dobot_ws/install/dobot_msgs_v4/share/dobot_msgs_v4/srv/FCForceMode.idl
[1.580s] -- Up-to-date: /home/user/dobot_ws/install/dobot_msgs_v4/share/dobot_msgs_v4/srv/FCSetDeviation.idl
[1.580s] -- Up-to-date: /home/user/dobot_ws/install/dobot_msgs_v4/share/dobot_msgs_v4/srv/FCSetForceLimit.idl
[1.580s] -- Up-to-date: /home/user/dobot_ws/install/dobot_msgs_v4/share/dobot_msgs_v4/srv/FCSetMass.idl
[1.580s] -- Up-to-date: /home/user/dobot_ws/install/dobot_msgs_v4/share/dobot_msgs_v4/srv/FCSetStiffness.idl
[1.580s] -- Up-to-date: /home/user/dobot_ws/install/dobot_msgs_v4/share/dobot_msgs_v4/srv/FCSetDamping.idl
[1.580s] -- Up-to-date: /home/user/dobot_ws/install/dobot_msgs_v4/share/dobot_msgs_v4/srv/FCOff.idl
[1.580s] -- Up-to-date: /home/user/dobot_ws/install/dobot_msgs_v4/share/dobot_msgs_v4/srv/FCSetForceSpeedLimit.idl
[1.581s] -- Up-to-date: /home/user/dobot_ws/install/dobot_msgs_v4/share/dobot_msgs_v4/srv/FCSetForce.idl
[1.581s] -- Up-to-date: /home/user/dobot_ws/install/dobot_msgs_v4/share/dobot_msgs_v4/srv/SetFCCollision.idl
[1.581s] -- Up-to-date: /home/user/dobot_ws/install/dobot_msgs_v4/share/dobot_msgs_v4/srv/FCCollisionSwitch.idl
[1.581s] -- Up-to-date: /home/user/dobot_ws/install/dobot_msgs_v4/share/dobot_msgs_v4/srv/SetWorkZoneEnable.idl
[1.581s] -- Up-to-date: /home/user/dobot_ws/install/dobot_msgs_v4/share/dobot_msgs_v4/srv/GetToolDO.idl
[1.581s] -- Up-to-date: /home/user/dobot_ws/install/dobot_msgs_v4/share/dobot_msgs_v4/srv/ResetRobot.idl
[1.581s] -- Up-to-date: /home/user/dobot_ws/install/dobot_msgs_v4/share/dobot_msgs_v4/srv/RunTo.idl
[1.581s] -- Up-to-date: /home/user/dobot_ws/install/dobot_msgs_v4/share/dobot_msgs_v4/srv/StartRTOffset.idl
[1.581s] -- Up-to-date: /home/user/dobot_ws/install/dobot_msgs_v4/share/dobot_msgs_v4/srv/EndRTOffset.idl
[1.581s] -- Up-to-date: /home/user/dobot_ws/install/dobot_msgs_v4/share/dobot_msgs_v4/srv/GetError.idl
[1.581s] -- Up-to-date: /home/user/dobot_ws/install/dobot_msgs_v4/share/dobot_msgs_v4/srv/DOGroupDEC.idl
[1.581s] -- Up-to-date: /home/user/dobot_ws/install/dobot_msgs_v4/share/dobot_msgs_v4/srv/GetDOGroupDEC.idl
[1.581s] -- Up-to-date: /home/user/dobot_ws/install/dobot_msgs_v4/share/dobot_msgs_v4/srv/DIGroupDEC.idl
[1.581s] -- Up-to-date: /home/user/dobot_ws/install/dobot_msgs_v4/share/dobot_msgs_v4/srv/RequestControl.idl
[1.581s] -- Up-to-date: /home/user/dobot_ws/install/dobot_msgs_v4/share/dobot_msgs_v4/srv/CheckOddMovL.idl
[1.581s] -- Up-to-date: /home/user/dobot_ws/install/dobot_msgs_v4/share/dobot_msgs_v4/srv/CheckOddMovJ.idl
[1.581s] -- Up-to-date: /home/user/dobot_ws/install/dobot_msgs_v4/share/dobot_msgs_v4/srv/CheckOddMovC.idl
[1.581s] -- Up-to-date: /home/user/dobot_ws/install/dobot_msgs_v4/share/dobot_msgs_v4/msg/RobotStatus.msg
[1.581s] -- Up-to-date: /home/user/dobot_ws/install/dobot_msgs_v4/share/dobot_msgs_v4/msg/ToolVectorActual.msg
[1.581s] -- Up-to-date: /home/user/dobot_ws/install/dobot_msgs_v4/share/dobot_msgs_v4/srv/EnableRobot.srv
[1.581s] -- Up-to-date: /home/user/dobot_ws/install/dobot_msgs_v4/share/dobot_msgs_v4/srv/EnableRobot_Request.msg
[1.581s] -- Up-to-date: /home/user/dobot_ws/install/dobot_msgs_v4/share/dobot_msgs_v4/srv/EnableRobot_Response.msg
[1.582s] -- Up-to-date: /home/user/dobot_ws/install/dobot_msgs_v4/share/dobot_msgs_v4/srv/DisableRobot.srv
[1.582s] -- Up-to-date: /home/user/dobot_ws/install/dobot_msgs_v4/share/dobot_msgs_v4/srv/DisableRobot_Request.msg
[1.582s] -- Up-to-date: /home/user/dobot_ws/install/dobot_msgs_v4/share/dobot_msgs_v4/srv/DisableRobot_Response.msg
[1.582s] -- Up-to-date: /home/user/dobot_ws/install/dobot_msgs_v4/share/dobot_msgs_v4/srv/ClearError.srv
[1.582s] -- Up-to-date: /home/user/dobot_ws/install/dobot_msgs_v4/share/dobot_msgs_v4/srv/ClearError_Request.msg
[1.582s] -- Up-to-date: /home/user/dobot_ws/install/dobot_msgs_v4/share/dobot_msgs_v4/srv/ClearError_Response.msg
[1.582s] -- Up-to-date: /home/user/dobot_ws/install/dobot_msgs_v4/share/dobot_msgs_v4/srv/SpeedFactor.srv
[1.582s] -- Up-to-date: /home/user/dobot_ws/install/dobot_msgs_v4/share/dobot_msgs_v4/srv/SpeedFactor_Request.msg
[1.582s] -- Up-to-date: /home/user/dobot_ws/install/dobot_msgs_v4/share/dobot_msgs_v4/srv/SpeedFactor_Response.msg
[1.582s] -- Up-to-date: /home/user/dobot_ws/install/dobot_msgs_v4/share/dobot_msgs_v4/srv/User.srv
[1.582s] -- Up-to-date: /home/user/dobot_ws/install/dobot_msgs_v4/share/dobot_msgs_v4/srv/User_Request.msg
[1.582s] -- Up-to-date: /home/user/dobot_ws/install/dobot_msgs_v4/share/dobot_msgs_v4/srv/User_Response.msg
[1.582s] -- Up-to-date: /home/user/dobot_ws/install/dobot_msgs_v4/share/dobot_msgs_v4/srv/Tool.srv
[1.582s] -- Up-to-date: /home/user/dobot_ws/install/dobot_msgs_v4/share/dobot_msgs_v4/srv/Tool_Request.msg
[1.582s] -- Up-to-date: /home/user/dobot_ws/install/dobot_msgs_v4/share/dobot_msgs_v4/srv/Tool_Response.msg
[1.582s] -- Up-to-date: /home/user/dobot_ws/install/dobot_msgs_v4/share/dobot_msgs_v4/srv/RobotMode.srv
[1.582s] -- Up-to-date: /home/user/dobot_ws/install/dobot_msgs_v4/share/dobot_msgs_v4/srv/RobotMode_Request.msg
[1.582s] -- Up-to-date: /home/user/dobot_ws/install/dobot_msgs_v4/share/dobot_msgs_v4/srv/RobotMode_Response.msg
[1.582s] -- Up-to-date: /home/user/dobot_ws/install/dobot_msgs_v4/share/dobot_msgs_v4/srv/SetPayload.srv
[1.582s] -- Up-to-date: /home/user/dobot_ws/install/dobot_msgs_v4/share/dobot_msgs_v4/srv/SetPayload_Request.msg
[1.582s] -- Up-to-date: /home/user/dobot_ws/install/dobot_msgs_v4/share/dobot_msgs_v4/srv/SetPayload_Response.msg
[1.582s] -- Up-to-date: /home/user/dobot_ws/install/dobot_msgs_v4/share/dobot_msgs_v4/srv/DO.srv
[1.582s] -- Up-to-date: /home/user/dobot_ws/install/dobot_msgs_v4/share/dobot_msgs_v4/srv/DO_Request.msg
[1.583s] -- Up-to-date: /home/user/dobot_ws/install/dobot_msgs_v4/share/dobot_msgs_v4/srv/DO_Response.msg
[1.583s] -- Up-to-date: /home/user/dobot_ws/install/dobot_msgs_v4/share/dobot_msgs_v4/srv/DOInstant.srv
[1.583s] -- Up-to-date: /home/user/dobot_ws/install/dobot_msgs_v4/share/dobot_msgs_v4/srv/DOInstant_Request.msg
[1.583s] -- Up-to-date: /home/user/dobot_ws/install/dobot_msgs_v4/share/dobot_msgs_v4/srv/DOInstant_Response.msg
[1.583s] -- Up-to-date: /home/user/dobot_ws/install/dobot_msgs_v4/share/dobot_msgs_v4/srv/ToolDO.srv
[1.583s] -- Up-to-date: /home/user/dobot_ws/install/dobot_msgs_v4/share/dobot_msgs_v4/srv/ToolDO_Request.msg
[1.583s] -- Up-to-date: /home/user/dobot_ws/install/dobot_msgs_v4/share/dobot_msgs_v4/srv/ToolDO_Response.msg
[1.583s] -- Up-to-date: /home/user/dobot_ws/install/dobot_msgs_v4/share/dobot_msgs_v4/srv/ToolDOInstant.srv
[1.583s] -- Up-to-date: /home/user/dobot_ws/install/dobot_msgs_v4/share/dobot_msgs_v4/srv/ToolDOInstant_Request.msg
[1.583s] -- Up-to-date: /home/user/dobot_ws/install/dobot_msgs_v4/share/dobot_msgs_v4/srv/ToolDOInstant_Response.msg
[1.583s] -- Up-to-date: /home/user/dobot_ws/install/dobot_msgs_v4/share/dobot_msgs_v4/srv/AO.srv
[1.583s] -- Up-to-date: /home/user/dobot_ws/install/dobot_msgs_v4/share/dobot_msgs_v4/srv/AO_Request.msg
[1.583s] -- Up-to-date: /home/user/dobot_ws/install/dobot_msgs_v4/share/dobot_msgs_v4/srv/AO_Response.msg
[1.583s] -- Up-to-date: /home/user/dobot_ws/install/dobot_msgs_v4/share/dobot_msgs_v4/srv/AOInstant.srv
[1.583s] -- Up-to-date: /home/user/dobot_ws/install/dobot_msgs_v4/share/dobot_msgs_v4/srv/AOInstant_Request.msg
[1.583s] -- Up-to-date: /home/user/dobot_ws/install/dobot_msgs_v4/share/dobot_msgs_v4/srv/AOInstant_Response.msg
[1.583s] -- Up-to-date: /home/user/dobot_ws/install/dobot_msgs_v4/share/dobot_msgs_v4/srv/AccJ.srv
[1.583s] -- Up-to-date: /home/user/dobot_ws/install/dobot_msgs_v4/share/dobot_msgs_v4/srv/AccJ_Request.msg
[1.583s] -- Up-to-date: /home/user/dobot_ws/install/dobot_msgs_v4/share/dobot_msgs_v4/srv/AccJ_Response.msg
[1.583s] -- Up-to-date: /home/user/dobot_ws/install/dobot_msgs_v4/share/dobot_msgs_v4/srv/AccL.srv
[1.583s] -- Up-to-date: /home/user/dobot_ws/install/dobot_msgs_v4/share/dobot_msgs_v4/srv/AccL_Request.msg
[1.583s] -- Up-to-date: /home/user/dobot_ws/install/dobot_msgs_v4/share/dobot_msgs_v4/srv/AccL_Response.msg
[1.583s] -- Up-to-date: /home/user/dobot_ws/install/dobot_msgs_v4/share/dobot_msgs_v4/srv/VelJ.srv
[1.583s] -- Up-to-date: /home/user/dobot_ws/install/dobot_msgs_v4/share/dobot_msgs_v4/srv/VelJ_Request.msg
[1.584s] -- Up-to-date: /home/user/dobot_ws/install/dobot_msgs_v4/share/dobot_msgs_v4/srv/VelJ_Response.msg
[1.584s] -- Up-to-date: /home/user/dobot_ws/install/dobot_msgs_v4/share/dobot_msgs_v4/srv/VelL.srv
[1.584s] -- Up-to-date: /home/user/dobot_ws/install/dobot_msgs_v4/share/dobot_msgs_v4/srv/VelL_Request.msg
[1.584s] -- Up-to-date: /home/user/dobot_ws/install/dobot_msgs_v4/share/dobot_msgs_v4/srv/VelL_Response.msg
[1.584s] -- Up-to-date: /home/user/dobot_ws/install/dobot_msgs_v4/share/dobot_msgs_v4/srv/CP.srv
[1.584s] -- Up-to-date: /home/user/dobot_ws/install/dobot_msgs_v4/share/dobot_msgs_v4/srv/CP_Request.msg
[1.584s] -- Up-to-date: /home/user/dobot_ws/install/dobot_msgs_v4/share/dobot_msgs_v4/srv/CP_Response.msg
[1.584s] -- Up-to-date: /home/user/dobot_ws/install/dobot_msgs_v4/share/dobot_msgs_v4/srv/PowerOn.srv
[1.584s] -- Up-to-date: /home/user/dobot_ws/install/dobot_msgs_v4/share/dobot_msgs_v4/srv/PowerOn_Request.msg
[1.584s] -- Up-to-date: /home/user/dobot_ws/install/dobot_msgs_v4/share/dobot_msgs_v4/srv/PowerOn_Response.msg
[1.584s] -- Up-to-date: /home/user/dobot_ws/install/dobot_msgs_v4/share/dobot_msgs_v4/srv/RunScript.srv
[1.584s] -- Up-to-date: /home/user/dobot_ws/install/dobot_msgs_v4/share/dobot_msgs_v4/srv/RunScript_Request.msg
[1.584s] -- Up-to-date: /home/user/dobot_ws/install/dobot_msgs_v4/share/dobot_msgs_v4/srv/RunScript_Response.msg
[1.584s] -- Up-to-date: /home/user/dobot_ws/install/dobot_msgs_v4/share/dobot_msgs_v4/srv/Stop.srv
[1.584s] -- Up-to-date: /home/user/dobot_ws/install/dobot_msgs_v4/share/dobot_msgs_v4/srv/Stop_Request.msg
[1.584s] -- Up-to-date: /home/user/dobot_ws/install/dobot_msgs_v4/share/dobot_msgs_v4/srv/Stop_Response.msg
[1.584s] -- Up-to-date: /home/user/dobot_ws/install/dobot_msgs_v4/share/dobot_msgs_v4/srv/Pause.srv
[1.584s] -- Up-to-date: /home/user/dobot_ws/install/dobot_msgs_v4/share/dobot_msgs_v4/srv/Pause_Request.msg
[1.584s] -- Up-to-date: /home/user/dobot_ws/install/dobot_msgs_v4/share/dobot_msgs_v4/srv/Pause_Response.msg
[1.584s] -- Up-to-date: /home/user/dobot_ws/install/dobot_msgs_v4/share/dobot_msgs_v4/srv/Continue.srv
[1.584s] -- Up-to-date: /home/user/dobot_ws/install/dobot_msgs_v4/share/dobot_msgs_v4/srv/Continue_Request.msg
[1.584s] -- Up-to-date: /home/user/dobot_ws/install/dobot_msgs_v4/share/dobot_msgs_v4/srv/Continue_Response.msg
[1.584s] -- Up-to-date: /home/user/dobot_ws/install/dobot_msgs_v4/share/dobot_msgs_v4/srv/PositiveKin.srv
[1.585s] -- Up-to-date: /home/user/dobot_ws/install/dobot_msgs_v4/share/dobot_msgs_v4/srv/PositiveKin_Request.msg
[1.585s] -- Up-to-date: /home/user/dobot_ws/install/dobot_msgs_v4/share/dobot_msgs_v4/srv/PositiveKin_Response.msg
[1.585s] -- Up-to-date: /home/user/dobot_ws/install/dobot_msgs_v4/share/dobot_msgs_v4/srv/InverseKin.srv
[1.585s] -- Up-to-date: /home/user/dobot_ws/install/dobot_msgs_v4/share/dobot_msgs_v4/srv/InverseKin_Request.msg
[1.586s] -- Up-to-date: /home/user/dobot_ws/install/dobot_msgs_v4/share/dobot_msgs_v4/srv/InverseKin_Response.msg
[1.586s] -- Up-to-date: /home/user/dobot_ws/install/dobot_msgs_v4/share/dobot_msgs_v4/srv/SetCollisionLevel.srv
[1.586s] -- Up-to-date: /home/user/dobot_ws/install/dobot_msgs_v4/share/dobot_msgs_v4/srv/SetCollisionLevel_Request.msg
[1.587s] -- Up-to-date: /home/user/dobot_ws/install/dobot_msgs_v4/share/dobot_msgs_v4/srv/SetCollisionLevel_Response.msg
[1.587s] -- Up-to-date: /home/user/dobot_ws/install/dobot_msgs_v4/share/dobot_msgs_v4/srv/GetAngle.srv
[1.587s] -- Up-to-date: /home/user/dobot_ws/install/dobot_msgs_v4/share/dobot_msgs_v4/srv/GetAngle_Request.msg
[1.587s] -- Up-to-date: /home/user/dobot_ws/install/dobot_msgs_v4/share/dobot_msgs_v4/srv/GetAngle_Response.msg
[1.587s] -- Up-to-date: /home/user/dobot_ws/install/dobot_msgs_v4/share/dobot_msgs_v4/srv/GetPose.srv
[1.587s] -- Up-to-date: /home/user/dobot_ws/install/dobot_msgs_v4/share/dobot_msgs_v4/srv/GetPose_Request.msg
[1.587s] -- Up-to-date: /home/user/dobot_ws/install/dobot_msgs_v4/share/dobot_msgs_v4/srv/GetPose_Response.msg
[1.587s] -- Up-to-date: /home/user/dobot_ws/install/dobot_msgs_v4/share/dobot_msgs_v4/srv/EmergencyStop.srv
[1.587s] -- Up-to-date: /home/user/dobot_ws/install/dobot_msgs_v4/share/dobot_msgs_v4/srv/EmergencyStop_Request.msg
[1.587s] -- Up-to-date: /home/user/dobot_ws/install/dobot_msgs_v4/share/dobot_msgs_v4/srv/EmergencyStop_Response.msg
[1.587s] -- Up-to-date: /home/user/dobot_ws/install/dobot_msgs_v4/share/dobot_msgs_v4/srv/ModbusRTUCreate.srv
[1.587s] -- Up-to-date: /home/user/dobot_ws/install/dobot_msgs_v4/share/dobot_msgs_v4/srv/ModbusRTUCreate_Request.msg
[1.587s] -- Up-to-date: /home/user/dobot_ws/install/dobot_msgs_v4/share/dobot_msgs_v4/srv/ModbusRTUCreate_Response.msg
[1.587s] -- Up-to-date: /home/user/dobot_ws/install/dobot_msgs_v4/share/dobot_msgs_v4/srv/ModbusCreate.srv
[1.587s] -- Up-to-date: /home/user/dobot_ws/install/dobot_msgs_v4/share/dobot_msgs_v4/srv/ModbusCreate_Request.msg
[1.587s] -- Up-to-date: /home/user/dobot_ws/install/dobot_msgs_v4/share/dobot_msgs_v4/srv/ModbusCreate_Response.msg
[1.587s] -- Up-to-date: /home/user/dobot_ws/install/dobot_msgs_v4/share/dobot_msgs_v4/srv/ModbusClose.srv
[1.587s] -- Up-to-date: /home/user/dobot_ws/install/dobot_msgs_v4/share/dobot_msgs_v4/srv/ModbusClose_Request.msg
[1.587s] -- Up-to-date: /home/user/dobot_ws/install/dobot_msgs_v4/share/dobot_msgs_v4/srv/ModbusClose_Response.msg
[1.587s] -- Up-to-date: /home/user/dobot_ws/install/dobot_msgs_v4/share/dobot_msgs_v4/srv/GetInBits.srv
[1.587s] -- Up-to-date: /home/user/dobot_ws/install/dobot_msgs_v4/share/dobot_msgs_v4/srv/GetInBits_Request.msg
[1.587s] -- Up-to-date: /home/user/dobot_ws/install/dobot_msgs_v4/share/dobot_msgs_v4/srv/GetInBits_Response.msg
[1.587s] -- Up-to-date: /home/user/dobot_ws/install/dobot_msgs_v4/share/dobot_msgs_v4/srv/GetInRegs.srv
[1.588s] -- Up-to-date: /home/user/dobot_ws/install/dobot_msgs_v4/share/dobot_msgs_v4/srv/GetInRegs_Request.msg
[1.588s] -- Up-to-date: /home/user/dobot_ws/install/dobot_msgs_v4/share/dobot_msgs_v4/srv/GetInRegs_Response.msg
[1.588s] -- Up-to-date: /home/user/dobot_ws/install/dobot_msgs_v4/share/dobot_msgs_v4/srv/GetCoils.srv
[1.588s] -- Up-to-date: /home/user/dobot_ws/install/dobot_msgs_v4/share/dobot_msgs_v4/srv/GetCoils_Request.msg
[1.588s] -- Up-to-date: /home/user/dobot_ws/install/dobot_msgs_v4/share/dobot_msgs_v4/srv/GetCoils_Response.msg
[1.588s] -- Up-to-date: /home/user/dobot_ws/install/dobot_msgs_v4/share/dobot_msgs_v4/srv/SetCoils.srv
[1.588s] -- Up-to-date: /home/user/dobot_ws/install/dobot_msgs_v4/share/dobot_msgs_v4/srv/SetCoils_Request.msg
[1.588s] -- Up-to-date: /home/user/dobot_ws/install/dobot_msgs_v4/share/dobot_msgs_v4/srv/SetCoils_Response.msg
[1.588s] -- Up-to-date: /home/user/dobot_ws/install/dobot_msgs_v4/share/dobot_msgs_v4/srv/GetHoldRegs.srv
[1.588s] -- Up-to-date: /home/user/dobot_ws/install/dobot_msgs_v4/share/dobot_msgs_v4/srv/GetHoldRegs_Request.msg
[1.588s] -- Up-to-date: /home/user/dobot_ws/install/dobot_msgs_v4/share/dobot_msgs_v4/srv/GetHoldRegs_Response.msg
[1.589s] -- Up-to-date: /home/user/dobot_ws/install/dobot_msgs_v4/share/dobot_msgs_v4/srv/SetHoldRegs.srv
[1.589s] -- Up-to-date: /home/user/dobot_ws/install/dobot_msgs_v4/share/dobot_msgs_v4/srv/SetHoldRegs_Request.msg
[1.589s] -- Up-to-date: /home/user/dobot_ws/install/dobot_msgs_v4/share/dobot_msgs_v4/srv/SetHoldRegs_Response.msg
[1.589s] -- Up-to-date: /home/user/dobot_ws/install/dobot_msgs_v4/share/dobot_msgs_v4/srv/SetSafeSkin.srv
[1.589s] -- Up-to-date: /home/user/dobot_ws/install/dobot_msgs_v4/share/dobot_msgs_v4/srv/SetSafeSkin_Request.msg
[1.589s] -- Up-to-date: /home/user/dobot_ws/install/dobot_msgs_v4/share/dobot_msgs_v4/srv/SetSafeSkin_Response.msg
[1.589s] -- Up-to-date: /home/user/dobot_ws/install/dobot_msgs_v4/share/dobot_msgs_v4/srv/MovJ.srv
[1.590s] -- Up-to-date: /home/user/dobot_ws/install/dobot_msgs_v4/share/dobot_msgs_v4/srv/MovJ_Request.msg
[1.590s] -- Up-to-date: /home/user/dobot_ws/install/dobot_msgs_v4/share/dobot_msgs_v4/srv/MovJ_Response.msg
[1.590s] -- Up-to-date: /home/user/dobot_ws/install/dobot_msgs_v4/share/dobot_msgs_v4/srv/MovL.srv
[1.590s] -- Up-to-date: /home/user/dobot_ws/install/dobot_msgs_v4/share/dobot_msgs_v4/srv/MovL_Request.msg
[1.590s] -- Up-to-date: /home/user/dobot_ws/install/dobot_msgs_v4/share/dobot_msgs_v4/srv/MovL_Response.msg
[1.590s] -- Up-to-date: /home/user/dobot_ws/install/dobot_msgs_v4/share/dobot_msgs_v4/srv/RelJointMovJ.srv
[1.590s] -- Up-to-date: /home/user/dobot_ws/install/dobot_msgs_v4/share/dobot_msgs_v4/srv/RelJointMovJ_Request.msg
[1.590s] -- Up-to-date: /home/user/dobot_ws/install/dobot_msgs_v4/share/dobot_msgs_v4/srv/RelJointMovJ_Response.msg
[1.590s] -- Up-to-date: /home/user/dobot_ws/install/dobot_msgs_v4/share/dobot_msgs_v4/srv/MoveJog.srv
[1.590s] -- Up-to-date: /home/user/dobot_ws/install/dobot_msgs_v4/share/dobot_msgs_v4/srv/MoveJog_Request.msg
[1.591s] -- Up-to-date: /home/user/dobot_ws/install/dobot_msgs_v4/share/dobot_msgs_v4/srv/MoveJog_Response.msg
[1.591s] -- Up-to-date: /home/user/dobot_ws/install/dobot_msgs_v4/share/dobot_msgs_v4/srv/StopMoveJog.srv
[1.591s] -- Up-to-date: /home/user/dobot_ws/install/dobot_msgs_v4/share/dobot_msgs_v4/srv/StopMoveJog_Request.msg
[1.591s] -- Up-to-date: /home/user/dobot_ws/install/dobot_msgs_v4/share/dobot_msgs_v4/srv/StopMoveJog_Response.msg
[1.591s] -- Up-to-date: /home/user/dobot_ws/install/dobot_msgs_v4/share/dobot_msgs_v4/srv/DOGroup.srv
[1.591s] -- Up-to-date: /home/user/dobot_ws/install/dobot_msgs_v4/share/dobot_msgs_v4/srv/DOGroup_Request.msg
[1.591s] -- Up-to-date: /home/user/dobot_ws/install/dobot_msgs_v4/share/dobot_msgs_v4/srv/DOGroup_Response.msg
[1.591s] -- Up-to-date: /home/user/dobot_ws/install/dobot_msgs_v4/share/dobot_msgs_v4/srv/BrakeControl.srv
[1.591s] -- Up-to-date: /home/user/dobot_ws/install/dobot_msgs_v4/share/dobot_msgs_v4/srv/BrakeControl_Request.msg
[1.591s] -- Up-to-date: /home/user/dobot_ws/install/dobot_msgs_v4/share/dobot_msgs_v4/srv/BrakeControl_Response.msg
[1.592s] -- Up-to-date: /home/user/dobot_ws/install/dobot_msgs_v4/share/dobot_msgs_v4/srv/StartDrag.srv
[1.592s] -- Up-to-date: /home/user/dobot_ws/install/dobot_msgs_v4/share/dobot_msgs_v4/srv/StartDrag_Request.msg
[1.592s] -- Up-to-date: /home/user/dobot_ws/install/dobot_msgs_v4/share/dobot_msgs_v4/srv/StartDrag_Response.msg
[1.592s] -- Up-to-date: /home/user/dobot_ws/install/dobot_msgs_v4/share/dobot_msgs_v4/srv/EnableSafeSkin.srv
[1.592s] -- Up-to-date: /home/user/dobot_ws/install/dobot_msgs_v4/share/dobot_msgs_v4/srv/EnableSafeSkin_Request.msg
[1.592s] -- Up-to-date: /home/user/dobot_ws/install/dobot_msgs_v4/share/dobot_msgs_v4/srv/EnableSafeSkin_Response.msg
[1.592s] -- Up-to-date: /home/user/dobot_ws/install/dobot_msgs_v4/share/dobot_msgs_v4/srv/GetStartPose.srv
[1.592s] -- Up-to-date: /home/user/dobot_ws/install/dobot_msgs_v4/share/dobot_msgs_v4/srv/GetStartPose_Request.msg
[1.592s] -- Up-to-date: /home/user/dobot_ws/install/dobot_msgs_v4/share/dobot_msgs_v4/srv/GetStartPose_Response.msg
[1.592s] -- Up-to-date: /home/user/dobot_ws/install/dobot_msgs_v4/share/dobot_msgs_v4/srv/StartPath.srv
[1.593s] -- Up-to-date: /home/user/dobot_ws/install/dobot_msgs_v4/share/dobot_msgs_v4/srv/StartPath_Request.msg
[1.593s] -- Up-to-date: /home/user/dobot_ws/install/dobot_msgs_v4/share/dobot_msgs_v4/srv/StartPath_Response.msg
[1.593s] -- Up-to-date: /home/user/dobot_ws/install/dobot_msgs_v4/share/dobot_msgs_v4/srv/InverseSolution.srv
[1.593s] -- Up-to-date: /home/user/dobot_ws/install/dobot_msgs_v4/share/dobot_msgs_v4/srv/InverseSolution_Request.msg
[1.593s] -- Up-to-date: /home/user/dobot_ws/install/dobot_msgs_v4/share/dobot_msgs_v4/srv/InverseSolution_Response.msg
[1.593s] -- Up-to-date: /home/user/dobot_ws/install/dobot_msgs_v4/share/dobot_msgs_v4/srv/GetErrorID.srv
[1.593s] -- Up-to-date: /home/user/dobot_ws/install/dobot_msgs_v4/share/dobot_msgs_v4/srv/GetErrorID_Request.msg
[1.593s] -- Up-to-date: /home/user/dobot_ws/install/dobot_msgs_v4/share/dobot_msgs_v4/srv/GetErrorID_Response.msg
[1.593s] -- Up-to-date: /home/user/dobot_ws/install/dobot_msgs_v4/share/dobot_msgs_v4/srv/DI.srv
[1.594s] -- Up-to-date: /home/user/dobot_ws/install/dobot_msgs_v4/share/dobot_msgs_v4/srv/DI_Request.msg
[1.594s] -- Up-to-date: /home/user/dobot_ws/install/dobot_msgs_v4/share/dobot_msgs_v4/srv/DI_Response.msg
[1.594s] -- Up-to-date: /home/user/dobot_ws/install/dobot_msgs_v4/share/dobot_msgs_v4/srv/ToolDI.srv
[1.594s] -- Up-to-date: /home/user/dobot_ws/install/dobot_msgs_v4/share/dobot_msgs_v4/srv/ToolDI_Request.msg
[1.594s] -- Up-to-date: /home/user/dobot_ws/install/dobot_msgs_v4/share/dobot_msgs_v4/srv/ToolDI_Response.msg
[1.594s] -- Up-to-date: /home/user/dobot_ws/install/dobot_msgs_v4/share/dobot_msgs_v4/srv/AI.srv
[1.594s] -- Up-to-date: /home/user/dobot_ws/install/dobot_msgs_v4/share/dobot_msgs_v4/srv/AI_Request.msg
[1.594s] -- Up-to-date: /home/user/dobot_ws/install/dobot_msgs_v4/share/dobot_msgs_v4/srv/AI_Response.msg
[1.594s] -- Up-to-date: /home/user/dobot_ws/install/dobot_msgs_v4/share/dobot_msgs_v4/srv/ToolAI.srv
[1.594s] -- Up-to-date: /home/user/dobot_ws/install/dobot_msgs_v4/share/dobot_msgs_v4/srv/ToolAI_Request.msg
[1.595s] -- Up-to-date: /home/user/dobot_ws/install/dobot_msgs_v4/share/dobot_msgs_v4/srv/ToolAI_Response.msg
[1.595s] -- Up-to-date: /home/user/dobot_ws/install/dobot_msgs_v4/share/dobot_msgs_v4/srv/DIGroup.srv
[1.595s] -- Up-to-date: /home/user/dobot_ws/install/dobot_msgs_v4/share/dobot_msgs_v4/srv/DIGroup_Request.msg
[1.595s] -- Up-to-date: /home/user/dobot_ws/install/dobot_msgs_v4/share/dobot_msgs_v4/srv/DIGroup_Response.msg
[1.595s] -- Up-to-date: /home/user/dobot_ws/install/dobot_msgs_v4/share/dobot_msgs_v4/srv/StopDrag.srv
[1.595s] -- Up-to-date: /home/user/dobot_ws/install/dobot_msgs_v4/share/dobot_msgs_v4/srv/StopDrag_Request.msg
[1.595s] -- Up-to-date: /home/user/dobot_ws/install/dobot_msgs_v4/share/dobot_msgs_v4/srv/StopDrag_Response.msg
[1.595s] -- Up-to-date: /home/user/dobot_ws/install/dobot_msgs_v4/share/dobot_msgs_v4/srv/DragSensivity.srv
[1.595s] -- Up-to-date: /home/user/dobot_ws/install/dobot_msgs_v4/share/dobot_msgs_v4/srv/DragSensivity_Request.msg
[1.595s] -- Up-to-date: /home/user/dobot_ws/install/dobot_msgs_v4/share/dobot_msgs_v4/srv/DragSensivity_Response.msg
[1.595s] -- Up-to-date: /home/user/dobot_ws/install/dobot_msgs_v4/share/dobot_msgs_v4/srv/GetDO.srv
[1.595s] -- Up-to-date: /home/user/dobot_ws/install/dobot_msgs_v4/share/dobot_msgs_v4/srv/GetDO_Request.msg
[1.595s] -- Up-to-date: /home/user/dobot_ws/install/dobot_msgs_v4/share/dobot_msgs_v4/srv/GetDO_Response.msg
[1.595s] -- Up-to-date: /home/user/dobot_ws/install/dobot_msgs_v4/share/dobot_msgs_v4/srv/GetAO.srv
[1.596s] -- Up-to-date: /home/user/dobot_ws/install/dobot_msgs_v4/share/dobot_msgs_v4/srv/GetAO_Request.msg
[1.596s] -- Up-to-date: /home/user/dobot_ws/install/dobot_msgs_v4/share/dobot_msgs_v4/srv/GetAO_Response.msg
[1.596s] -- Up-to-date: /home/user/dobot_ws/install/dobot_msgs_v4/share/dobot_msgs_v4/srv/GetDOGroup.srv
[1.596s] -- Up-to-date: /home/user/dobot_ws/install/dobot_msgs_v4/share/dobot_msgs_v4/srv/GetDOGroup_Request.msg
[1.596s] -- Up-to-date: /home/user/dobot_ws/install/dobot_msgs_v4/share/dobot_msgs_v4/srv/GetDOGroup_Response.msg
[1.596s] -- Up-to-date: /home/user/dobot_ws/install/dobot_msgs_v4/share/dobot_msgs_v4/srv/SetTool485.srv
[1.596s] -- Up-to-date: /home/user/dobot_ws/install/dobot_msgs_v4/share/dobot_msgs_v4/srv/SetTool485_Request.msg
[1.596s] -- Up-to-date: /home/user/dobot_ws/install/dobot_msgs_v4/share/dobot_msgs_v4/srv/SetTool485_Response.msg
[1.596s] -- Up-to-date: /home/user/dobot_ws/install/dobot_msgs_v4/share/dobot_msgs_v4/srv/SetSafeWallEnable.srv
[1.597s] -- Up-to-date: /home/user/dobot_ws/install/dobot_msgs_v4/share/dobot_msgs_v4/srv/SetSafeWallEnable_Request.msg
[1.597s] -- Up-to-date: /home/user/dobot_ws/install/dobot_msgs_v4/share/dobot_msgs_v4/srv/SetSafeWallEnable_Response.msg
[1.597s] -- Up-to-date: /home/user/dobot_ws/install/dobot_msgs_v4/share/dobot_msgs_v4/srv/SetToolPower.srv
[1.597s] -- Up-to-date: /home/user/dobot_ws/install/dobot_msgs_v4/share/dobot_msgs_v4/srv/SetToolPower_Request.msg
[1.597s] -- Up-to-date: /home/user/dobot_ws/install/dobot_msgs_v4/share/dobot_msgs_v4/srv/SetToolPower_Response.msg
[1.597s] -- Up-to-date: /home/user/dobot_ws/install/dobot_msgs_v4/share/dobot_msgs_v4/srv/SetToolMode.srv
[1.597s] -- Up-to-date: /home/user/dobot_ws/install/dobot_msgs_v4/share/dobot_msgs_v4/srv/SetToolMode_Request.msg
[1.597s] -- Up-to-date: /home/user/dobot_ws/install/dobot_msgs_v4/share/dobot_msgs_v4/srv/SetToolMode_Response.msg
[1.597s] -- Up-to-date: /home/user/dobot_ws/install/dobot_msgs_v4/share/dobot_msgs_v4/srv/SetBackDistance.srv
[1.597s] -- Up-to-date: /home/user/dobot_ws/install/dobot_msgs_v4/share/dobot_msgs_v4/srv/SetBackDistance_Request.msg
[1.597s] -- Up-to-date: /home/user/dobot_ws/install/dobot_msgs_v4/share/dobot_msgs_v4/srv/SetBackDistance_Response.msg
[1.597s] -- Up-to-date: /home/user/dobot_ws/install/dobot_msgs_v4/share/dobot_msgs_v4/srv/SetPostCollisionMode.srv
[1.598s] -- Up-to-date: /home/user/dobot_ws/install/dobot_msgs_v4/share/dobot_msgs_v4/srv/SetPostCollisionMode_Request.msg
[1.598s] -- Up-to-date: /home/user/dobot_ws/install/dobot_msgs_v4/share/dobot_msgs_v4/srv/SetPostCollisionMode_Response.msg
[1.598s] -- Up-to-date: /home/user/dobot_ws/install/dobot_msgs_v4/share/dobot_msgs_v4/srv/SetUser.srv
[1.598s] -- Up-to-date: /home/user/dobot_ws/install/dobot_msgs_v4/share/dobot_msgs_v4/srv/SetUser_Request.msg
[1.598s] -- Up-to-date: /home/user/dobot_ws/install/dobot_msgs_v4/share/dobot_msgs_v4/srv/SetUser_Response.msg
[1.598s] -- Up-to-date: /home/user/dobot_ws/install/dobot_msgs_v4/share/dobot_msgs_v4/srv/SetTool.srv
[1.598s] -- Up-to-date: /home/user/dobot_ws/install/dobot_msgs_v4/share/dobot_msgs_v4/srv/SetTool_Request.msg
[1.598s] -- Up-to-date: /home/user/dobot_ws/install/dobot_msgs_v4/share/dobot_msgs_v4/srv/SetTool_Response.msg
[1.598s] -- Up-to-date: /home/user/dobot_ws/install/dobot_msgs_v4/share/dobot_msgs_v4/srv/CalcUser.srv
[1.598s] -- Up-to-date: /home/user/dobot_ws/install/dobot_msgs_v4/share/dobot_msgs_v4/srv/CalcUser_Request.msg
[1.598s] -- Up-to-date: /home/user/dobot_ws/install/dobot_msgs_v4/share/dobot_msgs_v4/srv/CalcUser_Response.msg
[1.599s] -- Up-to-date: /home/user/dobot_ws/install/dobot_msgs_v4/share/dobot_msgs_v4/srv/CalcTool.srv
[1.599s] -- Up-to-date: /home/user/dobot_ws/install/dobot_msgs_v4/share/dobot_msgs_v4/srv/CalcTool_Request.msg
[1.599s] -- Up-to-date: /home/user/dobot_ws/install/dobot_msgs_v4/share/dobot_msgs_v4/srv/CalcTool_Response.msg
[1.599s] -- Up-to-date: /home/user/dobot_ws/install/dobot_msgs_v4/share/dobot_msgs_v4/srv/GetInputBool.srv
[1.599s] -- Up-to-date: /home/user/dobot_ws/install/dobot_msgs_v4/share/dobot_msgs_v4/srv/GetInputBool_Request.msg
[1.599s] -- Up-to-date: /home/user/dobot_ws/install/dobot_msgs_v4/share/dobot_msgs_v4/srv/GetInputBool_Response.msg
[1.599s] -- Up-to-date: /home/user/dobot_ws/install/dobot_msgs_v4/share/dobot_msgs_v4/srv/GetInputInt.srv
[1.599s] -- Up-to-date: /home/user/dobot_ws/install/dobot_msgs_v4/share/dobot_msgs_v4/srv/GetInputInt_Request.msg
[1.599s] -- Up-to-date: /home/user/dobot_ws/install/dobot_msgs_v4/share/dobot_msgs_v4/srv/GetInputInt_Response.msg
[1.600s] -- Up-to-date: /home/user/dobot_ws/install/dobot_msgs_v4/share/dobot_msgs_v4/srv/GetInputFloat.srv
[1.600s] -- Up-to-date: /home/user/dobot_ws/install/dobot_msgs_v4/share/dobot_msgs_v4/srv/GetInputFloat_Request.msg
[1.600s] -- Up-to-date: /home/user/dobot_ws/install/dobot_msgs_v4/share/dobot_msgs_v4/srv/GetInputFloat_Response.msg
[1.600s] -- Up-to-date: /home/user/dobot_ws/install/dobot_msgs_v4/share/dobot_msgs_v4/srv/GetOutputBool.srv
[1.600s] -- Up-to-date: /home/user/dobot_ws/install/dobot_msgs_v4/share/dobot_msgs_v4/srv/GetOutputBool_Request.msg
[1.600s] -- Up-to-date: /home/user/dobot_ws/install/dobot_msgs_v4/share/dobot_msgs_v4/srv/GetOutputBool_Response.msg
[1.600s] -- Up-to-date: /home/user/dobot_ws/install/dobot_msgs_v4/share/dobot_msgs_v4/srv/GetOutputInt.srv
[1.600s] -- Up-to-date: /home/user/dobot_ws/install/dobot_msgs_v4/share/dobot_msgs_v4/srv/GetOutputInt_Request.msg
[1.600s] -- Up-to-date: /home/user/dobot_ws/install/dobot_msgs_v4/share/dobot_msgs_v4/srv/GetOutputInt_Response.msg
[1.600s] -- Up-to-date: /home/user/dobot_ws/install/dobot_msgs_v4/share/dobot_msgs_v4/srv/GetOutputFloat.srv
[1.600s] -- Up-to-date: /home/user/dobot_ws/install/dobot_msgs_v4/share/dobot_msgs_v4/srv/GetOutputFloat_Request.msg
[1.600s] -- Up-to-date: /home/user/dobot_ws/install/dobot_msgs_v4/share/dobot_msgs_v4/srv/GetOutputFloat_Response.msg
[1.600s] -- Up-to-date: /home/user/dobot_ws/install/dobot_msgs_v4/share/dobot_msgs_v4/srv/SetOutputBool.srv
[1.600s] -- Up-to-date: /home/user/dobot_ws/install/dobot_msgs_v4/share/dobot_msgs_v4/srv/SetOutputBool_Request.msg
[1.600s] -- Up-to-date: /home/user/dobot_ws/install/dobot_msgs_v4/share/dobot_msgs_v4/srv/SetOutputBool_Response.msg
[1.600s] -- Up-to-date: /home/user/dobot_ws/install/dobot_msgs_v4/share/dobot_msgs_v4/srv/SetOutputInt.srv
[1.600s] -- Up-to-date: /home/user/dobot_ws/install/dobot_msgs_v4/share/dobot_msgs_v4/srv/SetOutputInt_Request.msg
[1.600s] -- Up-to-date: /home/user/dobot_ws/install/dobot_msgs_v4/share/dobot_msgs_v4/srv/SetOutputInt_Response.msg
[1.601s] -- Up-to-date: /home/user/dobot_ws/install/dobot_msgs_v4/share/dobot_msgs_v4/srv/SetOutputFloat.srv
[1.601s] -- Up-to-date: /home/user/dobot_ws/install/dobot_msgs_v4/share/dobot_msgs_v4/srv/SetOutputFloat_Request.msg
[1.601s] -- Up-to-date: /home/user/dobot_ws/install/dobot_msgs_v4/share/dobot_msgs_v4/srv/SetOutputFloat_Response.msg
[1.601s] -- Up-to-date: /home/user/dobot_ws/install/dobot_msgs_v4/share/dobot_msgs_v4/srv/MovLIO.srv
[1.601s] -- Up-to-date: /home/user/dobot_ws/install/dobot_msgs_v4/share/dobot_msgs_v4/srv/MovLIO_Request.msg
[1.601s] -- Up-to-date: /home/user/dobot_ws/install/dobot_msgs_v4/share/dobot_msgs_v4/srv/MovLIO_Response.msg
[1.601s] -- Up-to-date: /home/user/dobot_ws/install/dobot_msgs_v4/share/dobot_msgs_v4/srv/MovJIO.srv
[1.601s] -- Up-to-date: /home/user/dobot_ws/install/dobot_msgs_v4/share/dobot_msgs_v4/srv/MovJIO_Request.msg
[1.601s] -- Up-to-date: /home/user/dobot_ws/install/dobot_msgs_v4/share/dobot_msgs_v4/srv/MovJIO_Response.msg
[1.601s] -- Up-to-date: /home/user/dobot_ws/install/dobot_msgs_v4/share/dobot_msgs_v4/srv/Arc.srv
[1.601s] -- Up-to-date: /home/user/dobot_ws/install/dobot_msgs_v4/share/dobot_msgs_v4/srv/Arc_Request.msg
[1.601s] -- Up-to-date: /home/user/dobot_ws/install/dobot_msgs_v4/share/dobot_msgs_v4/srv/Arc_Response.msg
[1.602s] -- Up-to-date: /home/user/dobot_ws/install/dobot_msgs_v4/share/dobot_msgs_v4/srv/Circle.srv
[1.602s] -- Up-to-date: /home/user/dobot_ws/install/dobot_msgs_v4/share/dobot_msgs_v4/srv/Circle_Request.msg
[1.602s] -- Up-to-date: /home/user/dobot_ws/install/dobot_msgs_v4/share/dobot_msgs_v4/srv/Circle_Response.msg
[1.602s] -- Up-to-date: /home/user/dobot_ws/install/dobot_msgs_v4/share/dobot_msgs_v4/srv/RelMovJTool.srv
[1.602s] -- Up-to-date: /home/user/dobot_ws/install/dobot_msgs_v4/share/dobot_msgs_v4/srv/RelMovJTool_Request.msg
[1.602s] -- Up-to-date: /home/user/dobot_ws/install/dobot_msgs_v4/share/dobot_msgs_v4/srv/RelMovJTool_Response.msg
[1.602s] -- Up-to-date: /home/user/dobot_ws/install/dobot_msgs_v4/share/dobot_msgs_v4/srv/RelMovLTool.srv
[1.602s] -- Up-to-date: /home/user/dobot_ws/install/dobot_msgs_v4/share/dobot_msgs_v4/srv/RelMovLTool_Request.msg
[1.602s] -- Up-to-date: /home/user/dobot_ws/install/dobot_msgs_v4/share/dobot_msgs_v4/srv/RelMovLTool_Response.msg
[1.602s] -- Up-to-date: /home/user/dobot_ws/install/dobot_msgs_v4/share/dobot_msgs_v4/srv/RelMovJUser.srv
[1.602s] -- Up-to-date: /home/user/dobot_ws/install/dobot_msgs_v4/share/dobot_msgs_v4/srv/RelMovJUser_Request.msg
[1.602s] -- Up-to-date: /home/user/dobot_ws/install/dobot_msgs_v4/share/dobot_msgs_v4/srv/RelMovJUser_Response.msg
[1.602s] -- Up-to-date: /home/user/dobot_ws/install/dobot_msgs_v4/share/dobot_msgs_v4/srv/RelMovLUser.srv
[1.603s] -- Up-to-date: /home/user/dobot_ws/install/dobot_msgs_v4/share/dobot_msgs_v4/srv/RelMovLUser_Request.msg
[1.603s] -- Up-to-date: /home/user/dobot_ws/install/dobot_msgs_v4/share/dobot_msgs_v4/srv/RelMovLUser_Response.msg
[1.603s] -- Up-to-date: /home/user/dobot_ws/install/dobot_msgs_v4/share/dobot_msgs_v4/srv/GetCurrentCommandId.srv
[1.603s] -- Up-to-date: /home/user/dobot_ws/install/dobot_msgs_v4/share/dobot_msgs_v4/srv/GetCurrentCommandId_Request.msg
[1.603s] -- Up-to-date: /home/user/dobot_ws/install/dobot_msgs_v4/share/dobot_msgs_v4/srv/GetCurrentCommandId_Response.msg
[1.603s] -- Up-to-date: /home/user/dobot_ws/install/dobot_msgs_v4/share/dobot_msgs_v4/srv/ServoJ.srv
[1.603s] -- Up-to-date: /home/user/dobot_ws/install/dobot_msgs_v4/share/dobot_msgs_v4/srv/ServoJ_Request.msg
[1.603s] -- Up-to-date: /home/user/dobot_ws/install/dobot_msgs_v4/share/dobot_msgs_v4/srv/ServoJ_Response.msg
[1.603s] -- Up-to-date: /home/user/dobot_ws/install/dobot_msgs_v4/share/dobot_msgs_v4/srv/ServoP.srv
[1.603s] -- Up-to-date: /home/user/dobot_ws/install/dobot_msgs_v4/share/dobot_msgs_v4/srv/ServoP_Request.msg
[1.603s] -- Up-to-date: /home/user/dobot_ws/install/dobot_msgs_v4/share/dobot_msgs_v4/srv/ServoP_Response.msg
[1.604s] -- Up-to-date: /home/user/dobot_ws/install/dobot_msgs_v4/share/dobot_msgs_v4/srv/TcpDashboard.srv
[1.604s] -- Up-to-date: /home/user/dobot_ws/install/dobot_msgs_v4/share/dobot_msgs_v4/srv/TcpDashboard_Request.msg
[1.604s] -- Up-to-date: /home/user/dobot_ws/install/dobot_msgs_v4/share/dobot_msgs_v4/srv/TcpDashboard_Response.msg
[1.604s] -- Up-to-date: /home/user/dobot_ws/install/dobot_msgs_v4/share/dobot_msgs_v4/srv/EnableFTSensor.srv
[1.604s] -- Up-to-date: /home/user/dobot_ws/install/dobot_msgs_v4/share/dobot_msgs_v4/srv/EnableFTSensor_Request.msg
[1.604s] -- Up-to-date: /home/user/dobot_ws/install/dobot_msgs_v4/share/dobot_msgs_v4/srv/EnableFTSensor_Response.msg
[1.604s] -- Up-to-date: /home/user/dobot_ws/install/dobot_msgs_v4/share/dobot_msgs_v4/srv/SixForceHome.srv
[1.604s] -- Up-to-date: /home/user/dobot_ws/install/dobot_msgs_v4/share/dobot_msgs_v4/srv/SixForceHome_Request.msg
[1.604s] -- Up-to-date: /home/user/dobot_ws/install/dobot_msgs_v4/share/dobot_msgs_v4/srv/SixForceHome_Response.msg
[1.604s] -- Up-to-date: /home/user/dobot_ws/install/dobot_msgs_v4/share/dobot_msgs_v4/srv/GetForce.srv
[1.604s] -- Up-to-date: /home/user/dobot_ws/install/dobot_msgs_v4/share/dobot_msgs_v4/srv/GetForce_Request.msg
[1.605s] -- Up-to-date: /home/user/dobot_ws/install/dobot_msgs_v4/share/dobot_msgs_v4/srv/GetForce_Response.msg
[1.605s] -- Up-to-date: /home/user/dobot_ws/install/dobot_msgs_v4/share/dobot_msgs_v4/srv/ForceDriveMode.srv
[1.605s] -- Up-to-date: /home/user/dobot_ws/install/dobot_msgs_v4/share/dobot_msgs_v4/srv/ForceDriveMode_Request.msg
[1.605s] -- Up-to-date: /home/user/dobot_ws/install/dobot_msgs_v4/share/dobot_msgs_v4/srv/ForceDriveMode_Response.msg
[1.605s] -- Up-to-date: /home/user/dobot_ws/install/dobot_msgs_v4/share/dobot_msgs_v4/srv/ForceDriveSpeed.srv
[1.605s] -- Up-to-date: /home/user/dobot_ws/install/dobot_msgs_v4/share/dobot_msgs_v4/srv/ForceDriveSpeed_Request.msg
[1.605s] -- Up-to-date: /home/user/dobot_ws/install/dobot_msgs_v4/share/dobot_msgs_v4/srv/ForceDriveSpeed_Response.msg
[1.605s] -- Up-to-date: /home/user/dobot_ws/install/dobot_msgs_v4/share/dobot_msgs_v4/srv/FCForceMode.srv
[1.605s] -- Up-to-date: /home/user/dobot_ws/install/dobot_msgs_v4/share/dobot_msgs_v4/srv/FCForceMode_Request.msg
[1.605s] -- Up-to-date: /home/user/dobot_ws/install/dobot_msgs_v4/share/dobot_msgs_v4/srv/FCForceMode_Response.msg
[1.605s] -- Up-to-date: /home/user/dobot_ws/install/dobot_msgs_v4/share/dobot_msgs_v4/srv/FCSetDeviation.srv
[1.605s] -- Up-to-date: /home/user/dobot_ws/install/dobot_msgs_v4/share/dobot_msgs_v4/srv/FCSetDeviation_Request.msg
[1.605s] -- Up-to-date: /home/user/dobot_ws/install/dobot_msgs_v4/share/dobot_msgs_v4/srv/FCSetDeviation_Response.msg
[1.606s] -- Up-to-date: /home/user/dobot_ws/install/dobot_msgs_v4/share/dobot_msgs_v4/srv/FCSetForceLimit.srv
[1.606s] -- Up-to-date: /home/user/dobot_ws/install/dobot_msgs_v4/share/dobot_msgs_v4/srv/FCSetForceLimit_Request.msg
[1.606s] -- Up-to-date: /home/user/dobot_ws/install/dobot_msgs_v4/share/dobot_msgs_v4/srv/FCSetForceLimit_Response.msg
[1.606s] -- Up-to-date: /home/user/dobot_ws/install/dobot_msgs_v4/share/dobot_msgs_v4/srv/FCSetMass.srv
[1.606s] -- Up-to-date: /home/user/dobot_ws/install/dobot_msgs_v4/share/dobot_msgs_v4/srv/FCSetMass_Request.msg
[1.606s] -- Up-to-date: /home/user/dobot_ws/install/dobot_msgs_v4/share/dobot_msgs_v4/srv/FCSetMass_Response.msg
[1.606s] -- Up-to-date: /home/user/dobot_ws/install/dobot_msgs_v4/share/dobot_msgs_v4/srv/FCSetStiffness.srv
[1.606s] -- Up-to-date: /home/user/dobot_ws/install/dobot_msgs_v4/share/dobot_msgs_v4/srv/FCSetStiffness_Request.msg
[1.606s] -- Up-to-date: /home/user/dobot_ws/install/dobot_msgs_v4/share/dobot_msgs_v4/srv/FCSetStiffness_Response.msg
[1.606s] -- Up-to-date: /home/user/dobot_ws/install/dobot_msgs_v4/share/dobot_msgs_v4/srv/FCSetDamping.srv
[1.606s] -- Up-to-date: /home/user/dobot_ws/install/dobot_msgs_v4/share/dobot_msgs_v4/srv/FCSetDamping_Request.msg
[1.606s] -- Up-to-date: /home/user/dobot_ws/install/dobot_msgs_v4/share/dobot_msgs_v4/srv/FCSetDamping_Response.msg
[1.606s] -- Up-to-date: /home/user/dobot_ws/install/dobot_msgs_v4/share/dobot_msgs_v4/srv/FCOff.srv
[1.607s] -- Up-to-date: /home/user/dobot_ws/install/dobot_msgs_v4/share/dobot_msgs_v4/srv/FCOff_Request.msg
[1.607s] -- Up-to-date: /home/user/dobot_ws/install/dobot_msgs_v4/share/dobot_msgs_v4/srv/FCOff_Response.msg
[1.607s] -- Up-to-date: /home/user/dobot_ws/install/dobot_msgs_v4/share/dobot_msgs_v4/srv/FCSetForceSpeedLimit.srv
[1.607s] -- Up-to-date: /home/user/dobot_ws/install/dobot_msgs_v4/share/dobot_msgs_v4/srv/FCSetForceSpeedLimit_Request.msg
[1.607s] -- Up-to-date: /home/user/dobot_ws/install/dobot_msgs_v4/share/dobot_msgs_v4/srv/FCSetForceSpeedLimit_Response.msg
[1.607s] -- Up-to-date: /home/user/dobot_ws/install/dobot_msgs_v4/share/dobot_msgs_v4/srv/FCSetForce.srv
[1.607s] -- Up-to-date: /home/user/dobot_ws/install/dobot_msgs_v4/share/dobot_msgs_v4/srv/FCSetForce_Request.msg
[1.607s] -- Up-to-date: /home/user/dobot_ws/install/dobot_msgs_v4/share/dobot_msgs_v4/srv/FCSetForce_Response.msg
[1.607s] -- Up-to-date: /home/user/dobot_ws/install/dobot_msgs_v4/share/dobot_msgs_v4/srv/SetFCCollision.srv
[1.607s] -- Up-to-date: /home/user/dobot_ws/install/dobot_msgs_v4/share/dobot_msgs_v4/srv/SetFCCollision_Request.msg
[1.607s] -- Up-to-date: /home/user/dobot_ws/install/dobot_msgs_v4/share/dobot_msgs_v4/srv/SetFCCollision_Response.msg
[1.607s] -- Up-to-date: /home/user/dobot_ws/install/dobot_msgs_v4/share/dobot_msgs_v4/srv/FCCollisionSwitch.srv
[1.607s] -- Up-to-date: /home/user/dobot_ws/install/dobot_msgs_v4/share/dobot_msgs_v4/srv/FCCollisionSwitch_Request.msg
[1.608s] -- Up-to-date: /home/user/dobot_ws/install/dobot_msgs_v4/share/dobot_msgs_v4/srv/FCCollisionSwitch_Response.msg
[1.608s] -- Up-to-date: /home/user/dobot_ws/install/dobot_msgs_v4/share/dobot_msgs_v4/srv/SetWorkZoneEnable.srv
[1.608s] -- Up-to-date: /home/user/dobot_ws/install/dobot_msgs_v4/share/dobot_msgs_v4/srv/SetWorkZoneEnable_Request.msg
[1.608s] -- Up-to-date: /home/user/dobot_ws/install/dobot_msgs_v4/share/dobot_msgs_v4/srv/SetWorkZoneEnable_Response.msg
[1.608s] -- Up-to-date: /home/user/dobot_ws/install/dobot_msgs_v4/share/dobot_msgs_v4/srv/GetToolDO.srv
[1.608s] -- Up-to-date: /home/user/dobot_ws/install/dobot_msgs_v4/share/dobot_msgs_v4/srv/GetToolDO_Request.msg
[1.608s] -- Up-to-date: /home/user/dobot_ws/install/dobot_msgs_v4/share/dobot_msgs_v4/srv/GetToolDO_Response.msg
[1.608s] -- Up-to-date: /home/user/dobot_ws/install/dobot_msgs_v4/share/dobot_msgs_v4/srv/ResetRobot.srv
[1.608s] -- Up-to-date: /home/user/dobot_ws/install/dobot_msgs_v4/share/dobot_msgs_v4/srv/ResetRobot_Request.msg
[1.608s] -- Up-to-date: /home/user/dobot_ws/install/dobot_msgs_v4/share/dobot_msgs_v4/srv/ResetRobot_Response.msg
[1.608s] -- Up-to-date: /home/user/dobot_ws/install/dobot_msgs_v4/share/dobot_msgs_v4/srv/RunTo.srv
[1.608s] -- Up-to-date: /home/user/dobot_ws/install/dobot_msgs_v4/share/dobot_msgs_v4/srv/RunTo_Request.msg
[1.608s] -- Up-to-date: /home/user/dobot_ws/install/dobot_msgs_v4/share/dobot_msgs_v4/srv/RunTo_Response.msg
[1.608s] -- Up-to-date: /home/user/dobot_ws/install/dobot_msgs_v4/share/dobot_msgs_v4/srv/StartRTOffset.srv
[1.609s] -- Up-to-date: /home/user/dobot_ws/install/dobot_msgs_v4/share/dobot_msgs_v4/srv/StartRTOffset_Request.msg
[1.609s] -- Up-to-date: /home/user/dobot_ws/install/dobot_msgs_v4/share/dobot_msgs_v4/srv/StartRTOffset_Response.msg
[1.609s] -- Up-to-date: /home/user/dobot_ws/install/dobot_msgs_v4/share/dobot_msgs_v4/srv/EndRTOffset.srv
[1.609s] -- Up-to-date: /home/user/dobot_ws/install/dobot_msgs_v4/share/dobot_msgs_v4/srv/EndRTOffset_Request.msg
[1.609s] -- Up-to-date: /home/user/dobot_ws/install/dobot_msgs_v4/share/dobot_msgs_v4/srv/EndRTOffset_Response.msg
[1.609s] -- Up-to-date: /home/user/dobot_ws/install/dobot_msgs_v4/share/dobot_msgs_v4/srv/GetError.srv
[1.609s] -- Up-to-date: /home/user/dobot_ws/install/dobot_msgs_v4/share/dobot_msgs_v4/srv/GetError_Request.msg
[1.609s] -- Up-to-date: /home/user/dobot_ws/install/dobot_msgs_v4/share/dobot_msgs_v4/srv/GetError_Response.msg
[1.609s] -- Up-to-date: /home/user/dobot_ws/install/dobot_msgs_v4/share/dobot_msgs_v4/srv/DOGroupDEC.srv
[1.609s] -- Up-to-date: /home/user/dobot_ws/install/dobot_msgs_v4/share/dobot_msgs_v4/srv/DOGroupDEC_Request.msg
[1.609s] -- Up-to-date: /home/user/dobot_ws/install/dobot_msgs_v4/share/dobot_msgs_v4/srv/DOGroupDEC_Response.msg
[1.609s] -- Up-to-date: /home/user/dobot_ws/install/dobot_msgs_v4/share/dobot_msgs_v4/srv/GetDOGroupDEC.srv
[1.609s] -- Up-to-date: /home/user/dobot_ws/install/dobot_msgs_v4/share/dobot_msgs_v4/srv/GetDOGroupDEC_Request.msg
[1.609s] -- Up-to-date: /home/user/dobot_ws/install/dobot_msgs_v4/share/dobot_msgs_v4/srv/GetDOGroupDEC_Response.msg
[1.610s] -- Up-to-date: /home/user/dobot_ws/install/dobot_msgs_v4/share/dobot_msgs_v4/srv/DIGroupDEC.srv
[1.610s] -- Up-to-date: /home/user/dobot_ws/install/dobot_msgs_v4/share/dobot_msgs_v4/srv/DIGroupDEC_Request.msg
[1.610s] -- Up-to-date: /home/user/dobot_ws/install/dobot_msgs_v4/share/dobot_msgs_v4/srv/DIGroupDEC_Response.msg
[1.610s] -- Up-to-date: /home/user/dobot_ws/install/dobot_msgs_v4/share/dobot_msgs_v4/srv/RequestControl.srv
[1.610s] -- Up-to-date: /home/user/dobot_ws/install/dobot_msgs_v4/share/dobot_msgs_v4/srv/RequestControl_Request.msg
[1.610s] -- Up-to-date: /home/user/dobot_ws/install/dobot_msgs_v4/share/dobot_msgs_v4/srv/RequestControl_Response.msg
[1.610s] -- Up-to-date: /home/user/dobot_ws/install/dobot_msgs_v4/share/dobot_msgs_v4/srv/CheckOddMovL.srv
[1.610s] -- Up-to-date: /home/user/dobot_ws/install/dobot_msgs_v4/share/dobot_msgs_v4/srv/CheckOddMovL_Request.msg
[1.610s] -- Up-to-date: /home/user/dobot_ws/install/dobot_msgs_v4/share/dobot_msgs_v4/srv/CheckOddMovL_Response.msg
[1.610s] -- Up-to-date: /home/user/dobot_ws/install/dobot_msgs_v4/share/dobot_msgs_v4/srv/CheckOddMovJ.srv
[1.610s] -- Up-to-date: /home/user/dobot_ws/install/dobot_msgs_v4/share/dobot_msgs_v4/srv/CheckOddMovJ_Request.msg
[1.610s] -- Up-to-date: /home/user/dobot_ws/install/dobot_msgs_v4/share/dobot_msgs_v4/srv/CheckOddMovJ_Response.msg
[1.610s] -- Up-to-date: /home/user/dobot_ws/install/dobot_msgs_v4/share/dobot_msgs_v4/srv/CheckOddMovC.srv
[1.610s] -- Up-to-date: /home/user/dobot_ws/install/dobot_msgs_v4/share/dobot_msgs_v4/srv/CheckOddMovC_Request.msg
[1.610s] -- Up-to-date: /home/user/dobot_ws/install/dobot_msgs_v4/share/dobot_msgs_v4/srv/CheckOddMovC_Response.msg
[1.610s] -- Up-to-date: /home/user/dobot_ws/install/dobot_msgs_v4/share/ament_index/resource_index/package_run_dependencies/dobot_msgs_v4
[1.610s] -- Up-to-date: /home/user/dobot_ws/install/dobot_msgs_v4/share/ament_index/resource_index/parent_prefix_path/dobot_msgs_v4
[1.610s] -- Up-to-date: /home/user/dobot_ws/install/dobot_msgs_v4/share/dobot_msgs_v4/environment/ament_prefix_path.sh
[1.610s] -- Up-to-date: /home/user/dobot_ws/install/dobot_msgs_v4/share/dobot_msgs_v4/environment/ament_prefix_path.dsv
[1.610s] -- Up-to-date: /home/user/dobot_ws/install/dobot_msgs_v4/share/dobot_msgs_v4/environment/path.sh
[1.611s] -- Up-to-date: /home/user/dobot_ws/install/dobot_msgs_v4/share/dobot_msgs_v4/environment/path.dsv
[1.611s] -- Up-to-date: /home/user/dobot_ws/install/dobot_msgs_v4/share/dobot_msgs_v4/local_setup.bash
[1.611s] -- Up-to-date: /home/user/dobot_ws/install/dobot_msgs_v4/share/dobot_msgs_v4/local_setup.sh
[1.611s] -- Up-to-date: /home/user/dobot_ws/install/dobot_msgs_v4/share/dobot_msgs_v4/local_setup.zsh
[1.611s] -- Up-to-date: /home/user/dobot_ws/install/dobot_msgs_v4/share/dobot_msgs_v4/local_setup.dsv
[1.611s] -- Installing: /home/user/dobot_ws/install/dobot_msgs_v4/share/dobot_msgs_v4/package.dsv
[1.611s] -- Up-to-date: /home/user/dobot_ws/install/dobot_msgs_v4/share/ament_index/resource_index/packages/dobot_msgs_v4
[1.611s] -- Up-to-date: /home/user/dobot_ws/install/dobot_msgs_v4/share/dobot_msgs_v4/cmake/export_dobot_msgs_v4__rosidl_generator_cExport.cmake
[1.611s] -- Up-to-date: /home/user/dobot_ws/install/dobot_msgs_v4/share/dobot_msgs_v4/cmake/export_dobot_msgs_v4__rosidl_generator_cExport-noconfig.cmake
[1.611s] -- Up-to-date: /home/user/dobot_ws/install/dobot_msgs_v4/share/dobot_msgs_v4/cmake/export_dobot_msgs_v4__rosidl_typesupport_fastrtps_cExport.cmake
[1.611s] -- Up-to-date: /home/user/dobot_ws/install/dobot_msgs_v4/share/dobot_msgs_v4/cmake/export_dobot_msgs_v4__rosidl_typesupport_fastrtps_cExport-noconfig.cmake
[1.611s] -- Up-to-date: /home/user/dobot_ws/install/dobot_msgs_v4/share/dobot_msgs_v4/cmake/export_dobot_msgs_v4__rosidl_generator_cppExport.cmake
[1.611s] -- Up-to-date: /home/user/dobot_ws/install/dobot_msgs_v4/share/dobot_msgs_v4/cmake/export_dobot_msgs_v4__rosidl_typesupport_fastrtps_cppExport.cmake
[1.611s] -- Up-to-date: /home/user/dobot_ws/install/dobot_msgs_v4/share/dobot_msgs_v4/cmake/export_dobot_msgs_v4__rosidl_typesupport_fastrtps_cppExport-noconfig.cmake
[1.611s] -- Up-to-date: /home/user/dobot_ws/install/dobot_msgs_v4/share/dobot_msgs_v4/cmake/dobot_msgs_v4__rosidl_typesupport_introspection_cExport.cmake
[1.611s] -- Up-to-date: /home/user/dobot_ws/install/dobot_msgs_v4/share/dobot_msgs_v4/cmake/dobot_msgs_v4__rosidl_typesupport_introspection_cExport-noconfig.cmake
[1.611s] -- Up-to-date: /home/user/dobot_ws/install/dobot_msgs_v4/share/dobot_msgs_v4/cmake/dobot_msgs_v4__rosidl_typesupport_cExport.cmake
[1.611s] -- Up-to-date: /home/user/dobot_ws/install/dobot_msgs_v4/share/dobot_msgs_v4/cmake/dobot_msgs_v4__rosidl_typesupport_cExport-noconfig.cmake
[1.611s] -- Up-to-date: /home/user/dobot_ws/install/dobot_msgs_v4/share/dobot_msgs_v4/cmake/dobot_msgs_v4__rosidl_typesupport_introspection_cppExport.cmake
[1.611s] -- Up-to-date: /home/user/dobot_ws/install/dobot_msgs_v4/share/dobot_msgs_v4/cmake/dobot_msgs_v4__rosidl_typesupport_introspection_cppExport-noconfig.cmake
[1.611s] -- Up-to-date: /home/user/dobot_ws/install/dobot_msgs_v4/share/dobot_msgs_v4/cmake/dobot_msgs_v4__rosidl_typesupport_cppExport.cmake
[1.611s] -- Up-to-date: /home/user/dobot_ws/install/dobot_msgs_v4/share/dobot_msgs_v4/cmake/dobot_msgs_v4__rosidl_typesupport_cppExport-noconfig.cmake
[1.611s] -- Up-to-date: /home/user/dobot_ws/install/dobot_msgs_v4/share/dobot_msgs_v4/cmake/export_dobot_msgs_v4__rosidl_generator_pyExport.cmake
[1.611s] -- Up-to-date: /home/user/dobot_ws/install/dobot_msgs_v4/share/dobot_msgs_v4/cmake/export_dobot_msgs_v4__rosidl_generator_pyExport-noconfig.cmake
[1.612s] -- Up-to-date: /home/user/dobot_ws/install/dobot_msgs_v4/share/dobot_msgs_v4/cmake/rosidl_cmake-extras.cmake
[1.612s] -- Up-to-date: /home/user/dobot_ws/install/dobot_msgs_v4/share/dobot_msgs_v4/cmake/ament_cmake_export_dependencies-extras.cmake
[1.612s] -- Up-to-date: /home/user/dobot_ws/install/dobot_msgs_v4/share/dobot_msgs_v4/cmake/ament_cmake_export_include_directories-extras.cmake
[1.612s] -- Up-to-date: /home/user/dobot_ws/install/dobot_msgs_v4/share/dobot_msgs_v4/cmake/ament_cmake_export_libraries-extras.cmake
[1.612s] -- Up-to-date: /home/user/dobot_ws/install/dobot_msgs_v4/share/dobot_msgs_v4/cmake/ament_cmake_export_targets-extras.cmake
[1.612s] -- Up-to-date: /home/user/dobot_ws/install/dobot_msgs_v4/share/dobot_msgs_v4/cmake/rosidl_cmake_export_typesupport_targets-extras.cmake
[1.612s] -- Up-to-date: /home/user/dobot_ws/install/dobot_msgs_v4/share/dobot_msgs_v4/cmake/rosidl_cmake_export_typesupport_libraries-extras.cmake
[1.612s] -- Up-to-date: /home/user/dobot_ws/install/dobot_msgs_v4/share/dobot_msgs_v4/cmake/dobot_msgs_v4Config.cmake
[1.612s] -- Up-to-date: /home/user/dobot_ws/install/dobot_msgs_v4/share/dobot_msgs_v4/cmake/dobot_msgs_v4Config-version.cmake
[1.612s] -- Up-to-date: /home/user/dobot_ws/install/dobot_msgs_v4/share/dobot_msgs_v4/package.xml
[1.613s] Invoked command in '/home/user/dobot_ws/build/dobot_msgs_v4' returned '0': CMAKE_PREFIX_PATH=${CMAKE_PREFIX_PATH}:/home/user/dobot_ws/install/ariac_setup:/home/user/dobot_ws/install/servo_action:/home/user/dobot_ws/install/dobot_moveit:/home/user/dobot_ws/install/dobot_demo:/opt/ros/humble /usr/bin/cmake --install /home/user/dobot_ws/build/dobot_msgs_v4
