[35m[1mConsolidate compiler generated dependencies of target ariac_interfaces__rosidl_generator_c[0m
[  1%] Built target ariac_interfaces__rs
[  1%] Built target ariac_interfaces__cpp
[  1%] Built target ament_cmake_python_copy_ariac_interfaces
[ 13%] Built target ariac_interfaces__rosidl_generator_c
[35m[1mConsolidate compiler generated dependencies of target ariac_interfaces__rosidl_typesupport_introspection_cpp[0m
[35m[1mConsolidate compiler generated dependencies of target ariac_interfaces__rosidl_typesupport_cpp[0m
[35m[1mConsolidate compiler generated dependencies of target ariac_interfaces__rosidl_typesupport_fastrtps_cpp[0m
[35m[1mConsolidate compiler generated dependencies of target ariac_interfaces__rosidl_typesupport_c[0m
[35m[1mConsolidate compiler generated dependencies of target ariac_interfaces__rosidl_typesupport_fastrtps_c[0m
[35m[1mConsolidate compiler generated dependencies of target ariac_interfaces__rosidl_typesupport_introspection_c[0m
[ 25%] Built target ariac_interfaces__rosidl_typesupport_c
[ 37%] Built target ariac_interfaces__rosidl_typesupport_fastrtps_cpp
[ 49%] Built target ariac_interfaces__rosidl_typesupport_introspection_c
[ 61%] Built target ariac_interfaces__rosidl_typesupport_cpp
[ 73%] Built target ariac_interfaces__rosidl_typesupport_introspection_cpp
[ 85%] Built target ariac_interfaces__rosidl_typesupport_fastrtps_c
[ 85%] Built target ariac_interfaces
[ 85%] Built target ariac_interfaces__py
[35m[1mConsolidate compiler generated dependencies of target ariac_interfaces__rosidl_generator_py[0m
[ 97%] Built target ariac_interfaces__rosidl_generator_py
[35m[1mConsolidate compiler generated dependencies of target ariac_interfaces__rosidl_typesupport_fastrtps_c__pyext[0m
[35m[1mConsolidate compiler generated dependencies of target ariac_interfaces__rosidl_typesupport_introspection_c__pyext[0m
[35m[1mConsolidate compiler generated dependencies of target ariac_interfaces__rosidl_typesupport_c__pyext[0m
[100%] Built target ariac_interfaces__rosidl_typesupport_c__pyext
[100%] Built target ariac_interfaces__rosidl_typesupport_fastrtps_c__pyext
[100%] Built target ariac_interfaces__rosidl_typesupport_introspection_c__pyext
running egg_info
writing ariac_interfaces.egg-info/PKG-INFO
writing dependency_links to ariac_interfaces.egg-info/dependency_links.txt
writing top-level names to ariac_interfaces.egg-info/top_level.txt
reading manifest file 'ariac_interfaces.egg-info/SOURCES.txt'
writing manifest file 'ariac_interfaces.egg-info/SOURCES.txt'
[100%] Built target ament_cmake_python_build_ariac_interfaces_egg
-- Install configuration: ""
-- Installing: /home/user/dobot_ws/install/ariac_interfaces/share/ament_index/resource_index/rosidl_interfaces/ariac_interfaces
-- Installing: /home/user/dobot_ws/install/ariac_interfaces/include/ariac_interfaces/ariac_interfaces
-- Installing: /home/user/dobot_ws/install/ariac_interfaces/include/ariac_interfaces/ariac_interfaces/msg
-- Installing: /home/user/dobot_ws/install/ariac_interfaces/include/ariac_interfaces/ariac_interfaces/msg/conveyor_status.h
-- Installing: /home/user/dobot_ws/install/ariac_interfaces/include/ariac_interfaces/ariac_interfaces/msg/cell_types.h
-- Installing: /home/user/dobot_ws/install/ariac_interfaces/include/ariac_interfaces/ariac_interfaces/msg/operation_states.h
-- Installing: /home/user/dobot_ws/install/ariac_interfaces/include/ariac_interfaces/ariac_interfaces/msg/vacuum_tools.h
-- Installing: /home/user/dobot_ws/install/ariac_interfaces/include/ariac_interfaces/ariac_interfaces/msg/voltage_reading.h
-- Installing: /home/user/dobot_ws/install/ariac_interfaces/include/ariac_interfaces/ariac_interfaces/msg/agv_status.h
-- Installing: /home/user/dobot_ws/install/ariac_interfaces/include/ariac_interfaces/ariac_interfaces/msg/competition_states.h
-- Installing: /home/user/dobot_ws/install/ariac_interfaces/include/ariac_interfaces/ariac_interfaces/msg/inspection_report.h
-- Installing: /home/user/dobot_ws/install/ariac_interfaces/include/ariac_interfaces/ariac_interfaces/msg/tool_changer_status.h
-- Installing: /home/user/dobot_ws/install/ariac_interfaces/include/ariac_interfaces/ariac_interfaces/msg/rosidl_generator_c__visibility_control.h
-- Installing: /home/user/dobot_ws/install/ariac_interfaces/include/ariac_interfaces/ariac_interfaces/msg/high_priority_order.h
-- Installing: /home/user/dobot_ws/install/ariac_interfaces/include/ariac_interfaces/ariac_interfaces/msg/cell_feeder_status.h
-- Installing: /home/user/dobot_ws/install/ariac_interfaces/include/ariac_interfaces/ariac_interfaces/msg/cell_defect.h
-- Installing: /home/user/dobot_ws/install/ariac_interfaces/include/ariac_interfaces/ariac_interfaces/msg/competition_time.h
-- Installing: /home/user/dobot_ws/install/ariac_interfaces/include/ariac_interfaces/ariac_interfaces/msg/agv_tray_status.h
-- Installing: /home/user/dobot_ws/install/ariac_interfaces/include/ariac_interfaces/ariac_interfaces/msg/distance_sensor.h
-- Installing: /home/user/dobot_ws/install/ariac_interfaces/include/ariac_interfaces/ariac_interfaces/msg/competition_status.h
-- Installing: /home/user/dobot_ws/install/ariac_interfaces/include/ariac_interfaces/ariac_interfaces/msg/break_beam_status.h
-- Installing: /home/user/dobot_ws/install/ariac_interfaces/include/ariac_interfaces/ariac_interfaces/msg/detail
-- Installing: /home/user/dobot_ws/install/ariac_interfaces/include/ariac_interfaces/ariac_interfaces/msg/detail/cell_types__type_support.h
-- Installing: /home/user/dobot_ws/install/ariac_interfaces/include/ariac_interfaces/ariac_interfaces/msg/detail/cell_defect__struct.h
-- Installing: /home/user/dobot_ws/install/ariac_interfaces/include/ariac_interfaces/ariac_interfaces/msg/detail/competition_states__struct.h
-- Installing: /home/user/dobot_ws/install/ariac_interfaces/include/ariac_interfaces/ariac_interfaces/msg/detail/cell_defect__functions.c
-- Installing: /home/user/dobot_ws/install/ariac_interfaces/include/ariac_interfaces/ariac_interfaces/msg/detail/conveyor_status__functions.c
-- Installing: /home/user/dobot_ws/install/ariac_interfaces/include/ariac_interfaces/ariac_interfaces/msg/detail/conveyor_status__type_support.h
-- Installing: /home/user/dobot_ws/install/ariac_interfaces/include/ariac_interfaces/ariac_interfaces/msg/detail/cell_feeder_status__functions.h
-- Installing: /home/user/dobot_ws/install/ariac_interfaces/include/ariac_interfaces/ariac_interfaces/msg/detail/distance_sensor__struct.h
-- Installing: /home/user/dobot_ws/install/ariac_interfaces/include/ariac_interfaces/ariac_interfaces/msg/detail/inspection_report__functions.c
-- Installing: /home/user/dobot_ws/install/ariac_interfaces/include/ariac_interfaces/ariac_interfaces/msg/detail/competition_states__functions.c
-- Installing: /home/user/dobot_ws/install/ariac_interfaces/include/ariac_interfaces/ariac_interfaces/msg/detail/cell_feeder_status__type_support.h
-- Installing: /home/user/dobot_ws/install/ariac_interfaces/include/ariac_interfaces/ariac_interfaces/msg/detail/competition_time__functions.h
-- Installing: /home/user/dobot_ws/install/ariac_interfaces/include/ariac_interfaces/ariac_interfaces/msg/detail/high_priority_order__type_support.h
-- Installing: /home/user/dobot_ws/install/ariac_interfaces/include/ariac_interfaces/ariac_interfaces/msg/detail/agv_stations__functions.h
-- Installing: /home/user/dobot_ws/install/ariac_interfaces/include/ariac_interfaces/ariac_interfaces/msg/detail/cell_feeder_status__functions.c
-- Installing: /home/user/dobot_ws/install/ariac_interfaces/include/ariac_interfaces/ariac_interfaces/msg/detail/high_priority_order__struct.h
-- Installing: /home/user/dobot_ws/install/ariac_interfaces/include/ariac_interfaces/ariac_interfaces/msg/detail/break_beam_status__functions.h
-- Installing: /home/user/dobot_ws/install/ariac_interfaces/include/ariac_interfaces/ariac_interfaces/msg/detail/agv_stations__struct.h
-- Installing: /home/user/dobot_ws/install/ariac_interfaces/include/ariac_interfaces/ariac_interfaces/msg/detail/competition_states__type_support.h
-- Installing: /home/user/dobot_ws/install/ariac_interfaces/include/ariac_interfaces/ariac_interfaces/msg/detail/cell_defect__type_support.h
-- Installing: /home/user/dobot_ws/install/ariac_interfaces/include/ariac_interfaces/ariac_interfaces/msg/detail/agv_tray_status__functions.c
-- Installing: /home/user/dobot_ws/install/ariac_interfaces/include/ariac_interfaces/ariac_interfaces/msg/detail/cell_feeder_status__struct.h
-- Installing: /home/user/dobot_ws/install/ariac_interfaces/include/ariac_interfaces/ariac_interfaces/msg/detail/competition_time__functions.c
-- Installing: /home/user/dobot_ws/install/ariac_interfaces/include/ariac_interfaces/ariac_interfaces/msg/detail/distance_sensor__functions.c
-- Installing: /home/user/dobot_ws/install/ariac_interfaces/include/ariac_interfaces/ariac_interfaces/msg/detail/operation_states__functions.c
-- Installing: /home/user/dobot_ws/install/ariac_interfaces/include/ariac_interfaces/ariac_interfaces/msg/detail/operation_states__functions.h
-- Installing: /home/user/dobot_ws/install/ariac_interfaces/include/ariac_interfaces/ariac_interfaces/msg/detail/agv_status__functions.c
-- Installing: /home/user/dobot_ws/install/ariac_interfaces/include/ariac_interfaces/ariac_interfaces/msg/detail/operation_states__struct.h
-- Installing: /home/user/dobot_ws/install/ariac_interfaces/include/ariac_interfaces/ariac_interfaces/msg/detail/agv_stations__functions.c
-- Installing: /home/user/dobot_ws/install/ariac_interfaces/include/ariac_interfaces/ariac_interfaces/msg/detail/distance_sensor__functions.h
-- Installing: /home/user/dobot_ws/install/ariac_interfaces/include/ariac_interfaces/ariac_interfaces/msg/detail/inspection_report__functions.h
-- Installing: /home/user/dobot_ws/install/ariac_interfaces/include/ariac_interfaces/ariac_interfaces/msg/detail/break_beam_status__type_support.h
-- Installing: /home/user/dobot_ws/install/ariac_interfaces/include/ariac_interfaces/ariac_interfaces/msg/detail/agv_tray_status__functions.h
-- Installing: /home/user/dobot_ws/install/ariac_interfaces/include/ariac_interfaces/ariac_interfaces/msg/detail/tool_changer_status__functions.h
-- Installing: /home/user/dobot_ws/install/ariac_interfaces/include/ariac_interfaces/ariac_interfaces/msg/detail/conveyor_status__functions.h
-- Installing: /home/user/dobot_ws/install/ariac_interfaces/include/ariac_interfaces/ariac_interfaces/msg/detail/tool_changer_status__struct.h
-- Installing: /home/user/dobot_ws/install/ariac_interfaces/include/ariac_interfaces/ariac_interfaces/msg/detail/competition_status__type_support.h
-- Installing: /home/user/dobot_ws/install/ariac_interfaces/include/ariac_interfaces/ariac_interfaces/msg/detail/agv_status__functions.h
-- Installing: /home/user/dobot_ws/install/ariac_interfaces/include/ariac_interfaces/ariac_interfaces/msg/detail/tool_changer_status__functions.c
-- Installing: /home/user/dobot_ws/install/ariac_interfaces/include/ariac_interfaces/ariac_interfaces/msg/detail/voltage_reading__functions.h
-- Installing: /home/user/dobot_ws/install/ariac_interfaces/include/ariac_interfaces/ariac_interfaces/msg/detail/vacuum_tools__functions.h
-- Installing: /home/user/dobot_ws/install/ariac_interfaces/include/ariac_interfaces/ariac_interfaces/msg/detail/agv_tray_status__type_support.h
-- Installing: /home/user/dobot_ws/install/ariac_interfaces/include/ariac_interfaces/ariac_interfaces/msg/detail/inspection_report__type_support.h
-- Installing: /home/user/dobot_ws/install/ariac_interfaces/include/ariac_interfaces/ariac_interfaces/msg/detail/vacuum_tools__struct.h
-- Installing: /home/user/dobot_ws/install/ariac_interfaces/include/ariac_interfaces/ariac_interfaces/msg/detail/competition_states__functions.h
-- Installing: /home/user/dobot_ws/install/ariac_interfaces/include/ariac_interfaces/ariac_interfaces/msg/detail/conveyor_status__struct.h
-- Installing: /home/user/dobot_ws/install/ariac_interfaces/include/ariac_interfaces/ariac_interfaces/msg/detail/vacuum_tools__functions.c
-- Installing: /home/user/dobot_ws/install/ariac_interfaces/include/ariac_interfaces/ariac_interfaces/msg/detail/distance_sensor__type_support.h
-- Installing: /home/user/dobot_ws/install/ariac_interfaces/include/ariac_interfaces/ariac_interfaces/msg/detail/competition_status__functions.c
-- Installing: /home/user/dobot_ws/install/ariac_interfaces/include/ariac_interfaces/ariac_interfaces/msg/detail/voltage_reading__type_support.h
-- Installing: /home/user/dobot_ws/install/ariac_interfaces/include/ariac_interfaces/ariac_interfaces/msg/detail/high_priority_order__functions.c
-- Installing: /home/user/dobot_ws/install/ariac_interfaces/include/ariac_interfaces/ariac_interfaces/msg/detail/operation_states__type_support.h
-- Installing: /home/user/dobot_ws/install/ariac_interfaces/include/ariac_interfaces/ariac_interfaces/msg/detail/inspection_report__struct.h
-- Installing: /home/user/dobot_ws/install/ariac_interfaces/include/ariac_interfaces/ariac_interfaces/msg/detail/cell_types__functions.c
-- Installing: /home/user/dobot_ws/install/ariac_interfaces/include/ariac_interfaces/ariac_interfaces/msg/detail/agv_status__type_support.h
-- Installing: /home/user/dobot_ws/install/ariac_interfaces/include/ariac_interfaces/ariac_interfaces/msg/detail/agv_stations__type_support.h
-- Installing: /home/user/dobot_ws/install/ariac_interfaces/include/ariac_interfaces/ariac_interfaces/msg/detail/agv_status__struct.h
-- Installing: /home/user/dobot_ws/install/ariac_interfaces/include/ariac_interfaces/ariac_interfaces/msg/detail/vacuum_tools__type_support.h
-- Installing: /home/user/dobot_ws/install/ariac_interfaces/include/ariac_interfaces/ariac_interfaces/msg/detail/cell_types__struct.h
-- Installing: /home/user/dobot_ws/install/ariac_interfaces/include/ariac_interfaces/ariac_interfaces/msg/detail/high_priority_order__functions.h
-- Installing: /home/user/dobot_ws/install/ariac_interfaces/include/ariac_interfaces/ariac_interfaces/msg/detail/competition_status__struct.h
-- Installing: /home/user/dobot_ws/install/ariac_interfaces/include/ariac_interfaces/ariac_interfaces/msg/detail/cell_defect__functions.h
-- Installing: /home/user/dobot_ws/install/ariac_interfaces/include/ariac_interfaces/ariac_interfaces/msg/detail/cell_types__functions.h
-- Installing: /home/user/dobot_ws/install/ariac_interfaces/include/ariac_interfaces/ariac_interfaces/msg/detail/break_beam_status__functions.c
-- Installing: /home/user/dobot_ws/install/ariac_interfaces/include/ariac_interfaces/ariac_interfaces/msg/detail/competition_status__functions.h
-- Installing: /home/user/dobot_ws/install/ariac_interfaces/include/ariac_interfaces/ariac_interfaces/msg/detail/competition_time__type_support.h
-- Installing: /home/user/dobot_ws/install/ariac_interfaces/include/ariac_interfaces/ariac_interfaces/msg/detail/agv_tray_status__struct.h
-- Installing: /home/user/dobot_ws/install/ariac_interfaces/include/ariac_interfaces/ariac_interfaces/msg/detail/tool_changer_status__type_support.h
-- Installing: /home/user/dobot_ws/install/ariac_interfaces/include/ariac_interfaces/ariac_interfaces/msg/detail/voltage_reading__functions.c
-- Installing: /home/user/dobot_ws/install/ariac_interfaces/include/ariac_interfaces/ariac_interfaces/msg/detail/competition_time__struct.h
-- Installing: /home/user/dobot_ws/install/ariac_interfaces/include/ariac_interfaces/ariac_interfaces/msg/detail/voltage_reading__struct.h
-- Installing: /home/user/dobot_ws/install/ariac_interfaces/include/ariac_interfaces/ariac_interfaces/msg/detail/break_beam_status__struct.h
-- Installing: /home/user/dobot_ws/install/ariac_interfaces/include/ariac_interfaces/ariac_interfaces/msg/agv_stations.h
-- Installing: /home/user/dobot_ws/install/ariac_interfaces/include/ariac_interfaces/ariac_interfaces/action
-- Installing: /home/user/dobot_ws/install/ariac_interfaces/include/ariac_interfaces/ariac_interfaces/action/move_agv.h
-- Installing: /home/user/dobot_ws/install/ariac_interfaces/include/ariac_interfaces/ariac_interfaces/action/gripper_command.h
-- Installing: /home/user/dobot_ws/install/ariac_interfaces/include/ariac_interfaces/ariac_interfaces/action/detail
-- Installing: /home/user/dobot_ws/install/ariac_interfaces/include/ariac_interfaces/ariac_interfaces/action/detail/move_agv__functions.h
-- Installing: /home/user/dobot_ws/install/ariac_interfaces/include/ariac_interfaces/ariac_interfaces/action/detail/gripper_command__struct.h
-- Installing: /home/user/dobot_ws/install/ariac_interfaces/include/ariac_interfaces/ariac_interfaces/action/detail/move_agv__functions.c
-- Installing: /home/user/dobot_ws/install/ariac_interfaces/include/ariac_interfaces/ariac_interfaces/action/detail/move_agv__struct.h
-- Installing: /home/user/dobot_ws/install/ariac_interfaces/include/ariac_interfaces/ariac_interfaces/action/detail/gripper_command__functions.c
-- Installing: /home/user/dobot_ws/install/ariac_interfaces/include/ariac_interfaces/ariac_interfaces/action/detail/gripper_command__type_support.h
-- Installing: /home/user/dobot_ws/install/ariac_interfaces/include/ariac_interfaces/ariac_interfaces/action/detail/gripper_command__functions.h
-- Installing: /home/user/dobot_ws/install/ariac_interfaces/include/ariac_interfaces/ariac_interfaces/action/detail/move_agv__type_support.h
-- Installing: /home/user/dobot_ws/install/ariac_interfaces/include/ariac_interfaces/ariac_interfaces/srv
-- Installing: /home/user/dobot_ws/install/ariac_interfaces/include/ariac_interfaces/ariac_interfaces/srv/submit_high_priority_order.h
-- Installing: /home/user/dobot_ws/install/ariac_interfaces/include/ariac_interfaces/ariac_interfaces/srv/check_kit_quality.h
-- Installing: /home/user/dobot_ws/install/ariac_interfaces/include/ariac_interfaces/ariac_interfaces/srv/submit_inspection_report.h
-- Installing: /home/user/dobot_ws/install/ariac_interfaces/include/ariac_interfaces/ariac_interfaces/srv/conveyor_control.h
-- Installing: /home/user/dobot_ws/install/ariac_interfaces/include/ariac_interfaces/ariac_interfaces/srv/attach_tool.h
-- Installing: /home/user/dobot_ws/install/ariac_interfaces/include/ariac_interfaces/ariac_interfaces/srv/control_cell_feeder.h
-- Installing: /home/user/dobot_ws/install/ariac_interfaces/include/ariac_interfaces/ariac_interfaces/srv/end_competition.h
-- Installing: /home/user/dobot_ws/install/ariac_interfaces/include/ariac_interfaces/ariac_interfaces/srv/bidirectional_conveyor_control.h
-- Installing: /home/user/dobot_ws/install/ariac_interfaces/include/ariac_interfaces/ariac_interfaces/srv/detail
-- Installing: /home/user/dobot_ws/install/ariac_interfaces/include/ariac_interfaces/ariac_interfaces/srv/detail/submit_high_priority_order__type_support.h
-- Installing: /home/user/dobot_ws/install/ariac_interfaces/include/ariac_interfaces/ariac_interfaces/srv/detail/submit_inspection_report__struct.h
-- Installing: /home/user/dobot_ws/install/ariac_interfaces/include/ariac_interfaces/ariac_interfaces/srv/detail/bidirectional_conveyor_control__struct.h
-- Installing: /home/user/dobot_ws/install/ariac_interfaces/include/ariac_interfaces/ariac_interfaces/srv/detail/submit_high_priority_order__struct.h
-- Installing: /home/user/dobot_ws/install/ariac_interfaces/include/ariac_interfaces/ariac_interfaces/srv/detail/bidirectional_conveyor_control__type_support.h
-- Installing: /home/user/dobot_ws/install/ariac_interfaces/include/ariac_interfaces/ariac_interfaces/srv/detail/conveyor_control__functions.c
-- Installing: /home/user/dobot_ws/install/ariac_interfaces/include/ariac_interfaces/ariac_interfaces/srv/detail/end_competition__type_support.h
-- Installing: /home/user/dobot_ws/install/ariac_interfaces/include/ariac_interfaces/ariac_interfaces/srv/detail/submit_inspection_report__type_support.h
-- Installing: /home/user/dobot_ws/install/ariac_interfaces/include/ariac_interfaces/ariac_interfaces/srv/detail/control_cell_feeder__type_support.h
-- Installing: /home/user/dobot_ws/install/ariac_interfaces/include/ariac_interfaces/ariac_interfaces/srv/detail/submit_high_priority_order__functions.h
-- Installing: /home/user/dobot_ws/install/ariac_interfaces/include/ariac_interfaces/ariac_interfaces/srv/detail/conveyor_control__type_support.h
-- Installing: /home/user/dobot_ws/install/ariac_interfaces/include/ariac_interfaces/ariac_interfaces/srv/detail/trigger__struct.h
-- Installing: /home/user/dobot_ws/install/ariac_interfaces/include/ariac_interfaces/ariac_interfaces/srv/detail/submit_inspection_report__functions.h
-- Installing: /home/user/dobot_ws/install/ariac_interfaces/include/ariac_interfaces/ariac_interfaces/srv/detail/control_cell_feeder__functions.h
-- Installing: /home/user/dobot_ws/install/ariac_interfaces/include/ariac_interfaces/ariac_interfaces/srv/detail/attach_tool__type_support.h
-- Installing: /home/user/dobot_ws/install/ariac_interfaces/include/ariac_interfaces/ariac_interfaces/srv/detail/attach_tool__struct.h
-- Installing: /home/user/dobot_ws/install/ariac_interfaces/include/ariac_interfaces/ariac_interfaces/srv/detail/end_competition__struct.h
-- Installing: /home/user/dobot_ws/install/ariac_interfaces/include/ariac_interfaces/ariac_interfaces/srv/detail/trigger__functions.c
-- Installing: /home/user/dobot_ws/install/ariac_interfaces/include/ariac_interfaces/ariac_interfaces/srv/detail/check_kit_quality__functions.h
-- Installing: /home/user/dobot_ws/install/ariac_interfaces/include/ariac_interfaces/ariac_interfaces/srv/detail/check_kit_quality__functions.c
-- Installing: /home/user/dobot_ws/install/ariac_interfaces/include/ariac_interfaces/ariac_interfaces/srv/detail/submit_high_priority_order__functions.c
-- Installing: /home/user/dobot_ws/install/ariac_interfaces/include/ariac_interfaces/ariac_interfaces/srv/detail/conveyor_control__struct.h
-- Installing: /home/user/dobot_ws/install/ariac_interfaces/include/ariac_interfaces/ariac_interfaces/srv/detail/bidirectional_conveyor_control__functions.h
-- Installing: /home/user/dobot_ws/install/ariac_interfaces/include/ariac_interfaces/ariac_interfaces/srv/detail/bidirectional_conveyor_control__functions.c
-- Installing: /home/user/dobot_ws/install/ariac_interfaces/include/ariac_interfaces/ariac_interfaces/srv/detail/trigger__type_support.h
-- Installing: /home/user/dobot_ws/install/ariac_interfaces/include/ariac_interfaces/ariac_interfaces/srv/detail/conveyor_control__functions.h
-- Installing: /home/user/dobot_ws/install/ariac_interfaces/include/ariac_interfaces/ariac_interfaces/srv/detail/trigger__functions.h
-- Installing: /home/user/dobot_ws/install/ariac_interfaces/include/ariac_interfaces/ariac_interfaces/srv/detail/attach_tool__functions.h
-- Installing: /home/user/dobot_ws/install/ariac_interfaces/include/ariac_interfaces/ariac_interfaces/srv/detail/end_competition__functions.c
-- Installing: /home/user/dobot_ws/install/ariac_interfaces/include/ariac_interfaces/ariac_interfaces/srv/detail/control_cell_feeder__struct.h
-- Installing: /home/user/dobot_ws/install/ariac_interfaces/include/ariac_interfaces/ariac_interfaces/srv/detail/end_competition__functions.h
-- Installing: /home/user/dobot_ws/install/ariac_interfaces/include/ariac_interfaces/ariac_interfaces/srv/detail/check_kit_quality__type_support.h
-- Installing: /home/user/dobot_ws/install/ariac_interfaces/include/ariac_interfaces/ariac_interfaces/srv/detail/control_cell_feeder__functions.c
-- Installing: /home/user/dobot_ws/install/ariac_interfaces/include/ariac_interfaces/ariac_interfaces/srv/detail/check_kit_quality__struct.h
-- Installing: /home/user/dobot_ws/install/ariac_interfaces/include/ariac_interfaces/ariac_interfaces/srv/detail/submit_inspection_report__functions.c
-- Installing: /home/user/dobot_ws/install/ariac_interfaces/include/ariac_interfaces/ariac_interfaces/srv/detail/attach_tool__functions.c
-- Installing: /home/user/dobot_ws/install/ariac_interfaces/include/ariac_interfaces/ariac_interfaces/srv/trigger.h
-- Installing: /home/user/dobot_ws/install/ariac_interfaces/share/ariac_interfaces/environment/library_path.sh
-- Installing: /home/user/dobot_ws/install/ariac_interfaces/share/ariac_interfaces/environment/library_path.dsv
-- Installing: /home/user/dobot_ws/install/ariac_interfaces/lib/libariac_interfaces__rosidl_generator_c.so
-- Set runtime path of "/home/user/dobot_ws/install/ariac_interfaces/lib/libariac_interfaces__rosidl_generator_c.so" to ""
-- Up-to-date: /home/user/dobot_ws/install/ariac_interfaces/include/ariac_interfaces/ariac_interfaces
-- Up-to-date: /home/user/dobot_ws/install/ariac_interfaces/include/ariac_interfaces/ariac_interfaces/msg
-- Installing: /home/user/dobot_ws/install/ariac_interfaces/include/ariac_interfaces/ariac_interfaces/msg/rosidl_typesupport_fastrtps_c__visibility_control.h
-- Up-to-date: /home/user/dobot_ws/install/ariac_interfaces/include/ariac_interfaces/ariac_interfaces/msg/detail
-- Installing: /home/user/dobot_ws/install/ariac_interfaces/include/ariac_interfaces/ariac_interfaces/msg/detail/cell_types__rosidl_typesupport_fastrtps_c.h
-- Installing: /home/user/dobot_ws/install/ariac_interfaces/include/ariac_interfaces/ariac_interfaces/msg/detail/agv_stations__rosidl_typesupport_fastrtps_c.h
-- Installing: /home/user/dobot_ws/install/ariac_interfaces/include/ariac_interfaces/ariac_interfaces/msg/detail/inspection_report__rosidl_typesupport_fastrtps_c.h
-- Installing: /home/user/dobot_ws/install/ariac_interfaces/include/ariac_interfaces/ariac_interfaces/msg/detail/vacuum_tools__rosidl_typesupport_fastrtps_c.h
-- Installing: /home/user/dobot_ws/install/ariac_interfaces/include/ariac_interfaces/ariac_interfaces/msg/detail/conveyor_status__rosidl_typesupport_fastrtps_c.h
-- Installing: /home/user/dobot_ws/install/ariac_interfaces/include/ariac_interfaces/ariac_interfaces/msg/detail/competition_status__rosidl_typesupport_fastrtps_c.h
-- Installing: /home/user/dobot_ws/install/ariac_interfaces/include/ariac_interfaces/ariac_interfaces/msg/detail/competition_states__rosidl_typesupport_fastrtps_c.h
-- Installing: /home/user/dobot_ws/install/ariac_interfaces/include/ariac_interfaces/ariac_interfaces/msg/detail/cell_feeder_status__rosidl_typesupport_fastrtps_c.h
-- Installing: /home/user/dobot_ws/install/ariac_interfaces/include/ariac_interfaces/ariac_interfaces/msg/detail/tool_changer_status__rosidl_typesupport_fastrtps_c.h
-- Installing: /home/user/dobot_ws/install/ariac_interfaces/include/ariac_interfaces/ariac_interfaces/msg/detail/voltage_reading__rosidl_typesupport_fastrtps_c.h
-- Installing: /home/user/dobot_ws/install/ariac_interfaces/include/ariac_interfaces/ariac_interfaces/msg/detail/cell_defect__rosidl_typesupport_fastrtps_c.h
-- Installing: /home/user/dobot_ws/install/ariac_interfaces/include/ariac_interfaces/ariac_interfaces/msg/detail/distance_sensor__rosidl_typesupport_fastrtps_c.h
-- Installing: /home/user/dobot_ws/install/ariac_interfaces/include/ariac_interfaces/ariac_interfaces/msg/detail/high_priority_order__rosidl_typesupport_fastrtps_c.h
-- Installing: /home/user/dobot_ws/install/ariac_interfaces/include/ariac_interfaces/ariac_interfaces/msg/detail/agv_status__rosidl_typesupport_fastrtps_c.h
-- Installing: /home/user/dobot_ws/install/ariac_interfaces/include/ariac_interfaces/ariac_interfaces/msg/detail/operation_states__rosidl_typesupport_fastrtps_c.h
-- Installing: /home/user/dobot_ws/install/ariac_interfaces/include/ariac_interfaces/ariac_interfaces/msg/detail/competition_time__rosidl_typesupport_fastrtps_c.h
-- Installing: /home/user/dobot_ws/install/ariac_interfaces/include/ariac_interfaces/ariac_interfaces/msg/detail/agv_tray_status__rosidl_typesupport_fastrtps_c.h
-- Installing: /home/user/dobot_ws/install/ariac_interfaces/include/ariac_interfaces/ariac_interfaces/msg/detail/break_beam_status__rosidl_typesupport_fastrtps_c.h
-- Up-to-date: /home/user/dobot_ws/install/ariac_interfaces/include/ariac_interfaces/ariac_interfaces/action
-- Up-to-date: /home/user/dobot_ws/install/ariac_interfaces/include/ariac_interfaces/ariac_interfaces/action/detail
-- Installing: /home/user/dobot_ws/install/ariac_interfaces/include/ariac_interfaces/ariac_interfaces/action/detail/gripper_command__rosidl_typesupport_fastrtps_c.h
-- Installing: /home/user/dobot_ws/install/ariac_interfaces/include/ariac_interfaces/ariac_interfaces/action/detail/move_agv__rosidl_typesupport_fastrtps_c.h
-- Up-to-date: /home/user/dobot_ws/install/ariac_interfaces/include/ariac_interfaces/ariac_interfaces/srv
-- Up-to-date: /home/user/dobot_ws/install/ariac_interfaces/include/ariac_interfaces/ariac_interfaces/srv/detail
-- Installing: /home/user/dobot_ws/install/ariac_interfaces/include/ariac_interfaces/ariac_interfaces/srv/detail/bidirectional_conveyor_control__rosidl_typesupport_fastrtps_c.h
-- Installing: /home/user/dobot_ws/install/ariac_interfaces/include/ariac_interfaces/ariac_interfaces/srv/detail/submit_high_priority_order__rosidl_typesupport_fastrtps_c.h
-- Installing: /home/user/dobot_ws/install/ariac_interfaces/include/ariac_interfaces/ariac_interfaces/srv/detail/control_cell_feeder__rosidl_typesupport_fastrtps_c.h
-- Installing: /home/user/dobot_ws/install/ariac_interfaces/include/ariac_interfaces/ariac_interfaces/srv/detail/submit_inspection_report__rosidl_typesupport_fastrtps_c.h
-- Installing: /home/user/dobot_ws/install/ariac_interfaces/include/ariac_interfaces/ariac_interfaces/srv/detail/trigger__rosidl_typesupport_fastrtps_c.h
-- Installing: /home/user/dobot_ws/install/ariac_interfaces/include/ariac_interfaces/ariac_interfaces/srv/detail/check_kit_quality__rosidl_typesupport_fastrtps_c.h
-- Installing: /home/user/dobot_ws/install/ariac_interfaces/include/ariac_interfaces/ariac_interfaces/srv/detail/end_competition__rosidl_typesupport_fastrtps_c.h
-- Installing: /home/user/dobot_ws/install/ariac_interfaces/include/ariac_interfaces/ariac_interfaces/srv/detail/attach_tool__rosidl_typesupport_fastrtps_c.h
-- Installing: /home/user/dobot_ws/install/ariac_interfaces/include/ariac_interfaces/ariac_interfaces/srv/detail/conveyor_control__rosidl_typesupport_fastrtps_c.h
-- Installing: /home/user/dobot_ws/install/ariac_interfaces/lib/libariac_interfaces__rosidl_typesupport_fastrtps_c.so
-- Set runtime path of "/home/user/dobot_ws/install/ariac_interfaces/lib/libariac_interfaces__rosidl_typesupport_fastrtps_c.so" to ""
-- Up-to-date: /home/user/dobot_ws/install/ariac_interfaces/include/ariac_interfaces/ariac_interfaces
-- Up-to-date: /home/user/dobot_ws/install/ariac_interfaces/include/ariac_interfaces/ariac_interfaces/msg
-- Installing: /home/user/dobot_ws/install/ariac_interfaces/include/ariac_interfaces/ariac_interfaces/msg/competition_states.hpp
-- Installing: /home/user/dobot_ws/install/ariac_interfaces/include/ariac_interfaces/ariac_interfaces/msg/cell_defect.hpp
-- Installing: /home/user/dobot_ws/install/ariac_interfaces/include/ariac_interfaces/ariac_interfaces/msg/high_priority_order.hpp
-- Installing: /home/user/dobot_ws/install/ariac_interfaces/include/ariac_interfaces/ariac_interfaces/msg/competition_time.hpp
-- Installing: /home/user/dobot_ws/install/ariac_interfaces/include/ariac_interfaces/ariac_interfaces/msg/agv_status.hpp
-- Installing: /home/user/dobot_ws/install/ariac_interfaces/include/ariac_interfaces/ariac_interfaces/msg/vacuum_tools.hpp
-- Installing: /home/user/dobot_ws/install/ariac_interfaces/include/ariac_interfaces/ariac_interfaces/msg/agv_tray_status.hpp
-- Installing: /home/user/dobot_ws/install/ariac_interfaces/include/ariac_interfaces/ariac_interfaces/msg/rosidl_generator_cpp__visibility_control.hpp
-- Installing: /home/user/dobot_ws/install/ariac_interfaces/include/ariac_interfaces/ariac_interfaces/msg/distance_sensor.hpp
-- Installing: /home/user/dobot_ws/install/ariac_interfaces/include/ariac_interfaces/ariac_interfaces/msg/tool_changer_status.hpp
-- Installing: /home/user/dobot_ws/install/ariac_interfaces/include/ariac_interfaces/ariac_interfaces/msg/agv_stations.hpp
-- Installing: /home/user/dobot_ws/install/ariac_interfaces/include/ariac_interfaces/ariac_interfaces/msg/cell_types.hpp
-- Installing: /home/user/dobot_ws/install/ariac_interfaces/include/ariac_interfaces/ariac_interfaces/msg/voltage_reading.hpp
-- Installing: /home/user/dobot_ws/install/ariac_interfaces/include/ariac_interfaces/ariac_interfaces/msg/operation_states.hpp
-- Installing: /home/user/dobot_ws/install/ariac_interfaces/include/ariac_interfaces/ariac_interfaces/msg/break_beam_status.hpp
-- Installing: /home/user/dobot_ws/install/ariac_interfaces/include/ariac_interfaces/ariac_interfaces/msg/cell_feeder_status.hpp
-- Installing: /home/user/dobot_ws/install/ariac_interfaces/include/ariac_interfaces/ariac_interfaces/msg/conveyor_status.hpp
-- Installing: /home/user/dobot_ws/install/ariac_interfaces/include/ariac_interfaces/ariac_interfaces/msg/competition_status.hpp
-- Installing: /home/user/dobot_ws/install/ariac_interfaces/include/ariac_interfaces/ariac_interfaces/msg/inspection_report.hpp
-- Up-to-date: /home/user/dobot_ws/install/ariac_interfaces/include/ariac_interfaces/ariac_interfaces/msg/detail
-- Installing: /home/user/dobot_ws/install/ariac_interfaces/include/ariac_interfaces/ariac_interfaces/msg/detail/competition_states__type_support.hpp
-- Installing: /home/user/dobot_ws/install/ariac_interfaces/include/ariac_interfaces/ariac_interfaces/msg/detail/conveyor_status__type_support.hpp
-- Installing: /home/user/dobot_ws/install/ariac_interfaces/include/ariac_interfaces/ariac_interfaces/msg/detail/break_beam_status__builder.hpp
-- Installing: /home/user/dobot_ws/install/ariac_interfaces/include/ariac_interfaces/ariac_interfaces/msg/detail/competition_time__type_support.hpp
-- Installing: /home/user/dobot_ws/install/ariac_interfaces/include/ariac_interfaces/ariac_interfaces/msg/detail/cell_feeder_status__traits.hpp
-- Installing: /home/user/dobot_ws/install/ariac_interfaces/include/ariac_interfaces/ariac_interfaces/msg/detail/tool_changer_status__type_support.hpp
-- Installing: /home/user/dobot_ws/install/ariac_interfaces/include/ariac_interfaces/ariac_interfaces/msg/detail/cell_types__struct.hpp
-- Installing: /home/user/dobot_ws/install/ariac_interfaces/include/ariac_interfaces/ariac_interfaces/msg/detail/distance_sensor__struct.hpp
-- Installing: /home/user/dobot_ws/install/ariac_interfaces/include/ariac_interfaces/ariac_interfaces/msg/detail/break_beam_status__struct.hpp
-- Installing: /home/user/dobot_ws/install/ariac_interfaces/include/ariac_interfaces/ariac_interfaces/msg/detail/competition_status__traits.hpp
-- Installing: /home/user/dobot_ws/install/ariac_interfaces/include/ariac_interfaces/ariac_interfaces/msg/detail/cell_defect__builder.hpp
-- Installing: /home/user/dobot_ws/install/ariac_interfaces/include/ariac_interfaces/ariac_interfaces/msg/detail/distance_sensor__traits.hpp
-- Installing: /home/user/dobot_ws/install/ariac_interfaces/include/ariac_interfaces/ariac_interfaces/msg/detail/agv_status__struct.hpp
-- Installing: /home/user/dobot_ws/install/ariac_interfaces/include/ariac_interfaces/ariac_interfaces/msg/detail/tool_changer_status__builder.hpp
-- Installing: /home/user/dobot_ws/install/ariac_interfaces/include/ariac_interfaces/ariac_interfaces/msg/detail/competition_time__builder.hpp
-- Installing: /home/user/dobot_ws/install/ariac_interfaces/include/ariac_interfaces/ariac_interfaces/msg/detail/voltage_reading__builder.hpp
-- Installing: /home/user/dobot_ws/install/ariac_interfaces/include/ariac_interfaces/ariac_interfaces/msg/detail/competition_time__struct.hpp
-- Installing: /home/user/dobot_ws/install/ariac_interfaces/include/ariac_interfaces/ariac_interfaces/msg/detail/competition_states__struct.hpp
-- Installing: /home/user/dobot_ws/install/ariac_interfaces/include/ariac_interfaces/ariac_interfaces/msg/detail/high_priority_order__type_support.hpp
-- Installing: /home/user/dobot_ws/install/ariac_interfaces/include/ariac_interfaces/ariac_interfaces/msg/detail/conveyor_status__builder.hpp
-- Installing: /home/user/dobot_ws/install/ariac_interfaces/include/ariac_interfaces/ariac_interfaces/msg/detail/cell_types__builder.hpp
-- Installing: /home/user/dobot_ws/install/ariac_interfaces/include/ariac_interfaces/ariac_interfaces/msg/detail/competition_status__struct.hpp
-- Installing: /home/user/dobot_ws/install/ariac_interfaces/include/ariac_interfaces/ariac_interfaces/msg/detail/tool_changer_status__struct.hpp
-- Installing: /home/user/dobot_ws/install/ariac_interfaces/include/ariac_interfaces/ariac_interfaces/msg/detail/agv_stations__builder.hpp
-- Installing: /home/user/dobot_ws/install/ariac_interfaces/include/ariac_interfaces/ariac_interfaces/msg/detail/inspection_report__traits.hpp
-- Installing: /home/user/dobot_ws/install/ariac_interfaces/include/ariac_interfaces/ariac_interfaces/msg/detail/agv_status__traits.hpp
-- Installing: /home/user/dobot_ws/install/ariac_interfaces/include/ariac_interfaces/ariac_interfaces/msg/detail/agv_tray_status__type_support.hpp
-- Installing: /home/user/dobot_ws/install/ariac_interfaces/include/ariac_interfaces/ariac_interfaces/msg/detail/cell_defect__struct.hpp
-- Installing: /home/user/dobot_ws/install/ariac_interfaces/include/ariac_interfaces/ariac_interfaces/msg/detail/conveyor_status__struct.hpp
-- Installing: /home/user/dobot_ws/install/ariac_interfaces/include/ariac_interfaces/ariac_interfaces/msg/detail/cell_feeder_status__type_support.hpp
-- Installing: /home/user/dobot_ws/install/ariac_interfaces/include/ariac_interfaces/ariac_interfaces/msg/detail/agv_tray_status__builder.hpp
-- Installing: /home/user/dobot_ws/install/ariac_interfaces/include/ariac_interfaces/ariac_interfaces/msg/detail/agv_tray_status__struct.hpp
-- Installing: /home/user/dobot_ws/install/ariac_interfaces/include/ariac_interfaces/ariac_interfaces/msg/detail/operation_states__struct.hpp
-- Installing: /home/user/dobot_ws/install/ariac_interfaces/include/ariac_interfaces/ariac_interfaces/msg/detail/inspection_report__struct.hpp
-- Installing: /home/user/dobot_ws/install/ariac_interfaces/include/ariac_interfaces/ariac_interfaces/msg/detail/break_beam_status__type_support.hpp
-- Installing: /home/user/dobot_ws/install/ariac_interfaces/include/ariac_interfaces/ariac_interfaces/msg/detail/operation_states__type_support.hpp
-- Installing: /home/user/dobot_ws/install/ariac_interfaces/include/ariac_interfaces/ariac_interfaces/msg/detail/conveyor_status__traits.hpp
-- Installing: /home/user/dobot_ws/install/ariac_interfaces/include/ariac_interfaces/ariac_interfaces/msg/detail/distance_sensor__type_support.hpp
-- Installing: /home/user/dobot_ws/install/ariac_interfaces/include/ariac_interfaces/ariac_interfaces/msg/detail/competition_states__builder.hpp
-- Installing: /home/user/dobot_ws/install/ariac_interfaces/include/ariac_interfaces/ariac_interfaces/msg/detail/cell_defect__type_support.hpp
-- Installing: /home/user/dobot_ws/install/ariac_interfaces/include/ariac_interfaces/ariac_interfaces/msg/detail/competition_status__builder.hpp
-- Installing: /home/user/dobot_ws/install/ariac_interfaces/include/ariac_interfaces/ariac_interfaces/msg/detail/tool_changer_status__traits.hpp
-- Installing: /home/user/dobot_ws/install/ariac_interfaces/include/ariac_interfaces/ariac_interfaces/msg/detail/agv_status__type_support.hpp
-- Installing: /home/user/dobot_ws/install/ariac_interfaces/include/ariac_interfaces/ariac_interfaces/msg/detail/operation_states__builder.hpp
-- Installing: /home/user/dobot_ws/install/ariac_interfaces/include/ariac_interfaces/ariac_interfaces/msg/detail/inspection_report__builder.hpp
-- Installing: /home/user/dobot_ws/install/ariac_interfaces/include/ariac_interfaces/ariac_interfaces/msg/detail/voltage_reading__struct.hpp
-- Installing: /home/user/dobot_ws/install/ariac_interfaces/include/ariac_interfaces/ariac_interfaces/msg/detail/agv_stations__traits.hpp
-- Installing: /home/user/dobot_ws/install/ariac_interfaces/include/ariac_interfaces/ariac_interfaces/msg/detail/vacuum_tools__builder.hpp
-- Installing: /home/user/dobot_ws/install/ariac_interfaces/include/ariac_interfaces/ariac_interfaces/msg/detail/vacuum_tools__type_support.hpp
-- Installing: /home/user/dobot_ws/install/ariac_interfaces/include/ariac_interfaces/ariac_interfaces/msg/detail/cell_feeder_status__builder.hpp
-- Installing: /home/user/dobot_ws/install/ariac_interfaces/include/ariac_interfaces/ariac_interfaces/msg/detail/competition_time__traits.hpp
-- Installing: /home/user/dobot_ws/install/ariac_interfaces/include/ariac_interfaces/ariac_interfaces/msg/detail/agv_tray_status__traits.hpp
-- Installing: /home/user/dobot_ws/install/ariac_interfaces/include/ariac_interfaces/ariac_interfaces/msg/detail/cell_defect__traits.hpp
-- Installing: /home/user/dobot_ws/install/ariac_interfaces/include/ariac_interfaces/ariac_interfaces/msg/detail/cell_types__type_support.hpp
-- Installing: /home/user/dobot_ws/install/ariac_interfaces/include/ariac_interfaces/ariac_interfaces/msg/detail/vacuum_tools__struct.hpp
-- Installing: /home/user/dobot_ws/install/ariac_interfaces/include/ariac_interfaces/ariac_interfaces/msg/detail/distance_sensor__builder.hpp
-- Installing: /home/user/dobot_ws/install/ariac_interfaces/include/ariac_interfaces/ariac_interfaces/msg/detail/cell_feeder_status__struct.hpp
-- Installing: /home/user/dobot_ws/install/ariac_interfaces/include/ariac_interfaces/ariac_interfaces/msg/detail/voltage_reading__traits.hpp
-- Installing: /home/user/dobot_ws/install/ariac_interfaces/include/ariac_interfaces/ariac_interfaces/msg/detail/cell_types__traits.hpp
-- Installing: /home/user/dobot_ws/install/ariac_interfaces/include/ariac_interfaces/ariac_interfaces/msg/detail/agv_stations__type_support.hpp
-- Installing: /home/user/dobot_ws/install/ariac_interfaces/include/ariac_interfaces/ariac_interfaces/msg/detail/voltage_reading__type_support.hpp
-- Installing: /home/user/dobot_ws/install/ariac_interfaces/include/ariac_interfaces/ariac_interfaces/msg/detail/high_priority_order__builder.hpp
-- Installing: /home/user/dobot_ws/install/ariac_interfaces/include/ariac_interfaces/ariac_interfaces/msg/detail/competition_states__traits.hpp
-- Installing: /home/user/dobot_ws/install/ariac_interfaces/include/ariac_interfaces/ariac_interfaces/msg/detail/operation_states__traits.hpp
-- Installing: /home/user/dobot_ws/install/ariac_interfaces/include/ariac_interfaces/ariac_interfaces/msg/detail/vacuum_tools__traits.hpp
-- Installing: /home/user/dobot_ws/install/ariac_interfaces/include/ariac_interfaces/ariac_interfaces/msg/detail/high_priority_order__traits.hpp
-- Installing: /home/user/dobot_ws/install/ariac_interfaces/include/ariac_interfaces/ariac_interfaces/msg/detail/agv_status__builder.hpp
-- Installing: /home/user/dobot_ws/install/ariac_interfaces/include/ariac_interfaces/ariac_interfaces/msg/detail/high_priority_order__struct.hpp
-- Installing: /home/user/dobot_ws/install/ariac_interfaces/include/ariac_interfaces/ariac_interfaces/msg/detail/competition_status__type_support.hpp
-- Installing: /home/user/dobot_ws/install/ariac_interfaces/include/ariac_interfaces/ariac_interfaces/msg/detail/break_beam_status__traits.hpp
-- Installing: /home/user/dobot_ws/install/ariac_interfaces/include/ariac_interfaces/ariac_interfaces/msg/detail/inspection_report__type_support.hpp
-- Installing: /home/user/dobot_ws/install/ariac_interfaces/include/ariac_interfaces/ariac_interfaces/msg/detail/agv_stations__struct.hpp
-- Up-to-date: /home/user/dobot_ws/install/ariac_interfaces/include/ariac_interfaces/ariac_interfaces/action
-- Installing: /home/user/dobot_ws/install/ariac_interfaces/include/ariac_interfaces/ariac_interfaces/action/gripper_command.hpp
-- Installing: /home/user/dobot_ws/install/ariac_interfaces/include/ariac_interfaces/ariac_interfaces/action/move_agv.hpp
-- Up-to-date: /home/user/dobot_ws/install/ariac_interfaces/include/ariac_interfaces/ariac_interfaces/action/detail
-- Installing: /home/user/dobot_ws/install/ariac_interfaces/include/ariac_interfaces/ariac_interfaces/action/detail/gripper_command__type_support.hpp
-- Installing: /home/user/dobot_ws/install/ariac_interfaces/include/ariac_interfaces/ariac_interfaces/action/detail/gripper_command__builder.hpp
-- Installing: /home/user/dobot_ws/install/ariac_interfaces/include/ariac_interfaces/ariac_interfaces/action/detail/move_agv__type_support.hpp
-- Installing: /home/user/dobot_ws/install/ariac_interfaces/include/ariac_interfaces/ariac_interfaces/action/detail/gripper_command__traits.hpp
-- Installing: /home/user/dobot_ws/install/ariac_interfaces/include/ariac_interfaces/ariac_interfaces/action/detail/gripper_command__struct.hpp
-- Installing: /home/user/dobot_ws/install/ariac_interfaces/include/ariac_interfaces/ariac_interfaces/action/detail/move_agv__traits.hpp
-- Installing: /home/user/dobot_ws/install/ariac_interfaces/include/ariac_interfaces/ariac_interfaces/action/detail/move_agv__struct.hpp
-- Installing: /home/user/dobot_ws/install/ariac_interfaces/include/ariac_interfaces/ariac_interfaces/action/detail/move_agv__builder.hpp
-- Up-to-date: /home/user/dobot_ws/install/ariac_interfaces/include/ariac_interfaces/ariac_interfaces/srv
-- Installing: /home/user/dobot_ws/install/ariac_interfaces/include/ariac_interfaces/ariac_interfaces/srv/attach_tool.hpp
-- Installing: /home/user/dobot_ws/install/ariac_interfaces/include/ariac_interfaces/ariac_interfaces/srv/trigger.hpp
-- Installing: /home/user/dobot_ws/install/ariac_interfaces/include/ariac_interfaces/ariac_interfaces/srv/conveyor_control.hpp
-- Installing: /home/user/dobot_ws/install/ariac_interfaces/include/ariac_interfaces/ariac_interfaces/srv/check_kit_quality.hpp
-- Installing: /home/user/dobot_ws/install/ariac_interfaces/include/ariac_interfaces/ariac_interfaces/srv/control_cell_feeder.hpp
-- Installing: /home/user/dobot_ws/install/ariac_interfaces/include/ariac_interfaces/ariac_interfaces/srv/end_competition.hpp
-- Installing: /home/user/dobot_ws/install/ariac_interfaces/include/ariac_interfaces/ariac_interfaces/srv/submit_inspection_report.hpp
-- Installing: /home/user/dobot_ws/install/ariac_interfaces/include/ariac_interfaces/ariac_interfaces/srv/bidirectional_conveyor_control.hpp
-- Installing: /home/user/dobot_ws/install/ariac_interfaces/include/ariac_interfaces/ariac_interfaces/srv/submit_high_priority_order.hpp
-- Up-to-date: /home/user/dobot_ws/install/ariac_interfaces/include/ariac_interfaces/ariac_interfaces/srv/detail
-- Installing: /home/user/dobot_ws/install/ariac_interfaces/include/ariac_interfaces/ariac_interfaces/srv/detail/control_cell_feeder__struct.hpp
-- Installing: /home/user/dobot_ws/install/ariac_interfaces/include/ariac_interfaces/ariac_interfaces/srv/detail/attach_tool__traits.hpp
-- Installing: /home/user/dobot_ws/install/ariac_interfaces/include/ariac_interfaces/ariac_interfaces/srv/detail/submit_inspection_report__struct.hpp
-- Installing: /home/user/dobot_ws/install/ariac_interfaces/include/ariac_interfaces/ariac_interfaces/srv/detail/end_competition__type_support.hpp
-- Installing: /home/user/dobot_ws/install/ariac_interfaces/include/ariac_interfaces/ariac_interfaces/srv/detail/submit_inspection_report__traits.hpp
-- Installing: /home/user/dobot_ws/install/ariac_interfaces/include/ariac_interfaces/ariac_interfaces/srv/detail/trigger__type_support.hpp
-- Installing: /home/user/dobot_ws/install/ariac_interfaces/include/ariac_interfaces/ariac_interfaces/srv/detail/conveyor_control__type_support.hpp
-- Installing: /home/user/dobot_ws/install/ariac_interfaces/include/ariac_interfaces/ariac_interfaces/srv/detail/check_kit_quality__traits.hpp
-- Installing: /home/user/dobot_ws/install/ariac_interfaces/include/ariac_interfaces/ariac_interfaces/srv/detail/conveyor_control__traits.hpp
-- Installing: /home/user/dobot_ws/install/ariac_interfaces/include/ariac_interfaces/ariac_interfaces/srv/detail/trigger__builder.hpp
-- Installing: /home/user/dobot_ws/install/ariac_interfaces/include/ariac_interfaces/ariac_interfaces/srv/detail/bidirectional_conveyor_control__struct.hpp
-- Installing: /home/user/dobot_ws/install/ariac_interfaces/include/ariac_interfaces/ariac_interfaces/srv/detail/end_competition__builder.hpp
-- Installing: /home/user/dobot_ws/install/ariac_interfaces/include/ariac_interfaces/ariac_interfaces/srv/detail/end_competition__traits.hpp
-- Installing: /home/user/dobot_ws/install/ariac_interfaces/include/ariac_interfaces/ariac_interfaces/srv/detail/submit_inspection_report__type_support.hpp
-- Installing: /home/user/dobot_ws/install/ariac_interfaces/include/ariac_interfaces/ariac_interfaces/srv/detail/bidirectional_conveyor_control__traits.hpp
-- Installing: /home/user/dobot_ws/install/ariac_interfaces/include/ariac_interfaces/ariac_interfaces/srv/detail/attach_tool__struct.hpp
-- Installing: /home/user/dobot_ws/install/ariac_interfaces/include/ariac_interfaces/ariac_interfaces/srv/detail/control_cell_feeder__traits.hpp
-- Installing: /home/user/dobot_ws/install/ariac_interfaces/include/ariac_interfaces/ariac_interfaces/srv/detail/bidirectional_conveyor_control__builder.hpp
-- Installing: /home/user/dobot_ws/install/ariac_interfaces/include/ariac_interfaces/ariac_interfaces/srv/detail/attach_tool__builder.hpp
-- Installing: /home/user/dobot_ws/install/ariac_interfaces/include/ariac_interfaces/ariac_interfaces/srv/detail/trigger__traits.hpp
-- Installing: /home/user/dobot_ws/install/ariac_interfaces/include/ariac_interfaces/ariac_interfaces/srv/detail/conveyor_control__struct.hpp
-- Installing: /home/user/dobot_ws/install/ariac_interfaces/include/ariac_interfaces/ariac_interfaces/srv/detail/attach_tool__type_support.hpp
-- Installing: /home/user/dobot_ws/install/ariac_interfaces/include/ariac_interfaces/ariac_interfaces/srv/detail/trigger__struct.hpp
-- Installing: /home/user/dobot_ws/install/ariac_interfaces/include/ariac_interfaces/ariac_interfaces/srv/detail/check_kit_quality__type_support.hpp
-- Installing: /home/user/dobot_ws/install/ariac_interfaces/include/ariac_interfaces/ariac_interfaces/srv/detail/submit_high_priority_order__struct.hpp
-- Installing: /home/user/dobot_ws/install/ariac_interfaces/include/ariac_interfaces/ariac_interfaces/srv/detail/control_cell_feeder__type_support.hpp
-- Installing: /home/user/dobot_ws/install/ariac_interfaces/include/ariac_interfaces/ariac_interfaces/srv/detail/control_cell_feeder__builder.hpp
-- Installing: /home/user/dobot_ws/install/ariac_interfaces/include/ariac_interfaces/ariac_interfaces/srv/detail/submit_high_priority_order__traits.hpp
-- Installing: /home/user/dobot_ws/install/ariac_interfaces/include/ariac_interfaces/ariac_interfaces/srv/detail/submit_inspection_report__builder.hpp
-- Installing: /home/user/dobot_ws/install/ariac_interfaces/include/ariac_interfaces/ariac_interfaces/srv/detail/submit_high_priority_order__type_support.hpp
-- Installing: /home/user/dobot_ws/install/ariac_interfaces/include/ariac_interfaces/ariac_interfaces/srv/detail/submit_high_priority_order__builder.hpp
-- Installing: /home/user/dobot_ws/install/ariac_interfaces/include/ariac_interfaces/ariac_interfaces/srv/detail/bidirectional_conveyor_control__type_support.hpp
-- Installing: /home/user/dobot_ws/install/ariac_interfaces/include/ariac_interfaces/ariac_interfaces/srv/detail/end_competition__struct.hpp
-- Installing: /home/user/dobot_ws/install/ariac_interfaces/include/ariac_interfaces/ariac_interfaces/srv/detail/check_kit_quality__struct.hpp
-- Installing: /home/user/dobot_ws/install/ariac_interfaces/include/ariac_interfaces/ariac_interfaces/srv/detail/conveyor_control__builder.hpp
-- Installing: /home/user/dobot_ws/install/ariac_interfaces/include/ariac_interfaces/ariac_interfaces/srv/detail/check_kit_quality__builder.hpp
-- Up-to-date: /home/user/dobot_ws/install/ariac_interfaces/include/ariac_interfaces/ariac_interfaces
-- Up-to-date: /home/user/dobot_ws/install/ariac_interfaces/include/ariac_interfaces/ariac_interfaces/msg
-- Up-to-date: /home/user/dobot_ws/install/ariac_interfaces/include/ariac_interfaces/ariac_interfaces/msg/detail
-- Installing: /home/user/dobot_ws/install/ariac_interfaces/include/ariac_interfaces/ariac_interfaces/msg/detail/conveyor_status__rosidl_typesupport_fastrtps_cpp.hpp
-- Installing: /home/user/dobot_ws/install/ariac_interfaces/include/ariac_interfaces/ariac_interfaces/msg/detail/competition_time__rosidl_typesupport_fastrtps_cpp.hpp
-- Installing: /home/user/dobot_ws/install/ariac_interfaces/include/ariac_interfaces/ariac_interfaces/msg/detail/competition_status__rosidl_typesupport_fastrtps_cpp.hpp
-- Installing: /home/user/dobot_ws/install/ariac_interfaces/include/ariac_interfaces/ariac_interfaces/msg/detail/cell_feeder_status__rosidl_typesupport_fastrtps_cpp.hpp
-- Installing: /home/user/dobot_ws/install/ariac_interfaces/include/ariac_interfaces/ariac_interfaces/msg/detail/distance_sensor__rosidl_typesupport_fastrtps_cpp.hpp
-- Installing: /home/user/dobot_ws/install/ariac_interfaces/include/ariac_interfaces/ariac_interfaces/msg/detail/agv_stations__rosidl_typesupport_fastrtps_cpp.hpp
-- Installing: /home/user/dobot_ws/install/ariac_interfaces/include/ariac_interfaces/ariac_interfaces/msg/detail/dds_fastrtps
-- Installing: /home/user/dobot_ws/install/ariac_interfaces/include/ariac_interfaces/ariac_interfaces/msg/detail/agv_status__rosidl_typesupport_fastrtps_cpp.hpp
-- Installing: /home/user/dobot_ws/install/ariac_interfaces/include/ariac_interfaces/ariac_interfaces/msg/detail/voltage_reading__rosidl_typesupport_fastrtps_cpp.hpp
-- Installing: /home/user/dobot_ws/install/ariac_interfaces/include/ariac_interfaces/ariac_interfaces/msg/detail/inspection_report__rosidl_typesupport_fastrtps_cpp.hpp
-- Installing: /home/user/dobot_ws/install/ariac_interfaces/include/ariac_interfaces/ariac_interfaces/msg/detail/break_beam_status__rosidl_typesupport_fastrtps_cpp.hpp
-- Installing: /home/user/dobot_ws/install/ariac_interfaces/include/ariac_interfaces/ariac_interfaces/msg/detail/agv_tray_status__rosidl_typesupport_fastrtps_cpp.hpp
-- Installing: /home/user/dobot_ws/install/ariac_interfaces/include/ariac_interfaces/ariac_interfaces/msg/detail/vacuum_tools__rosidl_typesupport_fastrtps_cpp.hpp
-- Installing: /home/user/dobot_ws/install/ariac_interfaces/include/ariac_interfaces/ariac_interfaces/msg/detail/competition_states__rosidl_typesupport_fastrtps_cpp.hpp
-- Installing: /home/user/dobot_ws/install/ariac_interfaces/include/ariac_interfaces/ariac_interfaces/msg/detail/operation_states__rosidl_typesupport_fastrtps_cpp.hpp
-- Installing: /home/user/dobot_ws/install/ariac_interfaces/include/ariac_interfaces/ariac_interfaces/msg/detail/high_priority_order__rosidl_typesupport_fastrtps_cpp.hpp
-- Installing: /home/user/dobot_ws/install/ariac_interfaces/include/ariac_interfaces/ariac_interfaces/msg/detail/tool_changer_status__rosidl_typesupport_fastrtps_cpp.hpp
-- Installing: /home/user/dobot_ws/install/ariac_interfaces/include/ariac_interfaces/ariac_interfaces/msg/detail/cell_types__rosidl_typesupport_fastrtps_cpp.hpp
-- Installing: /home/user/dobot_ws/install/ariac_interfaces/include/ariac_interfaces/ariac_interfaces/msg/detail/cell_defect__rosidl_typesupport_fastrtps_cpp.hpp
-- Installing: /home/user/dobot_ws/install/ariac_interfaces/include/ariac_interfaces/ariac_interfaces/msg/rosidl_typesupport_fastrtps_cpp__visibility_control.h
-- Up-to-date: /home/user/dobot_ws/install/ariac_interfaces/include/ariac_interfaces/ariac_interfaces/action
-- Up-to-date: /home/user/dobot_ws/install/ariac_interfaces/include/ariac_interfaces/ariac_interfaces/action/detail
-- Installing: /home/user/dobot_ws/install/ariac_interfaces/include/ariac_interfaces/ariac_interfaces/action/detail/dds_fastrtps
-- Installing: /home/user/dobot_ws/install/ariac_interfaces/include/ariac_interfaces/ariac_interfaces/action/detail/gripper_command__rosidl_typesupport_fastrtps_cpp.hpp
-- Installing: /home/user/dobot_ws/install/ariac_interfaces/include/ariac_interfaces/ariac_interfaces/action/detail/move_agv__rosidl_typesupport_fastrtps_cpp.hpp
-- Up-to-date: /home/user/dobot_ws/install/ariac_interfaces/include/ariac_interfaces/ariac_interfaces/srv
-- Up-to-date: /home/user/dobot_ws/install/ariac_interfaces/include/ariac_interfaces/ariac_interfaces/srv/detail
-- Installing: /home/user/dobot_ws/install/ariac_interfaces/include/ariac_interfaces/ariac_interfaces/srv/detail/dds_fastrtps
-- Installing: /home/user/dobot_ws/install/ariac_interfaces/include/ariac_interfaces/ariac_interfaces/srv/detail/submit_inspection_report__rosidl_typesupport_fastrtps_cpp.hpp
-- Installing: /home/user/dobot_ws/install/ariac_interfaces/include/ariac_interfaces/ariac_interfaces/srv/detail/control_cell_feeder__rosidl_typesupport_fastrtps_cpp.hpp
-- Installing: /home/user/dobot_ws/install/ariac_interfaces/include/ariac_interfaces/ariac_interfaces/srv/detail/trigger__rosidl_typesupport_fastrtps_cpp.hpp
-- Installing: /home/user/dobot_ws/install/ariac_interfaces/include/ariac_interfaces/ariac_interfaces/srv/detail/submit_high_priority_order__rosidl_typesupport_fastrtps_cpp.hpp
-- Installing: /home/user/dobot_ws/install/ariac_interfaces/include/ariac_interfaces/ariac_interfaces/srv/detail/attach_tool__rosidl_typesupport_fastrtps_cpp.hpp
-- Installing: /home/user/dobot_ws/install/ariac_interfaces/include/ariac_interfaces/ariac_interfaces/srv/detail/check_kit_quality__rosidl_typesupport_fastrtps_cpp.hpp
-- Installing: /home/user/dobot_ws/install/ariac_interfaces/include/ariac_interfaces/ariac_interfaces/srv/detail/end_competition__rosidl_typesupport_fastrtps_cpp.hpp
-- Installing: /home/user/dobot_ws/install/ariac_interfaces/include/ariac_interfaces/ariac_interfaces/srv/detail/bidirectional_conveyor_control__rosidl_typesupport_fastrtps_cpp.hpp
-- Installing: /home/user/dobot_ws/install/ariac_interfaces/include/ariac_interfaces/ariac_interfaces/srv/detail/conveyor_control__rosidl_typesupport_fastrtps_cpp.hpp
-- Installing: /home/user/dobot_ws/install/ariac_interfaces/lib/libariac_interfaces__rosidl_typesupport_fastrtps_cpp.so
-- Set runtime path of "/home/user/dobot_ws/install/ariac_interfaces/lib/libariac_interfaces__rosidl_typesupport_fastrtps_cpp.so" to ""
-- Up-to-date: /home/user/dobot_ws/install/ariac_interfaces/include/ariac_interfaces/ariac_interfaces
-- Up-to-date: /home/user/dobot_ws/install/ariac_interfaces/include/ariac_interfaces/ariac_interfaces/msg
-- Installing: /home/user/dobot_ws/install/ariac_interfaces/include/ariac_interfaces/ariac_interfaces/msg/rosidl_typesupport_introspection_c__visibility_control.h
-- Up-to-date: /home/user/dobot_ws/install/ariac_interfaces/include/ariac_interfaces/ariac_interfaces/msg/detail
-- Installing: /home/user/dobot_ws/install/ariac_interfaces/include/ariac_interfaces/ariac_interfaces/msg/detail/competition_status__type_support.c
-- Installing: /home/user/dobot_ws/install/ariac_interfaces/include/ariac_interfaces/ariac_interfaces/msg/detail/conveyor_status__rosidl_typesupport_introspection_c.h
-- Installing: /home/user/dobot_ws/install/ariac_interfaces/include/ariac_interfaces/ariac_interfaces/msg/detail/agv_status__rosidl_typesupport_introspection_c.h
-- Installing: /home/user/dobot_ws/install/ariac_interfaces/include/ariac_interfaces/ariac_interfaces/msg/detail/cell_feeder_status__rosidl_typesupport_introspection_c.h
-- Installing: /home/user/dobot_ws/install/ariac_interfaces/include/ariac_interfaces/ariac_interfaces/msg/detail/cell_defect__rosidl_typesupport_introspection_c.h
-- Installing: /home/user/dobot_ws/install/ariac_interfaces/include/ariac_interfaces/ariac_interfaces/msg/detail/competition_status__rosidl_typesupport_introspection_c.h
-- Installing: /home/user/dobot_ws/install/ariac_interfaces/include/ariac_interfaces/ariac_interfaces/msg/detail/inspection_report__rosidl_typesupport_introspection_c.h
-- Installing: /home/user/dobot_ws/install/ariac_interfaces/include/ariac_interfaces/ariac_interfaces/msg/detail/cell_feeder_status__type_support.c
-- Installing: /home/user/dobot_ws/install/ariac_interfaces/include/ariac_interfaces/ariac_interfaces/msg/detail/tool_changer_status__type_support.c
-- Installing: /home/user/dobot_ws/install/ariac_interfaces/include/ariac_interfaces/ariac_interfaces/msg/detail/tool_changer_status__rosidl_typesupport_introspection_c.h
-- Installing: /home/user/dobot_ws/install/ariac_interfaces/include/ariac_interfaces/ariac_interfaces/msg/detail/operation_states__rosidl_typesupport_introspection_c.h
-- Installing: /home/user/dobot_ws/install/ariac_interfaces/include/ariac_interfaces/ariac_interfaces/msg/detail/agv_tray_status__type_support.c
-- Installing: /home/user/dobot_ws/install/ariac_interfaces/include/ariac_interfaces/ariac_interfaces/msg/detail/voltage_reading__rosidl_typesupport_introspection_c.h
-- Installing: /home/user/dobot_ws/install/ariac_interfaces/include/ariac_interfaces/ariac_interfaces/msg/detail/cell_types__rosidl_typesupport_introspection_c.h
-- Installing: /home/user/dobot_ws/install/ariac_interfaces/include/ariac_interfaces/ariac_interfaces/msg/detail/distance_sensor__type_support.c
-- Installing: /home/user/dobot_ws/install/ariac_interfaces/include/ariac_interfaces/ariac_interfaces/msg/detail/agv_stations__type_support.c
-- Installing: /home/user/dobot_ws/install/ariac_interfaces/include/ariac_interfaces/ariac_interfaces/msg/detail/cell_types__type_support.c
-- Installing: /home/user/dobot_ws/install/ariac_interfaces/include/ariac_interfaces/ariac_interfaces/msg/detail/vacuum_tools__rosidl_typesupport_introspection_c.h
-- Installing: /home/user/dobot_ws/install/ariac_interfaces/include/ariac_interfaces/ariac_interfaces/msg/detail/high_priority_order__rosidl_typesupport_introspection_c.h
-- Installing: /home/user/dobot_ws/install/ariac_interfaces/include/ariac_interfaces/ariac_interfaces/msg/detail/distance_sensor__rosidl_typesupport_introspection_c.h
-- Installing: /home/user/dobot_ws/install/ariac_interfaces/include/ariac_interfaces/ariac_interfaces/msg/detail/competition_states__rosidl_typesupport_introspection_c.h
-- Installing: /home/user/dobot_ws/install/ariac_interfaces/include/ariac_interfaces/ariac_interfaces/msg/detail/agv_tray_status__rosidl_typesupport_introspection_c.h
-- Installing: /home/user/dobot_ws/install/ariac_interfaces/include/ariac_interfaces/ariac_interfaces/msg/detail/operation_states__type_support.c
-- Installing: /home/user/dobot_ws/install/ariac_interfaces/include/ariac_interfaces/ariac_interfaces/msg/detail/vacuum_tools__type_support.c
-- Installing: /home/user/dobot_ws/install/ariac_interfaces/include/ariac_interfaces/ariac_interfaces/msg/detail/break_beam_status__type_support.c
-- Installing: /home/user/dobot_ws/install/ariac_interfaces/include/ariac_interfaces/ariac_interfaces/msg/detail/competition_states__type_support.c
-- Installing: /home/user/dobot_ws/install/ariac_interfaces/include/ariac_interfaces/ariac_interfaces/msg/detail/competition_time__rosidl_typesupport_introspection_c.h
-- Installing: /home/user/dobot_ws/install/ariac_interfaces/include/ariac_interfaces/ariac_interfaces/msg/detail/inspection_report__type_support.c
-- Installing: /home/user/dobot_ws/install/ariac_interfaces/include/ariac_interfaces/ariac_interfaces/msg/detail/agv_stations__rosidl_typesupport_introspection_c.h
-- Installing: /home/user/dobot_ws/install/ariac_interfaces/include/ariac_interfaces/ariac_interfaces/msg/detail/break_beam_status__rosidl_typesupport_introspection_c.h
-- Installing: /home/user/dobot_ws/install/ariac_interfaces/include/ariac_interfaces/ariac_interfaces/msg/detail/competition_time__type_support.c
-- Installing: /home/user/dobot_ws/install/ariac_interfaces/include/ariac_interfaces/ariac_interfaces/msg/detail/cell_defect__type_support.c
-- Installing: /home/user/dobot_ws/install/ariac_interfaces/include/ariac_interfaces/ariac_interfaces/msg/detail/conveyor_status__type_support.c
-- Installing: /home/user/dobot_ws/install/ariac_interfaces/include/ariac_interfaces/ariac_interfaces/msg/detail/voltage_reading__type_support.c
-- Installing: /home/user/dobot_ws/install/ariac_interfaces/include/ariac_interfaces/ariac_interfaces/msg/detail/agv_status__type_support.c
-- Installing: /home/user/dobot_ws/install/ariac_interfaces/include/ariac_interfaces/ariac_interfaces/msg/detail/high_priority_order__type_support.c
-- Up-to-date: /home/user/dobot_ws/install/ariac_interfaces/include/ariac_interfaces/ariac_interfaces/action
-- Up-to-date: /home/user/dobot_ws/install/ariac_interfaces/include/ariac_interfaces/ariac_interfaces/action/detail
-- Installing: /home/user/dobot_ws/install/ariac_interfaces/include/ariac_interfaces/ariac_interfaces/action/detail/gripper_command__rosidl_typesupport_introspection_c.h
-- Installing: /home/user/dobot_ws/install/ariac_interfaces/include/ariac_interfaces/ariac_interfaces/action/detail/move_agv__type_support.c
-- Installing: /home/user/dobot_ws/install/ariac_interfaces/include/ariac_interfaces/ariac_interfaces/action/detail/gripper_command__type_support.c
-- Installing: /home/user/dobot_ws/install/ariac_interfaces/include/ariac_interfaces/ariac_interfaces/action/detail/move_agv__rosidl_typesupport_introspection_c.h
-- Up-to-date: /home/user/dobot_ws/install/ariac_interfaces/include/ariac_interfaces/ariac_interfaces/srv
-- Up-to-date: /home/user/dobot_ws/install/ariac_interfaces/include/ariac_interfaces/ariac_interfaces/srv/detail
-- Installing: /home/user/dobot_ws/install/ariac_interfaces/include/ariac_interfaces/ariac_interfaces/srv/detail/conveyor_control__type_support.c
-- Installing: /home/user/dobot_ws/install/ariac_interfaces/include/ariac_interfaces/ariac_interfaces/srv/detail/trigger__type_support.c
-- Installing: /home/user/dobot_ws/install/ariac_interfaces/include/ariac_interfaces/ariac_interfaces/srv/detail/attach_tool__type_support.c
-- Installing: /home/user/dobot_ws/install/ariac_interfaces/include/ariac_interfaces/ariac_interfaces/srv/detail/submit_high_priority_order__type_support.c
-- Installing: /home/user/dobot_ws/install/ariac_interfaces/include/ariac_interfaces/ariac_interfaces/srv/detail/attach_tool__rosidl_typesupport_introspection_c.h
-- Installing: /home/user/dobot_ws/install/ariac_interfaces/include/ariac_interfaces/ariac_interfaces/srv/detail/bidirectional_conveyor_control__type_support.c
-- Installing: /home/user/dobot_ws/install/ariac_interfaces/include/ariac_interfaces/ariac_interfaces/srv/detail/check_kit_quality__type_support.c
-- Installing: /home/user/dobot_ws/install/ariac_interfaces/include/ariac_interfaces/ariac_interfaces/srv/detail/trigger__rosidl_typesupport_introspection_c.h
-- Installing: /home/user/dobot_ws/install/ariac_interfaces/include/ariac_interfaces/ariac_interfaces/srv/detail/end_competition__rosidl_typesupport_introspection_c.h
-- Installing: /home/user/dobot_ws/install/ariac_interfaces/include/ariac_interfaces/ariac_interfaces/srv/detail/conveyor_control__rosidl_typesupport_introspection_c.h
-- Installing: /home/user/dobot_ws/install/ariac_interfaces/include/ariac_interfaces/ariac_interfaces/srv/detail/control_cell_feeder__type_support.c
-- Installing: /home/user/dobot_ws/install/ariac_interfaces/include/ariac_interfaces/ariac_interfaces/srv/detail/submit_inspection_report__type_support.c
-- Installing: /home/user/dobot_ws/install/ariac_interfaces/include/ariac_interfaces/ariac_interfaces/srv/detail/control_cell_feeder__rosidl_typesupport_introspection_c.h
-- Installing: /home/user/dobot_ws/install/ariac_interfaces/include/ariac_interfaces/ariac_interfaces/srv/detail/check_kit_quality__rosidl_typesupport_introspection_c.h
-- Installing: /home/user/dobot_ws/install/ariac_interfaces/include/ariac_interfaces/ariac_interfaces/srv/detail/submit_high_priority_order__rosidl_typesupport_introspection_c.h
-- Installing: /home/user/dobot_ws/install/ariac_interfaces/include/ariac_interfaces/ariac_interfaces/srv/detail/end_competition__type_support.c
-- Installing: /home/user/dobot_ws/install/ariac_interfaces/include/ariac_interfaces/ariac_interfaces/srv/detail/submit_inspection_report__rosidl_typesupport_introspection_c.h
-- Installing: /home/user/dobot_ws/install/ariac_interfaces/include/ariac_interfaces/ariac_interfaces/srv/detail/bidirectional_conveyor_control__rosidl_typesupport_introspection_c.h
-- Installing: /home/user/dobot_ws/install/ariac_interfaces/lib/libariac_interfaces__rosidl_typesupport_introspection_c.so
-- Set runtime path of "/home/user/dobot_ws/install/ariac_interfaces/lib/libariac_interfaces__rosidl_typesupport_introspection_c.so" to ""
-- Installing: /home/user/dobot_ws/install/ariac_interfaces/lib/libariac_interfaces__rosidl_typesupport_c.so
-- Set runtime path of "/home/user/dobot_ws/install/ariac_interfaces/lib/libariac_interfaces__rosidl_typesupport_c.so" to ""
-- Up-to-date: /home/user/dobot_ws/install/ariac_interfaces/include/ariac_interfaces/ariac_interfaces
-- Up-to-date: /home/user/dobot_ws/install/ariac_interfaces/include/ariac_interfaces/ariac_interfaces/msg
-- Up-to-date: /home/user/dobot_ws/install/ariac_interfaces/include/ariac_interfaces/ariac_interfaces/msg/detail
-- Installing: /home/user/dobot_ws/install/ariac_interfaces/include/ariac_interfaces/ariac_interfaces/msg/detail/high_priority_order__type_support.cpp
-- Installing: /home/user/dobot_ws/install/ariac_interfaces/include/ariac_interfaces/ariac_interfaces/msg/detail/cell_defect__type_support.cpp
-- Installing: /home/user/dobot_ws/install/ariac_interfaces/include/ariac_interfaces/ariac_interfaces/msg/detail/tool_changer_status__rosidl_typesupport_introspection_cpp.hpp
-- Installing: /home/user/dobot_ws/install/ariac_interfaces/include/ariac_interfaces/ariac_interfaces/msg/detail/competition_status__type_support.cpp
-- Installing: /home/user/dobot_ws/install/ariac_interfaces/include/ariac_interfaces/ariac_interfaces/msg/detail/agv_status__rosidl_typesupport_introspection_cpp.hpp
-- Installing: /home/user/dobot_ws/install/ariac_interfaces/include/ariac_interfaces/ariac_interfaces/msg/detail/operation_states__rosidl_typesupport_introspection_cpp.hpp
-- Installing: /home/user/dobot_ws/install/ariac_interfaces/include/ariac_interfaces/ariac_interfaces/msg/detail/conveyor_status__rosidl_typesupport_introspection_cpp.hpp
-- Installing: /home/user/dobot_ws/install/ariac_interfaces/include/ariac_interfaces/ariac_interfaces/msg/detail/voltage_reading__type_support.cpp
-- Installing: /home/user/dobot_ws/install/ariac_interfaces/include/ariac_interfaces/ariac_interfaces/msg/detail/cell_defect__rosidl_typesupport_introspection_cpp.hpp
-- Installing: /home/user/dobot_ws/install/ariac_interfaces/include/ariac_interfaces/ariac_interfaces/msg/detail/agv_stations__rosidl_typesupport_introspection_cpp.hpp
-- Installing: /home/user/dobot_ws/install/ariac_interfaces/include/ariac_interfaces/ariac_interfaces/msg/detail/cell_feeder_status__rosidl_typesupport_introspection_cpp.hpp
-- Installing: /home/user/dobot_ws/install/ariac_interfaces/include/ariac_interfaces/ariac_interfaces/msg/detail/high_priority_order__rosidl_typesupport_introspection_cpp.hpp
-- Installing: /home/user/dobot_ws/install/ariac_interfaces/include/ariac_interfaces/ariac_interfaces/msg/detail/competition_states__rosidl_typesupport_introspection_cpp.hpp
-- Installing: /home/user/dobot_ws/install/ariac_interfaces/include/ariac_interfaces/ariac_interfaces/msg/detail/break_beam_status__type_support.cpp
-- Installing: /home/user/dobot_ws/install/ariac_interfaces/include/ariac_interfaces/ariac_interfaces/msg/detail/cell_types__type_support.cpp
-- Installing: /home/user/dobot_ws/install/ariac_interfaces/include/ariac_interfaces/ariac_interfaces/msg/detail/cell_feeder_status__type_support.cpp
-- Installing: /home/user/dobot_ws/install/ariac_interfaces/include/ariac_interfaces/ariac_interfaces/msg/detail/competition_time__rosidl_typesupport_introspection_cpp.hpp
-- Installing: /home/user/dobot_ws/install/ariac_interfaces/include/ariac_interfaces/ariac_interfaces/msg/detail/distance_sensor__rosidl_typesupport_introspection_cpp.hpp
-- Installing: /home/user/dobot_ws/install/ariac_interfaces/include/ariac_interfaces/ariac_interfaces/msg/detail/break_beam_status__rosidl_typesupport_introspection_cpp.hpp
-- Installing: /home/user/dobot_ws/install/ariac_interfaces/include/ariac_interfaces/ariac_interfaces/msg/detail/agv_stations__type_support.cpp
-- Installing: /home/user/dobot_ws/install/ariac_interfaces/include/ariac_interfaces/ariac_interfaces/msg/detail/tool_changer_status__type_support.cpp
-- Installing: /home/user/dobot_ws/install/ariac_interfaces/include/ariac_interfaces/ariac_interfaces/msg/detail/conveyor_status__type_support.cpp
-- Installing: /home/user/dobot_ws/install/ariac_interfaces/include/ariac_interfaces/ariac_interfaces/msg/detail/competition_status__rosidl_typesupport_introspection_cpp.hpp
-- Installing: /home/user/dobot_ws/install/ariac_interfaces/include/ariac_interfaces/ariac_interfaces/msg/detail/vacuum_tools__rosidl_typesupport_introspection_cpp.hpp
-- Installing: /home/user/dobot_ws/install/ariac_interfaces/include/ariac_interfaces/ariac_interfaces/msg/detail/agv_tray_status__rosidl_typesupport_introspection_cpp.hpp
-- Installing: /home/user/dobot_ws/install/ariac_interfaces/include/ariac_interfaces/ariac_interfaces/msg/detail/inspection_report__rosidl_typesupport_introspection_cpp.hpp
-- Installing: /home/user/dobot_ws/install/ariac_interfaces/include/ariac_interfaces/ariac_interfaces/msg/detail/cell_types__rosidl_typesupport_introspection_cpp.hpp
-- Installing: /home/user/dobot_ws/install/ariac_interfaces/include/ariac_interfaces/ariac_interfaces/msg/detail/voltage_reading__rosidl_typesupport_introspection_cpp.hpp
-- Installing: /home/user/dobot_ws/install/ariac_interfaces/include/ariac_interfaces/ariac_interfaces/msg/detail/operation_states__type_support.cpp
-- Installing: /home/user/dobot_ws/install/ariac_interfaces/include/ariac_interfaces/ariac_interfaces/msg/detail/distance_sensor__type_support.cpp
-- Installing: /home/user/dobot_ws/install/ariac_interfaces/include/ariac_interfaces/ariac_interfaces/msg/detail/vacuum_tools__type_support.cpp
-- Installing: /home/user/dobot_ws/install/ariac_interfaces/include/ariac_interfaces/ariac_interfaces/msg/detail/agv_status__type_support.cpp
-- Installing: /home/user/dobot_ws/install/ariac_interfaces/include/ariac_interfaces/ariac_interfaces/msg/detail/competition_time__type_support.cpp
-- Installing: /home/user/dobot_ws/install/ariac_interfaces/include/ariac_interfaces/ariac_interfaces/msg/detail/agv_tray_status__type_support.cpp
-- Installing: /home/user/dobot_ws/install/ariac_interfaces/include/ariac_interfaces/ariac_interfaces/msg/detail/competition_states__type_support.cpp
-- Installing: /home/user/dobot_ws/install/ariac_interfaces/include/ariac_interfaces/ariac_interfaces/msg/detail/inspection_report__type_support.cpp
-- Up-to-date: /home/user/dobot_ws/install/ariac_interfaces/include/ariac_interfaces/ariac_interfaces/action
-- Up-to-date: /home/user/dobot_ws/install/ariac_interfaces/include/ariac_interfaces/ariac_interfaces/action/detail
-- Installing: /home/user/dobot_ws/install/ariac_interfaces/include/ariac_interfaces/ariac_interfaces/action/detail/gripper_command__rosidl_typesupport_introspection_cpp.hpp
-- Installing: /home/user/dobot_ws/install/ariac_interfaces/include/ariac_interfaces/ariac_interfaces/action/detail/move_agv__type_support.cpp
-- Installing: /home/user/dobot_ws/install/ariac_interfaces/include/ariac_interfaces/ariac_interfaces/action/detail/gripper_command__type_support.cpp
-- Installing: /home/user/dobot_ws/install/ariac_interfaces/include/ariac_interfaces/ariac_interfaces/action/detail/move_agv__rosidl_typesupport_introspection_cpp.hpp
-- Up-to-date: /home/user/dobot_ws/install/ariac_interfaces/include/ariac_interfaces/ariac_interfaces/srv
-- Up-to-date: /home/user/dobot_ws/install/ariac_interfaces/include/ariac_interfaces/ariac_interfaces/srv/detail
-- Installing: /home/user/dobot_ws/install/ariac_interfaces/include/ariac_interfaces/ariac_interfaces/srv/detail/bidirectional_conveyor_control__rosidl_typesupport_introspection_cpp.hpp
-- Installing: /home/user/dobot_ws/install/ariac_interfaces/include/ariac_interfaces/ariac_interfaces/srv/detail/conveyor_control__type_support.cpp
-- Installing: /home/user/dobot_ws/install/ariac_interfaces/include/ariac_interfaces/ariac_interfaces/srv/detail/end_competition__type_support.cpp
-- Installing: /home/user/dobot_ws/install/ariac_interfaces/include/ariac_interfaces/ariac_interfaces/srv/detail/check_kit_quality__type_support.cpp
-- Installing: /home/user/dobot_ws/install/ariac_interfaces/include/ariac_interfaces/ariac_interfaces/srv/detail/submit_inspection_report__rosidl_typesupport_introspection_cpp.hpp
-- Installing: /home/user/dobot_ws/install/ariac_interfaces/include/ariac_interfaces/ariac_interfaces/srv/detail/trigger__type_support.cpp
-- Installing: /home/user/dobot_ws/install/ariac_interfaces/include/ariac_interfaces/ariac_interfaces/srv/detail/attach_tool__type_support.cpp
-- Installing: /home/user/dobot_ws/install/ariac_interfaces/include/ariac_interfaces/ariac_interfaces/srv/detail/check_kit_quality__rosidl_typesupport_introspection_cpp.hpp
-- Installing: /home/user/dobot_ws/install/ariac_interfaces/include/ariac_interfaces/ariac_interfaces/srv/detail/end_competition__rosidl_typesupport_introspection_cpp.hpp
-- Installing: /home/user/dobot_ws/install/ariac_interfaces/include/ariac_interfaces/ariac_interfaces/srv/detail/control_cell_feeder__rosidl_typesupport_introspection_cpp.hpp
-- Installing: /home/user/dobot_ws/install/ariac_interfaces/include/ariac_interfaces/ariac_interfaces/srv/detail/bidirectional_conveyor_control__type_support.cpp
-- Installing: /home/user/dobot_ws/install/ariac_interfaces/include/ariac_interfaces/ariac_interfaces/srv/detail/submit_high_priority_order__type_support.cpp
-- Installing: /home/user/dobot_ws/install/ariac_interfaces/include/ariac_interfaces/ariac_interfaces/srv/detail/submit_inspection_report__type_support.cpp
-- Installing: /home/user/dobot_ws/install/ariac_interfaces/include/ariac_interfaces/ariac_interfaces/srv/detail/conveyor_control__rosidl_typesupport_introspection_cpp.hpp
-- Installing: /home/user/dobot_ws/install/ariac_interfaces/include/ariac_interfaces/ariac_interfaces/srv/detail/attach_tool__rosidl_typesupport_introspection_cpp.hpp
-- Installing: /home/user/dobot_ws/install/ariac_interfaces/include/ariac_interfaces/ariac_interfaces/srv/detail/control_cell_feeder__type_support.cpp
-- Installing: /home/user/dobot_ws/install/ariac_interfaces/include/ariac_interfaces/ariac_interfaces/srv/detail/submit_high_priority_order__rosidl_typesupport_introspection_cpp.hpp
-- Installing: /home/user/dobot_ws/install/ariac_interfaces/include/ariac_interfaces/ariac_interfaces/srv/detail/trigger__rosidl_typesupport_introspection_cpp.hpp
-- Installing: /home/user/dobot_ws/install/ariac_interfaces/lib/libariac_interfaces__rosidl_typesupport_introspection_cpp.so
-- Set runtime path of "/home/user/dobot_ws/install/ariac_interfaces/lib/libariac_interfaces__rosidl_typesupport_introspection_cpp.so" to ""
-- Installing: /home/user/dobot_ws/install/ariac_interfaces/lib/libariac_interfaces__rosidl_typesupport_cpp.so
-- Set runtime path of "/home/user/dobot_ws/install/ariac_interfaces/lib/libariac_interfaces__rosidl_typesupport_cpp.so" to ""
-- Installing: /home/user/dobot_ws/install/ariac_interfaces/share/ariac_interfaces/environment/pythonpath.sh
-- Installing: /home/user/dobot_ws/install/ariac_interfaces/share/ariac_interfaces/environment/pythonpath.dsv
-- Installing: /home/user/dobot_ws/install/ariac_interfaces/local/lib/python3.10/dist-packages/ariac_interfaces-2025.3.4-py3.10.egg-info
-- Installing: /home/user/dobot_ws/install/ariac_interfaces/local/lib/python3.10/dist-packages/ariac_interfaces-2025.3.4-py3.10.egg-info/SOURCES.txt
-- Installing: /home/user/dobot_ws/install/ariac_interfaces/local/lib/python3.10/dist-packages/ariac_interfaces-2025.3.4-py3.10.egg-info/top_level.txt
-- Installing: /home/user/dobot_ws/install/ariac_interfaces/local/lib/python3.10/dist-packages/ariac_interfaces-2025.3.4-py3.10.egg-info/PKG-INFO
-- Installing: /home/user/dobot_ws/install/ariac_interfaces/local/lib/python3.10/dist-packages/ariac_interfaces-2025.3.4-py3.10.egg-info/dependency_links.txt
-- Installing: /home/user/dobot_ws/install/ariac_interfaces/local/lib/python3.10/dist-packages/ariac_interfaces
-- Installing: /home/user/dobot_ws/install/ariac_interfaces/local/lib/python3.10/dist-packages/ariac_interfaces/_ariac_interfaces_s.ep.rosidl_typesupport_c.c
-- Installing: /home/user/dobot_ws/install/ariac_interfaces/local/lib/python3.10/dist-packages/ariac_interfaces/libariac_interfaces__rosidl_generator_py.so
-- Installing: /home/user/dobot_ws/install/ariac_interfaces/local/lib/python3.10/dist-packages/ariac_interfaces/msg
-- Installing: /home/user/dobot_ws/install/ariac_interfaces/local/lib/python3.10/dist-packages/ariac_interfaces/msg/_cell_feeder_status_s.c
-- Installing: /home/user/dobot_ws/install/ariac_interfaces/local/lib/python3.10/dist-packages/ariac_interfaces/msg/_competition_status_s.c
-- Installing: /home/user/dobot_ws/install/ariac_interfaces/local/lib/python3.10/dist-packages/ariac_interfaces/msg/_voltage_reading_s.c
-- Installing: /home/user/dobot_ws/install/ariac_interfaces/local/lib/python3.10/dist-packages/ariac_interfaces/msg/_inspection_report.py
-- Installing: /home/user/dobot_ws/install/ariac_interfaces/local/lib/python3.10/dist-packages/ariac_interfaces/msg/_vacuum_tools_s.c
-- Installing: /home/user/dobot_ws/install/ariac_interfaces/local/lib/python3.10/dist-packages/ariac_interfaces/msg/_agv_tray_status_s.c
-- Installing: /home/user/dobot_ws/install/ariac_interfaces/local/lib/python3.10/dist-packages/ariac_interfaces/msg/_break_beam_status_s.c
-- Installing: /home/user/dobot_ws/install/ariac_interfaces/local/lib/python3.10/dist-packages/ariac_interfaces/msg/_tool_changer_status.py
-- Installing: /home/user/dobot_ws/install/ariac_interfaces/local/lib/python3.10/dist-packages/ariac_interfaces/msg/_conveyor_status_s.c
-- Installing: /home/user/dobot_ws/install/ariac_interfaces/local/lib/python3.10/dist-packages/ariac_interfaces/msg/_distance_sensor_s.c
-- Installing: /home/user/dobot_ws/install/ariac_interfaces/local/lib/python3.10/dist-packages/ariac_interfaces/msg/_competition_status.py
-- Installing: /home/user/dobot_ws/install/ariac_interfaces/local/lib/python3.10/dist-packages/ariac_interfaces/msg/_voltage_reading.py
-- Installing: /home/user/dobot_ws/install/ariac_interfaces/local/lib/python3.10/dist-packages/ariac_interfaces/msg/_conveyor_status.py
-- Installing: /home/user/dobot_ws/install/ariac_interfaces/local/lib/python3.10/dist-packages/ariac_interfaces/msg/_distance_sensor.py
-- Installing: /home/user/dobot_ws/install/ariac_interfaces/local/lib/python3.10/dist-packages/ariac_interfaces/msg/_competition_states.py
-- Installing: /home/user/dobot_ws/install/ariac_interfaces/local/lib/python3.10/dist-packages/ariac_interfaces/msg/_break_beam_status.py
-- Installing: /home/user/dobot_ws/install/ariac_interfaces/local/lib/python3.10/dist-packages/ariac_interfaces/msg/_competition_time.py
-- Installing: /home/user/dobot_ws/install/ariac_interfaces/local/lib/python3.10/dist-packages/ariac_interfaces/msg/_operation_states_s.c
-- Installing: /home/user/dobot_ws/install/ariac_interfaces/local/lib/python3.10/dist-packages/ariac_interfaces/msg/_cell_types.py
-- Installing: /home/user/dobot_ws/install/ariac_interfaces/local/lib/python3.10/dist-packages/ariac_interfaces/msg/_cell_defect.py
-- Installing: /home/user/dobot_ws/install/ariac_interfaces/local/lib/python3.10/dist-packages/ariac_interfaces/msg/_cell_defect_s.c
-- Installing: /home/user/dobot_ws/install/ariac_interfaces/local/lib/python3.10/dist-packages/ariac_interfaces/msg/_agv_status.py
-- Installing: /home/user/dobot_ws/install/ariac_interfaces/local/lib/python3.10/dist-packages/ariac_interfaces/msg/__init__.py
-- Installing: /home/user/dobot_ws/install/ariac_interfaces/local/lib/python3.10/dist-packages/ariac_interfaces/msg/_cell_feeder_status.py
-- Installing: /home/user/dobot_ws/install/ariac_interfaces/local/lib/python3.10/dist-packages/ariac_interfaces/msg/_vacuum_tools.py
-- Installing: /home/user/dobot_ws/install/ariac_interfaces/local/lib/python3.10/dist-packages/ariac_interfaces/msg/_operation_states.py
-- Installing: /home/user/dobot_ws/install/ariac_interfaces/local/lib/python3.10/dist-packages/ariac_interfaces/msg/_competition_time_s.c
-- Installing: /home/user/dobot_ws/install/ariac_interfaces/local/lib/python3.10/dist-packages/ariac_interfaces/msg/_agv_stations_s.c
-- Installing: /home/user/dobot_ws/install/ariac_interfaces/local/lib/python3.10/dist-packages/ariac_interfaces/msg/_high_priority_order.py
-- Installing: /home/user/dobot_ws/install/ariac_interfaces/local/lib/python3.10/dist-packages/ariac_interfaces/msg/_agv_tray_status.py
-- Installing: /home/user/dobot_ws/install/ariac_interfaces/local/lib/python3.10/dist-packages/ariac_interfaces/msg/_inspection_report_s.c
-- Installing: /home/user/dobot_ws/install/ariac_interfaces/local/lib/python3.10/dist-packages/ariac_interfaces/msg/_tool_changer_status_s.c
-- Installing: /home/user/dobot_ws/install/ariac_interfaces/local/lib/python3.10/dist-packages/ariac_interfaces/msg/_agv_status_s.c
-- Installing: /home/user/dobot_ws/install/ariac_interfaces/local/lib/python3.10/dist-packages/ariac_interfaces/msg/_high_priority_order_s.c
-- Installing: /home/user/dobot_ws/install/ariac_interfaces/local/lib/python3.10/dist-packages/ariac_interfaces/msg/_competition_states_s.c
-- Installing: /home/user/dobot_ws/install/ariac_interfaces/local/lib/python3.10/dist-packages/ariac_interfaces/msg/_cell_types_s.c
-- Installing: /home/user/dobot_ws/install/ariac_interfaces/local/lib/python3.10/dist-packages/ariac_interfaces/msg/_agv_stations.py
-- Installing: /home/user/dobot_ws/install/ariac_interfaces/local/lib/python3.10/dist-packages/ariac_interfaces/_ariac_interfaces_s.ep.rosidl_typesupport_introspection_c.c
-- Installing: /home/user/dobot_ws/install/ariac_interfaces/local/lib/python3.10/dist-packages/ariac_interfaces/ariac_interfaces_s__rosidl_typesupport_fastrtps_c.cpython-310-x86_64-linux-gnu.so
-- Installing: /home/user/dobot_ws/install/ariac_interfaces/local/lib/python3.10/dist-packages/ariac_interfaces/ariac_interfaces_s__rosidl_typesupport_introspection_c.cpython-310-x86_64-linux-gnu.so
-- Installing: /home/user/dobot_ws/install/ariac_interfaces/local/lib/python3.10/dist-packages/ariac_interfaces/action
-- Installing: /home/user/dobot_ws/install/ariac_interfaces/local/lib/python3.10/dist-packages/ariac_interfaces/action/_move_agv.py
-- Installing: /home/user/dobot_ws/install/ariac_interfaces/local/lib/python3.10/dist-packages/ariac_interfaces/action/__init__.py
-- Installing: /home/user/dobot_ws/install/ariac_interfaces/local/lib/python3.10/dist-packages/ariac_interfaces/action/_gripper_command_s.c
-- Installing: /home/user/dobot_ws/install/ariac_interfaces/local/lib/python3.10/dist-packages/ariac_interfaces/action/_gripper_command.py
-- Installing: /home/user/dobot_ws/install/ariac_interfaces/local/lib/python3.10/dist-packages/ariac_interfaces/action/_move_agv_s.c
-- Installing: /home/user/dobot_ws/install/ariac_interfaces/local/lib/python3.10/dist-packages/ariac_interfaces/__init__.py
-- Installing: /home/user/dobot_ws/install/ariac_interfaces/local/lib/python3.10/dist-packages/ariac_interfaces/ariac_interfaces_s__rosidl_typesupport_c.cpython-310-x86_64-linux-gnu.so
-- Installing: /home/user/dobot_ws/install/ariac_interfaces/local/lib/python3.10/dist-packages/ariac_interfaces/srv
-- Installing: /home/user/dobot_ws/install/ariac_interfaces/local/lib/python3.10/dist-packages/ariac_interfaces/srv/_submit_high_priority_order_s.c
-- Installing: /home/user/dobot_ws/install/ariac_interfaces/local/lib/python3.10/dist-packages/ariac_interfaces/srv/_conveyor_control_s.c
-- Installing: /home/user/dobot_ws/install/ariac_interfaces/local/lib/python3.10/dist-packages/ariac_interfaces/srv/_submit_high_priority_order.py
-- Installing: /home/user/dobot_ws/install/ariac_interfaces/local/lib/python3.10/dist-packages/ariac_interfaces/srv/_attach_tool_s.c
-- Installing: /home/user/dobot_ws/install/ariac_interfaces/local/lib/python3.10/dist-packages/ariac_interfaces/srv/_bidirectional_conveyor_control_s.c
-- Installing: /home/user/dobot_ws/install/ariac_interfaces/local/lib/python3.10/dist-packages/ariac_interfaces/srv/_check_kit_quality.py
-- Installing: /home/user/dobot_ws/install/ariac_interfaces/local/lib/python3.10/dist-packages/ariac_interfaces/srv/_control_cell_feeder_s.c
-- Installing: /home/user/dobot_ws/install/ariac_interfaces/local/lib/python3.10/dist-packages/ariac_interfaces/srv/_submit_inspection_report_s.c
-- Installing: /home/user/dobot_ws/install/ariac_interfaces/local/lib/python3.10/dist-packages/ariac_interfaces/srv/_check_kit_quality_s.c
-- Installing: /home/user/dobot_ws/install/ariac_interfaces/local/lib/python3.10/dist-packages/ariac_interfaces/srv/_end_competition_s.c
-- Installing: /home/user/dobot_ws/install/ariac_interfaces/local/lib/python3.10/dist-packages/ariac_interfaces/srv/_trigger_s.c
-- Installing: /home/user/dobot_ws/install/ariac_interfaces/local/lib/python3.10/dist-packages/ariac_interfaces/srv/_conveyor_control.py
-- Installing: /home/user/dobot_ws/install/ariac_interfaces/local/lib/python3.10/dist-packages/ariac_interfaces/srv/_bidirectional_conveyor_control.py
-- Installing: /home/user/dobot_ws/install/ariac_interfaces/local/lib/python3.10/dist-packages/ariac_interfaces/srv/_attach_tool.py
-- Installing: /home/user/dobot_ws/install/ariac_interfaces/local/lib/python3.10/dist-packages/ariac_interfaces/srv/__init__.py
-- Installing: /home/user/dobot_ws/install/ariac_interfaces/local/lib/python3.10/dist-packages/ariac_interfaces/srv/_submit_inspection_report.py
-- Installing: /home/user/dobot_ws/install/ariac_interfaces/local/lib/python3.10/dist-packages/ariac_interfaces/srv/_end_competition.py
-- Installing: /home/user/dobot_ws/install/ariac_interfaces/local/lib/python3.10/dist-packages/ariac_interfaces/srv/_trigger.py
-- Installing: /home/user/dobot_ws/install/ariac_interfaces/local/lib/python3.10/dist-packages/ariac_interfaces/srv/_control_cell_feeder.py
-- Installing: /home/user/dobot_ws/install/ariac_interfaces/local/lib/python3.10/dist-packages/ariac_interfaces/_ariac_interfaces_s.ep.rosidl_typesupport_fastrtps_c.c
Listing '/home/user/dobot_ws/install/ariac_interfaces/local/lib/python3.10/dist-packages/ariac_interfaces'...
Compiling '/home/user/dobot_ws/install/ariac_interfaces/local/lib/python3.10/dist-packages/ariac_interfaces/__init__.py'...
Listing '/home/user/dobot_ws/install/ariac_interfaces/local/lib/python3.10/dist-packages/ariac_interfaces/action'...
Compiling '/home/user/dobot_ws/install/ariac_interfaces/local/lib/python3.10/dist-packages/ariac_interfaces/action/__init__.py'...
Compiling '/home/user/dobot_ws/install/ariac_interfaces/local/lib/python3.10/dist-packages/ariac_interfaces/action/_gripper_command.py'...
Compiling '/home/user/dobot_ws/install/ariac_interfaces/local/lib/python3.10/dist-packages/ariac_interfaces/action/_move_agv.py'...
Listing '/home/user/dobot_ws/install/ariac_interfaces/local/lib/python3.10/dist-packages/ariac_interfaces/msg'...
Compiling '/home/user/dobot_ws/install/ariac_interfaces/local/lib/python3.10/dist-packages/ariac_interfaces/msg/__init__.py'...
Compiling '/home/user/dobot_ws/install/ariac_interfaces/local/lib/python3.10/dist-packages/ariac_interfaces/msg/_agv_stations.py'...
Compiling '/home/user/dobot_ws/install/ariac_interfaces/local/lib/python3.10/dist-packages/ariac_interfaces/msg/_agv_status.py'...
Compiling '/home/user/dobot_ws/install/ariac_interfaces/local/lib/python3.10/dist-packages/ariac_interfaces/msg/_agv_tray_status.py'...
Compiling '/home/user/dobot_ws/install/ariac_interfaces/local/lib/python3.10/dist-packages/ariac_interfaces/msg/_break_beam_status.py'...
Compiling '/home/user/dobot_ws/install/ariac_interfaces/local/lib/python3.10/dist-packages/ariac_interfaces/msg/_cell_defect.py'...
Compiling '/home/user/dobot_ws/install/ariac_interfaces/local/lib/python3.10/dist-packages/ariac_interfaces/msg/_cell_feeder_status.py'...
Compiling '/home/user/dobot_ws/install/ariac_interfaces/local/lib/python3.10/dist-packages/ariac_interfaces/msg/_cell_types.py'...
Compiling '/home/user/dobot_ws/install/ariac_interfaces/local/lib/python3.10/dist-packages/ariac_interfaces/msg/_competition_states.py'...
Compiling '/home/user/dobot_ws/install/ariac_interfaces/local/lib/python3.10/dist-packages/ariac_interfaces/msg/_competition_status.py'...
Compiling '/home/user/dobot_ws/install/ariac_interfaces/local/lib/python3.10/dist-packages/ariac_interfaces/msg/_competition_time.py'...
Compiling '/home/user/dobot_ws/install/ariac_interfaces/local/lib/python3.10/dist-packages/ariac_interfaces/msg/_conveyor_status.py'...
Compiling '/home/user/dobot_ws/install/ariac_interfaces/local/lib/python3.10/dist-packages/ariac_interfaces/msg/_distance_sensor.py'...
Compiling '/home/user/dobot_ws/install/ariac_interfaces/local/lib/python3.10/dist-packages/ariac_interfaces/msg/_high_priority_order.py'...
Compiling '/home/user/dobot_ws/install/ariac_interfaces/local/lib/python3.10/dist-packages/ariac_interfaces/msg/_inspection_report.py'...
Compiling '/home/user/dobot_ws/install/ariac_interfaces/local/lib/python3.10/dist-packages/ariac_interfaces/msg/_operation_states.py'...
Compiling '/home/user/dobot_ws/install/ariac_interfaces/local/lib/python3.10/dist-packages/ariac_interfaces/msg/_tool_changer_status.py'...
Compiling '/home/user/dobot_ws/install/ariac_interfaces/local/lib/python3.10/dist-packages/ariac_interfaces/msg/_vacuum_tools.py'...
Compiling '/home/user/dobot_ws/install/ariac_interfaces/local/lib/python3.10/dist-packages/ariac_interfaces/msg/_voltage_reading.py'...
Listing '/home/user/dobot_ws/install/ariac_interfaces/local/lib/python3.10/dist-packages/ariac_interfaces/srv'...
Compiling '/home/user/dobot_ws/install/ariac_interfaces/local/lib/python3.10/dist-packages/ariac_interfaces/srv/__init__.py'...
Compiling '/home/user/dobot_ws/install/ariac_interfaces/local/lib/python3.10/dist-packages/ariac_interfaces/srv/_attach_tool.py'...
Compiling '/home/user/dobot_ws/install/ariac_interfaces/local/lib/python3.10/dist-packages/ariac_interfaces/srv/_bidirectional_conveyor_control.py'...
Compiling '/home/user/dobot_ws/install/ariac_interfaces/local/lib/python3.10/dist-packages/ariac_interfaces/srv/_check_kit_quality.py'...
Compiling '/home/user/dobot_ws/install/ariac_interfaces/local/lib/python3.10/dist-packages/ariac_interfaces/srv/_control_cell_feeder.py'...
Compiling '/home/user/dobot_ws/install/ariac_interfaces/local/lib/python3.10/dist-packages/ariac_interfaces/srv/_conveyor_control.py'...
Compiling '/home/user/dobot_ws/install/ariac_interfaces/local/lib/python3.10/dist-packages/ariac_interfaces/srv/_end_competition.py'...
Compiling '/home/user/dobot_ws/install/ariac_interfaces/local/lib/python3.10/dist-packages/ariac_interfaces/srv/_submit_high_priority_order.py'...
Compiling '/home/user/dobot_ws/install/ariac_interfaces/local/lib/python3.10/dist-packages/ariac_interfaces/srv/_submit_inspection_report.py'...
Compiling '/home/user/dobot_ws/install/ariac_interfaces/local/lib/python3.10/dist-packages/ariac_interfaces/srv/_trigger.py'...
-- Installing: /home/user/dobot_ws/install/ariac_interfaces/local/lib/python3.10/dist-packages/ariac_interfaces/ariac_interfaces_s__rosidl_typesupport_fastrtps_c.cpython-310-x86_64-linux-gnu.so
-- Set runtime path of "/home/user/dobot_ws/install/ariac_interfaces/local/lib/python3.10/dist-packages/ariac_interfaces/ariac_interfaces_s__rosidl_typesupport_fastrtps_c.cpython-310-x86_64-linux-gnu.so" to ""
-- Installing: /home/user/dobot_ws/install/ariac_interfaces/local/lib/python3.10/dist-packages/ariac_interfaces/ariac_interfaces_s__rosidl_typesupport_introspection_c.cpython-310-x86_64-linux-gnu.so
-- Set runtime path of "/home/user/dobot_ws/install/ariac_interfaces/local/lib/python3.10/dist-packages/ariac_interfaces/ariac_interfaces_s__rosidl_typesupport_introspection_c.cpython-310-x86_64-linux-gnu.so" to ""
-- Installing: /home/user/dobot_ws/install/ariac_interfaces/local/lib/python3.10/dist-packages/ariac_interfaces/ariac_interfaces_s__rosidl_typesupport_c.cpython-310-x86_64-linux-gnu.so
-- Set runtime path of "/home/user/dobot_ws/install/ariac_interfaces/local/lib/python3.10/dist-packages/ariac_interfaces/ariac_interfaces_s__rosidl_typesupport_c.cpython-310-x86_64-linux-gnu.so" to ""
-- Installing: /home/user/dobot_ws/install/ariac_interfaces/lib/libariac_interfaces__rosidl_generator_py.so
-- Set runtime path of "/home/user/dobot_ws/install/ariac_interfaces/lib/libariac_interfaces__rosidl_generator_py.so" to ""
-- Installing: /home/user/dobot_ws/install/ariac_interfaces/share/ament_index/resource_index/rust_packages/ariac_interfaces
-- Installing: /home/user/dobot_ws/install/ariac_interfaces/share/ariac_interfaces/rust
-- Installing: /home/user/dobot_ws/install/ariac_interfaces/share/ariac_interfaces/rust/src
-- Installing: /home/user/dobot_ws/install/ariac_interfaces/share/ariac_interfaces/rust/src/action.rs
-- Installing: /home/user/dobot_ws/install/ariac_interfaces/share/ariac_interfaces/rust/src/msg
-- Installing: /home/user/dobot_ws/install/ariac_interfaces/share/ariac_interfaces/rust/src/msg/rmw.rs
-- Installing: /home/user/dobot_ws/install/ariac_interfaces/share/ariac_interfaces/rust/src/action
-- Installing: /home/user/dobot_ws/install/ariac_interfaces/share/ariac_interfaces/rust/src/action/rmw.rs
-- Installing: /home/user/dobot_ws/install/ariac_interfaces/share/ariac_interfaces/rust/src/msg.rs
-- Installing: /home/user/dobot_ws/install/ariac_interfaces/share/ariac_interfaces/rust/src/srv
-- Installing: /home/user/dobot_ws/install/ariac_interfaces/share/ariac_interfaces/rust/src/srv/rmw.rs
-- Installing: /home/user/dobot_ws/install/ariac_interfaces/share/ariac_interfaces/rust/src/lib.rs
-- Installing: /home/user/dobot_ws/install/ariac_interfaces/share/ariac_interfaces/rust/src/srv.rs
-- Installing: /home/user/dobot_ws/install/ariac_interfaces/share/ariac_interfaces/rust/build.rs
-- Installing: /home/user/dobot_ws/install/ariac_interfaces/share/ariac_interfaces/rust/Cargo.toml
-- Installing: /home/user/dobot_ws/install/ariac_interfaces/share/ariac_interfaces/action/GripperCommand.idl
-- Installing: /home/user/dobot_ws/install/ariac_interfaces/share/ariac_interfaces/action/MoveAgv.idl
-- Installing: /home/user/dobot_ws/install/ariac_interfaces/share/ariac_interfaces/msg/AgvStations.idl
-- Installing: /home/user/dobot_ws/install/ariac_interfaces/share/ariac_interfaces/msg/AgvStatus.idl
-- Installing: /home/user/dobot_ws/install/ariac_interfaces/share/ariac_interfaces/msg/AgvTrayStatus.idl
-- Installing: /home/user/dobot_ws/install/ariac_interfaces/share/ariac_interfaces/msg/BreakBeamStatus.idl
-- Installing: /home/user/dobot_ws/install/ariac_interfaces/share/ariac_interfaces/msg/DistanceSensor.idl
-- Installing: /home/user/dobot_ws/install/ariac_interfaces/share/ariac_interfaces/msg/CellDefect.idl
-- Installing: /home/user/dobot_ws/install/ariac_interfaces/share/ariac_interfaces/msg/CellFeederStatus.idl
-- Installing: /home/user/dobot_ws/install/ariac_interfaces/share/ariac_interfaces/msg/CellTypes.idl
-- Installing: /home/user/dobot_ws/install/ariac_interfaces/share/ariac_interfaces/msg/CompetitionStates.idl
-- Installing: /home/user/dobot_ws/install/ariac_interfaces/share/ariac_interfaces/msg/CompetitionStatus.idl
-- Installing: /home/user/dobot_ws/install/ariac_interfaces/share/ariac_interfaces/msg/CompetitionTime.idl
-- Installing: /home/user/dobot_ws/install/ariac_interfaces/share/ariac_interfaces/msg/ConveyorStatus.idl
-- Installing: /home/user/dobot_ws/install/ariac_interfaces/share/ariac_interfaces/msg/HighPriorityOrder.idl
-- Installing: /home/user/dobot_ws/install/ariac_interfaces/share/ariac_interfaces/msg/InspectionReport.idl
-- Installing: /home/user/dobot_ws/install/ariac_interfaces/share/ariac_interfaces/msg/OperationStates.idl
-- Installing: /home/user/dobot_ws/install/ariac_interfaces/share/ariac_interfaces/msg/ToolChangerStatus.idl
-- Installing: /home/user/dobot_ws/install/ariac_interfaces/share/ariac_interfaces/msg/VacuumTools.idl
-- Installing: /home/user/dobot_ws/install/ariac_interfaces/share/ariac_interfaces/msg/VoltageReading.idl
-- Installing: /home/user/dobot_ws/install/ariac_interfaces/share/ariac_interfaces/srv/AttachTool.idl
-- Installing: /home/user/dobot_ws/install/ariac_interfaces/share/ariac_interfaces/srv/BidirectionalConveyorControl.idl
-- Installing: /home/user/dobot_ws/install/ariac_interfaces/share/ariac_interfaces/srv/CheckKitQuality.idl
-- Installing: /home/user/dobot_ws/install/ariac_interfaces/share/ariac_interfaces/srv/ControlCellFeeder.idl
-- Installing: /home/user/dobot_ws/install/ariac_interfaces/share/ariac_interfaces/srv/ConveyorControl.idl
-- Installing: /home/user/dobot_ws/install/ariac_interfaces/share/ariac_interfaces/srv/EndCompetition.idl
-- Installing: /home/user/dobot_ws/install/ariac_interfaces/share/ariac_interfaces/srv/SubmitHighPriorityOrder.idl
-- Installing: /home/user/dobot_ws/install/ariac_interfaces/share/ariac_interfaces/srv/SubmitInspectionReport.idl
-- Installing: /home/user/dobot_ws/install/ariac_interfaces/share/ariac_interfaces/srv/Trigger.idl
-- Installing: /home/user/dobot_ws/install/ariac_interfaces/share/ariac_interfaces/action/GripperCommand.action
-- Installing: /home/user/dobot_ws/install/ariac_interfaces/share/ariac_interfaces/action/MoveAgv.action
-- Installing: /home/user/dobot_ws/install/ariac_interfaces/share/ariac_interfaces/msg/AgvStations.msg
-- Installing: /home/user/dobot_ws/install/ariac_interfaces/share/ariac_interfaces/msg/AgvStatus.msg
-- Installing: /home/user/dobot_ws/install/ariac_interfaces/share/ariac_interfaces/msg/AgvTrayStatus.msg
-- Installing: /home/user/dobot_ws/install/ariac_interfaces/share/ariac_interfaces/msg/BreakBeamStatus.msg
-- Installing: /home/user/dobot_ws/install/ariac_interfaces/share/ariac_interfaces/msg/DistanceSensor.msg
-- Installing: /home/user/dobot_ws/install/ariac_interfaces/share/ariac_interfaces/msg/CellDefect.msg
-- Installing: /home/user/dobot_ws/install/ariac_interfaces/share/ariac_interfaces/msg/CellFeederStatus.msg
-- Installing: /home/user/dobot_ws/install/ariac_interfaces/share/ariac_interfaces/msg/CellTypes.msg
-- Installing: /home/user/dobot_ws/install/ariac_interfaces/share/ariac_interfaces/msg/CompetitionStates.msg
-- Installing: /home/user/dobot_ws/install/ariac_interfaces/share/ariac_interfaces/msg/CompetitionStatus.msg
-- Installing: /home/user/dobot_ws/install/ariac_interfaces/share/ariac_interfaces/msg/CompetitionTime.msg
-- Installing: /home/user/dobot_ws/install/ariac_interfaces/share/ariac_interfaces/msg/ConveyorStatus.msg
-- Installing: /home/user/dobot_ws/install/ariac_interfaces/share/ariac_interfaces/msg/HighPriorityOrder.msg
-- Installing: /home/user/dobot_ws/install/ariac_interfaces/share/ariac_interfaces/msg/InspectionReport.msg
-- Installing: /home/user/dobot_ws/install/ariac_interfaces/share/ariac_interfaces/msg/OperationStates.msg
-- Installing: /home/user/dobot_ws/install/ariac_interfaces/share/ariac_interfaces/msg/ToolChangerStatus.msg
-- Installing: /home/user/dobot_ws/install/ariac_interfaces/share/ariac_interfaces/msg/VacuumTools.msg
-- Installing: /home/user/dobot_ws/install/ariac_interfaces/share/ariac_interfaces/msg/VoltageReading.msg
-- Installing: /home/user/dobot_ws/install/ariac_interfaces/share/ariac_interfaces/srv/AttachTool.srv
-- Installing: /home/user/dobot_ws/install/ariac_interfaces/share/ariac_interfaces/srv/AttachTool_Request.msg
-- Installing: /home/user/dobot_ws/install/ariac_interfaces/share/ariac_interfaces/srv/AttachTool_Response.msg
-- Installing: /home/user/dobot_ws/install/ariac_interfaces/share/ariac_interfaces/srv/BidirectionalConveyorControl.srv
-- Installing: /home/user/dobot_ws/install/ariac_interfaces/share/ariac_interfaces/srv/BidirectionalConveyorControl_Request.msg
-- Installing: /home/user/dobot_ws/install/ariac_interfaces/share/ariac_interfaces/srv/BidirectionalConveyorControl_Response.msg
-- Installing: /home/user/dobot_ws/install/ariac_interfaces/share/ariac_interfaces/srv/CheckKitQuality.srv
-- Installing: /home/user/dobot_ws/install/ariac_interfaces/share/ariac_interfaces/srv/CheckKitQuality_Request.msg
-- Installing: /home/user/dobot_ws/install/ariac_interfaces/share/ariac_interfaces/srv/CheckKitQuality_Response.msg
-- Installing: /home/user/dobot_ws/install/ariac_interfaces/share/ariac_interfaces/srv/ControlCellFeeder.srv
-- Installing: /home/user/dobot_ws/install/ariac_interfaces/share/ariac_interfaces/srv/ControlCellFeeder_Request.msg
-- Installing: /home/user/dobot_ws/install/ariac_interfaces/share/ariac_interfaces/srv/ControlCellFeeder_Response.msg
-- Installing: /home/user/dobot_ws/install/ariac_interfaces/share/ariac_interfaces/srv/ConveyorControl.srv
-- Installing: /home/user/dobot_ws/install/ariac_interfaces/share/ariac_interfaces/srv/ConveyorControl_Request.msg
-- Installing: /home/user/dobot_ws/install/ariac_interfaces/share/ariac_interfaces/srv/ConveyorControl_Response.msg
-- Installing: /home/user/dobot_ws/install/ariac_interfaces/share/ariac_interfaces/srv/EndCompetition.srv
-- Installing: /home/user/dobot_ws/install/ariac_interfaces/share/ariac_interfaces/srv/EndCompetition_Request.msg
-- Installing: /home/user/dobot_ws/install/ariac_interfaces/share/ariac_interfaces/srv/EndCompetition_Response.msg
-- Installing: /home/user/dobot_ws/install/ariac_interfaces/share/ariac_interfaces/srv/SubmitHighPriorityOrder.srv
-- Installing: /home/user/dobot_ws/install/ariac_interfaces/share/ariac_interfaces/srv/SubmitHighPriorityOrder_Request.msg
-- Installing: /home/user/dobot_ws/install/ariac_interfaces/share/ariac_interfaces/srv/SubmitHighPriorityOrder_Response.msg
-- Installing: /home/user/dobot_ws/install/ariac_interfaces/share/ariac_interfaces/srv/SubmitInspectionReport.srv
-- Installing: /home/user/dobot_ws/install/ariac_interfaces/share/ariac_interfaces/srv/SubmitInspectionReport_Request.msg
-- Installing: /home/user/dobot_ws/install/ariac_interfaces/share/ariac_interfaces/srv/SubmitInspectionReport_Response.msg
-- Installing: /home/user/dobot_ws/install/ariac_interfaces/share/ariac_interfaces/srv/Trigger.srv
-- Installing: /home/user/dobot_ws/install/ariac_interfaces/share/ariac_interfaces/srv/Trigger_Request.msg
-- Installing: /home/user/dobot_ws/install/ariac_interfaces/share/ariac_interfaces/srv/Trigger_Response.msg
-- Installing: /home/user/dobot_ws/install/ariac_interfaces/share/ament_index/resource_index/package_run_dependencies/ariac_interfaces
-- Installing: /home/user/dobot_ws/install/ariac_interfaces/share/ament_index/resource_index/parent_prefix_path/ariac_interfaces
-- Installing: /home/user/dobot_ws/install/ariac_interfaces/share/ariac_interfaces/environment/ament_prefix_path.sh
-- Installing: /home/user/dobot_ws/install/ariac_interfaces/share/ariac_interfaces/environment/ament_prefix_path.dsv
-- Installing: /home/user/dobot_ws/install/ariac_interfaces/share/ariac_interfaces/environment/path.sh
-- Installing: /home/user/dobot_ws/install/ariac_interfaces/share/ariac_interfaces/environment/path.dsv
-- Installing: /home/user/dobot_ws/install/ariac_interfaces/share/ariac_interfaces/local_setup.bash
-- Installing: /home/user/dobot_ws/install/ariac_interfaces/share/ariac_interfaces/local_setup.sh
-- Installing: /home/user/dobot_ws/install/ariac_interfaces/share/ariac_interfaces/local_setup.zsh
-- Installing: /home/user/dobot_ws/install/ariac_interfaces/share/ariac_interfaces/local_setup.dsv
-- Installing: /home/user/dobot_ws/install/ariac_interfaces/share/ariac_interfaces/package.dsv
-- Installing: /home/user/dobot_ws/install/ariac_interfaces/share/ament_index/resource_index/packages/ariac_interfaces
-- Installing: /home/user/dobot_ws/install/ariac_interfaces/share/ariac_interfaces/cmake/export_ariac_interfaces__rosidl_generator_cExport.cmake
-- Installing: /home/user/dobot_ws/install/ariac_interfaces/share/ariac_interfaces/cmake/export_ariac_interfaces__rosidl_generator_cExport-noconfig.cmake
-- Installing: /home/user/dobot_ws/install/ariac_interfaces/share/ariac_interfaces/cmake/export_ariac_interfaces__rosidl_typesupport_fastrtps_cExport.cmake
-- Installing: /home/user/dobot_ws/install/ariac_interfaces/share/ariac_interfaces/cmake/export_ariac_interfaces__rosidl_typesupport_fastrtps_cExport-noconfig.cmake
-- Installing: /home/user/dobot_ws/install/ariac_interfaces/share/ariac_interfaces/cmake/export_ariac_interfaces__rosidl_generator_cppExport.cmake
-- Installing: /home/user/dobot_ws/install/ariac_interfaces/share/ariac_interfaces/cmake/export_ariac_interfaces__rosidl_typesupport_fastrtps_cppExport.cmake
-- Installing: /home/user/dobot_ws/install/ariac_interfaces/share/ariac_interfaces/cmake/export_ariac_interfaces__rosidl_typesupport_fastrtps_cppExport-noconfig.cmake
-- Installing: /home/user/dobot_ws/install/ariac_interfaces/share/ariac_interfaces/cmake/ariac_interfaces__rosidl_typesupport_introspection_cExport.cmake
-- Installing: /home/user/dobot_ws/install/ariac_interfaces/share/ariac_interfaces/cmake/ariac_interfaces__rosidl_typesupport_introspection_cExport-noconfig.cmake
-- Installing: /home/user/dobot_ws/install/ariac_interfaces/share/ariac_interfaces/cmake/ariac_interfaces__rosidl_typesupport_cExport.cmake
-- Installing: /home/user/dobot_ws/install/ariac_interfaces/share/ariac_interfaces/cmake/ariac_interfaces__rosidl_typesupport_cExport-noconfig.cmake
-- Installing: /home/user/dobot_ws/install/ariac_interfaces/share/ariac_interfaces/cmake/ariac_interfaces__rosidl_typesupport_introspection_cppExport.cmake
-- Installing: /home/user/dobot_ws/install/ariac_interfaces/share/ariac_interfaces/cmake/ariac_interfaces__rosidl_typesupport_introspection_cppExport-noconfig.cmake
-- Installing: /home/user/dobot_ws/install/ariac_interfaces/share/ariac_interfaces/cmake/ariac_interfaces__rosidl_typesupport_cppExport.cmake
-- Installing: /home/user/dobot_ws/install/ariac_interfaces/share/ariac_interfaces/cmake/ariac_interfaces__rosidl_typesupport_cppExport-noconfig.cmake
-- Installing: /home/user/dobot_ws/install/ariac_interfaces/share/ariac_interfaces/cmake/export_ariac_interfaces__rosidl_generator_pyExport.cmake
-- Installing: /home/user/dobot_ws/install/ariac_interfaces/share/ariac_interfaces/cmake/export_ariac_interfaces__rosidl_generator_pyExport-noconfig.cmake
-- Installing: /home/user/dobot_ws/install/ariac_interfaces/share/ariac_interfaces/cmake/rosidl_cmake-extras.cmake
-- Installing: /home/user/dobot_ws/install/ariac_interfaces/share/ariac_interfaces/cmake/ament_cmake_export_dependencies-extras.cmake
-- Installing: /home/user/dobot_ws/install/ariac_interfaces/share/ariac_interfaces/cmake/ament_cmake_export_include_directories-extras.cmake
-- Installing: /home/user/dobot_ws/install/ariac_interfaces/share/ariac_interfaces/cmake/ament_cmake_export_libraries-extras.cmake
-- Installing: /home/user/dobot_ws/install/ariac_interfaces/share/ariac_interfaces/cmake/ament_cmake_export_targets-extras.cmake
-- Installing: /home/user/dobot_ws/install/ariac_interfaces/share/ariac_interfaces/cmake/rosidl_cmake_export_typesupport_targets-extras.cmake
-- Installing: /home/user/dobot_ws/install/ariac_interfaces/share/ariac_interfaces/cmake/rosidl_cmake_export_typesupport_libraries-extras.cmake
-- Installing: /home/user/dobot_ws/install/ariac_interfaces/share/ariac_interfaces/cmake/ariac_interfacesConfig.cmake
-- Installing: /home/user/dobot_ws/install/ariac_interfaces/share/ariac_interfaces/cmake/ariac_interfacesConfig-version.cmake
-- Installing: /home/user/dobot_ws/install/ariac_interfaces/share/ariac_interfaces/package.xml
