[0.051s] Invoking command in '/home/user/dobot_ws/build/ariac_interfaces': CMAKE_PREFIX_PATH=${CMAKE_PREFIX_PATH}:/home/user/dobot_ws/install/servo_action:/home/user/dobot_ws/install/dobot_moveit:/home/user/dobot_ws/install/dobot_demo:/opt/ros/humble /usr/bin/cmake --build /home/user/dobot_ws/build/ariac_interfaces -- -j16 -l16
[1.030s] [35m[1mConsolidate compiler generated dependencies of target ariac_interfaces__rosidl_generator_c[0m
[1.031s] [  1%] Built target ariac_interfaces__rs
[1.032s] [  1%] Built target ariac_interfaces__cpp
[1.032s] [  1%] Built target ament_cmake_python_copy_ariac_interfaces
[1.032s] [ 13%] Built target ariac_interfaces__rosidl_generator_c
[1.032s] [35m[1mConsolidate compiler generated dependencies of target ariac_interfaces__rosidl_typesupport_introspection_cpp[0m
[1.033s] [35m[1mConsolidate compiler generated dependencies of target ariac_interfaces__rosidl_typesupport_cpp[0m
[1.033s] [35m[1mConsolidate compiler generated dependencies of target ariac_interfaces__rosidl_typesupport_fastrtps_cpp[0m
[1.034s] [35m[1mConsolidate compiler generated dependencies of target ariac_interfaces__rosidl_typesupport_c[0m
[1.034s] [35m[1mConsolidate compiler generated dependencies of target ariac_interfaces__rosidl_typesupport_fastrtps_c[0m
[1.034s] [35m[1mConsolidate compiler generated dependencies of target ariac_interfaces__rosidl_typesupport_introspection_c[0m
[1.035s] [ 25%] Built target ariac_interfaces__rosidl_typesupport_c
[1.035s] [ 37%] Built target ariac_interfaces__rosidl_typesupport_fastrtps_cpp
[1.036s] [ 49%] Built target ariac_interfaces__rosidl_typesupport_introspection_c
[1.036s] [ 61%] Built target ariac_interfaces__rosidl_typesupport_cpp
[1.036s] [ 73%] Built target ariac_interfaces__rosidl_typesupport_introspection_cpp
[1.036s] [ 85%] Built target ariac_interfaces__rosidl_typesupport_fastrtps_c
[1.036s] [ 85%] Built target ariac_interfaces
[1.036s] [ 85%] Built target ariac_interfaces__py
[1.036s] [35m[1mConsolidate compiler generated dependencies of target ariac_interfaces__rosidl_generator_py[0m
[1.036s] [ 97%] Built target ariac_interfaces__rosidl_generator_py
[1.036s] [35m[1mConsolidate compiler generated dependencies of target ariac_interfaces__rosidl_typesupport_fastrtps_c__pyext[0m
[1.036s] [35m[1mConsolidate compiler generated dependencies of target ariac_interfaces__rosidl_typesupport_introspection_c__pyext[0m
[1.036s] [35m[1mConsolidate compiler generated dependencies of target ariac_interfaces__rosidl_typesupport_c__pyext[0m
[1.036s] [100%] Built target ariac_interfaces__rosidl_typesupport_c__pyext
[1.036s] [100%] Built target ariac_interfaces__rosidl_typesupport_fastrtps_c__pyext
[1.036s] [100%] Built target ariac_interfaces__rosidl_typesupport_introspection_c__pyext
[1.037s] running egg_info
[1.037s] writing ariac_interfaces.egg-info/PKG-INFO
[1.037s] writing dependency_links to ariac_interfaces.egg-info/dependency_links.txt
[1.037s] writing top-level names to ariac_interfaces.egg-info/top_level.txt
[1.037s] reading manifest file 'ariac_interfaces.egg-info/SOURCES.txt'
[1.037s] writing manifest file 'ariac_interfaces.egg-info/SOURCES.txt'
[1.037s] [100%] Built target ament_cmake_python_build_ariac_interfaces_egg
[1.045s] Invoked command in '/home/user/dobot_ws/build/ariac_interfaces' returned '0': CMAKE_PREFIX_PATH=${CMAKE_PREFIX_PATH}:/home/user/dobot_ws/install/servo_action:/home/user/dobot_ws/install/dobot_moveit:/home/user/dobot_ws/install/dobot_demo:/opt/ros/humble /usr/bin/cmake --build /home/user/dobot_ws/build/ariac_interfaces -- -j16 -l16
[1.047s] Invoking command in '/home/user/dobot_ws/build/ariac_interfaces': CMAKE_PREFIX_PATH=${CMAKE_PREFIX_PATH}:/home/user/dobot_ws/install/servo_action:/home/user/dobot_ws/install/dobot_moveit:/home/user/dobot_ws/install/dobot_demo:/opt/ros/humble /usr/bin/cmake --install /home/user/dobot_ws/build/ariac_interfaces
[1.123s] -- Install configuration: ""
[1.123s] -- Installing: /home/user/dobot_ws/install/ariac_interfaces/share/ament_index/resource_index/rosidl_interfaces/ariac_interfaces
[1.124s] -- Installing: /home/user/dobot_ws/install/ariac_interfaces/include/ariac_interfaces/ariac_interfaces
[1.124s] -- Installing: /home/user/dobot_ws/install/ariac_interfaces/include/ariac_interfaces/ariac_interfaces/msg
[1.124s] -- Installing: /home/user/dobot_ws/install/ariac_interfaces/include/ariac_interfaces/ariac_interfaces/msg/conveyor_status.h
[1.125s] -- Installing: /home/user/dobot_ws/install/ariac_interfaces/include/ariac_interfaces/ariac_interfaces/msg/cell_types.h
[1.125s] -- Installing: /home/user/dobot_ws/install/ariac_interfaces/include/ariac_interfaces/ariac_interfaces/msg/operation_states.h
[1.125s] -- Installing: /home/user/dobot_ws/install/ariac_interfaces/include/ariac_interfaces/ariac_interfaces/msg/vacuum_tools.h
[1.126s] -- Installing: /home/user/dobot_ws/install/ariac_interfaces/include/ariac_interfaces/ariac_interfaces/msg/voltage_reading.h
[1.126s] -- Installing: /home/user/dobot_ws/install/ariac_interfaces/include/ariac_interfaces/ariac_interfaces/msg/agv_status.h
[1.126s] -- Installing: /home/user/dobot_ws/install/ariac_interfaces/include/ariac_interfaces/ariac_interfaces/msg/competition_states.h
[1.126s] -- Installing: /home/user/dobot_ws/install/ariac_interfaces/include/ariac_interfaces/ariac_interfaces/msg/inspection_report.h
[1.127s] -- Installing: /home/user/dobot_ws/install/ariac_interfaces/include/ariac_interfaces/ariac_interfaces/msg/tool_changer_status.h
[1.127s] -- Installing: /home/user/dobot_ws/install/ariac_interfaces/include/ariac_interfaces/ariac_interfaces/msg/rosidl_generator_c__visibility_control.h
[1.127s] -- Installing: /home/user/dobot_ws/install/ariac_interfaces/include/ariac_interfaces/ariac_interfaces/msg/high_priority_order.h
[1.127s] -- Installing: /home/user/dobot_ws/install/ariac_interfaces/include/ariac_interfaces/ariac_interfaces/msg/cell_feeder_status.h
[1.127s] -- Installing: /home/user/dobot_ws/install/ariac_interfaces/include/ariac_interfaces/ariac_interfaces/msg/cell_defect.h
[1.128s] -- Installing: /home/user/dobot_ws/install/ariac_interfaces/include/ariac_interfaces/ariac_interfaces/msg/competition_time.h
[1.128s] -- Installing: /home/user/dobot_ws/install/ariac_interfaces/include/ariac_interfaces/ariac_interfaces/msg/agv_tray_status.h
[1.128s] -- Installing: /home/user/dobot_ws/install/ariac_interfaces/include/ariac_interfaces/ariac_interfaces/msg/distance_sensor.h
[1.128s] -- Installing: /home/user/dobot_ws/install/ariac_interfaces/include/ariac_interfaces/ariac_interfaces/msg/competition_status.h
[1.128s] -- Installing: /home/user/dobot_ws/install/ariac_interfaces/include/ariac_interfaces/ariac_interfaces/msg/break_beam_status.h
[1.128s] -- Installing: /home/user/dobot_ws/install/ariac_interfaces/include/ariac_interfaces/ariac_interfaces/msg/detail
[1.129s] -- Installing: /home/user/dobot_ws/install/ariac_interfaces/include/ariac_interfaces/ariac_interfaces/msg/detail/cell_types__type_support.h
[1.129s] -- Installing: /home/user/dobot_ws/install/ariac_interfaces/include/ariac_interfaces/ariac_interfaces/msg/detail/cell_defect__struct.h
[1.129s] -- Installing: /home/user/dobot_ws/install/ariac_interfaces/include/ariac_interfaces/ariac_interfaces/msg/detail/competition_states__struct.h
[1.129s] -- Installing: /home/user/dobot_ws/install/ariac_interfaces/include/ariac_interfaces/ariac_interfaces/msg/detail/cell_defect__functions.c
[1.130s] -- Installing: /home/user/dobot_ws/install/ariac_interfaces/include/ariac_interfaces/ariac_interfaces/msg/detail/conveyor_status__functions.c
[1.130s] -- Installing: /home/user/dobot_ws/install/ariac_interfaces/include/ariac_interfaces/ariac_interfaces/msg/detail/conveyor_status__type_support.h
[1.130s] -- Installing: /home/user/dobot_ws/install/ariac_interfaces/include/ariac_interfaces/ariac_interfaces/msg/detail/cell_feeder_status__functions.h
[1.130s] -- Installing: /home/user/dobot_ws/install/ariac_interfaces/include/ariac_interfaces/ariac_interfaces/msg/detail/distance_sensor__struct.h
[1.131s] -- Installing: /home/user/dobot_ws/install/ariac_interfaces/include/ariac_interfaces/ariac_interfaces/msg/detail/inspection_report__functions.c
[1.131s] -- Installing: /home/user/dobot_ws/install/ariac_interfaces/include/ariac_interfaces/ariac_interfaces/msg/detail/competition_states__functions.c
[1.131s] -- Installing: /home/user/dobot_ws/install/ariac_interfaces/include/ariac_interfaces/ariac_interfaces/msg/detail/cell_feeder_status__type_support.h
[1.132s] -- Installing: /home/user/dobot_ws/install/ariac_interfaces/include/ariac_interfaces/ariac_interfaces/msg/detail/competition_time__functions.h
[1.132s] -- Installing: /home/user/dobot_ws/install/ariac_interfaces/include/ariac_interfaces/ariac_interfaces/msg/detail/high_priority_order__type_support.h
[1.133s] -- Installing: /home/user/dobot_ws/install/ariac_interfaces/include/ariac_interfaces/ariac_interfaces/msg/detail/agv_stations__functions.h
[1.134s] -- Installing: /home/user/dobot_ws/install/ariac_interfaces/include/ariac_interfaces/ariac_interfaces/msg/detail/cell_feeder_status__functions.c
[1.134s] -- Installing: /home/user/dobot_ws/install/ariac_interfaces/include/ariac_interfaces/ariac_interfaces/msg/detail/high_priority_order__struct.h
[1.134s] -- Installing: /home/user/dobot_ws/install/ariac_interfaces/include/ariac_interfaces/ariac_interfaces/msg/detail/break_beam_status__functions.h
[1.135s] -- Installing: /home/user/dobot_ws/install/ariac_interfaces/include/ariac_interfaces/ariac_interfaces/msg/detail/agv_stations__struct.h
[1.135s] -- Installing: /home/user/dobot_ws/install/ariac_interfaces/include/ariac_interfaces/ariac_interfaces/msg/detail/competition_states__type_support.h
[1.135s] -- Installing: /home/user/dobot_ws/install/ariac_interfaces/include/ariac_interfaces/ariac_interfaces/msg/detail/cell_defect__type_support.h
[1.136s] -- Installing: /home/user/dobot_ws/install/ariac_interfaces/include/ariac_interfaces/ariac_interfaces/msg/detail/agv_tray_status__functions.c
[1.136s] -- Installing: /home/user/dobot_ws/install/ariac_interfaces/include/ariac_interfaces/ariac_interfaces/msg/detail/cell_feeder_status__struct.h
[1.136s] -- Installing: /home/user/dobot_ws/install/ariac_interfaces/include/ariac_interfaces/ariac_interfaces/msg/detail/competition_time__functions.c
[1.137s] -- Installing: /home/user/dobot_ws/install/ariac_interfaces/include/ariac_interfaces/ariac_interfaces/msg/detail/distance_sensor__functions.c
[1.137s] -- Installing: /home/user/dobot_ws/install/ariac_interfaces/include/ariac_interfaces/ariac_interfaces/msg/detail/operation_states__functions.c
[1.137s] -- Installing: /home/user/dobot_ws/install/ariac_interfaces/include/ariac_interfaces/ariac_interfaces/msg/detail/operation_states__functions.h
[1.137s] -- Installing: /home/user/dobot_ws/install/ariac_interfaces/include/ariac_interfaces/ariac_interfaces/msg/detail/agv_status__functions.c
[1.138s] -- Installing: /home/user/dobot_ws/install/ariac_interfaces/include/ariac_interfaces/ariac_interfaces/msg/detail/operation_states__struct.h
[1.138s] -- Installing: /home/user/dobot_ws/install/ariac_interfaces/include/ariac_interfaces/ariac_interfaces/msg/detail/agv_stations__functions.c
[1.138s] -- Installing: /home/user/dobot_ws/install/ariac_interfaces/include/ariac_interfaces/ariac_interfaces/msg/detail/distance_sensor__functions.h
[1.138s] -- Installing: /home/user/dobot_ws/install/ariac_interfaces/include/ariac_interfaces/ariac_interfaces/msg/detail/inspection_report__functions.h
[1.138s] -- Installing: /home/user/dobot_ws/install/ariac_interfaces/include/ariac_interfaces/ariac_interfaces/msg/detail/break_beam_status__type_support.h
[1.148s] -- Installing: /home/user/dobot_ws/install/ariac_interfaces/include/ariac_interfaces/ariac_interfaces/msg/detail/agv_tray_status__functions.h
[1.156s] -- Installing: /home/user/dobot_ws/install/ariac_interfaces/include/ariac_interfaces/ariac_interfaces/msg/detail/tool_changer_status__functions.h
[1.156s] -- Installing: /home/user/dobot_ws/install/ariac_interfaces/include/ariac_interfaces/ariac_interfaces/msg/detail/conveyor_status__functions.h
[1.157s] -- Installing: /home/user/dobot_ws/install/ariac_interfaces/include/ariac_interfaces/ariac_interfaces/msg/detail/tool_changer_status__struct.h
[1.157s] -- Installing: /home/user/dobot_ws/install/ariac_interfaces/include/ariac_interfaces/ariac_interfaces/msg/detail/competition_status__type_support.h
[1.157s] -- Installing: /home/user/dobot_ws/install/ariac_interfaces/include/ariac_interfaces/ariac_interfaces/msg/detail/agv_status__functions.h
[1.157s] -- Installing: /home/user/dobot_ws/install/ariac_interfaces/include/ariac_interfaces/ariac_interfaces/msg/detail/tool_changer_status__functions.c
[1.157s] -- Installing: /home/user/dobot_ws/install/ariac_interfaces/include/ariac_interfaces/ariac_interfaces/msg/detail/voltage_reading__functions.h
[1.186s] -- Installing: /home/user/dobot_ws/install/ariac_interfaces/include/ariac_interfaces/ariac_interfaces/msg/detail/vacuum_tools__functions.h
[1.186s] -- Installing: /home/user/dobot_ws/install/ariac_interfaces/include/ariac_interfaces/ariac_interfaces/msg/detail/agv_tray_status__type_support.h
[1.187s] -- Installing: /home/user/dobot_ws/install/ariac_interfaces/include/ariac_interfaces/ariac_interfaces/msg/detail/inspection_report__type_support.h
[1.188s] -- Installing: /home/user/dobot_ws/install/ariac_interfaces/include/ariac_interfaces/ariac_interfaces/msg/detail/vacuum_tools__struct.h
[1.188s] -- Installing: /home/user/dobot_ws/install/ariac_interfaces/include/ariac_interfaces/ariac_interfaces/msg/detail/competition_states__functions.h
[1.189s] -- Installing: /home/user/dobot_ws/install/ariac_interfaces/include/ariac_interfaces/ariac_interfaces/msg/detail/conveyor_status__struct.h
[1.189s] -- Installing: /home/user/dobot_ws/install/ariac_interfaces/include/ariac_interfaces/ariac_interfaces/msg/detail/vacuum_tools__functions.c
[1.191s] -- Installing: /home/user/dobot_ws/install/ariac_interfaces/include/ariac_interfaces/ariac_interfaces/msg/detail/distance_sensor__type_support.h
[1.192s] -- Installing: /home/user/dobot_ws/install/ariac_interfaces/include/ariac_interfaces/ariac_interfaces/msg/detail/competition_status__functions.c
[1.192s] -- Installing: /home/user/dobot_ws/install/ariac_interfaces/include/ariac_interfaces/ariac_interfaces/msg/detail/voltage_reading__type_support.h
[1.192s] -- Installing: /home/user/dobot_ws/install/ariac_interfaces/include/ariac_interfaces/ariac_interfaces/msg/detail/high_priority_order__functions.c
[1.193s] -- Installing: /home/user/dobot_ws/install/ariac_interfaces/include/ariac_interfaces/ariac_interfaces/msg/detail/operation_states__type_support.h
[1.193s] -- Installing: /home/user/dobot_ws/install/ariac_interfaces/include/ariac_interfaces/ariac_interfaces/msg/detail/inspection_report__struct.h
[1.194s] -- Installing: /home/user/dobot_ws/install/ariac_interfaces/include/ariac_interfaces/ariac_interfaces/msg/detail/cell_types__functions.c
[1.194s] -- Installing: /home/user/dobot_ws/install/ariac_interfaces/include/ariac_interfaces/ariac_interfaces/msg/detail/agv_status__type_support.h
[1.194s] -- Installing: /home/user/dobot_ws/install/ariac_interfaces/include/ariac_interfaces/ariac_interfaces/msg/detail/agv_stations__type_support.h
[1.194s] -- Installing: /home/user/dobot_ws/install/ariac_interfaces/include/ariac_interfaces/ariac_interfaces/msg/detail/agv_status__struct.h
[1.194s] -- Installing: /home/user/dobot_ws/install/ariac_interfaces/include/ariac_interfaces/ariac_interfaces/msg/detail/vacuum_tools__type_support.h
[1.195s] -- Installing: /home/user/dobot_ws/install/ariac_interfaces/include/ariac_interfaces/ariac_interfaces/msg/detail/cell_types__struct.h
[1.195s] -- Installing: /home/user/dobot_ws/install/ariac_interfaces/include/ariac_interfaces/ariac_interfaces/msg/detail/high_priority_order__functions.h
[1.195s] -- Installing: /home/user/dobot_ws/install/ariac_interfaces/include/ariac_interfaces/ariac_interfaces/msg/detail/competition_status__struct.h
[1.196s] -- Installing: /home/user/dobot_ws/install/ariac_interfaces/include/ariac_interfaces/ariac_interfaces/msg/detail/cell_defect__functions.h
[1.196s] -- Installing: /home/user/dobot_ws/install/ariac_interfaces/include/ariac_interfaces/ariac_interfaces/msg/detail/cell_types__functions.h
[1.197s] -- Installing: /home/user/dobot_ws/install/ariac_interfaces/include/ariac_interfaces/ariac_interfaces/msg/detail/break_beam_status__functions.c
[1.197s] -- Installing: /home/user/dobot_ws/install/ariac_interfaces/include/ariac_interfaces/ariac_interfaces/msg/detail/competition_status__functions.h
[1.197s] -- Installing: /home/user/dobot_ws/install/ariac_interfaces/include/ariac_interfaces/ariac_interfaces/msg/detail/competition_time__type_support.h
[1.198s] -- Installing: /home/user/dobot_ws/install/ariac_interfaces/include/ariac_interfaces/ariac_interfaces/msg/detail/agv_tray_status__struct.h
[1.200s] -- Installing: /home/user/dobot_ws/install/ariac_interfaces/include/ariac_interfaces/ariac_interfaces/msg/detail/tool_changer_status__type_support.h
[1.202s] -- Installing: /home/user/dobot_ws/install/ariac_interfaces/include/ariac_interfaces/ariac_interfaces/msg/detail/voltage_reading__functions.c
[1.202s] -- Installing: /home/user/dobot_ws/install/ariac_interfaces/include/ariac_interfaces/ariac_interfaces/msg/detail/competition_time__struct.h
[1.203s] -- Installing: /home/user/dobot_ws/install/ariac_interfaces/include/ariac_interfaces/ariac_interfaces/msg/detail/voltage_reading__struct.h
[1.207s] -- Installing: /home/user/dobot_ws/install/ariac_interfaces/include/ariac_interfaces/ariac_interfaces/msg/detail/break_beam_status__struct.h
[1.207s] -- Installing: /home/user/dobot_ws/install/ariac_interfaces/include/ariac_interfaces/ariac_interfaces/msg/agv_stations.h
[1.207s] -- Installing: /home/user/dobot_ws/install/ariac_interfaces/include/ariac_interfaces/ariac_interfaces/action
[1.207s] -- Installing: /home/user/dobot_ws/install/ariac_interfaces/include/ariac_interfaces/ariac_interfaces/action/move_agv.h
[1.207s] -- Installing: /home/user/dobot_ws/install/ariac_interfaces/include/ariac_interfaces/ariac_interfaces/action/gripper_command.h
[1.208s] -- Installing: /home/user/dobot_ws/install/ariac_interfaces/include/ariac_interfaces/ariac_interfaces/action/detail
[1.208s] -- Installing: /home/user/dobot_ws/install/ariac_interfaces/include/ariac_interfaces/ariac_interfaces/action/detail/move_agv__functions.h
[1.217s] -- Installing: /home/user/dobot_ws/install/ariac_interfaces/include/ariac_interfaces/ariac_interfaces/action/detail/gripper_command__struct.h
[1.219s] -- Installing: /home/user/dobot_ws/install/ariac_interfaces/include/ariac_interfaces/ariac_interfaces/action/detail/move_agv__functions.c
[1.220s] -- Installing: /home/user/dobot_ws/install/ariac_interfaces/include/ariac_interfaces/ariac_interfaces/action/detail/move_agv__struct.h
[1.221s] -- Installing: /home/user/dobot_ws/install/ariac_interfaces/include/ariac_interfaces/ariac_interfaces/action/detail/gripper_command__functions.c
[1.226s] -- Installing: /home/user/dobot_ws/install/ariac_interfaces/include/ariac_interfaces/ariac_interfaces/action/detail/gripper_command__type_support.h
[1.226s] -- Installing: /home/user/dobot_ws/install/ariac_interfaces/include/ariac_interfaces/ariac_interfaces/action/detail/gripper_command__functions.h
[1.227s] -- Installing: /home/user/dobot_ws/install/ariac_interfaces/include/ariac_interfaces/ariac_interfaces/action/detail/move_agv__type_support.h
[1.227s] -- Installing: /home/user/dobot_ws/install/ariac_interfaces/include/ariac_interfaces/ariac_interfaces/srv
[1.227s] -- Installing: /home/user/dobot_ws/install/ariac_interfaces/include/ariac_interfaces/ariac_interfaces/srv/submit_high_priority_order.h
[1.230s] -- Installing: /home/user/dobot_ws/install/ariac_interfaces/include/ariac_interfaces/ariac_interfaces/srv/check_kit_quality.h
[1.231s] -- Installing: /home/user/dobot_ws/install/ariac_interfaces/include/ariac_interfaces/ariac_interfaces/srv/submit_inspection_report.h
[1.234s] -- Installing: /home/user/dobot_ws/install/ariac_interfaces/include/ariac_interfaces/ariac_interfaces/srv/conveyor_control.h
[1.235s] -- Installing: /home/user/dobot_ws/install/ariac_interfaces/include/ariac_interfaces/ariac_interfaces/srv/attach_tool.h
[1.235s] -- Installing: /home/user/dobot_ws/install/ariac_interfaces/include/ariac_interfaces/ariac_interfaces/srv/control_cell_feeder.h
[1.236s] -- Installing: /home/user/dobot_ws/install/ariac_interfaces/include/ariac_interfaces/ariac_interfaces/srv/end_competition.h
[1.237s] -- Installing: /home/user/dobot_ws/install/ariac_interfaces/include/ariac_interfaces/ariac_interfaces/srv/bidirectional_conveyor_control.h
[1.238s] -- Installing: /home/user/dobot_ws/install/ariac_interfaces/include/ariac_interfaces/ariac_interfaces/srv/detail
[1.238s] -- Installing: /home/user/dobot_ws/install/ariac_interfaces/include/ariac_interfaces/ariac_interfaces/srv/detail/submit_high_priority_order__type_support.h
[1.238s] -- Installing: /home/user/dobot_ws/install/ariac_interfaces/include/ariac_interfaces/ariac_interfaces/srv/detail/submit_inspection_report__struct.h
[1.238s] -- Installing: /home/user/dobot_ws/install/ariac_interfaces/include/ariac_interfaces/ariac_interfaces/srv/detail/bidirectional_conveyor_control__struct.h
[1.239s] -- Installing: /home/user/dobot_ws/install/ariac_interfaces/include/ariac_interfaces/ariac_interfaces/srv/detail/submit_high_priority_order__struct.h
[1.239s] -- Installing: /home/user/dobot_ws/install/ariac_interfaces/include/ariac_interfaces/ariac_interfaces/srv/detail/bidirectional_conveyor_control__type_support.h
[1.245s] -- Installing: /home/user/dobot_ws/install/ariac_interfaces/include/ariac_interfaces/ariac_interfaces/srv/detail/conveyor_control__functions.c
[1.246s] -- Installing: /home/user/dobot_ws/install/ariac_interfaces/include/ariac_interfaces/ariac_interfaces/srv/detail/end_competition__type_support.h
[1.246s] -- Installing: /home/user/dobot_ws/install/ariac_interfaces/include/ariac_interfaces/ariac_interfaces/srv/detail/submit_inspection_report__type_support.h
[1.248s] -- Installing: /home/user/dobot_ws/install/ariac_interfaces/include/ariac_interfaces/ariac_interfaces/srv/detail/control_cell_feeder__type_support.h
[1.249s] -- Installing: /home/user/dobot_ws/install/ariac_interfaces/include/ariac_interfaces/ariac_interfaces/srv/detail/submit_high_priority_order__functions.h
[1.252s] -- Installing: /home/user/dobot_ws/install/ariac_interfaces/include/ariac_interfaces/ariac_interfaces/srv/detail/conveyor_control__type_support.h
[1.252s] -- Installing: /home/user/dobot_ws/install/ariac_interfaces/include/ariac_interfaces/ariac_interfaces/srv/detail/trigger__struct.h
[1.252s] -- Installing: /home/user/dobot_ws/install/ariac_interfaces/include/ariac_interfaces/ariac_interfaces/srv/detail/submit_inspection_report__functions.h
[1.256s] -- Installing: /home/user/dobot_ws/install/ariac_interfaces/include/ariac_interfaces/ariac_interfaces/srv/detail/control_cell_feeder__functions.h
[1.256s] -- Installing: /home/user/dobot_ws/install/ariac_interfaces/include/ariac_interfaces/ariac_interfaces/srv/detail/attach_tool__type_support.h
[1.256s] -- Installing: /home/user/dobot_ws/install/ariac_interfaces/include/ariac_interfaces/ariac_interfaces/srv/detail/attach_tool__struct.h
[1.256s] -- Installing: /home/user/dobot_ws/install/ariac_interfaces/include/ariac_interfaces/ariac_interfaces/srv/detail/end_competition__struct.h
[1.256s] -- Installing: /home/user/dobot_ws/install/ariac_interfaces/include/ariac_interfaces/ariac_interfaces/srv/detail/trigger__functions.c
[1.259s] -- Installing: /home/user/dobot_ws/install/ariac_interfaces/include/ariac_interfaces/ariac_interfaces/srv/detail/check_kit_quality__functions.h
[1.260s] -- Installing: /home/user/dobot_ws/install/ariac_interfaces/include/ariac_interfaces/ariac_interfaces/srv/detail/check_kit_quality__functions.c
[1.260s] -- Installing: /home/user/dobot_ws/install/ariac_interfaces/include/ariac_interfaces/ariac_interfaces/srv/detail/submit_high_priority_order__functions.c
[1.261s] -- Installing: /home/user/dobot_ws/install/ariac_interfaces/include/ariac_interfaces/ariac_interfaces/srv/detail/conveyor_control__struct.h
[1.263s] -- Installing: /home/user/dobot_ws/install/ariac_interfaces/include/ariac_interfaces/ariac_interfaces/srv/detail/bidirectional_conveyor_control__functions.h
[1.263s] -- Installing: /home/user/dobot_ws/install/ariac_interfaces/include/ariac_interfaces/ariac_interfaces/srv/detail/bidirectional_conveyor_control__functions.c
[1.268s] -- Installing: /home/user/dobot_ws/install/ariac_interfaces/include/ariac_interfaces/ariac_interfaces/srv/detail/trigger__type_support.h
[1.268s] -- Installing: /home/user/dobot_ws/install/ariac_interfaces/include/ariac_interfaces/ariac_interfaces/srv/detail/conveyor_control__functions.h
[1.269s] -- Installing: /home/user/dobot_ws/install/ariac_interfaces/include/ariac_interfaces/ariac_interfaces/srv/detail/trigger__functions.h
[1.269s] -- Installing: /home/user/dobot_ws/install/ariac_interfaces/include/ariac_interfaces/ariac_interfaces/srv/detail/attach_tool__functions.h
[1.270s] -- Installing: /home/user/dobot_ws/install/ariac_interfaces/include/ariac_interfaces/ariac_interfaces/srv/detail/end_competition__functions.c
[1.272s] -- Installing: /home/user/dobot_ws/install/ariac_interfaces/include/ariac_interfaces/ariac_interfaces/srv/detail/control_cell_feeder__struct.h
[1.274s] -- Installing: /home/user/dobot_ws/install/ariac_interfaces/include/ariac_interfaces/ariac_interfaces/srv/detail/end_competition__functions.h
[1.278s] -- Installing: /home/user/dobot_ws/install/ariac_interfaces/include/ariac_interfaces/ariac_interfaces/srv/detail/check_kit_quality__type_support.h
[1.279s] -- Installing: /home/user/dobot_ws/install/ariac_interfaces/include/ariac_interfaces/ariac_interfaces/srv/detail/control_cell_feeder__functions.c
[1.279s] -- Installing: /home/user/dobot_ws/install/ariac_interfaces/include/ariac_interfaces/ariac_interfaces/srv/detail/check_kit_quality__struct.h
[1.279s] -- Installing: /home/user/dobot_ws/install/ariac_interfaces/include/ariac_interfaces/ariac_interfaces/srv/detail/submit_inspection_report__functions.c
[1.279s] -- Installing: /home/user/dobot_ws/install/ariac_interfaces/include/ariac_interfaces/ariac_interfaces/srv/detail/attach_tool__functions.c
[1.279s] -- Installing: /home/user/dobot_ws/install/ariac_interfaces/include/ariac_interfaces/ariac_interfaces/srv/trigger.h
[1.283s] -- Installing: /home/user/dobot_ws/install/ariac_interfaces/share/ariac_interfaces/environment/library_path.sh
[1.283s] -- Installing: /home/user/dobot_ws/install/ariac_interfaces/share/ariac_interfaces/environment/library_path.dsv
[1.284s] -- Installing: /home/user/dobot_ws/install/ariac_interfaces/lib/libariac_interfaces__rosidl_generator_c.so
[1.297s] -- Set runtime path of "/home/user/dobot_ws/install/ariac_interfaces/lib/libariac_interfaces__rosidl_generator_c.so" to ""
[1.297s] -- Up-to-date: /home/user/dobot_ws/install/ariac_interfaces/include/ariac_interfaces/ariac_interfaces
[1.297s] -- Up-to-date: /home/user/dobot_ws/install/ariac_interfaces/include/ariac_interfaces/ariac_interfaces/msg
[1.298s] -- Installing: /home/user/dobot_ws/install/ariac_interfaces/include/ariac_interfaces/ariac_interfaces/msg/rosidl_typesupport_fastrtps_c__visibility_control.h
[1.298s] -- Up-to-date: /home/user/dobot_ws/install/ariac_interfaces/include/ariac_interfaces/ariac_interfaces/msg/detail
[1.305s] -- Installing: /home/user/dobot_ws/install/ariac_interfaces/include/ariac_interfaces/ariac_interfaces/msg/detail/cell_types__rosidl_typesupport_fastrtps_c.h
[1.305s] -- Installing: /home/user/dobot_ws/install/ariac_interfaces/include/ariac_interfaces/ariac_interfaces/msg/detail/agv_stations__rosidl_typesupport_fastrtps_c.h
[1.305s] -- Installing: /home/user/dobot_ws/install/ariac_interfaces/include/ariac_interfaces/ariac_interfaces/msg/detail/inspection_report__rosidl_typesupport_fastrtps_c.h
[1.306s] -- Installing: /home/user/dobot_ws/install/ariac_interfaces/include/ariac_interfaces/ariac_interfaces/msg/detail/vacuum_tools__rosidl_typesupport_fastrtps_c.h
[1.306s] -- Installing: /home/user/dobot_ws/install/ariac_interfaces/include/ariac_interfaces/ariac_interfaces/msg/detail/conveyor_status__rosidl_typesupport_fastrtps_c.h
[1.311s] -- Installing: /home/user/dobot_ws/install/ariac_interfaces/include/ariac_interfaces/ariac_interfaces/msg/detail/competition_status__rosidl_typesupport_fastrtps_c.h
[1.312s] -- Installing: /home/user/dobot_ws/install/ariac_interfaces/include/ariac_interfaces/ariac_interfaces/msg/detail/competition_states__rosidl_typesupport_fastrtps_c.h
[1.312s] -- Installing: /home/user/dobot_ws/install/ariac_interfaces/include/ariac_interfaces/ariac_interfaces/msg/detail/cell_feeder_status__rosidl_typesupport_fastrtps_c.h
[1.314s] -- Installing: /home/user/dobot_ws/install/ariac_interfaces/include/ariac_interfaces/ariac_interfaces/msg/detail/tool_changer_status__rosidl_typesupport_fastrtps_c.h
[1.314s] -- Installing: /home/user/dobot_ws/install/ariac_interfaces/include/ariac_interfaces/ariac_interfaces/msg/detail/voltage_reading__rosidl_typesupport_fastrtps_c.h
[1.314s] -- Installing: /home/user/dobot_ws/install/ariac_interfaces/include/ariac_interfaces/ariac_interfaces/msg/detail/cell_defect__rosidl_typesupport_fastrtps_c.h
[1.321s] -- Installing: /home/user/dobot_ws/install/ariac_interfaces/include/ariac_interfaces/ariac_interfaces/msg/detail/distance_sensor__rosidl_typesupport_fastrtps_c.h
[1.321s] -- Installing: /home/user/dobot_ws/install/ariac_interfaces/include/ariac_interfaces/ariac_interfaces/msg/detail/high_priority_order__rosidl_typesupport_fastrtps_c.h
[1.325s] -- Installing: /home/user/dobot_ws/install/ariac_interfaces/include/ariac_interfaces/ariac_interfaces/msg/detail/agv_status__rosidl_typesupport_fastrtps_c.h
[1.325s] -- Installing: /home/user/dobot_ws/install/ariac_interfaces/include/ariac_interfaces/ariac_interfaces/msg/detail/operation_states__rosidl_typesupport_fastrtps_c.h
[1.326s] -- Installing: /home/user/dobot_ws/install/ariac_interfaces/include/ariac_interfaces/ariac_interfaces/msg/detail/competition_time__rosidl_typesupport_fastrtps_c.h
[1.326s] -- Installing: /home/user/dobot_ws/install/ariac_interfaces/include/ariac_interfaces/ariac_interfaces/msg/detail/agv_tray_status__rosidl_typesupport_fastrtps_c.h
[1.326s] -- Installing: /home/user/dobot_ws/install/ariac_interfaces/include/ariac_interfaces/ariac_interfaces/msg/detail/break_beam_status__rosidl_typesupport_fastrtps_c.h
[1.327s] -- Up-to-date: /home/user/dobot_ws/install/ariac_interfaces/include/ariac_interfaces/ariac_interfaces/action
[1.328s] -- Up-to-date: /home/user/dobot_ws/install/ariac_interfaces/include/ariac_interfaces/ariac_interfaces/action/detail
[1.328s] -- Installing: /home/user/dobot_ws/install/ariac_interfaces/include/ariac_interfaces/ariac_interfaces/action/detail/gripper_command__rosidl_typesupport_fastrtps_c.h
[1.329s] -- Installing: /home/user/dobot_ws/install/ariac_interfaces/include/ariac_interfaces/ariac_interfaces/action/detail/move_agv__rosidl_typesupport_fastrtps_c.h
[1.329s] -- Up-to-date: /home/user/dobot_ws/install/ariac_interfaces/include/ariac_interfaces/ariac_interfaces/srv
[1.329s] -- Up-to-date: /home/user/dobot_ws/install/ariac_interfaces/include/ariac_interfaces/ariac_interfaces/srv/detail
[1.329s] -- Installing: /home/user/dobot_ws/install/ariac_interfaces/include/ariac_interfaces/ariac_interfaces/srv/detail/bidirectional_conveyor_control__rosidl_typesupport_fastrtps_c.h
[1.330s] -- Installing: /home/user/dobot_ws/install/ariac_interfaces/include/ariac_interfaces/ariac_interfaces/srv/detail/submit_high_priority_order__rosidl_typesupport_fastrtps_c.h
[1.335s] -- Installing: /home/user/dobot_ws/install/ariac_interfaces/include/ariac_interfaces/ariac_interfaces/srv/detail/control_cell_feeder__rosidl_typesupport_fastrtps_c.h
[1.335s] -- Installing: /home/user/dobot_ws/install/ariac_interfaces/include/ariac_interfaces/ariac_interfaces/srv/detail/submit_inspection_report__rosidl_typesupport_fastrtps_c.h
[1.335s] -- Installing: /home/user/dobot_ws/install/ariac_interfaces/include/ariac_interfaces/ariac_interfaces/srv/detail/trigger__rosidl_typesupport_fastrtps_c.h
[1.336s] -- Installing: /home/user/dobot_ws/install/ariac_interfaces/include/ariac_interfaces/ariac_interfaces/srv/detail/check_kit_quality__rosidl_typesupport_fastrtps_c.h
[1.343s] -- Installing: /home/user/dobot_ws/install/ariac_interfaces/include/ariac_interfaces/ariac_interfaces/srv/detail/end_competition__rosidl_typesupport_fastrtps_c.h
[1.343s] -- Installing: /home/user/dobot_ws/install/ariac_interfaces/include/ariac_interfaces/ariac_interfaces/srv/detail/attach_tool__rosidl_typesupport_fastrtps_c.h
[1.345s] -- Installing: /home/user/dobot_ws/install/ariac_interfaces/include/ariac_interfaces/ariac_interfaces/srv/detail/conveyor_control__rosidl_typesupport_fastrtps_c.h
[1.345s] -- Installing: /home/user/dobot_ws/install/ariac_interfaces/lib/libariac_interfaces__rosidl_typesupport_fastrtps_c.so
[1.352s] -- Set runtime path of "/home/user/dobot_ws/install/ariac_interfaces/lib/libariac_interfaces__rosidl_typesupport_fastrtps_c.so" to ""
[1.355s] -- Up-to-date: /home/user/dobot_ws/install/ariac_interfaces/include/ariac_interfaces/ariac_interfaces
[1.355s] -- Up-to-date: /home/user/dobot_ws/install/ariac_interfaces/include/ariac_interfaces/ariac_interfaces/msg
[1.356s] -- Installing: /home/user/dobot_ws/install/ariac_interfaces/include/ariac_interfaces/ariac_interfaces/msg/competition_states.hpp
[1.356s] -- Installing: /home/user/dobot_ws/install/ariac_interfaces/include/ariac_interfaces/ariac_interfaces/msg/cell_defect.hpp
[1.359s] -- Installing: /home/user/dobot_ws/install/ariac_interfaces/include/ariac_interfaces/ariac_interfaces/msg/high_priority_order.hpp
[1.359s] -- Installing: /home/user/dobot_ws/install/ariac_interfaces/include/ariac_interfaces/ariac_interfaces/msg/competition_time.hpp
[1.359s] -- Installing: /home/user/dobot_ws/install/ariac_interfaces/include/ariac_interfaces/ariac_interfaces/msg/agv_status.hpp
[1.359s] -- Installing: /home/user/dobot_ws/install/ariac_interfaces/include/ariac_interfaces/ariac_interfaces/msg/vacuum_tools.hpp
[1.362s] -- Installing: /home/user/dobot_ws/install/ariac_interfaces/include/ariac_interfaces/ariac_interfaces/msg/agv_tray_status.hpp
[1.369s] -- Installing: /home/user/dobot_ws/install/ariac_interfaces/include/ariac_interfaces/ariac_interfaces/msg/rosidl_generator_cpp__visibility_control.hpp
[1.370s] -- Installing: /home/user/dobot_ws/install/ariac_interfaces/include/ariac_interfaces/ariac_interfaces/msg/distance_sensor.hpp
[1.371s] -- Installing: /home/user/dobot_ws/install/ariac_interfaces/include/ariac_interfaces/ariac_interfaces/msg/tool_changer_status.hpp
[1.371s] -- Installing: /home/user/dobot_ws/install/ariac_interfaces/include/ariac_interfaces/ariac_interfaces/msg/agv_stations.hpp
[1.372s] -- Installing: /home/user/dobot_ws/install/ariac_interfaces/include/ariac_interfaces/ariac_interfaces/msg/cell_types.hpp
[1.372s] -- Installing: /home/user/dobot_ws/install/ariac_interfaces/include/ariac_interfaces/ariac_interfaces/msg/voltage_reading.hpp
[1.373s] -- Installing: /home/user/dobot_ws/install/ariac_interfaces/include/ariac_interfaces/ariac_interfaces/msg/operation_states.hpp
[1.373s] -- Installing: /home/user/dobot_ws/install/ariac_interfaces/include/ariac_interfaces/ariac_interfaces/msg/break_beam_status.hpp
[1.375s] -- Installing: /home/user/dobot_ws/install/ariac_interfaces/include/ariac_interfaces/ariac_interfaces/msg/cell_feeder_status.hpp
[1.375s] -- Installing: /home/user/dobot_ws/install/ariac_interfaces/include/ariac_interfaces/ariac_interfaces/msg/conveyor_status.hpp
[1.375s] -- Installing: /home/user/dobot_ws/install/ariac_interfaces/include/ariac_interfaces/ariac_interfaces/msg/competition_status.hpp
[1.375s] -- Installing: /home/user/dobot_ws/install/ariac_interfaces/include/ariac_interfaces/ariac_interfaces/msg/inspection_report.hpp
[1.378s] -- Up-to-date: /home/user/dobot_ws/install/ariac_interfaces/include/ariac_interfaces/ariac_interfaces/msg/detail
[1.380s] -- Installing: /home/user/dobot_ws/install/ariac_interfaces/include/ariac_interfaces/ariac_interfaces/msg/detail/competition_states__type_support.hpp
[1.381s] -- Installing: /home/user/dobot_ws/install/ariac_interfaces/include/ariac_interfaces/ariac_interfaces/msg/detail/conveyor_status__type_support.hpp
[1.381s] -- Installing: /home/user/dobot_ws/install/ariac_interfaces/include/ariac_interfaces/ariac_interfaces/msg/detail/break_beam_status__builder.hpp
[1.381s] -- Installing: /home/user/dobot_ws/install/ariac_interfaces/include/ariac_interfaces/ariac_interfaces/msg/detail/competition_time__type_support.hpp
[1.381s] -- Installing: /home/user/dobot_ws/install/ariac_interfaces/include/ariac_interfaces/ariac_interfaces/msg/detail/cell_feeder_status__traits.hpp
[1.384s] -- Installing: /home/user/dobot_ws/install/ariac_interfaces/include/ariac_interfaces/ariac_interfaces/msg/detail/tool_changer_status__type_support.hpp
[1.384s] -- Installing: /home/user/dobot_ws/install/ariac_interfaces/include/ariac_interfaces/ariac_interfaces/msg/detail/cell_types__struct.hpp
[1.387s] -- Installing: /home/user/dobot_ws/install/ariac_interfaces/include/ariac_interfaces/ariac_interfaces/msg/detail/distance_sensor__struct.hpp
[1.388s] -- Installing: /home/user/dobot_ws/install/ariac_interfaces/include/ariac_interfaces/ariac_interfaces/msg/detail/break_beam_status__struct.hpp
[1.388s] -- Installing: /home/user/dobot_ws/install/ariac_interfaces/include/ariac_interfaces/ariac_interfaces/msg/detail/competition_status__traits.hpp
[1.388s] -- Installing: /home/user/dobot_ws/install/ariac_interfaces/include/ariac_interfaces/ariac_interfaces/msg/detail/cell_defect__builder.hpp
[1.391s] -- Installing: /home/user/dobot_ws/install/ariac_interfaces/include/ariac_interfaces/ariac_interfaces/msg/detail/distance_sensor__traits.hpp
[1.391s] -- Installing: /home/user/dobot_ws/install/ariac_interfaces/include/ariac_interfaces/ariac_interfaces/msg/detail/agv_status__struct.hpp
[1.391s] -- Installing: /home/user/dobot_ws/install/ariac_interfaces/include/ariac_interfaces/ariac_interfaces/msg/detail/tool_changer_status__builder.hpp
[1.391s] -- Installing: /home/user/dobot_ws/install/ariac_interfaces/include/ariac_interfaces/ariac_interfaces/msg/detail/competition_time__builder.hpp
[1.391s] -- Installing: /home/user/dobot_ws/install/ariac_interfaces/include/ariac_interfaces/ariac_interfaces/msg/detail/voltage_reading__builder.hpp
[1.391s] -- Installing: /home/user/dobot_ws/install/ariac_interfaces/include/ariac_interfaces/ariac_interfaces/msg/detail/competition_time__struct.hpp
[1.392s] -- Installing: /home/user/dobot_ws/install/ariac_interfaces/include/ariac_interfaces/ariac_interfaces/msg/detail/competition_states__struct.hpp
[1.392s] -- Installing: /home/user/dobot_ws/install/ariac_interfaces/include/ariac_interfaces/ariac_interfaces/msg/detail/high_priority_order__type_support.hpp
[1.393s] -- Installing: /home/user/dobot_ws/install/ariac_interfaces/include/ariac_interfaces/ariac_interfaces/msg/detail/conveyor_status__builder.hpp
[1.394s] -- Installing: /home/user/dobot_ws/install/ariac_interfaces/include/ariac_interfaces/ariac_interfaces/msg/detail/cell_types__builder.hpp
[1.394s] -- Installing: /home/user/dobot_ws/install/ariac_interfaces/include/ariac_interfaces/ariac_interfaces/msg/detail/competition_status__struct.hpp
[1.394s] -- Installing: /home/user/dobot_ws/install/ariac_interfaces/include/ariac_interfaces/ariac_interfaces/msg/detail/tool_changer_status__struct.hpp
[1.405s] -- Installing: /home/user/dobot_ws/install/ariac_interfaces/include/ariac_interfaces/ariac_interfaces/msg/detail/agv_stations__builder.hpp
[1.405s] -- Installing: /home/user/dobot_ws/install/ariac_interfaces/include/ariac_interfaces/ariac_interfaces/msg/detail/inspection_report__traits.hpp
[1.406s] -- Installing: /home/user/dobot_ws/install/ariac_interfaces/include/ariac_interfaces/ariac_interfaces/msg/detail/agv_status__traits.hpp
[1.406s] -- Installing: /home/user/dobot_ws/install/ariac_interfaces/include/ariac_interfaces/ariac_interfaces/msg/detail/agv_tray_status__type_support.hpp
[1.412s] -- Installing: /home/user/dobot_ws/install/ariac_interfaces/include/ariac_interfaces/ariac_interfaces/msg/detail/cell_defect__struct.hpp
[1.412s] -- Installing: /home/user/dobot_ws/install/ariac_interfaces/include/ariac_interfaces/ariac_interfaces/msg/detail/conveyor_status__struct.hpp
[1.415s] -- Installing: /home/user/dobot_ws/install/ariac_interfaces/include/ariac_interfaces/ariac_interfaces/msg/detail/cell_feeder_status__type_support.hpp
[1.415s] -- Installing: /home/user/dobot_ws/install/ariac_interfaces/include/ariac_interfaces/ariac_interfaces/msg/detail/agv_tray_status__builder.hpp
[1.415s] -- Installing: /home/user/dobot_ws/install/ariac_interfaces/include/ariac_interfaces/ariac_interfaces/msg/detail/agv_tray_status__struct.hpp
[1.415s] -- Installing: /home/user/dobot_ws/install/ariac_interfaces/include/ariac_interfaces/ariac_interfaces/msg/detail/operation_states__struct.hpp
[1.416s] -- Installing: /home/user/dobot_ws/install/ariac_interfaces/include/ariac_interfaces/ariac_interfaces/msg/detail/inspection_report__struct.hpp
[1.420s] -- Installing: /home/user/dobot_ws/install/ariac_interfaces/include/ariac_interfaces/ariac_interfaces/msg/detail/break_beam_status__type_support.hpp
[1.420s] -- Installing: /home/user/dobot_ws/install/ariac_interfaces/include/ariac_interfaces/ariac_interfaces/msg/detail/operation_states__type_support.hpp
[1.421s] -- Installing: /home/user/dobot_ws/install/ariac_interfaces/include/ariac_interfaces/ariac_interfaces/msg/detail/conveyor_status__traits.hpp
[1.426s] -- Installing: /home/user/dobot_ws/install/ariac_interfaces/include/ariac_interfaces/ariac_interfaces/msg/detail/distance_sensor__type_support.hpp
[1.426s] -- Installing: /home/user/dobot_ws/install/ariac_interfaces/include/ariac_interfaces/ariac_interfaces/msg/detail/competition_states__builder.hpp
[1.427s] -- Installing: /home/user/dobot_ws/install/ariac_interfaces/include/ariac_interfaces/ariac_interfaces/msg/detail/cell_defect__type_support.hpp
[1.428s] -- Installing: /home/user/dobot_ws/install/ariac_interfaces/include/ariac_interfaces/ariac_interfaces/msg/detail/competition_status__builder.hpp
[1.429s] -- Installing: /home/user/dobot_ws/install/ariac_interfaces/include/ariac_interfaces/ariac_interfaces/msg/detail/tool_changer_status__traits.hpp
[1.430s] -- Installing: /home/user/dobot_ws/install/ariac_interfaces/include/ariac_interfaces/ariac_interfaces/msg/detail/agv_status__type_support.hpp
[1.430s] -- Installing: /home/user/dobot_ws/install/ariac_interfaces/include/ariac_interfaces/ariac_interfaces/msg/detail/operation_states__builder.hpp
[1.431s] -- Installing: /home/user/dobot_ws/install/ariac_interfaces/include/ariac_interfaces/ariac_interfaces/msg/detail/inspection_report__builder.hpp
[1.432s] -- Installing: /home/user/dobot_ws/install/ariac_interfaces/include/ariac_interfaces/ariac_interfaces/msg/detail/voltage_reading__struct.hpp
[1.432s] -- Installing: /home/user/dobot_ws/install/ariac_interfaces/include/ariac_interfaces/ariac_interfaces/msg/detail/agv_stations__traits.hpp
[1.432s] -- Installing: /home/user/dobot_ws/install/ariac_interfaces/include/ariac_interfaces/ariac_interfaces/msg/detail/vacuum_tools__builder.hpp
[1.432s] -- Installing: /home/user/dobot_ws/install/ariac_interfaces/include/ariac_interfaces/ariac_interfaces/msg/detail/vacuum_tools__type_support.hpp
[1.433s] -- Installing: /home/user/dobot_ws/install/ariac_interfaces/include/ariac_interfaces/ariac_interfaces/msg/detail/cell_feeder_status__builder.hpp
[1.433s] -- Installing: /home/user/dobot_ws/install/ariac_interfaces/include/ariac_interfaces/ariac_interfaces/msg/detail/competition_time__traits.hpp
[1.436s] -- Installing: /home/user/dobot_ws/install/ariac_interfaces/include/ariac_interfaces/ariac_interfaces/msg/detail/agv_tray_status__traits.hpp
[1.436s] -- Installing: /home/user/dobot_ws/install/ariac_interfaces/include/ariac_interfaces/ariac_interfaces/msg/detail/cell_defect__traits.hpp
[1.436s] -- Installing: /home/user/dobot_ws/install/ariac_interfaces/include/ariac_interfaces/ariac_interfaces/msg/detail/cell_types__type_support.hpp
[1.436s] -- Installing: /home/user/dobot_ws/install/ariac_interfaces/include/ariac_interfaces/ariac_interfaces/msg/detail/vacuum_tools__struct.hpp
[1.436s] -- Installing: /home/user/dobot_ws/install/ariac_interfaces/include/ariac_interfaces/ariac_interfaces/msg/detail/distance_sensor__builder.hpp
[1.436s] -- Installing: /home/user/dobot_ws/install/ariac_interfaces/include/ariac_interfaces/ariac_interfaces/msg/detail/cell_feeder_status__struct.hpp
[1.437s] -- Installing: /home/user/dobot_ws/install/ariac_interfaces/include/ariac_interfaces/ariac_interfaces/msg/detail/voltage_reading__traits.hpp
[1.437s] -- Installing: /home/user/dobot_ws/install/ariac_interfaces/include/ariac_interfaces/ariac_interfaces/msg/detail/cell_types__traits.hpp
[1.437s] -- Installing: /home/user/dobot_ws/install/ariac_interfaces/include/ariac_interfaces/ariac_interfaces/msg/detail/agv_stations__type_support.hpp
[1.437s] -- Installing: /home/user/dobot_ws/install/ariac_interfaces/include/ariac_interfaces/ariac_interfaces/msg/detail/voltage_reading__type_support.hpp
[1.437s] -- Installing: /home/user/dobot_ws/install/ariac_interfaces/include/ariac_interfaces/ariac_interfaces/msg/detail/high_priority_order__builder.hpp
[1.437s] -- Installing: /home/user/dobot_ws/install/ariac_interfaces/include/ariac_interfaces/ariac_interfaces/msg/detail/competition_states__traits.hpp
[1.438s] -- Installing: /home/user/dobot_ws/install/ariac_interfaces/include/ariac_interfaces/ariac_interfaces/msg/detail/operation_states__traits.hpp
[1.438s] -- Installing: /home/user/dobot_ws/install/ariac_interfaces/include/ariac_interfaces/ariac_interfaces/msg/detail/vacuum_tools__traits.hpp
[1.438s] -- Installing: /home/user/dobot_ws/install/ariac_interfaces/include/ariac_interfaces/ariac_interfaces/msg/detail/high_priority_order__traits.hpp
[1.438s] -- Installing: /home/user/dobot_ws/install/ariac_interfaces/include/ariac_interfaces/ariac_interfaces/msg/detail/agv_status__builder.hpp
[1.441s] -- Installing: /home/user/dobot_ws/install/ariac_interfaces/include/ariac_interfaces/ariac_interfaces/msg/detail/high_priority_order__struct.hpp
[1.441s] -- Installing: /home/user/dobot_ws/install/ariac_interfaces/include/ariac_interfaces/ariac_interfaces/msg/detail/competition_status__type_support.hpp
[1.441s] -- Installing: /home/user/dobot_ws/install/ariac_interfaces/include/ariac_interfaces/ariac_interfaces/msg/detail/break_beam_status__traits.hpp
[1.442s] -- Installing: /home/user/dobot_ws/install/ariac_interfaces/include/ariac_interfaces/ariac_interfaces/msg/detail/inspection_report__type_support.hpp
[1.442s] -- Installing: /home/user/dobot_ws/install/ariac_interfaces/include/ariac_interfaces/ariac_interfaces/msg/detail/agv_stations__struct.hpp
[1.443s] -- Up-to-date: /home/user/dobot_ws/install/ariac_interfaces/include/ariac_interfaces/ariac_interfaces/action
[1.443s] -- Installing: /home/user/dobot_ws/install/ariac_interfaces/include/ariac_interfaces/ariac_interfaces/action/gripper_command.hpp
[1.443s] -- Installing: /home/user/dobot_ws/install/ariac_interfaces/include/ariac_interfaces/ariac_interfaces/action/move_agv.hpp
[1.444s] -- Up-to-date: /home/user/dobot_ws/install/ariac_interfaces/include/ariac_interfaces/ariac_interfaces/action/detail
[1.444s] -- Installing: /home/user/dobot_ws/install/ariac_interfaces/include/ariac_interfaces/ariac_interfaces/action/detail/gripper_command__type_support.hpp
[1.444s] -- Installing: /home/user/dobot_ws/install/ariac_interfaces/include/ariac_interfaces/ariac_interfaces/action/detail/gripper_command__builder.hpp
[1.444s] -- Installing: /home/user/dobot_ws/install/ariac_interfaces/include/ariac_interfaces/ariac_interfaces/action/detail/move_agv__type_support.hpp
[1.445s] -- Installing: /home/user/dobot_ws/install/ariac_interfaces/include/ariac_interfaces/ariac_interfaces/action/detail/gripper_command__traits.hpp
[1.445s] -- Installing: /home/user/dobot_ws/install/ariac_interfaces/include/ariac_interfaces/ariac_interfaces/action/detail/gripper_command__struct.hpp
[1.445s] -- Installing: /home/user/dobot_ws/install/ariac_interfaces/include/ariac_interfaces/ariac_interfaces/action/detail/move_agv__traits.hpp
[1.445s] -- Installing: /home/user/dobot_ws/install/ariac_interfaces/include/ariac_interfaces/ariac_interfaces/action/detail/move_agv__struct.hpp
[1.445s] -- Installing: /home/user/dobot_ws/install/ariac_interfaces/include/ariac_interfaces/ariac_interfaces/action/detail/move_agv__builder.hpp
[1.446s] -- Up-to-date: /home/user/dobot_ws/install/ariac_interfaces/include/ariac_interfaces/ariac_interfaces/srv
[1.446s] -- Installing: /home/user/dobot_ws/install/ariac_interfaces/include/ariac_interfaces/ariac_interfaces/srv/attach_tool.hpp
[1.447s] -- Installing: /home/user/dobot_ws/install/ariac_interfaces/include/ariac_interfaces/ariac_interfaces/srv/trigger.hpp
[1.447s] -- Installing: /home/user/dobot_ws/install/ariac_interfaces/include/ariac_interfaces/ariac_interfaces/srv/conveyor_control.hpp
[1.448s] -- Installing: /home/user/dobot_ws/install/ariac_interfaces/include/ariac_interfaces/ariac_interfaces/srv/check_kit_quality.hpp
[1.448s] -- Installing: /home/user/dobot_ws/install/ariac_interfaces/include/ariac_interfaces/ariac_interfaces/srv/control_cell_feeder.hpp
[1.448s] -- Installing: /home/user/dobot_ws/install/ariac_interfaces/include/ariac_interfaces/ariac_interfaces/srv/end_competition.hpp
[1.449s] -- Installing: /home/user/dobot_ws/install/ariac_interfaces/include/ariac_interfaces/ariac_interfaces/srv/submit_inspection_report.hpp
[1.450s] -- Installing: /home/user/dobot_ws/install/ariac_interfaces/include/ariac_interfaces/ariac_interfaces/srv/bidirectional_conveyor_control.hpp
[1.450s] -- Installing: /home/user/dobot_ws/install/ariac_interfaces/include/ariac_interfaces/ariac_interfaces/srv/submit_high_priority_order.hpp
[1.450s] -- Up-to-date: /home/user/dobot_ws/install/ariac_interfaces/include/ariac_interfaces/ariac_interfaces/srv/detail
[1.450s] -- Installing: /home/user/dobot_ws/install/ariac_interfaces/include/ariac_interfaces/ariac_interfaces/srv/detail/control_cell_feeder__struct.hpp
[1.451s] -- Installing: /home/user/dobot_ws/install/ariac_interfaces/include/ariac_interfaces/ariac_interfaces/srv/detail/attach_tool__traits.hpp
[1.451s] -- Installing: /home/user/dobot_ws/install/ariac_interfaces/include/ariac_interfaces/ariac_interfaces/srv/detail/submit_inspection_report__struct.hpp
[1.451s] -- Installing: /home/user/dobot_ws/install/ariac_interfaces/include/ariac_interfaces/ariac_interfaces/srv/detail/end_competition__type_support.hpp
[1.452s] -- Installing: /home/user/dobot_ws/install/ariac_interfaces/include/ariac_interfaces/ariac_interfaces/srv/detail/submit_inspection_report__traits.hpp
[1.452s] -- Installing: /home/user/dobot_ws/install/ariac_interfaces/include/ariac_interfaces/ariac_interfaces/srv/detail/trigger__type_support.hpp
[1.452s] -- Installing: /home/user/dobot_ws/install/ariac_interfaces/include/ariac_interfaces/ariac_interfaces/srv/detail/conveyor_control__type_support.hpp
[1.452s] -- Installing: /home/user/dobot_ws/install/ariac_interfaces/include/ariac_interfaces/ariac_interfaces/srv/detail/check_kit_quality__traits.hpp
[1.452s] -- Installing: /home/user/dobot_ws/install/ariac_interfaces/include/ariac_interfaces/ariac_interfaces/srv/detail/conveyor_control__traits.hpp
[1.452s] -- Installing: /home/user/dobot_ws/install/ariac_interfaces/include/ariac_interfaces/ariac_interfaces/srv/detail/trigger__builder.hpp
[1.455s] -- Installing: /home/user/dobot_ws/install/ariac_interfaces/include/ariac_interfaces/ariac_interfaces/srv/detail/bidirectional_conveyor_control__struct.hpp
[1.455s] -- Installing: /home/user/dobot_ws/install/ariac_interfaces/include/ariac_interfaces/ariac_interfaces/srv/detail/end_competition__builder.hpp
[1.455s] -- Installing: /home/user/dobot_ws/install/ariac_interfaces/include/ariac_interfaces/ariac_interfaces/srv/detail/end_competition__traits.hpp
[1.455s] -- Installing: /home/user/dobot_ws/install/ariac_interfaces/include/ariac_interfaces/ariac_interfaces/srv/detail/submit_inspection_report__type_support.hpp
[1.455s] -- Installing: /home/user/dobot_ws/install/ariac_interfaces/include/ariac_interfaces/ariac_interfaces/srv/detail/bidirectional_conveyor_control__traits.hpp
[1.456s] -- Installing: /home/user/dobot_ws/install/ariac_interfaces/include/ariac_interfaces/ariac_interfaces/srv/detail/attach_tool__struct.hpp
[1.457s] -- Installing: /home/user/dobot_ws/install/ariac_interfaces/include/ariac_interfaces/ariac_interfaces/srv/detail/control_cell_feeder__traits.hpp
[1.457s] -- Installing: /home/user/dobot_ws/install/ariac_interfaces/include/ariac_interfaces/ariac_interfaces/srv/detail/bidirectional_conveyor_control__builder.hpp
[1.457s] -- Installing: /home/user/dobot_ws/install/ariac_interfaces/include/ariac_interfaces/ariac_interfaces/srv/detail/attach_tool__builder.hpp
[1.458s] -- Installing: /home/user/dobot_ws/install/ariac_interfaces/include/ariac_interfaces/ariac_interfaces/srv/detail/trigger__traits.hpp
[1.458s] -- Installing: /home/user/dobot_ws/install/ariac_interfaces/include/ariac_interfaces/ariac_interfaces/srv/detail/conveyor_control__struct.hpp
[1.458s] -- Installing: /home/user/dobot_ws/install/ariac_interfaces/include/ariac_interfaces/ariac_interfaces/srv/detail/attach_tool__type_support.hpp
[1.459s] -- Installing: /home/user/dobot_ws/install/ariac_interfaces/include/ariac_interfaces/ariac_interfaces/srv/detail/trigger__struct.hpp
[1.459s] -- Installing: /home/user/dobot_ws/install/ariac_interfaces/include/ariac_interfaces/ariac_interfaces/srv/detail/check_kit_quality__type_support.hpp
[1.460s] -- Installing: /home/user/dobot_ws/install/ariac_interfaces/include/ariac_interfaces/ariac_interfaces/srv/detail/submit_high_priority_order__struct.hpp
[1.460s] -- Installing: /home/user/dobot_ws/install/ariac_interfaces/include/ariac_interfaces/ariac_interfaces/srv/detail/control_cell_feeder__type_support.hpp
[1.460s] -- Installing: /home/user/dobot_ws/install/ariac_interfaces/include/ariac_interfaces/ariac_interfaces/srv/detail/control_cell_feeder__builder.hpp
[1.461s] -- Installing: /home/user/dobot_ws/install/ariac_interfaces/include/ariac_interfaces/ariac_interfaces/srv/detail/submit_high_priority_order__traits.hpp
[1.461s] -- Installing: /home/user/dobot_ws/install/ariac_interfaces/include/ariac_interfaces/ariac_interfaces/srv/detail/submit_inspection_report__builder.hpp
[1.461s] -- Installing: /home/user/dobot_ws/install/ariac_interfaces/include/ariac_interfaces/ariac_interfaces/srv/detail/submit_high_priority_order__type_support.hpp
[1.462s] -- Installing: /home/user/dobot_ws/install/ariac_interfaces/include/ariac_interfaces/ariac_interfaces/srv/detail/submit_high_priority_order__builder.hpp
[1.462s] -- Installing: /home/user/dobot_ws/install/ariac_interfaces/include/ariac_interfaces/ariac_interfaces/srv/detail/bidirectional_conveyor_control__type_support.hpp
[1.463s] -- Installing: /home/user/dobot_ws/install/ariac_interfaces/include/ariac_interfaces/ariac_interfaces/srv/detail/end_competition__struct.hpp
[1.463s] -- Installing: /home/user/dobot_ws/install/ariac_interfaces/include/ariac_interfaces/ariac_interfaces/srv/detail/check_kit_quality__struct.hpp
[1.463s] -- Installing: /home/user/dobot_ws/install/ariac_interfaces/include/ariac_interfaces/ariac_interfaces/srv/detail/conveyor_control__builder.hpp
[1.464s] -- Installing: /home/user/dobot_ws/install/ariac_interfaces/include/ariac_interfaces/ariac_interfaces/srv/detail/check_kit_quality__builder.hpp
[1.464s] -- Up-to-date: /home/user/dobot_ws/install/ariac_interfaces/include/ariac_interfaces/ariac_interfaces
[1.464s] -- Up-to-date: /home/user/dobot_ws/install/ariac_interfaces/include/ariac_interfaces/ariac_interfaces/msg
[1.465s] -- Up-to-date: /home/user/dobot_ws/install/ariac_interfaces/include/ariac_interfaces/ariac_interfaces/msg/detail
[1.465s] -- Installing: /home/user/dobot_ws/install/ariac_interfaces/include/ariac_interfaces/ariac_interfaces/msg/detail/conveyor_status__rosidl_typesupport_fastrtps_cpp.hpp
[1.465s] -- Installing: /home/user/dobot_ws/install/ariac_interfaces/include/ariac_interfaces/ariac_interfaces/msg/detail/competition_time__rosidl_typesupport_fastrtps_cpp.hpp
[1.466s] -- Installing: /home/user/dobot_ws/install/ariac_interfaces/include/ariac_interfaces/ariac_interfaces/msg/detail/competition_status__rosidl_typesupport_fastrtps_cpp.hpp
[1.466s] -- Installing: /home/user/dobot_ws/install/ariac_interfaces/include/ariac_interfaces/ariac_interfaces/msg/detail/cell_feeder_status__rosidl_typesupport_fastrtps_cpp.hpp
[1.466s] -- Installing: /home/user/dobot_ws/install/ariac_interfaces/include/ariac_interfaces/ariac_interfaces/msg/detail/distance_sensor__rosidl_typesupport_fastrtps_cpp.hpp
[1.467s] -- Installing: /home/user/dobot_ws/install/ariac_interfaces/include/ariac_interfaces/ariac_interfaces/msg/detail/agv_stations__rosidl_typesupport_fastrtps_cpp.hpp
[1.467s] -- Installing: /home/user/dobot_ws/install/ariac_interfaces/include/ariac_interfaces/ariac_interfaces/msg/detail/dds_fastrtps
[1.467s] -- Installing: /home/user/dobot_ws/install/ariac_interfaces/include/ariac_interfaces/ariac_interfaces/msg/detail/agv_status__rosidl_typesupport_fastrtps_cpp.hpp
[1.468s] -- Installing: /home/user/dobot_ws/install/ariac_interfaces/include/ariac_interfaces/ariac_interfaces/msg/detail/voltage_reading__rosidl_typesupport_fastrtps_cpp.hpp
[1.468s] -- Installing: /home/user/dobot_ws/install/ariac_interfaces/include/ariac_interfaces/ariac_interfaces/msg/detail/inspection_report__rosidl_typesupport_fastrtps_cpp.hpp
[1.469s] -- Installing: /home/user/dobot_ws/install/ariac_interfaces/include/ariac_interfaces/ariac_interfaces/msg/detail/break_beam_status__rosidl_typesupport_fastrtps_cpp.hpp
[1.469s] -- Installing: /home/user/dobot_ws/install/ariac_interfaces/include/ariac_interfaces/ariac_interfaces/msg/detail/agv_tray_status__rosidl_typesupport_fastrtps_cpp.hpp
[1.469s] -- Installing: /home/user/dobot_ws/install/ariac_interfaces/include/ariac_interfaces/ariac_interfaces/msg/detail/vacuum_tools__rosidl_typesupport_fastrtps_cpp.hpp
[1.469s] -- Installing: /home/user/dobot_ws/install/ariac_interfaces/include/ariac_interfaces/ariac_interfaces/msg/detail/competition_states__rosidl_typesupport_fastrtps_cpp.hpp
[1.469s] -- Installing: /home/user/dobot_ws/install/ariac_interfaces/include/ariac_interfaces/ariac_interfaces/msg/detail/operation_states__rosidl_typesupport_fastrtps_cpp.hpp
[1.469s] -- Installing: /home/user/dobot_ws/install/ariac_interfaces/include/ariac_interfaces/ariac_interfaces/msg/detail/high_priority_order__rosidl_typesupport_fastrtps_cpp.hpp
[1.470s] -- Installing: /home/user/dobot_ws/install/ariac_interfaces/include/ariac_interfaces/ariac_interfaces/msg/detail/tool_changer_status__rosidl_typesupport_fastrtps_cpp.hpp
[1.470s] -- Installing: /home/user/dobot_ws/install/ariac_interfaces/include/ariac_interfaces/ariac_interfaces/msg/detail/cell_types__rosidl_typesupport_fastrtps_cpp.hpp
[1.470s] -- Installing: /home/user/dobot_ws/install/ariac_interfaces/include/ariac_interfaces/ariac_interfaces/msg/detail/cell_defect__rosidl_typesupport_fastrtps_cpp.hpp
[1.470s] -- Installing: /home/user/dobot_ws/install/ariac_interfaces/include/ariac_interfaces/ariac_interfaces/msg/rosidl_typesupport_fastrtps_cpp__visibility_control.h
[1.471s] -- Up-to-date: /home/user/dobot_ws/install/ariac_interfaces/include/ariac_interfaces/ariac_interfaces/action
[1.471s] -- Up-to-date: /home/user/dobot_ws/install/ariac_interfaces/include/ariac_interfaces/ariac_interfaces/action/detail
[1.471s] -- Installing: /home/user/dobot_ws/install/ariac_interfaces/include/ariac_interfaces/ariac_interfaces/action/detail/dds_fastrtps
[1.471s] -- Installing: /home/user/dobot_ws/install/ariac_interfaces/include/ariac_interfaces/ariac_interfaces/action/detail/gripper_command__rosidl_typesupport_fastrtps_cpp.hpp
[1.471s] -- Installing: /home/user/dobot_ws/install/ariac_interfaces/include/ariac_interfaces/ariac_interfaces/action/detail/move_agv__rosidl_typesupport_fastrtps_cpp.hpp
[1.472s] -- Up-to-date: /home/user/dobot_ws/install/ariac_interfaces/include/ariac_interfaces/ariac_interfaces/srv
[1.472s] -- Up-to-date: /home/user/dobot_ws/install/ariac_interfaces/include/ariac_interfaces/ariac_interfaces/srv/detail
[1.472s] -- Installing: /home/user/dobot_ws/install/ariac_interfaces/include/ariac_interfaces/ariac_interfaces/srv/detail/dds_fastrtps
[1.473s] -- Installing: /home/user/dobot_ws/install/ariac_interfaces/include/ariac_interfaces/ariac_interfaces/srv/detail/submit_inspection_report__rosidl_typesupport_fastrtps_cpp.hpp
[1.473s] -- Installing: /home/user/dobot_ws/install/ariac_interfaces/include/ariac_interfaces/ariac_interfaces/srv/detail/control_cell_feeder__rosidl_typesupport_fastrtps_cpp.hpp
[1.473s] -- Installing: /home/user/dobot_ws/install/ariac_interfaces/include/ariac_interfaces/ariac_interfaces/srv/detail/trigger__rosidl_typesupport_fastrtps_cpp.hpp
[1.474s] -- Installing: /home/user/dobot_ws/install/ariac_interfaces/include/ariac_interfaces/ariac_interfaces/srv/detail/submit_high_priority_order__rosidl_typesupport_fastrtps_cpp.hpp
[1.474s] -- Installing: /home/user/dobot_ws/install/ariac_interfaces/include/ariac_interfaces/ariac_interfaces/srv/detail/attach_tool__rosidl_typesupport_fastrtps_cpp.hpp
[1.474s] -- Installing: /home/user/dobot_ws/install/ariac_interfaces/include/ariac_interfaces/ariac_interfaces/srv/detail/check_kit_quality__rosidl_typesupport_fastrtps_cpp.hpp
[1.474s] -- Installing: /home/user/dobot_ws/install/ariac_interfaces/include/ariac_interfaces/ariac_interfaces/srv/detail/end_competition__rosidl_typesupport_fastrtps_cpp.hpp
[1.474s] -- Installing: /home/user/dobot_ws/install/ariac_interfaces/include/ariac_interfaces/ariac_interfaces/srv/detail/bidirectional_conveyor_control__rosidl_typesupport_fastrtps_cpp.hpp
[1.475s] -- Installing: /home/user/dobot_ws/install/ariac_interfaces/include/ariac_interfaces/ariac_interfaces/srv/detail/conveyor_control__rosidl_typesupport_fastrtps_cpp.hpp
[1.475s] -- Installing: /home/user/dobot_ws/install/ariac_interfaces/lib/libariac_interfaces__rosidl_typesupport_fastrtps_cpp.so
[1.477s] -- Set runtime path of "/home/user/dobot_ws/install/ariac_interfaces/lib/libariac_interfaces__rosidl_typesupport_fastrtps_cpp.so" to ""
[1.477s] -- Up-to-date: /home/user/dobot_ws/install/ariac_interfaces/include/ariac_interfaces/ariac_interfaces
[1.478s] -- Up-to-date: /home/user/dobot_ws/install/ariac_interfaces/include/ariac_interfaces/ariac_interfaces/msg
[1.478s] -- Installing: /home/user/dobot_ws/install/ariac_interfaces/include/ariac_interfaces/ariac_interfaces/msg/rosidl_typesupport_introspection_c__visibility_control.h
[1.478s] -- Up-to-date: /home/user/dobot_ws/install/ariac_interfaces/include/ariac_interfaces/ariac_interfaces/msg/detail
[1.478s] -- Installing: /home/user/dobot_ws/install/ariac_interfaces/include/ariac_interfaces/ariac_interfaces/msg/detail/competition_status__type_support.c
[1.478s] -- Installing: /home/user/dobot_ws/install/ariac_interfaces/include/ariac_interfaces/ariac_interfaces/msg/detail/conveyor_status__rosidl_typesupport_introspection_c.h
[1.478s] -- Installing: /home/user/dobot_ws/install/ariac_interfaces/include/ariac_interfaces/ariac_interfaces/msg/detail/agv_status__rosidl_typesupport_introspection_c.h
[1.478s] -- Installing: /home/user/dobot_ws/install/ariac_interfaces/include/ariac_interfaces/ariac_interfaces/msg/detail/cell_feeder_status__rosidl_typesupport_introspection_c.h
[1.478s] -- Installing: /home/user/dobot_ws/install/ariac_interfaces/include/ariac_interfaces/ariac_interfaces/msg/detail/cell_defect__rosidl_typesupport_introspection_c.h
[1.479s] -- Installing: /home/user/dobot_ws/install/ariac_interfaces/include/ariac_interfaces/ariac_interfaces/msg/detail/competition_status__rosidl_typesupport_introspection_c.h
[1.479s] -- Installing: /home/user/dobot_ws/install/ariac_interfaces/include/ariac_interfaces/ariac_interfaces/msg/detail/inspection_report__rosidl_typesupport_introspection_c.h
[1.479s] -- Installing: /home/user/dobot_ws/install/ariac_interfaces/include/ariac_interfaces/ariac_interfaces/msg/detail/cell_feeder_status__type_support.c
[1.479s] -- Installing: /home/user/dobot_ws/install/ariac_interfaces/include/ariac_interfaces/ariac_interfaces/msg/detail/tool_changer_status__type_support.c
[1.479s] -- Installing: /home/user/dobot_ws/install/ariac_interfaces/include/ariac_interfaces/ariac_interfaces/msg/detail/tool_changer_status__rosidl_typesupport_introspection_c.h
[1.479s] -- Installing: /home/user/dobot_ws/install/ariac_interfaces/include/ariac_interfaces/ariac_interfaces/msg/detail/operation_states__rosidl_typesupport_introspection_c.h
[1.479s] -- Installing: /home/user/dobot_ws/install/ariac_interfaces/include/ariac_interfaces/ariac_interfaces/msg/detail/agv_tray_status__type_support.c
[1.480s] -- Installing: /home/user/dobot_ws/install/ariac_interfaces/include/ariac_interfaces/ariac_interfaces/msg/detail/voltage_reading__rosidl_typesupport_introspection_c.h
[1.480s] -- Installing: /home/user/dobot_ws/install/ariac_interfaces/include/ariac_interfaces/ariac_interfaces/msg/detail/cell_types__rosidl_typesupport_introspection_c.h
[1.480s] -- Installing: /home/user/dobot_ws/install/ariac_interfaces/include/ariac_interfaces/ariac_interfaces/msg/detail/distance_sensor__type_support.c
[1.480s] -- Installing: /home/user/dobot_ws/install/ariac_interfaces/include/ariac_interfaces/ariac_interfaces/msg/detail/agv_stations__type_support.c
[1.480s] -- Installing: /home/user/dobot_ws/install/ariac_interfaces/include/ariac_interfaces/ariac_interfaces/msg/detail/cell_types__type_support.c
[1.481s] -- Installing: /home/user/dobot_ws/install/ariac_interfaces/include/ariac_interfaces/ariac_interfaces/msg/detail/vacuum_tools__rosidl_typesupport_introspection_c.h
[1.481s] -- Installing: /home/user/dobot_ws/install/ariac_interfaces/include/ariac_interfaces/ariac_interfaces/msg/detail/high_priority_order__rosidl_typesupport_introspection_c.h
[1.482s] -- Installing: /home/user/dobot_ws/install/ariac_interfaces/include/ariac_interfaces/ariac_interfaces/msg/detail/distance_sensor__rosidl_typesupport_introspection_c.h
[1.482s] -- Installing: /home/user/dobot_ws/install/ariac_interfaces/include/ariac_interfaces/ariac_interfaces/msg/detail/competition_states__rosidl_typesupport_introspection_c.h
[1.482s] -- Installing: /home/user/dobot_ws/install/ariac_interfaces/include/ariac_interfaces/ariac_interfaces/msg/detail/agv_tray_status__rosidl_typesupport_introspection_c.h
[1.482s] -- Installing: /home/user/dobot_ws/install/ariac_interfaces/include/ariac_interfaces/ariac_interfaces/msg/detail/operation_states__type_support.c
[1.484s] -- Installing: /home/user/dobot_ws/install/ariac_interfaces/include/ariac_interfaces/ariac_interfaces/msg/detail/vacuum_tools__type_support.c
[1.484s] -- Installing: /home/user/dobot_ws/install/ariac_interfaces/include/ariac_interfaces/ariac_interfaces/msg/detail/break_beam_status__type_support.c
[1.484s] -- Installing: /home/user/dobot_ws/install/ariac_interfaces/include/ariac_interfaces/ariac_interfaces/msg/detail/competition_states__type_support.c
[1.485s] -- Installing: /home/user/dobot_ws/install/ariac_interfaces/include/ariac_interfaces/ariac_interfaces/msg/detail/competition_time__rosidl_typesupport_introspection_c.h
[1.485s] -- Installing: /home/user/dobot_ws/install/ariac_interfaces/include/ariac_interfaces/ariac_interfaces/msg/detail/inspection_report__type_support.c
[1.485s] -- Installing: /home/user/dobot_ws/install/ariac_interfaces/include/ariac_interfaces/ariac_interfaces/msg/detail/agv_stations__rosidl_typesupport_introspection_c.h
[1.485s] -- Installing: /home/user/dobot_ws/install/ariac_interfaces/include/ariac_interfaces/ariac_interfaces/msg/detail/break_beam_status__rosidl_typesupport_introspection_c.h
[1.485s] -- Installing: /home/user/dobot_ws/install/ariac_interfaces/include/ariac_interfaces/ariac_interfaces/msg/detail/competition_time__type_support.c
[1.485s] -- Installing: /home/user/dobot_ws/install/ariac_interfaces/include/ariac_interfaces/ariac_interfaces/msg/detail/cell_defect__type_support.c
[1.485s] -- Installing: /home/user/dobot_ws/install/ariac_interfaces/include/ariac_interfaces/ariac_interfaces/msg/detail/conveyor_status__type_support.c
[1.486s] -- Installing: /home/user/dobot_ws/install/ariac_interfaces/include/ariac_interfaces/ariac_interfaces/msg/detail/voltage_reading__type_support.c
[1.486s] -- Installing: /home/user/dobot_ws/install/ariac_interfaces/include/ariac_interfaces/ariac_interfaces/msg/detail/agv_status__type_support.c
[1.489s] -- Installing: /home/user/dobot_ws/install/ariac_interfaces/include/ariac_interfaces/ariac_interfaces/msg/detail/high_priority_order__type_support.c
[1.489s] -- Up-to-date: /home/user/dobot_ws/install/ariac_interfaces/include/ariac_interfaces/ariac_interfaces/action
[1.489s] -- Up-to-date: /home/user/dobot_ws/install/ariac_interfaces/include/ariac_interfaces/ariac_interfaces/action/detail
[1.489s] -- Installing: /home/user/dobot_ws/install/ariac_interfaces/include/ariac_interfaces/ariac_interfaces/action/detail/gripper_command__rosidl_typesupport_introspection_c.h
[1.489s] -- Installing: /home/user/dobot_ws/install/ariac_interfaces/include/ariac_interfaces/ariac_interfaces/action/detail/move_agv__type_support.c
[1.491s] -- Installing: /home/user/dobot_ws/install/ariac_interfaces/include/ariac_interfaces/ariac_interfaces/action/detail/gripper_command__type_support.c
[1.491s] -- Installing: /home/user/dobot_ws/install/ariac_interfaces/include/ariac_interfaces/ariac_interfaces/action/detail/move_agv__rosidl_typesupport_introspection_c.h
[1.492s] -- Up-to-date: /home/user/dobot_ws/install/ariac_interfaces/include/ariac_interfaces/ariac_interfaces/srv
[1.492s] -- Up-to-date: /home/user/dobot_ws/install/ariac_interfaces/include/ariac_interfaces/ariac_interfaces/srv/detail
[1.492s] -- Installing: /home/user/dobot_ws/install/ariac_interfaces/include/ariac_interfaces/ariac_interfaces/srv/detail/conveyor_control__type_support.c
[1.492s] -- Installing: /home/user/dobot_ws/install/ariac_interfaces/include/ariac_interfaces/ariac_interfaces/srv/detail/trigger__type_support.c
[1.495s] -- Installing: /home/user/dobot_ws/install/ariac_interfaces/include/ariac_interfaces/ariac_interfaces/srv/detail/attach_tool__type_support.c
[1.495s] -- Installing: /home/user/dobot_ws/install/ariac_interfaces/include/ariac_interfaces/ariac_interfaces/srv/detail/submit_high_priority_order__type_support.c
[1.495s] -- Installing: /home/user/dobot_ws/install/ariac_interfaces/include/ariac_interfaces/ariac_interfaces/srv/detail/attach_tool__rosidl_typesupport_introspection_c.h
[1.496s] -- Installing: /home/user/dobot_ws/install/ariac_interfaces/include/ariac_interfaces/ariac_interfaces/srv/detail/bidirectional_conveyor_control__type_support.c
[1.496s] -- Installing: /home/user/dobot_ws/install/ariac_interfaces/include/ariac_interfaces/ariac_interfaces/srv/detail/check_kit_quality__type_support.c
[1.496s] -- Installing: /home/user/dobot_ws/install/ariac_interfaces/include/ariac_interfaces/ariac_interfaces/srv/detail/trigger__rosidl_typesupport_introspection_c.h
[1.496s] -- Installing: /home/user/dobot_ws/install/ariac_interfaces/include/ariac_interfaces/ariac_interfaces/srv/detail/end_competition__rosidl_typesupport_introspection_c.h
[1.499s] -- Installing: /home/user/dobot_ws/install/ariac_interfaces/include/ariac_interfaces/ariac_interfaces/srv/detail/conveyor_control__rosidl_typesupport_introspection_c.h
[1.499s] -- Installing: /home/user/dobot_ws/install/ariac_interfaces/include/ariac_interfaces/ariac_interfaces/srv/detail/control_cell_feeder__type_support.c
[1.499s] -- Installing: /home/user/dobot_ws/install/ariac_interfaces/include/ariac_interfaces/ariac_interfaces/srv/detail/submit_inspection_report__type_support.c
[1.499s] -- Installing: /home/user/dobot_ws/install/ariac_interfaces/include/ariac_interfaces/ariac_interfaces/srv/detail/control_cell_feeder__rosidl_typesupport_introspection_c.h
[1.500s] -- Installing: /home/user/dobot_ws/install/ariac_interfaces/include/ariac_interfaces/ariac_interfaces/srv/detail/check_kit_quality__rosidl_typesupport_introspection_c.h
[1.500s] -- Installing: /home/user/dobot_ws/install/ariac_interfaces/include/ariac_interfaces/ariac_interfaces/srv/detail/submit_high_priority_order__rosidl_typesupport_introspection_c.h
[1.500s] -- Installing: /home/user/dobot_ws/install/ariac_interfaces/include/ariac_interfaces/ariac_interfaces/srv/detail/end_competition__type_support.c
[1.500s] -- Installing: /home/user/dobot_ws/install/ariac_interfaces/include/ariac_interfaces/ariac_interfaces/srv/detail/submit_inspection_report__rosidl_typesupport_introspection_c.h
[1.500s] -- Installing: /home/user/dobot_ws/install/ariac_interfaces/include/ariac_interfaces/ariac_interfaces/srv/detail/bidirectional_conveyor_control__rosidl_typesupport_introspection_c.h
[1.500s] -- Installing: /home/user/dobot_ws/install/ariac_interfaces/lib/libariac_interfaces__rosidl_typesupport_introspection_c.so
[1.503s] -- Set runtime path of "/home/user/dobot_ws/install/ariac_interfaces/lib/libariac_interfaces__rosidl_typesupport_introspection_c.so" to ""
[1.503s] -- Installing: /home/user/dobot_ws/install/ariac_interfaces/lib/libariac_interfaces__rosidl_typesupport_c.so
[1.504s] -- Set runtime path of "/home/user/dobot_ws/install/ariac_interfaces/lib/libariac_interfaces__rosidl_typesupport_c.so" to ""
[1.508s] -- Up-to-date: /home/user/dobot_ws/install/ariac_interfaces/include/ariac_interfaces/ariac_interfaces
[1.508s] -- Up-to-date: /home/user/dobot_ws/install/ariac_interfaces/include/ariac_interfaces/ariac_interfaces/msg
[1.508s] -- Up-to-date: /home/user/dobot_ws/install/ariac_interfaces/include/ariac_interfaces/ariac_interfaces/msg/detail
[1.508s] -- Installing: /home/user/dobot_ws/install/ariac_interfaces/include/ariac_interfaces/ariac_interfaces/msg/detail/high_priority_order__type_support.cpp
[1.508s] -- Installing: /home/user/dobot_ws/install/ariac_interfaces/include/ariac_interfaces/ariac_interfaces/msg/detail/cell_defect__type_support.cpp
[1.508s] -- Installing: /home/user/dobot_ws/install/ariac_interfaces/include/ariac_interfaces/ariac_interfaces/msg/detail/tool_changer_status__rosidl_typesupport_introspection_cpp.hpp
[1.508s] -- Installing: /home/user/dobot_ws/install/ariac_interfaces/include/ariac_interfaces/ariac_interfaces/msg/detail/competition_status__type_support.cpp
[1.508s] -- Installing: /home/user/dobot_ws/install/ariac_interfaces/include/ariac_interfaces/ariac_interfaces/msg/detail/agv_status__rosidl_typesupport_introspection_cpp.hpp
[1.508s] -- Installing: /home/user/dobot_ws/install/ariac_interfaces/include/ariac_interfaces/ariac_interfaces/msg/detail/operation_states__rosidl_typesupport_introspection_cpp.hpp
[1.508s] -- Installing: /home/user/dobot_ws/install/ariac_interfaces/include/ariac_interfaces/ariac_interfaces/msg/detail/conveyor_status__rosidl_typesupport_introspection_cpp.hpp
[1.508s] -- Installing: /home/user/dobot_ws/install/ariac_interfaces/include/ariac_interfaces/ariac_interfaces/msg/detail/voltage_reading__type_support.cpp
[1.508s] -- Installing: /home/user/dobot_ws/install/ariac_interfaces/include/ariac_interfaces/ariac_interfaces/msg/detail/cell_defect__rosidl_typesupport_introspection_cpp.hpp
[1.509s] -- Installing: /home/user/dobot_ws/install/ariac_interfaces/include/ariac_interfaces/ariac_interfaces/msg/detail/agv_stations__rosidl_typesupport_introspection_cpp.hpp
[1.509s] -- Installing: /home/user/dobot_ws/install/ariac_interfaces/include/ariac_interfaces/ariac_interfaces/msg/detail/cell_feeder_status__rosidl_typesupport_introspection_cpp.hpp
[1.509s] -- Installing: /home/user/dobot_ws/install/ariac_interfaces/include/ariac_interfaces/ariac_interfaces/msg/detail/high_priority_order__rosidl_typesupport_introspection_cpp.hpp
[1.510s] -- Installing: /home/user/dobot_ws/install/ariac_interfaces/include/ariac_interfaces/ariac_interfaces/msg/detail/competition_states__rosidl_typesupport_introspection_cpp.hpp
[1.510s] -- Installing: /home/user/dobot_ws/install/ariac_interfaces/include/ariac_interfaces/ariac_interfaces/msg/detail/break_beam_status__type_support.cpp
[1.510s] -- Installing: /home/user/dobot_ws/install/ariac_interfaces/include/ariac_interfaces/ariac_interfaces/msg/detail/cell_types__type_support.cpp
[1.510s] -- Installing: /home/user/dobot_ws/install/ariac_interfaces/include/ariac_interfaces/ariac_interfaces/msg/detail/cell_feeder_status__type_support.cpp
[1.510s] -- Installing: /home/user/dobot_ws/install/ariac_interfaces/include/ariac_interfaces/ariac_interfaces/msg/detail/competition_time__rosidl_typesupport_introspection_cpp.hpp
[1.510s] -- Installing: /home/user/dobot_ws/install/ariac_interfaces/include/ariac_interfaces/ariac_interfaces/msg/detail/distance_sensor__rosidl_typesupport_introspection_cpp.hpp
[1.510s] -- Installing: /home/user/dobot_ws/install/ariac_interfaces/include/ariac_interfaces/ariac_interfaces/msg/detail/break_beam_status__rosidl_typesupport_introspection_cpp.hpp
[1.510s] -- Installing: /home/user/dobot_ws/install/ariac_interfaces/include/ariac_interfaces/ariac_interfaces/msg/detail/agv_stations__type_support.cpp
[1.510s] -- Installing: /home/user/dobot_ws/install/ariac_interfaces/include/ariac_interfaces/ariac_interfaces/msg/detail/tool_changer_status__type_support.cpp
[1.510s] -- Installing: /home/user/dobot_ws/install/ariac_interfaces/include/ariac_interfaces/ariac_interfaces/msg/detail/conveyor_status__type_support.cpp
[1.512s] -- Installing: /home/user/dobot_ws/install/ariac_interfaces/include/ariac_interfaces/ariac_interfaces/msg/detail/competition_status__rosidl_typesupport_introspection_cpp.hpp
[1.512s] -- Installing: /home/user/dobot_ws/install/ariac_interfaces/include/ariac_interfaces/ariac_interfaces/msg/detail/vacuum_tools__rosidl_typesupport_introspection_cpp.hpp
[1.512s] -- Installing: /home/user/dobot_ws/install/ariac_interfaces/include/ariac_interfaces/ariac_interfaces/msg/detail/agv_tray_status__rosidl_typesupport_introspection_cpp.hpp
[1.514s] -- Installing: /home/user/dobot_ws/install/ariac_interfaces/include/ariac_interfaces/ariac_interfaces/msg/detail/inspection_report__rosidl_typesupport_introspection_cpp.hpp
[1.514s] -- Installing: /home/user/dobot_ws/install/ariac_interfaces/include/ariac_interfaces/ariac_interfaces/msg/detail/cell_types__rosidl_typesupport_introspection_cpp.hpp
[1.514s] -- Installing: /home/user/dobot_ws/install/ariac_interfaces/include/ariac_interfaces/ariac_interfaces/msg/detail/voltage_reading__rosidl_typesupport_introspection_cpp.hpp
[1.515s] -- Installing: /home/user/dobot_ws/install/ariac_interfaces/include/ariac_interfaces/ariac_interfaces/msg/detail/operation_states__type_support.cpp
[1.515s] -- Installing: /home/user/dobot_ws/install/ariac_interfaces/include/ariac_interfaces/ariac_interfaces/msg/detail/distance_sensor__type_support.cpp
[1.515s] -- Installing: /home/user/dobot_ws/install/ariac_interfaces/include/ariac_interfaces/ariac_interfaces/msg/detail/vacuum_tools__type_support.cpp
[1.516s] -- Installing: /home/user/dobot_ws/install/ariac_interfaces/include/ariac_interfaces/ariac_interfaces/msg/detail/agv_status__type_support.cpp
[1.516s] -- Installing: /home/user/dobot_ws/install/ariac_interfaces/include/ariac_interfaces/ariac_interfaces/msg/detail/competition_time__type_support.cpp
[1.516s] -- Installing: /home/user/dobot_ws/install/ariac_interfaces/include/ariac_interfaces/ariac_interfaces/msg/detail/agv_tray_status__type_support.cpp
[1.516s] -- Installing: /home/user/dobot_ws/install/ariac_interfaces/include/ariac_interfaces/ariac_interfaces/msg/detail/competition_states__type_support.cpp
[1.516s] -- Installing: /home/user/dobot_ws/install/ariac_interfaces/include/ariac_interfaces/ariac_interfaces/msg/detail/inspection_report__type_support.cpp
[1.516s] -- Up-to-date: /home/user/dobot_ws/install/ariac_interfaces/include/ariac_interfaces/ariac_interfaces/action
[1.517s] -- Up-to-date: /home/user/dobot_ws/install/ariac_interfaces/include/ariac_interfaces/ariac_interfaces/action/detail
[1.517s] -- Installing: /home/user/dobot_ws/install/ariac_interfaces/include/ariac_interfaces/ariac_interfaces/action/detail/gripper_command__rosidl_typesupport_introspection_cpp.hpp
[1.517s] -- Installing: /home/user/dobot_ws/install/ariac_interfaces/include/ariac_interfaces/ariac_interfaces/action/detail/move_agv__type_support.cpp
[1.517s] -- Installing: /home/user/dobot_ws/install/ariac_interfaces/include/ariac_interfaces/ariac_interfaces/action/detail/gripper_command__type_support.cpp
[1.517s] -- Installing: /home/user/dobot_ws/install/ariac_interfaces/include/ariac_interfaces/ariac_interfaces/action/detail/move_agv__rosidl_typesupport_introspection_cpp.hpp
[1.517s] -- Up-to-date: /home/user/dobot_ws/install/ariac_interfaces/include/ariac_interfaces/ariac_interfaces/srv
[1.517s] -- Up-to-date: /home/user/dobot_ws/install/ariac_interfaces/include/ariac_interfaces/ariac_interfaces/srv/detail
[1.517s] -- Installing: /home/user/dobot_ws/install/ariac_interfaces/include/ariac_interfaces/ariac_interfaces/srv/detail/bidirectional_conveyor_control__rosidl_typesupport_introspection_cpp.hpp
[1.517s] -- Installing: /home/user/dobot_ws/install/ariac_interfaces/include/ariac_interfaces/ariac_interfaces/srv/detail/conveyor_control__type_support.cpp
[1.517s] -- Installing: /home/user/dobot_ws/install/ariac_interfaces/include/ariac_interfaces/ariac_interfaces/srv/detail/end_competition__type_support.cpp
[1.517s] -- Installing: /home/user/dobot_ws/install/ariac_interfaces/include/ariac_interfaces/ariac_interfaces/srv/detail/check_kit_quality__type_support.cpp
[1.517s] -- Installing: /home/user/dobot_ws/install/ariac_interfaces/include/ariac_interfaces/ariac_interfaces/srv/detail/submit_inspection_report__rosidl_typesupport_introspection_cpp.hpp
[1.518s] -- Installing: /home/user/dobot_ws/install/ariac_interfaces/include/ariac_interfaces/ariac_interfaces/srv/detail/trigger__type_support.cpp
[1.518s] -- Installing: /home/user/dobot_ws/install/ariac_interfaces/include/ariac_interfaces/ariac_interfaces/srv/detail/attach_tool__type_support.cpp
[1.518s] -- Installing: /home/user/dobot_ws/install/ariac_interfaces/include/ariac_interfaces/ariac_interfaces/srv/detail/check_kit_quality__rosidl_typesupport_introspection_cpp.hpp
[1.518s] -- Installing: /home/user/dobot_ws/install/ariac_interfaces/include/ariac_interfaces/ariac_interfaces/srv/detail/end_competition__rosidl_typesupport_introspection_cpp.hpp
[1.518s] -- Installing: /home/user/dobot_ws/install/ariac_interfaces/include/ariac_interfaces/ariac_interfaces/srv/detail/control_cell_feeder__rosidl_typesupport_introspection_cpp.hpp
[1.519s] -- Installing: /home/user/dobot_ws/install/ariac_interfaces/include/ariac_interfaces/ariac_interfaces/srv/detail/bidirectional_conveyor_control__type_support.cpp
[1.519s] -- Installing: /home/user/dobot_ws/install/ariac_interfaces/include/ariac_interfaces/ariac_interfaces/srv/detail/submit_high_priority_order__type_support.cpp
[1.519s] -- Installing: /home/user/dobot_ws/install/ariac_interfaces/include/ariac_interfaces/ariac_interfaces/srv/detail/submit_inspection_report__type_support.cpp
[1.519s] -- Installing: /home/user/dobot_ws/install/ariac_interfaces/include/ariac_interfaces/ariac_interfaces/srv/detail/conveyor_control__rosidl_typesupport_introspection_cpp.hpp
[1.521s] -- Installing: /home/user/dobot_ws/install/ariac_interfaces/include/ariac_interfaces/ariac_interfaces/srv/detail/attach_tool__rosidl_typesupport_introspection_cpp.hpp
[1.521s] -- Installing: /home/user/dobot_ws/install/ariac_interfaces/include/ariac_interfaces/ariac_interfaces/srv/detail/control_cell_feeder__type_support.cpp
[1.521s] -- Installing: /home/user/dobot_ws/install/ariac_interfaces/include/ariac_interfaces/ariac_interfaces/srv/detail/submit_high_priority_order__rosidl_typesupport_introspection_cpp.hpp
[1.521s] -- Installing: /home/user/dobot_ws/install/ariac_interfaces/include/ariac_interfaces/ariac_interfaces/srv/detail/trigger__rosidl_typesupport_introspection_cpp.hpp
[1.522s] -- Installing: /home/user/dobot_ws/install/ariac_interfaces/lib/libariac_interfaces__rosidl_typesupport_introspection_cpp.so
[1.524s] -- Set runtime path of "/home/user/dobot_ws/install/ariac_interfaces/lib/libariac_interfaces__rosidl_typesupport_introspection_cpp.so" to ""
[1.525s] -- Installing: /home/user/dobot_ws/install/ariac_interfaces/lib/libariac_interfaces__rosidl_typesupport_cpp.so
[1.526s] -- Set runtime path of "/home/user/dobot_ws/install/ariac_interfaces/lib/libariac_interfaces__rosidl_typesupport_cpp.so" to ""
[1.526s] -- Installing: /home/user/dobot_ws/install/ariac_interfaces/share/ariac_interfaces/environment/pythonpath.sh
[1.527s] -- Installing: /home/user/dobot_ws/install/ariac_interfaces/share/ariac_interfaces/environment/pythonpath.dsv
[1.527s] -- Installing: /home/user/dobot_ws/install/ariac_interfaces/local/lib/python3.10/dist-packages/ariac_interfaces-2025.3.4-py3.10.egg-info
[1.528s] -- Installing: /home/user/dobot_ws/install/ariac_interfaces/local/lib/python3.10/dist-packages/ariac_interfaces-2025.3.4-py3.10.egg-info/SOURCES.txt
[1.528s] -- Installing: /home/user/dobot_ws/install/ariac_interfaces/local/lib/python3.10/dist-packages/ariac_interfaces-2025.3.4-py3.10.egg-info/top_level.txt
[1.528s] -- Installing: /home/user/dobot_ws/install/ariac_interfaces/local/lib/python3.10/dist-packages/ariac_interfaces-2025.3.4-py3.10.egg-info/PKG-INFO
[1.528s] -- Installing: /home/user/dobot_ws/install/ariac_interfaces/local/lib/python3.10/dist-packages/ariac_interfaces-2025.3.4-py3.10.egg-info/dependency_links.txt
[1.528s] -- Installing: /home/user/dobot_ws/install/ariac_interfaces/local/lib/python3.10/dist-packages/ariac_interfaces
[1.530s] -- Installing: /home/user/dobot_ws/install/ariac_interfaces/local/lib/python3.10/dist-packages/ariac_interfaces/_ariac_interfaces_s.ep.rosidl_typesupport_c.c
[1.532s] -- Installing: /home/user/dobot_ws/install/ariac_interfaces/local/lib/python3.10/dist-packages/ariac_interfaces/libariac_interfaces__rosidl_generator_py.so
[1.532s] -- Installing: /home/user/dobot_ws/install/ariac_interfaces/local/lib/python3.10/dist-packages/ariac_interfaces/msg
[1.532s] -- Installing: /home/user/dobot_ws/install/ariac_interfaces/local/lib/python3.10/dist-packages/ariac_interfaces/msg/_cell_feeder_status_s.c
[1.533s] -- Installing: /home/user/dobot_ws/install/ariac_interfaces/local/lib/python3.10/dist-packages/ariac_interfaces/msg/_competition_status_s.c
[1.533s] -- Installing: /home/user/dobot_ws/install/ariac_interfaces/local/lib/python3.10/dist-packages/ariac_interfaces/msg/_voltage_reading_s.c
[1.533s] -- Installing: /home/user/dobot_ws/install/ariac_interfaces/local/lib/python3.10/dist-packages/ariac_interfaces/msg/_inspection_report.py
[1.533s] -- Installing: /home/user/dobot_ws/install/ariac_interfaces/local/lib/python3.10/dist-packages/ariac_interfaces/msg/_vacuum_tools_s.c
[1.533s] -- Installing: /home/user/dobot_ws/install/ariac_interfaces/local/lib/python3.10/dist-packages/ariac_interfaces/msg/_agv_tray_status_s.c
[1.533s] -- Installing: /home/user/dobot_ws/install/ariac_interfaces/local/lib/python3.10/dist-packages/ariac_interfaces/msg/_break_beam_status_s.c
[1.533s] -- Installing: /home/user/dobot_ws/install/ariac_interfaces/local/lib/python3.10/dist-packages/ariac_interfaces/msg/_tool_changer_status.py
[1.533s] -- Installing: /home/user/dobot_ws/install/ariac_interfaces/local/lib/python3.10/dist-packages/ariac_interfaces/msg/_conveyor_status_s.c
[1.533s] -- Installing: /home/user/dobot_ws/install/ariac_interfaces/local/lib/python3.10/dist-packages/ariac_interfaces/msg/_distance_sensor_s.c
[1.533s] -- Installing: /home/user/dobot_ws/install/ariac_interfaces/local/lib/python3.10/dist-packages/ariac_interfaces/msg/_competition_status.py
[1.533s] -- Installing: /home/user/dobot_ws/install/ariac_interfaces/local/lib/python3.10/dist-packages/ariac_interfaces/msg/_voltage_reading.py
[1.533s] -- Installing: /home/user/dobot_ws/install/ariac_interfaces/local/lib/python3.10/dist-packages/ariac_interfaces/msg/_conveyor_status.py
[1.533s] -- Installing: /home/user/dobot_ws/install/ariac_interfaces/local/lib/python3.10/dist-packages/ariac_interfaces/msg/_distance_sensor.py
[1.533s] -- Installing: /home/user/dobot_ws/install/ariac_interfaces/local/lib/python3.10/dist-packages/ariac_interfaces/msg/_competition_states.py
[1.533s] -- Installing: /home/user/dobot_ws/install/ariac_interfaces/local/lib/python3.10/dist-packages/ariac_interfaces/msg/_break_beam_status.py
[1.533s] -- Installing: /home/user/dobot_ws/install/ariac_interfaces/local/lib/python3.10/dist-packages/ariac_interfaces/msg/_competition_time.py
[1.533s] -- Installing: /home/user/dobot_ws/install/ariac_interfaces/local/lib/python3.10/dist-packages/ariac_interfaces/msg/_operation_states_s.c
[1.533s] -- Installing: /home/user/dobot_ws/install/ariac_interfaces/local/lib/python3.10/dist-packages/ariac_interfaces/msg/_cell_types.py
[1.533s] -- Installing: /home/user/dobot_ws/install/ariac_interfaces/local/lib/python3.10/dist-packages/ariac_interfaces/msg/_cell_defect.py
[1.534s] -- Installing: /home/user/dobot_ws/install/ariac_interfaces/local/lib/python3.10/dist-packages/ariac_interfaces/msg/_cell_defect_s.c
[1.534s] -- Installing: /home/user/dobot_ws/install/ariac_interfaces/local/lib/python3.10/dist-packages/ariac_interfaces/msg/_agv_status.py
[1.534s] -- Installing: /home/user/dobot_ws/install/ariac_interfaces/local/lib/python3.10/dist-packages/ariac_interfaces/msg/__init__.py
[1.534s] -- Installing: /home/user/dobot_ws/install/ariac_interfaces/local/lib/python3.10/dist-packages/ariac_interfaces/msg/_cell_feeder_status.py
[1.534s] -- Installing: /home/user/dobot_ws/install/ariac_interfaces/local/lib/python3.10/dist-packages/ariac_interfaces/msg/_vacuum_tools.py
[1.534s] -- Installing: /home/user/dobot_ws/install/ariac_interfaces/local/lib/python3.10/dist-packages/ariac_interfaces/msg/_operation_states.py
[1.534s] -- Installing: /home/user/dobot_ws/install/ariac_interfaces/local/lib/python3.10/dist-packages/ariac_interfaces/msg/_competition_time_s.c
[1.534s] -- Installing: /home/user/dobot_ws/install/ariac_interfaces/local/lib/python3.10/dist-packages/ariac_interfaces/msg/_agv_stations_s.c
[1.534s] -- Installing: /home/user/dobot_ws/install/ariac_interfaces/local/lib/python3.10/dist-packages/ariac_interfaces/msg/_high_priority_order.py
[1.534s] -- Installing: /home/user/dobot_ws/install/ariac_interfaces/local/lib/python3.10/dist-packages/ariac_interfaces/msg/_agv_tray_status.py
[1.534s] -- Installing: /home/user/dobot_ws/install/ariac_interfaces/local/lib/python3.10/dist-packages/ariac_interfaces/msg/_inspection_report_s.c
[1.534s] -- Installing: /home/user/dobot_ws/install/ariac_interfaces/local/lib/python3.10/dist-packages/ariac_interfaces/msg/_tool_changer_status_s.c
[1.534s] -- Installing: /home/user/dobot_ws/install/ariac_interfaces/local/lib/python3.10/dist-packages/ariac_interfaces/msg/_agv_status_s.c
[1.534s] -- Installing: /home/user/dobot_ws/install/ariac_interfaces/local/lib/python3.10/dist-packages/ariac_interfaces/msg/_high_priority_order_s.c
[1.534s] -- Installing: /home/user/dobot_ws/install/ariac_interfaces/local/lib/python3.10/dist-packages/ariac_interfaces/msg/_competition_states_s.c
[1.534s] -- Installing: /home/user/dobot_ws/install/ariac_interfaces/local/lib/python3.10/dist-packages/ariac_interfaces/msg/_cell_types_s.c
[1.534s] -- Installing: /home/user/dobot_ws/install/ariac_interfaces/local/lib/python3.10/dist-packages/ariac_interfaces/msg/_agv_stations.py
[1.534s] -- Installing: /home/user/dobot_ws/install/ariac_interfaces/local/lib/python3.10/dist-packages/ariac_interfaces/_ariac_interfaces_s.ep.rosidl_typesupport_introspection_c.c
[1.534s] -- Installing: /home/user/dobot_ws/install/ariac_interfaces/local/lib/python3.10/dist-packages/ariac_interfaces/ariac_interfaces_s__rosidl_typesupport_fastrtps_c.cpython-310-x86_64-linux-gnu.so
[1.535s] -- Installing: /home/user/dobot_ws/install/ariac_interfaces/local/lib/python3.10/dist-packages/ariac_interfaces/ariac_interfaces_s__rosidl_typesupport_introspection_c.cpython-310-x86_64-linux-gnu.so
[1.535s] -- Installing: /home/user/dobot_ws/install/ariac_interfaces/local/lib/python3.10/dist-packages/ariac_interfaces/action
[1.535s] -- Installing: /home/user/dobot_ws/install/ariac_interfaces/local/lib/python3.10/dist-packages/ariac_interfaces/action/_move_agv.py
[1.535s] -- Installing: /home/user/dobot_ws/install/ariac_interfaces/local/lib/python3.10/dist-packages/ariac_interfaces/action/__init__.py
[1.535s] -- Installing: /home/user/dobot_ws/install/ariac_interfaces/local/lib/python3.10/dist-packages/ariac_interfaces/action/_gripper_command_s.c
[1.535s] -- Installing: /home/user/dobot_ws/install/ariac_interfaces/local/lib/python3.10/dist-packages/ariac_interfaces/action/_gripper_command.py
[1.535s] -- Installing: /home/user/dobot_ws/install/ariac_interfaces/local/lib/python3.10/dist-packages/ariac_interfaces/action/_move_agv_s.c
[1.535s] -- Installing: /home/user/dobot_ws/install/ariac_interfaces/local/lib/python3.10/dist-packages/ariac_interfaces/__init__.py
[1.535s] -- Installing: /home/user/dobot_ws/install/ariac_interfaces/local/lib/python3.10/dist-packages/ariac_interfaces/ariac_interfaces_s__rosidl_typesupport_c.cpython-310-x86_64-linux-gnu.so
[1.536s] -- Installing: /home/user/dobot_ws/install/ariac_interfaces/local/lib/python3.10/dist-packages/ariac_interfaces/srv
[1.536s] -- Installing: /home/user/dobot_ws/install/ariac_interfaces/local/lib/python3.10/dist-packages/ariac_interfaces/srv/_submit_high_priority_order_s.c
[1.536s] -- Installing: /home/user/dobot_ws/install/ariac_interfaces/local/lib/python3.10/dist-packages/ariac_interfaces/srv/_conveyor_control_s.c
[1.536s] -- Installing: /home/user/dobot_ws/install/ariac_interfaces/local/lib/python3.10/dist-packages/ariac_interfaces/srv/_submit_high_priority_order.py
[1.536s] -- Installing: /home/user/dobot_ws/install/ariac_interfaces/local/lib/python3.10/dist-packages/ariac_interfaces/srv/_attach_tool_s.c
[1.536s] -- Installing: /home/user/dobot_ws/install/ariac_interfaces/local/lib/python3.10/dist-packages/ariac_interfaces/srv/_bidirectional_conveyor_control_s.c
[1.536s] -- Installing: /home/user/dobot_ws/install/ariac_interfaces/local/lib/python3.10/dist-packages/ariac_interfaces/srv/_check_kit_quality.py
[1.536s] -- Installing: /home/user/dobot_ws/install/ariac_interfaces/local/lib/python3.10/dist-packages/ariac_interfaces/srv/_control_cell_feeder_s.c
[1.536s] -- Installing: /home/user/dobot_ws/install/ariac_interfaces/local/lib/python3.10/dist-packages/ariac_interfaces/srv/_submit_inspection_report_s.c
[1.536s] -- Installing: /home/user/dobot_ws/install/ariac_interfaces/local/lib/python3.10/dist-packages/ariac_interfaces/srv/_check_kit_quality_s.c
[1.536s] -- Installing: /home/user/dobot_ws/install/ariac_interfaces/local/lib/python3.10/dist-packages/ariac_interfaces/srv/_end_competition_s.c
[1.536s] -- Installing: /home/user/dobot_ws/install/ariac_interfaces/local/lib/python3.10/dist-packages/ariac_interfaces/srv/_trigger_s.c
[1.536s] -- Installing: /home/user/dobot_ws/install/ariac_interfaces/local/lib/python3.10/dist-packages/ariac_interfaces/srv/_conveyor_control.py
[1.536s] -- Installing: /home/user/dobot_ws/install/ariac_interfaces/local/lib/python3.10/dist-packages/ariac_interfaces/srv/_bidirectional_conveyor_control.py
[1.536s] -- Installing: /home/user/dobot_ws/install/ariac_interfaces/local/lib/python3.10/dist-packages/ariac_interfaces/srv/_attach_tool.py
[1.536s] -- Installing: /home/user/dobot_ws/install/ariac_interfaces/local/lib/python3.10/dist-packages/ariac_interfaces/srv/__init__.py
[1.536s] -- Installing: /home/user/dobot_ws/install/ariac_interfaces/local/lib/python3.10/dist-packages/ariac_interfaces/srv/_submit_inspection_report.py
[1.536s] -- Installing: /home/user/dobot_ws/install/ariac_interfaces/local/lib/python3.10/dist-packages/ariac_interfaces/srv/_end_competition.py
[1.536s] -- Installing: /home/user/dobot_ws/install/ariac_interfaces/local/lib/python3.10/dist-packages/ariac_interfaces/srv/_trigger.py
[1.536s] -- Installing: /home/user/dobot_ws/install/ariac_interfaces/local/lib/python3.10/dist-packages/ariac_interfaces/srv/_control_cell_feeder.py
[1.537s] -- Installing: /home/user/dobot_ws/install/ariac_interfaces/local/lib/python3.10/dist-packages/ariac_interfaces/_ariac_interfaces_s.ep.rosidl_typesupport_fastrtps_c.c
[1.544s] Listing '/home/user/dobot_ws/install/ariac_interfaces/local/lib/python3.10/dist-packages/ariac_interfaces'...
[1.544s] Compiling '/home/user/dobot_ws/install/ariac_interfaces/local/lib/python3.10/dist-packages/ariac_interfaces/__init__.py'...
[1.544s] Listing '/home/user/dobot_ws/install/ariac_interfaces/local/lib/python3.10/dist-packages/ariac_interfaces/action'...
[1.544s] Compiling '/home/user/dobot_ws/install/ariac_interfaces/local/lib/python3.10/dist-packages/ariac_interfaces/action/__init__.py'...
[1.544s] Compiling '/home/user/dobot_ws/install/ariac_interfaces/local/lib/python3.10/dist-packages/ariac_interfaces/action/_gripper_command.py'...
[1.544s] Compiling '/home/user/dobot_ws/install/ariac_interfaces/local/lib/python3.10/dist-packages/ariac_interfaces/action/_move_agv.py'...
[1.544s] Listing '/home/user/dobot_ws/install/ariac_interfaces/local/lib/python3.10/dist-packages/ariac_interfaces/msg'...
[1.544s] Compiling '/home/user/dobot_ws/install/ariac_interfaces/local/lib/python3.10/dist-packages/ariac_interfaces/msg/__init__.py'...
[1.544s] Compiling '/home/user/dobot_ws/install/ariac_interfaces/local/lib/python3.10/dist-packages/ariac_interfaces/msg/_agv_stations.py'...
[1.544s] Compiling '/home/user/dobot_ws/install/ariac_interfaces/local/lib/python3.10/dist-packages/ariac_interfaces/msg/_agv_status.py'...
[1.544s] Compiling '/home/user/dobot_ws/install/ariac_interfaces/local/lib/python3.10/dist-packages/ariac_interfaces/msg/_agv_tray_status.py'...
[1.544s] Compiling '/home/user/dobot_ws/install/ariac_interfaces/local/lib/python3.10/dist-packages/ariac_interfaces/msg/_break_beam_status.py'...
[1.544s] Compiling '/home/user/dobot_ws/install/ariac_interfaces/local/lib/python3.10/dist-packages/ariac_interfaces/msg/_cell_defect.py'...
[1.545s] Compiling '/home/user/dobot_ws/install/ariac_interfaces/local/lib/python3.10/dist-packages/ariac_interfaces/msg/_cell_feeder_status.py'...
[1.545s] Compiling '/home/user/dobot_ws/install/ariac_interfaces/local/lib/python3.10/dist-packages/ariac_interfaces/msg/_cell_types.py'...
[1.545s] Compiling '/home/user/dobot_ws/install/ariac_interfaces/local/lib/python3.10/dist-packages/ariac_interfaces/msg/_competition_states.py'...
[1.545s] Compiling '/home/user/dobot_ws/install/ariac_interfaces/local/lib/python3.10/dist-packages/ariac_interfaces/msg/_competition_status.py'...
[1.545s] Compiling '/home/user/dobot_ws/install/ariac_interfaces/local/lib/python3.10/dist-packages/ariac_interfaces/msg/_competition_time.py'...
[1.545s] Compiling '/home/user/dobot_ws/install/ariac_interfaces/local/lib/python3.10/dist-packages/ariac_interfaces/msg/_conveyor_status.py'...
[1.545s] Compiling '/home/user/dobot_ws/install/ariac_interfaces/local/lib/python3.10/dist-packages/ariac_interfaces/msg/_distance_sensor.py'...
[1.545s] Compiling '/home/user/dobot_ws/install/ariac_interfaces/local/lib/python3.10/dist-packages/ariac_interfaces/msg/_high_priority_order.py'...
[1.545s] Compiling '/home/user/dobot_ws/install/ariac_interfaces/local/lib/python3.10/dist-packages/ariac_interfaces/msg/_inspection_report.py'...
[1.545s] Compiling '/home/user/dobot_ws/install/ariac_interfaces/local/lib/python3.10/dist-packages/ariac_interfaces/msg/_operation_states.py'...
[1.545s] Compiling '/home/user/dobot_ws/install/ariac_interfaces/local/lib/python3.10/dist-packages/ariac_interfaces/msg/_tool_changer_status.py'...
[1.545s] Compiling '/home/user/dobot_ws/install/ariac_interfaces/local/lib/python3.10/dist-packages/ariac_interfaces/msg/_vacuum_tools.py'...
[1.545s] Compiling '/home/user/dobot_ws/install/ariac_interfaces/local/lib/python3.10/dist-packages/ariac_interfaces/msg/_voltage_reading.py'...
[1.545s] Listing '/home/user/dobot_ws/install/ariac_interfaces/local/lib/python3.10/dist-packages/ariac_interfaces/srv'...
[1.545s] Compiling '/home/user/dobot_ws/install/ariac_interfaces/local/lib/python3.10/dist-packages/ariac_interfaces/srv/__init__.py'...
[1.545s] Compiling '/home/user/dobot_ws/install/ariac_interfaces/local/lib/python3.10/dist-packages/ariac_interfaces/srv/_attach_tool.py'...
[1.545s] Compiling '/home/user/dobot_ws/install/ariac_interfaces/local/lib/python3.10/dist-packages/ariac_interfaces/srv/_bidirectional_conveyor_control.py'...
[1.545s] Compiling '/home/user/dobot_ws/install/ariac_interfaces/local/lib/python3.10/dist-packages/ariac_interfaces/srv/_check_kit_quality.py'...
[1.545s] Compiling '/home/user/dobot_ws/install/ariac_interfaces/local/lib/python3.10/dist-packages/ariac_interfaces/srv/_control_cell_feeder.py'...
[1.545s] Compiling '/home/user/dobot_ws/install/ariac_interfaces/local/lib/python3.10/dist-packages/ariac_interfaces/srv/_conveyor_control.py'...
[1.546s] Compiling '/home/user/dobot_ws/install/ariac_interfaces/local/lib/python3.10/dist-packages/ariac_interfaces/srv/_end_competition.py'...
[1.546s] Compiling '/home/user/dobot_ws/install/ariac_interfaces/local/lib/python3.10/dist-packages/ariac_interfaces/srv/_submit_high_priority_order.py'...
[1.546s] Compiling '/home/user/dobot_ws/install/ariac_interfaces/local/lib/python3.10/dist-packages/ariac_interfaces/srv/_submit_inspection_report.py'...
[1.546s] Compiling '/home/user/dobot_ws/install/ariac_interfaces/local/lib/python3.10/dist-packages/ariac_interfaces/srv/_trigger.py'...
[1.547s] -- Installing: /home/user/dobot_ws/install/ariac_interfaces/local/lib/python3.10/dist-packages/ariac_interfaces/ariac_interfaces_s__rosidl_typesupport_fastrtps_c.cpython-310-x86_64-linux-gnu.so
[1.547s] -- Set runtime path of "/home/user/dobot_ws/install/ariac_interfaces/local/lib/python3.10/dist-packages/ariac_interfaces/ariac_interfaces_s__rosidl_typesupport_fastrtps_c.cpython-310-x86_64-linux-gnu.so" to ""
[1.547s] -- Installing: /home/user/dobot_ws/install/ariac_interfaces/local/lib/python3.10/dist-packages/ariac_interfaces/ariac_interfaces_s__rosidl_typesupport_introspection_c.cpython-310-x86_64-linux-gnu.so
[1.548s] -- Set runtime path of "/home/user/dobot_ws/install/ariac_interfaces/local/lib/python3.10/dist-packages/ariac_interfaces/ariac_interfaces_s__rosidl_typesupport_introspection_c.cpython-310-x86_64-linux-gnu.so" to ""
[1.548s] -- Installing: /home/user/dobot_ws/install/ariac_interfaces/local/lib/python3.10/dist-packages/ariac_interfaces/ariac_interfaces_s__rosidl_typesupport_c.cpython-310-x86_64-linux-gnu.so
[1.548s] -- Set runtime path of "/home/user/dobot_ws/install/ariac_interfaces/local/lib/python3.10/dist-packages/ariac_interfaces/ariac_interfaces_s__rosidl_typesupport_c.cpython-310-x86_64-linux-gnu.so" to ""
[1.548s] -- Installing: /home/user/dobot_ws/install/ariac_interfaces/lib/libariac_interfaces__rosidl_generator_py.so
[1.548s] -- Set runtime path of "/home/user/dobot_ws/install/ariac_interfaces/lib/libariac_interfaces__rosidl_generator_py.so" to ""
[1.548s] -- Installing: /home/user/dobot_ws/install/ariac_interfaces/share/ament_index/resource_index/rust_packages/ariac_interfaces
[1.548s] -- Installing: /home/user/dobot_ws/install/ariac_interfaces/share/ariac_interfaces/rust
[1.548s] -- Installing: /home/user/dobot_ws/install/ariac_interfaces/share/ariac_interfaces/rust/src
[1.549s] -- Installing: /home/user/dobot_ws/install/ariac_interfaces/share/ariac_interfaces/rust/src/action.rs
[1.549s] -- Installing: /home/user/dobot_ws/install/ariac_interfaces/share/ariac_interfaces/rust/src/msg
[1.549s] -- Installing: /home/user/dobot_ws/install/ariac_interfaces/share/ariac_interfaces/rust/src/msg/rmw.rs
[1.549s] -- Installing: /home/user/dobot_ws/install/ariac_interfaces/share/ariac_interfaces/rust/src/action
[1.549s] -- Installing: /home/user/dobot_ws/install/ariac_interfaces/share/ariac_interfaces/rust/src/action/rmw.rs
[1.549s] -- Installing: /home/user/dobot_ws/install/ariac_interfaces/share/ariac_interfaces/rust/src/msg.rs
[1.550s] -- Installing: /home/user/dobot_ws/install/ariac_interfaces/share/ariac_interfaces/rust/src/srv
[1.550s] -- Installing: /home/user/dobot_ws/install/ariac_interfaces/share/ariac_interfaces/rust/src/srv/rmw.rs
[1.550s] -- Installing: /home/user/dobot_ws/install/ariac_interfaces/share/ariac_interfaces/rust/src/lib.rs
[1.550s] -- Installing: /home/user/dobot_ws/install/ariac_interfaces/share/ariac_interfaces/rust/src/srv.rs
[1.550s] -- Installing: /home/user/dobot_ws/install/ariac_interfaces/share/ariac_interfaces/rust/build.rs
[1.550s] -- Installing: /home/user/dobot_ws/install/ariac_interfaces/share/ariac_interfaces/rust/Cargo.toml
[1.550s] -- Installing: /home/user/dobot_ws/install/ariac_interfaces/share/ariac_interfaces/action/GripperCommand.idl
[1.550s] -- Installing: /home/user/dobot_ws/install/ariac_interfaces/share/ariac_interfaces/action/MoveAgv.idl
[1.550s] -- Installing: /home/user/dobot_ws/install/ariac_interfaces/share/ariac_interfaces/msg/AgvStations.idl
[1.550s] -- Installing: /home/user/dobot_ws/install/ariac_interfaces/share/ariac_interfaces/msg/AgvStatus.idl
[1.550s] -- Installing: /home/user/dobot_ws/install/ariac_interfaces/share/ariac_interfaces/msg/AgvTrayStatus.idl
[1.551s] -- Installing: /home/user/dobot_ws/install/ariac_interfaces/share/ariac_interfaces/msg/BreakBeamStatus.idl
[1.551s] -- Installing: /home/user/dobot_ws/install/ariac_interfaces/share/ariac_interfaces/msg/DistanceSensor.idl
[1.551s] -- Installing: /home/user/dobot_ws/install/ariac_interfaces/share/ariac_interfaces/msg/CellDefect.idl
[1.551s] -- Installing: /home/user/dobot_ws/install/ariac_interfaces/share/ariac_interfaces/msg/CellFeederStatus.idl
[1.551s] -- Installing: /home/user/dobot_ws/install/ariac_interfaces/share/ariac_interfaces/msg/CellTypes.idl
[1.551s] -- Installing: /home/user/dobot_ws/install/ariac_interfaces/share/ariac_interfaces/msg/CompetitionStates.idl
[1.551s] -- Installing: /home/user/dobot_ws/install/ariac_interfaces/share/ariac_interfaces/msg/CompetitionStatus.idl
[1.551s] -- Installing: /home/user/dobot_ws/install/ariac_interfaces/share/ariac_interfaces/msg/CompetitionTime.idl
[1.551s] -- Installing: /home/user/dobot_ws/install/ariac_interfaces/share/ariac_interfaces/msg/ConveyorStatus.idl
[1.551s] -- Installing: /home/user/dobot_ws/install/ariac_interfaces/share/ariac_interfaces/msg/HighPriorityOrder.idl
[1.552s] -- Installing: /home/user/dobot_ws/install/ariac_interfaces/share/ariac_interfaces/msg/InspectionReport.idl
[1.552s] -- Installing: /home/user/dobot_ws/install/ariac_interfaces/share/ariac_interfaces/msg/OperationStates.idl
[1.552s] -- Installing: /home/user/dobot_ws/install/ariac_interfaces/share/ariac_interfaces/msg/ToolChangerStatus.idl
[1.552s] -- Installing: /home/user/dobot_ws/install/ariac_interfaces/share/ariac_interfaces/msg/VacuumTools.idl
[1.552s] -- Installing: /home/user/dobot_ws/install/ariac_interfaces/share/ariac_interfaces/msg/VoltageReading.idl
[1.552s] -- Installing: /home/user/dobot_ws/install/ariac_interfaces/share/ariac_interfaces/srv/AttachTool.idl
[1.552s] -- Installing: /home/user/dobot_ws/install/ariac_interfaces/share/ariac_interfaces/srv/BidirectionalConveyorControl.idl
[1.552s] -- Installing: /home/user/dobot_ws/install/ariac_interfaces/share/ariac_interfaces/srv/CheckKitQuality.idl
[1.552s] -- Installing: /home/user/dobot_ws/install/ariac_interfaces/share/ariac_interfaces/srv/ControlCellFeeder.idl
[1.552s] -- Installing: /home/user/dobot_ws/install/ariac_interfaces/share/ariac_interfaces/srv/ConveyorControl.idl
[1.553s] -- Installing: /home/user/dobot_ws/install/ariac_interfaces/share/ariac_interfaces/srv/EndCompetition.idl
[1.553s] -- Installing: /home/user/dobot_ws/install/ariac_interfaces/share/ariac_interfaces/srv/SubmitHighPriorityOrder.idl
[1.553s] -- Installing: /home/user/dobot_ws/install/ariac_interfaces/share/ariac_interfaces/srv/SubmitInspectionReport.idl
[1.553s] -- Installing: /home/user/dobot_ws/install/ariac_interfaces/share/ariac_interfaces/srv/Trigger.idl
[1.553s] -- Installing: /home/user/dobot_ws/install/ariac_interfaces/share/ariac_interfaces/action/GripperCommand.action
[1.553s] -- Installing: /home/user/dobot_ws/install/ariac_interfaces/share/ariac_interfaces/action/MoveAgv.action
[1.553s] -- Installing: /home/user/dobot_ws/install/ariac_interfaces/share/ariac_interfaces/msg/AgvStations.msg
[1.553s] -- Installing: /home/user/dobot_ws/install/ariac_interfaces/share/ariac_interfaces/msg/AgvStatus.msg
[1.553s] -- Installing: /home/user/dobot_ws/install/ariac_interfaces/share/ariac_interfaces/msg/AgvTrayStatus.msg
[1.553s] -- Installing: /home/user/dobot_ws/install/ariac_interfaces/share/ariac_interfaces/msg/BreakBeamStatus.msg
[1.553s] -- Installing: /home/user/dobot_ws/install/ariac_interfaces/share/ariac_interfaces/msg/DistanceSensor.msg
[1.553s] -- Installing: /home/user/dobot_ws/install/ariac_interfaces/share/ariac_interfaces/msg/CellDefect.msg
[1.554s] -- Installing: /home/user/dobot_ws/install/ariac_interfaces/share/ariac_interfaces/msg/CellFeederStatus.msg
[1.554s] -- Installing: /home/user/dobot_ws/install/ariac_interfaces/share/ariac_interfaces/msg/CellTypes.msg
[1.554s] -- Installing: /home/user/dobot_ws/install/ariac_interfaces/share/ariac_interfaces/msg/CompetitionStates.msg
[1.554s] -- Installing: /home/user/dobot_ws/install/ariac_interfaces/share/ariac_interfaces/msg/CompetitionStatus.msg
[1.554s] -- Installing: /home/user/dobot_ws/install/ariac_interfaces/share/ariac_interfaces/msg/CompetitionTime.msg
[1.554s] -- Installing: /home/user/dobot_ws/install/ariac_interfaces/share/ariac_interfaces/msg/ConveyorStatus.msg
[1.554s] -- Installing: /home/user/dobot_ws/install/ariac_interfaces/share/ariac_interfaces/msg/HighPriorityOrder.msg
[1.554s] -- Installing: /home/user/dobot_ws/install/ariac_interfaces/share/ariac_interfaces/msg/InspectionReport.msg
[1.554s] -- Installing: /home/user/dobot_ws/install/ariac_interfaces/share/ariac_interfaces/msg/OperationStates.msg
[1.555s] -- Installing: /home/user/dobot_ws/install/ariac_interfaces/share/ariac_interfaces/msg/ToolChangerStatus.msg
[1.555s] -- Installing: /home/user/dobot_ws/install/ariac_interfaces/share/ariac_interfaces/msg/VacuumTools.msg
[1.555s] -- Installing: /home/user/dobot_ws/install/ariac_interfaces/share/ariac_interfaces/msg/VoltageReading.msg
[1.555s] -- Installing: /home/user/dobot_ws/install/ariac_interfaces/share/ariac_interfaces/srv/AttachTool.srv
[1.555s] -- Installing: /home/user/dobot_ws/install/ariac_interfaces/share/ariac_interfaces/srv/AttachTool_Request.msg
[1.555s] -- Installing: /home/user/dobot_ws/install/ariac_interfaces/share/ariac_interfaces/srv/AttachTool_Response.msg
[1.555s] -- Installing: /home/user/dobot_ws/install/ariac_interfaces/share/ariac_interfaces/srv/BidirectionalConveyorControl.srv
[1.555s] -- Installing: /home/user/dobot_ws/install/ariac_interfaces/share/ariac_interfaces/srv/BidirectionalConveyorControl_Request.msg
[1.555s] -- Installing: /home/user/dobot_ws/install/ariac_interfaces/share/ariac_interfaces/srv/BidirectionalConveyorControl_Response.msg
[1.555s] -- Installing: /home/user/dobot_ws/install/ariac_interfaces/share/ariac_interfaces/srv/CheckKitQuality.srv
[1.555s] -- Installing: /home/user/dobot_ws/install/ariac_interfaces/share/ariac_interfaces/srv/CheckKitQuality_Request.msg
[1.556s] -- Installing: /home/user/dobot_ws/install/ariac_interfaces/share/ariac_interfaces/srv/CheckKitQuality_Response.msg
[1.556s] -- Installing: /home/user/dobot_ws/install/ariac_interfaces/share/ariac_interfaces/srv/ControlCellFeeder.srv
[1.556s] -- Installing: /home/user/dobot_ws/install/ariac_interfaces/share/ariac_interfaces/srv/ControlCellFeeder_Request.msg
[1.556s] -- Installing: /home/user/dobot_ws/install/ariac_interfaces/share/ariac_interfaces/srv/ControlCellFeeder_Response.msg
[1.556s] -- Installing: /home/user/dobot_ws/install/ariac_interfaces/share/ariac_interfaces/srv/ConveyorControl.srv
[1.556s] -- Installing: /home/user/dobot_ws/install/ariac_interfaces/share/ariac_interfaces/srv/ConveyorControl_Request.msg
[1.556s] -- Installing: /home/user/dobot_ws/install/ariac_interfaces/share/ariac_interfaces/srv/ConveyorControl_Response.msg
[1.556s] -- Installing: /home/user/dobot_ws/install/ariac_interfaces/share/ariac_interfaces/srv/EndCompetition.srv
[1.557s] -- Installing: /home/user/dobot_ws/install/ariac_interfaces/share/ariac_interfaces/srv/EndCompetition_Request.msg
[1.557s] -- Installing: /home/user/dobot_ws/install/ariac_interfaces/share/ariac_interfaces/srv/EndCompetition_Response.msg
[1.557s] -- Installing: /home/user/dobot_ws/install/ariac_interfaces/share/ariac_interfaces/srv/SubmitHighPriorityOrder.srv
[1.557s] -- Installing: /home/user/dobot_ws/install/ariac_interfaces/share/ariac_interfaces/srv/SubmitHighPriorityOrder_Request.msg
[1.557s] -- Installing: /home/user/dobot_ws/install/ariac_interfaces/share/ariac_interfaces/srv/SubmitHighPriorityOrder_Response.msg
[1.557s] -- Installing: /home/user/dobot_ws/install/ariac_interfaces/share/ariac_interfaces/srv/SubmitInspectionReport.srv
[1.557s] -- Installing: /home/user/dobot_ws/install/ariac_interfaces/share/ariac_interfaces/srv/SubmitInspectionReport_Request.msg
[1.557s] -- Installing: /home/user/dobot_ws/install/ariac_interfaces/share/ariac_interfaces/srv/SubmitInspectionReport_Response.msg
[1.557s] -- Installing: /home/user/dobot_ws/install/ariac_interfaces/share/ariac_interfaces/srv/Trigger.srv
[1.558s] -- Installing: /home/user/dobot_ws/install/ariac_interfaces/share/ariac_interfaces/srv/Trigger_Request.msg
[1.558s] -- Installing: /home/user/dobot_ws/install/ariac_interfaces/share/ariac_interfaces/srv/Trigger_Response.msg
[1.558s] -- Installing: /home/user/dobot_ws/install/ariac_interfaces/share/ament_index/resource_index/package_run_dependencies/ariac_interfaces
[1.558s] -- Installing: /home/user/dobot_ws/install/ariac_interfaces/share/ament_index/resource_index/parent_prefix_path/ariac_interfaces
[1.558s] -- Installing: /home/user/dobot_ws/install/ariac_interfaces/share/ariac_interfaces/environment/ament_prefix_path.sh
[1.558s] -- Installing: /home/user/dobot_ws/install/ariac_interfaces/share/ariac_interfaces/environment/ament_prefix_path.dsv
[1.558s] -- Installing: /home/user/dobot_ws/install/ariac_interfaces/share/ariac_interfaces/environment/path.sh
[1.558s] -- Installing: /home/user/dobot_ws/install/ariac_interfaces/share/ariac_interfaces/environment/path.dsv
[1.558s] -- Installing: /home/user/dobot_ws/install/ariac_interfaces/share/ariac_interfaces/local_setup.bash
[1.558s] -- Installing: /home/user/dobot_ws/install/ariac_interfaces/share/ariac_interfaces/local_setup.sh
[1.558s] -- Installing: /home/user/dobot_ws/install/ariac_interfaces/share/ariac_interfaces/local_setup.zsh
[1.559s] -- Installing: /home/user/dobot_ws/install/ariac_interfaces/share/ariac_interfaces/local_setup.dsv
[1.559s] -- Installing: /home/user/dobot_ws/install/ariac_interfaces/share/ariac_interfaces/package.dsv
[1.559s] -- Installing: /home/user/dobot_ws/install/ariac_interfaces/share/ament_index/resource_index/packages/ariac_interfaces
[1.559s] -- Installing: /home/user/dobot_ws/install/ariac_interfaces/share/ariac_interfaces/cmake/export_ariac_interfaces__rosidl_generator_cExport.cmake
[1.559s] -- Installing: /home/user/dobot_ws/install/ariac_interfaces/share/ariac_interfaces/cmake/export_ariac_interfaces__rosidl_generator_cExport-noconfig.cmake
[1.559s] -- Installing: /home/user/dobot_ws/install/ariac_interfaces/share/ariac_interfaces/cmake/export_ariac_interfaces__rosidl_typesupport_fastrtps_cExport.cmake
[1.559s] -- Installing: /home/user/dobot_ws/install/ariac_interfaces/share/ariac_interfaces/cmake/export_ariac_interfaces__rosidl_typesupport_fastrtps_cExport-noconfig.cmake
[1.559s] -- Installing: /home/user/dobot_ws/install/ariac_interfaces/share/ariac_interfaces/cmake/export_ariac_interfaces__rosidl_generator_cppExport.cmake
[1.559s] -- Installing: /home/user/dobot_ws/install/ariac_interfaces/share/ariac_interfaces/cmake/export_ariac_interfaces__rosidl_typesupport_fastrtps_cppExport.cmake
[1.559s] -- Installing: /home/user/dobot_ws/install/ariac_interfaces/share/ariac_interfaces/cmake/export_ariac_interfaces__rosidl_typesupport_fastrtps_cppExport-noconfig.cmake
[1.560s] -- Installing: /home/user/dobot_ws/install/ariac_interfaces/share/ariac_interfaces/cmake/ariac_interfaces__rosidl_typesupport_introspection_cExport.cmake
[1.560s] -- Installing: /home/user/dobot_ws/install/ariac_interfaces/share/ariac_interfaces/cmake/ariac_interfaces__rosidl_typesupport_introspection_cExport-noconfig.cmake
[1.560s] -- Installing: /home/user/dobot_ws/install/ariac_interfaces/share/ariac_interfaces/cmake/ariac_interfaces__rosidl_typesupport_cExport.cmake
[1.560s] -- Installing: /home/user/dobot_ws/install/ariac_interfaces/share/ariac_interfaces/cmake/ariac_interfaces__rosidl_typesupport_cExport-noconfig.cmake
[1.560s] -- Installing: /home/user/dobot_ws/install/ariac_interfaces/share/ariac_interfaces/cmake/ariac_interfaces__rosidl_typesupport_introspection_cppExport.cmake
[1.560s] -- Installing: /home/user/dobot_ws/install/ariac_interfaces/share/ariac_interfaces/cmake/ariac_interfaces__rosidl_typesupport_introspection_cppExport-noconfig.cmake
[1.560s] -- Installing: /home/user/dobot_ws/install/ariac_interfaces/share/ariac_interfaces/cmake/ariac_interfaces__rosidl_typesupport_cppExport.cmake
[1.560s] -- Installing: /home/user/dobot_ws/install/ariac_interfaces/share/ariac_interfaces/cmake/ariac_interfaces__rosidl_typesupport_cppExport-noconfig.cmake
[1.560s] -- Installing: /home/user/dobot_ws/install/ariac_interfaces/share/ariac_interfaces/cmake/export_ariac_interfaces__rosidl_generator_pyExport.cmake
[1.560s] -- Installing: /home/user/dobot_ws/install/ariac_interfaces/share/ariac_interfaces/cmake/export_ariac_interfaces__rosidl_generator_pyExport-noconfig.cmake
[1.561s] -- Installing: /home/user/dobot_ws/install/ariac_interfaces/share/ariac_interfaces/cmake/rosidl_cmake-extras.cmake
[1.561s] -- Installing: /home/user/dobot_ws/install/ariac_interfaces/share/ariac_interfaces/cmake/ament_cmake_export_dependencies-extras.cmake
[1.561s] -- Installing: /home/user/dobot_ws/install/ariac_interfaces/share/ariac_interfaces/cmake/ament_cmake_export_include_directories-extras.cmake
[1.561s] -- Installing: /home/user/dobot_ws/install/ariac_interfaces/share/ariac_interfaces/cmake/ament_cmake_export_libraries-extras.cmake
[1.561s] -- Installing: /home/user/dobot_ws/install/ariac_interfaces/share/ariac_interfaces/cmake/ament_cmake_export_targets-extras.cmake
[1.561s] -- Installing: /home/user/dobot_ws/install/ariac_interfaces/share/ariac_interfaces/cmake/rosidl_cmake_export_typesupport_targets-extras.cmake
[1.561s] -- Installing: /home/user/dobot_ws/install/ariac_interfaces/share/ariac_interfaces/cmake/rosidl_cmake_export_typesupport_libraries-extras.cmake
[1.561s] -- Installing: /home/user/dobot_ws/install/ariac_interfaces/share/ariac_interfaces/cmake/ariac_interfacesConfig.cmake
[1.561s] -- Installing: /home/user/dobot_ws/install/ariac_interfaces/share/ariac_interfaces/cmake/ariac_interfacesConfig-version.cmake
[1.562s] -- Installing: /home/user/dobot_ws/install/ariac_interfaces/share/ariac_interfaces/package.xml
[1.575s] Invoked command in '/home/user/dobot_ws/build/ariac_interfaces' returned '0': CMAKE_PREFIX_PATH=${CMAKE_PREFIX_PATH}:/home/user/dobot_ws/install/servo_action:/home/user/dobot_ws/install/dobot_moveit:/home/user/dobot_ws/install/dobot_demo:/opt/ros/humble /usr/bin/cmake --install /home/user/dobot_ws/build/ariac_interfaces
