[0.046s] Invoking command in '/home/user/dobot_ws/build/ariac_interfaces': CMAKE_PREFIX_PATH=${CMAKE_PREFIX_PATH}:/home/user/dobot_ws/install/servo_action:/home/user/dobot_ws/install/dobot_moveit:/home/user/dobot_ws/install/dobot_demo:/opt/ros/humble /usr/bin/cmake --build /home/user/dobot_ws/build/ariac_interfaces -- -j16 -l16
[0.943s] [  1%] Built target ariac_interfaces__rs
[0.943s] [  1%] Built target ariac_interfaces__cpp
[0.944s] [ 13%] Built target ariac_interfaces__rosidl_generator_c
[0.944s] [ 13%] Built target ament_cmake_python_copy_ariac_interfaces
[0.945s] [ 25%] Built target ariac_interfaces__rosidl_typesupport_c
[0.945s] [ 48%] Built target ariac_interfaces__rosidl_typesupport_introspection_c
[0.945s] [ 49%] Built target ariac_interfaces__rosidl_typesupport_cpp
[0.945s] [ 61%] Built target ariac_interfaces__rosidl_typesupport_introspection_cpp
[0.946s] [ 73%] Built target ariac_interfaces__rosidl_typesupport_fastrtps_cpp
[0.946s] [ 85%] Built target ariac_interfaces__rosidl_typesupport_fastrtps_c
[0.947s] [ 85%] Built target ariac_interfaces
[0.947s] [ 85%] Built target ariac_interfaces__py
[0.947s] [ 97%] Built target ariac_interfaces__rosidl_generator_py
[0.948s] [100%] Built target ariac_interfaces__rosidl_typesupport_c__pyext
[0.948s] [100%] Built target ariac_interfaces__rosidl_typesupport_fastrtps_c__pyext
[0.948s] [100%] Built target ariac_interfaces__rosidl_typesupport_introspection_c__pyext
[0.948s] running egg_info
[0.949s] writing ariac_interfaces.egg-info/PKG-INFO
[0.949s] writing dependency_links to ariac_interfaces.egg-info/dependency_links.txt
[0.949s] writing top-level names to ariac_interfaces.egg-info/top_level.txt
[0.949s] reading manifest file 'ariac_interfaces.egg-info/SOURCES.txt'
[0.949s] writing manifest file 'ariac_interfaces.egg-info/SOURCES.txt'
[0.949s] [100%] Built target ament_cmake_python_build_ariac_interfaces_egg
[0.958s] Invoked command in '/home/user/dobot_ws/build/ariac_interfaces' returned '0': CMAKE_PREFIX_PATH=${CMAKE_PREFIX_PATH}:/home/user/dobot_ws/install/servo_action:/home/user/dobot_ws/install/dobot_moveit:/home/user/dobot_ws/install/dobot_demo:/opt/ros/humble /usr/bin/cmake --build /home/user/dobot_ws/build/ariac_interfaces -- -j16 -l16
[0.959s] Invoking command in '/home/user/dobot_ws/build/ariac_interfaces': CMAKE_PREFIX_PATH=${CMAKE_PREFIX_PATH}:/home/user/dobot_ws/install/servo_action:/home/user/dobot_ws/install/dobot_moveit:/home/user/dobot_ws/install/dobot_demo:/opt/ros/humble /usr/bin/cmake --install /home/user/dobot_ws/build/ariac_interfaces
[1.039s] -- Install configuration: ""
[1.039s] -- Installing: /home/user/dobot_ws/install/ariac_interfaces/share/ament_index/resource_index/rosidl_interfaces/ariac_interfaces
[1.039s] -- Installing: /home/user/dobot_ws/install/ariac_interfaces/include/ariac_interfaces/ariac_interfaces
[1.040s] -- Installing: /home/user/dobot_ws/install/ariac_interfaces/include/ariac_interfaces/ariac_interfaces/msg
[1.040s] -- Installing: /home/user/dobot_ws/install/ariac_interfaces/include/ariac_interfaces/ariac_interfaces/msg/conveyor_status.h
[1.040s] -- Installing: /home/user/dobot_ws/install/ariac_interfaces/include/ariac_interfaces/ariac_interfaces/msg/cell_types.h
[1.040s] -- Installing: /home/user/dobot_ws/install/ariac_interfaces/include/ariac_interfaces/ariac_interfaces/msg/operation_states.h
[1.040s] -- Installing: /home/user/dobot_ws/install/ariac_interfaces/include/ariac_interfaces/ariac_interfaces/msg/vacuum_tools.h
[1.040s] -- Installing: /home/user/dobot_ws/install/ariac_interfaces/include/ariac_interfaces/ariac_interfaces/msg/voltage_reading.h
[1.040s] -- Installing: /home/user/dobot_ws/install/ariac_interfaces/include/ariac_interfaces/ariac_interfaces/msg/agv_status.h
[1.040s] -- Installing: /home/user/dobot_ws/install/ariac_interfaces/include/ariac_interfaces/ariac_interfaces/msg/competition_states.h
[1.041s] -- Installing: /home/user/dobot_ws/install/ariac_interfaces/include/ariac_interfaces/ariac_interfaces/msg/inspection_report.h
[1.041s] -- Installing: /home/user/dobot_ws/install/ariac_interfaces/include/ariac_interfaces/ariac_interfaces/msg/tool_changer_status.h
[1.041s] -- Installing: /home/user/dobot_ws/install/ariac_interfaces/include/ariac_interfaces/ariac_interfaces/msg/rosidl_generator_c__visibility_control.h
[1.041s] -- Installing: /home/user/dobot_ws/install/ariac_interfaces/include/ariac_interfaces/ariac_interfaces/msg/high_priority_order.h
[1.041s] -- Installing: /home/user/dobot_ws/install/ariac_interfaces/include/ariac_interfaces/ariac_interfaces/msg/cell_feeder_status.h
[1.041s] -- Installing: /home/user/dobot_ws/install/ariac_interfaces/include/ariac_interfaces/ariac_interfaces/msg/cell_defect.h
[1.041s] -- Installing: /home/user/dobot_ws/install/ariac_interfaces/include/ariac_interfaces/ariac_interfaces/msg/competition_time.h
[1.041s] -- Installing: /home/user/dobot_ws/install/ariac_interfaces/include/ariac_interfaces/ariac_interfaces/msg/agv_tray_status.h
[1.042s] -- Installing: /home/user/dobot_ws/install/ariac_interfaces/include/ariac_interfaces/ariac_interfaces/msg/distance_sensor.h
[1.042s] -- Installing: /home/user/dobot_ws/install/ariac_interfaces/include/ariac_interfaces/ariac_interfaces/msg/competition_status.h
[1.042s] -- Installing: /home/user/dobot_ws/install/ariac_interfaces/include/ariac_interfaces/ariac_interfaces/msg/break_beam_status.h
[1.042s] -- Installing: /home/user/dobot_ws/install/ariac_interfaces/include/ariac_interfaces/ariac_interfaces/msg/detail
[1.042s] -- Installing: /home/user/dobot_ws/install/ariac_interfaces/include/ariac_interfaces/ariac_interfaces/msg/detail/cell_types__type_support.h
[1.042s] -- Installing: /home/user/dobot_ws/install/ariac_interfaces/include/ariac_interfaces/ariac_interfaces/msg/detail/cell_defect__struct.h
[1.042s] -- Installing: /home/user/dobot_ws/install/ariac_interfaces/include/ariac_interfaces/ariac_interfaces/msg/detail/competition_states__struct.h
[1.043s] -- Installing: /home/user/dobot_ws/install/ariac_interfaces/include/ariac_interfaces/ariac_interfaces/msg/detail/cell_defect__functions.c
[1.043s] -- Installing: /home/user/dobot_ws/install/ariac_interfaces/include/ariac_interfaces/ariac_interfaces/msg/detail/conveyor_status__functions.c
[1.043s] -- Installing: /home/user/dobot_ws/install/ariac_interfaces/include/ariac_interfaces/ariac_interfaces/msg/detail/conveyor_status__type_support.h
[1.043s] -- Installing: /home/user/dobot_ws/install/ariac_interfaces/include/ariac_interfaces/ariac_interfaces/msg/detail/cell_feeder_status__functions.h
[1.043s] -- Installing: /home/user/dobot_ws/install/ariac_interfaces/include/ariac_interfaces/ariac_interfaces/msg/detail/distance_sensor__struct.h
[1.043s] -- Installing: /home/user/dobot_ws/install/ariac_interfaces/include/ariac_interfaces/ariac_interfaces/msg/detail/inspection_report__functions.c
[1.044s] -- Installing: /home/user/dobot_ws/install/ariac_interfaces/include/ariac_interfaces/ariac_interfaces/msg/detail/competition_states__functions.c
[1.044s] -- Installing: /home/user/dobot_ws/install/ariac_interfaces/include/ariac_interfaces/ariac_interfaces/msg/detail/cell_feeder_status__type_support.h
[1.044s] -- Installing: /home/user/dobot_ws/install/ariac_interfaces/include/ariac_interfaces/ariac_interfaces/msg/detail/competition_time__functions.h
[1.044s] -- Installing: /home/user/dobot_ws/install/ariac_interfaces/include/ariac_interfaces/ariac_interfaces/msg/detail/high_priority_order__type_support.h
[1.044s] -- Installing: /home/user/dobot_ws/install/ariac_interfaces/include/ariac_interfaces/ariac_interfaces/msg/detail/agv_stations__functions.h
[1.044s] -- Installing: /home/user/dobot_ws/install/ariac_interfaces/include/ariac_interfaces/ariac_interfaces/msg/detail/cell_feeder_status__functions.c
[1.044s] -- Installing: /home/user/dobot_ws/install/ariac_interfaces/include/ariac_interfaces/ariac_interfaces/msg/detail/high_priority_order__struct.h
[1.045s] -- Installing: /home/user/dobot_ws/install/ariac_interfaces/include/ariac_interfaces/ariac_interfaces/msg/detail/break_beam_status__functions.h
[1.045s] -- Installing: /home/user/dobot_ws/install/ariac_interfaces/include/ariac_interfaces/ariac_interfaces/msg/detail/agv_stations__struct.h
[1.045s] -- Installing: /home/user/dobot_ws/install/ariac_interfaces/include/ariac_interfaces/ariac_interfaces/msg/detail/competition_states__type_support.h
[1.045s] -- Installing: /home/user/dobot_ws/install/ariac_interfaces/include/ariac_interfaces/ariac_interfaces/msg/detail/cell_defect__type_support.h
[1.045s] -- Installing: /home/user/dobot_ws/install/ariac_interfaces/include/ariac_interfaces/ariac_interfaces/msg/detail/agv_tray_status__functions.c
[1.045s] -- Installing: /home/user/dobot_ws/install/ariac_interfaces/include/ariac_interfaces/ariac_interfaces/msg/detail/cell_feeder_status__struct.h
[1.045s] -- Installing: /home/user/dobot_ws/install/ariac_interfaces/include/ariac_interfaces/ariac_interfaces/msg/detail/competition_time__functions.c
[1.046s] -- Installing: /home/user/dobot_ws/install/ariac_interfaces/include/ariac_interfaces/ariac_interfaces/msg/detail/distance_sensor__functions.c
[1.046s] -- Installing: /home/user/dobot_ws/install/ariac_interfaces/include/ariac_interfaces/ariac_interfaces/msg/detail/operation_states__functions.c
[1.046s] -- Installing: /home/user/dobot_ws/install/ariac_interfaces/include/ariac_interfaces/ariac_interfaces/msg/detail/operation_states__functions.h
[1.046s] -- Installing: /home/user/dobot_ws/install/ariac_interfaces/include/ariac_interfaces/ariac_interfaces/msg/detail/agv_status__functions.c
[1.046s] -- Installing: /home/user/dobot_ws/install/ariac_interfaces/include/ariac_interfaces/ariac_interfaces/msg/detail/operation_states__struct.h
[1.046s] -- Installing: /home/user/dobot_ws/install/ariac_interfaces/include/ariac_interfaces/ariac_interfaces/msg/detail/agv_stations__functions.c
[1.046s] -- Installing: /home/user/dobot_ws/install/ariac_interfaces/include/ariac_interfaces/ariac_interfaces/msg/detail/distance_sensor__functions.h
[1.047s] -- Installing: /home/user/dobot_ws/install/ariac_interfaces/include/ariac_interfaces/ariac_interfaces/msg/detail/inspection_report__functions.h
[1.047s] -- Installing: /home/user/dobot_ws/install/ariac_interfaces/include/ariac_interfaces/ariac_interfaces/msg/detail/break_beam_status__type_support.h
[1.047s] -- Installing: /home/user/dobot_ws/install/ariac_interfaces/include/ariac_interfaces/ariac_interfaces/msg/detail/agv_tray_status__functions.h
[1.047s] -- Installing: /home/user/dobot_ws/install/ariac_interfaces/include/ariac_interfaces/ariac_interfaces/msg/detail/tool_changer_status__functions.h
[1.047s] -- Installing: /home/user/dobot_ws/install/ariac_interfaces/include/ariac_interfaces/ariac_interfaces/msg/detail/conveyor_status__functions.h
[1.047s] -- Installing: /home/user/dobot_ws/install/ariac_interfaces/include/ariac_interfaces/ariac_interfaces/msg/detail/tool_changer_status__struct.h
[1.047s] -- Installing: /home/user/dobot_ws/install/ariac_interfaces/include/ariac_interfaces/ariac_interfaces/msg/detail/competition_status__type_support.h
[1.048s] -- Installing: /home/user/dobot_ws/install/ariac_interfaces/include/ariac_interfaces/ariac_interfaces/msg/detail/agv_status__functions.h
[1.048s] -- Installing: /home/user/dobot_ws/install/ariac_interfaces/include/ariac_interfaces/ariac_interfaces/msg/detail/tool_changer_status__functions.c
[1.048s] -- Installing: /home/user/dobot_ws/install/ariac_interfaces/include/ariac_interfaces/ariac_interfaces/msg/detail/voltage_reading__functions.h
[1.048s] -- Installing: /home/user/dobot_ws/install/ariac_interfaces/include/ariac_interfaces/ariac_interfaces/msg/detail/vacuum_tools__functions.h
[1.048s] -- Installing: /home/user/dobot_ws/install/ariac_interfaces/include/ariac_interfaces/ariac_interfaces/msg/detail/agv_tray_status__type_support.h
[1.051s] -- Installing: /home/user/dobot_ws/install/ariac_interfaces/include/ariac_interfaces/ariac_interfaces/msg/detail/inspection_report__type_support.h
[1.051s] -- Installing: /home/user/dobot_ws/install/ariac_interfaces/include/ariac_interfaces/ariac_interfaces/msg/detail/vacuum_tools__struct.h
[1.051s] -- Installing: /home/user/dobot_ws/install/ariac_interfaces/include/ariac_interfaces/ariac_interfaces/msg/detail/competition_states__functions.h
[1.051s] -- Installing: /home/user/dobot_ws/install/ariac_interfaces/include/ariac_interfaces/ariac_interfaces/msg/detail/conveyor_status__struct.h
[1.059s] -- Installing: /home/user/dobot_ws/install/ariac_interfaces/include/ariac_interfaces/ariac_interfaces/msg/detail/vacuum_tools__functions.c
[1.059s] -- Installing: /home/user/dobot_ws/install/ariac_interfaces/include/ariac_interfaces/ariac_interfaces/msg/detail/distance_sensor__type_support.h
[1.060s] -- Installing: /home/user/dobot_ws/install/ariac_interfaces/include/ariac_interfaces/ariac_interfaces/msg/detail/competition_status__functions.c
[1.060s] -- Installing: /home/user/dobot_ws/install/ariac_interfaces/include/ariac_interfaces/ariac_interfaces/msg/detail/voltage_reading__type_support.h
[1.061s] -- Installing: /home/user/dobot_ws/install/ariac_interfaces/include/ariac_interfaces/ariac_interfaces/msg/detail/high_priority_order__functions.c
[1.061s] -- Installing: /home/user/dobot_ws/install/ariac_interfaces/include/ariac_interfaces/ariac_interfaces/msg/detail/operation_states__type_support.h
[1.061s] -- Installing: /home/user/dobot_ws/install/ariac_interfaces/include/ariac_interfaces/ariac_interfaces/msg/detail/inspection_report__struct.h
[1.063s] -- Installing: /home/user/dobot_ws/install/ariac_interfaces/include/ariac_interfaces/ariac_interfaces/msg/detail/cell_types__functions.c
[1.065s] -- Installing: /home/user/dobot_ws/install/ariac_interfaces/include/ariac_interfaces/ariac_interfaces/msg/detail/agv_status__type_support.h
[1.065s] -- Installing: /home/user/dobot_ws/install/ariac_interfaces/include/ariac_interfaces/ariac_interfaces/msg/detail/agv_stations__type_support.h
[1.065s] -- Installing: /home/user/dobot_ws/install/ariac_interfaces/include/ariac_interfaces/ariac_interfaces/msg/detail/agv_status__struct.h
[1.065s] -- Installing: /home/user/dobot_ws/install/ariac_interfaces/include/ariac_interfaces/ariac_interfaces/msg/detail/vacuum_tools__type_support.h
[1.065s] -- Installing: /home/user/dobot_ws/install/ariac_interfaces/include/ariac_interfaces/ariac_interfaces/msg/detail/cell_types__struct.h
[1.066s] -- Installing: /home/user/dobot_ws/install/ariac_interfaces/include/ariac_interfaces/ariac_interfaces/msg/detail/high_priority_order__functions.h
[1.066s] -- Installing: /home/user/dobot_ws/install/ariac_interfaces/include/ariac_interfaces/ariac_interfaces/msg/detail/competition_status__struct.h
[1.067s] -- Installing: /home/user/dobot_ws/install/ariac_interfaces/include/ariac_interfaces/ariac_interfaces/msg/detail/cell_defect__functions.h
[1.067s] -- Installing: /home/user/dobot_ws/install/ariac_interfaces/include/ariac_interfaces/ariac_interfaces/msg/detail/cell_types__functions.h
[1.067s] -- Installing: /home/user/dobot_ws/install/ariac_interfaces/include/ariac_interfaces/ariac_interfaces/msg/detail/break_beam_status__functions.c
[1.068s] -- Installing: /home/user/dobot_ws/install/ariac_interfaces/include/ariac_interfaces/ariac_interfaces/msg/detail/competition_status__functions.h
[1.068s] -- Installing: /home/user/dobot_ws/install/ariac_interfaces/include/ariac_interfaces/ariac_interfaces/msg/detail/competition_time__type_support.h
[1.068s] -- Installing: /home/user/dobot_ws/install/ariac_interfaces/include/ariac_interfaces/ariac_interfaces/msg/detail/agv_tray_status__struct.h
[1.068s] -- Installing: /home/user/dobot_ws/install/ariac_interfaces/include/ariac_interfaces/ariac_interfaces/msg/detail/tool_changer_status__type_support.h
[1.069s] -- Installing: /home/user/dobot_ws/install/ariac_interfaces/include/ariac_interfaces/ariac_interfaces/msg/detail/voltage_reading__functions.c
[1.069s] -- Installing: /home/user/dobot_ws/install/ariac_interfaces/include/ariac_interfaces/ariac_interfaces/msg/detail/competition_time__struct.h
[1.069s] -- Installing: /home/user/dobot_ws/install/ariac_interfaces/include/ariac_interfaces/ariac_interfaces/msg/detail/voltage_reading__struct.h
[1.070s] -- Installing: /home/user/dobot_ws/install/ariac_interfaces/include/ariac_interfaces/ariac_interfaces/msg/detail/break_beam_status__struct.h
[1.070s] -- Installing: /home/user/dobot_ws/install/ariac_interfaces/include/ariac_interfaces/ariac_interfaces/msg/agv_stations.h
[1.070s] -- Installing: /home/user/dobot_ws/install/ariac_interfaces/include/ariac_interfaces/ariac_interfaces/action
[1.071s] -- Installing: /home/user/dobot_ws/install/ariac_interfaces/include/ariac_interfaces/ariac_interfaces/action/move_agv.h
[1.071s] -- Installing: /home/user/dobot_ws/install/ariac_interfaces/include/ariac_interfaces/ariac_interfaces/action/gripper_command.h
[1.073s] -- Installing: /home/user/dobot_ws/install/ariac_interfaces/include/ariac_interfaces/ariac_interfaces/action/detail
[1.073s] -- Installing: /home/user/dobot_ws/install/ariac_interfaces/include/ariac_interfaces/ariac_interfaces/action/detail/move_agv__functions.h
[1.073s] -- Installing: /home/user/dobot_ws/install/ariac_interfaces/include/ariac_interfaces/ariac_interfaces/action/detail/gripper_command__struct.h
[1.073s] -- Installing: /home/user/dobot_ws/install/ariac_interfaces/include/ariac_interfaces/ariac_interfaces/action/detail/move_agv__functions.c
[1.074s] -- Installing: /home/user/dobot_ws/install/ariac_interfaces/include/ariac_interfaces/ariac_interfaces/action/detail/move_agv__struct.h
[1.075s] -- Installing: /home/user/dobot_ws/install/ariac_interfaces/include/ariac_interfaces/ariac_interfaces/action/detail/gripper_command__functions.c
[1.075s] -- Installing: /home/user/dobot_ws/install/ariac_interfaces/include/ariac_interfaces/ariac_interfaces/action/detail/gripper_command__type_support.h
[1.075s] -- Installing: /home/user/dobot_ws/install/ariac_interfaces/include/ariac_interfaces/ariac_interfaces/action/detail/gripper_command__functions.h
[1.075s] -- Installing: /home/user/dobot_ws/install/ariac_interfaces/include/ariac_interfaces/ariac_interfaces/action/detail/move_agv__type_support.h
[1.076s] -- Installing: /home/user/dobot_ws/install/ariac_interfaces/include/ariac_interfaces/ariac_interfaces/srv
[1.077s] -- Installing: /home/user/dobot_ws/install/ariac_interfaces/include/ariac_interfaces/ariac_interfaces/srv/submit_high_priority_order.h
[1.077s] -- Installing: /home/user/dobot_ws/install/ariac_interfaces/include/ariac_interfaces/ariac_interfaces/srv/check_kit_quality.h
[1.077s] -- Installing: /home/user/dobot_ws/install/ariac_interfaces/include/ariac_interfaces/ariac_interfaces/srv/submit_inspection_report.h
[1.077s] -- Installing: /home/user/dobot_ws/install/ariac_interfaces/include/ariac_interfaces/ariac_interfaces/srv/conveyor_control.h
[1.077s] -- Installing: /home/user/dobot_ws/install/ariac_interfaces/include/ariac_interfaces/ariac_interfaces/srv/attach_tool.h
[1.077s] -- Installing: /home/user/dobot_ws/install/ariac_interfaces/include/ariac_interfaces/ariac_interfaces/srv/control_cell_feeder.h
[1.078s] -- Installing: /home/user/dobot_ws/install/ariac_interfaces/include/ariac_interfaces/ariac_interfaces/srv/end_competition.h
[1.078s] -- Installing: /home/user/dobot_ws/install/ariac_interfaces/include/ariac_interfaces/ariac_interfaces/srv/bidirectional_conveyor_control.h
[1.078s] -- Installing: /home/user/dobot_ws/install/ariac_interfaces/include/ariac_interfaces/ariac_interfaces/srv/detail
[1.079s] -- Installing: /home/user/dobot_ws/install/ariac_interfaces/include/ariac_interfaces/ariac_interfaces/srv/detail/submit_high_priority_order__type_support.h
[1.079s] -- Installing: /home/user/dobot_ws/install/ariac_interfaces/include/ariac_interfaces/ariac_interfaces/srv/detail/submit_inspection_report__struct.h
[1.080s] -- Installing: /home/user/dobot_ws/install/ariac_interfaces/include/ariac_interfaces/ariac_interfaces/srv/detail/bidirectional_conveyor_control__struct.h
[1.080s] -- Installing: /home/user/dobot_ws/install/ariac_interfaces/include/ariac_interfaces/ariac_interfaces/srv/detail/submit_high_priority_order__struct.h
[1.081s] -- Installing: /home/user/dobot_ws/install/ariac_interfaces/include/ariac_interfaces/ariac_interfaces/srv/detail/bidirectional_conveyor_control__type_support.h
[1.081s] -- Installing: /home/user/dobot_ws/install/ariac_interfaces/include/ariac_interfaces/ariac_interfaces/srv/detail/conveyor_control__functions.c
[1.081s] -- Installing: /home/user/dobot_ws/install/ariac_interfaces/include/ariac_interfaces/ariac_interfaces/srv/detail/end_competition__type_support.h
[1.081s] -- Installing: /home/user/dobot_ws/install/ariac_interfaces/include/ariac_interfaces/ariac_interfaces/srv/detail/submit_inspection_report__type_support.h
[1.082s] -- Installing: /home/user/dobot_ws/install/ariac_interfaces/include/ariac_interfaces/ariac_interfaces/srv/detail/control_cell_feeder__type_support.h
[1.083s] -- Installing: /home/user/dobot_ws/install/ariac_interfaces/include/ariac_interfaces/ariac_interfaces/srv/detail/submit_high_priority_order__functions.h
[1.084s] -- Installing: /home/user/dobot_ws/install/ariac_interfaces/include/ariac_interfaces/ariac_interfaces/srv/detail/conveyor_control__type_support.h
[1.084s] -- Installing: /home/user/dobot_ws/install/ariac_interfaces/include/ariac_interfaces/ariac_interfaces/srv/detail/trigger__struct.h
[1.084s] -- Installing: /home/user/dobot_ws/install/ariac_interfaces/include/ariac_interfaces/ariac_interfaces/srv/detail/submit_inspection_report__functions.h
[1.085s] -- Installing: /home/user/dobot_ws/install/ariac_interfaces/include/ariac_interfaces/ariac_interfaces/srv/detail/control_cell_feeder__functions.h
[1.085s] -- Installing: /home/user/dobot_ws/install/ariac_interfaces/include/ariac_interfaces/ariac_interfaces/srv/detail/attach_tool__type_support.h
[1.085s] -- Installing: /home/user/dobot_ws/install/ariac_interfaces/include/ariac_interfaces/ariac_interfaces/srv/detail/attach_tool__struct.h
[1.085s] -- Installing: /home/user/dobot_ws/install/ariac_interfaces/include/ariac_interfaces/ariac_interfaces/srv/detail/end_competition__struct.h
[1.086s] -- Installing: /home/user/dobot_ws/install/ariac_interfaces/include/ariac_interfaces/ariac_interfaces/srv/detail/trigger__functions.c
[1.086s] -- Installing: /home/user/dobot_ws/install/ariac_interfaces/include/ariac_interfaces/ariac_interfaces/srv/detail/check_kit_quality__functions.h
[1.086s] -- Installing: /home/user/dobot_ws/install/ariac_interfaces/include/ariac_interfaces/ariac_interfaces/srv/detail/check_kit_quality__functions.c
[1.086s] -- Installing: /home/user/dobot_ws/install/ariac_interfaces/include/ariac_interfaces/ariac_interfaces/srv/detail/submit_high_priority_order__functions.c
[1.086s] -- Installing: /home/user/dobot_ws/install/ariac_interfaces/include/ariac_interfaces/ariac_interfaces/srv/detail/conveyor_control__struct.h
[1.087s] -- Installing: /home/user/dobot_ws/install/ariac_interfaces/include/ariac_interfaces/ariac_interfaces/srv/detail/bidirectional_conveyor_control__functions.h
[1.087s] -- Installing: /home/user/dobot_ws/install/ariac_interfaces/include/ariac_interfaces/ariac_interfaces/srv/detail/bidirectional_conveyor_control__functions.c
[1.087s] -- Installing: /home/user/dobot_ws/install/ariac_interfaces/include/ariac_interfaces/ariac_interfaces/srv/detail/trigger__type_support.h
[1.087s] -- Installing: /home/user/dobot_ws/install/ariac_interfaces/include/ariac_interfaces/ariac_interfaces/srv/detail/conveyor_control__functions.h
[1.088s] -- Installing: /home/user/dobot_ws/install/ariac_interfaces/include/ariac_interfaces/ariac_interfaces/srv/detail/trigger__functions.h
[1.088s] -- Installing: /home/user/dobot_ws/install/ariac_interfaces/include/ariac_interfaces/ariac_interfaces/srv/detail/attach_tool__functions.h
[1.089s] -- Installing: /home/user/dobot_ws/install/ariac_interfaces/include/ariac_interfaces/ariac_interfaces/srv/detail/end_competition__functions.c
[1.089s] -- Installing: /home/user/dobot_ws/install/ariac_interfaces/include/ariac_interfaces/ariac_interfaces/srv/detail/control_cell_feeder__struct.h
[1.089s] -- Installing: /home/user/dobot_ws/install/ariac_interfaces/include/ariac_interfaces/ariac_interfaces/srv/detail/end_competition__functions.h
[1.089s] -- Installing: /home/user/dobot_ws/install/ariac_interfaces/include/ariac_interfaces/ariac_interfaces/srv/detail/check_kit_quality__type_support.h
[1.089s] -- Installing: /home/user/dobot_ws/install/ariac_interfaces/include/ariac_interfaces/ariac_interfaces/srv/detail/control_cell_feeder__functions.c
[1.089s] -- Installing: /home/user/dobot_ws/install/ariac_interfaces/include/ariac_interfaces/ariac_interfaces/srv/detail/check_kit_quality__struct.h
[1.089s] -- Installing: /home/user/dobot_ws/install/ariac_interfaces/include/ariac_interfaces/ariac_interfaces/srv/detail/submit_inspection_report__functions.c
[1.089s] -- Installing: /home/user/dobot_ws/install/ariac_interfaces/include/ariac_interfaces/ariac_interfaces/srv/detail/attach_tool__functions.c
[1.090s] -- Installing: /home/user/dobot_ws/install/ariac_interfaces/include/ariac_interfaces/ariac_interfaces/srv/trigger.h
[1.090s] -- Installing: /home/user/dobot_ws/install/ariac_interfaces/share/ariac_interfaces/environment/library_path.sh
[1.090s] -- Installing: /home/user/dobot_ws/install/ariac_interfaces/share/ariac_interfaces/environment/library_path.dsv
[1.090s] -- Installing: /home/user/dobot_ws/install/ariac_interfaces/lib/libariac_interfaces__rosidl_generator_c.so
[1.090s] -- Set runtime path of "/home/user/dobot_ws/install/ariac_interfaces/lib/libariac_interfaces__rosidl_generator_c.so" to ""
[1.090s] -- Up-to-date: /home/user/dobot_ws/install/ariac_interfaces/include/ariac_interfaces/ariac_interfaces
[1.090s] -- Up-to-date: /home/user/dobot_ws/install/ariac_interfaces/include/ariac_interfaces/ariac_interfaces/msg
[1.090s] -- Installing: /home/user/dobot_ws/install/ariac_interfaces/include/ariac_interfaces/ariac_interfaces/msg/rosidl_typesupport_fastrtps_c__visibility_control.h
[1.091s] -- Up-to-date: /home/user/dobot_ws/install/ariac_interfaces/include/ariac_interfaces/ariac_interfaces/msg/detail
[1.091s] -- Installing: /home/user/dobot_ws/install/ariac_interfaces/include/ariac_interfaces/ariac_interfaces/msg/detail/cell_types__rosidl_typesupport_fastrtps_c.h
[1.091s] -- Installing: /home/user/dobot_ws/install/ariac_interfaces/include/ariac_interfaces/ariac_interfaces/msg/detail/agv_stations__rosidl_typesupport_fastrtps_c.h
[1.091s] -- Installing: /home/user/dobot_ws/install/ariac_interfaces/include/ariac_interfaces/ariac_interfaces/msg/detail/inspection_report__rosidl_typesupport_fastrtps_c.h
[1.091s] -- Installing: /home/user/dobot_ws/install/ariac_interfaces/include/ariac_interfaces/ariac_interfaces/msg/detail/vacuum_tools__rosidl_typesupport_fastrtps_c.h
[1.091s] -- Installing: /home/user/dobot_ws/install/ariac_interfaces/include/ariac_interfaces/ariac_interfaces/msg/detail/conveyor_status__rosidl_typesupport_fastrtps_c.h
[1.091s] -- Installing: /home/user/dobot_ws/install/ariac_interfaces/include/ariac_interfaces/ariac_interfaces/msg/detail/competition_status__rosidl_typesupport_fastrtps_c.h
[1.091s] -- Installing: /home/user/dobot_ws/install/ariac_interfaces/include/ariac_interfaces/ariac_interfaces/msg/detail/competition_states__rosidl_typesupport_fastrtps_c.h
[1.092s] -- Installing: /home/user/dobot_ws/install/ariac_interfaces/include/ariac_interfaces/ariac_interfaces/msg/detail/cell_feeder_status__rosidl_typesupport_fastrtps_c.h
[1.092s] -- Installing: /home/user/dobot_ws/install/ariac_interfaces/include/ariac_interfaces/ariac_interfaces/msg/detail/tool_changer_status__rosidl_typesupport_fastrtps_c.h
[1.092s] -- Installing: /home/user/dobot_ws/install/ariac_interfaces/include/ariac_interfaces/ariac_interfaces/msg/detail/voltage_reading__rosidl_typesupport_fastrtps_c.h
[1.092s] -- Installing: /home/user/dobot_ws/install/ariac_interfaces/include/ariac_interfaces/ariac_interfaces/msg/detail/cell_defect__rosidl_typesupport_fastrtps_c.h
[1.092s] -- Installing: /home/user/dobot_ws/install/ariac_interfaces/include/ariac_interfaces/ariac_interfaces/msg/detail/distance_sensor__rosidl_typesupport_fastrtps_c.h
[1.092s] -- Installing: /home/user/dobot_ws/install/ariac_interfaces/include/ariac_interfaces/ariac_interfaces/msg/detail/high_priority_order__rosidl_typesupport_fastrtps_c.h
[1.092s] -- Installing: /home/user/dobot_ws/install/ariac_interfaces/include/ariac_interfaces/ariac_interfaces/msg/detail/agv_status__rosidl_typesupport_fastrtps_c.h
[1.092s] -- Installing: /home/user/dobot_ws/install/ariac_interfaces/include/ariac_interfaces/ariac_interfaces/msg/detail/operation_states__rosidl_typesupport_fastrtps_c.h
[1.092s] -- Installing: /home/user/dobot_ws/install/ariac_interfaces/include/ariac_interfaces/ariac_interfaces/msg/detail/competition_time__rosidl_typesupport_fastrtps_c.h
[1.093s] -- Installing: /home/user/dobot_ws/install/ariac_interfaces/include/ariac_interfaces/ariac_interfaces/msg/detail/agv_tray_status__rosidl_typesupport_fastrtps_c.h
[1.093s] -- Installing: /home/user/dobot_ws/install/ariac_interfaces/include/ariac_interfaces/ariac_interfaces/msg/detail/break_beam_status__rosidl_typesupport_fastrtps_c.h
[1.093s] -- Up-to-date: /home/user/dobot_ws/install/ariac_interfaces/include/ariac_interfaces/ariac_interfaces/action
[1.093s] -- Up-to-date: /home/user/dobot_ws/install/ariac_interfaces/include/ariac_interfaces/ariac_interfaces/action/detail
[1.093s] -- Installing: /home/user/dobot_ws/install/ariac_interfaces/include/ariac_interfaces/ariac_interfaces/action/detail/gripper_command__rosidl_typesupport_fastrtps_c.h
[1.094s] -- Installing: /home/user/dobot_ws/install/ariac_interfaces/include/ariac_interfaces/ariac_interfaces/action/detail/move_agv__rosidl_typesupport_fastrtps_c.h
[1.094s] -- Up-to-date: /home/user/dobot_ws/install/ariac_interfaces/include/ariac_interfaces/ariac_interfaces/srv
[1.094s] -- Up-to-date: /home/user/dobot_ws/install/ariac_interfaces/include/ariac_interfaces/ariac_interfaces/srv/detail
[1.094s] -- Installing: /home/user/dobot_ws/install/ariac_interfaces/include/ariac_interfaces/ariac_interfaces/srv/detail/bidirectional_conveyor_control__rosidl_typesupport_fastrtps_c.h
[1.094s] -- Installing: /home/user/dobot_ws/install/ariac_interfaces/include/ariac_interfaces/ariac_interfaces/srv/detail/submit_high_priority_order__rosidl_typesupport_fastrtps_c.h
[1.095s] -- Installing: /home/user/dobot_ws/install/ariac_interfaces/include/ariac_interfaces/ariac_interfaces/srv/detail/control_cell_feeder__rosidl_typesupport_fastrtps_c.h
[1.095s] -- Installing: /home/user/dobot_ws/install/ariac_interfaces/include/ariac_interfaces/ariac_interfaces/srv/detail/submit_inspection_report__rosidl_typesupport_fastrtps_c.h
[1.095s] -- Installing: /home/user/dobot_ws/install/ariac_interfaces/include/ariac_interfaces/ariac_interfaces/srv/detail/trigger__rosidl_typesupport_fastrtps_c.h
[1.123s] -- Installing: /home/user/dobot_ws/install/ariac_interfaces/include/ariac_interfaces/ariac_interfaces/srv/detail/check_kit_quality__rosidl_typesupport_fastrtps_c.h
[1.123s] -- Installing: /home/user/dobot_ws/install/ariac_interfaces/include/ariac_interfaces/ariac_interfaces/srv/detail/end_competition__rosidl_typesupport_fastrtps_c.h
[1.123s] -- Installing: /home/user/dobot_ws/install/ariac_interfaces/include/ariac_interfaces/ariac_interfaces/srv/detail/attach_tool__rosidl_typesupport_fastrtps_c.h
[1.123s] -- Installing: /home/user/dobot_ws/install/ariac_interfaces/include/ariac_interfaces/ariac_interfaces/srv/detail/conveyor_control__rosidl_typesupport_fastrtps_c.h
[1.124s] -- Installing: /home/user/dobot_ws/install/ariac_interfaces/lib/libariac_interfaces__rosidl_typesupport_fastrtps_c.so
[1.137s] -- Set runtime path of "/home/user/dobot_ws/install/ariac_interfaces/lib/libariac_interfaces__rosidl_typesupport_fastrtps_c.so" to ""
[1.137s] -- Up-to-date: /home/user/dobot_ws/install/ariac_interfaces/include/ariac_interfaces/ariac_interfaces
[1.137s] -- Up-to-date: /home/user/dobot_ws/install/ariac_interfaces/include/ariac_interfaces/ariac_interfaces/msg
[1.137s] -- Installing: /home/user/dobot_ws/install/ariac_interfaces/include/ariac_interfaces/ariac_interfaces/msg/competition_states.hpp
[1.156s] -- Installing: /home/user/dobot_ws/install/ariac_interfaces/include/ariac_interfaces/ariac_interfaces/msg/cell_defect.hpp
[1.157s] -- Installing: /home/user/dobot_ws/install/ariac_interfaces/include/ariac_interfaces/ariac_interfaces/msg/high_priority_order.hpp
[1.157s] -- Installing: /home/user/dobot_ws/install/ariac_interfaces/include/ariac_interfaces/ariac_interfaces/msg/competition_time.hpp
[1.157s] -- Installing: /home/user/dobot_ws/install/ariac_interfaces/include/ariac_interfaces/ariac_interfaces/msg/agv_status.hpp
[1.167s] -- Installing: /home/user/dobot_ws/install/ariac_interfaces/include/ariac_interfaces/ariac_interfaces/msg/vacuum_tools.hpp
[1.167s] -- Installing: /home/user/dobot_ws/install/ariac_interfaces/include/ariac_interfaces/ariac_interfaces/msg/agv_tray_status.hpp
[1.167s] -- Installing: /home/user/dobot_ws/install/ariac_interfaces/include/ariac_interfaces/ariac_interfaces/msg/rosidl_generator_cpp__visibility_control.hpp
[1.167s] -- Installing: /home/user/dobot_ws/install/ariac_interfaces/include/ariac_interfaces/ariac_interfaces/msg/distance_sensor.hpp
[1.168s] -- Installing: /home/user/dobot_ws/install/ariac_interfaces/include/ariac_interfaces/ariac_interfaces/msg/tool_changer_status.hpp
[1.168s] -- Installing: /home/user/dobot_ws/install/ariac_interfaces/include/ariac_interfaces/ariac_interfaces/msg/agv_stations.hpp
[1.169s] -- Installing: /home/user/dobot_ws/install/ariac_interfaces/include/ariac_interfaces/ariac_interfaces/msg/cell_types.hpp
[1.170s] -- Installing: /home/user/dobot_ws/install/ariac_interfaces/include/ariac_interfaces/ariac_interfaces/msg/voltage_reading.hpp
[1.170s] -- Installing: /home/user/dobot_ws/install/ariac_interfaces/include/ariac_interfaces/ariac_interfaces/msg/operation_states.hpp
[1.177s] -- Installing: /home/user/dobot_ws/install/ariac_interfaces/include/ariac_interfaces/ariac_interfaces/msg/break_beam_status.hpp
[1.177s] -- Installing: /home/user/dobot_ws/install/ariac_interfaces/include/ariac_interfaces/ariac_interfaces/msg/cell_feeder_status.hpp
[1.177s] -- Installing: /home/user/dobot_ws/install/ariac_interfaces/include/ariac_interfaces/ariac_interfaces/msg/conveyor_status.hpp
[1.178s] -- Installing: /home/user/dobot_ws/install/ariac_interfaces/include/ariac_interfaces/ariac_interfaces/msg/competition_status.hpp
[1.178s] -- Installing: /home/user/dobot_ws/install/ariac_interfaces/include/ariac_interfaces/ariac_interfaces/msg/inspection_report.hpp
[1.178s] -- Up-to-date: /home/user/dobot_ws/install/ariac_interfaces/include/ariac_interfaces/ariac_interfaces/msg/detail
[1.178s] -- Installing: /home/user/dobot_ws/install/ariac_interfaces/include/ariac_interfaces/ariac_interfaces/msg/detail/competition_states__type_support.hpp
[1.178s] -- Installing: /home/user/dobot_ws/install/ariac_interfaces/include/ariac_interfaces/ariac_interfaces/msg/detail/conveyor_status__type_support.hpp
[1.178s] -- Installing: /home/user/dobot_ws/install/ariac_interfaces/include/ariac_interfaces/ariac_interfaces/msg/detail/break_beam_status__builder.hpp
[1.178s] -- Installing: /home/user/dobot_ws/install/ariac_interfaces/include/ariac_interfaces/ariac_interfaces/msg/detail/competition_time__type_support.hpp
[1.179s] -- Installing: /home/user/dobot_ws/install/ariac_interfaces/include/ariac_interfaces/ariac_interfaces/msg/detail/cell_feeder_status__traits.hpp
[1.184s] -- Installing: /home/user/dobot_ws/install/ariac_interfaces/include/ariac_interfaces/ariac_interfaces/msg/detail/tool_changer_status__type_support.hpp
[1.189s] -- Installing: /home/user/dobot_ws/install/ariac_interfaces/include/ariac_interfaces/ariac_interfaces/msg/detail/cell_types__struct.hpp
[1.189s] -- Installing: /home/user/dobot_ws/install/ariac_interfaces/include/ariac_interfaces/ariac_interfaces/msg/detail/distance_sensor__struct.hpp
[1.189s] -- Installing: /home/user/dobot_ws/install/ariac_interfaces/include/ariac_interfaces/ariac_interfaces/msg/detail/break_beam_status__struct.hpp
[1.194s] -- Installing: /home/user/dobot_ws/install/ariac_interfaces/include/ariac_interfaces/ariac_interfaces/msg/detail/competition_status__traits.hpp
[1.194s] -- Installing: /home/user/dobot_ws/install/ariac_interfaces/include/ariac_interfaces/ariac_interfaces/msg/detail/cell_defect__builder.hpp
[1.196s] -- Installing: /home/user/dobot_ws/install/ariac_interfaces/include/ariac_interfaces/ariac_interfaces/msg/detail/distance_sensor__traits.hpp
[1.197s] -- Installing: /home/user/dobot_ws/install/ariac_interfaces/include/ariac_interfaces/ariac_interfaces/msg/detail/agv_status__struct.hpp
[1.198s] -- Installing: /home/user/dobot_ws/install/ariac_interfaces/include/ariac_interfaces/ariac_interfaces/msg/detail/tool_changer_status__builder.hpp
[1.198s] -- Installing: /home/user/dobot_ws/install/ariac_interfaces/include/ariac_interfaces/ariac_interfaces/msg/detail/competition_time__builder.hpp
[1.199s] -- Installing: /home/user/dobot_ws/install/ariac_interfaces/include/ariac_interfaces/ariac_interfaces/msg/detail/voltage_reading__builder.hpp
[1.199s] -- Installing: /home/user/dobot_ws/install/ariac_interfaces/include/ariac_interfaces/ariac_interfaces/msg/detail/competition_time__struct.hpp
[1.204s] -- Installing: /home/user/dobot_ws/install/ariac_interfaces/include/ariac_interfaces/ariac_interfaces/msg/detail/competition_states__struct.hpp
[1.204s] -- Installing: /home/user/dobot_ws/install/ariac_interfaces/include/ariac_interfaces/ariac_interfaces/msg/detail/high_priority_order__type_support.hpp
[1.204s] -- Installing: /home/user/dobot_ws/install/ariac_interfaces/include/ariac_interfaces/ariac_interfaces/msg/detail/conveyor_status__builder.hpp
[1.205s] -- Installing: /home/user/dobot_ws/install/ariac_interfaces/include/ariac_interfaces/ariac_interfaces/msg/detail/cell_types__builder.hpp
[1.206s] -- Installing: /home/user/dobot_ws/install/ariac_interfaces/include/ariac_interfaces/ariac_interfaces/msg/detail/competition_status__struct.hpp
[1.209s] -- Installing: /home/user/dobot_ws/install/ariac_interfaces/include/ariac_interfaces/ariac_interfaces/msg/detail/tool_changer_status__struct.hpp
[1.210s] -- Installing: /home/user/dobot_ws/install/ariac_interfaces/include/ariac_interfaces/ariac_interfaces/msg/detail/agv_stations__builder.hpp
[1.211s] -- Installing: /home/user/dobot_ws/install/ariac_interfaces/include/ariac_interfaces/ariac_interfaces/msg/detail/inspection_report__traits.hpp
[1.213s] -- Installing: /home/user/dobot_ws/install/ariac_interfaces/include/ariac_interfaces/ariac_interfaces/msg/detail/agv_status__traits.hpp
[1.214s] -- Installing: /home/user/dobot_ws/install/ariac_interfaces/include/ariac_interfaces/ariac_interfaces/msg/detail/agv_tray_status__type_support.hpp
[1.214s] -- Installing: /home/user/dobot_ws/install/ariac_interfaces/include/ariac_interfaces/ariac_interfaces/msg/detail/cell_defect__struct.hpp
[1.215s] -- Installing: /home/user/dobot_ws/install/ariac_interfaces/include/ariac_interfaces/ariac_interfaces/msg/detail/conveyor_status__struct.hpp
[1.219s] -- Installing: /home/user/dobot_ws/install/ariac_interfaces/include/ariac_interfaces/ariac_interfaces/msg/detail/cell_feeder_status__type_support.hpp
[1.220s] -- Installing: /home/user/dobot_ws/install/ariac_interfaces/include/ariac_interfaces/ariac_interfaces/msg/detail/agv_tray_status__builder.hpp
[1.225s] -- Installing: /home/user/dobot_ws/install/ariac_interfaces/include/ariac_interfaces/ariac_interfaces/msg/detail/agv_tray_status__struct.hpp
[1.225s] -- Installing: /home/user/dobot_ws/install/ariac_interfaces/include/ariac_interfaces/ariac_interfaces/msg/detail/operation_states__struct.hpp
[1.225s] -- Installing: /home/user/dobot_ws/install/ariac_interfaces/include/ariac_interfaces/ariac_interfaces/msg/detail/inspection_report__struct.hpp
[1.226s] -- Installing: /home/user/dobot_ws/install/ariac_interfaces/include/ariac_interfaces/ariac_interfaces/msg/detail/break_beam_status__type_support.hpp
[1.226s] -- Installing: /home/user/dobot_ws/install/ariac_interfaces/include/ariac_interfaces/ariac_interfaces/msg/detail/operation_states__type_support.hpp
[1.226s] -- Installing: /home/user/dobot_ws/install/ariac_interfaces/include/ariac_interfaces/ariac_interfaces/msg/detail/conveyor_status__traits.hpp
[1.226s] -- Installing: /home/user/dobot_ws/install/ariac_interfaces/include/ariac_interfaces/ariac_interfaces/msg/detail/distance_sensor__type_support.hpp
[1.226s] -- Installing: /home/user/dobot_ws/install/ariac_interfaces/include/ariac_interfaces/ariac_interfaces/msg/detail/competition_states__builder.hpp
[1.226s] -- Installing: /home/user/dobot_ws/install/ariac_interfaces/include/ariac_interfaces/ariac_interfaces/msg/detail/cell_defect__type_support.hpp
[1.232s] -- Installing: /home/user/dobot_ws/install/ariac_interfaces/include/ariac_interfaces/ariac_interfaces/msg/detail/competition_status__builder.hpp
[1.232s] -- Installing: /home/user/dobot_ws/install/ariac_interfaces/include/ariac_interfaces/ariac_interfaces/msg/detail/tool_changer_status__traits.hpp
[1.232s] -- Installing: /home/user/dobot_ws/install/ariac_interfaces/include/ariac_interfaces/ariac_interfaces/msg/detail/agv_status__type_support.hpp
[1.232s] -- Installing: /home/user/dobot_ws/install/ariac_interfaces/include/ariac_interfaces/ariac_interfaces/msg/detail/operation_states__builder.hpp
[1.238s] -- Installing: /home/user/dobot_ws/install/ariac_interfaces/include/ariac_interfaces/ariac_interfaces/msg/detail/inspection_report__builder.hpp
[1.238s] -- Installing: /home/user/dobot_ws/install/ariac_interfaces/include/ariac_interfaces/ariac_interfaces/msg/detail/voltage_reading__struct.hpp
[1.243s] -- Installing: /home/user/dobot_ws/install/ariac_interfaces/include/ariac_interfaces/ariac_interfaces/msg/detail/agv_stations__traits.hpp
[1.243s] -- Installing: /home/user/dobot_ws/install/ariac_interfaces/include/ariac_interfaces/ariac_interfaces/msg/detail/vacuum_tools__builder.hpp
[1.244s] -- Installing: /home/user/dobot_ws/install/ariac_interfaces/include/ariac_interfaces/ariac_interfaces/msg/detail/vacuum_tools__type_support.hpp
[1.246s] -- Installing: /home/user/dobot_ws/install/ariac_interfaces/include/ariac_interfaces/ariac_interfaces/msg/detail/cell_feeder_status__builder.hpp
[1.246s] -- Installing: /home/user/dobot_ws/install/ariac_interfaces/include/ariac_interfaces/ariac_interfaces/msg/detail/competition_time__traits.hpp
[1.246s] -- Installing: /home/user/dobot_ws/install/ariac_interfaces/include/ariac_interfaces/ariac_interfaces/msg/detail/agv_tray_status__traits.hpp
[1.247s] -- Installing: /home/user/dobot_ws/install/ariac_interfaces/include/ariac_interfaces/ariac_interfaces/msg/detail/cell_defect__traits.hpp
[1.248s] -- Installing: /home/user/dobot_ws/install/ariac_interfaces/include/ariac_interfaces/ariac_interfaces/msg/detail/cell_types__type_support.hpp
[1.248s] -- Installing: /home/user/dobot_ws/install/ariac_interfaces/include/ariac_interfaces/ariac_interfaces/msg/detail/vacuum_tools__struct.hpp
[1.251s] -- Installing: /home/user/dobot_ws/install/ariac_interfaces/include/ariac_interfaces/ariac_interfaces/msg/detail/distance_sensor__builder.hpp
[1.252s] -- Installing: /home/user/dobot_ws/install/ariac_interfaces/include/ariac_interfaces/ariac_interfaces/msg/detail/cell_feeder_status__struct.hpp
[1.252s] -- Installing: /home/user/dobot_ws/install/ariac_interfaces/include/ariac_interfaces/ariac_interfaces/msg/detail/voltage_reading__traits.hpp
[1.252s] -- Installing: /home/user/dobot_ws/install/ariac_interfaces/include/ariac_interfaces/ariac_interfaces/msg/detail/cell_types__traits.hpp
[1.259s] -- Installing: /home/user/dobot_ws/install/ariac_interfaces/include/ariac_interfaces/ariac_interfaces/msg/detail/agv_stations__type_support.hpp
[1.259s] -- Installing: /home/user/dobot_ws/install/ariac_interfaces/include/ariac_interfaces/ariac_interfaces/msg/detail/voltage_reading__type_support.hpp
[1.259s] -- Installing: /home/user/dobot_ws/install/ariac_interfaces/include/ariac_interfaces/ariac_interfaces/msg/detail/high_priority_order__builder.hpp
[1.260s] -- Installing: /home/user/dobot_ws/install/ariac_interfaces/include/ariac_interfaces/ariac_interfaces/msg/detail/competition_states__traits.hpp
[1.260s] -- Installing: /home/user/dobot_ws/install/ariac_interfaces/include/ariac_interfaces/ariac_interfaces/msg/detail/operation_states__traits.hpp
[1.260s] -- Installing: /home/user/dobot_ws/install/ariac_interfaces/include/ariac_interfaces/ariac_interfaces/msg/detail/vacuum_tools__traits.hpp
[1.261s] -- Installing: /home/user/dobot_ws/install/ariac_interfaces/include/ariac_interfaces/ariac_interfaces/msg/detail/high_priority_order__traits.hpp
[1.264s] -- Installing: /home/user/dobot_ws/install/ariac_interfaces/include/ariac_interfaces/ariac_interfaces/msg/detail/agv_status__builder.hpp
[1.264s] -- Installing: /home/user/dobot_ws/install/ariac_interfaces/include/ariac_interfaces/ariac_interfaces/msg/detail/high_priority_order__struct.hpp
[1.264s] -- Installing: /home/user/dobot_ws/install/ariac_interfaces/include/ariac_interfaces/ariac_interfaces/msg/detail/competition_status__type_support.hpp
[1.265s] -- Installing: /home/user/dobot_ws/install/ariac_interfaces/include/ariac_interfaces/ariac_interfaces/msg/detail/break_beam_status__traits.hpp
[1.266s] -- Installing: /home/user/dobot_ws/install/ariac_interfaces/include/ariac_interfaces/ariac_interfaces/msg/detail/inspection_report__type_support.hpp
[1.266s] -- Installing: /home/user/dobot_ws/install/ariac_interfaces/include/ariac_interfaces/ariac_interfaces/msg/detail/agv_stations__struct.hpp
[1.267s] -- Up-to-date: /home/user/dobot_ws/install/ariac_interfaces/include/ariac_interfaces/ariac_interfaces/action
[1.270s] -- Installing: /home/user/dobot_ws/install/ariac_interfaces/include/ariac_interfaces/ariac_interfaces/action/gripper_command.hpp
[1.271s] -- Installing: /home/user/dobot_ws/install/ariac_interfaces/include/ariac_interfaces/ariac_interfaces/action/move_agv.hpp
[1.272s] -- Up-to-date: /home/user/dobot_ws/install/ariac_interfaces/include/ariac_interfaces/ariac_interfaces/action/detail
[1.272s] -- Installing: /home/user/dobot_ws/install/ariac_interfaces/include/ariac_interfaces/ariac_interfaces/action/detail/gripper_command__type_support.hpp
[1.273s] -- Installing: /home/user/dobot_ws/install/ariac_interfaces/include/ariac_interfaces/ariac_interfaces/action/detail/gripper_command__builder.hpp
[1.274s] -- Installing: /home/user/dobot_ws/install/ariac_interfaces/include/ariac_interfaces/ariac_interfaces/action/detail/move_agv__type_support.hpp
[1.275s] -- Installing: /home/user/dobot_ws/install/ariac_interfaces/include/ariac_interfaces/ariac_interfaces/action/detail/gripper_command__traits.hpp
[1.275s] -- Installing: /home/user/dobot_ws/install/ariac_interfaces/include/ariac_interfaces/ariac_interfaces/action/detail/gripper_command__struct.hpp
[1.277s] -- Installing: /home/user/dobot_ws/install/ariac_interfaces/include/ariac_interfaces/ariac_interfaces/action/detail/move_agv__traits.hpp
[1.278s] -- Installing: /home/user/dobot_ws/install/ariac_interfaces/include/ariac_interfaces/ariac_interfaces/action/detail/move_agv__struct.hpp
[1.278s] -- Installing: /home/user/dobot_ws/install/ariac_interfaces/include/ariac_interfaces/ariac_interfaces/action/detail/move_agv__builder.hpp
[1.281s] -- Up-to-date: /home/user/dobot_ws/install/ariac_interfaces/include/ariac_interfaces/ariac_interfaces/srv
[1.281s] -- Installing: /home/user/dobot_ws/install/ariac_interfaces/include/ariac_interfaces/ariac_interfaces/srv/attach_tool.hpp
[1.283s] -- Installing: /home/user/dobot_ws/install/ariac_interfaces/include/ariac_interfaces/ariac_interfaces/srv/trigger.hpp
[1.283s] -- Installing: /home/user/dobot_ws/install/ariac_interfaces/include/ariac_interfaces/ariac_interfaces/srv/conveyor_control.hpp
[1.283s] -- Installing: /home/user/dobot_ws/install/ariac_interfaces/include/ariac_interfaces/ariac_interfaces/srv/check_kit_quality.hpp
[1.284s] -- Installing: /home/user/dobot_ws/install/ariac_interfaces/include/ariac_interfaces/ariac_interfaces/srv/control_cell_feeder.hpp
[1.286s] -- Installing: /home/user/dobot_ws/install/ariac_interfaces/include/ariac_interfaces/ariac_interfaces/srv/end_competition.hpp
[1.288s] -- Installing: /home/user/dobot_ws/install/ariac_interfaces/include/ariac_interfaces/ariac_interfaces/srv/submit_inspection_report.hpp
[1.289s] -- Installing: /home/user/dobot_ws/install/ariac_interfaces/include/ariac_interfaces/ariac_interfaces/srv/bidirectional_conveyor_control.hpp
[1.290s] -- Installing: /home/user/dobot_ws/install/ariac_interfaces/include/ariac_interfaces/ariac_interfaces/srv/submit_high_priority_order.hpp
[1.290s] -- Up-to-date: /home/user/dobot_ws/install/ariac_interfaces/include/ariac_interfaces/ariac_interfaces/srv/detail
[1.290s] -- Installing: /home/user/dobot_ws/install/ariac_interfaces/include/ariac_interfaces/ariac_interfaces/srv/detail/control_cell_feeder__struct.hpp
[1.290s] -- Installing: /home/user/dobot_ws/install/ariac_interfaces/include/ariac_interfaces/ariac_interfaces/srv/detail/attach_tool__traits.hpp
[1.291s] -- Installing: /home/user/dobot_ws/install/ariac_interfaces/include/ariac_interfaces/ariac_interfaces/srv/detail/submit_inspection_report__struct.hpp
[1.291s] -- Installing: /home/user/dobot_ws/install/ariac_interfaces/include/ariac_interfaces/ariac_interfaces/srv/detail/end_competition__type_support.hpp
[1.291s] -- Installing: /home/user/dobot_ws/install/ariac_interfaces/include/ariac_interfaces/ariac_interfaces/srv/detail/submit_inspection_report__traits.hpp
[1.292s] -- Installing: /home/user/dobot_ws/install/ariac_interfaces/include/ariac_interfaces/ariac_interfaces/srv/detail/trigger__type_support.hpp
[1.292s] -- Installing: /home/user/dobot_ws/install/ariac_interfaces/include/ariac_interfaces/ariac_interfaces/srv/detail/conveyor_control__type_support.hpp
[1.296s] -- Installing: /home/user/dobot_ws/install/ariac_interfaces/include/ariac_interfaces/ariac_interfaces/srv/detail/check_kit_quality__traits.hpp
[1.296s] -- Installing: /home/user/dobot_ws/install/ariac_interfaces/include/ariac_interfaces/ariac_interfaces/srv/detail/conveyor_control__traits.hpp
[1.296s] -- Installing: /home/user/dobot_ws/install/ariac_interfaces/include/ariac_interfaces/ariac_interfaces/srv/detail/trigger__builder.hpp
[1.296s] -- Installing: /home/user/dobot_ws/install/ariac_interfaces/include/ariac_interfaces/ariac_interfaces/srv/detail/bidirectional_conveyor_control__struct.hpp
[1.297s] -- Installing: /home/user/dobot_ws/install/ariac_interfaces/include/ariac_interfaces/ariac_interfaces/srv/detail/end_competition__builder.hpp
[1.298s] -- Installing: /home/user/dobot_ws/install/ariac_interfaces/include/ariac_interfaces/ariac_interfaces/srv/detail/end_competition__traits.hpp
[1.299s] -- Installing: /home/user/dobot_ws/install/ariac_interfaces/include/ariac_interfaces/ariac_interfaces/srv/detail/submit_inspection_report__type_support.hpp
[1.299s] -- Installing: /home/user/dobot_ws/install/ariac_interfaces/include/ariac_interfaces/ariac_interfaces/srv/detail/bidirectional_conveyor_control__traits.hpp
[1.299s] -- Installing: /home/user/dobot_ws/install/ariac_interfaces/include/ariac_interfaces/ariac_interfaces/srv/detail/attach_tool__struct.hpp
[1.303s] -- Installing: /home/user/dobot_ws/install/ariac_interfaces/include/ariac_interfaces/ariac_interfaces/srv/detail/control_cell_feeder__traits.hpp
[1.306s] -- Installing: /home/user/dobot_ws/install/ariac_interfaces/include/ariac_interfaces/ariac_interfaces/srv/detail/bidirectional_conveyor_control__builder.hpp
[1.307s] -- Installing: /home/user/dobot_ws/install/ariac_interfaces/include/ariac_interfaces/ariac_interfaces/srv/detail/attach_tool__builder.hpp
[1.308s] -- Installing: /home/user/dobot_ws/install/ariac_interfaces/include/ariac_interfaces/ariac_interfaces/srv/detail/trigger__traits.hpp
[1.309s] -- Installing: /home/user/dobot_ws/install/ariac_interfaces/include/ariac_interfaces/ariac_interfaces/srv/detail/conveyor_control__struct.hpp
[1.310s] -- Installing: /home/user/dobot_ws/install/ariac_interfaces/include/ariac_interfaces/ariac_interfaces/srv/detail/attach_tool__type_support.hpp
[1.312s] -- Installing: /home/user/dobot_ws/install/ariac_interfaces/include/ariac_interfaces/ariac_interfaces/srv/detail/trigger__struct.hpp
[1.313s] -- Installing: /home/user/dobot_ws/install/ariac_interfaces/include/ariac_interfaces/ariac_interfaces/srv/detail/check_kit_quality__type_support.hpp
[1.313s] -- Installing: /home/user/dobot_ws/install/ariac_interfaces/include/ariac_interfaces/ariac_interfaces/srv/detail/submit_high_priority_order__struct.hpp
[1.314s] -- Installing: /home/user/dobot_ws/install/ariac_interfaces/include/ariac_interfaces/ariac_interfaces/srv/detail/control_cell_feeder__type_support.hpp
[1.317s] -- Installing: /home/user/dobot_ws/install/ariac_interfaces/include/ariac_interfaces/ariac_interfaces/srv/detail/control_cell_feeder__builder.hpp
[1.317s] -- Installing: /home/user/dobot_ws/install/ariac_interfaces/include/ariac_interfaces/ariac_interfaces/srv/detail/submit_high_priority_order__traits.hpp
[1.318s] -- Installing: /home/user/dobot_ws/install/ariac_interfaces/include/ariac_interfaces/ariac_interfaces/srv/detail/submit_inspection_report__builder.hpp
[1.321s] -- Installing: /home/user/dobot_ws/install/ariac_interfaces/include/ariac_interfaces/ariac_interfaces/srv/detail/submit_high_priority_order__type_support.hpp
[1.323s] -- Installing: /home/user/dobot_ws/install/ariac_interfaces/include/ariac_interfaces/ariac_interfaces/srv/detail/submit_high_priority_order__builder.hpp
[1.323s] -- Installing: /home/user/dobot_ws/install/ariac_interfaces/include/ariac_interfaces/ariac_interfaces/srv/detail/bidirectional_conveyor_control__type_support.hpp
[1.323s] -- Installing: /home/user/dobot_ws/install/ariac_interfaces/include/ariac_interfaces/ariac_interfaces/srv/detail/end_competition__struct.hpp
[1.333s] -- Installing: /home/user/dobot_ws/install/ariac_interfaces/include/ariac_interfaces/ariac_interfaces/srv/detail/check_kit_quality__struct.hpp
[1.333s] -- Installing: /home/user/dobot_ws/install/ariac_interfaces/include/ariac_interfaces/ariac_interfaces/srv/detail/conveyor_control__builder.hpp
[1.333s] -- Installing: /home/user/dobot_ws/install/ariac_interfaces/include/ariac_interfaces/ariac_interfaces/srv/detail/check_kit_quality__builder.hpp
[1.334s] -- Up-to-date: /home/user/dobot_ws/install/ariac_interfaces/include/ariac_interfaces/ariac_interfaces
[1.334s] -- Up-to-date: /home/user/dobot_ws/install/ariac_interfaces/include/ariac_interfaces/ariac_interfaces/msg
[1.334s] -- Up-to-date: /home/user/dobot_ws/install/ariac_interfaces/include/ariac_interfaces/ariac_interfaces/msg/detail
[1.334s] -- Installing: /home/user/dobot_ws/install/ariac_interfaces/include/ariac_interfaces/ariac_interfaces/msg/detail/conveyor_status__rosidl_typesupport_fastrtps_cpp.hpp
[1.334s] -- Installing: /home/user/dobot_ws/install/ariac_interfaces/include/ariac_interfaces/ariac_interfaces/msg/detail/competition_time__rosidl_typesupport_fastrtps_cpp.hpp
[1.335s] -- Installing: /home/user/dobot_ws/install/ariac_interfaces/include/ariac_interfaces/ariac_interfaces/msg/detail/competition_status__rosidl_typesupport_fastrtps_cpp.hpp
[1.335s] -- Installing: /home/user/dobot_ws/install/ariac_interfaces/include/ariac_interfaces/ariac_interfaces/msg/detail/cell_feeder_status__rosidl_typesupport_fastrtps_cpp.hpp
[1.335s] -- Installing: /home/user/dobot_ws/install/ariac_interfaces/include/ariac_interfaces/ariac_interfaces/msg/detail/distance_sensor__rosidl_typesupport_fastrtps_cpp.hpp
[1.335s] -- Installing: /home/user/dobot_ws/install/ariac_interfaces/include/ariac_interfaces/ariac_interfaces/msg/detail/agv_stations__rosidl_typesupport_fastrtps_cpp.hpp
[1.335s] -- Installing: /home/user/dobot_ws/install/ariac_interfaces/include/ariac_interfaces/ariac_interfaces/msg/detail/dds_fastrtps
[1.335s] -- Installing: /home/user/dobot_ws/install/ariac_interfaces/include/ariac_interfaces/ariac_interfaces/msg/detail/agv_status__rosidl_typesupport_fastrtps_cpp.hpp
[1.335s] -- Installing: /home/user/dobot_ws/install/ariac_interfaces/include/ariac_interfaces/ariac_interfaces/msg/detail/voltage_reading__rosidl_typesupport_fastrtps_cpp.hpp
[1.336s] -- Installing: /home/user/dobot_ws/install/ariac_interfaces/include/ariac_interfaces/ariac_interfaces/msg/detail/inspection_report__rosidl_typesupport_fastrtps_cpp.hpp
[1.336s] -- Installing: /home/user/dobot_ws/install/ariac_interfaces/include/ariac_interfaces/ariac_interfaces/msg/detail/break_beam_status__rosidl_typesupport_fastrtps_cpp.hpp
[1.336s] -- Installing: /home/user/dobot_ws/install/ariac_interfaces/include/ariac_interfaces/ariac_interfaces/msg/detail/agv_tray_status__rosidl_typesupport_fastrtps_cpp.hpp
[1.337s] -- Installing: /home/user/dobot_ws/install/ariac_interfaces/include/ariac_interfaces/ariac_interfaces/msg/detail/vacuum_tools__rosidl_typesupport_fastrtps_cpp.hpp
[1.338s] -- Installing: /home/user/dobot_ws/install/ariac_interfaces/include/ariac_interfaces/ariac_interfaces/msg/detail/competition_states__rosidl_typesupport_fastrtps_cpp.hpp
[1.338s] -- Installing: /home/user/dobot_ws/install/ariac_interfaces/include/ariac_interfaces/ariac_interfaces/msg/detail/operation_states__rosidl_typesupport_fastrtps_cpp.hpp
[1.338s] -- Installing: /home/user/dobot_ws/install/ariac_interfaces/include/ariac_interfaces/ariac_interfaces/msg/detail/high_priority_order__rosidl_typesupport_fastrtps_cpp.hpp
[1.341s] -- Installing: /home/user/dobot_ws/install/ariac_interfaces/include/ariac_interfaces/ariac_interfaces/msg/detail/tool_changer_status__rosidl_typesupport_fastrtps_cpp.hpp
[1.342s] -- Installing: /home/user/dobot_ws/install/ariac_interfaces/include/ariac_interfaces/ariac_interfaces/msg/detail/cell_types__rosidl_typesupport_fastrtps_cpp.hpp
[1.343s] -- Installing: /home/user/dobot_ws/install/ariac_interfaces/include/ariac_interfaces/ariac_interfaces/msg/detail/cell_defect__rosidl_typesupport_fastrtps_cpp.hpp
[1.343s] -- Installing: /home/user/dobot_ws/install/ariac_interfaces/include/ariac_interfaces/ariac_interfaces/msg/rosidl_typesupport_fastrtps_cpp__visibility_control.h
[1.343s] -- Up-to-date: /home/user/dobot_ws/install/ariac_interfaces/include/ariac_interfaces/ariac_interfaces/action
[1.343s] -- Up-to-date: /home/user/dobot_ws/install/ariac_interfaces/include/ariac_interfaces/ariac_interfaces/action/detail
[1.343s] -- Installing: /home/user/dobot_ws/install/ariac_interfaces/include/ariac_interfaces/ariac_interfaces/action/detail/dds_fastrtps
[1.344s] -- Installing: /home/user/dobot_ws/install/ariac_interfaces/include/ariac_interfaces/ariac_interfaces/action/detail/gripper_command__rosidl_typesupport_fastrtps_cpp.hpp
[1.345s] -- Installing: /home/user/dobot_ws/install/ariac_interfaces/include/ariac_interfaces/ariac_interfaces/action/detail/move_agv__rosidl_typesupport_fastrtps_cpp.hpp
[1.345s] -- Up-to-date: /home/user/dobot_ws/install/ariac_interfaces/include/ariac_interfaces/ariac_interfaces/srv
[1.345s] -- Up-to-date: /home/user/dobot_ws/install/ariac_interfaces/include/ariac_interfaces/ariac_interfaces/srv/detail
[1.345s] -- Installing: /home/user/dobot_ws/install/ariac_interfaces/include/ariac_interfaces/ariac_interfaces/srv/detail/dds_fastrtps
[1.346s] -- Installing: /home/user/dobot_ws/install/ariac_interfaces/include/ariac_interfaces/ariac_interfaces/srv/detail/submit_inspection_report__rosidl_typesupport_fastrtps_cpp.hpp
[1.346s] -- Installing: /home/user/dobot_ws/install/ariac_interfaces/include/ariac_interfaces/ariac_interfaces/srv/detail/control_cell_feeder__rosidl_typesupport_fastrtps_cpp.hpp
[1.347s] -- Installing: /home/user/dobot_ws/install/ariac_interfaces/include/ariac_interfaces/ariac_interfaces/srv/detail/trigger__rosidl_typesupport_fastrtps_cpp.hpp
[1.347s] -- Installing: /home/user/dobot_ws/install/ariac_interfaces/include/ariac_interfaces/ariac_interfaces/srv/detail/submit_high_priority_order__rosidl_typesupport_fastrtps_cpp.hpp
[1.347s] -- Installing: /home/user/dobot_ws/install/ariac_interfaces/include/ariac_interfaces/ariac_interfaces/srv/detail/attach_tool__rosidl_typesupport_fastrtps_cpp.hpp
[1.347s] -- Installing: /home/user/dobot_ws/install/ariac_interfaces/include/ariac_interfaces/ariac_interfaces/srv/detail/check_kit_quality__rosidl_typesupport_fastrtps_cpp.hpp
[1.349s] -- Installing: /home/user/dobot_ws/install/ariac_interfaces/include/ariac_interfaces/ariac_interfaces/srv/detail/end_competition__rosidl_typesupport_fastrtps_cpp.hpp
[1.350s] -- Installing: /home/user/dobot_ws/install/ariac_interfaces/include/ariac_interfaces/ariac_interfaces/srv/detail/bidirectional_conveyor_control__rosidl_typesupport_fastrtps_cpp.hpp
[1.350s] -- Installing: /home/user/dobot_ws/install/ariac_interfaces/include/ariac_interfaces/ariac_interfaces/srv/detail/conveyor_control__rosidl_typesupport_fastrtps_cpp.hpp
[1.350s] -- Installing: /home/user/dobot_ws/install/ariac_interfaces/lib/libariac_interfaces__rosidl_typesupport_fastrtps_cpp.so
[1.352s] -- Set runtime path of "/home/user/dobot_ws/install/ariac_interfaces/lib/libariac_interfaces__rosidl_typesupport_fastrtps_cpp.so" to ""
[1.353s] -- Up-to-date: /home/user/dobot_ws/install/ariac_interfaces/include/ariac_interfaces/ariac_interfaces
[1.353s] -- Up-to-date: /home/user/dobot_ws/install/ariac_interfaces/include/ariac_interfaces/ariac_interfaces/msg
[1.353s] -- Installing: /home/user/dobot_ws/install/ariac_interfaces/include/ariac_interfaces/ariac_interfaces/msg/rosidl_typesupport_introspection_c__visibility_control.h
[1.353s] -- Up-to-date: /home/user/dobot_ws/install/ariac_interfaces/include/ariac_interfaces/ariac_interfaces/msg/detail
[1.354s] -- Installing: /home/user/dobot_ws/install/ariac_interfaces/include/ariac_interfaces/ariac_interfaces/msg/detail/competition_status__type_support.c
[1.354s] -- Installing: /home/user/dobot_ws/install/ariac_interfaces/include/ariac_interfaces/ariac_interfaces/msg/detail/conveyor_status__rosidl_typesupport_introspection_c.h
[1.354s] -- Installing: /home/user/dobot_ws/install/ariac_interfaces/include/ariac_interfaces/ariac_interfaces/msg/detail/agv_status__rosidl_typesupport_introspection_c.h
[1.354s] -- Installing: /home/user/dobot_ws/install/ariac_interfaces/include/ariac_interfaces/ariac_interfaces/msg/detail/cell_feeder_status__rosidl_typesupport_introspection_c.h
[1.354s] -- Installing: /home/user/dobot_ws/install/ariac_interfaces/include/ariac_interfaces/ariac_interfaces/msg/detail/cell_defect__rosidl_typesupport_introspection_c.h
[1.354s] -- Installing: /home/user/dobot_ws/install/ariac_interfaces/include/ariac_interfaces/ariac_interfaces/msg/detail/competition_status__rosidl_typesupport_introspection_c.h
[1.356s] -- Installing: /home/user/dobot_ws/install/ariac_interfaces/include/ariac_interfaces/ariac_interfaces/msg/detail/inspection_report__rosidl_typesupport_introspection_c.h
[1.356s] -- Installing: /home/user/dobot_ws/install/ariac_interfaces/include/ariac_interfaces/ariac_interfaces/msg/detail/cell_feeder_status__type_support.c
[1.356s] -- Installing: /home/user/dobot_ws/install/ariac_interfaces/include/ariac_interfaces/ariac_interfaces/msg/detail/tool_changer_status__type_support.c
[1.356s] -- Installing: /home/user/dobot_ws/install/ariac_interfaces/include/ariac_interfaces/ariac_interfaces/msg/detail/tool_changer_status__rosidl_typesupport_introspection_c.h
[1.356s] -- Installing: /home/user/dobot_ws/install/ariac_interfaces/include/ariac_interfaces/ariac_interfaces/msg/detail/operation_states__rosidl_typesupport_introspection_c.h
[1.356s] -- Installing: /home/user/dobot_ws/install/ariac_interfaces/include/ariac_interfaces/ariac_interfaces/msg/detail/agv_tray_status__type_support.c
[1.357s] -- Installing: /home/user/dobot_ws/install/ariac_interfaces/include/ariac_interfaces/ariac_interfaces/msg/detail/voltage_reading__rosidl_typesupport_introspection_c.h
[1.357s] -- Installing: /home/user/dobot_ws/install/ariac_interfaces/include/ariac_interfaces/ariac_interfaces/msg/detail/cell_types__rosidl_typesupport_introspection_c.h
[1.357s] -- Installing: /home/user/dobot_ws/install/ariac_interfaces/include/ariac_interfaces/ariac_interfaces/msg/detail/distance_sensor__type_support.c
[1.357s] -- Installing: /home/user/dobot_ws/install/ariac_interfaces/include/ariac_interfaces/ariac_interfaces/msg/detail/agv_stations__type_support.c
[1.357s] -- Installing: /home/user/dobot_ws/install/ariac_interfaces/include/ariac_interfaces/ariac_interfaces/msg/detail/cell_types__type_support.c
[1.360s] -- Installing: /home/user/dobot_ws/install/ariac_interfaces/include/ariac_interfaces/ariac_interfaces/msg/detail/vacuum_tools__rosidl_typesupport_introspection_c.h
[1.360s] -- Installing: /home/user/dobot_ws/install/ariac_interfaces/include/ariac_interfaces/ariac_interfaces/msg/detail/high_priority_order__rosidl_typesupport_introspection_c.h
[1.360s] -- Installing: /home/user/dobot_ws/install/ariac_interfaces/include/ariac_interfaces/ariac_interfaces/msg/detail/distance_sensor__rosidl_typesupport_introspection_c.h
[1.360s] -- Installing: /home/user/dobot_ws/install/ariac_interfaces/include/ariac_interfaces/ariac_interfaces/msg/detail/competition_states__rosidl_typesupport_introspection_c.h
[1.361s] -- Installing: /home/user/dobot_ws/install/ariac_interfaces/include/ariac_interfaces/ariac_interfaces/msg/detail/agv_tray_status__rosidl_typesupport_introspection_c.h
[1.364s] -- Installing: /home/user/dobot_ws/install/ariac_interfaces/include/ariac_interfaces/ariac_interfaces/msg/detail/operation_states__type_support.c
[1.364s] -- Installing: /home/user/dobot_ws/install/ariac_interfaces/include/ariac_interfaces/ariac_interfaces/msg/detail/vacuum_tools__type_support.c
[1.364s] -- Installing: /home/user/dobot_ws/install/ariac_interfaces/include/ariac_interfaces/ariac_interfaces/msg/detail/break_beam_status__type_support.c
[1.364s] -- Installing: /home/user/dobot_ws/install/ariac_interfaces/include/ariac_interfaces/ariac_interfaces/msg/detail/competition_states__type_support.c
[1.364s] -- Installing: /home/user/dobot_ws/install/ariac_interfaces/include/ariac_interfaces/ariac_interfaces/msg/detail/competition_time__rosidl_typesupport_introspection_c.h
[1.364s] -- Installing: /home/user/dobot_ws/install/ariac_interfaces/include/ariac_interfaces/ariac_interfaces/msg/detail/inspection_report__type_support.c
[1.364s] -- Installing: /home/user/dobot_ws/install/ariac_interfaces/include/ariac_interfaces/ariac_interfaces/msg/detail/agv_stations__rosidl_typesupport_introspection_c.h
[1.365s] -- Installing: /home/user/dobot_ws/install/ariac_interfaces/include/ariac_interfaces/ariac_interfaces/msg/detail/break_beam_status__rosidl_typesupport_introspection_c.h
[1.365s] -- Installing: /home/user/dobot_ws/install/ariac_interfaces/include/ariac_interfaces/ariac_interfaces/msg/detail/competition_time__type_support.c
[1.365s] -- Installing: /home/user/dobot_ws/install/ariac_interfaces/include/ariac_interfaces/ariac_interfaces/msg/detail/cell_defect__type_support.c
[1.365s] -- Installing: /home/user/dobot_ws/install/ariac_interfaces/include/ariac_interfaces/ariac_interfaces/msg/detail/conveyor_status__type_support.c
[1.365s] -- Installing: /home/user/dobot_ws/install/ariac_interfaces/include/ariac_interfaces/ariac_interfaces/msg/detail/voltage_reading__type_support.c
[1.365s] -- Installing: /home/user/dobot_ws/install/ariac_interfaces/include/ariac_interfaces/ariac_interfaces/msg/detail/agv_status__type_support.c
[1.365s] -- Installing: /home/user/dobot_ws/install/ariac_interfaces/include/ariac_interfaces/ariac_interfaces/msg/detail/high_priority_order__type_support.c
[1.365s] -- Up-to-date: /home/user/dobot_ws/install/ariac_interfaces/include/ariac_interfaces/ariac_interfaces/action
[1.365s] -- Up-to-date: /home/user/dobot_ws/install/ariac_interfaces/include/ariac_interfaces/ariac_interfaces/action/detail
[1.365s] -- Installing: /home/user/dobot_ws/install/ariac_interfaces/include/ariac_interfaces/ariac_interfaces/action/detail/gripper_command__rosidl_typesupport_introspection_c.h
[1.368s] -- Installing: /home/user/dobot_ws/install/ariac_interfaces/include/ariac_interfaces/ariac_interfaces/action/detail/move_agv__type_support.c
[1.368s] -- Installing: /home/user/dobot_ws/install/ariac_interfaces/include/ariac_interfaces/ariac_interfaces/action/detail/gripper_command__type_support.c
[1.371s] -- Installing: /home/user/dobot_ws/install/ariac_interfaces/include/ariac_interfaces/ariac_interfaces/action/detail/move_agv__rosidl_typesupport_introspection_c.h
[1.371s] -- Up-to-date: /home/user/dobot_ws/install/ariac_interfaces/include/ariac_interfaces/ariac_interfaces/srv
[1.371s] -- Up-to-date: /home/user/dobot_ws/install/ariac_interfaces/include/ariac_interfaces/ariac_interfaces/srv/detail
[1.371s] -- Installing: /home/user/dobot_ws/install/ariac_interfaces/include/ariac_interfaces/ariac_interfaces/srv/detail/conveyor_control__type_support.c
[1.371s] -- Installing: /home/user/dobot_ws/install/ariac_interfaces/include/ariac_interfaces/ariac_interfaces/srv/detail/trigger__type_support.c
[1.371s] -- Installing: /home/user/dobot_ws/install/ariac_interfaces/include/ariac_interfaces/ariac_interfaces/srv/detail/attach_tool__type_support.c
[1.372s] -- Installing: /home/user/dobot_ws/install/ariac_interfaces/include/ariac_interfaces/ariac_interfaces/srv/detail/submit_high_priority_order__type_support.c
[1.372s] -- Installing: /home/user/dobot_ws/install/ariac_interfaces/include/ariac_interfaces/ariac_interfaces/srv/detail/attach_tool__rosidl_typesupport_introspection_c.h
[1.372s] -- Installing: /home/user/dobot_ws/install/ariac_interfaces/include/ariac_interfaces/ariac_interfaces/srv/detail/bidirectional_conveyor_control__type_support.c
[1.372s] -- Installing: /home/user/dobot_ws/install/ariac_interfaces/include/ariac_interfaces/ariac_interfaces/srv/detail/check_kit_quality__type_support.c
[1.375s] -- Installing: /home/user/dobot_ws/install/ariac_interfaces/include/ariac_interfaces/ariac_interfaces/srv/detail/trigger__rosidl_typesupport_introspection_c.h
[1.375s] -- Installing: /home/user/dobot_ws/install/ariac_interfaces/include/ariac_interfaces/ariac_interfaces/srv/detail/end_competition__rosidl_typesupport_introspection_c.h
[1.375s] -- Installing: /home/user/dobot_ws/install/ariac_interfaces/include/ariac_interfaces/ariac_interfaces/srv/detail/conveyor_control__rosidl_typesupport_introspection_c.h
[1.375s] -- Installing: /home/user/dobot_ws/install/ariac_interfaces/include/ariac_interfaces/ariac_interfaces/srv/detail/control_cell_feeder__type_support.c
[1.376s] -- Installing: /home/user/dobot_ws/install/ariac_interfaces/include/ariac_interfaces/ariac_interfaces/srv/detail/submit_inspection_report__type_support.c
[1.376s] -- Installing: /home/user/dobot_ws/install/ariac_interfaces/include/ariac_interfaces/ariac_interfaces/srv/detail/control_cell_feeder__rosidl_typesupport_introspection_c.h
[1.377s] -- Installing: /home/user/dobot_ws/install/ariac_interfaces/include/ariac_interfaces/ariac_interfaces/srv/detail/check_kit_quality__rosidl_typesupport_introspection_c.h
[1.377s] -- Installing: /home/user/dobot_ws/install/ariac_interfaces/include/ariac_interfaces/ariac_interfaces/srv/detail/submit_high_priority_order__rosidl_typesupport_introspection_c.h
[1.377s] -- Installing: /home/user/dobot_ws/install/ariac_interfaces/include/ariac_interfaces/ariac_interfaces/srv/detail/end_competition__type_support.c
[1.377s] -- Installing: /home/user/dobot_ws/install/ariac_interfaces/include/ariac_interfaces/ariac_interfaces/srv/detail/submit_inspection_report__rosidl_typesupport_introspection_c.h
[1.378s] -- Installing: /home/user/dobot_ws/install/ariac_interfaces/include/ariac_interfaces/ariac_interfaces/srv/detail/bidirectional_conveyor_control__rosidl_typesupport_introspection_c.h
[1.378s] -- Installing: /home/user/dobot_ws/install/ariac_interfaces/lib/libariac_interfaces__rosidl_typesupport_introspection_c.so
[1.381s] -- Set runtime path of "/home/user/dobot_ws/install/ariac_interfaces/lib/libariac_interfaces__rosidl_typesupport_introspection_c.so" to ""
[1.381s] -- Installing: /home/user/dobot_ws/install/ariac_interfaces/lib/libariac_interfaces__rosidl_typesupport_c.so
[1.384s] -- Set runtime path of "/home/user/dobot_ws/install/ariac_interfaces/lib/libariac_interfaces__rosidl_typesupport_c.so" to ""
[1.384s] -- Up-to-date: /home/user/dobot_ws/install/ariac_interfaces/include/ariac_interfaces/ariac_interfaces
[1.384s] -- Up-to-date: /home/user/dobot_ws/install/ariac_interfaces/include/ariac_interfaces/ariac_interfaces/msg
[1.385s] -- Up-to-date: /home/user/dobot_ws/install/ariac_interfaces/include/ariac_interfaces/ariac_interfaces/msg/detail
[1.385s] -- Installing: /home/user/dobot_ws/install/ariac_interfaces/include/ariac_interfaces/ariac_interfaces/msg/detail/high_priority_order__type_support.cpp
[1.385s] -- Installing: /home/user/dobot_ws/install/ariac_interfaces/include/ariac_interfaces/ariac_interfaces/msg/detail/cell_defect__type_support.cpp
[1.388s] -- Installing: /home/user/dobot_ws/install/ariac_interfaces/include/ariac_interfaces/ariac_interfaces/msg/detail/tool_changer_status__rosidl_typesupport_introspection_cpp.hpp
[1.388s] -- Installing: /home/user/dobot_ws/install/ariac_interfaces/include/ariac_interfaces/ariac_interfaces/msg/detail/competition_status__type_support.cpp
[1.388s] -- Installing: /home/user/dobot_ws/install/ariac_interfaces/include/ariac_interfaces/ariac_interfaces/msg/detail/agv_status__rosidl_typesupport_introspection_cpp.hpp
[1.388s] -- Installing: /home/user/dobot_ws/install/ariac_interfaces/include/ariac_interfaces/ariac_interfaces/msg/detail/operation_states__rosidl_typesupport_introspection_cpp.hpp
[1.388s] -- Installing: /home/user/dobot_ws/install/ariac_interfaces/include/ariac_interfaces/ariac_interfaces/msg/detail/conveyor_status__rosidl_typesupport_introspection_cpp.hpp
[1.388s] -- Installing: /home/user/dobot_ws/install/ariac_interfaces/include/ariac_interfaces/ariac_interfaces/msg/detail/voltage_reading__type_support.cpp
[1.389s] -- Installing: /home/user/dobot_ws/install/ariac_interfaces/include/ariac_interfaces/ariac_interfaces/msg/detail/cell_defect__rosidl_typesupport_introspection_cpp.hpp
[1.389s] -- Installing: /home/user/dobot_ws/install/ariac_interfaces/include/ariac_interfaces/ariac_interfaces/msg/detail/agv_stations__rosidl_typesupport_introspection_cpp.hpp
[1.389s] -- Installing: /home/user/dobot_ws/install/ariac_interfaces/include/ariac_interfaces/ariac_interfaces/msg/detail/cell_feeder_status__rosidl_typesupport_introspection_cpp.hpp
[1.389s] -- Installing: /home/user/dobot_ws/install/ariac_interfaces/include/ariac_interfaces/ariac_interfaces/msg/detail/high_priority_order__rosidl_typesupport_introspection_cpp.hpp
[1.389s] -- Installing: /home/user/dobot_ws/install/ariac_interfaces/include/ariac_interfaces/ariac_interfaces/msg/detail/competition_states__rosidl_typesupport_introspection_cpp.hpp
[1.390s] -- Installing: /home/user/dobot_ws/install/ariac_interfaces/include/ariac_interfaces/ariac_interfaces/msg/detail/break_beam_status__type_support.cpp
[1.391s] -- Installing: /home/user/dobot_ws/install/ariac_interfaces/include/ariac_interfaces/ariac_interfaces/msg/detail/cell_types__type_support.cpp
[1.391s] -- Installing: /home/user/dobot_ws/install/ariac_interfaces/include/ariac_interfaces/ariac_interfaces/msg/detail/cell_feeder_status__type_support.cpp
[1.391s] -- Installing: /home/user/dobot_ws/install/ariac_interfaces/include/ariac_interfaces/ariac_interfaces/msg/detail/competition_time__rosidl_typesupport_introspection_cpp.hpp
[1.391s] -- Installing: /home/user/dobot_ws/install/ariac_interfaces/include/ariac_interfaces/ariac_interfaces/msg/detail/distance_sensor__rosidl_typesupport_introspection_cpp.hpp
[1.398s] -- Installing: /home/user/dobot_ws/install/ariac_interfaces/include/ariac_interfaces/ariac_interfaces/msg/detail/break_beam_status__rosidl_typesupport_introspection_cpp.hpp
[1.398s] -- Installing: /home/user/dobot_ws/install/ariac_interfaces/include/ariac_interfaces/ariac_interfaces/msg/detail/agv_stations__type_support.cpp
[1.398s] -- Installing: /home/user/dobot_ws/install/ariac_interfaces/include/ariac_interfaces/ariac_interfaces/msg/detail/tool_changer_status__type_support.cpp
[1.399s] -- Installing: /home/user/dobot_ws/install/ariac_interfaces/include/ariac_interfaces/ariac_interfaces/msg/detail/conveyor_status__type_support.cpp
[1.399s] -- Installing: /home/user/dobot_ws/install/ariac_interfaces/include/ariac_interfaces/ariac_interfaces/msg/detail/competition_status__rosidl_typesupport_introspection_cpp.hpp
[1.399s] -- Installing: /home/user/dobot_ws/install/ariac_interfaces/include/ariac_interfaces/ariac_interfaces/msg/detail/vacuum_tools__rosidl_typesupport_introspection_cpp.hpp
[1.399s] -- Installing: /home/user/dobot_ws/install/ariac_interfaces/include/ariac_interfaces/ariac_interfaces/msg/detail/agv_tray_status__rosidl_typesupport_introspection_cpp.hpp
[1.399s] -- Installing: /home/user/dobot_ws/install/ariac_interfaces/include/ariac_interfaces/ariac_interfaces/msg/detail/inspection_report__rosidl_typesupport_introspection_cpp.hpp
[1.399s] -- Installing: /home/user/dobot_ws/install/ariac_interfaces/include/ariac_interfaces/ariac_interfaces/msg/detail/cell_types__rosidl_typesupport_introspection_cpp.hpp
[1.399s] -- Installing: /home/user/dobot_ws/install/ariac_interfaces/include/ariac_interfaces/ariac_interfaces/msg/detail/voltage_reading__rosidl_typesupport_introspection_cpp.hpp
[1.399s] -- Installing: /home/user/dobot_ws/install/ariac_interfaces/include/ariac_interfaces/ariac_interfaces/msg/detail/operation_states__type_support.cpp
[1.399s] -- Installing: /home/user/dobot_ws/install/ariac_interfaces/include/ariac_interfaces/ariac_interfaces/msg/detail/distance_sensor__type_support.cpp
[1.399s] -- Installing: /home/user/dobot_ws/install/ariac_interfaces/include/ariac_interfaces/ariac_interfaces/msg/detail/vacuum_tools__type_support.cpp
[1.399s] -- Installing: /home/user/dobot_ws/install/ariac_interfaces/include/ariac_interfaces/ariac_interfaces/msg/detail/agv_status__type_support.cpp
[1.400s] -- Installing: /home/user/dobot_ws/install/ariac_interfaces/include/ariac_interfaces/ariac_interfaces/msg/detail/competition_time__type_support.cpp
[1.400s] -- Installing: /home/user/dobot_ws/install/ariac_interfaces/include/ariac_interfaces/ariac_interfaces/msg/detail/agv_tray_status__type_support.cpp
[1.401s] -- Installing: /home/user/dobot_ws/install/ariac_interfaces/include/ariac_interfaces/ariac_interfaces/msg/detail/competition_states__type_support.cpp
[1.401s] -- Installing: /home/user/dobot_ws/install/ariac_interfaces/include/ariac_interfaces/ariac_interfaces/msg/detail/inspection_report__type_support.cpp
[1.402s] -- Up-to-date: /home/user/dobot_ws/install/ariac_interfaces/include/ariac_interfaces/ariac_interfaces/action
[1.403s] -- Up-to-date: /home/user/dobot_ws/install/ariac_interfaces/include/ariac_interfaces/ariac_interfaces/action/detail
[1.403s] -- Installing: /home/user/dobot_ws/install/ariac_interfaces/include/ariac_interfaces/ariac_interfaces/action/detail/gripper_command__rosidl_typesupport_introspection_cpp.hpp
[1.403s] -- Installing: /home/user/dobot_ws/install/ariac_interfaces/include/ariac_interfaces/ariac_interfaces/action/detail/move_agv__type_support.cpp
[1.403s] -- Installing: /home/user/dobot_ws/install/ariac_interfaces/include/ariac_interfaces/ariac_interfaces/action/detail/gripper_command__type_support.cpp
[1.404s] -- Installing: /home/user/dobot_ws/install/ariac_interfaces/include/ariac_interfaces/ariac_interfaces/action/detail/move_agv__rosidl_typesupport_introspection_cpp.hpp
[1.404s] -- Up-to-date: /home/user/dobot_ws/install/ariac_interfaces/include/ariac_interfaces/ariac_interfaces/srv
[1.404s] -- Up-to-date: /home/user/dobot_ws/install/ariac_interfaces/include/ariac_interfaces/ariac_interfaces/srv/detail
[1.404s] -- Installing: /home/user/dobot_ws/install/ariac_interfaces/include/ariac_interfaces/ariac_interfaces/srv/detail/bidirectional_conveyor_control__rosidl_typesupport_introspection_cpp.hpp
[1.405s] -- Installing: /home/user/dobot_ws/install/ariac_interfaces/include/ariac_interfaces/ariac_interfaces/srv/detail/conveyor_control__type_support.cpp
[1.405s] -- Installing: /home/user/dobot_ws/install/ariac_interfaces/include/ariac_interfaces/ariac_interfaces/srv/detail/end_competition__type_support.cpp
[1.405s] -- Installing: /home/user/dobot_ws/install/ariac_interfaces/include/ariac_interfaces/ariac_interfaces/srv/detail/check_kit_quality__type_support.cpp
[1.406s] -- Installing: /home/user/dobot_ws/install/ariac_interfaces/include/ariac_interfaces/ariac_interfaces/srv/detail/submit_inspection_report__rosidl_typesupport_introspection_cpp.hpp
[1.406s] -- Installing: /home/user/dobot_ws/install/ariac_interfaces/include/ariac_interfaces/ariac_interfaces/srv/detail/trigger__type_support.cpp
[1.406s] -- Installing: /home/user/dobot_ws/install/ariac_interfaces/include/ariac_interfaces/ariac_interfaces/srv/detail/attach_tool__type_support.cpp
[1.406s] -- Installing: /home/user/dobot_ws/install/ariac_interfaces/include/ariac_interfaces/ariac_interfaces/srv/detail/check_kit_quality__rosidl_typesupport_introspection_cpp.hpp
[1.406s] -- Installing: /home/user/dobot_ws/install/ariac_interfaces/include/ariac_interfaces/ariac_interfaces/srv/detail/end_competition__rosidl_typesupport_introspection_cpp.hpp
[1.407s] -- Installing: /home/user/dobot_ws/install/ariac_interfaces/include/ariac_interfaces/ariac_interfaces/srv/detail/control_cell_feeder__rosidl_typesupport_introspection_cpp.hpp
[1.407s] -- Installing: /home/user/dobot_ws/install/ariac_interfaces/include/ariac_interfaces/ariac_interfaces/srv/detail/bidirectional_conveyor_control__type_support.cpp
[1.407s] -- Installing: /home/user/dobot_ws/install/ariac_interfaces/include/ariac_interfaces/ariac_interfaces/srv/detail/submit_high_priority_order__type_support.cpp
[1.407s] -- Installing: /home/user/dobot_ws/install/ariac_interfaces/include/ariac_interfaces/ariac_interfaces/srv/detail/submit_inspection_report__type_support.cpp
[1.407s] -- Installing: /home/user/dobot_ws/install/ariac_interfaces/include/ariac_interfaces/ariac_interfaces/srv/detail/conveyor_control__rosidl_typesupport_introspection_cpp.hpp
[1.407s] -- Installing: /home/user/dobot_ws/install/ariac_interfaces/include/ariac_interfaces/ariac_interfaces/srv/detail/attach_tool__rosidl_typesupport_introspection_cpp.hpp
[1.407s] -- Installing: /home/user/dobot_ws/install/ariac_interfaces/include/ariac_interfaces/ariac_interfaces/srv/detail/control_cell_feeder__type_support.cpp
[1.407s] -- Installing: /home/user/dobot_ws/install/ariac_interfaces/include/ariac_interfaces/ariac_interfaces/srv/detail/submit_high_priority_order__rosidl_typesupport_introspection_cpp.hpp
[1.407s] -- Installing: /home/user/dobot_ws/install/ariac_interfaces/include/ariac_interfaces/ariac_interfaces/srv/detail/trigger__rosidl_typesupport_introspection_cpp.hpp
[1.408s] -- Installing: /home/user/dobot_ws/install/ariac_interfaces/lib/libariac_interfaces__rosidl_typesupport_introspection_cpp.so
[1.411s] -- Set runtime path of "/home/user/dobot_ws/install/ariac_interfaces/lib/libariac_interfaces__rosidl_typesupport_introspection_cpp.so" to ""
[1.411s] -- Installing: /home/user/dobot_ws/install/ariac_interfaces/lib/libariac_interfaces__rosidl_typesupport_cpp.so
[1.412s] -- Set runtime path of "/home/user/dobot_ws/install/ariac_interfaces/lib/libariac_interfaces__rosidl_typesupport_cpp.so" to ""
[1.412s] -- Installing: /home/user/dobot_ws/install/ariac_interfaces/share/ariac_interfaces/environment/pythonpath.sh
[1.412s] -- Installing: /home/user/dobot_ws/install/ariac_interfaces/share/ariac_interfaces/environment/pythonpath.dsv
[1.413s] -- Installing: /home/user/dobot_ws/install/ariac_interfaces/local/lib/python3.10/dist-packages/ariac_interfaces-2025.3.4-py3.10.egg-info
[1.413s] -- Installing: /home/user/dobot_ws/install/ariac_interfaces/local/lib/python3.10/dist-packages/ariac_interfaces-2025.3.4-py3.10.egg-info/SOURCES.txt
[1.413s] -- Installing: /home/user/dobot_ws/install/ariac_interfaces/local/lib/python3.10/dist-packages/ariac_interfaces-2025.3.4-py3.10.egg-info/top_level.txt
[1.413s] -- Installing: /home/user/dobot_ws/install/ariac_interfaces/local/lib/python3.10/dist-packages/ariac_interfaces-2025.3.4-py3.10.egg-info/PKG-INFO
[1.414s] -- Installing: /home/user/dobot_ws/install/ariac_interfaces/local/lib/python3.10/dist-packages/ariac_interfaces-2025.3.4-py3.10.egg-info/dependency_links.txt
[1.414s] -- Installing: /home/user/dobot_ws/install/ariac_interfaces/local/lib/python3.10/dist-packages/ariac_interfaces
[1.414s] -- Installing: /home/user/dobot_ws/install/ariac_interfaces/local/lib/python3.10/dist-packages/ariac_interfaces/_ariac_interfaces_s.ep.rosidl_typesupport_c.c
[1.414s] -- Installing: /home/user/dobot_ws/install/ariac_interfaces/local/lib/python3.10/dist-packages/ariac_interfaces/libariac_interfaces__rosidl_generator_py.so
[1.414s] -- Installing: /home/user/dobot_ws/install/ariac_interfaces/local/lib/python3.10/dist-packages/ariac_interfaces/msg
[1.414s] -- Installing: /home/user/dobot_ws/install/ariac_interfaces/local/lib/python3.10/dist-packages/ariac_interfaces/msg/_cell_feeder_status_s.c
[1.415s] -- Installing: /home/user/dobot_ws/install/ariac_interfaces/local/lib/python3.10/dist-packages/ariac_interfaces/msg/_competition_status_s.c
[1.415s] -- Installing: /home/user/dobot_ws/install/ariac_interfaces/local/lib/python3.10/dist-packages/ariac_interfaces/msg/_voltage_reading_s.c
[1.415s] -- Installing: /home/user/dobot_ws/install/ariac_interfaces/local/lib/python3.10/dist-packages/ariac_interfaces/msg/_inspection_report.py
[1.415s] -- Installing: /home/user/dobot_ws/install/ariac_interfaces/local/lib/python3.10/dist-packages/ariac_interfaces/msg/_vacuum_tools_s.c
[1.415s] -- Installing: /home/user/dobot_ws/install/ariac_interfaces/local/lib/python3.10/dist-packages/ariac_interfaces/msg/_agv_tray_status_s.c
[1.415s] -- Installing: /home/user/dobot_ws/install/ariac_interfaces/local/lib/python3.10/dist-packages/ariac_interfaces/msg/_break_beam_status_s.c
[1.415s] -- Installing: /home/user/dobot_ws/install/ariac_interfaces/local/lib/python3.10/dist-packages/ariac_interfaces/msg/_tool_changer_status.py
[1.416s] -- Installing: /home/user/dobot_ws/install/ariac_interfaces/local/lib/python3.10/dist-packages/ariac_interfaces/msg/_conveyor_status_s.c
[1.416s] -- Installing: /home/user/dobot_ws/install/ariac_interfaces/local/lib/python3.10/dist-packages/ariac_interfaces/msg/_distance_sensor_s.c
[1.416s] -- Installing: /home/user/dobot_ws/install/ariac_interfaces/local/lib/python3.10/dist-packages/ariac_interfaces/msg/_competition_status.py
[1.416s] -- Installing: /home/user/dobot_ws/install/ariac_interfaces/local/lib/python3.10/dist-packages/ariac_interfaces/msg/_voltage_reading.py
[1.417s] -- Installing: /home/user/dobot_ws/install/ariac_interfaces/local/lib/python3.10/dist-packages/ariac_interfaces/msg/_conveyor_status.py
[1.418s] -- Installing: /home/user/dobot_ws/install/ariac_interfaces/local/lib/python3.10/dist-packages/ariac_interfaces/msg/_distance_sensor.py
[1.418s] -- Installing: /home/user/dobot_ws/install/ariac_interfaces/local/lib/python3.10/dist-packages/ariac_interfaces/msg/_competition_states.py
[1.418s] -- Installing: /home/user/dobot_ws/install/ariac_interfaces/local/lib/python3.10/dist-packages/ariac_interfaces/msg/_break_beam_status.py
[1.418s] -- Installing: /home/user/dobot_ws/install/ariac_interfaces/local/lib/python3.10/dist-packages/ariac_interfaces/msg/_competition_time.py
[1.418s] -- Installing: /home/user/dobot_ws/install/ariac_interfaces/local/lib/python3.10/dist-packages/ariac_interfaces/msg/_operation_states_s.c
[1.418s] -- Installing: /home/user/dobot_ws/install/ariac_interfaces/local/lib/python3.10/dist-packages/ariac_interfaces/msg/_cell_types.py
[1.418s] -- Installing: /home/user/dobot_ws/install/ariac_interfaces/local/lib/python3.10/dist-packages/ariac_interfaces/msg/_cell_defect.py
[1.419s] -- Installing: /home/user/dobot_ws/install/ariac_interfaces/local/lib/python3.10/dist-packages/ariac_interfaces/msg/_cell_defect_s.c
[1.419s] -- Installing: /home/user/dobot_ws/install/ariac_interfaces/local/lib/python3.10/dist-packages/ariac_interfaces/msg/_agv_status.py
[1.419s] -- Installing: /home/user/dobot_ws/install/ariac_interfaces/local/lib/python3.10/dist-packages/ariac_interfaces/msg/__init__.py
[1.419s] -- Installing: /home/user/dobot_ws/install/ariac_interfaces/local/lib/python3.10/dist-packages/ariac_interfaces/msg/_cell_feeder_status.py
[1.420s] -- Installing: /home/user/dobot_ws/install/ariac_interfaces/local/lib/python3.10/dist-packages/ariac_interfaces/msg/_vacuum_tools.py
[1.420s] -- Installing: /home/user/dobot_ws/install/ariac_interfaces/local/lib/python3.10/dist-packages/ariac_interfaces/msg/_operation_states.py
[1.420s] -- Installing: /home/user/dobot_ws/install/ariac_interfaces/local/lib/python3.10/dist-packages/ariac_interfaces/msg/_competition_time_s.c
[1.420s] -- Installing: /home/user/dobot_ws/install/ariac_interfaces/local/lib/python3.10/dist-packages/ariac_interfaces/msg/_agv_stations_s.c
[1.420s] -- Installing: /home/user/dobot_ws/install/ariac_interfaces/local/lib/python3.10/dist-packages/ariac_interfaces/msg/_high_priority_order.py
[1.421s] -- Installing: /home/user/dobot_ws/install/ariac_interfaces/local/lib/python3.10/dist-packages/ariac_interfaces/msg/_agv_tray_status.py
[1.421s] -- Installing: /home/user/dobot_ws/install/ariac_interfaces/local/lib/python3.10/dist-packages/ariac_interfaces/msg/_inspection_report_s.c
[1.421s] -- Installing: /home/user/dobot_ws/install/ariac_interfaces/local/lib/python3.10/dist-packages/ariac_interfaces/msg/_tool_changer_status_s.c
[1.422s] -- Installing: /home/user/dobot_ws/install/ariac_interfaces/local/lib/python3.10/dist-packages/ariac_interfaces/msg/_agv_status_s.c
[1.422s] -- Installing: /home/user/dobot_ws/install/ariac_interfaces/local/lib/python3.10/dist-packages/ariac_interfaces/msg/_high_priority_order_s.c
[1.422s] -- Installing: /home/user/dobot_ws/install/ariac_interfaces/local/lib/python3.10/dist-packages/ariac_interfaces/msg/_competition_states_s.c
[1.422s] -- Installing: /home/user/dobot_ws/install/ariac_interfaces/local/lib/python3.10/dist-packages/ariac_interfaces/msg/_cell_types_s.c
[1.423s] -- Installing: /home/user/dobot_ws/install/ariac_interfaces/local/lib/python3.10/dist-packages/ariac_interfaces/msg/_agv_stations.py
[1.423s] -- Installing: /home/user/dobot_ws/install/ariac_interfaces/local/lib/python3.10/dist-packages/ariac_interfaces/_ariac_interfaces_s.ep.rosidl_typesupport_introspection_c.c
[1.423s] -- Installing: /home/user/dobot_ws/install/ariac_interfaces/local/lib/python3.10/dist-packages/ariac_interfaces/ariac_interfaces_s__rosidl_typesupport_fastrtps_c.cpython-310-x86_64-linux-gnu.so
[1.424s] -- Installing: /home/user/dobot_ws/install/ariac_interfaces/local/lib/python3.10/dist-packages/ariac_interfaces/ariac_interfaces_s__rosidl_typesupport_introspection_c.cpython-310-x86_64-linux-gnu.so
[1.424s] -- Installing: /home/user/dobot_ws/install/ariac_interfaces/local/lib/python3.10/dist-packages/ariac_interfaces/action
[1.424s] -- Installing: /home/user/dobot_ws/install/ariac_interfaces/local/lib/python3.10/dist-packages/ariac_interfaces/action/_move_agv.py
[1.424s] -- Installing: /home/user/dobot_ws/install/ariac_interfaces/local/lib/python3.10/dist-packages/ariac_interfaces/action/__init__.py
[1.425s] -- Installing: /home/user/dobot_ws/install/ariac_interfaces/local/lib/python3.10/dist-packages/ariac_interfaces/action/_gripper_command_s.c
[1.425s] -- Installing: /home/user/dobot_ws/install/ariac_interfaces/local/lib/python3.10/dist-packages/ariac_interfaces/action/_gripper_command.py
[1.425s] -- Installing: /home/user/dobot_ws/install/ariac_interfaces/local/lib/python3.10/dist-packages/ariac_interfaces/action/_move_agv_s.c
[1.426s] -- Installing: /home/user/dobot_ws/install/ariac_interfaces/local/lib/python3.10/dist-packages/ariac_interfaces/__init__.py
[1.426s] -- Installing: /home/user/dobot_ws/install/ariac_interfaces/local/lib/python3.10/dist-packages/ariac_interfaces/ariac_interfaces_s__rosidl_typesupport_c.cpython-310-x86_64-linux-gnu.so
[1.426s] -- Installing: /home/user/dobot_ws/install/ariac_interfaces/local/lib/python3.10/dist-packages/ariac_interfaces/srv
[1.426s] -- Installing: /home/user/dobot_ws/install/ariac_interfaces/local/lib/python3.10/dist-packages/ariac_interfaces/srv/_submit_high_priority_order_s.c
[1.426s] -- Installing: /home/user/dobot_ws/install/ariac_interfaces/local/lib/python3.10/dist-packages/ariac_interfaces/srv/_conveyor_control_s.c
[1.426s] -- Installing: /home/user/dobot_ws/install/ariac_interfaces/local/lib/python3.10/dist-packages/ariac_interfaces/srv/_submit_high_priority_order.py
[1.426s] -- Installing: /home/user/dobot_ws/install/ariac_interfaces/local/lib/python3.10/dist-packages/ariac_interfaces/srv/_attach_tool_s.c
[1.427s] -- Installing: /home/user/dobot_ws/install/ariac_interfaces/local/lib/python3.10/dist-packages/ariac_interfaces/srv/_bidirectional_conveyor_control_s.c
[1.427s] -- Installing: /home/user/dobot_ws/install/ariac_interfaces/local/lib/python3.10/dist-packages/ariac_interfaces/srv/_check_kit_quality.py
[1.428s] -- Installing: /home/user/dobot_ws/install/ariac_interfaces/local/lib/python3.10/dist-packages/ariac_interfaces/srv/_control_cell_feeder_s.c
[1.428s] -- Installing: /home/user/dobot_ws/install/ariac_interfaces/local/lib/python3.10/dist-packages/ariac_interfaces/srv/_submit_inspection_report_s.c
[1.428s] -- Installing: /home/user/dobot_ws/install/ariac_interfaces/local/lib/python3.10/dist-packages/ariac_interfaces/srv/_check_kit_quality_s.c
[1.428s] -- Installing: /home/user/dobot_ws/install/ariac_interfaces/local/lib/python3.10/dist-packages/ariac_interfaces/srv/_end_competition_s.c
[1.428s] -- Installing: /home/user/dobot_ws/install/ariac_interfaces/local/lib/python3.10/dist-packages/ariac_interfaces/srv/_trigger_s.c
[1.428s] -- Installing: /home/user/dobot_ws/install/ariac_interfaces/local/lib/python3.10/dist-packages/ariac_interfaces/srv/_conveyor_control.py
[1.429s] -- Installing: /home/user/dobot_ws/install/ariac_interfaces/local/lib/python3.10/dist-packages/ariac_interfaces/srv/_bidirectional_conveyor_control.py
[1.430s] -- Installing: /home/user/dobot_ws/install/ariac_interfaces/local/lib/python3.10/dist-packages/ariac_interfaces/srv/_attach_tool.py
[1.430s] -- Installing: /home/user/dobot_ws/install/ariac_interfaces/local/lib/python3.10/dist-packages/ariac_interfaces/srv/__init__.py
[1.430s] -- Installing: /home/user/dobot_ws/install/ariac_interfaces/local/lib/python3.10/dist-packages/ariac_interfaces/srv/_submit_inspection_report.py
[1.430s] -- Installing: /home/user/dobot_ws/install/ariac_interfaces/local/lib/python3.10/dist-packages/ariac_interfaces/srv/_end_competition.py
[1.430s] -- Installing: /home/user/dobot_ws/install/ariac_interfaces/local/lib/python3.10/dist-packages/ariac_interfaces/srv/_trigger.py
[1.430s] -- Installing: /home/user/dobot_ws/install/ariac_interfaces/local/lib/python3.10/dist-packages/ariac_interfaces/srv/_control_cell_feeder.py
[1.430s] -- Installing: /home/user/dobot_ws/install/ariac_interfaces/local/lib/python3.10/dist-packages/ariac_interfaces/_ariac_interfaces_s.ep.rosidl_typesupport_fastrtps_c.c
[1.465s] Listing '/home/user/dobot_ws/install/ariac_interfaces/local/lib/python3.10/dist-packages/ariac_interfaces'...
[1.465s] Compiling '/home/user/dobot_ws/install/ariac_interfaces/local/lib/python3.10/dist-packages/ariac_interfaces/__init__.py'...
[1.465s] Listing '/home/user/dobot_ws/install/ariac_interfaces/local/lib/python3.10/dist-packages/ariac_interfaces/action'...
[1.465s] Compiling '/home/user/dobot_ws/install/ariac_interfaces/local/lib/python3.10/dist-packages/ariac_interfaces/action/__init__.py'...
[1.465s] Compiling '/home/user/dobot_ws/install/ariac_interfaces/local/lib/python3.10/dist-packages/ariac_interfaces/action/_gripper_command.py'...
[1.465s] Compiling '/home/user/dobot_ws/install/ariac_interfaces/local/lib/python3.10/dist-packages/ariac_interfaces/action/_move_agv.py'...
[1.465s] Listing '/home/user/dobot_ws/install/ariac_interfaces/local/lib/python3.10/dist-packages/ariac_interfaces/msg'...
[1.465s] Compiling '/home/user/dobot_ws/install/ariac_interfaces/local/lib/python3.10/dist-packages/ariac_interfaces/msg/__init__.py'...
[1.465s] Compiling '/home/user/dobot_ws/install/ariac_interfaces/local/lib/python3.10/dist-packages/ariac_interfaces/msg/_agv_stations.py'...
[1.465s] Compiling '/home/user/dobot_ws/install/ariac_interfaces/local/lib/python3.10/dist-packages/ariac_interfaces/msg/_agv_status.py'...
[1.465s] Compiling '/home/user/dobot_ws/install/ariac_interfaces/local/lib/python3.10/dist-packages/ariac_interfaces/msg/_agv_tray_status.py'...
[1.465s] Compiling '/home/user/dobot_ws/install/ariac_interfaces/local/lib/python3.10/dist-packages/ariac_interfaces/msg/_break_beam_status.py'...
[1.465s] Compiling '/home/user/dobot_ws/install/ariac_interfaces/local/lib/python3.10/dist-packages/ariac_interfaces/msg/_cell_defect.py'...
[1.465s] Compiling '/home/user/dobot_ws/install/ariac_interfaces/local/lib/python3.10/dist-packages/ariac_interfaces/msg/_cell_feeder_status.py'...
[1.465s] Compiling '/home/user/dobot_ws/install/ariac_interfaces/local/lib/python3.10/dist-packages/ariac_interfaces/msg/_cell_types.py'...
[1.465s] Compiling '/home/user/dobot_ws/install/ariac_interfaces/local/lib/python3.10/dist-packages/ariac_interfaces/msg/_competition_states.py'...
[1.465s] Compiling '/home/user/dobot_ws/install/ariac_interfaces/local/lib/python3.10/dist-packages/ariac_interfaces/msg/_competition_status.py'...
[1.466s] Compiling '/home/user/dobot_ws/install/ariac_interfaces/local/lib/python3.10/dist-packages/ariac_interfaces/msg/_competition_time.py'...
[1.466s] Compiling '/home/user/dobot_ws/install/ariac_interfaces/local/lib/python3.10/dist-packages/ariac_interfaces/msg/_conveyor_status.py'...
[1.466s] Compiling '/home/user/dobot_ws/install/ariac_interfaces/local/lib/python3.10/dist-packages/ariac_interfaces/msg/_distance_sensor.py'...
[1.466s] Compiling '/home/user/dobot_ws/install/ariac_interfaces/local/lib/python3.10/dist-packages/ariac_interfaces/msg/_high_priority_order.py'...
[1.466s] Compiling '/home/user/dobot_ws/install/ariac_interfaces/local/lib/python3.10/dist-packages/ariac_interfaces/msg/_inspection_report.py'...
[1.466s] Compiling '/home/user/dobot_ws/install/ariac_interfaces/local/lib/python3.10/dist-packages/ariac_interfaces/msg/_operation_states.py'...
[1.466s] Compiling '/home/user/dobot_ws/install/ariac_interfaces/local/lib/python3.10/dist-packages/ariac_interfaces/msg/_tool_changer_status.py'...
[1.466s] Compiling '/home/user/dobot_ws/install/ariac_interfaces/local/lib/python3.10/dist-packages/ariac_interfaces/msg/_vacuum_tools.py'...
[1.466s] Compiling '/home/user/dobot_ws/install/ariac_interfaces/local/lib/python3.10/dist-packages/ariac_interfaces/msg/_voltage_reading.py'...
[1.466s] Listing '/home/user/dobot_ws/install/ariac_interfaces/local/lib/python3.10/dist-packages/ariac_interfaces/srv'...
[1.466s] Compiling '/home/user/dobot_ws/install/ariac_interfaces/local/lib/python3.10/dist-packages/ariac_interfaces/srv/__init__.py'...
[1.466s] Compiling '/home/user/dobot_ws/install/ariac_interfaces/local/lib/python3.10/dist-packages/ariac_interfaces/srv/_attach_tool.py'...
[1.466s] Compiling '/home/user/dobot_ws/install/ariac_interfaces/local/lib/python3.10/dist-packages/ariac_interfaces/srv/_bidirectional_conveyor_control.py'...
[1.466s] Compiling '/home/user/dobot_ws/install/ariac_interfaces/local/lib/python3.10/dist-packages/ariac_interfaces/srv/_check_kit_quality.py'...
[1.466s] Compiling '/home/user/dobot_ws/install/ariac_interfaces/local/lib/python3.10/dist-packages/ariac_interfaces/srv/_control_cell_feeder.py'...
[1.466s] Compiling '/home/user/dobot_ws/install/ariac_interfaces/local/lib/python3.10/dist-packages/ariac_interfaces/srv/_conveyor_control.py'...
[1.466s] Compiling '/home/user/dobot_ws/install/ariac_interfaces/local/lib/python3.10/dist-packages/ariac_interfaces/srv/_end_competition.py'...
[1.466s] Compiling '/home/user/dobot_ws/install/ariac_interfaces/local/lib/python3.10/dist-packages/ariac_interfaces/srv/_submit_high_priority_order.py'...
[1.466s] Compiling '/home/user/dobot_ws/install/ariac_interfaces/local/lib/python3.10/dist-packages/ariac_interfaces/srv/_submit_inspection_report.py'...
[1.466s] Compiling '/home/user/dobot_ws/install/ariac_interfaces/local/lib/python3.10/dist-packages/ariac_interfaces/srv/_trigger.py'...
[1.468s] -- Installing: /home/user/dobot_ws/install/ariac_interfaces/local/lib/python3.10/dist-packages/ariac_interfaces/ariac_interfaces_s__rosidl_typesupport_fastrtps_c.cpython-310-x86_64-linux-gnu.so
[1.468s] -- Set runtime path of "/home/user/dobot_ws/install/ariac_interfaces/local/lib/python3.10/dist-packages/ariac_interfaces/ariac_interfaces_s__rosidl_typesupport_fastrtps_c.cpython-310-x86_64-linux-gnu.so" to ""
[1.468s] -- Installing: /home/user/dobot_ws/install/ariac_interfaces/local/lib/python3.10/dist-packages/ariac_interfaces/ariac_interfaces_s__rosidl_typesupport_introspection_c.cpython-310-x86_64-linux-gnu.so
[1.469s] -- Set runtime path of "/home/user/dobot_ws/install/ariac_interfaces/local/lib/python3.10/dist-packages/ariac_interfaces/ariac_interfaces_s__rosidl_typesupport_introspection_c.cpython-310-x86_64-linux-gnu.so" to ""
[1.469s] -- Installing: /home/user/dobot_ws/install/ariac_interfaces/local/lib/python3.10/dist-packages/ariac_interfaces/ariac_interfaces_s__rosidl_typesupport_c.cpython-310-x86_64-linux-gnu.so
[1.469s] -- Set runtime path of "/home/user/dobot_ws/install/ariac_interfaces/local/lib/python3.10/dist-packages/ariac_interfaces/ariac_interfaces_s__rosidl_typesupport_c.cpython-310-x86_64-linux-gnu.so" to ""
[1.469s] -- Installing: /home/user/dobot_ws/install/ariac_interfaces/lib/libariac_interfaces__rosidl_generator_py.so
[1.469s] -- Set runtime path of "/home/user/dobot_ws/install/ariac_interfaces/lib/libariac_interfaces__rosidl_generator_py.so" to ""
[1.469s] -- Installing: /home/user/dobot_ws/install/ariac_interfaces/share/ament_index/resource_index/rust_packages/ariac_interfaces
[1.469s] -- Installing: /home/user/dobot_ws/install/ariac_interfaces/share/ariac_interfaces/rust
[1.469s] -- Installing: /home/user/dobot_ws/install/ariac_interfaces/share/ariac_interfaces/rust/src
[1.469s] -- Installing: /home/user/dobot_ws/install/ariac_interfaces/share/ariac_interfaces/rust/src/action.rs
[1.469s] -- Installing: /home/user/dobot_ws/install/ariac_interfaces/share/ariac_interfaces/rust/src/msg
[1.469s] -- Installing: /home/user/dobot_ws/install/ariac_interfaces/share/ariac_interfaces/rust/src/msg/rmw.rs
[1.470s] -- Installing: /home/user/dobot_ws/install/ariac_interfaces/share/ariac_interfaces/rust/src/action
[1.470s] -- Installing: /home/user/dobot_ws/install/ariac_interfaces/share/ariac_interfaces/rust/src/action/rmw.rs
[1.470s] -- Installing: /home/user/dobot_ws/install/ariac_interfaces/share/ariac_interfaces/rust/src/msg.rs
[1.470s] -- Installing: /home/user/dobot_ws/install/ariac_interfaces/share/ariac_interfaces/rust/src/srv
[1.470s] -- Installing: /home/user/dobot_ws/install/ariac_interfaces/share/ariac_interfaces/rust/src/srv/rmw.rs
[1.470s] -- Installing: /home/user/dobot_ws/install/ariac_interfaces/share/ariac_interfaces/rust/src/lib.rs
[1.470s] -- Installing: /home/user/dobot_ws/install/ariac_interfaces/share/ariac_interfaces/rust/src/srv.rs
[1.470s] -- Installing: /home/user/dobot_ws/install/ariac_interfaces/share/ariac_interfaces/rust/build.rs
[1.470s] -- Installing: /home/user/dobot_ws/install/ariac_interfaces/share/ariac_interfaces/rust/Cargo.toml
[1.470s] -- Installing: /home/user/dobot_ws/install/ariac_interfaces/share/ariac_interfaces/action/GripperCommand.idl
[1.470s] -- Installing: /home/user/dobot_ws/install/ariac_interfaces/share/ariac_interfaces/action/MoveAgv.idl
[1.470s] -- Installing: /home/user/dobot_ws/install/ariac_interfaces/share/ariac_interfaces/msg/AgvStations.idl
[1.470s] -- Installing: /home/user/dobot_ws/install/ariac_interfaces/share/ariac_interfaces/msg/AgvStatus.idl
[1.471s] -- Installing: /home/user/dobot_ws/install/ariac_interfaces/share/ariac_interfaces/msg/AgvTrayStatus.idl
[1.471s] -- Installing: /home/user/dobot_ws/install/ariac_interfaces/share/ariac_interfaces/msg/BreakBeamStatus.idl
[1.471s] -- Installing: /home/user/dobot_ws/install/ariac_interfaces/share/ariac_interfaces/msg/DistanceSensor.idl
[1.471s] -- Installing: /home/user/dobot_ws/install/ariac_interfaces/share/ariac_interfaces/msg/CellDefect.idl
[1.471s] -- Installing: /home/user/dobot_ws/install/ariac_interfaces/share/ariac_interfaces/msg/CellFeederStatus.idl
[1.471s] -- Installing: /home/user/dobot_ws/install/ariac_interfaces/share/ariac_interfaces/msg/CellTypes.idl
[1.471s] -- Installing: /home/user/dobot_ws/install/ariac_interfaces/share/ariac_interfaces/msg/CompetitionStates.idl
[1.471s] -- Installing: /home/user/dobot_ws/install/ariac_interfaces/share/ariac_interfaces/msg/CompetitionStatus.idl
[1.471s] -- Installing: /home/user/dobot_ws/install/ariac_interfaces/share/ariac_interfaces/msg/CompetitionTime.idl
[1.471s] -- Installing: /home/user/dobot_ws/install/ariac_interfaces/share/ariac_interfaces/msg/ConveyorStatus.idl
[1.471s] -- Installing: /home/user/dobot_ws/install/ariac_interfaces/share/ariac_interfaces/msg/HighPriorityOrder.idl
[1.471s] -- Installing: /home/user/dobot_ws/install/ariac_interfaces/share/ariac_interfaces/msg/InspectionReport.idl
[1.472s] -- Installing: /home/user/dobot_ws/install/ariac_interfaces/share/ariac_interfaces/msg/OperationStates.idl
[1.472s] -- Installing: /home/user/dobot_ws/install/ariac_interfaces/share/ariac_interfaces/msg/ToolChangerStatus.idl
[1.472s] -- Installing: /home/user/dobot_ws/install/ariac_interfaces/share/ariac_interfaces/msg/VacuumTools.idl
[1.472s] -- Installing: /home/user/dobot_ws/install/ariac_interfaces/share/ariac_interfaces/msg/VoltageReading.idl
[1.472s] -- Installing: /home/user/dobot_ws/install/ariac_interfaces/share/ariac_interfaces/srv/AttachTool.idl
[1.472s] -- Installing: /home/user/dobot_ws/install/ariac_interfaces/share/ariac_interfaces/srv/BidirectionalConveyorControl.idl
[1.472s] -- Installing: /home/user/dobot_ws/install/ariac_interfaces/share/ariac_interfaces/srv/CheckKitQuality.idl
[1.472s] -- Installing: /home/user/dobot_ws/install/ariac_interfaces/share/ariac_interfaces/srv/ControlCellFeeder.idl
[1.472s] -- Installing: /home/user/dobot_ws/install/ariac_interfaces/share/ariac_interfaces/srv/ConveyorControl.idl
[1.472s] -- Installing: /home/user/dobot_ws/install/ariac_interfaces/share/ariac_interfaces/srv/EndCompetition.idl
[1.472s] -- Installing: /home/user/dobot_ws/install/ariac_interfaces/share/ariac_interfaces/srv/SubmitHighPriorityOrder.idl
[1.472s] -- Installing: /home/user/dobot_ws/install/ariac_interfaces/share/ariac_interfaces/srv/SubmitInspectionReport.idl
[1.473s] -- Installing: /home/user/dobot_ws/install/ariac_interfaces/share/ariac_interfaces/srv/Trigger.idl
[1.473s] -- Installing: /home/user/dobot_ws/install/ariac_interfaces/share/ariac_interfaces/action/GripperCommand.action
[1.473s] -- Installing: /home/user/dobot_ws/install/ariac_interfaces/share/ariac_interfaces/action/MoveAgv.action
[1.473s] -- Installing: /home/user/dobot_ws/install/ariac_interfaces/share/ariac_interfaces/msg/AgvStations.msg
[1.473s] -- Installing: /home/user/dobot_ws/install/ariac_interfaces/share/ariac_interfaces/msg/AgvStatus.msg
[1.473s] -- Installing: /home/user/dobot_ws/install/ariac_interfaces/share/ariac_interfaces/msg/AgvTrayStatus.msg
[1.473s] -- Installing: /home/user/dobot_ws/install/ariac_interfaces/share/ariac_interfaces/msg/BreakBeamStatus.msg
[1.473s] -- Installing: /home/user/dobot_ws/install/ariac_interfaces/share/ariac_interfaces/msg/DistanceSensor.msg
[1.473s] -- Installing: /home/user/dobot_ws/install/ariac_interfaces/share/ariac_interfaces/msg/CellDefect.msg
[1.473s] -- Installing: /home/user/dobot_ws/install/ariac_interfaces/share/ariac_interfaces/msg/CellFeederStatus.msg
[1.473s] -- Installing: /home/user/dobot_ws/install/ariac_interfaces/share/ariac_interfaces/msg/CellTypes.msg
[1.474s] -- Installing: /home/user/dobot_ws/install/ariac_interfaces/share/ariac_interfaces/msg/CompetitionStates.msg
[1.474s] -- Installing: /home/user/dobot_ws/install/ariac_interfaces/share/ariac_interfaces/msg/CompetitionStatus.msg
[1.474s] -- Installing: /home/user/dobot_ws/install/ariac_interfaces/share/ariac_interfaces/msg/CompetitionTime.msg
[1.474s] -- Installing: /home/user/dobot_ws/install/ariac_interfaces/share/ariac_interfaces/msg/ConveyorStatus.msg
[1.474s] -- Installing: /home/user/dobot_ws/install/ariac_interfaces/share/ariac_interfaces/msg/HighPriorityOrder.msg
[1.474s] -- Installing: /home/user/dobot_ws/install/ariac_interfaces/share/ariac_interfaces/msg/InspectionReport.msg
[1.474s] -- Installing: /home/user/dobot_ws/install/ariac_interfaces/share/ariac_interfaces/msg/OperationStates.msg
[1.474s] -- Installing: /home/user/dobot_ws/install/ariac_interfaces/share/ariac_interfaces/msg/ToolChangerStatus.msg
[1.474s] -- Installing: /home/user/dobot_ws/install/ariac_interfaces/share/ariac_interfaces/msg/VacuumTools.msg
[1.474s] -- Installing: /home/user/dobot_ws/install/ariac_interfaces/share/ariac_interfaces/msg/VoltageReading.msg
[1.474s] -- Installing: /home/user/dobot_ws/install/ariac_interfaces/share/ariac_interfaces/srv/AttachTool.srv
[1.474s] -- Installing: /home/user/dobot_ws/install/ariac_interfaces/share/ariac_interfaces/srv/AttachTool_Request.msg
[1.475s] -- Installing: /home/user/dobot_ws/install/ariac_interfaces/share/ariac_interfaces/srv/AttachTool_Response.msg
[1.475s] -- Installing: /home/user/dobot_ws/install/ariac_interfaces/share/ariac_interfaces/srv/BidirectionalConveyorControl.srv
[1.475s] -- Installing: /home/user/dobot_ws/install/ariac_interfaces/share/ariac_interfaces/srv/BidirectionalConveyorControl_Request.msg
[1.475s] -- Installing: /home/user/dobot_ws/install/ariac_interfaces/share/ariac_interfaces/srv/BidirectionalConveyorControl_Response.msg
[1.475s] -- Installing: /home/user/dobot_ws/install/ariac_interfaces/share/ariac_interfaces/srv/CheckKitQuality.srv
[1.475s] -- Installing: /home/user/dobot_ws/install/ariac_interfaces/share/ariac_interfaces/srv/CheckKitQuality_Request.msg
[1.475s] -- Installing: /home/user/dobot_ws/install/ariac_interfaces/share/ariac_interfaces/srv/CheckKitQuality_Response.msg
[1.475s] -- Installing: /home/user/dobot_ws/install/ariac_interfaces/share/ariac_interfaces/srv/ControlCellFeeder.srv
[1.475s] -- Installing: /home/user/dobot_ws/install/ariac_interfaces/share/ariac_interfaces/srv/ControlCellFeeder_Request.msg
[1.475s] -- Installing: /home/user/dobot_ws/install/ariac_interfaces/share/ariac_interfaces/srv/ControlCellFeeder_Response.msg
[1.475s] -- Installing: /home/user/dobot_ws/install/ariac_interfaces/share/ariac_interfaces/srv/ConveyorControl.srv
[1.475s] -- Installing: /home/user/dobot_ws/install/ariac_interfaces/share/ariac_interfaces/srv/ConveyorControl_Request.msg
[1.475s] -- Installing: /home/user/dobot_ws/install/ariac_interfaces/share/ariac_interfaces/srv/ConveyorControl_Response.msg
[1.476s] -- Installing: /home/user/dobot_ws/install/ariac_interfaces/share/ariac_interfaces/srv/EndCompetition.srv
[1.476s] -- Installing: /home/user/dobot_ws/install/ariac_interfaces/share/ariac_interfaces/srv/EndCompetition_Request.msg
[1.476s] -- Installing: /home/user/dobot_ws/install/ariac_interfaces/share/ariac_interfaces/srv/EndCompetition_Response.msg
[1.476s] -- Installing: /home/user/dobot_ws/install/ariac_interfaces/share/ariac_interfaces/srv/SubmitHighPriorityOrder.srv
[1.476s] -- Installing: /home/user/dobot_ws/install/ariac_interfaces/share/ariac_interfaces/srv/SubmitHighPriorityOrder_Request.msg
[1.476s] -- Installing: /home/user/dobot_ws/install/ariac_interfaces/share/ariac_interfaces/srv/SubmitHighPriorityOrder_Response.msg
[1.476s] -- Installing: /home/user/dobot_ws/install/ariac_interfaces/share/ariac_interfaces/srv/SubmitInspectionReport.srv
[1.476s] -- Installing: /home/user/dobot_ws/install/ariac_interfaces/share/ariac_interfaces/srv/SubmitInspectionReport_Request.msg
[1.476s] -- Installing: /home/user/dobot_ws/install/ariac_interfaces/share/ariac_interfaces/srv/SubmitInspectionReport_Response.msg
[1.476s] -- Installing: /home/user/dobot_ws/install/ariac_interfaces/share/ariac_interfaces/srv/Trigger.srv
[1.476s] -- Installing: /home/user/dobot_ws/install/ariac_interfaces/share/ariac_interfaces/srv/Trigger_Request.msg
[1.476s] -- Installing: /home/user/dobot_ws/install/ariac_interfaces/share/ariac_interfaces/srv/Trigger_Response.msg
[1.477s] -- Installing: /home/user/dobot_ws/install/ariac_interfaces/share/ament_index/resource_index/package_run_dependencies/ariac_interfaces
[1.477s] -- Installing: /home/user/dobot_ws/install/ariac_interfaces/share/ament_index/resource_index/parent_prefix_path/ariac_interfaces
[1.477s] -- Installing: /home/user/dobot_ws/install/ariac_interfaces/share/ariac_interfaces/environment/ament_prefix_path.sh
[1.477s] -- Installing: /home/user/dobot_ws/install/ariac_interfaces/share/ariac_interfaces/environment/ament_prefix_path.dsv
[1.477s] -- Installing: /home/user/dobot_ws/install/ariac_interfaces/share/ariac_interfaces/environment/path.sh
[1.477s] -- Installing: /home/user/dobot_ws/install/ariac_interfaces/share/ariac_interfaces/environment/path.dsv
[1.477s] -- Installing: /home/user/dobot_ws/install/ariac_interfaces/share/ariac_interfaces/local_setup.bash
[1.477s] -- Installing: /home/user/dobot_ws/install/ariac_interfaces/share/ariac_interfaces/local_setup.sh
[1.477s] -- Installing: /home/user/dobot_ws/install/ariac_interfaces/share/ariac_interfaces/local_setup.zsh
[1.477s] -- Installing: /home/user/dobot_ws/install/ariac_interfaces/share/ariac_interfaces/local_setup.dsv
[1.477s] -- Installing: /home/user/dobot_ws/install/ariac_interfaces/share/ariac_interfaces/package.dsv
[1.478s] -- Installing: /home/user/dobot_ws/install/ariac_interfaces/share/ament_index/resource_index/packages/ariac_interfaces
[1.478s] -- Installing: /home/user/dobot_ws/install/ariac_interfaces/share/ariac_interfaces/cmake/export_ariac_interfaces__rosidl_generator_cExport.cmake
[1.478s] -- Installing: /home/user/dobot_ws/install/ariac_interfaces/share/ariac_interfaces/cmake/export_ariac_interfaces__rosidl_generator_cExport-noconfig.cmake
[1.478s] -- Installing: /home/user/dobot_ws/install/ariac_interfaces/share/ariac_interfaces/cmake/export_ariac_interfaces__rosidl_typesupport_fastrtps_cExport.cmake
[1.478s] -- Installing: /home/user/dobot_ws/install/ariac_interfaces/share/ariac_interfaces/cmake/export_ariac_interfaces__rosidl_typesupport_fastrtps_cExport-noconfig.cmake
[1.478s] -- Installing: /home/user/dobot_ws/install/ariac_interfaces/share/ariac_interfaces/cmake/export_ariac_interfaces__rosidl_generator_cppExport.cmake
[1.478s] -- Installing: /home/user/dobot_ws/install/ariac_interfaces/share/ariac_interfaces/cmake/export_ariac_interfaces__rosidl_typesupport_fastrtps_cppExport.cmake
[1.478s] -- Installing: /home/user/dobot_ws/install/ariac_interfaces/share/ariac_interfaces/cmake/export_ariac_interfaces__rosidl_typesupport_fastrtps_cppExport-noconfig.cmake
[1.478s] -- Installing: /home/user/dobot_ws/install/ariac_interfaces/share/ariac_interfaces/cmake/ariac_interfaces__rosidl_typesupport_introspection_cExport.cmake
[1.478s] -- Installing: /home/user/dobot_ws/install/ariac_interfaces/share/ariac_interfaces/cmake/ariac_interfaces__rosidl_typesupport_introspection_cExport-noconfig.cmake
[1.479s] -- Installing: /home/user/dobot_ws/install/ariac_interfaces/share/ariac_interfaces/cmake/ariac_interfaces__rosidl_typesupport_cExport.cmake
[1.479s] -- Installing: /home/user/dobot_ws/install/ariac_interfaces/share/ariac_interfaces/cmake/ariac_interfaces__rosidl_typesupport_cExport-noconfig.cmake
[1.479s] -- Installing: /home/user/dobot_ws/install/ariac_interfaces/share/ariac_interfaces/cmake/ariac_interfaces__rosidl_typesupport_introspection_cppExport.cmake
[1.479s] -- Installing: /home/user/dobot_ws/install/ariac_interfaces/share/ariac_interfaces/cmake/ariac_interfaces__rosidl_typesupport_introspection_cppExport-noconfig.cmake
[1.479s] -- Installing: /home/user/dobot_ws/install/ariac_interfaces/share/ariac_interfaces/cmake/ariac_interfaces__rosidl_typesupport_cppExport.cmake
[1.479s] -- Installing: /home/user/dobot_ws/install/ariac_interfaces/share/ariac_interfaces/cmake/ariac_interfaces__rosidl_typesupport_cppExport-noconfig.cmake
[1.479s] -- Installing: /home/user/dobot_ws/install/ariac_interfaces/share/ariac_interfaces/cmake/export_ariac_interfaces__rosidl_generator_pyExport.cmake
[1.479s] -- Installing: /home/user/dobot_ws/install/ariac_interfaces/share/ariac_interfaces/cmake/export_ariac_interfaces__rosidl_generator_pyExport-noconfig.cmake
[1.479s] -- Installing: /home/user/dobot_ws/install/ariac_interfaces/share/ariac_interfaces/cmake/rosidl_cmake-extras.cmake
[1.479s] -- Installing: /home/user/dobot_ws/install/ariac_interfaces/share/ariac_interfaces/cmake/ament_cmake_export_dependencies-extras.cmake
[1.479s] -- Installing: /home/user/dobot_ws/install/ariac_interfaces/share/ariac_interfaces/cmake/ament_cmake_export_include_directories-extras.cmake
[1.479s] -- Installing: /home/user/dobot_ws/install/ariac_interfaces/share/ariac_interfaces/cmake/ament_cmake_export_libraries-extras.cmake
[1.480s] -- Installing: /home/user/dobot_ws/install/ariac_interfaces/share/ariac_interfaces/cmake/ament_cmake_export_targets-extras.cmake
[1.480s] -- Installing: /home/user/dobot_ws/install/ariac_interfaces/share/ariac_interfaces/cmake/rosidl_cmake_export_typesupport_targets-extras.cmake
[1.480s] -- Installing: /home/user/dobot_ws/install/ariac_interfaces/share/ariac_interfaces/cmake/rosidl_cmake_export_typesupport_libraries-extras.cmake
[1.480s] -- Installing: /home/user/dobot_ws/install/ariac_interfaces/share/ariac_interfaces/cmake/ariac_interfacesConfig.cmake
[1.480s] -- Installing: /home/user/dobot_ws/install/ariac_interfaces/share/ariac_interfaces/cmake/ariac_interfacesConfig-version.cmake
[1.480s] -- Installing: /home/user/dobot_ws/install/ariac_interfaces/share/ariac_interfaces/package.xml
[1.491s] Invoked command in '/home/user/dobot_ws/build/ariac_interfaces' returned '0': CMAKE_PREFIX_PATH=${CMAKE_PREFIX_PATH}:/home/user/dobot_ws/install/servo_action:/home/user/dobot_ws/install/dobot_moveit:/home/user/dobot_ws/install/dobot_demo:/opt/ros/humble /usr/bin/cmake --install /home/user/dobot_ws/build/ariac_interfaces
