[0.080s] DEBUG:colcon:Command line arguments: ['/usr/bin/colcon', 'build']
[0.080s] DEBUG:colcon:Parsed command line arguments: Namespace(log_base=None, log_level=None, verb_name='build', build_base='build', install_base='install', merge_install=False, symlink_install=False, test_result_base=None, continue_on_error=False, executor='parallel', parallel_workers=16, event_handlers=None, ignore_user_meta=False, metas=['./colcon.meta'], base_paths=['.'], packages_ignore=None, packages_ignore_regex=None, paths=None, packages_up_to=None, packages_up_to_regex=None, packages_above=None, packages_above_and_dependencies=None, packages_above_depth=None, packages_select_by_dep=None, packages_skip_by_dep=None, packages_skip_up_to=None, packages_select_build_failed=False, packages_skip_build_finished=False, packages_select_test_failures=False, packages_skip_test_passed=False, packages_select=None, packages_skip=None, packages_select_regex=None, packages_skip_regex=None, packages_start=None, packages_end=None, allow_overriding=[], cmake_args=None, cmake_target=None, cmake_target_skip_unavailable=False, cmake_clean_cache=False, cmake_clean_first=False, cmake_force_configure=False, ament_cmake_args=None, catkin_cmake_args=None, catkin_skip_building_tests=False, verb_parser=<colcon_defaults.argument_parser.defaults.DefaultArgumentsDecorator object at 0x74f67fc24790>, verb_extension=<colcon_core.verb.build.BuildVerb object at 0x74f67fc24250>, main=<bound method BuildVerb.main of <colcon_core.verb.build.BuildVerb object at 0x74f67fc24250>>)
[0.203s] Level 1:colcon.colcon_core.package_discovery:discover_packages(colcon_meta) check parameters
[0.203s] Level 1:colcon.colcon_core.package_discovery:discover_packages(recursive) check parameters
[0.204s] Level 1:colcon.colcon_core.package_discovery:discover_packages(ignore) check parameters
[0.204s] Level 1:colcon.colcon_core.package_discovery:discover_packages(path) check parameters
[0.204s] Level 1:colcon.colcon_core.package_discovery:discover_packages(colcon_meta) discover
[0.204s] Level 1:colcon.colcon_core.package_discovery:discover_packages(recursive) discover
[0.204s] INFO:colcon.colcon_core.package_discovery:Crawling recursively for packages in '/home/user/dobot_ws'
[0.204s] Level 1:colcon.colcon_core.package_identification:_identify(.) by extensions ['ignore', 'ignore_ament_install']
[0.204s] Level 1:colcon.colcon_core.package_identification:_identify(.) by extension 'ignore'
[0.204s] Level 1:colcon.colcon_core.package_identification:_identify(.) by extension 'ignore_ament_install'
[0.204s] Level 1:colcon.colcon_core.package_identification:_identify(.) by extensions ['colcon_pkg']
[0.204s] Level 1:colcon.colcon_core.package_identification:_identify(.) by extension 'colcon_pkg'
[0.204s] Level 1:colcon.colcon_core.package_identification:_identify(.) by extensions ['colcon_meta']
[0.204s] Level 1:colcon.colcon_core.package_identification:_identify(.) by extension 'colcon_meta'
[0.204s] Level 1:colcon.colcon_core.package_identification:_identify(.) by extensions ['ros']
[0.204s] Level 1:colcon.colcon_core.package_identification:_identify(.) by extension 'ros'
[0.213s] Level 1:colcon.colcon_core.package_identification:_identify(.) by extensions ['cmake', 'python']
[0.213s] Level 1:colcon.colcon_core.package_identification:_identify(.) by extension 'cmake'
[0.213s] Level 1:colcon.colcon_core.package_identification:_identify(.) by extension 'python'
[0.213s] Level 1:colcon.colcon_core.package_identification:_identify(.) by extensions ['python_setup_py']
[0.213s] Level 1:colcon.colcon_core.package_identification:_identify(.) by extension 'python_setup_py'
[0.214s] Level 1:colcon.colcon_core.package_identification:_identify(build) by extensions ['ignore', 'ignore_ament_install']
[0.214s] Level 1:colcon.colcon_core.package_identification:_identify(build) by extension 'ignore'
[0.214s] Level 1:colcon.colcon_core.package_identification:_identify(build) ignored
[0.214s] Level 1:colcon.colcon_core.package_identification:_identify(install) by extensions ['ignore', 'ignore_ament_install']
[0.214s] Level 1:colcon.colcon_core.package_identification:_identify(install) by extension 'ignore'
[0.214s] Level 1:colcon.colcon_core.package_identification:_identify(install) ignored
[0.214s] Level 1:colcon.colcon_core.package_identification:_identify(log) by extensions ['ignore', 'ignore_ament_install']
[0.214s] Level 1:colcon.colcon_core.package_identification:_identify(log) by extension 'ignore'
[0.214s] Level 1:colcon.colcon_core.package_identification:_identify(log) ignored
[0.215s] Level 1:colcon.colcon_core.package_identification:_identify(src) by extensions ['ignore', 'ignore_ament_install']
[0.215s] Level 1:colcon.colcon_core.package_identification:_identify(src) by extension 'ignore'
[0.215s] Level 1:colcon.colcon_core.package_identification:_identify(src) by extension 'ignore_ament_install'
[0.215s] Level 1:colcon.colcon_core.package_identification:_identify(src) by extensions ['colcon_pkg']
[0.215s] Level 1:colcon.colcon_core.package_identification:_identify(src) by extension 'colcon_pkg'
[0.215s] Level 1:colcon.colcon_core.package_identification:_identify(src) by extensions ['colcon_meta']
[0.215s] Level 1:colcon.colcon_core.package_identification:_identify(src) by extension 'colcon_meta'
[0.215s] Level 1:colcon.colcon_core.package_identification:_identify(src) by extensions ['ros']
[0.215s] Level 1:colcon.colcon_core.package_identification:_identify(src) by extension 'ros'
[0.215s] Level 1:colcon.colcon_core.package_identification:_identify(src) by extensions ['cmake', 'python']
[0.215s] Level 1:colcon.colcon_core.package_identification:_identify(src) by extension 'cmake'
[0.215s] Level 1:colcon.colcon_core.package_identification:_identify(src) by extension 'python'
[0.215s] Level 1:colcon.colcon_core.package_identification:_identify(src) by extensions ['python_setup_py']
[0.215s] Level 1:colcon.colcon_core.package_identification:_identify(src) by extension 'python_setup_py'
[0.216s] Level 1:colcon.colcon_core.package_identification:_identify(src/ARIAC) by extensions ['ignore', 'ignore_ament_install']
[0.216s] Level 1:colcon.colcon_core.package_identification:_identify(src/ARIAC) by extension 'ignore'
[0.216s] Level 1:colcon.colcon_core.package_identification:_identify(src/ARIAC) by extension 'ignore_ament_install'
[0.216s] Level 1:colcon.colcon_core.package_identification:_identify(src/ARIAC) by extensions ['colcon_pkg']
[0.216s] Level 1:colcon.colcon_core.package_identification:_identify(src/ARIAC) by extension 'colcon_pkg'
[0.216s] Level 1:colcon.colcon_core.package_identification:_identify(src/ARIAC) by extensions ['colcon_meta']
[0.216s] Level 1:colcon.colcon_core.package_identification:_identify(src/ARIAC) by extension 'colcon_meta'
[0.216s] Level 1:colcon.colcon_core.package_identification:_identify(src/ARIAC) by extensions ['ros']
[0.216s] Level 1:colcon.colcon_core.package_identification:_identify(src/ARIAC) by extension 'ros'
[0.216s] Level 1:colcon.colcon_core.package_identification:_identify(src/ARIAC) by extensions ['cmake', 'python']
[0.216s] Level 1:colcon.colcon_core.package_identification:_identify(src/ARIAC) by extension 'cmake'
[0.216s] Level 1:colcon.colcon_core.package_identification:_identify(src/ARIAC) by extension 'python'
[0.216s] Level 1:colcon.colcon_core.package_identification:_identify(src/ARIAC) by extensions ['python_setup_py']
[0.216s] Level 1:colcon.colcon_core.package_identification:_identify(src/ARIAC) by extension 'python_setup_py'
[0.217s] Level 1:colcon.colcon_core.package_identification:_identify(src/ARIAC/ariac_app) by extensions ['ignore', 'ignore_ament_install']
[0.217s] Level 1:colcon.colcon_core.package_identification:_identify(src/ARIAC/ariac_app) by extension 'ignore'
[0.217s] Level 1:colcon.colcon_core.package_identification:_identify(src/ARIAC/ariac_app) by extension 'ignore_ament_install'
[0.217s] Level 1:colcon.colcon_core.package_identification:_identify(src/ARIAC/ariac_app) by extensions ['colcon_pkg']
[0.217s] Level 1:colcon.colcon_core.package_identification:_identify(src/ARIAC/ariac_app) by extension 'colcon_pkg'
[0.217s] Level 1:colcon.colcon_core.package_identification:_identify(src/ARIAC/ariac_app) by extensions ['colcon_meta']
[0.217s] Level 1:colcon.colcon_core.package_identification:_identify(src/ARIAC/ariac_app) by extension 'colcon_meta'
[0.217s] Level 1:colcon.colcon_core.package_identification:_identify(src/ARIAC/ariac_app) by extensions ['ros']
[0.217s] Level 1:colcon.colcon_core.package_identification:_identify(src/ARIAC/ariac_app) by extension 'ros'
[0.220s] DEBUG:colcon.colcon_core.package_identification:Package 'src/ARIAC/ariac_app' with type 'ros.ament_python' and name 'ariac_app'
[0.220s] Level 1:colcon.colcon_core.package_identification:_identify(src/ARIAC/ariac_db) by extensions ['ignore', 'ignore_ament_install']
[0.220s] Level 1:colcon.colcon_core.package_identification:_identify(src/ARIAC/ariac_db) by extension 'ignore'
[0.220s] Level 1:colcon.colcon_core.package_identification:_identify(src/ARIAC/ariac_db) by extension 'ignore_ament_install'
[0.220s] Level 1:colcon.colcon_core.package_identification:_identify(src/ARIAC/ariac_db) by extensions ['colcon_pkg']
[0.220s] Level 1:colcon.colcon_core.package_identification:_identify(src/ARIAC/ariac_db) by extension 'colcon_pkg'
[0.220s] Level 1:colcon.colcon_core.package_identification:_identify(src/ARIAC/ariac_db) by extensions ['colcon_meta']
[0.220s] Level 1:colcon.colcon_core.package_identification:_identify(src/ARIAC/ariac_db) by extension 'colcon_meta'
[0.220s] Level 1:colcon.colcon_core.package_identification:_identify(src/ARIAC/ariac_db) by extensions ['ros']
[0.220s] Level 1:colcon.colcon_core.package_identification:_identify(src/ARIAC/ariac_db) by extension 'ros'
[0.221s] DEBUG:colcon.colcon_core.package_identification:Package 'src/ARIAC/ariac_db' with type 'ros.ament_python' and name 'ariac_db'
[0.221s] Level 1:colcon.colcon_core.package_identification:_identify(src/ARIAC/ariac_description) by extensions ['ignore', 'ignore_ament_install']
[0.221s] Level 1:colcon.colcon_core.package_identification:_identify(src/ARIAC/ariac_description) by extension 'ignore'
[0.221s] Level 1:colcon.colcon_core.package_identification:_identify(src/ARIAC/ariac_description) by extension 'ignore_ament_install'
[0.221s] Level 1:colcon.colcon_core.package_identification:_identify(src/ARIAC/ariac_description) by extensions ['colcon_pkg']
[0.221s] Level 1:colcon.colcon_core.package_identification:_identify(src/ARIAC/ariac_description) by extension 'colcon_pkg'
[0.222s] Level 1:colcon.colcon_core.package_identification:_identify(src/ARIAC/ariac_description) by extensions ['colcon_meta']
[0.222s] Level 1:colcon.colcon_core.package_identification:_identify(src/ARIAC/ariac_description) by extension 'colcon_meta'
[0.222s] Level 1:colcon.colcon_core.package_identification:_identify(src/ARIAC/ariac_description) by extensions ['ros']
[0.222s] Level 1:colcon.colcon_core.package_identification:_identify(src/ARIAC/ariac_description) by extension 'ros'
[0.223s] DEBUG:colcon.colcon_core.package_identification:Package 'src/ARIAC/ariac_description' with type 'ros.ament_cmake' and name 'ariac_description'
[0.223s] Level 1:colcon.colcon_core.package_identification:_identify(src/ARIAC/ariac_gz) by extensions ['ignore', 'ignore_ament_install']
[0.223s] Level 1:colcon.colcon_core.package_identification:_identify(src/ARIAC/ariac_gz) by extension 'ignore'
[0.223s] Level 1:colcon.colcon_core.package_identification:_identify(src/ARIAC/ariac_gz) by extension 'ignore_ament_install'
[0.223s] Level 1:colcon.colcon_core.package_identification:_identify(src/ARIAC/ariac_gz) by extensions ['colcon_pkg']
[0.223s] Level 1:colcon.colcon_core.package_identification:_identify(src/ARIAC/ariac_gz) by extension 'colcon_pkg'
[0.223s] Level 1:colcon.colcon_core.package_identification:_identify(src/ARIAC/ariac_gz) by extensions ['colcon_meta']
[0.223s] Level 1:colcon.colcon_core.package_identification:_identify(src/ARIAC/ariac_gz) by extension 'colcon_meta'
[0.223s] Level 1:colcon.colcon_core.package_identification:_identify(src/ARIAC/ariac_gz) by extensions ['ros']
[0.223s] Level 1:colcon.colcon_core.package_identification:_identify(src/ARIAC/ariac_gz) by extension 'ros'
[0.224s] DEBUG:colcon.colcon_core.package_identification:Package 'src/ARIAC/ariac_gz' with type 'ros.ament_cmake' and name 'ariac_gz'
[0.224s] Level 1:colcon.colcon_core.package_identification:_identify(src/ARIAC/ariac_interfaces) by extensions ['ignore', 'ignore_ament_install']
[0.224s] Level 1:colcon.colcon_core.package_identification:_identify(src/ARIAC/ariac_interfaces) by extension 'ignore'
[0.224s] Level 1:colcon.colcon_core.package_identification:_identify(src/ARIAC/ariac_interfaces) by extension 'ignore_ament_install'
[0.224s] Level 1:colcon.colcon_core.package_identification:_identify(src/ARIAC/ariac_interfaces) by extensions ['colcon_pkg']
[0.224s] Level 1:colcon.colcon_core.package_identification:_identify(src/ARIAC/ariac_interfaces) by extension 'colcon_pkg'
[0.225s] Level 1:colcon.colcon_core.package_identification:_identify(src/ARIAC/ariac_interfaces) by extensions ['colcon_meta']
[0.225s] Level 1:colcon.colcon_core.package_identification:_identify(src/ARIAC/ariac_interfaces) by extension 'colcon_meta'
[0.225s] Level 1:colcon.colcon_core.package_identification:_identify(src/ARIAC/ariac_interfaces) by extensions ['ros']
[0.225s] Level 1:colcon.colcon_core.package_identification:_identify(src/ARIAC/ariac_interfaces) by extension 'ros'
[0.225s] DEBUG:colcon.colcon_core.package_identification:Package 'src/ARIAC/ariac_interfaces' with type 'ros.ament_cmake' and name 'ariac_interfaces'
[0.226s] Level 1:colcon.colcon_core.package_identification:_identify(src/ARIAC/ariac_plugins) by extensions ['ignore', 'ignore_ament_install']
[0.226s] Level 1:colcon.colcon_core.package_identification:_identify(src/ARIAC/ariac_plugins) by extension 'ignore'
[0.226s] Level 1:colcon.colcon_core.package_identification:_identify(src/ARIAC/ariac_plugins) by extension 'ignore_ament_install'
[0.226s] Level 1:colcon.colcon_core.package_identification:_identify(src/ARIAC/ariac_plugins) by extensions ['colcon_pkg']
[0.226s] Level 1:colcon.colcon_core.package_identification:_identify(src/ARIAC/ariac_plugins) by extension 'colcon_pkg'
[0.226s] Level 1:colcon.colcon_core.package_identification:_identify(src/ARIAC/ariac_plugins) by extensions ['colcon_meta']
[0.226s] Level 1:colcon.colcon_core.package_identification:_identify(src/ARIAC/ariac_plugins) by extension 'colcon_meta'
[0.226s] Level 1:colcon.colcon_core.package_identification:_identify(src/ARIAC/ariac_plugins) by extensions ['ros']
[0.226s] Level 1:colcon.colcon_core.package_identification:_identify(src/ARIAC/ariac_plugins) by extension 'ros'
[0.227s] DEBUG:colcon.colcon_core.package_identification:Package 'src/ARIAC/ariac_plugins' with type 'ros.ament_cmake' and name 'ariac_plugins'
[0.227s] Level 1:colcon.colcon_core.package_identification:_identify(src/ARIAC/ariac_setup) by extensions ['ignore', 'ignore_ament_install']
[0.227s] Level 1:colcon.colcon_core.package_identification:_identify(src/ARIAC/ariac_setup) by extension 'ignore'
[0.227s] Level 1:colcon.colcon_core.package_identification:_identify(src/ARIAC/ariac_setup) by extension 'ignore_ament_install'
[0.227s] Level 1:colcon.colcon_core.package_identification:_identify(src/ARIAC/ariac_setup) by extensions ['colcon_pkg']
[0.227s] Level 1:colcon.colcon_core.package_identification:_identify(src/ARIAC/ariac_setup) by extension 'colcon_pkg'
[0.227s] Level 1:colcon.colcon_core.package_identification:_identify(src/ARIAC/ariac_setup) by extensions ['colcon_meta']
[0.227s] Level 1:colcon.colcon_core.package_identification:_identify(src/ARIAC/ariac_setup) by extension 'colcon_meta'
[0.227s] Level 1:colcon.colcon_core.package_identification:_identify(src/ARIAC/ariac_setup) by extensions ['ros']
[0.227s] Level 1:colcon.colcon_core.package_identification:_identify(src/ARIAC/ariac_setup) by extension 'ros'
[0.228s] DEBUG:colcon.colcon_core.package_identification:Package 'src/ARIAC/ariac_setup' with type 'ros.ament_python' and name 'ariac_setup'
[0.228s] Level 1:colcon.colcon_core.package_identification:_identify(src/ARIAC/resource) by extensions ['ignore', 'ignore_ament_install']
[0.228s] Level 1:colcon.colcon_core.package_identification:_identify(src/ARIAC/resource) by extension 'ignore'
[0.228s] Level 1:colcon.colcon_core.package_identification:_identify(src/ARIAC/resource) by extension 'ignore_ament_install'
[0.228s] Level 1:colcon.colcon_core.package_identification:_identify(src/ARIAC/resource) by extensions ['colcon_pkg']
[0.228s] Level 1:colcon.colcon_core.package_identification:_identify(src/ARIAC/resource) by extension 'colcon_pkg'
[0.228s] Level 1:colcon.colcon_core.package_identification:_identify(src/ARIAC/resource) by extensions ['colcon_meta']
[0.228s] Level 1:colcon.colcon_core.package_identification:_identify(src/ARIAC/resource) by extension 'colcon_meta'
[0.228s] Level 1:colcon.colcon_core.package_identification:_identify(src/ARIAC/resource) by extensions ['ros']
[0.228s] Level 1:colcon.colcon_core.package_identification:_identify(src/ARIAC/resource) by extension 'ros'
[0.228s] Level 1:colcon.colcon_core.package_identification:_identify(src/ARIAC/resource) by extensions ['cmake', 'python']
[0.228s] Level 1:colcon.colcon_core.package_identification:_identify(src/ARIAC/resource) by extension 'cmake'
[0.228s] Level 1:colcon.colcon_core.package_identification:_identify(src/ARIAC/resource) by extension 'python'
[0.228s] Level 1:colcon.colcon_core.package_identification:_identify(src/ARIAC/resource) by extensions ['python_setup_py']
[0.228s] Level 1:colcon.colcon_core.package_identification:_identify(src/ARIAC/resource) by extension 'python_setup_py'
[0.228s] Level 1:colcon.colcon_core.package_identification:_identify(src/ARIAC/robotiq_gripper_controller) by extensions ['ignore', 'ignore_ament_install']
[0.228s] Level 1:colcon.colcon_core.package_identification:_identify(src/ARIAC/robotiq_gripper_controller) by extension 'ignore'
[0.228s] Level 1:colcon.colcon_core.package_identification:_identify(src/ARIAC/robotiq_gripper_controller) by extension 'ignore_ament_install'
[0.228s] Level 1:colcon.colcon_core.package_identification:_identify(src/ARIAC/robotiq_gripper_controller) by extensions ['colcon_pkg']
[0.228s] Level 1:colcon.colcon_core.package_identification:_identify(src/ARIAC/robotiq_gripper_controller) by extension 'colcon_pkg'
[0.228s] Level 1:colcon.colcon_core.package_identification:_identify(src/ARIAC/robotiq_gripper_controller) by extensions ['colcon_meta']
[0.228s] Level 1:colcon.colcon_core.package_identification:_identify(src/ARIAC/robotiq_gripper_controller) by extension 'colcon_meta'
[0.229s] Level 1:colcon.colcon_core.package_identification:_identify(src/ARIAC/robotiq_gripper_controller) by extensions ['ros']
[0.229s] Level 1:colcon.colcon_core.package_identification:_identify(src/ARIAC/robotiq_gripper_controller) by extension 'ros'
[0.229s] DEBUG:colcon.colcon_core.package_identification:Package 'src/ARIAC/robotiq_gripper_controller' with type 'ros.ament_cmake' and name 'robotiq_gripper_controller'
[0.229s] Level 1:colcon.colcon_core.package_identification:_identify(src/DOBOT_6Axis_ROS2_V4) by extensions ['ignore', 'ignore_ament_install']
[0.229s] Level 1:colcon.colcon_core.package_identification:_identify(src/DOBOT_6Axis_ROS2_V4) by extension 'ignore'
[0.229s] Level 1:colcon.colcon_core.package_identification:_identify(src/DOBOT_6Axis_ROS2_V4) by extension 'ignore_ament_install'
[0.230s] Level 1:colcon.colcon_core.package_identification:_identify(src/DOBOT_6Axis_ROS2_V4) by extensions ['colcon_pkg']
[0.230s] Level 1:colcon.colcon_core.package_identification:_identify(src/DOBOT_6Axis_ROS2_V4) by extension 'colcon_pkg'
[0.230s] Level 1:colcon.colcon_core.package_identification:_identify(src/DOBOT_6Axis_ROS2_V4) by extensions ['colcon_meta']
[0.230s] Level 1:colcon.colcon_core.package_identification:_identify(src/DOBOT_6Axis_ROS2_V4) by extension 'colcon_meta'
[0.230s] Level 1:colcon.colcon_core.package_identification:_identify(src/DOBOT_6Axis_ROS2_V4) by extensions ['ros']
[0.230s] Level 1:colcon.colcon_core.package_identification:_identify(src/DOBOT_6Axis_ROS2_V4) by extension 'ros'
[0.230s] Level 1:colcon.colcon_core.package_identification:_identify(src/DOBOT_6Axis_ROS2_V4) by extensions ['cmake', 'python']
[0.230s] Level 1:colcon.colcon_core.package_identification:_identify(src/DOBOT_6Axis_ROS2_V4) by extension 'cmake'
[0.230s] Level 1:colcon.colcon_core.package_identification:_identify(src/DOBOT_6Axis_ROS2_V4) by extension 'python'
[0.230s] Level 1:colcon.colcon_core.package_identification:_identify(src/DOBOT_6Axis_ROS2_V4) by extensions ['python_setup_py']
[0.230s] Level 1:colcon.colcon_core.package_identification:_identify(src/DOBOT_6Axis_ROS2_V4) by extension 'python_setup_py'
[0.230s] Level 1:colcon.colcon_core.package_identification:_identify(src/DOBOT_6Axis_ROS2_V4/TODO_log) by extensions ['ignore', 'ignore_ament_install']
[0.230s] Level 1:colcon.colcon_core.package_identification:_identify(src/DOBOT_6Axis_ROS2_V4/TODO_log) by extension 'ignore'
[0.230s] Level 1:colcon.colcon_core.package_identification:_identify(src/DOBOT_6Axis_ROS2_V4/TODO_log) by extension 'ignore_ament_install'
[0.230s] Level 1:colcon.colcon_core.package_identification:_identify(src/DOBOT_6Axis_ROS2_V4/TODO_log) by extensions ['colcon_pkg']
[0.230s] Level 1:colcon.colcon_core.package_identification:_identify(src/DOBOT_6Axis_ROS2_V4/TODO_log) by extension 'colcon_pkg'
[0.230s] Level 1:colcon.colcon_core.package_identification:_identify(src/DOBOT_6Axis_ROS2_V4/TODO_log) by extensions ['colcon_meta']
[0.230s] Level 1:colcon.colcon_core.package_identification:_identify(src/DOBOT_6Axis_ROS2_V4/TODO_log) by extension 'colcon_meta'
[0.230s] Level 1:colcon.colcon_core.package_identification:_identify(src/DOBOT_6Axis_ROS2_V4/TODO_log) by extensions ['ros']
[0.230s] Level 1:colcon.colcon_core.package_identification:_identify(src/DOBOT_6Axis_ROS2_V4/TODO_log) by extension 'ros'
[0.231s] Level 1:colcon.colcon_core.package_identification:_identify(src/DOBOT_6Axis_ROS2_V4/TODO_log) by extensions ['cmake', 'python']
[0.231s] Level 1:colcon.colcon_core.package_identification:_identify(src/DOBOT_6Axis_ROS2_V4/TODO_log) by extension 'cmake'
[0.231s] Level 1:colcon.colcon_core.package_identification:_identify(src/DOBOT_6Axis_ROS2_V4/TODO_log) by extension 'python'
[0.231s] Level 1:colcon.colcon_core.package_identification:_identify(src/DOBOT_6Axis_ROS2_V4/TODO_log) by extensions ['python_setup_py']
[0.231s] Level 1:colcon.colcon_core.package_identification:_identify(src/DOBOT_6Axis_ROS2_V4/TODO_log) by extension 'python_setup_py'
[0.231s] Level 1:colcon.colcon_core.package_identification:_identify(src/DOBOT_6Axis_ROS2_V4/V4新增指令) by extensions ['ignore', 'ignore_ament_install']
[0.231s] Level 1:colcon.colcon_core.package_identification:_identify(src/DOBOT_6Axis_ROS2_V4/V4新增指令) by extension 'ignore'
[0.231s] Level 1:colcon.colcon_core.package_identification:_identify(src/DOBOT_6Axis_ROS2_V4/V4新增指令) by extension 'ignore_ament_install'
[0.231s] Level 1:colcon.colcon_core.package_identification:_identify(src/DOBOT_6Axis_ROS2_V4/V4新增指令) by extensions ['colcon_pkg']
[0.231s] Level 1:colcon.colcon_core.package_identification:_identify(src/DOBOT_6Axis_ROS2_V4/V4新增指令) by extension 'colcon_pkg'
[0.231s] Level 1:colcon.colcon_core.package_identification:_identify(src/DOBOT_6Axis_ROS2_V4/V4新增指令) by extensions ['colcon_meta']
[0.231s] Level 1:colcon.colcon_core.package_identification:_identify(src/DOBOT_6Axis_ROS2_V4/V4新增指令) by extension 'colcon_meta'
[0.231s] Level 1:colcon.colcon_core.package_identification:_identify(src/DOBOT_6Axis_ROS2_V4/V4新增指令) by extensions ['ros']
[0.231s] Level 1:colcon.colcon_core.package_identification:_identify(src/DOBOT_6Axis_ROS2_V4/V4新增指令) by extension 'ros'
[0.232s] Level 1:colcon.colcon_core.package_identification:_identify(src/DOBOT_6Axis_ROS2_V4/V4新增指令) by extensions ['cmake', 'python']
[0.232s] Level 1:colcon.colcon_core.package_identification:_identify(src/DOBOT_6Axis_ROS2_V4/V4新增指令) by extension 'cmake'
[0.232s] Level 1:colcon.colcon_core.package_identification:_identify(src/DOBOT_6Axis_ROS2_V4/V4新增指令) by extension 'python'
[0.232s] Level 1:colcon.colcon_core.package_identification:_identify(src/DOBOT_6Axis_ROS2_V4/V4新增指令) by extensions ['python_setup_py']
[0.232s] Level 1:colcon.colcon_core.package_identification:_identify(src/DOBOT_6Axis_ROS2_V4/V4新增指令) by extension 'python_setup_py'
[0.232s] Level 1:colcon.colcon_core.package_identification:_identify(src/DOBOT_6Axis_ROS2_V4/__pycache__) by extensions ['ignore', 'ignore_ament_install']
[0.232s] Level 1:colcon.colcon_core.package_identification:_identify(src/DOBOT_6Axis_ROS2_V4/__pycache__) by extension 'ignore'
[0.232s] Level 1:colcon.colcon_core.package_identification:_identify(src/DOBOT_6Axis_ROS2_V4/__pycache__) by extension 'ignore_ament_install'
[0.232s] Level 1:colcon.colcon_core.package_identification:_identify(src/DOBOT_6Axis_ROS2_V4/__pycache__) by extensions ['colcon_pkg']
[0.232s] Level 1:colcon.colcon_core.package_identification:_identify(src/DOBOT_6Axis_ROS2_V4/__pycache__) by extension 'colcon_pkg'
[0.232s] Level 1:colcon.colcon_core.package_identification:_identify(src/DOBOT_6Axis_ROS2_V4/__pycache__) by extensions ['colcon_meta']
[0.232s] Level 1:colcon.colcon_core.package_identification:_identify(src/DOBOT_6Axis_ROS2_V4/__pycache__) by extension 'colcon_meta'
[0.232s] Level 1:colcon.colcon_core.package_identification:_identify(src/DOBOT_6Axis_ROS2_V4/__pycache__) by extensions ['ros']
[0.232s] Level 1:colcon.colcon_core.package_identification:_identify(src/DOBOT_6Axis_ROS2_V4/__pycache__) by extension 'ros'
[0.232s] Level 1:colcon.colcon_core.package_identification:_identify(src/DOBOT_6Axis_ROS2_V4/__pycache__) by extensions ['cmake', 'python']
[0.232s] Level 1:colcon.colcon_core.package_identification:_identify(src/DOBOT_6Axis_ROS2_V4/__pycache__) by extension 'cmake'
[0.232s] Level 1:colcon.colcon_core.package_identification:_identify(src/DOBOT_6Axis_ROS2_V4/__pycache__) by extension 'python'
[0.232s] Level 1:colcon.colcon_core.package_identification:_identify(src/DOBOT_6Axis_ROS2_V4/__pycache__) by extensions ['python_setup_py']
[0.232s] Level 1:colcon.colcon_core.package_identification:_identify(src/DOBOT_6Axis_ROS2_V4/__pycache__) by extension 'python_setup_py'
[0.232s] Level 1:colcon.colcon_core.package_identification:_identify(src/DOBOT_6Axis_ROS2_V4/build) by extensions ['ignore', 'ignore_ament_install']
[0.233s] Level 1:colcon.colcon_core.package_identification:_identify(src/DOBOT_6Axis_ROS2_V4/build) by extension 'ignore'
[0.233s] Level 1:colcon.colcon_core.package_identification:_identify(src/DOBOT_6Axis_ROS2_V4/build) ignored
[0.233s] Level 1:colcon.colcon_core.package_identification:_identify(src/DOBOT_6Axis_ROS2_V4/cr7_moveit) by extensions ['ignore', 'ignore_ament_install']
[0.233s] Level 1:colcon.colcon_core.package_identification:_identify(src/DOBOT_6Axis_ROS2_V4/cr7_moveit) by extension 'ignore'
[0.233s] Level 1:colcon.colcon_core.package_identification:_identify(src/DOBOT_6Axis_ROS2_V4/cr7_moveit) by extension 'ignore_ament_install'
[0.233s] Level 1:colcon.colcon_core.package_identification:_identify(src/DOBOT_6Axis_ROS2_V4/cr7_moveit) by extensions ['colcon_pkg']
[0.233s] Level 1:colcon.colcon_core.package_identification:_identify(src/DOBOT_6Axis_ROS2_V4/cr7_moveit) by extension 'colcon_pkg'
[0.233s] Level 1:colcon.colcon_core.package_identification:_identify(src/DOBOT_6Axis_ROS2_V4/cr7_moveit) by extensions ['colcon_meta']
[0.233s] Level 1:colcon.colcon_core.package_identification:_identify(src/DOBOT_6Axis_ROS2_V4/cr7_moveit) by extension 'colcon_meta'
[0.233s] Level 1:colcon.colcon_core.package_identification:_identify(src/DOBOT_6Axis_ROS2_V4/cr7_moveit) by extensions ['ros']
[0.233s] Level 1:colcon.colcon_core.package_identification:_identify(src/DOBOT_6Axis_ROS2_V4/cr7_moveit) by extension 'ros'
[0.234s] DEBUG:colcon.colcon_core.package_identification:Package 'src/DOBOT_6Axis_ROS2_V4/cr7_moveit' with type 'ros.ament_cmake' and name 'cr7_moveit'
[0.234s] Level 1:colcon.colcon_core.package_identification:_identify(src/DOBOT_6Axis_ROS2_V4/cra_description) by extensions ['ignore', 'ignore_ament_install']
[0.235s] Level 1:colcon.colcon_core.package_identification:_identify(src/DOBOT_6Axis_ROS2_V4/cra_description) by extension 'ignore'
[0.235s] Level 1:colcon.colcon_core.package_identification:_identify(src/DOBOT_6Axis_ROS2_V4/cra_description) by extension 'ignore_ament_install'
[0.235s] Level 1:colcon.colcon_core.package_identification:_identify(src/DOBOT_6Axis_ROS2_V4/cra_description) by extensions ['colcon_pkg']
[0.235s] Level 1:colcon.colcon_core.package_identification:_identify(src/DOBOT_6Axis_ROS2_V4/cra_description) by extension 'colcon_pkg'
[0.235s] Level 1:colcon.colcon_core.package_identification:_identify(src/DOBOT_6Axis_ROS2_V4/cra_description) by extensions ['colcon_meta']
[0.235s] Level 1:colcon.colcon_core.package_identification:_identify(src/DOBOT_6Axis_ROS2_V4/cra_description) by extension 'colcon_meta'
[0.235s] Level 1:colcon.colcon_core.package_identification:_identify(src/DOBOT_6Axis_ROS2_V4/cra_description) by extensions ['ros']
[0.235s] Level 1:colcon.colcon_core.package_identification:_identify(src/DOBOT_6Axis_ROS2_V4/cra_description) by extension 'ros'
[0.236s] DEBUG:colcon.colcon_core.package_identification:Package 'src/DOBOT_6Axis_ROS2_V4/cra_description' with type 'ros.ament_cmake' and name 'cra_description'
[0.236s] Level 1:colcon.colcon_core.package_identification:_identify(src/DOBOT_6Axis_ROS2_V4/dobot_bringup_v4) by extensions ['ignore', 'ignore_ament_install']
[0.236s] Level 1:colcon.colcon_core.package_identification:_identify(src/DOBOT_6Axis_ROS2_V4/dobot_bringup_v4) by extension 'ignore'
[0.236s] Level 1:colcon.colcon_core.package_identification:_identify(src/DOBOT_6Axis_ROS2_V4/dobot_bringup_v4) by extension 'ignore_ament_install'
[0.236s] Level 1:colcon.colcon_core.package_identification:_identify(src/DOBOT_6Axis_ROS2_V4/dobot_bringup_v4) by extensions ['colcon_pkg']
[0.236s] Level 1:colcon.colcon_core.package_identification:_identify(src/DOBOT_6Axis_ROS2_V4/dobot_bringup_v4) by extension 'colcon_pkg'
[0.236s] Level 1:colcon.colcon_core.package_identification:_identify(src/DOBOT_6Axis_ROS2_V4/dobot_bringup_v4) by extensions ['colcon_meta']
[0.236s] Level 1:colcon.colcon_core.package_identification:_identify(src/DOBOT_6Axis_ROS2_V4/dobot_bringup_v4) by extension 'colcon_meta'
[0.236s] Level 1:colcon.colcon_core.package_identification:_identify(src/DOBOT_6Axis_ROS2_V4/dobot_bringup_v4) by extensions ['ros']
[0.236s] Level 1:colcon.colcon_core.package_identification:_identify(src/DOBOT_6Axis_ROS2_V4/dobot_bringup_v4) by extension 'ros'
[0.237s] DEBUG:colcon.colcon_core.package_identification:Package 'src/DOBOT_6Axis_ROS2_V4/dobot_bringup_v4' with type 'ros.ament_cmake' and name 'cr_robot_ros2'
[0.237s] Level 1:colcon.colcon_core.package_identification:_identify(src/DOBOT_6Axis_ROS2_V4/dobot_demo) by extensions ['ignore', 'ignore_ament_install']
[0.237s] Level 1:colcon.colcon_core.package_identification:_identify(src/DOBOT_6Axis_ROS2_V4/dobot_demo) by extension 'ignore'
[0.238s] Level 1:colcon.colcon_core.package_identification:_identify(src/DOBOT_6Axis_ROS2_V4/dobot_demo) by extension 'ignore_ament_install'
[0.238s] Level 1:colcon.colcon_core.package_identification:_identify(src/DOBOT_6Axis_ROS2_V4/dobot_demo) by extensions ['colcon_pkg']
[0.238s] Level 1:colcon.colcon_core.package_identification:_identify(src/DOBOT_6Axis_ROS2_V4/dobot_demo) by extension 'colcon_pkg'
[0.238s] Level 1:colcon.colcon_core.package_identification:_identify(src/DOBOT_6Axis_ROS2_V4/dobot_demo) by extensions ['colcon_meta']
[0.238s] Level 1:colcon.colcon_core.package_identification:_identify(src/DOBOT_6Axis_ROS2_V4/dobot_demo) by extension 'colcon_meta'
[0.238s] Level 1:colcon.colcon_core.package_identification:_identify(src/DOBOT_6Axis_ROS2_V4/dobot_demo) by extensions ['ros']
[0.238s] Level 1:colcon.colcon_core.package_identification:_identify(src/DOBOT_6Axis_ROS2_V4/dobot_demo) by extension 'ros'
[0.238s] DEBUG:colcon.colcon_core.package_identification:Package 'src/DOBOT_6Axis_ROS2_V4/dobot_demo' with type 'ros.ament_python' and name 'dobot_demo'
[0.238s] Level 1:colcon.colcon_core.package_identification:_identify(src/DOBOT_6Axis_ROS2_V4/dobot_demo_cpp) by extensions ['ignore', 'ignore_ament_install']
[0.238s] Level 1:colcon.colcon_core.package_identification:_identify(src/DOBOT_6Axis_ROS2_V4/dobot_demo_cpp) by extension 'ignore'
[0.238s] Level 1:colcon.colcon_core.package_identification:_identify(src/DOBOT_6Axis_ROS2_V4/dobot_demo_cpp) by extension 'ignore_ament_install'
[0.239s] Level 1:colcon.colcon_core.package_identification:_identify(src/DOBOT_6Axis_ROS2_V4/dobot_demo_cpp) by extensions ['colcon_pkg']
[0.239s] Level 1:colcon.colcon_core.package_identification:_identify(src/DOBOT_6Axis_ROS2_V4/dobot_demo_cpp) by extension 'colcon_pkg'
[0.239s] Level 1:colcon.colcon_core.package_identification:_identify(src/DOBOT_6Axis_ROS2_V4/dobot_demo_cpp) by extensions ['colcon_meta']
[0.239s] Level 1:colcon.colcon_core.package_identification:_identify(src/DOBOT_6Axis_ROS2_V4/dobot_demo_cpp) by extension 'colcon_meta'
[0.239s] Level 1:colcon.colcon_core.package_identification:_identify(src/DOBOT_6Axis_ROS2_V4/dobot_demo_cpp) by extensions ['ros']
[0.239s] Level 1:colcon.colcon_core.package_identification:_identify(src/DOBOT_6Axis_ROS2_V4/dobot_demo_cpp) by extension 'ros'
[0.239s] DEBUG:colcon.colcon_core.package_identification:Package 'src/DOBOT_6Axis_ROS2_V4/dobot_demo_cpp' with type 'ros.ament_cmake' and name 'dobot_demo_cpp'
[0.239s] Level 1:colcon.colcon_core.package_identification:_identify(src/DOBOT_6Axis_ROS2_V4/dobot_gazebo) by extensions ['ignore', 'ignore_ament_install']
[0.240s] Level 1:colcon.colcon_core.package_identification:_identify(src/DOBOT_6Axis_ROS2_V4/dobot_gazebo) by extension 'ignore'
[0.240s] Level 1:colcon.colcon_core.package_identification:_identify(src/DOBOT_6Axis_ROS2_V4/dobot_gazebo) by extension 'ignore_ament_install'
[0.240s] Level 1:colcon.colcon_core.package_identification:_identify(src/DOBOT_6Axis_ROS2_V4/dobot_gazebo) by extensions ['colcon_pkg']
[0.240s] Level 1:colcon.colcon_core.package_identification:_identify(src/DOBOT_6Axis_ROS2_V4/dobot_gazebo) by extension 'colcon_pkg'
[0.240s] Level 1:colcon.colcon_core.package_identification:_identify(src/DOBOT_6Axis_ROS2_V4/dobot_gazebo) by extensions ['colcon_meta']
[0.240s] Level 1:colcon.colcon_core.package_identification:_identify(src/DOBOT_6Axis_ROS2_V4/dobot_gazebo) by extension 'colcon_meta'
[0.240s] Level 1:colcon.colcon_core.package_identification:_identify(src/DOBOT_6Axis_ROS2_V4/dobot_gazebo) by extensions ['ros']
[0.240s] Level 1:colcon.colcon_core.package_identification:_identify(src/DOBOT_6Axis_ROS2_V4/dobot_gazebo) by extension 'ros'
[0.240s] DEBUG:colcon.colcon_core.package_identification:Package 'src/DOBOT_6Axis_ROS2_V4/dobot_gazebo' with type 'ros.ament_cmake' and name 'dobot_gazebo'
[0.240s] Level 1:colcon.colcon_core.package_identification:_identify(src/DOBOT_6Axis_ROS2_V4/dobot_moveit) by extensions ['ignore', 'ignore_ament_install']
[0.240s] Level 1:colcon.colcon_core.package_identification:_identify(src/DOBOT_6Axis_ROS2_V4/dobot_moveit) by extension 'ignore'
[0.240s] Level 1:colcon.colcon_core.package_identification:_identify(src/DOBOT_6Axis_ROS2_V4/dobot_moveit) by extension 'ignore_ament_install'
[0.241s] Level 1:colcon.colcon_core.package_identification:_identify(src/DOBOT_6Axis_ROS2_V4/dobot_moveit) by extensions ['colcon_pkg']
[0.241s] Level 1:colcon.colcon_core.package_identification:_identify(src/DOBOT_6Axis_ROS2_V4/dobot_moveit) by extension 'colcon_pkg'
[0.241s] Level 1:colcon.colcon_core.package_identification:_identify(src/DOBOT_6Axis_ROS2_V4/dobot_moveit) by extensions ['colcon_meta']
[0.241s] Level 1:colcon.colcon_core.package_identification:_identify(src/DOBOT_6Axis_ROS2_V4/dobot_moveit) by extension 'colcon_meta'
[0.241s] Level 1:colcon.colcon_core.package_identification:_identify(src/DOBOT_6Axis_ROS2_V4/dobot_moveit) by extensions ['ros']
[0.241s] Level 1:colcon.colcon_core.package_identification:_identify(src/DOBOT_6Axis_ROS2_V4/dobot_moveit) by extension 'ros'
[0.241s] DEBUG:colcon.colcon_core.package_identification:Package 'src/DOBOT_6Axis_ROS2_V4/dobot_moveit' with type 'ros.ament_python' and name 'dobot_moveit'
[0.241s] Level 1:colcon.colcon_core.package_identification:_identify(src/DOBOT_6Axis_ROS2_V4/dobot_msgs_v4) by extensions ['ignore', 'ignore_ament_install']
[0.241s] Level 1:colcon.colcon_core.package_identification:_identify(src/DOBOT_6Axis_ROS2_V4/dobot_msgs_v4) by extension 'ignore'
[0.241s] Level 1:colcon.colcon_core.package_identification:_identify(src/DOBOT_6Axis_ROS2_V4/dobot_msgs_v4) by extension 'ignore_ament_install'
[0.241s] Level 1:colcon.colcon_core.package_identification:_identify(src/DOBOT_6Axis_ROS2_V4/dobot_msgs_v4) by extensions ['colcon_pkg']
[0.241s] Level 1:colcon.colcon_core.package_identification:_identify(src/DOBOT_6Axis_ROS2_V4/dobot_msgs_v4) by extension 'colcon_pkg'
[0.241s] Level 1:colcon.colcon_core.package_identification:_identify(src/DOBOT_6Axis_ROS2_V4/dobot_msgs_v4) by extensions ['colcon_meta']
[0.241s] Level 1:colcon.colcon_core.package_identification:_identify(src/DOBOT_6Axis_ROS2_V4/dobot_msgs_v4) by extension 'colcon_meta'
[0.241s] Level 1:colcon.colcon_core.package_identification:_identify(src/DOBOT_6Axis_ROS2_V4/dobot_msgs_v4) by extensions ['ros']
[0.241s] Level 1:colcon.colcon_core.package_identification:_identify(src/DOBOT_6Axis_ROS2_V4/dobot_msgs_v4) by extension 'ros'
[0.242s] DEBUG:colcon.colcon_core.package_identification:Package 'src/DOBOT_6Axis_ROS2_V4/dobot_msgs_v4' with type 'ros.ament_cmake' and name 'dobot_msgs_v4'
[0.242s] Level 1:colcon.colcon_core.package_identification:_identify(src/DOBOT_6Axis_ROS2_V4/dobot_rviz) by extensions ['ignore', 'ignore_ament_install']
[0.242s] Level 1:colcon.colcon_core.package_identification:_identify(src/DOBOT_6Axis_ROS2_V4/dobot_rviz) by extension 'ignore'
[0.242s] Level 1:colcon.colcon_core.package_identification:_identify(src/DOBOT_6Axis_ROS2_V4/dobot_rviz) by extension 'ignore_ament_install'
[0.242s] Level 1:colcon.colcon_core.package_identification:_identify(src/DOBOT_6Axis_ROS2_V4/dobot_rviz) by extensions ['colcon_pkg']
[0.242s] Level 1:colcon.colcon_core.package_identification:_identify(src/DOBOT_6Axis_ROS2_V4/dobot_rviz) by extension 'colcon_pkg'
[0.242s] Level 1:colcon.colcon_core.package_identification:_identify(src/DOBOT_6Axis_ROS2_V4/dobot_rviz) by extensions ['colcon_meta']
[0.242s] Level 1:colcon.colcon_core.package_identification:_identify(src/DOBOT_6Axis_ROS2_V4/dobot_rviz) by extension 'colcon_meta'
[0.242s] Level 1:colcon.colcon_core.package_identification:_identify(src/DOBOT_6Axis_ROS2_V4/dobot_rviz) by extensions ['ros']
[0.242s] Level 1:colcon.colcon_core.package_identification:_identify(src/DOBOT_6Axis_ROS2_V4/dobot_rviz) by extension 'ros'
[0.243s] DEBUG:colcon.colcon_core.package_identification:Package 'src/DOBOT_6Axis_ROS2_V4/dobot_rviz' with type 'ros.ament_cmake' and name 'dobot_rviz'
[0.243s] Level 1:colcon.colcon_core.package_identification:_identify(src/DOBOT_6Axis_ROS2_V4/image) by extensions ['ignore', 'ignore_ament_install']
[0.243s] Level 1:colcon.colcon_core.package_identification:_identify(src/DOBOT_6Axis_ROS2_V4/image) by extension 'ignore'
[0.243s] Level 1:colcon.colcon_core.package_identification:_identify(src/DOBOT_6Axis_ROS2_V4/image) by extension 'ignore_ament_install'
[0.243s] Level 1:colcon.colcon_core.package_identification:_identify(src/DOBOT_6Axis_ROS2_V4/image) by extensions ['colcon_pkg']
[0.243s] Level 1:colcon.colcon_core.package_identification:_identify(src/DOBOT_6Axis_ROS2_V4/image) by extension 'colcon_pkg'
[0.243s] Level 1:colcon.colcon_core.package_identification:_identify(src/DOBOT_6Axis_ROS2_V4/image) by extensions ['colcon_meta']
[0.244s] Level 1:colcon.colcon_core.package_identification:_identify(src/DOBOT_6Axis_ROS2_V4/image) by extension 'colcon_meta'
[0.244s] Level 1:colcon.colcon_core.package_identification:_identify(src/DOBOT_6Axis_ROS2_V4/image) by extensions ['ros']
[0.244s] Level 1:colcon.colcon_core.package_identification:_identify(src/DOBOT_6Axis_ROS2_V4/image) by extension 'ros'
[0.244s] Level 1:colcon.colcon_core.package_identification:_identify(src/DOBOT_6Axis_ROS2_V4/image) by extensions ['cmake', 'python']
[0.244s] Level 1:colcon.colcon_core.package_identification:_identify(src/DOBOT_6Axis_ROS2_V4/image) by extension 'cmake'
[0.244s] Level 1:colcon.colcon_core.package_identification:_identify(src/DOBOT_6Axis_ROS2_V4/image) by extension 'python'
[0.244s] Level 1:colcon.colcon_core.package_identification:_identify(src/DOBOT_6Axis_ROS2_V4/image) by extensions ['python_setup_py']
[0.244s] Level 1:colcon.colcon_core.package_identification:_identify(src/DOBOT_6Axis_ROS2_V4/image) by extension 'python_setup_py'
[0.244s] Level 1:colcon.colcon_core.package_identification:_identify(src/DOBOT_6Axis_ROS2_V4/install) by extensions ['ignore', 'ignore_ament_install']
[0.244s] Level 1:colcon.colcon_core.package_identification:_identify(src/DOBOT_6Axis_ROS2_V4/install) by extension 'ignore'
[0.244s] Level 1:colcon.colcon_core.package_identification:_identify(src/DOBOT_6Axis_ROS2_V4/install) ignored
[0.244s] Level 1:colcon.colcon_core.package_identification:_identify(src/DOBOT_6Axis_ROS2_V4/log) by extensions ['ignore', 'ignore_ament_install']
[0.244s] Level 1:colcon.colcon_core.package_identification:_identify(src/DOBOT_6Axis_ROS2_V4/log) by extension 'ignore'
[0.244s] Level 1:colcon.colcon_core.package_identification:_identify(src/DOBOT_6Axis_ROS2_V4/log) ignored
[0.245s] Level 1:colcon.colcon_core.package_identification:_identify(src/DOBOT_6Axis_ROS2_V4/log_txt) by extensions ['ignore', 'ignore_ament_install']
[0.245s] Level 1:colcon.colcon_core.package_identification:_identify(src/DOBOT_6Axis_ROS2_V4/log_txt) by extension 'ignore'
[0.245s] Level 1:colcon.colcon_core.package_identification:_identify(src/DOBOT_6Axis_ROS2_V4/log_txt) by extension 'ignore_ament_install'
[0.245s] Level 1:colcon.colcon_core.package_identification:_identify(src/DOBOT_6Axis_ROS2_V4/log_txt) by extensions ['colcon_pkg']
[0.245s] Level 1:colcon.colcon_core.package_identification:_identify(src/DOBOT_6Axis_ROS2_V4/log_txt) by extension 'colcon_pkg'
[0.245s] Level 1:colcon.colcon_core.package_identification:_identify(src/DOBOT_6Axis_ROS2_V4/log_txt) by extensions ['colcon_meta']
[0.245s] Level 1:colcon.colcon_core.package_identification:_identify(src/DOBOT_6Axis_ROS2_V4/log_txt) by extension 'colcon_meta'
[0.245s] Level 1:colcon.colcon_core.package_identification:_identify(src/DOBOT_6Axis_ROS2_V4/log_txt) by extensions ['ros']
[0.245s] Level 1:colcon.colcon_core.package_identification:_identify(src/DOBOT_6Axis_ROS2_V4/log_txt) by extension 'ros'
[0.245s] Level 1:colcon.colcon_core.package_identification:_identify(src/DOBOT_6Axis_ROS2_V4/log_txt) by extensions ['cmake', 'python']
[0.245s] Level 1:colcon.colcon_core.package_identification:_identify(src/DOBOT_6Axis_ROS2_V4/log_txt) by extension 'cmake'
[0.245s] Level 1:colcon.colcon_core.package_identification:_identify(src/DOBOT_6Axis_ROS2_V4/log_txt) by extension 'python'
[0.245s] Level 1:colcon.colcon_core.package_identification:_identify(src/DOBOT_6Axis_ROS2_V4/log_txt) by extensions ['python_setup_py']
[0.245s] Level 1:colcon.colcon_core.package_identification:_identify(src/DOBOT_6Axis_ROS2_V4/log_txt) by extension 'python_setup_py'
[0.246s] Level 1:colcon.colcon_core.package_identification:_identify(src/DOBOT_6Axis_ROS2_V4/mp) by extensions ['ignore', 'ignore_ament_install']
[0.246s] Level 1:colcon.colcon_core.package_identification:_identify(src/DOBOT_6Axis_ROS2_V4/mp) by extension 'ignore'
[0.246s] Level 1:colcon.colcon_core.package_identification:_identify(src/DOBOT_6Axis_ROS2_V4/mp) by extension 'ignore_ament_install'
[0.246s] Level 1:colcon.colcon_core.package_identification:_identify(src/DOBOT_6Axis_ROS2_V4/mp) by extensions ['colcon_pkg']
[0.246s] Level 1:colcon.colcon_core.package_identification:_identify(src/DOBOT_6Axis_ROS2_V4/mp) by extension 'colcon_pkg'
[0.246s] Level 1:colcon.colcon_core.package_identification:_identify(src/DOBOT_6Axis_ROS2_V4/mp) by extensions ['colcon_meta']
[0.246s] Level 1:colcon.colcon_core.package_identification:_identify(src/DOBOT_6Axis_ROS2_V4/mp) by extension 'colcon_meta'
[0.246s] Level 1:colcon.colcon_core.package_identification:_identify(src/DOBOT_6Axis_ROS2_V4/mp) by extensions ['ros']
[0.246s] Level 1:colcon.colcon_core.package_identification:_identify(src/DOBOT_6Axis_ROS2_V4/mp) by extension 'ros'
[0.246s] Level 1:colcon.colcon_core.package_identification:_identify(src/DOBOT_6Axis_ROS2_V4/mp) by extensions ['cmake', 'python']
[0.246s] Level 1:colcon.colcon_core.package_identification:_identify(src/DOBOT_6Axis_ROS2_V4/mp) by extension 'cmake'
[0.246s] Level 1:colcon.colcon_core.package_identification:_identify(src/DOBOT_6Axis_ROS2_V4/mp) by extension 'python'
[0.246s] Level 1:colcon.colcon_core.package_identification:_identify(src/DOBOT_6Axis_ROS2_V4/mp) by extensions ['python_setup_py']
[0.246s] Level 1:colcon.colcon_core.package_identification:_identify(src/DOBOT_6Axis_ROS2_V4/mp) by extension 'python_setup_py'
[0.246s] Level 1:colcon.colcon_core.package_identification:_identify(src/DOBOT_6Axis_ROS2_V4/mp/__pycache__) by extensions ['ignore', 'ignore_ament_install']
[0.246s] Level 1:colcon.colcon_core.package_identification:_identify(src/DOBOT_6Axis_ROS2_V4/mp/__pycache__) by extension 'ignore'
[0.246s] Level 1:colcon.colcon_core.package_identification:_identify(src/DOBOT_6Axis_ROS2_V4/mp/__pycache__) by extension 'ignore_ament_install'
[0.246s] Level 1:colcon.colcon_core.package_identification:_identify(src/DOBOT_6Axis_ROS2_V4/mp/__pycache__) by extensions ['colcon_pkg']
[0.246s] Level 1:colcon.colcon_core.package_identification:_identify(src/DOBOT_6Axis_ROS2_V4/mp/__pycache__) by extension 'colcon_pkg'
[0.246s] Level 1:colcon.colcon_core.package_identification:_identify(src/DOBOT_6Axis_ROS2_V4/mp/__pycache__) by extensions ['colcon_meta']
[0.246s] Level 1:colcon.colcon_core.package_identification:_identify(src/DOBOT_6Axis_ROS2_V4/mp/__pycache__) by extension 'colcon_meta'
[0.246s] Level 1:colcon.colcon_core.package_identification:_identify(src/DOBOT_6Axis_ROS2_V4/mp/__pycache__) by extensions ['ros']
[0.246s] Level 1:colcon.colcon_core.package_identification:_identify(src/DOBOT_6Axis_ROS2_V4/mp/__pycache__) by extension 'ros'
[0.247s] Level 1:colcon.colcon_core.package_identification:_identify(src/DOBOT_6Axis_ROS2_V4/mp/__pycache__) by extensions ['cmake', 'python']
[0.247s] Level 1:colcon.colcon_core.package_identification:_identify(src/DOBOT_6Axis_ROS2_V4/mp/__pycache__) by extension 'cmake'
[0.247s] Level 1:colcon.colcon_core.package_identification:_identify(src/DOBOT_6Axis_ROS2_V4/mp/__pycache__) by extension 'python'
[0.247s] Level 1:colcon.colcon_core.package_identification:_identify(src/DOBOT_6Axis_ROS2_V4/mp/__pycache__) by extensions ['python_setup_py']
[0.247s] Level 1:colcon.colcon_core.package_identification:_identify(src/DOBOT_6Axis_ROS2_V4/mp/__pycache__) by extension 'python_setup_py'
[0.247s] Level 1:colcon.colcon_core.package_identification:_identify(src/DOBOT_6Axis_ROS2_V4/onrobot_2fg7_description) by extensions ['ignore', 'ignore_ament_install']
[0.247s] Level 1:colcon.colcon_core.package_identification:_identify(src/DOBOT_6Axis_ROS2_V4/onrobot_2fg7_description) by extension 'ignore'
[0.247s] Level 1:colcon.colcon_core.package_identification:_identify(src/DOBOT_6Axis_ROS2_V4/onrobot_2fg7_description) by extension 'ignore_ament_install'
[0.247s] Level 1:colcon.colcon_core.package_identification:_identify(src/DOBOT_6Axis_ROS2_V4/onrobot_2fg7_description) by extensions ['colcon_pkg']
[0.247s] Level 1:colcon.colcon_core.package_identification:_identify(src/DOBOT_6Axis_ROS2_V4/onrobot_2fg7_description) by extension 'colcon_pkg'
[0.247s] Level 1:colcon.colcon_core.package_identification:_identify(src/DOBOT_6Axis_ROS2_V4/onrobot_2fg7_description) by extensions ['colcon_meta']
[0.247s] Level 1:colcon.colcon_core.package_identification:_identify(src/DOBOT_6Axis_ROS2_V4/onrobot_2fg7_description) by extension 'colcon_meta'
[0.247s] Level 1:colcon.colcon_core.package_identification:_identify(src/DOBOT_6Axis_ROS2_V4/onrobot_2fg7_description) by extensions ['ros']
[0.247s] Level 1:colcon.colcon_core.package_identification:_identify(src/DOBOT_6Axis_ROS2_V4/onrobot_2fg7_description) by extension 'ros'
[0.247s] DEBUG:colcon.colcon_core.package_identification:Package 'src/DOBOT_6Axis_ROS2_V4/onrobot_2fg7_description' with type 'ros.ament_cmake' and name 'onrobot_2fg7_description'
[0.248s] Level 1:colcon.colcon_core.package_identification:_identify(src/DOBOT_6Axis_ROS2_V4/reachability_out) by extensions ['ignore', 'ignore_ament_install']
[0.248s] Level 1:colcon.colcon_core.package_identification:_identify(src/DOBOT_6Axis_ROS2_V4/reachability_out) by extension 'ignore'
[0.248s] Level 1:colcon.colcon_core.package_identification:_identify(src/DOBOT_6Axis_ROS2_V4/reachability_out) by extension 'ignore_ament_install'
[0.248s] Level 1:colcon.colcon_core.package_identification:_identify(src/DOBOT_6Axis_ROS2_V4/reachability_out) by extensions ['colcon_pkg']
[0.248s] Level 1:colcon.colcon_core.package_identification:_identify(src/DOBOT_6Axis_ROS2_V4/reachability_out) by extension 'colcon_pkg'
[0.248s] Level 1:colcon.colcon_core.package_identification:_identify(src/DOBOT_6Axis_ROS2_V4/reachability_out) by extensions ['colcon_meta']
[0.248s] Level 1:colcon.colcon_core.package_identification:_identify(src/DOBOT_6Axis_ROS2_V4/reachability_out) by extension 'colcon_meta'
[0.248s] Level 1:colcon.colcon_core.package_identification:_identify(src/DOBOT_6Axis_ROS2_V4/reachability_out) by extensions ['ros']
[0.248s] Level 1:colcon.colcon_core.package_identification:_identify(src/DOBOT_6Axis_ROS2_V4/reachability_out) by extension 'ros'
[0.248s] Level 1:colcon.colcon_core.package_identification:_identify(src/DOBOT_6Axis_ROS2_V4/reachability_out) by extensions ['cmake', 'python']
[0.248s] Level 1:colcon.colcon_core.package_identification:_identify(src/DOBOT_6Axis_ROS2_V4/reachability_out) by extension 'cmake'
[0.248s] Level 1:colcon.colcon_core.package_identification:_identify(src/DOBOT_6Axis_ROS2_V4/reachability_out) by extension 'python'
[0.248s] Level 1:colcon.colcon_core.package_identification:_identify(src/DOBOT_6Axis_ROS2_V4/reachability_out) by extensions ['python_setup_py']
[0.248s] Level 1:colcon.colcon_core.package_identification:_identify(src/DOBOT_6Axis_ROS2_V4/reachability_out) by extension 'python_setup_py'
[0.248s] Level 1:colcon.colcon_core.package_identification:_identify(src/DOBOT_6Axis_ROS2_V4/servo_action) by extensions ['ignore', 'ignore_ament_install']
[0.248s] Level 1:colcon.colcon_core.package_identification:_identify(src/DOBOT_6Axis_ROS2_V4/servo_action) by extension 'ignore'
[0.248s] Level 1:colcon.colcon_core.package_identification:_identify(src/DOBOT_6Axis_ROS2_V4/servo_action) by extension 'ignore_ament_install'
[0.248s] Level 1:colcon.colcon_core.package_identification:_identify(src/DOBOT_6Axis_ROS2_V4/servo_action) by extensions ['colcon_pkg']
[0.248s] Level 1:colcon.colcon_core.package_identification:_identify(src/DOBOT_6Axis_ROS2_V4/servo_action) by extension 'colcon_pkg'
[0.248s] Level 1:colcon.colcon_core.package_identification:_identify(src/DOBOT_6Axis_ROS2_V4/servo_action) by extensions ['colcon_meta']
[0.248s] Level 1:colcon.colcon_core.package_identification:_identify(src/DOBOT_6Axis_ROS2_V4/servo_action) by extension 'colcon_meta'
[0.248s] Level 1:colcon.colcon_core.package_identification:_identify(src/DOBOT_6Axis_ROS2_V4/servo_action) by extensions ['ros']
[0.248s] Level 1:colcon.colcon_core.package_identification:_identify(src/DOBOT_6Axis_ROS2_V4/servo_action) by extension 'ros'
[0.249s] DEBUG:colcon.colcon_core.package_identification:Package 'src/DOBOT_6Axis_ROS2_V4/servo_action' with type 'ros.ament_python' and name 'servo_action'
[0.249s] Level 1:colcon.colcon_core.package_identification:_identify(src/IFRA_LinkAttacher) by extensions ['ignore', 'ignore_ament_install']
[0.249s] Level 1:colcon.colcon_core.package_identification:_identify(src/IFRA_LinkAttacher) by extension 'ignore'
[0.249s] Level 1:colcon.colcon_core.package_identification:_identify(src/IFRA_LinkAttacher) by extension 'ignore_ament_install'
[0.249s] Level 1:colcon.colcon_core.package_identification:_identify(src/IFRA_LinkAttacher) by extensions ['colcon_pkg']
[0.249s] Level 1:colcon.colcon_core.package_identification:_identify(src/IFRA_LinkAttacher) by extension 'colcon_pkg'
[0.249s] Level 1:colcon.colcon_core.package_identification:_identify(src/IFRA_LinkAttacher) by extensions ['colcon_meta']
[0.249s] Level 1:colcon.colcon_core.package_identification:_identify(src/IFRA_LinkAttacher) by extension 'colcon_meta'
[0.249s] Level 1:colcon.colcon_core.package_identification:_identify(src/IFRA_LinkAttacher) by extensions ['ros']
[0.249s] Level 1:colcon.colcon_core.package_identification:_identify(src/IFRA_LinkAttacher) by extension 'ros'
[0.249s] Level 1:colcon.colcon_core.package_identification:_identify(src/IFRA_LinkAttacher) by extensions ['cmake', 'python']
[0.249s] Level 1:colcon.colcon_core.package_identification:_identify(src/IFRA_LinkAttacher) by extension 'cmake'
[0.249s] Level 1:colcon.colcon_core.package_identification:_identify(src/IFRA_LinkAttacher) by extension 'python'
[0.249s] Level 1:colcon.colcon_core.package_identification:_identify(src/IFRA_LinkAttacher) by extensions ['python_setup_py']
[0.249s] Level 1:colcon.colcon_core.package_identification:_identify(src/IFRA_LinkAttacher) by extension 'python_setup_py'
[0.250s] Level 1:colcon.colcon_core.package_identification:_identify(src/IFRA_LinkAttacher/linkattacher_msgs) by extensions ['ignore', 'ignore_ament_install']
[0.250s] Level 1:colcon.colcon_core.package_identification:_identify(src/IFRA_LinkAttacher/linkattacher_msgs) by extension 'ignore'
[0.250s] Level 1:colcon.colcon_core.package_identification:_identify(src/IFRA_LinkAttacher/linkattacher_msgs) by extension 'ignore_ament_install'
[0.250s] Level 1:colcon.colcon_core.package_identification:_identify(src/IFRA_LinkAttacher/linkattacher_msgs) by extensions ['colcon_pkg']
[0.250s] Level 1:colcon.colcon_core.package_identification:_identify(src/IFRA_LinkAttacher/linkattacher_msgs) by extension 'colcon_pkg'
[0.250s] Level 1:colcon.colcon_core.package_identification:_identify(src/IFRA_LinkAttacher/linkattacher_msgs) by extensions ['colcon_meta']
[0.250s] Level 1:colcon.colcon_core.package_identification:_identify(src/IFRA_LinkAttacher/linkattacher_msgs) by extension 'colcon_meta'
[0.250s] Level 1:colcon.colcon_core.package_identification:_identify(src/IFRA_LinkAttacher/linkattacher_msgs) by extensions ['ros']
[0.250s] Level 1:colcon.colcon_core.package_identification:_identify(src/IFRA_LinkAttacher/linkattacher_msgs) by extension 'ros'
[0.250s] DEBUG:colcon.colcon_core.package_identification:Package 'src/IFRA_LinkAttacher/linkattacher_msgs' with type 'ros.ament_cmake' and name 'linkattacher_msgs'
[0.250s] Level 1:colcon.colcon_core.package_identification:_identify(src/IFRA_LinkAttacher/ros2_LinkAttacher) by extensions ['ignore', 'ignore_ament_install']
[0.250s] Level 1:colcon.colcon_core.package_identification:_identify(src/IFRA_LinkAttacher/ros2_LinkAttacher) by extension 'ignore'
[0.250s] Level 1:colcon.colcon_core.package_identification:_identify(src/IFRA_LinkAttacher/ros2_LinkAttacher) by extension 'ignore_ament_install'
[0.251s] Level 1:colcon.colcon_core.package_identification:_identify(src/IFRA_LinkAttacher/ros2_LinkAttacher) by extensions ['colcon_pkg']
[0.251s] Level 1:colcon.colcon_core.package_identification:_identify(src/IFRA_LinkAttacher/ros2_LinkAttacher) by extension 'colcon_pkg'
[0.251s] Level 1:colcon.colcon_core.package_identification:_identify(src/IFRA_LinkAttacher/ros2_LinkAttacher) by extensions ['colcon_meta']
[0.251s] Level 1:colcon.colcon_core.package_identification:_identify(src/IFRA_LinkAttacher/ros2_LinkAttacher) by extension 'colcon_meta'
[0.251s] Level 1:colcon.colcon_core.package_identification:_identify(src/IFRA_LinkAttacher/ros2_LinkAttacher) by extensions ['ros']
[0.251s] Level 1:colcon.colcon_core.package_identification:_identify(src/IFRA_LinkAttacher/ros2_LinkAttacher) by extension 'ros'
[0.251s] DEBUG:colcon.colcon_core.package_identification:Package 'src/IFRA_LinkAttacher/ros2_LinkAttacher' with type 'ros.ament_cmake' and name 'ros2_linkattacher'
[0.251s] Level 1:colcon.colcon_core.package_discovery:discover_packages(recursive) using defaults
[0.251s] Level 1:colcon.colcon_core.package_discovery:discover_packages(ignore) discover
[0.251s] Level 1:colcon.colcon_core.package_discovery:discover_packages(ignore) using defaults
[0.251s] Level 1:colcon.colcon_core.package_discovery:discover_packages(path) discover
[0.251s] Level 1:colcon.colcon_core.package_discovery:discover_packages(path) using defaults
[0.281s] Level 1:colcon.colcon_core.package_discovery:discover_packages(prefix_path) check parameters
[0.281s] Level 1:colcon.colcon_core.package_discovery:discover_packages(prefix_path) discover
[0.284s] DEBUG:colcon.colcon_installed_package_information.package_discovery:Found 15 installed packages in /home/user/dobot_ws/install
[0.286s] DEBUG:colcon.colcon_installed_package_information.package_discovery:Found 314 installed packages in /opt/ros/humble
[0.288s] Level 1:colcon.colcon_core.package_discovery:discover_packages(prefix_path) using defaults
[0.325s] Level 5:colcon.colcon_core.verb:set package 'ariac_db' build argument 'cmake_args' from command line to 'None'
[0.325s] Level 5:colcon.colcon_core.verb:set package 'ariac_db' build argument 'cmake_target' from command line to 'None'
[0.325s] Level 5:colcon.colcon_core.verb:set package 'ariac_db' build argument 'cmake_target_skip_unavailable' from command line to 'False'
[0.325s] Level 5:colcon.colcon_core.verb:set package 'ariac_db' build argument 'cmake_clean_cache' from command line to 'False'
[0.326s] Level 5:colcon.colcon_core.verb:set package 'ariac_db' build argument 'cmake_clean_first' from command line to 'False'
[0.326s] Level 5:colcon.colcon_core.verb:set package 'ariac_db' build argument 'cmake_force_configure' from command line to 'False'
[0.326s] Level 5:colcon.colcon_core.verb:set package 'ariac_db' build argument 'ament_cmake_args' from command line to 'None'
[0.326s] Level 5:colcon.colcon_core.verb:set package 'ariac_db' build argument 'catkin_cmake_args' from command line to 'None'
[0.326s] Level 5:colcon.colcon_core.verb:set package 'ariac_db' build argument 'catkin_skip_building_tests' from command line to 'False'
[0.326s] DEBUG:colcon.colcon_core.verb:Building package 'ariac_db' with the following arguments: {'ament_cmake_args': None, 'build_base': '/home/user/dobot_ws/build/ariac_db', 'catkin_cmake_args': None, 'catkin_skip_building_tests': False, 'cmake_args': None, 'cmake_clean_cache': False, 'cmake_clean_first': False, 'cmake_force_configure': False, 'cmake_target': None, 'cmake_target_skip_unavailable': False, 'install_base': '/home/user/dobot_ws/install/ariac_db', 'merge_install': False, 'path': '/home/user/dobot_ws/src/ARIAC/ariac_db', 'symlink_install': False, 'test_result_base': None}
[0.326s] Level 5:colcon.colcon_core.verb:set package 'ariac_description' build argument 'cmake_args' from command line to 'None'
[0.326s] Level 5:colcon.colcon_core.verb:set package 'ariac_description' build argument 'cmake_target' from command line to 'None'
[0.326s] Level 5:colcon.colcon_core.verb:set package 'ariac_description' build argument 'cmake_target_skip_unavailable' from command line to 'False'
[0.326s] Level 5:colcon.colcon_core.verb:set package 'ariac_description' build argument 'cmake_clean_cache' from command line to 'False'
[0.326s] Level 5:colcon.colcon_core.verb:set package 'ariac_description' build argument 'cmake_clean_first' from command line to 'False'
[0.326s] Level 5:colcon.colcon_core.verb:set package 'ariac_description' build argument 'cmake_force_configure' from command line to 'False'
[0.326s] Level 5:colcon.colcon_core.verb:set package 'ariac_description' build argument 'ament_cmake_args' from command line to 'None'
[0.326s] Level 5:colcon.colcon_core.verb:set package 'ariac_description' build argument 'catkin_cmake_args' from command line to 'None'
[0.326s] Level 5:colcon.colcon_core.verb:set package 'ariac_description' build argument 'catkin_skip_building_tests' from command line to 'False'
[0.326s] DEBUG:colcon.colcon_core.verb:Building package 'ariac_description' with the following arguments: {'ament_cmake_args': None, 'build_base': '/home/user/dobot_ws/build/ariac_description', 'catkin_cmake_args': None, 'catkin_skip_building_tests': False, 'cmake_args': None, 'cmake_clean_cache': False, 'cmake_clean_first': False, 'cmake_force_configure': False, 'cmake_target': None, 'cmake_target_skip_unavailable': False, 'install_base': '/home/user/dobot_ws/install/ariac_description', 'merge_install': False, 'path': '/home/user/dobot_ws/src/ARIAC/ariac_description', 'symlink_install': False, 'test_result_base': None}
[0.326s] Level 5:colcon.colcon_core.verb:set package 'ariac_interfaces' build argument 'cmake_args' from command line to 'None'
[0.326s] Level 5:colcon.colcon_core.verb:set package 'ariac_interfaces' build argument 'cmake_target' from command line to 'None'
[0.326s] Level 5:colcon.colcon_core.verb:set package 'ariac_interfaces' build argument 'cmake_target_skip_unavailable' from command line to 'False'
[0.326s] Level 5:colcon.colcon_core.verb:set package 'ariac_interfaces' build argument 'cmake_clean_cache' from command line to 'False'
[0.326s] Level 5:colcon.colcon_core.verb:set package 'ariac_interfaces' build argument 'cmake_clean_first' from command line to 'False'
[0.326s] Level 5:colcon.colcon_core.verb:set package 'ariac_interfaces' build argument 'cmake_force_configure' from command line to 'False'
[0.326s] Level 5:colcon.colcon_core.verb:set package 'ariac_interfaces' build argument 'ament_cmake_args' from command line to 'None'
[0.327s] Level 5:colcon.colcon_core.verb:set package 'ariac_interfaces' build argument 'catkin_cmake_args' from command line to 'None'
[0.327s] Level 5:colcon.colcon_core.verb:set package 'ariac_interfaces' build argument 'catkin_skip_building_tests' from command line to 'False'
[0.327s] DEBUG:colcon.colcon_core.verb:Building package 'ariac_interfaces' with the following arguments: {'ament_cmake_args': None, 'build_base': '/home/user/dobot_ws/build/ariac_interfaces', 'catkin_cmake_args': None, 'catkin_skip_building_tests': False, 'cmake_args': None, 'cmake_clean_cache': False, 'cmake_clean_first': False, 'cmake_force_configure': False, 'cmake_target': None, 'cmake_target_skip_unavailable': False, 'install_base': '/home/user/dobot_ws/install/ariac_interfaces', 'merge_install': False, 'path': '/home/user/dobot_ws/src/ARIAC/ariac_interfaces', 'symlink_install': False, 'test_result_base': None}
[0.327s] Level 5:colcon.colcon_core.verb:set package 'ariac_setup' build argument 'cmake_args' from command line to 'None'
[0.327s] Level 5:colcon.colcon_core.verb:set package 'ariac_setup' build argument 'cmake_target' from command line to 'None'
[0.327s] Level 5:colcon.colcon_core.verb:set package 'ariac_setup' build argument 'cmake_target_skip_unavailable' from command line to 'False'
[0.327s] Level 5:colcon.colcon_core.verb:set package 'ariac_setup' build argument 'cmake_clean_cache' from command line to 'False'
[0.327s] Level 5:colcon.colcon_core.verb:set package 'ariac_setup' build argument 'cmake_clean_first' from command line to 'False'
[0.327s] Level 5:colcon.colcon_core.verb:set package 'ariac_setup' build argument 'cmake_force_configure' from command line to 'False'
[0.327s] Level 5:colcon.colcon_core.verb:set package 'ariac_setup' build argument 'ament_cmake_args' from command line to 'None'
[0.327s] Level 5:colcon.colcon_core.verb:set package 'ariac_setup' build argument 'catkin_cmake_args' from command line to 'None'
[0.327s] Level 5:colcon.colcon_core.verb:set package 'ariac_setup' build argument 'catkin_skip_building_tests' from command line to 'False'
[0.327s] DEBUG:colcon.colcon_core.verb:Building package 'ariac_setup' with the following arguments: {'ament_cmake_args': None, 'build_base': '/home/user/dobot_ws/build/ariac_setup', 'catkin_cmake_args': None, 'catkin_skip_building_tests': False, 'cmake_args': None, 'cmake_clean_cache': False, 'cmake_clean_first': False, 'cmake_force_configure': False, 'cmake_target': None, 'cmake_target_skip_unavailable': False, 'install_base': '/home/user/dobot_ws/install/ariac_setup', 'merge_install': False, 'path': '/home/user/dobot_ws/src/ARIAC/ariac_setup', 'symlink_install': False, 'test_result_base': None}
[0.327s] Level 5:colcon.colcon_core.verb:set package 'dobot_demo' build argument 'cmake_args' from command line to 'None'
[0.327s] Level 5:colcon.colcon_core.verb:set package 'dobot_demo' build argument 'cmake_target' from command line to 'None'
[0.327s] Level 5:colcon.colcon_core.verb:set package 'dobot_demo' build argument 'cmake_target_skip_unavailable' from command line to 'False'
[0.327s] Level 5:colcon.colcon_core.verb:set package 'dobot_demo' build argument 'cmake_clean_cache' from command line to 'False'
[0.327s] Level 5:colcon.colcon_core.verb:set package 'dobot_demo' build argument 'cmake_clean_first' from command line to 'False'
[0.327s] Level 5:colcon.colcon_core.verb:set package 'dobot_demo' build argument 'cmake_force_configure' from command line to 'False'
[0.327s] Level 5:colcon.colcon_core.verb:set package 'dobot_demo' build argument 'ament_cmake_args' from command line to 'None'
[0.327s] Level 5:colcon.colcon_core.verb:set package 'dobot_demo' build argument 'catkin_cmake_args' from command line to 'None'
[0.327s] Level 5:colcon.colcon_core.verb:set package 'dobot_demo' build argument 'catkin_skip_building_tests' from command line to 'False'
[0.327s] DEBUG:colcon.colcon_core.verb:Building package 'dobot_demo' with the following arguments: {'ament_cmake_args': None, 'build_base': '/home/user/dobot_ws/build/dobot_demo', 'catkin_cmake_args': None, 'catkin_skip_building_tests': False, 'cmake_args': None, 'cmake_clean_cache': False, 'cmake_clean_first': False, 'cmake_force_configure': False, 'cmake_target': None, 'cmake_target_skip_unavailable': False, 'install_base': '/home/user/dobot_ws/install/dobot_demo', 'merge_install': False, 'path': '/home/user/dobot_ws/src/DOBOT_6Axis_ROS2_V4/dobot_demo', 'symlink_install': False, 'test_result_base': None}
[0.328s] Level 5:colcon.colcon_core.verb:set package 'dobot_demo_cpp' build argument 'cmake_args' from command line to 'None'
[0.328s] Level 5:colcon.colcon_core.verb:set package 'dobot_demo_cpp' build argument 'cmake_target' from command line to 'None'
[0.328s] Level 5:colcon.colcon_core.verb:set package 'dobot_demo_cpp' build argument 'cmake_target_skip_unavailable' from command line to 'False'
[0.328s] Level 5:colcon.colcon_core.verb:set package 'dobot_demo_cpp' build argument 'cmake_clean_cache' from command line to 'False'
[0.328s] Level 5:colcon.colcon_core.verb:set package 'dobot_demo_cpp' build argument 'cmake_clean_first' from command line to 'False'
[0.328s] Level 5:colcon.colcon_core.verb:set package 'dobot_demo_cpp' build argument 'cmake_force_configure' from command line to 'False'
[0.328s] Level 5:colcon.colcon_core.verb:set package 'dobot_demo_cpp' build argument 'ament_cmake_args' from command line to 'None'
[0.328s] Level 5:colcon.colcon_core.verb:set package 'dobot_demo_cpp' build argument 'catkin_cmake_args' from command line to 'None'
[0.328s] Level 5:colcon.colcon_core.verb:set package 'dobot_demo_cpp' build argument 'catkin_skip_building_tests' from command line to 'False'
[0.328s] DEBUG:colcon.colcon_core.verb:Building package 'dobot_demo_cpp' with the following arguments: {'ament_cmake_args': None, 'build_base': '/home/user/dobot_ws/build/dobot_demo_cpp', 'catkin_cmake_args': None, 'catkin_skip_building_tests': False, 'cmake_args': None, 'cmake_clean_cache': False, 'cmake_clean_first': False, 'cmake_force_configure': False, 'cmake_target': None, 'cmake_target_skip_unavailable': False, 'install_base': '/home/user/dobot_ws/install/dobot_demo_cpp', 'merge_install': False, 'path': '/home/user/dobot_ws/src/DOBOT_6Axis_ROS2_V4/dobot_demo_cpp', 'symlink_install': False, 'test_result_base': None}
[0.328s] Level 5:colcon.colcon_core.verb:set package 'dobot_moveit' build argument 'cmake_args' from command line to 'None'
[0.328s] Level 5:colcon.colcon_core.verb:set package 'dobot_moveit' build argument 'cmake_target' from command line to 'None'
[0.328s] Level 5:colcon.colcon_core.verb:set package 'dobot_moveit' build argument 'cmake_target_skip_unavailable' from command line to 'False'
[0.328s] Level 5:colcon.colcon_core.verb:set package 'dobot_moveit' build argument 'cmake_clean_cache' from command line to 'False'
[0.328s] Level 5:colcon.colcon_core.verb:set package 'dobot_moveit' build argument 'cmake_clean_first' from command line to 'False'
[0.328s] Level 5:colcon.colcon_core.verb:set package 'dobot_moveit' build argument 'cmake_force_configure' from command line to 'False'
[0.328s] Level 5:colcon.colcon_core.verb:set package 'dobot_moveit' build argument 'ament_cmake_args' from command line to 'None'
[0.328s] Level 5:colcon.colcon_core.verb:set package 'dobot_moveit' build argument 'catkin_cmake_args' from command line to 'None'
[0.328s] Level 5:colcon.colcon_core.verb:set package 'dobot_moveit' build argument 'catkin_skip_building_tests' from command line to 'False'
[0.328s] DEBUG:colcon.colcon_core.verb:Building package 'dobot_moveit' with the following arguments: {'ament_cmake_args': None, 'build_base': '/home/user/dobot_ws/build/dobot_moveit', 'catkin_cmake_args': None, 'catkin_skip_building_tests': False, 'cmake_args': None, 'cmake_clean_cache': False, 'cmake_clean_first': False, 'cmake_force_configure': False, 'cmake_target': None, 'cmake_target_skip_unavailable': False, 'install_base': '/home/user/dobot_ws/install/dobot_moveit', 'merge_install': False, 'path': '/home/user/dobot_ws/src/DOBOT_6Axis_ROS2_V4/dobot_moveit', 'symlink_install': False, 'test_result_base': None}
[0.329s] Level 5:colcon.colcon_core.verb:set package 'dobot_msgs_v4' build argument 'cmake_args' from command line to 'None'
[0.329s] Level 5:colcon.colcon_core.verb:set package 'dobot_msgs_v4' build argument 'cmake_target' from command line to 'None'
[0.329s] Level 5:colcon.colcon_core.verb:set package 'dobot_msgs_v4' build argument 'cmake_target_skip_unavailable' from command line to 'False'
[0.329s] Level 5:colcon.colcon_core.verb:set package 'dobot_msgs_v4' build argument 'cmake_clean_cache' from command line to 'False'
[0.329s] Level 5:colcon.colcon_core.verb:set package 'dobot_msgs_v4' build argument 'cmake_clean_first' from command line to 'False'
[0.329s] Level 5:colcon.colcon_core.verb:set package 'dobot_msgs_v4' build argument 'cmake_force_configure' from command line to 'False'
[0.329s] Level 5:colcon.colcon_core.verb:set package 'dobot_msgs_v4' build argument 'ament_cmake_args' from command line to 'None'
[0.329s] Level 5:colcon.colcon_core.verb:set package 'dobot_msgs_v4' build argument 'catkin_cmake_args' from command line to 'None'
[0.329s] Level 5:colcon.colcon_core.verb:set package 'dobot_msgs_v4' build argument 'catkin_skip_building_tests' from command line to 'False'
[0.329s] DEBUG:colcon.colcon_core.verb:Building package 'dobot_msgs_v4' with the following arguments: {'ament_cmake_args': None, 'build_base': '/home/user/dobot_ws/build/dobot_msgs_v4', 'catkin_cmake_args': None, 'catkin_skip_building_tests': False, 'cmake_args': None, 'cmake_clean_cache': False, 'cmake_clean_first': False, 'cmake_force_configure': False, 'cmake_target': None, 'cmake_target_skip_unavailable': False, 'install_base': '/home/user/dobot_ws/install/dobot_msgs_v4', 'merge_install': False, 'path': '/home/user/dobot_ws/src/DOBOT_6Axis_ROS2_V4/dobot_msgs_v4', 'symlink_install': False, 'test_result_base': None}
[0.329s] Level 5:colcon.colcon_core.verb:set package 'dobot_rviz' build argument 'cmake_args' from command line to 'None'
[0.329s] Level 5:colcon.colcon_core.verb:set package 'dobot_rviz' build argument 'cmake_target' from command line to 'None'
[0.329s] Level 5:colcon.colcon_core.verb:set package 'dobot_rviz' build argument 'cmake_target_skip_unavailable' from command line to 'False'
[0.329s] Level 5:colcon.colcon_core.verb:set package 'dobot_rviz' build argument 'cmake_clean_cache' from command line to 'False'
[0.329s] Level 5:colcon.colcon_core.verb:set package 'dobot_rviz' build argument 'cmake_clean_first' from command line to 'False'
[0.329s] Level 5:colcon.colcon_core.verb:set package 'dobot_rviz' build argument 'cmake_force_configure' from command line to 'False'
[0.329s] Level 5:colcon.colcon_core.verb:set package 'dobot_rviz' build argument 'ament_cmake_args' from command line to 'None'
[0.329s] Level 5:colcon.colcon_core.verb:set package 'dobot_rviz' build argument 'catkin_cmake_args' from command line to 'None'
[0.329s] Level 5:colcon.colcon_core.verb:set package 'dobot_rviz' build argument 'catkin_skip_building_tests' from command line to 'False'
[0.329s] DEBUG:colcon.colcon_core.verb:Building package 'dobot_rviz' with the following arguments: {'ament_cmake_args': None, 'build_base': '/home/user/dobot_ws/build/dobot_rviz', 'catkin_cmake_args': None, 'catkin_skip_building_tests': False, 'cmake_args': None, 'cmake_clean_cache': False, 'cmake_clean_first': False, 'cmake_force_configure': False, 'cmake_target': None, 'cmake_target_skip_unavailable': False, 'install_base': '/home/user/dobot_ws/install/dobot_rviz', 'merge_install': False, 'path': '/home/user/dobot_ws/src/DOBOT_6Axis_ROS2_V4/dobot_rviz', 'symlink_install': False, 'test_result_base': None}
[0.329s] Level 5:colcon.colcon_core.verb:set package 'linkattacher_msgs' build argument 'cmake_args' from command line to 'None'
[0.330s] Level 5:colcon.colcon_core.verb:set package 'linkattacher_msgs' build argument 'cmake_target' from command line to 'None'
[0.330s] Level 5:colcon.colcon_core.verb:set package 'linkattacher_msgs' build argument 'cmake_target_skip_unavailable' from command line to 'False'
[0.330s] Level 5:colcon.colcon_core.verb:set package 'linkattacher_msgs' build argument 'cmake_clean_cache' from command line to 'False'
[0.330s] Level 5:colcon.colcon_core.verb:set package 'linkattacher_msgs' build argument 'cmake_clean_first' from command line to 'False'
[0.330s] Level 5:colcon.colcon_core.verb:set package 'linkattacher_msgs' build argument 'cmake_force_configure' from command line to 'False'
[0.330s] Level 5:colcon.colcon_core.verb:set package 'linkattacher_msgs' build argument 'ament_cmake_args' from command line to 'None'
[0.330s] Level 5:colcon.colcon_core.verb:set package 'linkattacher_msgs' build argument 'catkin_cmake_args' from command line to 'None'
[0.330s] Level 5:colcon.colcon_core.verb:set package 'linkattacher_msgs' build argument 'catkin_skip_building_tests' from command line to 'False'
[0.330s] DEBUG:colcon.colcon_core.verb:Building package 'linkattacher_msgs' with the following arguments: {'ament_cmake_args': None, 'build_base': '/home/user/dobot_ws/build/linkattacher_msgs', 'catkin_cmake_args': None, 'catkin_skip_building_tests': False, 'cmake_args': None, 'cmake_clean_cache': False, 'cmake_clean_first': False, 'cmake_force_configure': False, 'cmake_target': None, 'cmake_target_skip_unavailable': False, 'install_base': '/home/user/dobot_ws/install/linkattacher_msgs', 'merge_install': False, 'path': '/home/user/dobot_ws/src/IFRA_LinkAttacher/linkattacher_msgs', 'symlink_install': False, 'test_result_base': None}
[0.330s] Level 5:colcon.colcon_core.verb:set package 'onrobot_2fg7_description' build argument 'cmake_args' from command line to 'None'
[0.330s] Level 5:colcon.colcon_core.verb:set package 'onrobot_2fg7_description' build argument 'cmake_target' from command line to 'None'
[0.330s] Level 5:colcon.colcon_core.verb:set package 'onrobot_2fg7_description' build argument 'cmake_target_skip_unavailable' from command line to 'False'
[0.330s] Level 5:colcon.colcon_core.verb:set package 'onrobot_2fg7_description' build argument 'cmake_clean_cache' from command line to 'False'
[0.330s] Level 5:colcon.colcon_core.verb:set package 'onrobot_2fg7_description' build argument 'cmake_clean_first' from command line to 'False'
[0.330s] Level 5:colcon.colcon_core.verb:set package 'onrobot_2fg7_description' build argument 'cmake_force_configure' from command line to 'False'
[0.330s] Level 5:colcon.colcon_core.verb:set package 'onrobot_2fg7_description' build argument 'ament_cmake_args' from command line to 'None'
[0.330s] Level 5:colcon.colcon_core.verb:set package 'onrobot_2fg7_description' build argument 'catkin_cmake_args' from command line to 'None'
[0.330s] Level 5:colcon.colcon_core.verb:set package 'onrobot_2fg7_description' build argument 'catkin_skip_building_tests' from command line to 'False'
[0.330s] DEBUG:colcon.colcon_core.verb:Building package 'onrobot_2fg7_description' with the following arguments: {'ament_cmake_args': None, 'build_base': '/home/user/dobot_ws/build/onrobot_2fg7_description', 'catkin_cmake_args': None, 'catkin_skip_building_tests': False, 'cmake_args': None, 'cmake_clean_cache': False, 'cmake_clean_first': False, 'cmake_force_configure': False, 'cmake_target': None, 'cmake_target_skip_unavailable': False, 'install_base': '/home/user/dobot_ws/install/onrobot_2fg7_description', 'merge_install': False, 'path': '/home/user/dobot_ws/src/DOBOT_6Axis_ROS2_V4/onrobot_2fg7_description', 'symlink_install': False, 'test_result_base': None}
[0.330s] Level 5:colcon.colcon_core.verb:set package 'servo_action' build argument 'cmake_args' from command line to 'None'
[0.330s] Level 5:colcon.colcon_core.verb:set package 'servo_action' build argument 'cmake_target' from command line to 'None'
[0.330s] Level 5:colcon.colcon_core.verb:set package 'servo_action' build argument 'cmake_target_skip_unavailable' from command line to 'False'
[0.330s] Level 5:colcon.colcon_core.verb:set package 'servo_action' build argument 'cmake_clean_cache' from command line to 'False'
[0.330s] Level 5:colcon.colcon_core.verb:set package 'servo_action' build argument 'cmake_clean_first' from command line to 'False'
[0.331s] Level 5:colcon.colcon_core.verb:set package 'servo_action' build argument 'cmake_force_configure' from command line to 'False'
[0.331s] Level 5:colcon.colcon_core.verb:set package 'servo_action' build argument 'ament_cmake_args' from command line to 'None'
[0.331s] Level 5:colcon.colcon_core.verb:set package 'servo_action' build argument 'catkin_cmake_args' from command line to 'None'
[0.331s] Level 5:colcon.colcon_core.verb:set package 'servo_action' build argument 'catkin_skip_building_tests' from command line to 'False'
[0.331s] DEBUG:colcon.colcon_core.verb:Building package 'servo_action' with the following arguments: {'ament_cmake_args': None, 'build_base': '/home/user/dobot_ws/build/servo_action', 'catkin_cmake_args': None, 'catkin_skip_building_tests': False, 'cmake_args': None, 'cmake_clean_cache': False, 'cmake_clean_first': False, 'cmake_force_configure': False, 'cmake_target': None, 'cmake_target_skip_unavailable': False, 'install_base': '/home/user/dobot_ws/install/servo_action', 'merge_install': False, 'path': '/home/user/dobot_ws/src/DOBOT_6Axis_ROS2_V4/servo_action', 'symlink_install': False, 'test_result_base': None}
[0.331s] Level 5:colcon.colcon_core.verb:set package 'ariac_app' build argument 'cmake_args' from command line to 'None'
[0.331s] Level 5:colcon.colcon_core.verb:set package 'ariac_app' build argument 'cmake_target' from command line to 'None'
[0.331s] Level 5:colcon.colcon_core.verb:set package 'ariac_app' build argument 'cmake_target_skip_unavailable' from command line to 'False'
[0.331s] Level 5:colcon.colcon_core.verb:set package 'ariac_app' build argument 'cmake_clean_cache' from command line to 'False'
[0.331s] Level 5:colcon.colcon_core.verb:set package 'ariac_app' build argument 'cmake_clean_first' from command line to 'False'
[0.331s] Level 5:colcon.colcon_core.verb:set package 'ariac_app' build argument 'cmake_force_configure' from command line to 'False'
[0.331s] Level 5:colcon.colcon_core.verb:set package 'ariac_app' build argument 'ament_cmake_args' from command line to 'None'
[0.331s] Level 5:colcon.colcon_core.verb:set package 'ariac_app' build argument 'catkin_cmake_args' from command line to 'None'
[0.331s] Level 5:colcon.colcon_core.verb:set package 'ariac_app' build argument 'catkin_skip_building_tests' from command line to 'False'
[0.331s] DEBUG:colcon.colcon_core.verb:Building package 'ariac_app' with the following arguments: {'ament_cmake_args': None, 'build_base': '/home/user/dobot_ws/build/ariac_app', 'catkin_cmake_args': None, 'catkin_skip_building_tests': False, 'cmake_args': None, 'cmake_clean_cache': False, 'cmake_clean_first': False, 'cmake_force_configure': False, 'cmake_target': None, 'cmake_target_skip_unavailable': False, 'install_base': '/home/user/dobot_ws/install/ariac_app', 'merge_install': False, 'path': '/home/user/dobot_ws/src/ARIAC/ariac_app', 'symlink_install': False, 'test_result_base': None}
[0.331s] Level 5:colcon.colcon_core.verb:set package 'ariac_gz' build argument 'cmake_args' from command line to 'None'
[0.331s] Level 5:colcon.colcon_core.verb:set package 'ariac_gz' build argument 'cmake_target' from command line to 'None'
[0.331s] Level 5:colcon.colcon_core.verb:set package 'ariac_gz' build argument 'cmake_target_skip_unavailable' from command line to 'False'
[0.331s] Level 5:colcon.colcon_core.verb:set package 'ariac_gz' build argument 'cmake_clean_cache' from command line to 'False'
[0.331s] Level 5:colcon.colcon_core.verb:set package 'ariac_gz' build argument 'cmake_clean_first' from command line to 'False'
[0.331s] Level 5:colcon.colcon_core.verb:set package 'ariac_gz' build argument 'cmake_force_configure' from command line to 'False'
[0.331s] Level 5:colcon.colcon_core.verb:set package 'ariac_gz' build argument 'ament_cmake_args' from command line to 'None'
[0.331s] Level 5:colcon.colcon_core.verb:set package 'ariac_gz' build argument 'catkin_cmake_args' from command line to 'None'
[0.331s] Level 5:colcon.colcon_core.verb:set package 'ariac_gz' build argument 'catkin_skip_building_tests' from command line to 'False'
[0.331s] DEBUG:colcon.colcon_core.verb:Building package 'ariac_gz' with the following arguments: {'ament_cmake_args': None, 'build_base': '/home/user/dobot_ws/build/ariac_gz', 'catkin_cmake_args': None, 'catkin_skip_building_tests': False, 'cmake_args': None, 'cmake_clean_cache': False, 'cmake_clean_first': False, 'cmake_force_configure': False, 'cmake_target': None, 'cmake_target_skip_unavailable': False, 'install_base': '/home/user/dobot_ws/install/ariac_gz', 'merge_install': False, 'path': '/home/user/dobot_ws/src/ARIAC/ariac_gz', 'symlink_install': False, 'test_result_base': None}
[0.332s] Level 5:colcon.colcon_core.verb:set package 'ariac_plugins' build argument 'cmake_args' from command line to 'None'
[0.332s] Level 5:colcon.colcon_core.verb:set package 'ariac_plugins' build argument 'cmake_target' from command line to 'None'
[0.332s] Level 5:colcon.colcon_core.verb:set package 'ariac_plugins' build argument 'cmake_target_skip_unavailable' from command line to 'False'
[0.332s] Level 5:colcon.colcon_core.verb:set package 'ariac_plugins' build argument 'cmake_clean_cache' from command line to 'False'
[0.332s] Level 5:colcon.colcon_core.verb:set package 'ariac_plugins' build argument 'cmake_clean_first' from command line to 'False'
[0.332s] Level 5:colcon.colcon_core.verb:set package 'ariac_plugins' build argument 'cmake_force_configure' from command line to 'False'
[0.332s] Level 5:colcon.colcon_core.verb:set package 'ariac_plugins' build argument 'ament_cmake_args' from command line to 'None'
[0.332s] Level 5:colcon.colcon_core.verb:set package 'ariac_plugins' build argument 'catkin_cmake_args' from command line to 'None'
[0.332s] Level 5:colcon.colcon_core.verb:set package 'ariac_plugins' build argument 'catkin_skip_building_tests' from command line to 'False'
[0.332s] DEBUG:colcon.colcon_core.verb:Building package 'ariac_plugins' with the following arguments: {'ament_cmake_args': None, 'build_base': '/home/user/dobot_ws/build/ariac_plugins', 'catkin_cmake_args': None, 'catkin_skip_building_tests': False, 'cmake_args': None, 'cmake_clean_cache': False, 'cmake_clean_first': False, 'cmake_force_configure': False, 'cmake_target': None, 'cmake_target_skip_unavailable': False, 'install_base': '/home/user/dobot_ws/install/ariac_plugins', 'merge_install': False, 'path': '/home/user/dobot_ws/src/ARIAC/ariac_plugins', 'symlink_install': False, 'test_result_base': None}
[0.332s] Level 5:colcon.colcon_core.verb:set package 'cr7_moveit' build argument 'cmake_args' from command line to 'None'
[0.332s] Level 5:colcon.colcon_core.verb:set package 'cr7_moveit' build argument 'cmake_target' from command line to 'None'
[0.332s] Level 5:colcon.colcon_core.verb:set package 'cr7_moveit' build argument 'cmake_target_skip_unavailable' from command line to 'False'
[0.332s] Level 5:colcon.colcon_core.verb:set package 'cr7_moveit' build argument 'cmake_clean_cache' from command line to 'False'
[0.332s] Level 5:colcon.colcon_core.verb:set package 'cr7_moveit' build argument 'cmake_clean_first' from command line to 'False'
[0.332s] Level 5:colcon.colcon_core.verb:set package 'cr7_moveit' build argument 'cmake_force_configure' from command line to 'False'
[0.332s] Level 5:colcon.colcon_core.verb:set package 'cr7_moveit' build argument 'ament_cmake_args' from command line to 'None'
[0.332s] Level 5:colcon.colcon_core.verb:set package 'cr7_moveit' build argument 'catkin_cmake_args' from command line to 'None'
[0.332s] Level 5:colcon.colcon_core.verb:set package 'cr7_moveit' build argument 'catkin_skip_building_tests' from command line to 'False'
[0.332s] DEBUG:colcon.colcon_core.verb:Building package 'cr7_moveit' with the following arguments: {'ament_cmake_args': None, 'build_base': '/home/user/dobot_ws/build/cr7_moveit', 'catkin_cmake_args': None, 'catkin_skip_building_tests': False, 'cmake_args': None, 'cmake_clean_cache': False, 'cmake_clean_first': False, 'cmake_force_configure': False, 'cmake_target': None, 'cmake_target_skip_unavailable': False, 'install_base': '/home/user/dobot_ws/install/cr7_moveit', 'merge_install': False, 'path': '/home/user/dobot_ws/src/DOBOT_6Axis_ROS2_V4/cr7_moveit', 'symlink_install': False, 'test_result_base': None}
[0.333s] Level 5:colcon.colcon_core.verb:set package 'cr_robot_ros2' build argument 'cmake_args' from command line to 'None'
[0.333s] Level 5:colcon.colcon_core.verb:set package 'cr_robot_ros2' build argument 'cmake_target' from command line to 'None'
[0.333s] Level 5:colcon.colcon_core.verb:set package 'cr_robot_ros2' build argument 'cmake_target_skip_unavailable' from command line to 'False'
[0.333s] Level 5:colcon.colcon_core.verb:set package 'cr_robot_ros2' build argument 'cmake_clean_cache' from command line to 'False'
[0.333s] Level 5:colcon.colcon_core.verb:set package 'cr_robot_ros2' build argument 'cmake_clean_first' from command line to 'False'
[0.333s] Level 5:colcon.colcon_core.verb:set package 'cr_robot_ros2' build argument 'cmake_force_configure' from command line to 'False'
[0.333s] Level 5:colcon.colcon_core.verb:set package 'cr_robot_ros2' build argument 'ament_cmake_args' from command line to 'None'
[0.333s] Level 5:colcon.colcon_core.verb:set package 'cr_robot_ros2' build argument 'catkin_cmake_args' from command line to 'None'
[0.333s] Level 5:colcon.colcon_core.verb:set package 'cr_robot_ros2' build argument 'catkin_skip_building_tests' from command line to 'False'
[0.333s] DEBUG:colcon.colcon_core.verb:Building package 'cr_robot_ros2' with the following arguments: {'ament_cmake_args': None, 'build_base': '/home/user/dobot_ws/build/cr_robot_ros2', 'catkin_cmake_args': None, 'catkin_skip_building_tests': False, 'cmake_args': None, 'cmake_clean_cache': False, 'cmake_clean_first': False, 'cmake_force_configure': False, 'cmake_target': None, 'cmake_target_skip_unavailable': False, 'install_base': '/home/user/dobot_ws/install/cr_robot_ros2', 'merge_install': False, 'path': '/home/user/dobot_ws/src/DOBOT_6Axis_ROS2_V4/dobot_bringup_v4', 'symlink_install': False, 'test_result_base': None}
[0.333s] Level 5:colcon.colcon_core.verb:set package 'cra_description' build argument 'cmake_args' from command line to 'None'
[0.333s] Level 5:colcon.colcon_core.verb:set package 'cra_description' build argument 'cmake_target' from command line to 'None'
[0.333s] Level 5:colcon.colcon_core.verb:set package 'cra_description' build argument 'cmake_target_skip_unavailable' from command line to 'False'
[0.333s] Level 5:colcon.colcon_core.verb:set package 'cra_description' build argument 'cmake_clean_cache' from command line to 'False'
[0.333s] Level 5:colcon.colcon_core.verb:set package 'cra_description' build argument 'cmake_clean_first' from command line to 'False'
[0.333s] Level 5:colcon.colcon_core.verb:set package 'cra_description' build argument 'cmake_force_configure' from command line to 'False'
[0.333s] Level 5:colcon.colcon_core.verb:set package 'cra_description' build argument 'ament_cmake_args' from command line to 'None'
[0.333s] Level 5:colcon.colcon_core.verb:set package 'cra_description' build argument 'catkin_cmake_args' from command line to 'None'
[0.333s] Level 5:colcon.colcon_core.verb:set package 'cra_description' build argument 'catkin_skip_building_tests' from command line to 'False'
[0.333s] DEBUG:colcon.colcon_core.verb:Building package 'cra_description' with the following arguments: {'ament_cmake_args': None, 'build_base': '/home/user/dobot_ws/build/cra_description', 'catkin_cmake_args': None, 'catkin_skip_building_tests': False, 'cmake_args': None, 'cmake_clean_cache': False, 'cmake_clean_first': False, 'cmake_force_configure': False, 'cmake_target': None, 'cmake_target_skip_unavailable': False, 'install_base': '/home/user/dobot_ws/install/cra_description', 'merge_install': False, 'path': '/home/user/dobot_ws/src/DOBOT_6Axis_ROS2_V4/cra_description', 'symlink_install': False, 'test_result_base': None}
[0.334s] Level 5:colcon.colcon_core.verb:set package 'robotiq_gripper_controller' build argument 'cmake_args' from command line to 'None'
[0.334s] Level 5:colcon.colcon_core.verb:set package 'robotiq_gripper_controller' build argument 'cmake_target' from command line to 'None'
[0.334s] Level 5:colcon.colcon_core.verb:set package 'robotiq_gripper_controller' build argument 'cmake_target_skip_unavailable' from command line to 'False'
[0.334s] Level 5:colcon.colcon_core.verb:set package 'robotiq_gripper_controller' build argument 'cmake_clean_cache' from command line to 'False'
[0.334s] Level 5:colcon.colcon_core.verb:set package 'robotiq_gripper_controller' build argument 'cmake_clean_first' from command line to 'False'
[0.334s] Level 5:colcon.colcon_core.verb:set package 'robotiq_gripper_controller' build argument 'cmake_force_configure' from command line to 'False'
[0.334s] Level 5:colcon.colcon_core.verb:set package 'robotiq_gripper_controller' build argument 'ament_cmake_args' from command line to 'None'
[0.334s] Level 5:colcon.colcon_core.verb:set package 'robotiq_gripper_controller' build argument 'catkin_cmake_args' from command line to 'None'
[0.334s] Level 5:colcon.colcon_core.verb:set package 'robotiq_gripper_controller' build argument 'catkin_skip_building_tests' from command line to 'False'
[0.334s] DEBUG:colcon.colcon_core.verb:Building package 'robotiq_gripper_controller' with the following arguments: {'ament_cmake_args': None, 'build_base': '/home/user/dobot_ws/build/robotiq_gripper_controller', 'catkin_cmake_args': None, 'catkin_skip_building_tests': False, 'cmake_args': None, 'cmake_clean_cache': False, 'cmake_clean_first': False, 'cmake_force_configure': False, 'cmake_target': None, 'cmake_target_skip_unavailable': False, 'install_base': '/home/user/dobot_ws/install/robotiq_gripper_controller', 'merge_install': False, 'path': '/home/user/dobot_ws/src/ARIAC/robotiq_gripper_controller', 'symlink_install': False, 'test_result_base': None}
[0.334s] Level 5:colcon.colcon_core.verb:set package 'ros2_linkattacher' build argument 'cmake_args' from command line to 'None'
[0.334s] Level 5:colcon.colcon_core.verb:set package 'ros2_linkattacher' build argument 'cmake_target' from command line to 'None'
[0.334s] Level 5:colcon.colcon_core.verb:set package 'ros2_linkattacher' build argument 'cmake_target_skip_unavailable' from command line to 'False'
[0.334s] Level 5:colcon.colcon_core.verb:set package 'ros2_linkattacher' build argument 'cmake_clean_cache' from command line to 'False'
[0.334s] Level 5:colcon.colcon_core.verb:set package 'ros2_linkattacher' build argument 'cmake_clean_first' from command line to 'False'
[0.334s] Level 5:colcon.colcon_core.verb:set package 'ros2_linkattacher' build argument 'cmake_force_configure' from command line to 'False'
[0.334s] Level 5:colcon.colcon_core.verb:set package 'ros2_linkattacher' build argument 'ament_cmake_args' from command line to 'None'
[0.334s] Level 5:colcon.colcon_core.verb:set package 'ros2_linkattacher' build argument 'catkin_cmake_args' from command line to 'None'
[0.334s] Level 5:colcon.colcon_core.verb:set package 'ros2_linkattacher' build argument 'catkin_skip_building_tests' from command line to 'False'
[0.334s] DEBUG:colcon.colcon_core.verb:Building package 'ros2_linkattacher' with the following arguments: {'ament_cmake_args': None, 'build_base': '/home/user/dobot_ws/build/ros2_linkattacher', 'catkin_cmake_args': None, 'catkin_skip_building_tests': False, 'cmake_args': None, 'cmake_clean_cache': False, 'cmake_clean_first': False, 'cmake_force_configure': False, 'cmake_target': None, 'cmake_target_skip_unavailable': False, 'install_base': '/home/user/dobot_ws/install/ros2_linkattacher', 'merge_install': False, 'path': '/home/user/dobot_ws/src/IFRA_LinkAttacher/ros2_LinkAttacher', 'symlink_install': False, 'test_result_base': None}
[0.334s] Level 5:colcon.colcon_core.verb:set package 'dobot_gazebo' build argument 'cmake_args' from command line to 'None'
[0.334s] Level 5:colcon.colcon_core.verb:set package 'dobot_gazebo' build argument 'cmake_target' from command line to 'None'
[0.334s] Level 5:colcon.colcon_core.verb:set package 'dobot_gazebo' build argument 'cmake_target_skip_unavailable' from command line to 'False'
[0.334s] Level 5:colcon.colcon_core.verb:set package 'dobot_gazebo' build argument 'cmake_clean_cache' from command line to 'False'
[0.334s] Level 5:colcon.colcon_core.verb:set package 'dobot_gazebo' build argument 'cmake_clean_first' from command line to 'False'
[0.335s] Level 5:colcon.colcon_core.verb:set package 'dobot_gazebo' build argument 'cmake_force_configure' from command line to 'False'
[0.335s] Level 5:colcon.colcon_core.verb:set package 'dobot_gazebo' build argument 'ament_cmake_args' from command line to 'None'
[0.335s] Level 5:colcon.colcon_core.verb:set package 'dobot_gazebo' build argument 'catkin_cmake_args' from command line to 'None'
[0.335s] Level 5:colcon.colcon_core.verb:set package 'dobot_gazebo' build argument 'catkin_skip_building_tests' from command line to 'False'
[0.335s] DEBUG:colcon.colcon_core.verb:Building package 'dobot_gazebo' with the following arguments: {'ament_cmake_args': None, 'build_base': '/home/user/dobot_ws/build/dobot_gazebo', 'catkin_cmake_args': None, 'catkin_skip_building_tests': False, 'cmake_args': None, 'cmake_clean_cache': False, 'cmake_clean_first': False, 'cmake_force_configure': False, 'cmake_target': None, 'cmake_target_skip_unavailable': False, 'install_base': '/home/user/dobot_ws/install/dobot_gazebo', 'merge_install': False, 'path': '/home/user/dobot_ws/src/DOBOT_6Axis_ROS2_V4/dobot_gazebo', 'symlink_install': False, 'test_result_base': None}
[0.335s] INFO:colcon.colcon_core.executor:Executing jobs using 'parallel' executor
[0.336s] DEBUG:colcon.colcon_parallel_executor.executor.parallel:run_until_complete
[0.336s] INFO:colcon.colcon_ros.task.ament_cmake.build:Building ROS package in '/home/user/dobot_ws/src/ARIAC/ariac_interfaces' with build type 'ament_cmake'
[0.336s] INFO:colcon.colcon_cmake.task.cmake.build:Building CMake package in '/home/user/dobot_ws/src/ARIAC/ariac_interfaces'
[0.338s] INFO:colcon.colcon_core.plugin_system:Skipping extension 'colcon_core.shell.bat': Not used on non-Windows systems
[0.338s] INFO:colcon.colcon_core.shell:Skip shell extension 'powershell' for command environment: Not usable outside of PowerShell
[0.338s] DEBUG:colcon.colcon_core.shell:Skip shell extension 'dsv' for command environment
[0.341s] INFO:colcon.colcon_ros.task.ament_cmake.build:Building ROS package in '/home/user/dobot_ws/src/DOBOT_6Axis_ROS2_V4/onrobot_2fg7_description' with build type 'ament_cmake'
[0.341s] INFO:colcon.colcon_cmake.task.cmake.build:Building CMake package in '/home/user/dobot_ws/src/DOBOT_6Axis_ROS2_V4/onrobot_2fg7_description'
[0.342s] INFO:colcon.colcon_core.shell:Skip shell extension 'powershell' for command environment: Not usable outside of PowerShell
[0.342s] DEBUG:colcon.colcon_core.shell:Skip shell extension 'dsv' for command environment
[0.345s] INFO:colcon.colcon_ros.task.ament_python.build:Building ROS package in '/home/user/dobot_ws/src/ARIAC/ariac_setup' with build type 'ament_python'
[0.345s] Level 1:colcon.colcon_core.shell:create_environment_hook('ariac_setup', 'ament_prefix_path')
[0.345s] INFO:colcon.colcon_core.shell:Creating environment hook '/home/user/dobot_ws/install/ariac_setup/share/ariac_setup/hook/ament_prefix_path.ps1'
[0.345s] INFO:colcon.colcon_core.shell:Creating environment descriptor '/home/user/dobot_ws/install/ariac_setup/share/ariac_setup/hook/ament_prefix_path.dsv'
[0.346s] INFO:colcon.colcon_core.shell:Creating environment hook '/home/user/dobot_ws/install/ariac_setup/share/ariac_setup/hook/ament_prefix_path.sh'
[0.346s] INFO:colcon.colcon_core.shell:Skip shell extension 'powershell' for command environment: Not usable outside of PowerShell
[0.346s] DEBUG:colcon.colcon_core.shell:Skip shell extension 'dsv' for command environment
[0.349s] INFO:colcon.colcon_ros.task.ament_cmake.build:Building ROS package in '/home/user/dobot_ws/src/DOBOT_6Axis_ROS2_V4/dobot_msgs_v4' with build type 'ament_cmake'
[0.349s] INFO:colcon.colcon_cmake.task.cmake.build:Building CMake package in '/home/user/dobot_ws/src/DOBOT_6Axis_ROS2_V4/dobot_msgs_v4'
[0.350s] INFO:colcon.colcon_core.shell:Skip shell extension 'powershell' for command environment: Not usable outside of PowerShell
[0.350s] DEBUG:colcon.colcon_core.shell:Skip shell extension 'dsv' for command environment
[0.353s] INFO:colcon.colcon_ros.task.ament_cmake.build:Building ROS package in '/home/user/dobot_ws/src/DOBOT_6Axis_ROS2_V4/dobot_rviz' with build type 'ament_cmake'
[0.353s] INFO:colcon.colcon_cmake.task.cmake.build:Building CMake package in '/home/user/dobot_ws/src/DOBOT_6Axis_ROS2_V4/dobot_rviz'
[0.353s] INFO:colcon.colcon_core.shell:Skip shell extension 'powershell' for command environment: Not usable outside of PowerShell
[0.353s] DEBUG:colcon.colcon_core.shell:Skip shell extension 'dsv' for command environment
[0.356s] INFO:colcon.colcon_ros.task.ament_cmake.build:Building ROS package in '/home/user/dobot_ws/src/IFRA_LinkAttacher/linkattacher_msgs' with build type 'ament_cmake'
[0.356s] INFO:colcon.colcon_cmake.task.cmake.build:Building CMake package in '/home/user/dobot_ws/src/IFRA_LinkAttacher/linkattacher_msgs'
[0.356s] INFO:colcon.colcon_core.shell:Skip shell extension 'powershell' for command environment: Not usable outside of PowerShell
[0.356s] DEBUG:colcon.colcon_core.shell:Skip shell extension 'dsv' for command environment
[0.359s] INFO:colcon.colcon_ros.task.ament_python.build:Building ROS package in '/home/user/dobot_ws/src/ARIAC/ariac_db' with build type 'ament_python'
[0.359s] Level 1:colcon.colcon_core.shell:create_environment_hook('ariac_db', 'ament_prefix_path')
[0.359s] INFO:colcon.colcon_core.shell:Creating environment hook '/home/user/dobot_ws/install/ariac_db/share/ariac_db/hook/ament_prefix_path.ps1'
[0.360s] INFO:colcon.colcon_core.shell:Creating environment descriptor '/home/user/dobot_ws/install/ariac_db/share/ariac_db/hook/ament_prefix_path.dsv'
[0.360s] INFO:colcon.colcon_core.shell:Creating environment hook '/home/user/dobot_ws/install/ariac_db/share/ariac_db/hook/ament_prefix_path.sh'
[0.361s] INFO:colcon.colcon_core.shell:Skip shell extension 'powershell' for command environment: Not usable outside of PowerShell
[0.361s] DEBUG:colcon.colcon_core.shell:Skip shell extension 'dsv' for command environment
[0.363s] INFO:colcon.colcon_ros.task.ament_cmake.build:Building ROS package in '/home/user/dobot_ws/src/ARIAC/ariac_description' with build type 'ament_cmake'
[0.364s] INFO:colcon.colcon_cmake.task.cmake.build:Building CMake package in '/home/user/dobot_ws/src/ARIAC/ariac_description'
[0.364s] INFO:colcon.colcon_core.shell:Skip shell extension 'powershell' for command environment: Not usable outside of PowerShell
[0.364s] DEBUG:colcon.colcon_core.shell:Skip shell extension 'dsv' for command environment
[0.367s] INFO:colcon.colcon_ros.task.ament_python.build:Building ROS package in '/home/user/dobot_ws/src/DOBOT_6Axis_ROS2_V4/dobot_demo' with build type 'ament_python'
[0.367s] Level 1:colcon.colcon_core.shell:create_environment_hook('dobot_demo', 'ament_prefix_path')
[0.367s] INFO:colcon.colcon_core.shell:Creating environment hook '/home/user/dobot_ws/install/dobot_demo/share/dobot_demo/hook/ament_prefix_path.ps1'
[0.368s] INFO:colcon.colcon_core.shell:Creating environment descriptor '/home/user/dobot_ws/install/dobot_demo/share/dobot_demo/hook/ament_prefix_path.dsv'
[0.368s] INFO:colcon.colcon_core.shell:Creating environment hook '/home/user/dobot_ws/install/dobot_demo/share/dobot_demo/hook/ament_prefix_path.sh'
[0.368s] INFO:colcon.colcon_core.shell:Skip shell extension 'powershell' for command environment: Not usable outside of PowerShell
[0.368s] DEBUG:colcon.colcon_core.shell:Skip shell extension 'dsv' for command environment
[0.371s] INFO:colcon.colcon_ros.task.ament_cmake.build:Building ROS package in '/home/user/dobot_ws/src/DOBOT_6Axis_ROS2_V4/dobot_demo_cpp' with build type 'ament_cmake'
[0.371s] INFO:colcon.colcon_cmake.task.cmake.build:Building CMake package in '/home/user/dobot_ws/src/DOBOT_6Axis_ROS2_V4/dobot_demo_cpp'
[0.371s] INFO:colcon.colcon_core.shell:Skip shell extension 'powershell' for command environment: Not usable outside of PowerShell
[0.371s] DEBUG:colcon.colcon_core.shell:Skip shell extension 'dsv' for command environment
[0.374s] INFO:colcon.colcon_ros.task.ament_python.build:Building ROS package in '/home/user/dobot_ws/src/DOBOT_6Axis_ROS2_V4/dobot_moveit' with build type 'ament_python'
[0.374s] Level 1:colcon.colcon_core.shell:create_environment_hook('dobot_moveit', 'ament_prefix_path')
[0.375s] INFO:colcon.colcon_core.shell:Creating environment hook '/home/user/dobot_ws/install/dobot_moveit/share/dobot_moveit/hook/ament_prefix_path.ps1'
[0.375s] INFO:colcon.colcon_core.shell:Creating environment descriptor '/home/user/dobot_ws/install/dobot_moveit/share/dobot_moveit/hook/ament_prefix_path.dsv'
[0.375s] INFO:colcon.colcon_core.shell:Creating environment hook '/home/user/dobot_ws/install/dobot_moveit/share/dobot_moveit/hook/ament_prefix_path.sh'
[0.376s] INFO:colcon.colcon_core.shell:Skip shell extension 'powershell' for command environment: Not usable outside of PowerShell
[0.376s] DEBUG:colcon.colcon_core.shell:Skip shell extension 'dsv' for command environment
[0.379s] INFO:colcon.colcon_ros.task.ament_python.build:Building ROS package in '/home/user/dobot_ws/src/DOBOT_6Axis_ROS2_V4/servo_action' with build type 'ament_python'
[0.379s] Level 1:colcon.colcon_core.shell:create_environment_hook('servo_action', 'ament_prefix_path')
[0.379s] INFO:colcon.colcon_core.shell:Creating environment hook '/home/user/dobot_ws/install/servo_action/share/servo_action/hook/ament_prefix_path.ps1'
[0.379s] INFO:colcon.colcon_core.shell:Creating environment descriptor '/home/user/dobot_ws/install/servo_action/share/servo_action/hook/ament_prefix_path.dsv'
[0.379s] INFO:colcon.colcon_core.shell:Creating environment hook '/home/user/dobot_ws/install/servo_action/share/servo_action/hook/ament_prefix_path.sh'
[0.380s] INFO:colcon.colcon_core.shell:Skip shell extension 'powershell' for command environment: Not usable outside of PowerShell
[0.380s] DEBUG:colcon.colcon_core.shell:Skip shell extension 'dsv' for command environment
[0.387s] DEBUG:colcon.colcon_core.event_handler.log_command:Invoking command in '/home/user/dobot_ws/build/ariac_interfaces': CMAKE_PREFIX_PATH=${CMAKE_PREFIX_PATH}:/home/user/dobot_ws/install/ariac_setup:/home/user/dobot_ws/install/servo_action:/home/user/dobot_ws/install/dobot_moveit:/home/user/dobot_ws/install/dobot_demo:/opt/ros/humble /usr/bin/cmake --build /home/user/dobot_ws/build/ariac_interfaces -- -j16 -l16
[0.390s] DEBUG:colcon.colcon_core.event_handler.log_command:Invoking command in '/home/user/dobot_ws/build/onrobot_2fg7_description': CMAKE_PREFIX_PATH=${CMAKE_PREFIX_PATH}:/home/user/dobot_ws/install/ariac_setup:/home/user/dobot_ws/install/servo_action:/home/user/dobot_ws/install/dobot_moveit:/home/user/dobot_ws/install/dobot_demo:/opt/ros/humble /usr/bin/cmake --build /home/user/dobot_ws/build/onrobot_2fg7_description -- -j16 -l16
[0.586s] INFO:colcon.colcon_core.task.python.build:Building Python package in '/home/user/dobot_ws/src/ARIAC/ariac_setup'
[0.586s] INFO:colcon.colcon_core.shell:Skip shell extension 'powershell' for command environment: Not usable outside of PowerShell
[0.586s] DEBUG:colcon.colcon_core.shell:Skip shell extension 'dsv' for command environment
[0.592s] DEBUG:colcon.colcon_core.event_handler.log_command:Invoking command in '/home/user/dobot_ws/build/dobot_msgs_v4': CMAKE_PREFIX_PATH=${CMAKE_PREFIX_PATH}:/home/user/dobot_ws/install/ariac_setup:/home/user/dobot_ws/install/servo_action:/home/user/dobot_ws/install/dobot_moveit:/home/user/dobot_ws/install/dobot_demo:/opt/ros/humble /usr/bin/cmake --build /home/user/dobot_ws/build/dobot_msgs_v4 -- -j16 -l16
[0.594s] DEBUG:colcon.colcon_core.event_handler.log_command:Invoking command in '/home/user/dobot_ws/build/dobot_rviz': CMAKE_PREFIX_PATH=${CMAKE_PREFIX_PATH}:/home/user/dobot_ws/install/ariac_setup:/home/user/dobot_ws/install/servo_action:/home/user/dobot_ws/install/dobot_moveit:/home/user/dobot_ws/install/dobot_demo:/opt/ros/humble /usr/bin/cmake --build /home/user/dobot_ws/build/dobot_rviz -- -j16 -l16
[0.596s] DEBUG:colcon.colcon_core.event_handler.log_command:Invoking command in '/home/user/dobot_ws/build/linkattacher_msgs': CMAKE_PREFIX_PATH=${CMAKE_PREFIX_PATH}:/home/user/dobot_ws/install/ariac_setup:/home/user/dobot_ws/install/servo_action:/home/user/dobot_ws/install/dobot_moveit:/home/user/dobot_ws/install/dobot_demo:/opt/ros/humble /usr/bin/cmake --build /home/user/dobot_ws/build/linkattacher_msgs -- -j16 -l16
[0.790s] INFO:colcon.colcon_core.task.python.build:Building Python package in '/home/user/dobot_ws/src/ARIAC/ariac_db'
[0.790s] INFO:colcon.colcon_core.shell:Skip shell extension 'powershell' for command environment: Not usable outside of PowerShell
[0.790s] DEBUG:colcon.colcon_core.shell:Skip shell extension 'dsv' for command environment
[0.796s] DEBUG:colcon.colcon_core.event_handler.log_command:Invoking command in '/home/user/dobot_ws/build/ariac_description': CMAKE_PREFIX_PATH=${CMAKE_PREFIX_PATH}:/home/user/dobot_ws/install/ariac_setup:/home/user/dobot_ws/install/servo_action:/home/user/dobot_ws/install/dobot_moveit:/home/user/dobot_ws/install/dobot_demo:/opt/ros/humble /usr/bin/cmake --build /home/user/dobot_ws/build/ariac_description -- -j16 -l16
[0.993s] INFO:colcon.colcon_core.task.python.build:Building Python package in '/home/user/dobot_ws/src/DOBOT_6Axis_ROS2_V4/dobot_demo'
[0.993s] INFO:colcon.colcon_core.shell:Skip shell extension 'powershell' for command environment: Not usable outside of PowerShell
[0.993s] DEBUG:colcon.colcon_core.shell:Skip shell extension 'dsv' for command environment
[1.001s] DEBUG:colcon.colcon_core.event_handler.log_command:Invoking command in '/home/user/dobot_ws/build/dobot_demo_cpp': CMAKE_PREFIX_PATH=${CMAKE_PREFIX_PATH}:/home/user/dobot_ws/install/ariac_setup:/home/user/dobot_ws/install/servo_action:/home/user/dobot_ws/install/dobot_moveit:/home/user/dobot_ws/install/dobot_demo:/opt/ros/humble /usr/bin/cmake --build /home/user/dobot_ws/build/dobot_demo_cpp -- -j16 -l16
[1.198s] INFO:colcon.colcon_core.task.python.build:Building Python package in '/home/user/dobot_ws/src/DOBOT_6Axis_ROS2_V4/dobot_moveit'
[1.199s] INFO:colcon.colcon_core.shell:Skip shell extension 'powershell' for command environment: Not usable outside of PowerShell
[1.199s] DEBUG:colcon.colcon_core.shell:Skip shell extension 'dsv' for command environment
[1.387s] INFO:colcon.colcon_core.task.python.build:Building Python package in '/home/user/dobot_ws/src/DOBOT_6Axis_ROS2_V4/servo_action'
[1.387s] INFO:colcon.colcon_core.shell:Skip shell extension 'powershell' for command environment: Not usable outside of PowerShell
[1.387s] DEBUG:colcon.colcon_core.shell:Skip shell extension 'dsv' for command environment
[1.403s] DEBUG:colcon.colcon_core.event_handler.log_command:Invoked command in '/home/user/dobot_ws/build/onrobot_2fg7_description' returned '0': CMAKE_PREFIX_PATH=${CMAKE_PREFIX_PATH}:/home/user/dobot_ws/install/ariac_setup:/home/user/dobot_ws/install/servo_action:/home/user/dobot_ws/install/dobot_moveit:/home/user/dobot_ws/install/dobot_demo:/opt/ros/humble /usr/bin/cmake --build /home/user/dobot_ws/build/onrobot_2fg7_description -- -j16 -l16
[1.407s] DEBUG:colcon.colcon_core.event_handler.log_command:Invoking command in '/home/user/dobot_ws/build/onrobot_2fg7_description': CMAKE_PREFIX_PATH=${CMAKE_PREFIX_PATH}:/home/user/dobot_ws/install/ariac_setup:/home/user/dobot_ws/install/servo_action:/home/user/dobot_ws/install/dobot_moveit:/home/user/dobot_ws/install/dobot_demo:/opt/ros/humble /usr/bin/cmake --install /home/user/dobot_ws/build/onrobot_2fg7_description
[1.407s] DEBUG:colcon.colcon_core.event_handler.log_command:Invoked command in '/home/user/dobot_ws/build/ariac_description' returned '0': CMAKE_PREFIX_PATH=${CMAKE_PREFIX_PATH}:/home/user/dobot_ws/install/ariac_setup:/home/user/dobot_ws/install/servo_action:/home/user/dobot_ws/install/dobot_moveit:/home/user/dobot_ws/install/dobot_demo:/opt/ros/humble /usr/bin/cmake --build /home/user/dobot_ws/build/ariac_description -- -j16 -l16
[1.409s] DEBUG:colcon.colcon_core.event_handler.log_command:Invoking command in '/home/user/dobot_ws/build/ariac_description': CMAKE_PREFIX_PATH=${CMAKE_PREFIX_PATH}:/home/user/dobot_ws/install/ariac_setup:/home/user/dobot_ws/install/servo_action:/home/user/dobot_ws/install/dobot_moveit:/home/user/dobot_ws/install/dobot_demo:/opt/ros/humble /usr/bin/cmake --install /home/user/dobot_ws/build/ariac_description
[1.409s] DEBUG:colcon.colcon_core.event_handler.log_command:Invoked command in '/home/user/dobot_ws/build/dobot_rviz' returned '0': CMAKE_PREFIX_PATH=${CMAKE_PREFIX_PATH}:/home/user/dobot_ws/install/ariac_setup:/home/user/dobot_ws/install/servo_action:/home/user/dobot_ws/install/dobot_moveit:/home/user/dobot_ws/install/dobot_demo:/opt/ros/humble /usr/bin/cmake --build /home/user/dobot_ws/build/dobot_rviz -- -j16 -l16
[1.410s] DEBUG:colcon.colcon_core.event_handler.log_command:Invoking command in '/home/user/dobot_ws/build/dobot_rviz': CMAKE_PREFIX_PATH=${CMAKE_PREFIX_PATH}:/home/user/dobot_ws/install/ariac_setup:/home/user/dobot_ws/install/servo_action:/home/user/dobot_ws/install/dobot_moveit:/home/user/dobot_ws/install/dobot_demo:/opt/ros/humble /usr/bin/cmake --install /home/user/dobot_ws/build/dobot_rviz
[1.410s] DEBUG:colcon.colcon_core.event_handler.log_command:Invoked command in '/home/user/dobot_ws/build/ariac_interfaces' returned '0': CMAKE_PREFIX_PATH=${CMAKE_PREFIX_PATH}:/home/user/dobot_ws/install/ariac_setup:/home/user/dobot_ws/install/servo_action:/home/user/dobot_ws/install/dobot_moveit:/home/user/dobot_ws/install/dobot_demo:/opt/ros/humble /usr/bin/cmake --build /home/user/dobot_ws/build/ariac_interfaces -- -j16 -l16
[1.412s] DEBUG:colcon.colcon_core.event_handler.log_command:Invoking command in '/home/user/dobot_ws/build/ariac_interfaces': CMAKE_PREFIX_PATH=${CMAKE_PREFIX_PATH}:/home/user/dobot_ws/install/ariac_setup:/home/user/dobot_ws/install/servo_action:/home/user/dobot_ws/install/dobot_moveit:/home/user/dobot_ws/install/dobot_demo:/opt/ros/humble /usr/bin/cmake --install /home/user/dobot_ws/build/ariac_interfaces
[1.412s] DEBUG:colcon.colcon_core.event_handler.log_command:Invoked command in '/home/user/dobot_ws/build/dobot_demo_cpp' returned '0': CMAKE_PREFIX_PATH=${CMAKE_PREFIX_PATH}:/home/user/dobot_ws/install/ariac_setup:/home/user/dobot_ws/install/servo_action:/home/user/dobot_ws/install/dobot_moveit:/home/user/dobot_ws/install/dobot_demo:/opt/ros/humble /usr/bin/cmake --build /home/user/dobot_ws/build/dobot_demo_cpp -- -j16 -l16
[1.414s] DEBUG:colcon.colcon_core.event_handler.log_command:Invoking command in '/home/user/dobot_ws/build/dobot_demo_cpp': CMAKE_PREFIX_PATH=${CMAKE_PREFIX_PATH}:/home/user/dobot_ws/install/ariac_setup:/home/user/dobot_ws/install/servo_action:/home/user/dobot_ws/install/dobot_moveit:/home/user/dobot_ws/install/dobot_demo:/opt/ros/humble /usr/bin/cmake --install /home/user/dobot_ws/build/dobot_demo_cpp
[1.414s] DEBUG:colcon.colcon_core.event_handler.log_command:Invoked command in '/home/user/dobot_ws/build/linkattacher_msgs' returned '0': CMAKE_PREFIX_PATH=${CMAKE_PREFIX_PATH}:/home/user/dobot_ws/install/ariac_setup:/home/user/dobot_ws/install/servo_action:/home/user/dobot_ws/install/dobot_moveit:/home/user/dobot_ws/install/dobot_demo:/opt/ros/humble /usr/bin/cmake --build /home/user/dobot_ws/build/linkattacher_msgs -- -j16 -l16
[1.416s] DEBUG:colcon.colcon_core.event_handler.log_command:Invoking command in '/home/user/dobot_ws/build/linkattacher_msgs': CMAKE_PREFIX_PATH=${CMAKE_PREFIX_PATH}:/home/user/dobot_ws/install/ariac_setup:/home/user/dobot_ws/install/servo_action:/home/user/dobot_ws/install/dobot_moveit:/home/user/dobot_ws/install/dobot_demo:/opt/ros/humble /usr/bin/cmake --install /home/user/dobot_ws/build/linkattacher_msgs
[1.416s] DEBUG:colcon.colcon_core.event_handler.log_command:Invoked command in '/home/user/dobot_ws/build/dobot_msgs_v4' returned '0': CMAKE_PREFIX_PATH=${CMAKE_PREFIX_PATH}:/home/user/dobot_ws/install/ariac_setup:/home/user/dobot_ws/install/servo_action:/home/user/dobot_ws/install/dobot_moveit:/home/user/dobot_ws/install/dobot_demo:/opt/ros/humble /usr/bin/cmake --build /home/user/dobot_ws/build/dobot_msgs_v4 -- -j16 -l16
[1.418s] DEBUG:colcon.colcon_core.event_handler.log_command:Invoking command in '/home/user/dobot_ws/build/dobot_msgs_v4': CMAKE_PREFIX_PATH=${CMAKE_PREFIX_PATH}:/home/user/dobot_ws/install/ariac_setup:/home/user/dobot_ws/install/servo_action:/home/user/dobot_ws/install/dobot_moveit:/home/user/dobot_ws/install/dobot_demo:/opt/ros/humble /usr/bin/cmake --install /home/user/dobot_ws/build/dobot_msgs_v4
[1.442s] Level 1:colcon.colcon_core.environment:create_environment_scripts_only(onrobot_2fg7_description)
[1.452s] Level 1:colcon.colcon_core.environment:checking '/home/user/dobot_ws/install/onrobot_2fg7_description' for CMake module files
[1.455s] Level 1:colcon.colcon_core.environment:checking '/home/user/dobot_ws/install/onrobot_2fg7_description' for CMake config files
[1.458s] Level 1:colcon.colcon_core.shell:create_environment_hook('onrobot_2fg7_description', 'cmake_prefix_path')
[1.458s] INFO:colcon.colcon_core.shell:Creating environment hook '/home/user/dobot_ws/install/onrobot_2fg7_description/share/onrobot_2fg7_description/hook/cmake_prefix_path.ps1'
[1.459s] INFO:colcon.colcon_core.shell:Creating environment descriptor '/home/user/dobot_ws/install/onrobot_2fg7_description/share/onrobot_2fg7_description/hook/cmake_prefix_path.dsv'
[1.462s] INFO:colcon.colcon_core.shell:Creating environment hook '/home/user/dobot_ws/install/onrobot_2fg7_description/share/onrobot_2fg7_description/hook/cmake_prefix_path.sh'
[1.464s] Level 1:colcon.colcon_core.environment:checking '/home/user/dobot_ws/install/onrobot_2fg7_description/bin'
[1.464s] Level 1:colcon.colcon_core.environment:checking '/home/user/dobot_ws/install/onrobot_2fg7_description/lib/pkgconfig/onrobot_2fg7_description.pc'
[1.464s] Level 1:colcon.colcon_core.environment:checking '/home/user/dobot_ws/install/onrobot_2fg7_description/lib/python3.10/site-packages'
[1.465s] Level 1:colcon.colcon_core.environment:checking '/home/user/dobot_ws/install/onrobot_2fg7_description/bin'
[1.466s] INFO:colcon.colcon_core.shell:Creating package script '/home/user/dobot_ws/install/onrobot_2fg7_description/share/onrobot_2fg7_description/package.ps1'
[1.469s] INFO:colcon.colcon_core.shell:Creating package descriptor '/home/user/dobot_ws/install/onrobot_2fg7_description/share/onrobot_2fg7_description/package.dsv'
[1.471s] INFO:colcon.colcon_core.shell:Creating package script '/home/user/dobot_ws/install/onrobot_2fg7_description/share/onrobot_2fg7_description/package.sh'
[1.474s] INFO:colcon.colcon_core.shell:Creating package script '/home/user/dobot_ws/install/onrobot_2fg7_description/share/onrobot_2fg7_description/package.bash'
[1.476s] INFO:colcon.colcon_core.shell:Creating package script '/home/user/dobot_ws/install/onrobot_2fg7_description/share/onrobot_2fg7_description/package.zsh'
[1.477s] Level 1:colcon.colcon_core.environment:create_file_with_runtime_dependencies(/home/user/dobot_ws/install/onrobot_2fg7_description/share/colcon-core/packages/onrobot_2fg7_description)
[1.480s] Level 1:colcon.colcon_core.environment:create_environment_scripts_only(onrobot_2fg7_description)
[1.480s] Level 1:colcon.colcon_core.environment:checking '/home/user/dobot_ws/install/onrobot_2fg7_description' for CMake module files
[1.484s] Level 1:colcon.colcon_core.environment:checking '/home/user/dobot_ws/install/onrobot_2fg7_description' for CMake config files
[1.489s] Level 1:colcon.colcon_core.shell:create_environment_hook('onrobot_2fg7_description', 'cmake_prefix_path')
[1.489s] INFO:colcon.colcon_core.shell:Creating environment hook '/home/user/dobot_ws/install/onrobot_2fg7_description/share/onrobot_2fg7_description/hook/cmake_prefix_path.ps1'
[1.492s] INFO:colcon.colcon_core.shell:Creating environment descriptor '/home/user/dobot_ws/install/onrobot_2fg7_description/share/onrobot_2fg7_description/hook/cmake_prefix_path.dsv'
[1.493s] INFO:colcon.colcon_core.shell:Creating environment hook '/home/user/dobot_ws/install/onrobot_2fg7_description/share/onrobot_2fg7_description/hook/cmake_prefix_path.sh'
[1.494s] Level 1:colcon.colcon_core.environment:checking '/home/user/dobot_ws/install/onrobot_2fg7_description/bin'
[1.494s] Level 1:colcon.colcon_core.environment:checking '/home/user/dobot_ws/install/onrobot_2fg7_description/lib/pkgconfig/onrobot_2fg7_description.pc'
[1.494s] Level 1:colcon.colcon_core.environment:checking '/home/user/dobot_ws/install/onrobot_2fg7_description/lib/python3.10/site-packages'
[1.494s] Level 1:colcon.colcon_core.environment:checking '/home/user/dobot_ws/install/onrobot_2fg7_description/bin'
[1.495s] INFO:colcon.colcon_core.shell:Creating package script '/home/user/dobot_ws/install/onrobot_2fg7_description/share/onrobot_2fg7_description/package.ps1'
[1.496s] INFO:colcon.colcon_core.shell:Creating package descriptor '/home/user/dobot_ws/install/onrobot_2fg7_description/share/onrobot_2fg7_description/package.dsv'
[1.496s] INFO:colcon.colcon_core.shell:Creating package script '/home/user/dobot_ws/install/onrobot_2fg7_description/share/onrobot_2fg7_description/package.sh'
[1.498s] INFO:colcon.colcon_core.shell:Creating package script '/home/user/dobot_ws/install/onrobot_2fg7_description/share/onrobot_2fg7_description/package.bash'
[1.500s] INFO:colcon.colcon_core.shell:Creating package script '/home/user/dobot_ws/install/onrobot_2fg7_description/share/onrobot_2fg7_description/package.zsh'
[1.501s] Level 1:colcon.colcon_core.environment:create_file_with_runtime_dependencies(/home/user/dobot_ws/install/onrobot_2fg7_description/share/colcon-core/packages/onrobot_2fg7_description)
[1.503s] Level 1:colcon.colcon_core.environment:create_environment_scripts_only(dobot_rviz)
[1.503s] Level 1:colcon.colcon_core.environment:checking '/home/user/dobot_ws/install/dobot_rviz' for CMake module files
[1.508s] Level 1:colcon.colcon_core.environment:checking '/home/user/dobot_ws/install/dobot_rviz' for CMake config files
[1.510s] Level 1:colcon.colcon_core.shell:create_environment_hook('dobot_rviz', 'cmake_prefix_path')
[1.511s] INFO:colcon.colcon_core.shell:Creating environment hook '/home/user/dobot_ws/install/dobot_rviz/share/dobot_rviz/hook/cmake_prefix_path.ps1'
[1.512s] INFO:colcon.colcon_core.shell:Creating environment descriptor '/home/user/dobot_ws/install/dobot_rviz/share/dobot_rviz/hook/cmake_prefix_path.dsv'
[1.513s] INFO:colcon.colcon_core.shell:Creating environment hook '/home/user/dobot_ws/install/dobot_rviz/share/dobot_rviz/hook/cmake_prefix_path.sh'
[1.514s] Level 1:colcon.colcon_core.environment:checking '/home/user/dobot_ws/install/dobot_rviz/bin'
[1.514s] Level 1:colcon.colcon_core.environment:checking '/home/user/dobot_ws/install/dobot_rviz/lib/pkgconfig/dobot_rviz.pc'
[1.514s] Level 1:colcon.colcon_core.environment:checking '/home/user/dobot_ws/install/dobot_rviz/lib/python3.10/site-packages'
[1.515s] Level 1:colcon.colcon_core.environment:checking '/home/user/dobot_ws/install/dobot_rviz/bin'
[1.515s] INFO:colcon.colcon_core.shell:Creating package script '/home/user/dobot_ws/install/dobot_rviz/share/dobot_rviz/package.ps1'
[1.517s] INFO:colcon.colcon_core.shell:Creating package descriptor '/home/user/dobot_ws/install/dobot_rviz/share/dobot_rviz/package.dsv'
[1.518s] INFO:colcon.colcon_core.shell:Creating package script '/home/user/dobot_ws/install/dobot_rviz/share/dobot_rviz/package.sh'
[1.519s] INFO:colcon.colcon_core.shell:Creating package script '/home/user/dobot_ws/install/dobot_rviz/share/dobot_rviz/package.bash'
[1.520s] INFO:colcon.colcon_core.shell:Creating package script '/home/user/dobot_ws/install/dobot_rviz/share/dobot_rviz/package.zsh'
[1.521s] Level 1:colcon.colcon_core.environment:create_file_with_runtime_dependencies(/home/user/dobot_ws/install/dobot_rviz/share/colcon-core/packages/dobot_rviz)
[1.523s] Level 1:colcon.colcon_core.environment:create_environment_scripts_only(dobot_rviz)
[1.523s] Level 1:colcon.colcon_core.environment:checking '/home/user/dobot_ws/install/dobot_rviz' for CMake module files
[1.524s] Level 1:colcon.colcon_core.environment:checking '/home/user/dobot_ws/install/dobot_rviz' for CMake config files
[1.527s] Level 1:colcon.colcon_core.shell:create_environment_hook('dobot_rviz', 'cmake_prefix_path')
[1.527s] INFO:colcon.colcon_core.shell:Creating environment hook '/home/user/dobot_ws/install/dobot_rviz/share/dobot_rviz/hook/cmake_prefix_path.ps1'
[1.528s] INFO:colcon.colcon_core.shell:Creating environment descriptor '/home/user/dobot_ws/install/dobot_rviz/share/dobot_rviz/hook/cmake_prefix_path.dsv'
[1.529s] INFO:colcon.colcon_core.shell:Creating environment hook '/home/user/dobot_ws/install/dobot_rviz/share/dobot_rviz/hook/cmake_prefix_path.sh'
[1.530s] Level 1:colcon.colcon_core.environment:checking '/home/user/dobot_ws/install/dobot_rviz/bin'
[1.531s] Level 1:colcon.colcon_core.environment:checking '/home/user/dobot_ws/install/dobot_rviz/lib/pkgconfig/dobot_rviz.pc'
[1.531s] Level 1:colcon.colcon_core.environment:checking '/home/user/dobot_ws/install/dobot_rviz/lib/python3.10/site-packages'
[1.531s] Level 1:colcon.colcon_core.environment:checking '/home/user/dobot_ws/install/dobot_rviz/bin'
[1.532s] INFO:colcon.colcon_core.shell:Creating package script '/home/user/dobot_ws/install/dobot_rviz/share/dobot_rviz/package.ps1'
[1.533s] INFO:colcon.colcon_core.shell:Creating package descriptor '/home/user/dobot_ws/install/dobot_rviz/share/dobot_rviz/package.dsv'
[1.534s] INFO:colcon.colcon_core.shell:Creating package script '/home/user/dobot_ws/install/dobot_rviz/share/dobot_rviz/package.sh'
[1.536s] INFO:colcon.colcon_core.shell:Creating package script '/home/user/dobot_ws/install/dobot_rviz/share/dobot_rviz/package.bash'
[1.537s] INFO:colcon.colcon_core.shell:Creating package script '/home/user/dobot_ws/install/dobot_rviz/share/dobot_rviz/package.zsh'
[1.538s] Level 1:colcon.colcon_core.environment:create_file_with_runtime_dependencies(/home/user/dobot_ws/install/dobot_rviz/share/colcon-core/packages/dobot_rviz)
[1.539s] Level 1:colcon.colcon_core.environment:create_environment_scripts_only(dobot_demo_cpp)
[1.539s] Level 1:colcon.colcon_core.environment:checking '/home/user/dobot_ws/install/dobot_demo_cpp' for CMake module files
[1.541s] Level 1:colcon.colcon_core.environment:checking '/home/user/dobot_ws/install/dobot_demo_cpp' for CMake config files
[1.544s] Level 1:colcon.colcon_core.shell:create_environment_hook('dobot_demo_cpp', 'cmake_prefix_path')
[1.544s] INFO:colcon.colcon_core.shell:Creating environment hook '/home/user/dobot_ws/install/dobot_demo_cpp/share/dobot_demo_cpp/hook/cmake_prefix_path.ps1'
[1.545s] INFO:colcon.colcon_core.shell:Creating environment descriptor '/home/user/dobot_ws/install/dobot_demo_cpp/share/dobot_demo_cpp/hook/cmake_prefix_path.dsv'
[1.546s] INFO:colcon.colcon_core.shell:Creating environment hook '/home/user/dobot_ws/install/dobot_demo_cpp/share/dobot_demo_cpp/hook/cmake_prefix_path.sh'
[1.548s] Level 1:colcon.colcon_core.environment:checking '/home/user/dobot_ws/install/dobot_demo_cpp/lib'
[1.548s] Level 1:colcon.colcon_core.environment:checking '/home/user/dobot_ws/install/dobot_demo_cpp/bin'
[1.548s] Level 1:colcon.colcon_core.environment:checking '/home/user/dobot_ws/install/dobot_demo_cpp/lib/pkgconfig/dobot_demo_cpp.pc'
[1.549s] Level 1:colcon.colcon_core.environment:checking '/home/user/dobot_ws/install/dobot_demo_cpp/lib/python3.10/site-packages'
[1.549s] Level 1:colcon.colcon_core.environment:checking '/home/user/dobot_ws/install/dobot_demo_cpp/bin'
[1.550s] INFO:colcon.colcon_core.shell:Creating package script '/home/user/dobot_ws/install/dobot_demo_cpp/share/dobot_demo_cpp/package.ps1'
[1.551s] INFO:colcon.colcon_core.shell:Creating package descriptor '/home/user/dobot_ws/install/dobot_demo_cpp/share/dobot_demo_cpp/package.dsv'
[1.552s] INFO:colcon.colcon_core.shell:Creating package script '/home/user/dobot_ws/install/dobot_demo_cpp/share/dobot_demo_cpp/package.sh'
[1.553s] INFO:colcon.colcon_core.shell:Creating package script '/home/user/dobot_ws/install/dobot_demo_cpp/share/dobot_demo_cpp/package.bash'
[1.554s] INFO:colcon.colcon_core.shell:Creating package script '/home/user/dobot_ws/install/dobot_demo_cpp/share/dobot_demo_cpp/package.zsh'
[1.555s] Level 1:colcon.colcon_core.environment:create_file_with_runtime_dependencies(/home/user/dobot_ws/install/dobot_demo_cpp/share/colcon-core/packages/dobot_demo_cpp)
[1.556s] Level 1:colcon.colcon_core.environment:create_environment_scripts_only(dobot_demo_cpp)
[1.557s] Level 1:colcon.colcon_core.environment:checking '/home/user/dobot_ws/install/dobot_demo_cpp' for CMake module files
[1.558s] Level 1:colcon.colcon_core.environment:checking '/home/user/dobot_ws/install/dobot_demo_cpp' for CMake config files
[1.560s] Level 1:colcon.colcon_core.shell:create_environment_hook('dobot_demo_cpp', 'cmake_prefix_path')
[1.560s] INFO:colcon.colcon_core.shell:Creating environment hook '/home/user/dobot_ws/install/dobot_demo_cpp/share/dobot_demo_cpp/hook/cmake_prefix_path.ps1'
[1.561s] INFO:colcon.colcon_core.shell:Creating environment descriptor '/home/user/dobot_ws/install/dobot_demo_cpp/share/dobot_demo_cpp/hook/cmake_prefix_path.dsv'
[1.562s] INFO:colcon.colcon_core.shell:Creating environment hook '/home/user/dobot_ws/install/dobot_demo_cpp/share/dobot_demo_cpp/hook/cmake_prefix_path.sh'
[1.563s] Level 1:colcon.colcon_core.environment:checking '/home/user/dobot_ws/install/dobot_demo_cpp/lib'
[1.563s] Level 1:colcon.colcon_core.environment:checking '/home/user/dobot_ws/install/dobot_demo_cpp/bin'
[1.563s] Level 1:colcon.colcon_core.environment:checking '/home/user/dobot_ws/install/dobot_demo_cpp/lib/pkgconfig/dobot_demo_cpp.pc'
[1.564s] Level 1:colcon.colcon_core.environment:checking '/home/user/dobot_ws/install/dobot_demo_cpp/lib/python3.10/site-packages'
[1.564s] Level 1:colcon.colcon_core.environment:checking '/home/user/dobot_ws/install/dobot_demo_cpp/bin'
[1.565s] INFO:colcon.colcon_core.shell:Creating package script '/home/user/dobot_ws/install/dobot_demo_cpp/share/dobot_demo_cpp/package.ps1'
[1.566s] INFO:colcon.colcon_core.shell:Creating package descriptor '/home/user/dobot_ws/install/dobot_demo_cpp/share/dobot_demo_cpp/package.dsv'
[1.567s] INFO:colcon.colcon_core.shell:Creating package script '/home/user/dobot_ws/install/dobot_demo_cpp/share/dobot_demo_cpp/package.sh'
[1.568s] INFO:colcon.colcon_core.shell:Creating package script '/home/user/dobot_ws/install/dobot_demo_cpp/share/dobot_demo_cpp/package.bash'
[1.569s] INFO:colcon.colcon_core.shell:Creating package script '/home/user/dobot_ws/install/dobot_demo_cpp/share/dobot_demo_cpp/package.zsh'
[1.570s] Level 1:colcon.colcon_core.environment:create_file_with_runtime_dependencies(/home/user/dobot_ws/install/dobot_demo_cpp/share/colcon-core/packages/dobot_demo_cpp)
[1.570s] INFO:colcon.colcon_ros.task.ament_cmake.build:Building ROS package in '/home/user/dobot_ws/src/DOBOT_6Axis_ROS2_V4/cra_description' with build type 'ament_cmake'
[1.571s] INFO:colcon.colcon_cmake.task.cmake.build:Building CMake package in '/home/user/dobot_ws/src/DOBOT_6Axis_ROS2_V4/cra_description'
[1.571s] INFO:colcon.colcon_core.shell:Skip shell extension 'powershell' for command environment: Not usable outside of PowerShell
[1.571s] DEBUG:colcon.colcon_core.shell:Skip shell extension 'dsv' for command environment
[1.586s] INFO:colcon.colcon_ros.task.ament_cmake.build:Building ROS package in '/home/user/dobot_ws/src/DOBOT_6Axis_ROS2_V4/cr7_moveit' with build type 'ament_cmake'
[1.586s] INFO:colcon.colcon_cmake.task.cmake.build:Building CMake package in '/home/user/dobot_ws/src/DOBOT_6Axis_ROS2_V4/cr7_moveit'
[1.586s] INFO:colcon.colcon_core.shell:Skip shell extension 'powershell' for command environment: Not usable outside of PowerShell
[1.586s] DEBUG:colcon.colcon_core.shell:Skip shell extension 'dsv' for command environment
[1.603s] Level 1:colcon.colcon_core.environment:create_environment_scripts_only(ariac_description)
[1.603s] Level 1:colcon.colcon_core.environment:checking '/home/user/dobot_ws/install/ariac_description' for CMake module files
[1.605s] Level 1:colcon.colcon_core.environment:checking '/home/user/dobot_ws/install/ariac_description' for CMake config files
[1.610s] Level 1:colcon.colcon_core.shell:create_environment_hook('ariac_description', 'cmake_prefix_path')
[1.610s] INFO:colcon.colcon_core.shell:Creating environment hook '/home/user/dobot_ws/install/ariac_description/share/ariac_description/hook/cmake_prefix_path.ps1'
[1.611s] INFO:colcon.colcon_core.shell:Creating environment descriptor '/home/user/dobot_ws/install/ariac_description/share/ariac_description/hook/cmake_prefix_path.dsv'
[1.613s] INFO:colcon.colcon_core.shell:Creating environment hook '/home/user/dobot_ws/install/ariac_description/share/ariac_description/hook/cmake_prefix_path.sh'
[1.615s] Level 1:colcon.colcon_core.environment:checking '/home/user/dobot_ws/install/ariac_description/bin'
[1.615s] Level 1:colcon.colcon_core.environment:checking '/home/user/dobot_ws/install/ariac_description/lib/pkgconfig/ariac_description.pc'
[1.615s] Level 1:colcon.colcon_core.environment:checking '/home/user/dobot_ws/install/ariac_description/lib/python3.10/site-packages'
[1.616s] Level 1:colcon.colcon_core.environment:checking '/home/user/dobot_ws/install/ariac_description/bin'
[1.616s] INFO:colcon.colcon_core.shell:Creating package script '/home/user/dobot_ws/install/ariac_description/share/ariac_description/package.ps1'
[1.617s] INFO:colcon.colcon_core.shell:Creating package descriptor '/home/user/dobot_ws/install/ariac_description/share/ariac_description/package.dsv'
[1.619s] INFO:colcon.colcon_core.shell:Creating package script '/home/user/dobot_ws/install/ariac_description/share/ariac_description/package.sh'
[1.619s] INFO:colcon.colcon_core.shell:Creating package script '/home/user/dobot_ws/install/ariac_description/share/ariac_description/package.bash'
[1.620s] INFO:colcon.colcon_core.shell:Creating package script '/home/user/dobot_ws/install/ariac_description/share/ariac_description/package.zsh'
[1.621s] Level 1:colcon.colcon_core.environment:create_file_with_runtime_dependencies(/home/user/dobot_ws/install/ariac_description/share/colcon-core/packages/ariac_description)
[1.623s] Level 1:colcon.colcon_core.environment:create_environment_scripts_only(ariac_description)
[1.623s] Level 1:colcon.colcon_core.environment:checking '/home/user/dobot_ws/install/ariac_description' for CMake module files
[1.625s] Level 1:colcon.colcon_core.environment:checking '/home/user/dobot_ws/install/ariac_description' for CMake config files
[1.630s] Level 1:colcon.colcon_core.shell:create_environment_hook('ariac_description', 'cmake_prefix_path')
[1.630s] INFO:colcon.colcon_core.shell:Creating environment hook '/home/user/dobot_ws/install/ariac_description/share/ariac_description/hook/cmake_prefix_path.ps1'
[1.631s] INFO:colcon.colcon_core.shell:Creating environment descriptor '/home/user/dobot_ws/install/ariac_description/share/ariac_description/hook/cmake_prefix_path.dsv'
[1.632s] INFO:colcon.colcon_core.shell:Creating environment hook '/home/user/dobot_ws/install/ariac_description/share/ariac_description/hook/cmake_prefix_path.sh'
[1.633s] Level 1:colcon.colcon_core.environment:checking '/home/user/dobot_ws/install/ariac_description/bin'
[1.633s] Level 1:colcon.colcon_core.environment:checking '/home/user/dobot_ws/install/ariac_description/lib/pkgconfig/ariac_description.pc'
[1.634s] Level 1:colcon.colcon_core.environment:checking '/home/user/dobot_ws/install/ariac_description/lib/python3.10/site-packages'
[1.634s] Level 1:colcon.colcon_core.environment:checking '/home/user/dobot_ws/install/ariac_description/bin'
[1.634s] INFO:colcon.colcon_core.shell:Creating package script '/home/user/dobot_ws/install/ariac_description/share/ariac_description/package.ps1'
[1.635s] INFO:colcon.colcon_core.shell:Creating package descriptor '/home/user/dobot_ws/install/ariac_description/share/ariac_description/package.dsv'
[1.636s] INFO:colcon.colcon_core.shell:Creating package script '/home/user/dobot_ws/install/ariac_description/share/ariac_description/package.sh'
[1.637s] INFO:colcon.colcon_core.shell:Creating package script '/home/user/dobot_ws/install/ariac_description/share/ariac_description/package.bash'
[1.638s] INFO:colcon.colcon_core.shell:Creating package script '/home/user/dobot_ws/install/ariac_description/share/ariac_description/package.zsh'
[1.639s] Level 1:colcon.colcon_core.environment:create_file_with_runtime_dependencies(/home/user/dobot_ws/install/ariac_description/share/colcon-core/packages/ariac_description)
[1.642s] Level 1:colcon.colcon_core.environment:create_environment_scripts_only(linkattacher_msgs)
[1.642s] Level 1:colcon.colcon_core.environment:checking '/home/user/dobot_ws/install/linkattacher_msgs' for CMake module files
[1.645s] DEBUG:colcon.colcon_core.event_handler.log_command:Invoked command in '/home/user/dobot_ws/build/onrobot_2fg7_description' returned '0': CMAKE_PREFIX_PATH=${CMAKE_PREFIX_PATH}:/home/user/dobot_ws/install/ariac_setup:/home/user/dobot_ws/install/servo_action:/home/user/dobot_ws/install/dobot_moveit:/home/user/dobot_ws/install/dobot_demo:/opt/ros/humble /usr/bin/cmake --install /home/user/dobot_ws/build/onrobot_2fg7_description
[1.646s] Level 1:colcon.colcon_core.environment:checking '/home/user/dobot_ws/install/linkattacher_msgs' for CMake config files
[1.649s] Level 1:colcon.colcon_core.shell:create_environment_hook('linkattacher_msgs', 'cmake_prefix_path')
[1.649s] INFO:colcon.colcon_core.shell:Creating environment hook '/home/user/dobot_ws/install/linkattacher_msgs/share/linkattacher_msgs/hook/cmake_prefix_path.ps1'
[1.650s] INFO:colcon.colcon_core.shell:Creating environment descriptor '/home/user/dobot_ws/install/linkattacher_msgs/share/linkattacher_msgs/hook/cmake_prefix_path.dsv'
[1.651s] INFO:colcon.colcon_core.shell:Creating environment hook '/home/user/dobot_ws/install/linkattacher_msgs/share/linkattacher_msgs/hook/cmake_prefix_path.sh'
[1.652s] Level 1:colcon.colcon_core.environment:checking '/home/user/dobot_ws/install/linkattacher_msgs/lib'
[1.652s] Level 1:colcon.colcon_core.shell:create_environment_hook('linkattacher_msgs', 'ld_library_path_lib')
[1.653s] INFO:colcon.colcon_core.shell:Creating environment hook '/home/user/dobot_ws/install/linkattacher_msgs/share/linkattacher_msgs/hook/ld_library_path_lib.ps1'
[1.654s] INFO:colcon.colcon_core.shell:Creating environment descriptor '/home/user/dobot_ws/install/linkattacher_msgs/share/linkattacher_msgs/hook/ld_library_path_lib.dsv'
[1.654s] INFO:colcon.colcon_core.shell:Creating environment hook '/home/user/dobot_ws/install/linkattacher_msgs/share/linkattacher_msgs/hook/ld_library_path_lib.sh'
[1.655s] Level 1:colcon.colcon_core.environment:checking '/home/user/dobot_ws/install/linkattacher_msgs/bin'
[1.655s] Level 1:colcon.colcon_core.environment:checking '/home/user/dobot_ws/install/linkattacher_msgs/lib/pkgconfig/linkattacher_msgs.pc'
[1.656s] Level 1:colcon.colcon_core.environment:checking '/home/user/dobot_ws/install/linkattacher_msgs/lib/python3.10/site-packages'
[1.656s] Level 1:colcon.colcon_core.environment:checking '/home/user/dobot_ws/install/linkattacher_msgs/bin'
[1.656s] INFO:colcon.colcon_core.shell:Creating package script '/home/user/dobot_ws/install/linkattacher_msgs/share/linkattacher_msgs/package.ps1'
[1.657s] INFO:colcon.colcon_core.shell:Creating package descriptor '/home/user/dobot_ws/install/linkattacher_msgs/share/linkattacher_msgs/package.dsv'
[1.658s] INFO:colcon.colcon_core.shell:Creating package script '/home/user/dobot_ws/install/linkattacher_msgs/share/linkattacher_msgs/package.sh'
[1.659s] INFO:colcon.colcon_core.shell:Creating package script '/home/user/dobot_ws/install/linkattacher_msgs/share/linkattacher_msgs/package.bash'
[1.660s] INFO:colcon.colcon_core.shell:Creating package script '/home/user/dobot_ws/install/linkattacher_msgs/share/linkattacher_msgs/package.zsh'
[1.661s] Level 1:colcon.colcon_core.environment:create_file_with_runtime_dependencies(/home/user/dobot_ws/install/linkattacher_msgs/share/colcon-core/packages/linkattacher_msgs)
[1.662s] Level 1:colcon.colcon_core.environment:create_environment_scripts_only(linkattacher_msgs)
[1.662s] Level 1:colcon.colcon_core.environment:checking '/home/user/dobot_ws/install/linkattacher_msgs' for CMake module files
[1.665s] Level 1:colcon.colcon_core.environment:checking '/home/user/dobot_ws/install/linkattacher_msgs' for CMake config files
[1.669s] Level 1:colcon.colcon_core.shell:create_environment_hook('linkattacher_msgs', 'cmake_prefix_path')
[1.669s] INFO:colcon.colcon_core.shell:Creating environment hook '/home/user/dobot_ws/install/linkattacher_msgs/share/linkattacher_msgs/hook/cmake_prefix_path.ps1'
[1.670s] INFO:colcon.colcon_core.shell:Creating environment descriptor '/home/user/dobot_ws/install/linkattacher_msgs/share/linkattacher_msgs/hook/cmake_prefix_path.dsv'
[1.671s] INFO:colcon.colcon_core.shell:Creating environment hook '/home/user/dobot_ws/install/linkattacher_msgs/share/linkattacher_msgs/hook/cmake_prefix_path.sh'
[1.672s] Level 1:colcon.colcon_core.environment:checking '/home/user/dobot_ws/install/linkattacher_msgs/lib'
[1.672s] Level 1:colcon.colcon_core.shell:create_environment_hook('linkattacher_msgs', 'ld_library_path_lib')
[1.672s] INFO:colcon.colcon_core.shell:Creating environment hook '/home/user/dobot_ws/install/linkattacher_msgs/share/linkattacher_msgs/hook/ld_library_path_lib.ps1'
[1.673s] INFO:colcon.colcon_core.shell:Creating environment descriptor '/home/user/dobot_ws/install/linkattacher_msgs/share/linkattacher_msgs/hook/ld_library_path_lib.dsv'
[1.674s] INFO:colcon.colcon_core.shell:Creating environment hook '/home/user/dobot_ws/install/linkattacher_msgs/share/linkattacher_msgs/hook/ld_library_path_lib.sh'
[1.675s] Level 1:colcon.colcon_core.environment:checking '/home/user/dobot_ws/install/linkattacher_msgs/bin'
[1.675s] Level 1:colcon.colcon_core.environment:checking '/home/user/dobot_ws/install/linkattacher_msgs/lib/pkgconfig/linkattacher_msgs.pc'
[1.675s] Level 1:colcon.colcon_core.environment:checking '/home/user/dobot_ws/install/linkattacher_msgs/lib/python3.10/site-packages'
[1.676s] Level 1:colcon.colcon_core.environment:checking '/home/user/dobot_ws/install/linkattacher_msgs/bin'
[1.676s] INFO:colcon.colcon_core.shell:Creating package script '/home/user/dobot_ws/install/linkattacher_msgs/share/linkattacher_msgs/package.ps1'
[1.678s] INFO:colcon.colcon_core.shell:Creating package descriptor '/home/user/dobot_ws/install/linkattacher_msgs/share/linkattacher_msgs/package.dsv'
[1.679s] INFO:colcon.colcon_core.shell:Creating package script '/home/user/dobot_ws/install/linkattacher_msgs/share/linkattacher_msgs/package.sh'
[1.680s] INFO:colcon.colcon_core.shell:Creating package script '/home/user/dobot_ws/install/linkattacher_msgs/share/linkattacher_msgs/package.bash'
[1.680s] INFO:colcon.colcon_core.shell:Creating package script '/home/user/dobot_ws/install/linkattacher_msgs/share/linkattacher_msgs/package.zsh'
[1.681s] Level 1:colcon.colcon_core.environment:create_file_with_runtime_dependencies(/home/user/dobot_ws/install/linkattacher_msgs/share/colcon-core/packages/linkattacher_msgs)
[1.682s] Level 1:colcon.colcon_core.environment:create_environment_scripts_only(dobot_msgs_v4)
[1.682s] Level 1:colcon.colcon_core.environment:checking '/home/user/dobot_ws/install/dobot_msgs_v4' for CMake module files
[1.686s] Level 1:colcon.colcon_core.environment:checking '/home/user/dobot_ws/install/dobot_msgs_v4' for CMake config files
[1.688s] Level 1:colcon.colcon_core.shell:create_environment_hook('dobot_msgs_v4', 'cmake_prefix_path')
[1.689s] INFO:colcon.colcon_core.shell:Creating environment hook '/home/user/dobot_ws/install/dobot_msgs_v4/share/dobot_msgs_v4/hook/cmake_prefix_path.ps1'
[1.689s] INFO:colcon.colcon_core.shell:Creating environment descriptor '/home/user/dobot_ws/install/dobot_msgs_v4/share/dobot_msgs_v4/hook/cmake_prefix_path.dsv'
[1.690s] INFO:colcon.colcon_core.shell:Creating environment hook '/home/user/dobot_ws/install/dobot_msgs_v4/share/dobot_msgs_v4/hook/cmake_prefix_path.sh'
[1.690s] Level 1:colcon.colcon_core.environment:checking '/home/user/dobot_ws/install/dobot_msgs_v4/lib'
[1.691s] Level 1:colcon.colcon_core.shell:create_environment_hook('dobot_msgs_v4', 'ld_library_path_lib')
[1.691s] INFO:colcon.colcon_core.shell:Creating environment hook '/home/user/dobot_ws/install/dobot_msgs_v4/share/dobot_msgs_v4/hook/ld_library_path_lib.ps1'
[1.692s] INFO:colcon.colcon_core.shell:Creating environment descriptor '/home/user/dobot_ws/install/dobot_msgs_v4/share/dobot_msgs_v4/hook/ld_library_path_lib.dsv'
[1.692s] INFO:colcon.colcon_core.shell:Creating environment hook '/home/user/dobot_ws/install/dobot_msgs_v4/share/dobot_msgs_v4/hook/ld_library_path_lib.sh'
[1.693s] Level 1:colcon.colcon_core.environment:checking '/home/user/dobot_ws/install/dobot_msgs_v4/bin'
[1.693s] Level 1:colcon.colcon_core.environment:checking '/home/user/dobot_ws/install/dobot_msgs_v4/lib/pkgconfig/dobot_msgs_v4.pc'
[1.693s] Level 1:colcon.colcon_core.environment:checking '/home/user/dobot_ws/install/dobot_msgs_v4/lib/python3.10/site-packages'
[1.693s] Level 1:colcon.colcon_core.environment:checking '/home/user/dobot_ws/install/dobot_msgs_v4/bin'
[1.694s] INFO:colcon.colcon_core.shell:Creating package script '/home/user/dobot_ws/install/dobot_msgs_v4/share/dobot_msgs_v4/package.ps1'
[1.695s] INFO:colcon.colcon_core.shell:Creating package descriptor '/home/user/dobot_ws/install/dobot_msgs_v4/share/dobot_msgs_v4/package.dsv'
[1.695s] INFO:colcon.colcon_core.shell:Creating package script '/home/user/dobot_ws/install/dobot_msgs_v4/share/dobot_msgs_v4/package.sh'
[1.696s] INFO:colcon.colcon_core.shell:Creating package script '/home/user/dobot_ws/install/dobot_msgs_v4/share/dobot_msgs_v4/package.bash'
[1.697s] INFO:colcon.colcon_core.shell:Creating package script '/home/user/dobot_ws/install/dobot_msgs_v4/share/dobot_msgs_v4/package.zsh'
[1.697s] Level 1:colcon.colcon_core.environment:create_file_with_runtime_dependencies(/home/user/dobot_ws/install/dobot_msgs_v4/share/colcon-core/packages/dobot_msgs_v4)
[1.698s] Level 1:colcon.colcon_core.environment:create_environment_scripts_only(dobot_msgs_v4)
[1.698s] Level 1:colcon.colcon_core.environment:checking '/home/user/dobot_ws/install/dobot_msgs_v4' for CMake module files
[1.700s] Level 1:colcon.colcon_core.environment:checking '/home/user/dobot_ws/install/dobot_msgs_v4' for CMake config files
[1.703s] Level 1:colcon.colcon_core.shell:create_environment_hook('dobot_msgs_v4', 'cmake_prefix_path')
[1.703s] INFO:colcon.colcon_core.shell:Creating environment hook '/home/user/dobot_ws/install/dobot_msgs_v4/share/dobot_msgs_v4/hook/cmake_prefix_path.ps1'
[1.704s] INFO:colcon.colcon_core.shell:Creating environment descriptor '/home/user/dobot_ws/install/dobot_msgs_v4/share/dobot_msgs_v4/hook/cmake_prefix_path.dsv'
[1.705s] INFO:colcon.colcon_core.shell:Creating environment hook '/home/user/dobot_ws/install/dobot_msgs_v4/share/dobot_msgs_v4/hook/cmake_prefix_path.sh'
[1.706s] Level 1:colcon.colcon_core.environment:checking '/home/user/dobot_ws/install/dobot_msgs_v4/lib'
[1.706s] Level 1:colcon.colcon_core.shell:create_environment_hook('dobot_msgs_v4', 'ld_library_path_lib')
[1.707s] INFO:colcon.colcon_core.shell:Creating environment hook '/home/user/dobot_ws/install/dobot_msgs_v4/share/dobot_msgs_v4/hook/ld_library_path_lib.ps1'
[1.707s] INFO:colcon.colcon_core.shell:Creating environment descriptor '/home/user/dobot_ws/install/dobot_msgs_v4/share/dobot_msgs_v4/hook/ld_library_path_lib.dsv'
[1.708s] INFO:colcon.colcon_core.shell:Creating environment hook '/home/user/dobot_ws/install/dobot_msgs_v4/share/dobot_msgs_v4/hook/ld_library_path_lib.sh'
[1.709s] Level 1:colcon.colcon_core.environment:checking '/home/user/dobot_ws/install/dobot_msgs_v4/bin'
[1.709s] Level 1:colcon.colcon_core.environment:checking '/home/user/dobot_ws/install/dobot_msgs_v4/lib/pkgconfig/dobot_msgs_v4.pc'
[1.710s] Level 1:colcon.colcon_core.environment:checking '/home/user/dobot_ws/install/dobot_msgs_v4/lib/python3.10/site-packages'
[1.710s] Level 1:colcon.colcon_core.environment:checking '/home/user/dobot_ws/install/dobot_msgs_v4/bin'
[1.711s] INFO:colcon.colcon_core.shell:Creating package script '/home/user/dobot_ws/install/dobot_msgs_v4/share/dobot_msgs_v4/package.ps1'
[1.712s] INFO:colcon.colcon_core.shell:Creating package descriptor '/home/user/dobot_ws/install/dobot_msgs_v4/share/dobot_msgs_v4/package.dsv'
[1.712s] INFO:colcon.colcon_core.shell:Creating package script '/home/user/dobot_ws/install/dobot_msgs_v4/share/dobot_msgs_v4/package.sh'
[1.713s] INFO:colcon.colcon_core.shell:Creating package script '/home/user/dobot_ws/install/dobot_msgs_v4/share/dobot_msgs_v4/package.bash'
[1.714s] INFO:colcon.colcon_core.shell:Creating package script '/home/user/dobot_ws/install/dobot_msgs_v4/share/dobot_msgs_v4/package.zsh'
[1.715s] Level 1:colcon.colcon_core.environment:create_file_with_runtime_dependencies(/home/user/dobot_ws/install/dobot_msgs_v4/share/colcon-core/packages/dobot_msgs_v4)
[1.715s] Level 1:colcon.colcon_core.environment:create_environment_scripts_only(ariac_interfaces)
[1.716s] Level 1:colcon.colcon_core.environment:checking '/home/user/dobot_ws/install/ariac_interfaces' for CMake module files
[1.717s] Level 1:colcon.colcon_core.environment:checking '/home/user/dobot_ws/install/ariac_interfaces' for CMake config files
[1.718s] Level 1:colcon.colcon_core.shell:create_environment_hook('ariac_interfaces', 'cmake_prefix_path')
[1.718s] INFO:colcon.colcon_core.shell:Creating environment hook '/home/user/dobot_ws/install/ariac_interfaces/share/ariac_interfaces/hook/cmake_prefix_path.ps1'
[1.719s] INFO:colcon.colcon_core.shell:Creating environment descriptor '/home/user/dobot_ws/install/ariac_interfaces/share/ariac_interfaces/hook/cmake_prefix_path.dsv'
[1.720s] INFO:colcon.colcon_core.shell:Creating environment hook '/home/user/dobot_ws/install/ariac_interfaces/share/ariac_interfaces/hook/cmake_prefix_path.sh'
[1.720s] Level 1:colcon.colcon_core.environment:checking '/home/user/dobot_ws/install/ariac_interfaces/lib'
[1.721s] Level 1:colcon.colcon_core.shell:create_environment_hook('ariac_interfaces', 'ld_library_path_lib')
[1.721s] INFO:colcon.colcon_core.shell:Creating environment hook '/home/user/dobot_ws/install/ariac_interfaces/share/ariac_interfaces/hook/ld_library_path_lib.ps1'
[1.722s] INFO:colcon.colcon_core.shell:Creating environment descriptor '/home/user/dobot_ws/install/ariac_interfaces/share/ariac_interfaces/hook/ld_library_path_lib.dsv'
[1.723s] INFO:colcon.colcon_core.shell:Creating environment hook '/home/user/dobot_ws/install/ariac_interfaces/share/ariac_interfaces/hook/ld_library_path_lib.sh'
[1.723s] Level 1:colcon.colcon_core.environment:checking '/home/user/dobot_ws/install/ariac_interfaces/bin'
[1.724s] Level 1:colcon.colcon_core.environment:checking '/home/user/dobot_ws/install/ariac_interfaces/lib/pkgconfig/ariac_interfaces.pc'
[1.724s] Level 1:colcon.colcon_core.environment:checking '/home/user/dobot_ws/install/ariac_interfaces/lib/python3.10/site-packages'
[1.724s] Level 1:colcon.colcon_core.environment:checking '/home/user/dobot_ws/install/ariac_interfaces/bin'
[1.725s] INFO:colcon.colcon_core.shell:Creating package script '/home/user/dobot_ws/install/ariac_interfaces/share/ariac_interfaces/package.ps1'
[1.726s] INFO:colcon.colcon_core.shell:Creating package descriptor '/home/user/dobot_ws/install/ariac_interfaces/share/ariac_interfaces/package.dsv'
[1.727s] INFO:colcon.colcon_core.shell:Creating package script '/home/user/dobot_ws/install/ariac_interfaces/share/ariac_interfaces/package.sh'
[1.728s] INFO:colcon.colcon_core.shell:Creating package script '/home/user/dobot_ws/install/ariac_interfaces/share/ariac_interfaces/package.bash'
[1.729s] INFO:colcon.colcon_core.shell:Creating package script '/home/user/dobot_ws/install/ariac_interfaces/share/ariac_interfaces/package.zsh'
[1.729s] Level 1:colcon.colcon_core.environment:create_file_with_runtime_dependencies(/home/user/dobot_ws/install/ariac_interfaces/share/colcon-core/packages/ariac_interfaces)
[1.731s] Level 1:colcon.colcon_core.environment:create_environment_scripts_only(ariac_interfaces)
[1.731s] Level 1:colcon.colcon_core.environment:checking '/home/user/dobot_ws/install/ariac_interfaces' for CMake module files
[1.735s] Level 1:colcon.colcon_core.environment:checking '/home/user/dobot_ws/install/ariac_interfaces' for CMake config files
[1.737s] Level 1:colcon.colcon_core.shell:create_environment_hook('ariac_interfaces', 'cmake_prefix_path')
[1.738s] INFO:colcon.colcon_core.shell:Creating environment hook '/home/user/dobot_ws/install/ariac_interfaces/share/ariac_interfaces/hook/cmake_prefix_path.ps1'
[1.739s] INFO:colcon.colcon_core.shell:Creating environment descriptor '/home/user/dobot_ws/install/ariac_interfaces/share/ariac_interfaces/hook/cmake_prefix_path.dsv'
[1.739s] INFO:colcon.colcon_core.shell:Creating environment hook '/home/user/dobot_ws/install/ariac_interfaces/share/ariac_interfaces/hook/cmake_prefix_path.sh'
[1.741s] Level 1:colcon.colcon_core.environment:checking '/home/user/dobot_ws/install/ariac_interfaces/lib'
[1.741s] Level 1:colcon.colcon_core.shell:create_environment_hook('ariac_interfaces', 'ld_library_path_lib')
[1.741s] INFO:colcon.colcon_core.shell:Creating environment hook '/home/user/dobot_ws/install/ariac_interfaces/share/ariac_interfaces/hook/ld_library_path_lib.ps1'
[1.742s] INFO:colcon.colcon_core.shell:Creating environment descriptor '/home/user/dobot_ws/install/ariac_interfaces/share/ariac_interfaces/hook/ld_library_path_lib.dsv'
[1.743s] INFO:colcon.colcon_core.shell:Creating environment hook '/home/user/dobot_ws/install/ariac_interfaces/share/ariac_interfaces/hook/ld_library_path_lib.sh'
[1.744s] Level 1:colcon.colcon_core.environment:checking '/home/user/dobot_ws/install/ariac_interfaces/bin'
[1.744s] Level 1:colcon.colcon_core.environment:checking '/home/user/dobot_ws/install/ariac_interfaces/lib/pkgconfig/ariac_interfaces.pc'
[1.744s] Level 1:colcon.colcon_core.environment:checking '/home/user/dobot_ws/install/ariac_interfaces/lib/python3.10/site-packages'
[1.744s] Level 1:colcon.colcon_core.environment:checking '/home/user/dobot_ws/install/ariac_interfaces/bin'
[1.745s] INFO:colcon.colcon_core.shell:Creating package script '/home/user/dobot_ws/install/ariac_interfaces/share/ariac_interfaces/package.ps1'
[1.746s] INFO:colcon.colcon_core.shell:Creating package descriptor '/home/user/dobot_ws/install/ariac_interfaces/share/ariac_interfaces/package.dsv'
[1.747s] INFO:colcon.colcon_core.shell:Creating package script '/home/user/dobot_ws/install/ariac_interfaces/share/ariac_interfaces/package.sh'
[1.748s] INFO:colcon.colcon_core.shell:Creating package script '/home/user/dobot_ws/install/ariac_interfaces/share/ariac_interfaces/package.bash'
[1.749s] INFO:colcon.colcon_core.shell:Creating package script '/home/user/dobot_ws/install/ariac_interfaces/share/ariac_interfaces/package.zsh'
[1.750s] Level 1:colcon.colcon_core.environment:create_file_with_runtime_dependencies(/home/user/dobot_ws/install/ariac_interfaces/share/colcon-core/packages/ariac_interfaces)
[1.750s] INFO:colcon.colcon_ros.task.ament_cmake.build:Building ROS package in '/home/user/dobot_ws/src/DOBOT_6Axis_ROS2_V4/dobot_bringup_v4' with build type 'ament_cmake'
[1.751s] INFO:colcon.colcon_cmake.task.cmake.build:Building CMake package in '/home/user/dobot_ws/src/DOBOT_6Axis_ROS2_V4/dobot_bringup_v4'
[1.751s] INFO:colcon.colcon_core.shell:Skip shell extension 'powershell' for command environment: Not usable outside of PowerShell
[1.751s] DEBUG:colcon.colcon_core.shell:Skip shell extension 'dsv' for command environment
[1.773s] INFO:colcon.colcon_ros.task.ament_cmake.build:Building ROS package in '/home/user/dobot_ws/src/IFRA_LinkAttacher/ros2_LinkAttacher' with build type 'ament_cmake'
[1.773s] INFO:colcon.colcon_cmake.task.cmake.build:Building CMake package in '/home/user/dobot_ws/src/IFRA_LinkAttacher/ros2_LinkAttacher'
[1.774s] INFO:colcon.colcon_core.shell:Skip shell extension 'powershell' for command environment: Not usable outside of PowerShell
[1.774s] DEBUG:colcon.colcon_core.shell:Skip shell extension 'dsv' for command environment
[1.798s] INFO:colcon.colcon_ros.task.ament_python.build:Building ROS package in '/home/user/dobot_ws/src/ARIAC/ariac_app' with build type 'ament_python'
[1.798s] Level 1:colcon.colcon_core.shell:create_environment_hook('ariac_app', 'ament_prefix_path')
[1.799s] INFO:colcon.colcon_core.shell:Creating environment hook '/home/user/dobot_ws/install/ariac_app/share/ariac_app/hook/ament_prefix_path.ps1'
[1.800s] INFO:colcon.colcon_core.shell:Creating environment descriptor '/home/user/dobot_ws/install/ariac_app/share/ariac_app/hook/ament_prefix_path.dsv'
[1.801s] INFO:colcon.colcon_core.shell:Creating environment hook '/home/user/dobot_ws/install/ariac_app/share/ariac_app/hook/ament_prefix_path.sh'
[1.802s] INFO:colcon.colcon_core.shell:Skip shell extension 'powershell' for command environment: Not usable outside of PowerShell
[1.802s] DEBUG:colcon.colcon_core.shell:Skip shell extension 'dsv' for command environment
[1.819s] INFO:colcon.colcon_ros.task.ament_cmake.build:Building ROS package in '/home/user/dobot_ws/src/ARIAC/ariac_plugins' with build type 'ament_cmake'
[1.819s] INFO:colcon.colcon_cmake.task.cmake.build:Building CMake package in '/home/user/dobot_ws/src/ARIAC/ariac_plugins'
[1.820s] INFO:colcon.colcon_core.shell:Skip shell extension 'powershell' for command environment: Not usable outside of PowerShell
[1.820s] DEBUG:colcon.colcon_core.shell:Skip shell extension 'dsv' for command environment
[1.834s] INFO:colcon.colcon_ros.task.ament_cmake.build:Building ROS package in '/home/user/dobot_ws/src/ARIAC/robotiq_gripper_controller' with build type 'ament_cmake'
[1.834s] INFO:colcon.colcon_cmake.task.cmake.build:Building CMake package in '/home/user/dobot_ws/src/ARIAC/robotiq_gripper_controller'
[1.835s] INFO:colcon.colcon_core.shell:Skip shell extension 'powershell' for command environment: Not usable outside of PowerShell
[1.835s] DEBUG:colcon.colcon_core.shell:Skip shell extension 'dsv' for command environment
[1.924s] DEBUG:colcon.colcon_core.event_handler.log_command:Invoked command in '/home/user/dobot_ws/build/dobot_rviz' returned '0': CMAKE_PREFIX_PATH=${CMAKE_PREFIX_PATH}:/home/user/dobot_ws/install/ariac_setup:/home/user/dobot_ws/install/servo_action:/home/user/dobot_ws/install/dobot_moveit:/home/user/dobot_ws/install/dobot_demo:/opt/ros/humble /usr/bin/cmake --install /home/user/dobot_ws/build/dobot_rviz
[1.928s] DEBUG:colcon.colcon_core.event_handler.log_command:Invoked command in '/home/user/dobot_ws/build/dobot_demo_cpp' returned '0': CMAKE_PREFIX_PATH=${CMAKE_PREFIX_PATH}:/home/user/dobot_ws/install/ariac_setup:/home/user/dobot_ws/install/servo_action:/home/user/dobot_ws/install/dobot_moveit:/home/user/dobot_ws/install/dobot_demo:/opt/ros/humble /usr/bin/cmake --install /home/user/dobot_ws/build/dobot_demo_cpp
[1.953s] DEBUG:colcon.colcon_core.event_handler.log_command:Invoked command in '/home/user/dobot_ws/build/ariac_description' returned '0': CMAKE_PREFIX_PATH=${CMAKE_PREFIX_PATH}:/home/user/dobot_ws/install/ariac_setup:/home/user/dobot_ws/install/servo_action:/home/user/dobot_ws/install/dobot_moveit:/home/user/dobot_ws/install/dobot_demo:/opt/ros/humble /usr/bin/cmake --install /home/user/dobot_ws/build/ariac_description
[1.962s] DEBUG:colcon.colcon_core.event_handler.log_command:Invoked command in '/home/user/dobot_ws/build/linkattacher_msgs' returned '0': CMAKE_PREFIX_PATH=${CMAKE_PREFIX_PATH}:/home/user/dobot_ws/install/ariac_setup:/home/user/dobot_ws/install/servo_action:/home/user/dobot_ws/install/dobot_moveit:/home/user/dobot_ws/install/dobot_demo:/opt/ros/humble /usr/bin/cmake --install /home/user/dobot_ws/build/linkattacher_msgs
[1.963s] DEBUG:colcon.colcon_core.event_handler.log_command:Invoked command in '/home/user/dobot_ws/build/dobot_msgs_v4' returned '0': CMAKE_PREFIX_PATH=${CMAKE_PREFIX_PATH}:/home/user/dobot_ws/install/ariac_setup:/home/user/dobot_ws/install/servo_action:/home/user/dobot_ws/install/dobot_moveit:/home/user/dobot_ws/install/dobot_demo:/opt/ros/humble /usr/bin/cmake --install /home/user/dobot_ws/build/dobot_msgs_v4
[1.964s] DEBUG:colcon.colcon_core.event_handler.log_command:Invoked command in '/home/user/dobot_ws/build/ariac_interfaces' returned '0': CMAKE_PREFIX_PATH=${CMAKE_PREFIX_PATH}:/home/user/dobot_ws/install/ariac_setup:/home/user/dobot_ws/install/servo_action:/home/user/dobot_ws/install/dobot_moveit:/home/user/dobot_ws/install/dobot_demo:/opt/ros/humble /usr/bin/cmake --install /home/user/dobot_ws/build/ariac_interfaces
[1.965s] DEBUG:colcon.colcon_core.event_handler.log_command:Invoking command in '/home/user/dobot_ws/build/cra_description': CMAKE_PREFIX_PATH=/home/user/dobot_ws/install/onrobot_2fg7_description:/home/user/dobot_ws/install/ros2_linkattacher:/home/user/dobot_ws/install/linkattacher_msgs:/home/user/dobot_ws/install/ariac_gz:/home/user/dobot_ws/install/cr7_moveit:/home/user/dobot_ws/install/dobot_rviz:/home/user/dobot_ws/install/cr_robot_ros2:/home/user/dobot_ws/install/dobot_msgs_v4:/home/user/dobot_ws/install/dobot_gazebo:/home/user/dobot_ws/install/dobot_demo_cpp:/home/user/dobot_ws/install/cra_description:/home/user/dobot_ws/install/ariac_setup:/home/user/dobot_ws/install/servo_action:/home/user/dobot_ws/install/dobot_moveit:/home/user/dobot_ws/install/dobot_demo:/opt/ros/humble /usr/bin/cmake --build /home/user/dobot_ws/build/cra_description -- -j16 -l16
[1.965s] DEBUG:colcon.colcon_core.event_handler.log_command:Invoking command in '/home/user/dobot_ws/build/cr7_moveit': CMAKE_PREFIX_PATH=/home/user/dobot_ws/install/dobot_rviz:/home/user/dobot_ws/install/ros2_linkattacher:/home/user/dobot_ws/install/linkattacher_msgs:/home/user/dobot_ws/install/ariac_gz:/home/user/dobot_ws/install/onrobot_2fg7_description:/home/user/dobot_ws/install/cr7_moveit:/home/user/dobot_ws/install/cr_robot_ros2:/home/user/dobot_ws/install/dobot_msgs_v4:/home/user/dobot_ws/install/dobot_gazebo:/home/user/dobot_ws/install/dobot_demo_cpp:/home/user/dobot_ws/install/cra_description:/home/user/dobot_ws/install/ariac_setup:/home/user/dobot_ws/install/servo_action:/home/user/dobot_ws/install/dobot_moveit:/home/user/dobot_ws/install/dobot_demo:/opt/ros/humble /usr/bin/cmake --build /home/user/dobot_ws/build/cr7_moveit -- -j16 -l16
[1.966s] DEBUG:colcon.colcon_core.event_handler.log_command:Invoking command in '/home/user/dobot_ws/src/DOBOT_6Axis_ROS2_V4/dobot_demo': PYTHONPATH=/home/user/dobot_ws/build/dobot_demo/prefix_override:/usr/lib/python3/dist-packages/colcon_core/task/python/colcon_distutils_commands:/home/user/dobot_ws/install/dobot_demo/lib/python3.10/site-packages:${PYTHONPATH} /usr/bin/python3 -W ignore:setup.py install is deprecated -W ignore:easy_install command is deprecated setup.py egg_info --egg-base ../../../build/dobot_demo build --build-base /home/user/dobot_ws/build/dobot_demo/build install --record /home/user/dobot_ws/build/dobot_demo/install.log --single-version-externally-managed install_data
[1.966s] DEBUG:colcon.colcon_core.event_handler.log_command:Invoking command in '/home/user/dobot_ws/src/ARIAC/ariac_db': PYTHONPATH=/home/user/dobot_ws/build/ariac_db/prefix_override:/usr/lib/python3/dist-packages/colcon_core/task/python/colcon_distutils_commands:/home/user/dobot_ws/install/ariac_db/lib/python3.10/site-packages:${PYTHONPATH} /usr/bin/python3 -W ignore:setup.py install is deprecated -W ignore:easy_install command is deprecated setup.py egg_info --egg-base ../../../build/ariac_db build --build-base /home/user/dobot_ws/build/ariac_db/build install --record /home/user/dobot_ws/build/ariac_db/install.log --single-version-externally-managed install_data
[1.966s] DEBUG:colcon.colcon_core.event_handler.log_command:Invoking command in '/home/user/dobot_ws/src/DOBOT_6Axis_ROS2_V4/servo_action': PYTHONPATH=/home/user/dobot_ws/build/servo_action/prefix_override:/usr/lib/python3/dist-packages/colcon_core/task/python/colcon_distutils_commands:/home/user/dobot_ws/install/servo_action/lib/python3.10/site-packages:${PYTHONPATH} /usr/bin/python3 -W ignore:setup.py install is deprecated -W ignore:easy_install command is deprecated setup.py egg_info --egg-base ../../../build/servo_action build --build-base /home/user/dobot_ws/build/servo_action/build install --record /home/user/dobot_ws/build/servo_action/install.log --single-version-externally-managed install_data
[1.967s] DEBUG:colcon.colcon_core.event_handler.log_command:Invoking command in '/home/user/dobot_ws/src/DOBOT_6Axis_ROS2_V4/dobot_moveit': PYTHONPATH=/home/user/dobot_ws/build/dobot_moveit/prefix_override:/usr/lib/python3/dist-packages/colcon_core/task/python/colcon_distutils_commands:/home/user/dobot_ws/install/dobot_moveit/lib/python3.10/site-packages:${PYTHONPATH} /usr/bin/python3 -W ignore:setup.py install is deprecated -W ignore:easy_install command is deprecated setup.py egg_info --egg-base ../../../build/dobot_moveit build --build-base /home/user/dobot_ws/build/dobot_moveit/build install --record /home/user/dobot_ws/build/dobot_moveit/install.log --single-version-externally-managed install_data
[1.967s] DEBUG:colcon.colcon_core.event_handler.log_command:Invoking command in '/home/user/dobot_ws/src/ARIAC/ariac_setup': PYTHONPATH=/home/user/dobot_ws/build/ariac_setup/prefix_override:/usr/lib/python3/dist-packages/colcon_core/task/python/colcon_distutils_commands:/home/user/dobot_ws/install/ariac_setup/lib/python3.10/site-packages:${PYTHONPATH} /usr/bin/python3 -W ignore:setup.py install is deprecated -W ignore:easy_install command is deprecated setup.py egg_info --egg-base ../../../build/ariac_setup build --build-base /home/user/dobot_ws/build/ariac_setup/build install --record /home/user/dobot_ws/build/ariac_setup/install.log --single-version-externally-managed install_data
[1.967s] DEBUG:colcon.colcon_core.event_handler.log_command:Invoked command in '/home/user/dobot_ws/build/cr7_moveit' returned '0': CMAKE_PREFIX_PATH=/home/user/dobot_ws/install/dobot_rviz:/home/user/dobot_ws/install/ros2_linkattacher:/home/user/dobot_ws/install/linkattacher_msgs:/home/user/dobot_ws/install/ariac_gz:/home/user/dobot_ws/install/onrobot_2fg7_description:/home/user/dobot_ws/install/cr7_moveit:/home/user/dobot_ws/install/cr_robot_ros2:/home/user/dobot_ws/install/dobot_msgs_v4:/home/user/dobot_ws/install/dobot_gazebo:/home/user/dobot_ws/install/dobot_demo_cpp:/home/user/dobot_ws/install/cra_description:/home/user/dobot_ws/install/ariac_setup:/home/user/dobot_ws/install/servo_action:/home/user/dobot_ws/install/dobot_moveit:/home/user/dobot_ws/install/dobot_demo:/opt/ros/humble /usr/bin/cmake --build /home/user/dobot_ws/build/cr7_moveit -- -j16 -l16
[1.968s] DEBUG:colcon.colcon_core.event_handler.log_command:Invoking command in '/home/user/dobot_ws/build/cr7_moveit': CMAKE_PREFIX_PATH=/home/user/dobot_ws/install/dobot_rviz:/home/user/dobot_ws/install/ros2_linkattacher:/home/user/dobot_ws/install/linkattacher_msgs:/home/user/dobot_ws/install/ariac_gz:/home/user/dobot_ws/install/onrobot_2fg7_description:/home/user/dobot_ws/install/cr7_moveit:/home/user/dobot_ws/install/cr_robot_ros2:/home/user/dobot_ws/install/dobot_msgs_v4:/home/user/dobot_ws/install/dobot_gazebo:/home/user/dobot_ws/install/dobot_demo_cpp:/home/user/dobot_ws/install/cra_description:/home/user/dobot_ws/install/ariac_setup:/home/user/dobot_ws/install/servo_action:/home/user/dobot_ws/install/dobot_moveit:/home/user/dobot_ws/install/dobot_demo:/opt/ros/humble /usr/bin/cmake --install /home/user/dobot_ws/build/cr7_moveit
[1.968s] DEBUG:colcon.colcon_core.event_handler.log_command:Invoked command in '/home/user/dobot_ws/build/cra_description' returned '0': CMAKE_PREFIX_PATH=/home/user/dobot_ws/install/onrobot_2fg7_description:/home/user/dobot_ws/install/ros2_linkattacher:/home/user/dobot_ws/install/linkattacher_msgs:/home/user/dobot_ws/install/ariac_gz:/home/user/dobot_ws/install/cr7_moveit:/home/user/dobot_ws/install/dobot_rviz:/home/user/dobot_ws/install/cr_robot_ros2:/home/user/dobot_ws/install/dobot_msgs_v4:/home/user/dobot_ws/install/dobot_gazebo:/home/user/dobot_ws/install/dobot_demo_cpp:/home/user/dobot_ws/install/cra_description:/home/user/dobot_ws/install/ariac_setup:/home/user/dobot_ws/install/servo_action:/home/user/dobot_ws/install/dobot_moveit:/home/user/dobot_ws/install/dobot_demo:/opt/ros/humble /usr/bin/cmake --build /home/user/dobot_ws/build/cra_description -- -j16 -l16
[1.968s] DEBUG:colcon.colcon_core.event_handler.log_command:Invoking command in '/home/user/dobot_ws/build/cra_description': CMAKE_PREFIX_PATH=/home/user/dobot_ws/install/onrobot_2fg7_description:/home/user/dobot_ws/install/ros2_linkattacher:/home/user/dobot_ws/install/linkattacher_msgs:/home/user/dobot_ws/install/ariac_gz:/home/user/dobot_ws/install/cr7_moveit:/home/user/dobot_ws/install/dobot_rviz:/home/user/dobot_ws/install/cr_robot_ros2:/home/user/dobot_ws/install/dobot_msgs_v4:/home/user/dobot_ws/install/dobot_gazebo:/home/user/dobot_ws/install/dobot_demo_cpp:/home/user/dobot_ws/install/cra_description:/home/user/dobot_ws/install/ariac_setup:/home/user/dobot_ws/install/servo_action:/home/user/dobot_ws/install/dobot_moveit:/home/user/dobot_ws/install/dobot_demo:/opt/ros/humble /usr/bin/cmake --install /home/user/dobot_ws/build/cra_description
[1.969s] DEBUG:colcon.colcon_core.event_handler.log_command:Invoking command in '/home/user/dobot_ws/build/cr_robot_ros2': CMAKE_PREFIX_PATH=/home/user/dobot_ws/install/dobot_msgs_v4:/home/user/dobot_ws/install/ros2_linkattacher:/home/user/dobot_ws/install/linkattacher_msgs:/home/user/dobot_ws/install/ariac_gz:/home/user/dobot_ws/install/onrobot_2fg7_description:/home/user/dobot_ws/install/cr7_moveit:/home/user/dobot_ws/install/dobot_rviz:/home/user/dobot_ws/install/cr_robot_ros2:/home/user/dobot_ws/install/dobot_gazebo:/home/user/dobot_ws/install/dobot_demo_cpp:/home/user/dobot_ws/install/cra_description:/home/user/dobot_ws/install/ariac_setup:/home/user/dobot_ws/install/servo_action:/home/user/dobot_ws/install/dobot_moveit:/home/user/dobot_ws/install/dobot_demo:/opt/ros/humble LD_LIBRARY_PATH=/home/user/dobot_ws/install/dobot_msgs_v4/lib:/home/user/dobot_ws/install/ros2_linkattacher/lib:/home/user/dobot_ws/install/linkattacher_msgs/lib:/usr/lib/x86_64-linux-gnu/gazebo-11/plugins:/opt/ros/humble/opt/rviz_ogre_vendor/lib:/opt/ros/humble/lib/x86_64-linux-gnu:/opt/ros/humble/lib /usr/bin/cmake --build /home/user/dobot_ws/build/cr_robot_ros2 -- -j16 -l16
[1.969s] DEBUG:colcon.colcon_core.event_handler.log_command:Invoking command in '/home/user/dobot_ws/build/ros2_linkattacher': CMAKE_PREFIX_PATH=/home/user/dobot_ws/install/linkattacher_msgs:/home/user/dobot_ws/install/ros2_linkattacher:/home/user/dobot_ws/install/ariac_gz:/home/user/dobot_ws/install/onrobot_2fg7_description:/home/user/dobot_ws/install/cr7_moveit:/home/user/dobot_ws/install/dobot_rviz:/home/user/dobot_ws/install/cr_robot_ros2:/home/user/dobot_ws/install/dobot_msgs_v4:/home/user/dobot_ws/install/dobot_gazebo:/home/user/dobot_ws/install/dobot_demo_cpp:/home/user/dobot_ws/install/cra_description:/home/user/dobot_ws/install/ariac_setup:/home/user/dobot_ws/install/servo_action:/home/user/dobot_ws/install/dobot_moveit:/home/user/dobot_ws/install/dobot_demo:/opt/ros/humble LD_LIBRARY_PATH=/home/user/dobot_ws/install/linkattacher_msgs/lib:/home/user/dobot_ws/install/ros2_linkattacher/lib:/home/user/dobot_ws/install/dobot_msgs_v4/lib:/usr/lib/x86_64-linux-gnu/gazebo-11/plugins:/opt/ros/humble/opt/rviz_ogre_vendor/lib:/opt/ros/humble/lib/x86_64-linux-gnu:/opt/ros/humble/lib /usr/bin/cmake --build /home/user/dobot_ws/build/ros2_linkattacher -- -j16 -l16
[2.113s] INFO:colcon.colcon_core.task.python.build:Building Python package in '/home/user/dobot_ws/src/ARIAC/ariac_app'
[2.114s] INFO:colcon.colcon_core.shell:Skip shell extension 'powershell' for command environment: Not usable outside of PowerShell
[2.114s] DEBUG:colcon.colcon_core.shell:Skip shell extension 'dsv' for command environment
[2.121s] DEBUG:colcon.colcon_core.event_handler.log_command:Invoking command in '/home/user/dobot_ws/build/ariac_plugins': AMENT_PREFIX_PATH=/home/user/dobot_ws/install/ariac_interfaces:${AMENT_PREFIX_PATH} CMAKE_PREFIX_PATH=/home/user/dobot_ws/install/ariac_interfaces:/home/user/dobot_ws/install/ros2_linkattacher:/home/user/dobot_ws/install/linkattacher_msgs:/home/user/dobot_ws/install/ariac_gz:/home/user/dobot_ws/install/onrobot_2fg7_description:/home/user/dobot_ws/install/cr7_moveit:/home/user/dobot_ws/install/dobot_rviz:/home/user/dobot_ws/install/cr_robot_ros2:/home/user/dobot_ws/install/dobot_msgs_v4:/home/user/dobot_ws/install/dobot_gazebo:/home/user/dobot_ws/install/dobot_demo_cpp:/home/user/dobot_ws/install/cra_description:/home/user/dobot_ws/install/ariac_setup:/home/user/dobot_ws/install/servo_action:/home/user/dobot_ws/install/dobot_moveit:/home/user/dobot_ws/install/dobot_demo:/opt/ros/humble LD_LIBRARY_PATH=/home/user/dobot_ws/install/ariac_interfaces/lib:${LD_LIBRARY_PATH} PYTHONPATH=/home/user/dobot_ws/install/ariac_interfaces/local/lib/python3.10/dist-packages:${PYTHONPATH} /usr/bin/cmake /home/user/dobot_ws/src/ARIAC/ariac_plugins -DCMAKE_INSTALL_PREFIX=/home/user/dobot_ws/install/ariac_plugins
[2.126s] DEBUG:colcon.colcon_core.event_handler.log_command:Invoking command in '/home/user/dobot_ws/build/robotiq_gripper_controller': AMENT_PREFIX_PATH=/home/user/dobot_ws/install/ariac_interfaces:${AMENT_PREFIX_PATH} CMAKE_PREFIX_PATH=/home/user/dobot_ws/install/ariac_interfaces:/home/user/dobot_ws/install/ros2_linkattacher:/home/user/dobot_ws/install/linkattacher_msgs:/home/user/dobot_ws/install/ariac_gz:/home/user/dobot_ws/install/onrobot_2fg7_description:/home/user/dobot_ws/install/cr7_moveit:/home/user/dobot_ws/install/dobot_rviz:/home/user/dobot_ws/install/cr_robot_ros2:/home/user/dobot_ws/install/dobot_msgs_v4:/home/user/dobot_ws/install/dobot_gazebo:/home/user/dobot_ws/install/dobot_demo_cpp:/home/user/dobot_ws/install/cra_description:/home/user/dobot_ws/install/ariac_setup:/home/user/dobot_ws/install/servo_action:/home/user/dobot_ws/install/dobot_moveit:/home/user/dobot_ws/install/dobot_demo:/opt/ros/humble LD_LIBRARY_PATH=/home/user/dobot_ws/install/ariac_interfaces/lib:${LD_LIBRARY_PATH} PYTHONPATH=/home/user/dobot_ws/install/ariac_interfaces/local/lib/python3.10/dist-packages:${PYTHONPATH} /usr/bin/cmake --build /home/user/dobot_ws/build/robotiq_gripper_controller -- -j16 -l16
[2.127s] Level 1:colcon.colcon_core.environment:create_environment_scripts_only(cr7_moveit)
[2.127s] Level 1:colcon.colcon_core.environment:checking '/home/user/dobot_ws/install/cr7_moveit' for CMake module files
[2.129s] DEBUG:colcon.colcon_core.event_handler.log_command:Invoked command in '/home/user/dobot_ws/build/cr7_moveit' returned '0': CMAKE_PREFIX_PATH=/home/user/dobot_ws/install/dobot_rviz:/home/user/dobot_ws/install/ros2_linkattacher:/home/user/dobot_ws/install/linkattacher_msgs:/home/user/dobot_ws/install/ariac_gz:/home/user/dobot_ws/install/onrobot_2fg7_description:/home/user/dobot_ws/install/cr7_moveit:/home/user/dobot_ws/install/cr_robot_ros2:/home/user/dobot_ws/install/dobot_msgs_v4:/home/user/dobot_ws/install/dobot_gazebo:/home/user/dobot_ws/install/dobot_demo_cpp:/home/user/dobot_ws/install/cra_description:/home/user/dobot_ws/install/ariac_setup:/home/user/dobot_ws/install/servo_action:/home/user/dobot_ws/install/dobot_moveit:/home/user/dobot_ws/install/dobot_demo:/opt/ros/humble /usr/bin/cmake --install /home/user/dobot_ws/build/cr7_moveit
[2.129s] Level 1:colcon.colcon_core.environment:checking '/home/user/dobot_ws/install/cr7_moveit' for CMake config files
[2.130s] Level 1:colcon.colcon_core.shell:create_environment_hook('cr7_moveit', 'cmake_prefix_path')
[2.130s] INFO:colcon.colcon_core.shell:Creating environment hook '/home/user/dobot_ws/install/cr7_moveit/share/cr7_moveit/hook/cmake_prefix_path.ps1'
[2.131s] INFO:colcon.colcon_core.shell:Creating environment descriptor '/home/user/dobot_ws/install/cr7_moveit/share/cr7_moveit/hook/cmake_prefix_path.dsv'
[2.131s] INFO:colcon.colcon_core.shell:Creating environment hook '/home/user/dobot_ws/install/cr7_moveit/share/cr7_moveit/hook/cmake_prefix_path.sh'
[2.132s] Level 1:colcon.colcon_core.environment:checking '/home/user/dobot_ws/install/cr7_moveit/bin'
[2.132s] Level 1:colcon.colcon_core.environment:checking '/home/user/dobot_ws/install/cr7_moveit/lib/pkgconfig/cr7_moveit.pc'
[2.132s] Level 1:colcon.colcon_core.environment:checking '/home/user/dobot_ws/install/cr7_moveit/lib/python3.10/site-packages'
[2.133s] Level 1:colcon.colcon_core.environment:checking '/home/user/dobot_ws/install/cr7_moveit/bin'
[2.133s] INFO:colcon.colcon_core.shell:Creating package script '/home/user/dobot_ws/install/cr7_moveit/share/cr7_moveit/package.ps1'
[2.135s] INFO:colcon.colcon_core.shell:Creating package descriptor '/home/user/dobot_ws/install/cr7_moveit/share/cr7_moveit/package.dsv'
[2.135s] INFO:colcon.colcon_core.shell:Creating package script '/home/user/dobot_ws/install/cr7_moveit/share/cr7_moveit/package.sh'
[2.136s] INFO:colcon.colcon_core.shell:Creating package script '/home/user/dobot_ws/install/cr7_moveit/share/cr7_moveit/package.bash'
[2.136s] INFO:colcon.colcon_core.shell:Creating package script '/home/user/dobot_ws/install/cr7_moveit/share/cr7_moveit/package.zsh'
[2.137s] Level 1:colcon.colcon_core.environment:create_file_with_runtime_dependencies(/home/user/dobot_ws/install/cr7_moveit/share/colcon-core/packages/cr7_moveit)
[2.137s] Level 1:colcon.colcon_core.environment:create_environment_scripts_only(cr7_moveit)
[2.138s] Level 1:colcon.colcon_core.environment:checking '/home/user/dobot_ws/install/cr7_moveit' for CMake module files
[2.138s] Level 1:colcon.colcon_core.environment:checking '/home/user/dobot_ws/install/cr7_moveit' for CMake config files
[2.139s] Level 1:colcon.colcon_core.shell:create_environment_hook('cr7_moveit', 'cmake_prefix_path')
[2.139s] INFO:colcon.colcon_core.shell:Creating environment hook '/home/user/dobot_ws/install/cr7_moveit/share/cr7_moveit/hook/cmake_prefix_path.ps1'
[2.140s] INFO:colcon.colcon_core.shell:Creating environment descriptor '/home/user/dobot_ws/install/cr7_moveit/share/cr7_moveit/hook/cmake_prefix_path.dsv'
[2.140s] INFO:colcon.colcon_core.shell:Creating environment hook '/home/user/dobot_ws/install/cr7_moveit/share/cr7_moveit/hook/cmake_prefix_path.sh'
[2.141s] Level 1:colcon.colcon_core.environment:checking '/home/user/dobot_ws/install/cr7_moveit/bin'
[2.141s] Level 1:colcon.colcon_core.environment:checking '/home/user/dobot_ws/install/cr7_moveit/lib/pkgconfig/cr7_moveit.pc'
[2.141s] Level 1:colcon.colcon_core.environment:checking '/home/user/dobot_ws/install/cr7_moveit/lib/python3.10/site-packages'
[2.141s] Level 1:colcon.colcon_core.environment:checking '/home/user/dobot_ws/install/cr7_moveit/bin'
[2.142s] INFO:colcon.colcon_core.shell:Creating package script '/home/user/dobot_ws/install/cr7_moveit/share/cr7_moveit/package.ps1'
[2.143s] INFO:colcon.colcon_core.shell:Creating package descriptor '/home/user/dobot_ws/install/cr7_moveit/share/cr7_moveit/package.dsv'
[2.143s] INFO:colcon.colcon_core.shell:Creating package script '/home/user/dobot_ws/install/cr7_moveit/share/cr7_moveit/package.sh'
[2.144s] INFO:colcon.colcon_core.shell:Creating package script '/home/user/dobot_ws/install/cr7_moveit/share/cr7_moveit/package.bash'
[2.144s] INFO:colcon.colcon_core.shell:Creating package script '/home/user/dobot_ws/install/cr7_moveit/share/cr7_moveit/package.zsh'
[2.144s] Level 1:colcon.colcon_core.environment:create_file_with_runtime_dependencies(/home/user/dobot_ws/install/cr7_moveit/share/colcon-core/packages/cr7_moveit)
[2.145s] Level 1:colcon.colcon_core.environment:create_environment_scripts_only(cra_description)
[2.146s] Level 1:colcon.colcon_core.environment:checking '/home/user/dobot_ws/install/cra_description' for CMake module files
[2.147s] DEBUG:colcon.colcon_core.event_handler.log_command:Invoked command in '/home/user/dobot_ws/build/cra_description' returned '0': CMAKE_PREFIX_PATH=/home/user/dobot_ws/install/onrobot_2fg7_description:/home/user/dobot_ws/install/ros2_linkattacher:/home/user/dobot_ws/install/linkattacher_msgs:/home/user/dobot_ws/install/ariac_gz:/home/user/dobot_ws/install/cr7_moveit:/home/user/dobot_ws/install/dobot_rviz:/home/user/dobot_ws/install/cr_robot_ros2:/home/user/dobot_ws/install/dobot_msgs_v4:/home/user/dobot_ws/install/dobot_gazebo:/home/user/dobot_ws/install/dobot_demo_cpp:/home/user/dobot_ws/install/cra_description:/home/user/dobot_ws/install/ariac_setup:/home/user/dobot_ws/install/servo_action:/home/user/dobot_ws/install/dobot_moveit:/home/user/dobot_ws/install/dobot_demo:/opt/ros/humble /usr/bin/cmake --install /home/user/dobot_ws/build/cra_description
[2.147s] Level 1:colcon.colcon_core.environment:checking '/home/user/dobot_ws/install/cra_description' for CMake config files
[2.147s] Level 1:colcon.colcon_core.shell:create_environment_hook('cra_description', 'cmake_prefix_path')
[2.147s] INFO:colcon.colcon_core.shell:Creating environment hook '/home/user/dobot_ws/install/cra_description/share/cra_description/hook/cmake_prefix_path.ps1'
[2.148s] INFO:colcon.colcon_core.shell:Creating environment descriptor '/home/user/dobot_ws/install/cra_description/share/cra_description/hook/cmake_prefix_path.dsv'
[2.148s] INFO:colcon.colcon_core.shell:Creating environment hook '/home/user/dobot_ws/install/cra_description/share/cra_description/hook/cmake_prefix_path.sh'
[2.149s] Level 1:colcon.colcon_core.environment:checking '/home/user/dobot_ws/install/cra_description/bin'
[2.149s] Level 1:colcon.colcon_core.environment:checking '/home/user/dobot_ws/install/cra_description/lib/pkgconfig/cra_description.pc'
[2.149s] Level 1:colcon.colcon_core.environment:checking '/home/user/dobot_ws/install/cra_description/lib/python3.10/site-packages'
[2.150s] Level 1:colcon.colcon_core.environment:checking '/home/user/dobot_ws/install/cra_description/bin'
[2.150s] INFO:colcon.colcon_core.shell:Creating package script '/home/user/dobot_ws/install/cra_description/share/cra_description/package.ps1'
[2.151s] INFO:colcon.colcon_core.shell:Creating package descriptor '/home/user/dobot_ws/install/cra_description/share/cra_description/package.dsv'
[2.152s] INFO:colcon.colcon_core.shell:Creating package script '/home/user/dobot_ws/install/cra_description/share/cra_description/package.sh'
[2.152s] INFO:colcon.colcon_core.shell:Creating package script '/home/user/dobot_ws/install/cra_description/share/cra_description/package.bash'
[2.152s] INFO:colcon.colcon_core.shell:Creating package script '/home/user/dobot_ws/install/cra_description/share/cra_description/package.zsh'
[2.153s] Level 1:colcon.colcon_core.environment:create_file_with_runtime_dependencies(/home/user/dobot_ws/install/cra_description/share/colcon-core/packages/cra_description)
[2.153s] Level 1:colcon.colcon_core.environment:create_environment_scripts_only(cra_description)
[2.153s] Level 1:colcon.colcon_core.environment:checking '/home/user/dobot_ws/install/cra_description' for CMake module files
[2.154s] Level 1:colcon.colcon_core.environment:checking '/home/user/dobot_ws/install/cra_description' for CMake config files
[2.154s] Level 1:colcon.colcon_core.shell:create_environment_hook('cra_description', 'cmake_prefix_path')
[2.154s] INFO:colcon.colcon_core.shell:Creating environment hook '/home/user/dobot_ws/install/cra_description/share/cra_description/hook/cmake_prefix_path.ps1'
[2.155s] INFO:colcon.colcon_core.shell:Creating environment descriptor '/home/user/dobot_ws/install/cra_description/share/cra_description/hook/cmake_prefix_path.dsv'
[2.156s] INFO:colcon.colcon_core.shell:Creating environment hook '/home/user/dobot_ws/install/cra_description/share/cra_description/hook/cmake_prefix_path.sh'
[2.156s] Level 1:colcon.colcon_core.environment:checking '/home/user/dobot_ws/install/cra_description/bin'
[2.156s] Level 1:colcon.colcon_core.environment:checking '/home/user/dobot_ws/install/cra_description/lib/pkgconfig/cra_description.pc'
[2.156s] Level 1:colcon.colcon_core.environment:checking '/home/user/dobot_ws/install/cra_description/lib/python3.10/site-packages'
[2.157s] Level 1:colcon.colcon_core.environment:checking '/home/user/dobot_ws/install/cra_description/bin'
[2.157s] INFO:colcon.colcon_core.shell:Creating package script '/home/user/dobot_ws/install/cra_description/share/cra_description/package.ps1'
[2.158s] INFO:colcon.colcon_core.shell:Creating package descriptor '/home/user/dobot_ws/install/cra_description/share/cra_description/package.dsv'
[2.158s] INFO:colcon.colcon_core.shell:Creating package script '/home/user/dobot_ws/install/cra_description/share/cra_description/package.sh'
[2.158s] INFO:colcon.colcon_core.shell:Creating package script '/home/user/dobot_ws/install/cra_description/share/cra_description/package.bash'
[2.158s] INFO:colcon.colcon_core.shell:Creating package script '/home/user/dobot_ws/install/cra_description/share/cra_description/package.zsh'
[2.159s] Level 1:colcon.colcon_core.environment:create_file_with_runtime_dependencies(/home/user/dobot_ws/install/cra_description/share/colcon-core/packages/cra_description)
[2.161s] INFO:colcon.colcon_ros.task.ament_cmake.build:Building ROS package in '/home/user/dobot_ws/src/DOBOT_6Axis_ROS2_V4/dobot_gazebo' with build type 'ament_cmake'
[2.161s] INFO:colcon.colcon_cmake.task.cmake.build:Building CMake package in '/home/user/dobot_ws/src/DOBOT_6Axis_ROS2_V4/dobot_gazebo'
[2.162s] DEBUG:colcon.colcon_core.event_handler.log_command:Invoked command in '/home/user/dobot_ws/build/ros2_linkattacher' returned '0': CMAKE_PREFIX_PATH=/home/user/dobot_ws/install/linkattacher_msgs:/home/user/dobot_ws/install/ros2_linkattacher:/home/user/dobot_ws/install/ariac_gz:/home/user/dobot_ws/install/onrobot_2fg7_description:/home/user/dobot_ws/install/cr7_moveit:/home/user/dobot_ws/install/dobot_rviz:/home/user/dobot_ws/install/cr_robot_ros2:/home/user/dobot_ws/install/dobot_msgs_v4:/home/user/dobot_ws/install/dobot_gazebo:/home/user/dobot_ws/install/dobot_demo_cpp:/home/user/dobot_ws/install/cra_description:/home/user/dobot_ws/install/ariac_setup:/home/user/dobot_ws/install/servo_action:/home/user/dobot_ws/install/dobot_moveit:/home/user/dobot_ws/install/dobot_demo:/opt/ros/humble LD_LIBRARY_PATH=/home/user/dobot_ws/install/linkattacher_msgs/lib:/home/user/dobot_ws/install/ros2_linkattacher/lib:/home/user/dobot_ws/install/dobot_msgs_v4/lib:/usr/lib/x86_64-linux-gnu/gazebo-11/plugins:/opt/ros/humble/opt/rviz_ogre_vendor/lib:/opt/ros/humble/lib/x86_64-linux-gnu:/opt/ros/humble/lib /usr/bin/cmake --build /home/user/dobot_ws/build/ros2_linkattacher -- -j16 -l16
[2.162s] INFO:colcon.colcon_core.shell:Skip shell extension 'powershell' for command environment: Not usable outside of PowerShell
[2.162s] DEBUG:colcon.colcon_core.shell:Skip shell extension 'dsv' for command environment
[2.163s] DEBUG:colcon.colcon_core.event_handler.log_command:Invoking command in '/home/user/dobot_ws/build/ros2_linkattacher': CMAKE_PREFIX_PATH=/home/user/dobot_ws/install/linkattacher_msgs:/home/user/dobot_ws/install/ros2_linkattacher:/home/user/dobot_ws/install/ariac_gz:/home/user/dobot_ws/install/onrobot_2fg7_description:/home/user/dobot_ws/install/cr7_moveit:/home/user/dobot_ws/install/dobot_rviz:/home/user/dobot_ws/install/cr_robot_ros2:/home/user/dobot_ws/install/dobot_msgs_v4:/home/user/dobot_ws/install/dobot_gazebo:/home/user/dobot_ws/install/dobot_demo_cpp:/home/user/dobot_ws/install/cra_description:/home/user/dobot_ws/install/ariac_setup:/home/user/dobot_ws/install/servo_action:/home/user/dobot_ws/install/dobot_moveit:/home/user/dobot_ws/install/dobot_demo:/opt/ros/humble LD_LIBRARY_PATH=/home/user/dobot_ws/install/linkattacher_msgs/lib:/home/user/dobot_ws/install/ros2_linkattacher/lib:/home/user/dobot_ws/install/dobot_msgs_v4/lib:/usr/lib/x86_64-linux-gnu/gazebo-11/plugins:/opt/ros/humble/opt/rviz_ogre_vendor/lib:/opt/ros/humble/lib/x86_64-linux-gnu:/opt/ros/humble/lib /usr/bin/cmake --install /home/user/dobot_ws/build/ros2_linkattacher
[2.167s] DEBUG:colcon.colcon_core.event_handler.log_command:Invoked command in '/home/user/dobot_ws/build/cr_robot_ros2' returned '0': CMAKE_PREFIX_PATH=/home/user/dobot_ws/install/dobot_msgs_v4:/home/user/dobot_ws/install/ros2_linkattacher:/home/user/dobot_ws/install/linkattacher_msgs:/home/user/dobot_ws/install/ariac_gz:/home/user/dobot_ws/install/onrobot_2fg7_description:/home/user/dobot_ws/install/cr7_moveit:/home/user/dobot_ws/install/dobot_rviz:/home/user/dobot_ws/install/cr_robot_ros2:/home/user/dobot_ws/install/dobot_gazebo:/home/user/dobot_ws/install/dobot_demo_cpp:/home/user/dobot_ws/install/cra_description:/home/user/dobot_ws/install/ariac_setup:/home/user/dobot_ws/install/servo_action:/home/user/dobot_ws/install/dobot_moveit:/home/user/dobot_ws/install/dobot_demo:/opt/ros/humble LD_LIBRARY_PATH=/home/user/dobot_ws/install/dobot_msgs_v4/lib:/home/user/dobot_ws/install/ros2_linkattacher/lib:/home/user/dobot_ws/install/linkattacher_msgs/lib:/usr/lib/x86_64-linux-gnu/gazebo-11/plugins:/opt/ros/humble/opt/rviz_ogre_vendor/lib:/opt/ros/humble/lib/x86_64-linux-gnu:/opt/ros/humble/lib /usr/bin/cmake --build /home/user/dobot_ws/build/cr_robot_ros2 -- -j16 -l16
[2.169s] DEBUG:colcon.colcon_core.event_handler.log_command:Invoking command in '/home/user/dobot_ws/build/cr_robot_ros2': CMAKE_PREFIX_PATH=/home/user/dobot_ws/install/dobot_msgs_v4:/home/user/dobot_ws/install/ros2_linkattacher:/home/user/dobot_ws/install/linkattacher_msgs:/home/user/dobot_ws/install/ariac_gz:/home/user/dobot_ws/install/onrobot_2fg7_description:/home/user/dobot_ws/install/cr7_moveit:/home/user/dobot_ws/install/dobot_rviz:/home/user/dobot_ws/install/cr_robot_ros2:/home/user/dobot_ws/install/dobot_gazebo:/home/user/dobot_ws/install/dobot_demo_cpp:/home/user/dobot_ws/install/cra_description:/home/user/dobot_ws/install/ariac_setup:/home/user/dobot_ws/install/servo_action:/home/user/dobot_ws/install/dobot_moveit:/home/user/dobot_ws/install/dobot_demo:/opt/ros/humble LD_LIBRARY_PATH=/home/user/dobot_ws/install/dobot_msgs_v4/lib:/home/user/dobot_ws/install/ros2_linkattacher/lib:/home/user/dobot_ws/install/linkattacher_msgs/lib:/usr/lib/x86_64-linux-gnu/gazebo-11/plugins:/opt/ros/humble/opt/rviz_ogre_vendor/lib:/opt/ros/humble/lib/x86_64-linux-gnu:/opt/ros/humble/lib /usr/bin/cmake --install /home/user/dobot_ws/build/cr_robot_ros2
[2.174s] Level 1:colcon.colcon_core.environment:checking '/home/user/dobot_ws/install/dobot_demo' for CMake module files
[2.176s] Level 1:colcon.colcon_core.environment:checking '/home/user/dobot_ws/install/dobot_demo' for CMake config files
[2.177s] DEBUG:colcon.colcon_core.event_handler.log_command:Invoked command in '/home/user/dobot_ws/src/DOBOT_6Axis_ROS2_V4/dobot_demo' returned '0': PYTHONPATH=/home/user/dobot_ws/build/dobot_demo/prefix_override:/usr/lib/python3/dist-packages/colcon_core/task/python/colcon_distutils_commands:/home/user/dobot_ws/install/dobot_demo/lib/python3.10/site-packages:${PYTHONPATH} /usr/bin/python3 -W ignore:setup.py install is deprecated -W ignore:easy_install command is deprecated setup.py egg_info --egg-base ../../../build/dobot_demo build --build-base /home/user/dobot_ws/build/dobot_demo/build install --record /home/user/dobot_ws/build/dobot_demo/install.log --single-version-externally-managed install_data
[2.179s] Level 1:colcon.colcon_core.environment:checking '/home/user/dobot_ws/install/dobot_demo/lib'
[2.179s] Level 1:colcon.colcon_core.environment:checking '/home/user/dobot_ws/install/dobot_demo/bin'
[2.179s] Level 1:colcon.colcon_core.environment:checking '/home/user/dobot_ws/install/dobot_demo/lib/pkgconfig/dobot_demo.pc'
[2.179s] Level 1:colcon.colcon_core.environment:checking '/home/user/dobot_ws/install/dobot_demo/lib/python3.10/site-packages'
[2.180s] Level 1:colcon.colcon_core.shell:create_environment_hook('dobot_demo', 'pythonpath')
[2.180s] INFO:colcon.colcon_core.shell:Creating environment hook '/home/user/dobot_ws/install/dobot_demo/share/dobot_demo/hook/pythonpath.ps1'
[2.180s] INFO:colcon.colcon_core.shell:Creating environment descriptor '/home/user/dobot_ws/install/dobot_demo/share/dobot_demo/hook/pythonpath.dsv'
[2.180s] INFO:colcon.colcon_core.shell:Creating environment hook '/home/user/dobot_ws/install/dobot_demo/share/dobot_demo/hook/pythonpath.sh'
[2.181s] Level 1:colcon.colcon_core.environment:checking '/home/user/dobot_ws/install/dobot_demo/bin'
[2.181s] Level 1:colcon.colcon_core.environment:create_environment_scripts_only(dobot_demo)
[2.182s] INFO:colcon.colcon_core.shell:Creating package script '/home/user/dobot_ws/install/dobot_demo/share/dobot_demo/package.ps1'
[2.182s] INFO:colcon.colcon_core.shell:Creating package descriptor '/home/user/dobot_ws/install/dobot_demo/share/dobot_demo/package.dsv'
[2.182s] INFO:colcon.colcon_core.shell:Creating package script '/home/user/dobot_ws/install/dobot_demo/share/dobot_demo/package.sh'
[2.183s] INFO:colcon.colcon_core.shell:Creating package script '/home/user/dobot_ws/install/dobot_demo/share/dobot_demo/package.bash'
[2.183s] INFO:colcon.colcon_core.shell:Creating package script '/home/user/dobot_ws/install/dobot_demo/share/dobot_demo/package.zsh'
[2.183s] Level 1:colcon.colcon_core.environment:create_file_with_runtime_dependencies(/home/user/dobot_ws/install/dobot_demo/share/colcon-core/packages/dobot_demo)
[2.184s] Level 1:colcon.colcon_core.environment:checking '/home/user/dobot_ws/install/ariac_db' for CMake module files
[2.184s] Level 1:colcon.colcon_core.environment:checking '/home/user/dobot_ws/install/ariac_db' for CMake config files
[2.185s] DEBUG:colcon.colcon_core.event_handler.log_command:Invoked command in '/home/user/dobot_ws/src/ARIAC/ariac_db' returned '0': PYTHONPATH=/home/user/dobot_ws/build/ariac_db/prefix_override:/usr/lib/python3/dist-packages/colcon_core/task/python/colcon_distutils_commands:/home/user/dobot_ws/install/ariac_db/lib/python3.10/site-packages:${PYTHONPATH} /usr/bin/python3 -W ignore:setup.py install is deprecated -W ignore:easy_install command is deprecated setup.py egg_info --egg-base ../../../build/ariac_db build --build-base /home/user/dobot_ws/build/ariac_db/build install --record /home/user/dobot_ws/build/ariac_db/install.log --single-version-externally-managed install_data
[2.185s] Level 1:colcon.colcon_core.environment:checking '/home/user/dobot_ws/install/ariac_db/lib'
[2.185s] Level 1:colcon.colcon_core.environment:checking '/home/user/dobot_ws/install/ariac_db/bin'
[2.185s] Level 1:colcon.colcon_core.environment:checking '/home/user/dobot_ws/install/ariac_db/lib/pkgconfig/ariac_db.pc'
[2.185s] Level 1:colcon.colcon_core.environment:checking '/home/user/dobot_ws/install/ariac_db/lib/python3.10/site-packages'
[2.185s] Level 1:colcon.colcon_core.shell:create_environment_hook('ariac_db', 'pythonpath')
[2.186s] INFO:colcon.colcon_core.shell:Creating environment hook '/home/user/dobot_ws/install/ariac_db/share/ariac_db/hook/pythonpath.ps1'
[2.186s] INFO:colcon.colcon_core.shell:Creating environment descriptor '/home/user/dobot_ws/install/ariac_db/share/ariac_db/hook/pythonpath.dsv'
[2.186s] INFO:colcon.colcon_core.shell:Creating environment hook '/home/user/dobot_ws/install/ariac_db/share/ariac_db/hook/pythonpath.sh'
[2.187s] Level 1:colcon.colcon_core.environment:checking '/home/user/dobot_ws/install/ariac_db/bin'
[2.187s] Level 1:colcon.colcon_core.environment:create_environment_scripts_only(ariac_db)
[2.187s] INFO:colcon.colcon_core.shell:Creating package script '/home/user/dobot_ws/install/ariac_db/share/ariac_db/package.ps1'
[2.187s] INFO:colcon.colcon_core.shell:Creating package descriptor '/home/user/dobot_ws/install/ariac_db/share/ariac_db/package.dsv'
[2.188s] INFO:colcon.colcon_core.shell:Creating package script '/home/user/dobot_ws/install/ariac_db/share/ariac_db/package.sh'
[2.188s] INFO:colcon.colcon_core.shell:Creating package script '/home/user/dobot_ws/install/ariac_db/share/ariac_db/package.bash'
[2.188s] INFO:colcon.colcon_core.shell:Creating package script '/home/user/dobot_ws/install/ariac_db/share/ariac_db/package.zsh'
[2.188s] Level 1:colcon.colcon_core.environment:create_file_with_runtime_dependencies(/home/user/dobot_ws/install/ariac_db/share/colcon-core/packages/ariac_db)
[2.189s] Level 1:colcon.colcon_core.environment:checking '/home/user/dobot_ws/install/dobot_moveit' for CMake module files
[2.190s] Level 1:colcon.colcon_core.environment:checking '/home/user/dobot_ws/install/dobot_moveit' for CMake config files
[2.190s] DEBUG:colcon.colcon_core.event_handler.log_command:Invoked command in '/home/user/dobot_ws/src/DOBOT_6Axis_ROS2_V4/dobot_moveit' returned '0': PYTHONPATH=/home/user/dobot_ws/build/dobot_moveit/prefix_override:/usr/lib/python3/dist-packages/colcon_core/task/python/colcon_distutils_commands:/home/user/dobot_ws/install/dobot_moveit/lib/python3.10/site-packages:${PYTHONPATH} /usr/bin/python3 -W ignore:setup.py install is deprecated -W ignore:easy_install command is deprecated setup.py egg_info --egg-base ../../../build/dobot_moveit build --build-base /home/user/dobot_ws/build/dobot_moveit/build install --record /home/user/dobot_ws/build/dobot_moveit/install.log --single-version-externally-managed install_data
[2.190s] Level 1:colcon.colcon_core.environment:checking '/home/user/dobot_ws/install/dobot_moveit/lib'
[2.191s] Level 1:colcon.colcon_core.environment:checking '/home/user/dobot_ws/install/dobot_moveit/bin'
[2.191s] Level 1:colcon.colcon_core.environment:checking '/home/user/dobot_ws/install/dobot_moveit/lib/pkgconfig/dobot_moveit.pc'
[2.191s] Level 1:colcon.colcon_core.environment:checking '/home/user/dobot_ws/install/dobot_moveit/lib/python3.10/site-packages'
[2.191s] Level 1:colcon.colcon_core.shell:create_environment_hook('dobot_moveit', 'pythonpath')
[2.191s] INFO:colcon.colcon_core.shell:Creating environment hook '/home/user/dobot_ws/install/dobot_moveit/share/dobot_moveit/hook/pythonpath.ps1'
[2.191s] INFO:colcon.colcon_core.shell:Creating environment descriptor '/home/user/dobot_ws/install/dobot_moveit/share/dobot_moveit/hook/pythonpath.dsv'
[2.192s] INFO:colcon.colcon_core.shell:Creating environment hook '/home/user/dobot_ws/install/dobot_moveit/share/dobot_moveit/hook/pythonpath.sh'
[2.192s] Level 1:colcon.colcon_core.environment:checking '/home/user/dobot_ws/install/dobot_moveit/bin'
[2.192s] Level 1:colcon.colcon_core.environment:create_environment_scripts_only(dobot_moveit)
[2.193s] INFO:colcon.colcon_core.shell:Creating package script '/home/user/dobot_ws/install/dobot_moveit/share/dobot_moveit/package.ps1'
[2.193s] INFO:colcon.colcon_core.shell:Creating package descriptor '/home/user/dobot_ws/install/dobot_moveit/share/dobot_moveit/package.dsv'
[2.193s] INFO:colcon.colcon_core.shell:Creating package script '/home/user/dobot_ws/install/dobot_moveit/share/dobot_moveit/package.sh'
[2.194s] INFO:colcon.colcon_core.shell:Creating package script '/home/user/dobot_ws/install/dobot_moveit/share/dobot_moveit/package.bash'
[2.194s] INFO:colcon.colcon_core.shell:Creating package script '/home/user/dobot_ws/install/dobot_moveit/share/dobot_moveit/package.zsh'
[2.194s] Level 1:colcon.colcon_core.environment:create_file_with_runtime_dependencies(/home/user/dobot_ws/install/dobot_moveit/share/colcon-core/packages/dobot_moveit)
[2.195s] Level 1:colcon.colcon_core.environment:checking '/home/user/dobot_ws/install/ariac_setup' for CMake module files
[2.196s] Level 1:colcon.colcon_core.environment:checking '/home/user/dobot_ws/install/ariac_setup' for CMake config files
[2.196s] DEBUG:colcon.colcon_core.event_handler.log_command:Invoked command in '/home/user/dobot_ws/src/ARIAC/ariac_setup' returned '0': PYTHONPATH=/home/user/dobot_ws/build/ariac_setup/prefix_override:/usr/lib/python3/dist-packages/colcon_core/task/python/colcon_distutils_commands:/home/user/dobot_ws/install/ariac_setup/lib/python3.10/site-packages:${PYTHONPATH} /usr/bin/python3 -W ignore:setup.py install is deprecated -W ignore:easy_install command is deprecated setup.py egg_info --egg-base ../../../build/ariac_setup build --build-base /home/user/dobot_ws/build/ariac_setup/build install --record /home/user/dobot_ws/build/ariac_setup/install.log --single-version-externally-managed install_data
[2.196s] Level 1:colcon.colcon_core.environment:checking '/home/user/dobot_ws/install/ariac_setup/lib'
[2.196s] Level 1:colcon.colcon_core.environment:checking '/home/user/dobot_ws/install/ariac_setup/bin'
[2.197s] Level 1:colcon.colcon_core.environment:checking '/home/user/dobot_ws/install/ariac_setup/lib/pkgconfig/ariac_setup.pc'
[2.197s] Level 1:colcon.colcon_core.environment:checking '/home/user/dobot_ws/install/ariac_setup/lib/python3.10/site-packages'
[2.197s] Level 1:colcon.colcon_core.shell:create_environment_hook('ariac_setup', 'pythonpath')
[2.197s] INFO:colcon.colcon_core.shell:Creating environment hook '/home/user/dobot_ws/install/ariac_setup/share/ariac_setup/hook/pythonpath.ps1'
[2.198s] INFO:colcon.colcon_core.shell:Creating environment descriptor '/home/user/dobot_ws/install/ariac_setup/share/ariac_setup/hook/pythonpath.dsv'
[2.198s] INFO:colcon.colcon_core.shell:Creating environment hook '/home/user/dobot_ws/install/ariac_setup/share/ariac_setup/hook/pythonpath.sh'
[2.198s] Level 1:colcon.colcon_core.environment:checking '/home/user/dobot_ws/install/ariac_setup/bin'
[2.198s] Level 1:colcon.colcon_core.environment:create_environment_scripts_only(ariac_setup)
[2.199s] INFO:colcon.colcon_core.shell:Creating package script '/home/user/dobot_ws/install/ariac_setup/share/ariac_setup/package.ps1'
[2.199s] INFO:colcon.colcon_core.shell:Creating package descriptor '/home/user/dobot_ws/install/ariac_setup/share/ariac_setup/package.dsv'
[2.199s] INFO:colcon.colcon_core.shell:Creating package script '/home/user/dobot_ws/install/ariac_setup/share/ariac_setup/package.sh'
[2.200s] INFO:colcon.colcon_core.shell:Creating package script '/home/user/dobot_ws/install/ariac_setup/share/ariac_setup/package.bash'
[2.200s] INFO:colcon.colcon_core.shell:Creating package script '/home/user/dobot_ws/install/ariac_setup/share/ariac_setup/package.zsh'
[2.200s] Level 1:colcon.colcon_core.environment:create_file_with_runtime_dependencies(/home/user/dobot_ws/install/ariac_setup/share/colcon-core/packages/ariac_setup)
[2.200s] Level 1:colcon.colcon_core.environment:create_environment_scripts_only(ros2_linkattacher)
[2.201s] Level 1:colcon.colcon_core.environment:checking '/home/user/dobot_ws/install/ros2_linkattacher' for CMake module files
[2.201s] Level 1:colcon.colcon_core.environment:checking '/home/user/dobot_ws/install/ros2_linkattacher' for CMake config files
[2.202s] DEBUG:colcon.colcon_core.event_handler.log_command:Invoked command in '/home/user/dobot_ws/build/ros2_linkattacher' returned '0': CMAKE_PREFIX_PATH=/home/user/dobot_ws/install/linkattacher_msgs:/home/user/dobot_ws/install/ros2_linkattacher:/home/user/dobot_ws/install/ariac_gz:/home/user/dobot_ws/install/onrobot_2fg7_description:/home/user/dobot_ws/install/cr7_moveit:/home/user/dobot_ws/install/dobot_rviz:/home/user/dobot_ws/install/cr_robot_ros2:/home/user/dobot_ws/install/dobot_msgs_v4:/home/user/dobot_ws/install/dobot_gazebo:/home/user/dobot_ws/install/dobot_demo_cpp:/home/user/dobot_ws/install/cra_description:/home/user/dobot_ws/install/ariac_setup:/home/user/dobot_ws/install/servo_action:/home/user/dobot_ws/install/dobot_moveit:/home/user/dobot_ws/install/dobot_demo:/opt/ros/humble LD_LIBRARY_PATH=/home/user/dobot_ws/install/linkattacher_msgs/lib:/home/user/dobot_ws/install/ros2_linkattacher/lib:/home/user/dobot_ws/install/dobot_msgs_v4/lib:/usr/lib/x86_64-linux-gnu/gazebo-11/plugins:/opt/ros/humble/opt/rviz_ogre_vendor/lib:/opt/ros/humble/lib/x86_64-linux-gnu:/opt/ros/humble/lib /usr/bin/cmake --install /home/user/dobot_ws/build/ros2_linkattacher
[2.202s] Level 1:colcon.colcon_core.shell:create_environment_hook('ros2_linkattacher', 'cmake_prefix_path')
[2.202s] INFO:colcon.colcon_core.shell:Creating environment hook '/home/user/dobot_ws/install/ros2_linkattacher/share/ros2_linkattacher/hook/cmake_prefix_path.ps1'
[2.202s] INFO:colcon.colcon_core.shell:Creating environment descriptor '/home/user/dobot_ws/install/ros2_linkattacher/share/ros2_linkattacher/hook/cmake_prefix_path.dsv'
[2.203s] INFO:colcon.colcon_core.shell:Creating environment hook '/home/user/dobot_ws/install/ros2_linkattacher/share/ros2_linkattacher/hook/cmake_prefix_path.sh'
[2.203s] Level 1:colcon.colcon_core.environment:checking '/home/user/dobot_ws/install/ros2_linkattacher/lib'
[2.203s] Level 1:colcon.colcon_core.shell:create_environment_hook('ros2_linkattacher', 'ld_library_path_lib')
[2.204s] INFO:colcon.colcon_core.shell:Creating environment hook '/home/user/dobot_ws/install/ros2_linkattacher/share/ros2_linkattacher/hook/ld_library_path_lib.ps1'
[2.204s] INFO:colcon.colcon_core.shell:Creating environment descriptor '/home/user/dobot_ws/install/ros2_linkattacher/share/ros2_linkattacher/hook/ld_library_path_lib.dsv'
[2.204s] INFO:colcon.colcon_core.shell:Creating environment hook '/home/user/dobot_ws/install/ros2_linkattacher/share/ros2_linkattacher/hook/ld_library_path_lib.sh'
[2.204s] Level 1:colcon.colcon_core.environment:checking '/home/user/dobot_ws/install/ros2_linkattacher/bin'
[2.204s] Level 1:colcon.colcon_core.environment:checking '/home/user/dobot_ws/install/ros2_linkattacher/lib/pkgconfig/ros2_linkattacher.pc'
[2.205s] Level 1:colcon.colcon_core.environment:checking '/home/user/dobot_ws/install/ros2_linkattacher/lib/python3.10/site-packages'
[2.205s] Level 1:colcon.colcon_core.environment:checking '/home/user/dobot_ws/install/ros2_linkattacher/bin'
[2.205s] INFO:colcon.colcon_core.shell:Creating package script '/home/user/dobot_ws/install/ros2_linkattacher/share/ros2_linkattacher/package.ps1'
[2.206s] INFO:colcon.colcon_core.shell:Creating package descriptor '/home/user/dobot_ws/install/ros2_linkattacher/share/ros2_linkattacher/package.dsv'
[2.206s] INFO:colcon.colcon_core.shell:Creating package script '/home/user/dobot_ws/install/ros2_linkattacher/share/ros2_linkattacher/package.sh'
[2.206s] INFO:colcon.colcon_core.shell:Creating package script '/home/user/dobot_ws/install/ros2_linkattacher/share/ros2_linkattacher/package.bash'
[2.206s] INFO:colcon.colcon_core.shell:Creating package script '/home/user/dobot_ws/install/ros2_linkattacher/share/ros2_linkattacher/package.zsh'
[2.207s] Level 1:colcon.colcon_core.environment:create_file_with_runtime_dependencies(/home/user/dobot_ws/install/ros2_linkattacher/share/colcon-core/packages/ros2_linkattacher)
[2.207s] Level 1:colcon.colcon_core.environment:create_environment_scripts_only(ros2_linkattacher)
[2.207s] Level 1:colcon.colcon_core.environment:checking '/home/user/dobot_ws/install/ros2_linkattacher' for CMake module files
[2.208s] Level 1:colcon.colcon_core.environment:checking '/home/user/dobot_ws/install/ros2_linkattacher' for CMake config files
[2.208s] Level 1:colcon.colcon_core.shell:create_environment_hook('ros2_linkattacher', 'cmake_prefix_path')
[2.208s] INFO:colcon.colcon_core.shell:Creating environment hook '/home/user/dobot_ws/install/ros2_linkattacher/share/ros2_linkattacher/hook/cmake_prefix_path.ps1'
[2.208s] INFO:colcon.colcon_core.shell:Creating environment descriptor '/home/user/dobot_ws/install/ros2_linkattacher/share/ros2_linkattacher/hook/cmake_prefix_path.dsv'
[2.209s] INFO:colcon.colcon_core.shell:Creating environment hook '/home/user/dobot_ws/install/ros2_linkattacher/share/ros2_linkattacher/hook/cmake_prefix_path.sh'
[2.209s] Level 1:colcon.colcon_core.environment:checking '/home/user/dobot_ws/install/ros2_linkattacher/lib'
[2.209s] Level 1:colcon.colcon_core.shell:create_environment_hook('ros2_linkattacher', 'ld_library_path_lib')
[2.209s] INFO:colcon.colcon_core.shell:Creating environment hook '/home/user/dobot_ws/install/ros2_linkattacher/share/ros2_linkattacher/hook/ld_library_path_lib.ps1'
[2.210s] INFO:colcon.colcon_core.shell:Creating environment descriptor '/home/user/dobot_ws/install/ros2_linkattacher/share/ros2_linkattacher/hook/ld_library_path_lib.dsv'
[2.210s] INFO:colcon.colcon_core.shell:Creating environment hook '/home/user/dobot_ws/install/ros2_linkattacher/share/ros2_linkattacher/hook/ld_library_path_lib.sh'
[2.210s] Level 1:colcon.colcon_core.environment:checking '/home/user/dobot_ws/install/ros2_linkattacher/bin'
[2.210s] Level 1:colcon.colcon_core.environment:checking '/home/user/dobot_ws/install/ros2_linkattacher/lib/pkgconfig/ros2_linkattacher.pc'
[2.210s] Level 1:colcon.colcon_core.environment:checking '/home/user/dobot_ws/install/ros2_linkattacher/lib/python3.10/site-packages'
[2.211s] Level 1:colcon.colcon_core.environment:checking '/home/user/dobot_ws/install/ros2_linkattacher/bin'
[2.211s] INFO:colcon.colcon_core.shell:Creating package script '/home/user/dobot_ws/install/ros2_linkattacher/share/ros2_linkattacher/package.ps1'
[2.211s] INFO:colcon.colcon_core.shell:Creating package descriptor '/home/user/dobot_ws/install/ros2_linkattacher/share/ros2_linkattacher/package.dsv'
[2.212s] INFO:colcon.colcon_core.shell:Creating package script '/home/user/dobot_ws/install/ros2_linkattacher/share/ros2_linkattacher/package.sh'
[2.212s] INFO:colcon.colcon_core.shell:Creating package script '/home/user/dobot_ws/install/ros2_linkattacher/share/ros2_linkattacher/package.bash'
[2.212s] INFO:colcon.colcon_core.shell:Creating package script '/home/user/dobot_ws/install/ros2_linkattacher/share/ros2_linkattacher/package.zsh'
[2.213s] Level 1:colcon.colcon_core.environment:create_file_with_runtime_dependencies(/home/user/dobot_ws/install/ros2_linkattacher/share/colcon-core/packages/ros2_linkattacher)
[2.214s] INFO:colcon.colcon_ros.task.ament_cmake.build:Building ROS package in '/home/user/dobot_ws/src/ARIAC/ariac_gz' with build type 'ament_cmake'
[2.214s] INFO:colcon.colcon_cmake.task.cmake.build:Building CMake package in '/home/user/dobot_ws/src/ARIAC/ariac_gz'
[2.214s] INFO:colcon.colcon_core.shell:Skip shell extension 'powershell' for command environment: Not usable outside of PowerShell
[2.214s] DEBUG:colcon.colcon_core.shell:Skip shell extension 'dsv' for command environment
[2.223s] Level 1:colcon.colcon_core.environment:checking '/home/user/dobot_ws/install/servo_action' for CMake module files
[2.224s] DEBUG:colcon.colcon_core.event_handler.log_command:Invoking command in '/home/user/dobot_ws/build/dobot_gazebo': CMAKE_PREFIX_PATH=/home/user/dobot_ws/install/cra_description:/home/user/dobot_ws/install/onrobot_2fg7_description:/home/user/dobot_ws/install/ros2_linkattacher:/home/user/dobot_ws/install/linkattacher_msgs:/home/user/dobot_ws/install/ariac_gz:/home/user/dobot_ws/install/cr7_moveit:/home/user/dobot_ws/install/dobot_rviz:/home/user/dobot_ws/install/cr_robot_ros2:/home/user/dobot_ws/install/dobot_msgs_v4:/home/user/dobot_ws/install/dobot_gazebo:/home/user/dobot_ws/install/dobot_demo_cpp:/home/user/dobot_ws/install/ariac_setup:/home/user/dobot_ws/install/servo_action:/home/user/dobot_ws/install/dobot_moveit:/home/user/dobot_ws/install/dobot_demo:/opt/ros/humble /usr/bin/cmake --build /home/user/dobot_ws/build/dobot_gazebo -- -j16 -l16
[2.224s] Level 1:colcon.colcon_core.environment:checking '/home/user/dobot_ws/install/servo_action' for CMake config files
[2.224s] DEBUG:colcon.colcon_core.event_handler.log_command:Invoked command in '/home/user/dobot_ws/src/DOBOT_6Axis_ROS2_V4/servo_action' returned '0': PYTHONPATH=/home/user/dobot_ws/build/servo_action/prefix_override:/usr/lib/python3/dist-packages/colcon_core/task/python/colcon_distutils_commands:/home/user/dobot_ws/install/servo_action/lib/python3.10/site-packages:${PYTHONPATH} /usr/bin/python3 -W ignore:setup.py install is deprecated -W ignore:easy_install command is deprecated setup.py egg_info --egg-base ../../../build/servo_action build --build-base /home/user/dobot_ws/build/servo_action/build install --record /home/user/dobot_ws/build/servo_action/install.log --single-version-externally-managed install_data
[2.225s] Level 1:colcon.colcon_core.environment:checking '/home/user/dobot_ws/install/servo_action/lib'
[2.225s] Level 1:colcon.colcon_core.environment:checking '/home/user/dobot_ws/install/servo_action/bin'
[2.225s] Level 1:colcon.colcon_core.environment:checking '/home/user/dobot_ws/install/servo_action/lib/pkgconfig/servo_action.pc'
[2.225s] Level 1:colcon.colcon_core.environment:checking '/home/user/dobot_ws/install/servo_action/lib/python3.10/site-packages'
[2.226s] Level 1:colcon.colcon_core.shell:create_environment_hook('servo_action', 'pythonpath')
[2.226s] INFO:colcon.colcon_core.shell:Creating environment hook '/home/user/dobot_ws/install/servo_action/share/servo_action/hook/pythonpath.ps1'
[2.226s] INFO:colcon.colcon_core.shell:Creating environment descriptor '/home/user/dobot_ws/install/servo_action/share/servo_action/hook/pythonpath.dsv'
[2.227s] INFO:colcon.colcon_core.shell:Creating environment hook '/home/user/dobot_ws/install/servo_action/share/servo_action/hook/pythonpath.sh'
[2.228s] Level 1:colcon.colcon_core.environment:checking '/home/user/dobot_ws/install/servo_action/bin'
[2.228s] Level 1:colcon.colcon_core.environment:create_environment_scripts_only(servo_action)
[2.228s] INFO:colcon.colcon_core.shell:Creating package script '/home/user/dobot_ws/install/servo_action/share/servo_action/package.ps1'
[2.229s] INFO:colcon.colcon_core.shell:Creating package descriptor '/home/user/dobot_ws/install/servo_action/share/servo_action/package.dsv'
[2.230s] INFO:colcon.colcon_core.shell:Creating package script '/home/user/dobot_ws/install/servo_action/share/servo_action/package.sh'
[2.230s] INFO:colcon.colcon_core.shell:Creating package script '/home/user/dobot_ws/install/servo_action/share/servo_action/package.bash'
[2.230s] INFO:colcon.colcon_core.shell:Creating package script '/home/user/dobot_ws/install/servo_action/share/servo_action/package.zsh'
[2.231s] Level 1:colcon.colcon_core.environment:create_file_with_runtime_dependencies(/home/user/dobot_ws/install/servo_action/share/colcon-core/packages/servo_action)
[2.231s] Level 1:colcon.colcon_core.environment:create_environment_scripts_only(cr_robot_ros2)
[2.232s] Level 1:colcon.colcon_core.environment:checking '/home/user/dobot_ws/install/cr_robot_ros2' for CMake module files
[2.233s] DEBUG:colcon.colcon_core.event_handler.log_command:Invoked command in '/home/user/dobot_ws/build/cr_robot_ros2' returned '0': CMAKE_PREFIX_PATH=/home/user/dobot_ws/install/dobot_msgs_v4:/home/user/dobot_ws/install/ros2_linkattacher:/home/user/dobot_ws/install/linkattacher_msgs:/home/user/dobot_ws/install/ariac_gz:/home/user/dobot_ws/install/onrobot_2fg7_description:/home/user/dobot_ws/install/cr7_moveit:/home/user/dobot_ws/install/dobot_rviz:/home/user/dobot_ws/install/cr_robot_ros2:/home/user/dobot_ws/install/dobot_gazebo:/home/user/dobot_ws/install/dobot_demo_cpp:/home/user/dobot_ws/install/cra_description:/home/user/dobot_ws/install/ariac_setup:/home/user/dobot_ws/install/servo_action:/home/user/dobot_ws/install/dobot_moveit:/home/user/dobot_ws/install/dobot_demo:/opt/ros/humble LD_LIBRARY_PATH=/home/user/dobot_ws/install/dobot_msgs_v4/lib:/home/user/dobot_ws/install/ros2_linkattacher/lib:/home/user/dobot_ws/install/linkattacher_msgs/lib:/usr/lib/x86_64-linux-gnu/gazebo-11/plugins:/opt/ros/humble/opt/rviz_ogre_vendor/lib:/opt/ros/humble/lib/x86_64-linux-gnu:/opt/ros/humble/lib /usr/bin/cmake --install /home/user/dobot_ws/build/cr_robot_ros2
[2.233s] Level 1:colcon.colcon_core.environment:checking '/home/user/dobot_ws/install/cr_robot_ros2' for CMake config files
[2.233s] Level 1:colcon.colcon_core.shell:create_environment_hook('cr_robot_ros2', 'cmake_prefix_path')
[2.234s] INFO:colcon.colcon_core.shell:Creating environment hook '/home/user/dobot_ws/install/cr_robot_ros2/share/cr_robot_ros2/hook/cmake_prefix_path.ps1'
[2.234s] INFO:colcon.colcon_core.shell:Creating environment descriptor '/home/user/dobot_ws/install/cr_robot_ros2/share/cr_robot_ros2/hook/cmake_prefix_path.dsv'
[2.234s] INFO:colcon.colcon_core.shell:Creating environment hook '/home/user/dobot_ws/install/cr_robot_ros2/share/cr_robot_ros2/hook/cmake_prefix_path.sh'
[2.235s] Level 1:colcon.colcon_core.environment:checking '/home/user/dobot_ws/install/cr_robot_ros2/lib'
[2.235s] Level 1:colcon.colcon_core.environment:checking '/home/user/dobot_ws/install/cr_robot_ros2/bin'
[2.235s] Level 1:colcon.colcon_core.environment:checking '/home/user/dobot_ws/install/cr_robot_ros2/lib/pkgconfig/cr_robot_ros2.pc'
[2.235s] Level 1:colcon.colcon_core.environment:checking '/home/user/dobot_ws/install/cr_robot_ros2/lib/python3.10/site-packages'
[2.235s] Level 1:colcon.colcon_core.environment:checking '/home/user/dobot_ws/install/cr_robot_ros2/bin'
[2.236s] INFO:colcon.colcon_core.shell:Creating package script '/home/user/dobot_ws/install/cr_robot_ros2/share/cr_robot_ros2/package.ps1'
[2.236s] INFO:colcon.colcon_core.shell:Creating package descriptor '/home/user/dobot_ws/install/cr_robot_ros2/share/cr_robot_ros2/package.dsv'
[2.237s] INFO:colcon.colcon_core.shell:Creating package script '/home/user/dobot_ws/install/cr_robot_ros2/share/cr_robot_ros2/package.sh'
[2.237s] INFO:colcon.colcon_core.shell:Creating package script '/home/user/dobot_ws/install/cr_robot_ros2/share/cr_robot_ros2/package.bash'
[2.238s] INFO:colcon.colcon_core.shell:Creating package script '/home/user/dobot_ws/install/cr_robot_ros2/share/cr_robot_ros2/package.zsh'
[2.238s] Level 1:colcon.colcon_core.environment:create_file_with_runtime_dependencies(/home/user/dobot_ws/install/cr_robot_ros2/share/colcon-core/packages/cr_robot_ros2)
[2.238s] Level 1:colcon.colcon_core.environment:create_environment_scripts_only(cr_robot_ros2)
[2.238s] Level 1:colcon.colcon_core.environment:checking '/home/user/dobot_ws/install/cr_robot_ros2' for CMake module files
[2.239s] Level 1:colcon.colcon_core.environment:checking '/home/user/dobot_ws/install/cr_robot_ros2' for CMake config files
[2.239s] Level 1:colcon.colcon_core.shell:create_environment_hook('cr_robot_ros2', 'cmake_prefix_path')
[2.239s] INFO:colcon.colcon_core.shell:Creating environment hook '/home/user/dobot_ws/install/cr_robot_ros2/share/cr_robot_ros2/hook/cmake_prefix_path.ps1'
[2.240s] INFO:colcon.colcon_core.shell:Creating environment descriptor '/home/user/dobot_ws/install/cr_robot_ros2/share/cr_robot_ros2/hook/cmake_prefix_path.dsv'
[2.240s] INFO:colcon.colcon_core.shell:Creating environment hook '/home/user/dobot_ws/install/cr_robot_ros2/share/cr_robot_ros2/hook/cmake_prefix_path.sh'
[2.240s] Level 1:colcon.colcon_core.environment:checking '/home/user/dobot_ws/install/cr_robot_ros2/lib'
[2.240s] Level 1:colcon.colcon_core.environment:checking '/home/user/dobot_ws/install/cr_robot_ros2/bin'
[2.240s] Level 1:colcon.colcon_core.environment:checking '/home/user/dobot_ws/install/cr_robot_ros2/lib/pkgconfig/cr_robot_ros2.pc'
[2.241s] Level 1:colcon.colcon_core.environment:checking '/home/user/dobot_ws/install/cr_robot_ros2/lib/python3.10/site-packages'
[2.241s] Level 1:colcon.colcon_core.environment:checking '/home/user/dobot_ws/install/cr_robot_ros2/bin'
[2.241s] INFO:colcon.colcon_core.shell:Creating package script '/home/user/dobot_ws/install/cr_robot_ros2/share/cr_robot_ros2/package.ps1'
[2.242s] INFO:colcon.colcon_core.shell:Creating package descriptor '/home/user/dobot_ws/install/cr_robot_ros2/share/cr_robot_ros2/package.dsv'
[2.242s] INFO:colcon.colcon_core.shell:Creating package script '/home/user/dobot_ws/install/cr_robot_ros2/share/cr_robot_ros2/package.sh'
[2.242s] INFO:colcon.colcon_core.shell:Creating package script '/home/user/dobot_ws/install/cr_robot_ros2/share/cr_robot_ros2/package.bash'
[2.243s] INFO:colcon.colcon_core.shell:Creating package script '/home/user/dobot_ws/install/cr_robot_ros2/share/cr_robot_ros2/package.zsh'
[2.243s] Level 1:colcon.colcon_core.environment:create_file_with_runtime_dependencies(/home/user/dobot_ws/install/cr_robot_ros2/share/colcon-core/packages/cr_robot_ros2)
[2.246s] DEBUG:colcon.colcon_core.event_handler.log_command:Invoking command in '/home/user/dobot_ws/build/ariac_gz': AMENT_PREFIX_PATH=/home/user/dobot_ws/install/ariac_setup:/home/user/dobot_ws/install/ros2_linkattacher:/home/user/dobot_ws/install/linkattacher_msgs:/home/user/dobot_ws/install/ariac_gz:/home/user/dobot_ws/install/onrobot_2fg7_description:/home/user/dobot_ws/install/servo_action:/home/user/dobot_ws/install/cr7_moveit:/home/user/dobot_ws/install/dobot_rviz:/home/user/dobot_ws/install/cr_robot_ros2:/home/user/dobot_ws/install/dobot_msgs_v4:/home/user/dobot_ws/install/dobot_moveit:/home/user/dobot_ws/install/dobot_gazebo:/home/user/dobot_ws/install/dobot_demo_cpp:/home/user/dobot_ws/install/dobot_demo:/home/user/dobot_ws/install/cra_description:/opt/ros/humble CMAKE_PREFIX_PATH=${CMAKE_PREFIX_PATH}:/home/user/dobot_ws/install/ariac_setup:/home/user/dobot_ws/install/servo_action:/home/user/dobot_ws/install/dobot_moveit:/home/user/dobot_ws/install/dobot_demo:/opt/ros/humble PYTHONPATH=/home/user/dobot_ws/install/ariac_setup/lib/python3.10/site-packages:/home/user/dobot_ws/install/linkattacher_msgs/local/lib/python3.10/dist-packages:/home/user/dobot_ws/build/servo_action:/home/user/dobot_ws/install/servo_action/lib/python3.10/site-packages:/home/user/dobot_ws/install/dobot_msgs_v4/local/lib/python3.10/dist-packages:/home/user/dobot_ws/build/dobot_moveit:/home/user/dobot_ws/install/dobot_moveit/lib/python3.10/site-packages:/home/user/dobot_ws/build/dobot_demo:/home/user/dobot_ws/install/dobot_demo/lib/python3.10/site-packages:/opt/ros/humble/lib/python3.10/site-packages:/opt/ros/humble/local/lib/python3.10/dist-packages /usr/bin/cmake --build /home/user/dobot_ws/build/ariac_gz -- -j16 -l16
[2.253s] DEBUG:colcon.colcon_core.event_handler.log_command:Invoked command in '/home/user/dobot_ws/build/dobot_gazebo' returned '0': CMAKE_PREFIX_PATH=/home/user/dobot_ws/install/cra_description:/home/user/dobot_ws/install/onrobot_2fg7_description:/home/user/dobot_ws/install/ros2_linkattacher:/home/user/dobot_ws/install/linkattacher_msgs:/home/user/dobot_ws/install/ariac_gz:/home/user/dobot_ws/install/cr7_moveit:/home/user/dobot_ws/install/dobot_rviz:/home/user/dobot_ws/install/cr_robot_ros2:/home/user/dobot_ws/install/dobot_msgs_v4:/home/user/dobot_ws/install/dobot_gazebo:/home/user/dobot_ws/install/dobot_demo_cpp:/home/user/dobot_ws/install/ariac_setup:/home/user/dobot_ws/install/servo_action:/home/user/dobot_ws/install/dobot_moveit:/home/user/dobot_ws/install/dobot_demo:/opt/ros/humble /usr/bin/cmake --build /home/user/dobot_ws/build/dobot_gazebo -- -j16 -l16
[2.255s] DEBUG:colcon.colcon_core.event_handler.log_command:Invoking command in '/home/user/dobot_ws/build/dobot_gazebo': CMAKE_PREFIX_PATH=/home/user/dobot_ws/install/cra_description:/home/user/dobot_ws/install/onrobot_2fg7_description:/home/user/dobot_ws/install/ros2_linkattacher:/home/user/dobot_ws/install/linkattacher_msgs:/home/user/dobot_ws/install/ariac_gz:/home/user/dobot_ws/install/cr7_moveit:/home/user/dobot_ws/install/dobot_rviz:/home/user/dobot_ws/install/cr_robot_ros2:/home/user/dobot_ws/install/dobot_msgs_v4:/home/user/dobot_ws/install/dobot_gazebo:/home/user/dobot_ws/install/dobot_demo_cpp:/home/user/dobot_ws/install/ariac_setup:/home/user/dobot_ws/install/servo_action:/home/user/dobot_ws/install/dobot_moveit:/home/user/dobot_ws/install/dobot_demo:/opt/ros/humble /usr/bin/cmake --install /home/user/dobot_ws/build/dobot_gazebo
[2.262s] Level 1:colcon.colcon_core.environment:create_environment_scripts_only(dobot_gazebo)
[2.263s] Level 1:colcon.colcon_core.environment:checking '/home/user/dobot_ws/install/dobot_gazebo' for CMake module files
[2.264s] Level 1:colcon.colcon_core.environment:checking '/home/user/dobot_ws/install/dobot_gazebo' for CMake config files
[2.265s] DEBUG:colcon.colcon_core.event_handler.log_command:Invoked command in '/home/user/dobot_ws/build/dobot_gazebo' returned '0': CMAKE_PREFIX_PATH=/home/user/dobot_ws/install/cra_description:/home/user/dobot_ws/install/onrobot_2fg7_description:/home/user/dobot_ws/install/ros2_linkattacher:/home/user/dobot_ws/install/linkattacher_msgs:/home/user/dobot_ws/install/ariac_gz:/home/user/dobot_ws/install/cr7_moveit:/home/user/dobot_ws/install/dobot_rviz:/home/user/dobot_ws/install/cr_robot_ros2:/home/user/dobot_ws/install/dobot_msgs_v4:/home/user/dobot_ws/install/dobot_gazebo:/home/user/dobot_ws/install/dobot_demo_cpp:/home/user/dobot_ws/install/ariac_setup:/home/user/dobot_ws/install/servo_action:/home/user/dobot_ws/install/dobot_moveit:/home/user/dobot_ws/install/dobot_demo:/opt/ros/humble /usr/bin/cmake --install /home/user/dobot_ws/build/dobot_gazebo
[2.265s] Level 1:colcon.colcon_core.shell:create_environment_hook('dobot_gazebo', 'cmake_prefix_path')
[2.265s] INFO:colcon.colcon_core.shell:Creating environment hook '/home/user/dobot_ws/install/dobot_gazebo/share/dobot_gazebo/hook/cmake_prefix_path.ps1'
[2.266s] INFO:colcon.colcon_core.shell:Creating environment descriptor '/home/user/dobot_ws/install/dobot_gazebo/share/dobot_gazebo/hook/cmake_prefix_path.dsv'
[2.266s] INFO:colcon.colcon_core.shell:Creating environment hook '/home/user/dobot_ws/install/dobot_gazebo/share/dobot_gazebo/hook/cmake_prefix_path.sh'
[2.267s] Level 1:colcon.colcon_core.environment:checking '/home/user/dobot_ws/install/dobot_gazebo/bin'
[2.267s] Level 1:colcon.colcon_core.environment:checking '/home/user/dobot_ws/install/dobot_gazebo/lib/pkgconfig/dobot_gazebo.pc'
[2.267s] Level 1:colcon.colcon_core.environment:checking '/home/user/dobot_ws/install/dobot_gazebo/lib/python3.10/site-packages'
[2.268s] Level 1:colcon.colcon_core.environment:checking '/home/user/dobot_ws/install/dobot_gazebo/bin'
[2.268s] INFO:colcon.colcon_core.shell:Creating package script '/home/user/dobot_ws/install/dobot_gazebo/share/dobot_gazebo/package.ps1'
[2.269s] INFO:colcon.colcon_core.shell:Creating package descriptor '/home/user/dobot_ws/install/dobot_gazebo/share/dobot_gazebo/package.dsv'
[2.270s] INFO:colcon.colcon_core.shell:Creating package script '/home/user/dobot_ws/install/dobot_gazebo/share/dobot_gazebo/package.sh'
[2.271s] INFO:colcon.colcon_core.shell:Creating package script '/home/user/dobot_ws/install/dobot_gazebo/share/dobot_gazebo/package.bash'
[2.272s] INFO:colcon.colcon_core.shell:Creating package script '/home/user/dobot_ws/install/dobot_gazebo/share/dobot_gazebo/package.zsh'
[2.273s] Level 1:colcon.colcon_core.environment:create_file_with_runtime_dependencies(/home/user/dobot_ws/install/dobot_gazebo/share/colcon-core/packages/dobot_gazebo)
[2.273s] Level 1:colcon.colcon_core.environment:create_environment_scripts_only(dobot_gazebo)
[2.273s] Level 1:colcon.colcon_core.environment:checking '/home/user/dobot_ws/install/dobot_gazebo' for CMake module files
[2.274s] Level 1:colcon.colcon_core.environment:checking '/home/user/dobot_ws/install/dobot_gazebo' for CMake config files
[2.274s] Level 1:colcon.colcon_core.shell:create_environment_hook('dobot_gazebo', 'cmake_prefix_path')
[2.275s] INFO:colcon.colcon_core.shell:Creating environment hook '/home/user/dobot_ws/install/dobot_gazebo/share/dobot_gazebo/hook/cmake_prefix_path.ps1'
[2.275s] INFO:colcon.colcon_core.shell:Creating environment descriptor '/home/user/dobot_ws/install/dobot_gazebo/share/dobot_gazebo/hook/cmake_prefix_path.dsv'
[2.275s] INFO:colcon.colcon_core.shell:Creating environment hook '/home/user/dobot_ws/install/dobot_gazebo/share/dobot_gazebo/hook/cmake_prefix_path.sh'
[2.276s] Level 1:colcon.colcon_core.environment:checking '/home/user/dobot_ws/install/dobot_gazebo/bin'
[2.276s] Level 1:colcon.colcon_core.environment:checking '/home/user/dobot_ws/install/dobot_gazebo/lib/pkgconfig/dobot_gazebo.pc'
[2.276s] Level 1:colcon.colcon_core.environment:checking '/home/user/dobot_ws/install/dobot_gazebo/lib/python3.10/site-packages'
[2.277s] Level 1:colcon.colcon_core.environment:checking '/home/user/dobot_ws/install/dobot_gazebo/bin'
[2.277s] INFO:colcon.colcon_core.shell:Creating package script '/home/user/dobot_ws/install/dobot_gazebo/share/dobot_gazebo/package.ps1'
[2.278s] INFO:colcon.colcon_core.shell:Creating package descriptor '/home/user/dobot_ws/install/dobot_gazebo/share/dobot_gazebo/package.dsv'
[2.279s] INFO:colcon.colcon_core.shell:Creating package script '/home/user/dobot_ws/install/dobot_gazebo/share/dobot_gazebo/package.sh'
[2.279s] INFO:colcon.colcon_core.shell:Creating package script '/home/user/dobot_ws/install/dobot_gazebo/share/dobot_gazebo/package.bash'
[2.279s] INFO:colcon.colcon_core.shell:Creating package script '/home/user/dobot_ws/install/dobot_gazebo/share/dobot_gazebo/package.zsh'
[2.280s] Level 1:colcon.colcon_core.environment:create_file_with_runtime_dependencies(/home/user/dobot_ws/install/dobot_gazebo/share/colcon-core/packages/dobot_gazebo)
[2.282s] DEBUG:colcon.colcon_core.event_handler.log_command:Invoked command in '/home/user/dobot_ws/build/ariac_plugins' returned '1': AMENT_PREFIX_PATH=/home/user/dobot_ws/install/ariac_interfaces:${AMENT_PREFIX_PATH} CMAKE_PREFIX_PATH=/home/user/dobot_ws/install/ariac_interfaces:/home/user/dobot_ws/install/ros2_linkattacher:/home/user/dobot_ws/install/linkattacher_msgs:/home/user/dobot_ws/install/ariac_gz:/home/user/dobot_ws/install/onrobot_2fg7_description:/home/user/dobot_ws/install/cr7_moveit:/home/user/dobot_ws/install/dobot_rviz:/home/user/dobot_ws/install/cr_robot_ros2:/home/user/dobot_ws/install/dobot_msgs_v4:/home/user/dobot_ws/install/dobot_gazebo:/home/user/dobot_ws/install/dobot_demo_cpp:/home/user/dobot_ws/install/cra_description:/home/user/dobot_ws/install/ariac_setup:/home/user/dobot_ws/install/servo_action:/home/user/dobot_ws/install/dobot_moveit:/home/user/dobot_ws/install/dobot_demo:/opt/ros/humble LD_LIBRARY_PATH=/home/user/dobot_ws/install/ariac_interfaces/lib:${LD_LIBRARY_PATH} PYTHONPATH=/home/user/dobot_ws/install/ariac_interfaces/local/lib/python3.10/dist-packages:${PYTHONPATH} /usr/bin/cmake /home/user/dobot_ws/src/ARIAC/ariac_plugins -DCMAKE_INSTALL_PREFIX=/home/user/dobot_ws/install/ariac_plugins
[2.283s] DEBUG:colcon.colcon_core.event_handler.log_command:Invoked command in '/home/user/dobot_ws/build/ariac_gz' returned '0': AMENT_PREFIX_PATH=/home/user/dobot_ws/install/ariac_setup:/home/user/dobot_ws/install/ros2_linkattacher:/home/user/dobot_ws/install/linkattacher_msgs:/home/user/dobot_ws/install/ariac_gz:/home/user/dobot_ws/install/onrobot_2fg7_description:/home/user/dobot_ws/install/servo_action:/home/user/dobot_ws/install/cr7_moveit:/home/user/dobot_ws/install/dobot_rviz:/home/user/dobot_ws/install/cr_robot_ros2:/home/user/dobot_ws/install/dobot_msgs_v4:/home/user/dobot_ws/install/dobot_moveit:/home/user/dobot_ws/install/dobot_gazebo:/home/user/dobot_ws/install/dobot_demo_cpp:/home/user/dobot_ws/install/dobot_demo:/home/user/dobot_ws/install/cra_description:/opt/ros/humble CMAKE_PREFIX_PATH=${CMAKE_PREFIX_PATH}:/home/user/dobot_ws/install/ariac_setup:/home/user/dobot_ws/install/servo_action:/home/user/dobot_ws/install/dobot_moveit:/home/user/dobot_ws/install/dobot_demo:/opt/ros/humble PYTHONPATH=/home/user/dobot_ws/install/ariac_setup/lib/python3.10/site-packages:/home/user/dobot_ws/install/linkattacher_msgs/local/lib/python3.10/dist-packages:/home/user/dobot_ws/build/servo_action:/home/user/dobot_ws/install/servo_action/lib/python3.10/site-packages:/home/user/dobot_ws/install/dobot_msgs_v4/local/lib/python3.10/dist-packages:/home/user/dobot_ws/build/dobot_moveit:/home/user/dobot_ws/install/dobot_moveit/lib/python3.10/site-packages:/home/user/dobot_ws/build/dobot_demo:/home/user/dobot_ws/install/dobot_demo/lib/python3.10/site-packages:/opt/ros/humble/lib/python3.10/site-packages:/opt/ros/humble/local/lib/python3.10/dist-packages /usr/bin/cmake --build /home/user/dobot_ws/build/ariac_gz -- -j16 -l16
[2.285s] DEBUG:colcon.colcon_core.event_handler.log_command:Invoking command in '/home/user/dobot_ws/build/ariac_gz': AMENT_PREFIX_PATH=/home/user/dobot_ws/install/ariac_setup:/home/user/dobot_ws/install/ros2_linkattacher:/home/user/dobot_ws/install/linkattacher_msgs:/home/user/dobot_ws/install/ariac_gz:/home/user/dobot_ws/install/onrobot_2fg7_description:/home/user/dobot_ws/install/servo_action:/home/user/dobot_ws/install/cr7_moveit:/home/user/dobot_ws/install/dobot_rviz:/home/user/dobot_ws/install/cr_robot_ros2:/home/user/dobot_ws/install/dobot_msgs_v4:/home/user/dobot_ws/install/dobot_moveit:/home/user/dobot_ws/install/dobot_gazebo:/home/user/dobot_ws/install/dobot_demo_cpp:/home/user/dobot_ws/install/dobot_demo:/home/user/dobot_ws/install/cra_description:/opt/ros/humble CMAKE_PREFIX_PATH=${CMAKE_PREFIX_PATH}:/home/user/dobot_ws/install/ariac_setup:/home/user/dobot_ws/install/servo_action:/home/user/dobot_ws/install/dobot_moveit:/home/user/dobot_ws/install/dobot_demo:/opt/ros/humble PYTHONPATH=/home/user/dobot_ws/install/ariac_setup/lib/python3.10/site-packages:/home/user/dobot_ws/install/linkattacher_msgs/local/lib/python3.10/dist-packages:/home/user/dobot_ws/build/servo_action:/home/user/dobot_ws/install/servo_action/lib/python3.10/site-packages:/home/user/dobot_ws/install/dobot_msgs_v4/local/lib/python3.10/dist-packages:/home/user/dobot_ws/build/dobot_moveit:/home/user/dobot_ws/install/dobot_moveit/lib/python3.10/site-packages:/home/user/dobot_ws/build/dobot_demo:/home/user/dobot_ws/install/dobot_demo/lib/python3.10/site-packages:/opt/ros/humble/lib/python3.10/site-packages:/opt/ros/humble/local/lib/python3.10/dist-packages /usr/bin/cmake --install /home/user/dobot_ws/build/ariac_gz
[2.291s] Level 1:colcon.colcon_core.environment:create_environment_scripts_only(ariac_plugins)
[2.292s] Level 1:colcon.colcon_core.environment:checking '/home/user/dobot_ws/install/ariac_plugins' for CMake module files
[2.293s] Level 1:colcon.colcon_core.environment:checking '/home/user/dobot_ws/install/ariac_plugins' for CMake config files
[2.294s] Level 1:colcon.colcon_core.environment:checking '/home/user/dobot_ws/install/ariac_plugins/bin'
[2.294s] Level 1:colcon.colcon_core.environment:checking '/home/user/dobot_ws/install/ariac_plugins/lib/pkgconfig/ariac_plugins.pc'
[2.294s] Level 1:colcon.colcon_core.environment:checking '/home/user/dobot_ws/install/ariac_plugins/lib/python3.10/site-packages'
[2.295s] Level 1:colcon.colcon_core.environment:checking '/home/user/dobot_ws/install/ariac_plugins/bin'
[2.295s] INFO:colcon.colcon_core.shell:Creating package script '/home/user/dobot_ws/install/ariac_plugins/share/ariac_plugins/package.ps1'
[2.297s] INFO:colcon.colcon_core.shell:Creating package descriptor '/home/user/dobot_ws/install/ariac_plugins/share/ariac_plugins/package.dsv'
[2.297s] INFO:colcon.colcon_core.shell:Creating package script '/home/user/dobot_ws/install/ariac_plugins/share/ariac_plugins/package.sh'
[2.298s] INFO:colcon.colcon_core.shell:Creating package script '/home/user/dobot_ws/install/ariac_plugins/share/ariac_plugins/package.bash'
[2.301s] INFO:colcon.colcon_core.shell:Creating package script '/home/user/dobot_ws/install/ariac_plugins/share/ariac_plugins/package.zsh'
[2.302s] Level 1:colcon.colcon_core.environment:create_file_with_runtime_dependencies(/home/user/dobot_ws/install/ariac_plugins/share/colcon-core/packages/ariac_plugins)
[4.824s] DEBUG:colcon.colcon_parallel_executor.executor.parallel:closing loop
[4.824s] DEBUG:colcon.colcon_parallel_executor.executor.parallel:loop closed
[4.824s] DEBUG:colcon.colcon_parallel_executor.executor.parallel:run_until_complete finished with '1'
[4.824s] DEBUG:colcon.colcon_core.event_reactor:joining thread
[4.825s] DEBUG:colcon.colcon_core.event_reactor:joined thread
[4.825s] INFO:colcon.colcon_core.shell:Creating prefix script '/home/user/dobot_ws/install/local_setup.ps1'
[4.826s] INFO:colcon.colcon_core.shell:Creating prefix util module '/home/user/dobot_ws/install/_local_setup_util_ps1.py'
[4.827s] INFO:colcon.colcon_core.shell:Creating prefix chain script '/home/user/dobot_ws/install/setup.ps1'
[4.829s] INFO:colcon.colcon_core.shell:Creating prefix script '/home/user/dobot_ws/install/local_setup.sh'
[4.829s] INFO:colcon.colcon_core.shell:Creating prefix util module '/home/user/dobot_ws/install/_local_setup_util_sh.py'
[4.829s] INFO:colcon.colcon_core.shell:Creating prefix chain script '/home/user/dobot_ws/install/setup.sh'
[4.831s] INFO:colcon.colcon_core.shell:Creating prefix script '/home/user/dobot_ws/install/local_setup.bash'
[4.831s] INFO:colcon.colcon_core.shell:Creating prefix chain script '/home/user/dobot_ws/install/setup.bash'
[4.832s] INFO:colcon.colcon_core.shell:Creating prefix script '/home/user/dobot_ws/install/local_setup.zsh'
[4.832s] INFO:colcon.colcon_core.shell:Creating prefix chain script '/home/user/dobot_ws/install/setup.zsh'
