[0.082s] DEBUG:colcon:Command line arguments: ['/usr/bin/colcon', 'build']
[0.082s] DEBUG:colcon:Parsed command line arguments: Namespace(log_base=None, log_level=None, verb_name='build', build_base='build', install_base='install', merge_install=False, symlink_install=False, test_result_base=None, continue_on_error=False, executor='parallel', parallel_workers=16, event_handlers=None, ignore_user_meta=False, metas=['./colcon.meta'], base_paths=['.'], packages_ignore=None, packages_ignore_regex=None, paths=None, packages_up_to=None, packages_up_to_regex=None, packages_above=None, packages_above_and_dependencies=None, packages_above_depth=None, packages_select_by_dep=None, packages_skip_by_dep=None, packages_skip_up_to=None, packages_select_build_failed=False, packages_skip_build_finished=False, packages_select_test_failures=False, packages_skip_test_passed=False, packages_select=None, packages_skip=None, packages_select_regex=None, packages_skip_regex=None, packages_start=None, packages_end=None, allow_overriding=[], cmake_args=None, cmake_target=None, cmake_target_skip_unavailable=False, cmake_clean_cache=False, cmake_clean_first=False, cmake_force_configure=False, ament_cmake_args=None, catkin_cmake_args=None, catkin_skip_building_tests=False, verb_parser=<colcon_defaults.argument_parser.defaults.DefaultArgumentsDecorator object at 0x71d3ebb174c0>, verb_extension=<colcon_core.verb.build.BuildVerb object at 0x71d3ebb16f80>, main=<bound method BuildVerb.main of <colcon_core.verb.build.BuildVerb object at 0x71d3ebb16f80>>)
[0.191s] Level 1:colcon.colcon_core.package_discovery:discover_packages(colcon_meta) check parameters
[0.191s] Level 1:colcon.colcon_core.package_discovery:discover_packages(recursive) check parameters
[0.191s] Level 1:colcon.colcon_core.package_discovery:discover_packages(ignore) check parameters
[0.191s] Level 1:colcon.colcon_core.package_discovery:discover_packages(path) check parameters
[0.191s] Level 1:colcon.colcon_core.package_discovery:discover_packages(colcon_meta) discover
[0.191s] Level 1:colcon.colcon_core.package_discovery:discover_packages(recursive) discover
[0.191s] INFO:colcon.colcon_core.package_discovery:Crawling recursively for packages in '/home/user/dobot_ws'
[0.191s] Level 1:colcon.colcon_core.package_identification:_identify(.) by extensions ['ignore', 'ignore_ament_install']
[0.191s] Level 1:colcon.colcon_core.package_identification:_identify(.) by extension 'ignore'
[0.191s] Level 1:colcon.colcon_core.package_identification:_identify(.) by extension 'ignore_ament_install'
[0.191s] Level 1:colcon.colcon_core.package_identification:_identify(.) by extensions ['colcon_pkg']
[0.191s] Level 1:colcon.colcon_core.package_identification:_identify(.) by extension 'colcon_pkg'
[0.191s] Level 1:colcon.colcon_core.package_identification:_identify(.) by extensions ['colcon_meta']
[0.191s] Level 1:colcon.colcon_core.package_identification:_identify(.) by extension 'colcon_meta'
[0.191s] Level 1:colcon.colcon_core.package_identification:_identify(.) by extensions ['ros']
[0.192s] Level 1:colcon.colcon_core.package_identification:_identify(.) by extension 'ros'
[0.200s] Level 1:colcon.colcon_core.package_identification:_identify(.) by extensions ['cmake', 'python']
[0.200s] Level 1:colcon.colcon_core.package_identification:_identify(.) by extension 'cmake'
[0.200s] Level 1:colcon.colcon_core.package_identification:_identify(.) by extension 'python'
[0.200s] Level 1:colcon.colcon_core.package_identification:_identify(.) by extensions ['python_setup_py']
[0.200s] Level 1:colcon.colcon_core.package_identification:_identify(.) by extension 'python_setup_py'
[0.200s] Level 1:colcon.colcon_core.package_identification:_identify(build) by extensions ['ignore', 'ignore_ament_install']
[0.200s] Level 1:colcon.colcon_core.package_identification:_identify(build) by extension 'ignore'
[0.200s] Level 1:colcon.colcon_core.package_identification:_identify(build) ignored
[0.200s] Level 1:colcon.colcon_core.package_identification:_identify(install) by extensions ['ignore', 'ignore_ament_install']
[0.201s] Level 1:colcon.colcon_core.package_identification:_identify(install) by extension 'ignore'
[0.201s] Level 1:colcon.colcon_core.package_identification:_identify(install) ignored
[0.201s] Level 1:colcon.colcon_core.package_identification:_identify(log) by extensions ['ignore', 'ignore_ament_install']
[0.201s] Level 1:colcon.colcon_core.package_identification:_identify(log) by extension 'ignore'
[0.201s] Level 1:colcon.colcon_core.package_identification:_identify(log) ignored
[0.201s] Level 1:colcon.colcon_core.package_identification:_identify(src) by extensions ['ignore', 'ignore_ament_install']
[0.201s] Level 1:colcon.colcon_core.package_identification:_identify(src) by extension 'ignore'
[0.201s] Level 1:colcon.colcon_core.package_identification:_identify(src) by extension 'ignore_ament_install'
[0.201s] Level 1:colcon.colcon_core.package_identification:_identify(src) by extensions ['colcon_pkg']
[0.201s] Level 1:colcon.colcon_core.package_identification:_identify(src) by extension 'colcon_pkg'
[0.201s] Level 1:colcon.colcon_core.package_identification:_identify(src) by extensions ['colcon_meta']
[0.201s] Level 1:colcon.colcon_core.package_identification:_identify(src) by extension 'colcon_meta'
[0.201s] Level 1:colcon.colcon_core.package_identification:_identify(src) by extensions ['ros']
[0.201s] Level 1:colcon.colcon_core.package_identification:_identify(src) by extension 'ros'
[0.201s] Level 1:colcon.colcon_core.package_identification:_identify(src) by extensions ['cmake', 'python']
[0.201s] Level 1:colcon.colcon_core.package_identification:_identify(src) by extension 'cmake'
[0.201s] Level 1:colcon.colcon_core.package_identification:_identify(src) by extension 'python'
[0.201s] Level 1:colcon.colcon_core.package_identification:_identify(src) by extensions ['python_setup_py']
[0.201s] Level 1:colcon.colcon_core.package_identification:_identify(src) by extension 'python_setup_py'
[0.201s] Level 1:colcon.colcon_core.package_identification:_identify(src/ARIAC) by extensions ['ignore', 'ignore_ament_install']
[0.201s] Level 1:colcon.colcon_core.package_identification:_identify(src/ARIAC) by extension 'ignore'
[0.202s] Level 1:colcon.colcon_core.package_identification:_identify(src/ARIAC) by extension 'ignore_ament_install'
[0.202s] Level 1:colcon.colcon_core.package_identification:_identify(src/ARIAC) by extensions ['colcon_pkg']
[0.202s] Level 1:colcon.colcon_core.package_identification:_identify(src/ARIAC) by extension 'colcon_pkg'
[0.202s] Level 1:colcon.colcon_core.package_identification:_identify(src/ARIAC) by extensions ['colcon_meta']
[0.202s] Level 1:colcon.colcon_core.package_identification:_identify(src/ARIAC) by extension 'colcon_meta'
[0.202s] Level 1:colcon.colcon_core.package_identification:_identify(src/ARIAC) by extensions ['ros']
[0.202s] Level 1:colcon.colcon_core.package_identification:_identify(src/ARIAC) by extension 'ros'
[0.202s] Level 1:colcon.colcon_core.package_identification:_identify(src/ARIAC) by extensions ['cmake', 'python']
[0.202s] Level 1:colcon.colcon_core.package_identification:_identify(src/ARIAC) by extension 'cmake'
[0.202s] Level 1:colcon.colcon_core.package_identification:_identify(src/ARIAC) by extension 'python'
[0.202s] Level 1:colcon.colcon_core.package_identification:_identify(src/ARIAC) by extensions ['python_setup_py']
[0.202s] Level 1:colcon.colcon_core.package_identification:_identify(src/ARIAC) by extension 'python_setup_py'
[0.202s] Level 1:colcon.colcon_core.package_identification:_identify(src/ARIAC/ariac_app) by extensions ['ignore', 'ignore_ament_install']
[0.202s] Level 1:colcon.colcon_core.package_identification:_identify(src/ARIAC/ariac_app) by extension 'ignore'
[0.202s] Level 1:colcon.colcon_core.package_identification:_identify(src/ARIAC/ariac_app) by extension 'ignore_ament_install'
[0.202s] Level 1:colcon.colcon_core.package_identification:_identify(src/ARIAC/ariac_app) by extensions ['colcon_pkg']
[0.202s] Level 1:colcon.colcon_core.package_identification:_identify(src/ARIAC/ariac_app) by extension 'colcon_pkg'
[0.202s] Level 1:colcon.colcon_core.package_identification:_identify(src/ARIAC/ariac_app) by extensions ['colcon_meta']
[0.202s] Level 1:colcon.colcon_core.package_identification:_identify(src/ARIAC/ariac_app) by extension 'colcon_meta'
[0.202s] Level 1:colcon.colcon_core.package_identification:_identify(src/ARIAC/ariac_app) by extensions ['ros']
[0.202s] Level 1:colcon.colcon_core.package_identification:_identify(src/ARIAC/ariac_app) by extension 'ros'
[0.204s] DEBUG:colcon.colcon_core.package_identification:Package 'src/ARIAC/ariac_app' with type 'ros.ament_python' and name 'ariac_app'
[0.204s] Level 1:colcon.colcon_core.package_identification:_identify(src/ARIAC/ariac_db) by extensions ['ignore', 'ignore_ament_install']
[0.204s] Level 1:colcon.colcon_core.package_identification:_identify(src/ARIAC/ariac_db) by extension 'ignore'
[0.204s] Level 1:colcon.colcon_core.package_identification:_identify(src/ARIAC/ariac_db) by extension 'ignore_ament_install'
[0.204s] Level 1:colcon.colcon_core.package_identification:_identify(src/ARIAC/ariac_db) by extensions ['colcon_pkg']
[0.204s] Level 1:colcon.colcon_core.package_identification:_identify(src/ARIAC/ariac_db) by extension 'colcon_pkg'
[0.204s] Level 1:colcon.colcon_core.package_identification:_identify(src/ARIAC/ariac_db) by extensions ['colcon_meta']
[0.204s] Level 1:colcon.colcon_core.package_identification:_identify(src/ARIAC/ariac_db) by extension 'colcon_meta'
[0.204s] Level 1:colcon.colcon_core.package_identification:_identify(src/ARIAC/ariac_db) by extensions ['ros']
[0.204s] Level 1:colcon.colcon_core.package_identification:_identify(src/ARIAC/ariac_db) by extension 'ros'
[0.205s] DEBUG:colcon.colcon_core.package_identification:Package 'src/ARIAC/ariac_db' with type 'ros.ament_python' and name 'ariac_db'
[0.205s] Level 1:colcon.colcon_core.package_identification:_identify(src/ARIAC/ariac_description) by extensions ['ignore', 'ignore_ament_install']
[0.205s] Level 1:colcon.colcon_core.package_identification:_identify(src/ARIAC/ariac_description) by extension 'ignore'
[0.205s] Level 1:colcon.colcon_core.package_identification:_identify(src/ARIAC/ariac_description) by extension 'ignore_ament_install'
[0.205s] Level 1:colcon.colcon_core.package_identification:_identify(src/ARIAC/ariac_description) by extensions ['colcon_pkg']
[0.205s] Level 1:colcon.colcon_core.package_identification:_identify(src/ARIAC/ariac_description) by extension 'colcon_pkg'
[0.205s] Level 1:colcon.colcon_core.package_identification:_identify(src/ARIAC/ariac_description) by extensions ['colcon_meta']
[0.205s] Level 1:colcon.colcon_core.package_identification:_identify(src/ARIAC/ariac_description) by extension 'colcon_meta'
[0.205s] Level 1:colcon.colcon_core.package_identification:_identify(src/ARIAC/ariac_description) by extensions ['ros']
[0.205s] Level 1:colcon.colcon_core.package_identification:_identify(src/ARIAC/ariac_description) by extension 'ros'
[0.206s] DEBUG:colcon.colcon_core.package_identification:Package 'src/ARIAC/ariac_description' with type 'ros.ament_cmake' and name 'ariac_description'
[0.206s] Level 1:colcon.colcon_core.package_identification:_identify(src/ARIAC/ariac_gz) by extensions ['ignore', 'ignore_ament_install']
[0.206s] Level 1:colcon.colcon_core.package_identification:_identify(src/ARIAC/ariac_gz) by extension 'ignore'
[0.206s] Level 1:colcon.colcon_core.package_identification:_identify(src/ARIAC/ariac_gz) by extension 'ignore_ament_install'
[0.206s] Level 1:colcon.colcon_core.package_identification:_identify(src/ARIAC/ariac_gz) by extensions ['colcon_pkg']
[0.206s] Level 1:colcon.colcon_core.package_identification:_identify(src/ARIAC/ariac_gz) by extension 'colcon_pkg'
[0.207s] Level 1:colcon.colcon_core.package_identification:_identify(src/ARIAC/ariac_gz) by extensions ['colcon_meta']
[0.207s] Level 1:colcon.colcon_core.package_identification:_identify(src/ARIAC/ariac_gz) by extension 'colcon_meta'
[0.207s] Level 1:colcon.colcon_core.package_identification:_identify(src/ARIAC/ariac_gz) by extensions ['ros']
[0.207s] Level 1:colcon.colcon_core.package_identification:_identify(src/ARIAC/ariac_gz) by extension 'ros'
[0.207s] DEBUG:colcon.colcon_core.package_identification:Package 'src/ARIAC/ariac_gz' with type 'ros.ament_cmake' and name 'ariac_gz'
[0.207s] Level 1:colcon.colcon_core.package_identification:_identify(src/ARIAC/ariac_interfaces) by extensions ['ignore', 'ignore_ament_install']
[0.208s] Level 1:colcon.colcon_core.package_identification:_identify(src/ARIAC/ariac_interfaces) by extension 'ignore'
[0.208s] Level 1:colcon.colcon_core.package_identification:_identify(src/ARIAC/ariac_interfaces) by extension 'ignore_ament_install'
[0.208s] Level 1:colcon.colcon_core.package_identification:_identify(src/ARIAC/ariac_interfaces) by extensions ['colcon_pkg']
[0.208s] Level 1:colcon.colcon_core.package_identification:_identify(src/ARIAC/ariac_interfaces) by extension 'colcon_pkg'
[0.208s] Level 1:colcon.colcon_core.package_identification:_identify(src/ARIAC/ariac_interfaces) by extensions ['colcon_meta']
[0.208s] Level 1:colcon.colcon_core.package_identification:_identify(src/ARIAC/ariac_interfaces) by extension 'colcon_meta'
[0.208s] Level 1:colcon.colcon_core.package_identification:_identify(src/ARIAC/ariac_interfaces) by extensions ['ros']
[0.208s] Level 1:colcon.colcon_core.package_identification:_identify(src/ARIAC/ariac_interfaces) by extension 'ros'
[0.208s] DEBUG:colcon.colcon_core.package_identification:Package 'src/ARIAC/ariac_interfaces' with type 'ros.ament_cmake' and name 'ariac_interfaces'
[0.208s] Level 1:colcon.colcon_core.package_identification:_identify(src/ARIAC/ariac_plugins) by extensions ['ignore', 'ignore_ament_install']
[0.209s] Level 1:colcon.colcon_core.package_identification:_identify(src/ARIAC/ariac_plugins) by extension 'ignore'
[0.209s] Level 1:colcon.colcon_core.package_identification:_identify(src/ARIAC/ariac_plugins) by extension 'ignore_ament_install'
[0.209s] Level 1:colcon.colcon_core.package_identification:_identify(src/ARIAC/ariac_plugins) by extensions ['colcon_pkg']
[0.209s] Level 1:colcon.colcon_core.package_identification:_identify(src/ARIAC/ariac_plugins) by extension 'colcon_pkg'
[0.209s] Level 1:colcon.colcon_core.package_identification:_identify(src/ARIAC/ariac_plugins) by extensions ['colcon_meta']
[0.209s] Level 1:colcon.colcon_core.package_identification:_identify(src/ARIAC/ariac_plugins) by extension 'colcon_meta'
[0.209s] Level 1:colcon.colcon_core.package_identification:_identify(src/ARIAC/ariac_plugins) by extensions ['ros']
[0.209s] Level 1:colcon.colcon_core.package_identification:_identify(src/ARIAC/ariac_plugins) by extension 'ros'
[0.210s] DEBUG:colcon.colcon_core.package_identification:Package 'src/ARIAC/ariac_plugins' with type 'ros.ament_cmake' and name 'ariac_plugins'
[0.210s] Level 1:colcon.colcon_core.package_identification:_identify(src/ARIAC/ariac_setup) by extensions ['ignore', 'ignore_ament_install']
[0.210s] Level 1:colcon.colcon_core.package_identification:_identify(src/ARIAC/ariac_setup) by extension 'ignore'
[0.210s] Level 1:colcon.colcon_core.package_identification:_identify(src/ARIAC/ariac_setup) by extension 'ignore_ament_install'
[0.210s] Level 1:colcon.colcon_core.package_identification:_identify(src/ARIAC/ariac_setup) by extensions ['colcon_pkg']
[0.210s] Level 1:colcon.colcon_core.package_identification:_identify(src/ARIAC/ariac_setup) by extension 'colcon_pkg'
[0.210s] Level 1:colcon.colcon_core.package_identification:_identify(src/ARIAC/ariac_setup) by extensions ['colcon_meta']
[0.210s] Level 1:colcon.colcon_core.package_identification:_identify(src/ARIAC/ariac_setup) by extension 'colcon_meta'
[0.210s] Level 1:colcon.colcon_core.package_identification:_identify(src/ARIAC/ariac_setup) by extensions ['ros']
[0.210s] Level 1:colcon.colcon_core.package_identification:_identify(src/ARIAC/ariac_setup) by extension 'ros'
[0.211s] DEBUG:colcon.colcon_core.package_identification:Package 'src/ARIAC/ariac_setup' with type 'ros.ament_python' and name 'ariac_setup'
[0.211s] Level 1:colcon.colcon_core.package_identification:_identify(src/ARIAC/resource) by extensions ['ignore', 'ignore_ament_install']
[0.211s] Level 1:colcon.colcon_core.package_identification:_identify(src/ARIAC/resource) by extension 'ignore'
[0.211s] Level 1:colcon.colcon_core.package_identification:_identify(src/ARIAC/resource) by extension 'ignore_ament_install'
[0.211s] Level 1:colcon.colcon_core.package_identification:_identify(src/ARIAC/resource) by extensions ['colcon_pkg']
[0.211s] Level 1:colcon.colcon_core.package_identification:_identify(src/ARIAC/resource) by extension 'colcon_pkg'
[0.211s] Level 1:colcon.colcon_core.package_identification:_identify(src/ARIAC/resource) by extensions ['colcon_meta']
[0.211s] Level 1:colcon.colcon_core.package_identification:_identify(src/ARIAC/resource) by extension 'colcon_meta'
[0.211s] Level 1:colcon.colcon_core.package_identification:_identify(src/ARIAC/resource) by extensions ['ros']
[0.211s] Level 1:colcon.colcon_core.package_identification:_identify(src/ARIAC/resource) by extension 'ros'
[0.211s] Level 1:colcon.colcon_core.package_identification:_identify(src/ARIAC/resource) by extensions ['cmake', 'python']
[0.211s] Level 1:colcon.colcon_core.package_identification:_identify(src/ARIAC/resource) by extension 'cmake'
[0.211s] Level 1:colcon.colcon_core.package_identification:_identify(src/ARIAC/resource) by extension 'python'
[0.211s] Level 1:colcon.colcon_core.package_identification:_identify(src/ARIAC/resource) by extensions ['python_setup_py']
[0.211s] Level 1:colcon.colcon_core.package_identification:_identify(src/ARIAC/resource) by extension 'python_setup_py'
[0.211s] Level 1:colcon.colcon_core.package_identification:_identify(src/ARIAC/robotiq_gripper_controller) by extensions ['ignore', 'ignore_ament_install']
[0.211s] Level 1:colcon.colcon_core.package_identification:_identify(src/ARIAC/robotiq_gripper_controller) by extension 'ignore'
[0.212s] Level 1:colcon.colcon_core.package_identification:_identify(src/ARIAC/robotiq_gripper_controller) by extension 'ignore_ament_install'
[0.212s] Level 1:colcon.colcon_core.package_identification:_identify(src/ARIAC/robotiq_gripper_controller) by extensions ['colcon_pkg']
[0.212s] Level 1:colcon.colcon_core.package_identification:_identify(src/ARIAC/robotiq_gripper_controller) by extension 'colcon_pkg'
[0.212s] Level 1:colcon.colcon_core.package_identification:_identify(src/ARIAC/robotiq_gripper_controller) by extensions ['colcon_meta']
[0.212s] Level 1:colcon.colcon_core.package_identification:_identify(src/ARIAC/robotiq_gripper_controller) by extension 'colcon_meta'
[0.212s] Level 1:colcon.colcon_core.package_identification:_identify(src/ARIAC/robotiq_gripper_controller) by extensions ['ros']
[0.212s] Level 1:colcon.colcon_core.package_identification:_identify(src/ARIAC/robotiq_gripper_controller) by extension 'ros'
[0.212s] DEBUG:colcon.colcon_core.package_identification:Package 'src/ARIAC/robotiq_gripper_controller' with type 'ros.ament_cmake' and name 'robotiq_gripper_controller'
[0.213s] Level 1:colcon.colcon_core.package_identification:_identify(src/DOBOT_6Axis_ROS2_V4) by extensions ['ignore', 'ignore_ament_install']
[0.213s] Level 1:colcon.colcon_core.package_identification:_identify(src/DOBOT_6Axis_ROS2_V4) by extension 'ignore'
[0.213s] Level 1:colcon.colcon_core.package_identification:_identify(src/DOBOT_6Axis_ROS2_V4) by extension 'ignore_ament_install'
[0.213s] Level 1:colcon.colcon_core.package_identification:_identify(src/DOBOT_6Axis_ROS2_V4) by extensions ['colcon_pkg']
[0.213s] Level 1:colcon.colcon_core.package_identification:_identify(src/DOBOT_6Axis_ROS2_V4) by extension 'colcon_pkg'
[0.213s] Level 1:colcon.colcon_core.package_identification:_identify(src/DOBOT_6Axis_ROS2_V4) by extensions ['colcon_meta']
[0.213s] Level 1:colcon.colcon_core.package_identification:_identify(src/DOBOT_6Axis_ROS2_V4) by extension 'colcon_meta'
[0.213s] Level 1:colcon.colcon_core.package_identification:_identify(src/DOBOT_6Axis_ROS2_V4) by extensions ['ros']
[0.213s] Level 1:colcon.colcon_core.package_identification:_identify(src/DOBOT_6Axis_ROS2_V4) by extension 'ros'
[0.213s] Level 1:colcon.colcon_core.package_identification:_identify(src/DOBOT_6Axis_ROS2_V4) by extensions ['cmake', 'python']
[0.213s] Level 1:colcon.colcon_core.package_identification:_identify(src/DOBOT_6Axis_ROS2_V4) by extension 'cmake'
[0.213s] Level 1:colcon.colcon_core.package_identification:_identify(src/DOBOT_6Axis_ROS2_V4) by extension 'python'
[0.213s] Level 1:colcon.colcon_core.package_identification:_identify(src/DOBOT_6Axis_ROS2_V4) by extensions ['python_setup_py']
[0.213s] Level 1:colcon.colcon_core.package_identification:_identify(src/DOBOT_6Axis_ROS2_V4) by extension 'python_setup_py'
[0.213s] Level 1:colcon.colcon_core.package_identification:_identify(src/DOBOT_6Axis_ROS2_V4/V4新增指令) by extensions ['ignore', 'ignore_ament_install']
[0.213s] Level 1:colcon.colcon_core.package_identification:_identify(src/DOBOT_6Axis_ROS2_V4/V4新增指令) by extension 'ignore'
[0.214s] Level 1:colcon.colcon_core.package_identification:_identify(src/DOBOT_6Axis_ROS2_V4/V4新增指令) by extension 'ignore_ament_install'
[0.214s] Level 1:colcon.colcon_core.package_identification:_identify(src/DOBOT_6Axis_ROS2_V4/V4新增指令) by extensions ['colcon_pkg']
[0.214s] Level 1:colcon.colcon_core.package_identification:_identify(src/DOBOT_6Axis_ROS2_V4/V4新增指令) by extension 'colcon_pkg'
[0.214s] Level 1:colcon.colcon_core.package_identification:_identify(src/DOBOT_6Axis_ROS2_V4/V4新增指令) by extensions ['colcon_meta']
[0.214s] Level 1:colcon.colcon_core.package_identification:_identify(src/DOBOT_6Axis_ROS2_V4/V4新增指令) by extension 'colcon_meta'
[0.214s] Level 1:colcon.colcon_core.package_identification:_identify(src/DOBOT_6Axis_ROS2_V4/V4新增指令) by extensions ['ros']
[0.214s] Level 1:colcon.colcon_core.package_identification:_identify(src/DOBOT_6Axis_ROS2_V4/V4新增指令) by extension 'ros'
[0.214s] Level 1:colcon.colcon_core.package_identification:_identify(src/DOBOT_6Axis_ROS2_V4/V4新增指令) by extensions ['cmake', 'python']
[0.214s] Level 1:colcon.colcon_core.package_identification:_identify(src/DOBOT_6Axis_ROS2_V4/V4新增指令) by extension 'cmake'
[0.214s] Level 1:colcon.colcon_core.package_identification:_identify(src/DOBOT_6Axis_ROS2_V4/V4新增指令) by extension 'python'
[0.214s] Level 1:colcon.colcon_core.package_identification:_identify(src/DOBOT_6Axis_ROS2_V4/V4新增指令) by extensions ['python_setup_py']
[0.214s] Level 1:colcon.colcon_core.package_identification:_identify(src/DOBOT_6Axis_ROS2_V4/V4新增指令) by extension 'python_setup_py'
[0.214s] Level 1:colcon.colcon_core.package_identification:_identify(src/DOBOT_6Axis_ROS2_V4/__pycache__) by extensions ['ignore', 'ignore_ament_install']
[0.214s] Level 1:colcon.colcon_core.package_identification:_identify(src/DOBOT_6Axis_ROS2_V4/__pycache__) by extension 'ignore'
[0.214s] Level 1:colcon.colcon_core.package_identification:_identify(src/DOBOT_6Axis_ROS2_V4/__pycache__) by extension 'ignore_ament_install'
[0.214s] Level 1:colcon.colcon_core.package_identification:_identify(src/DOBOT_6Axis_ROS2_V4/__pycache__) by extensions ['colcon_pkg']
[0.214s] Level 1:colcon.colcon_core.package_identification:_identify(src/DOBOT_6Axis_ROS2_V4/__pycache__) by extension 'colcon_pkg'
[0.214s] Level 1:colcon.colcon_core.package_identification:_identify(src/DOBOT_6Axis_ROS2_V4/__pycache__) by extensions ['colcon_meta']
[0.214s] Level 1:colcon.colcon_core.package_identification:_identify(src/DOBOT_6Axis_ROS2_V4/__pycache__) by extension 'colcon_meta'
[0.214s] Level 1:colcon.colcon_core.package_identification:_identify(src/DOBOT_6Axis_ROS2_V4/__pycache__) by extensions ['ros']
[0.215s] Level 1:colcon.colcon_core.package_identification:_identify(src/DOBOT_6Axis_ROS2_V4/__pycache__) by extension 'ros'
[0.215s] Level 1:colcon.colcon_core.package_identification:_identify(src/DOBOT_6Axis_ROS2_V4/__pycache__) by extensions ['cmake', 'python']
[0.215s] Level 1:colcon.colcon_core.package_identification:_identify(src/DOBOT_6Axis_ROS2_V4/__pycache__) by extension 'cmake'
[0.215s] Level 1:colcon.colcon_core.package_identification:_identify(src/DOBOT_6Axis_ROS2_V4/__pycache__) by extension 'python'
[0.215s] Level 1:colcon.colcon_core.package_identification:_identify(src/DOBOT_6Axis_ROS2_V4/__pycache__) by extensions ['python_setup_py']
[0.215s] Level 1:colcon.colcon_core.package_identification:_identify(src/DOBOT_6Axis_ROS2_V4/__pycache__) by extension 'python_setup_py'
[0.215s] Level 1:colcon.colcon_core.package_identification:_identify(src/DOBOT_6Axis_ROS2_V4/build) by extensions ['ignore', 'ignore_ament_install']
[0.215s] Level 1:colcon.colcon_core.package_identification:_identify(src/DOBOT_6Axis_ROS2_V4/build) by extension 'ignore'
[0.215s] Level 1:colcon.colcon_core.package_identification:_identify(src/DOBOT_6Axis_ROS2_V4/build) ignored
[0.215s] Level 1:colcon.colcon_core.package_identification:_identify(src/DOBOT_6Axis_ROS2_V4/cr7_moveit) by extensions ['ignore', 'ignore_ament_install']
[0.215s] Level 1:colcon.colcon_core.package_identification:_identify(src/DOBOT_6Axis_ROS2_V4/cr7_moveit) by extension 'ignore'
[0.215s] Level 1:colcon.colcon_core.package_identification:_identify(src/DOBOT_6Axis_ROS2_V4/cr7_moveit) by extension 'ignore_ament_install'
[0.215s] Level 1:colcon.colcon_core.package_identification:_identify(src/DOBOT_6Axis_ROS2_V4/cr7_moveit) by extensions ['colcon_pkg']
[0.215s] Level 1:colcon.colcon_core.package_identification:_identify(src/DOBOT_6Axis_ROS2_V4/cr7_moveit) by extension 'colcon_pkg'
[0.215s] Level 1:colcon.colcon_core.package_identification:_identify(src/DOBOT_6Axis_ROS2_V4/cr7_moveit) by extensions ['colcon_meta']
[0.215s] Level 1:colcon.colcon_core.package_identification:_identify(src/DOBOT_6Axis_ROS2_V4/cr7_moveit) by extension 'colcon_meta'
[0.216s] Level 1:colcon.colcon_core.package_identification:_identify(src/DOBOT_6Axis_ROS2_V4/cr7_moveit) by extensions ['ros']
[0.216s] Level 1:colcon.colcon_core.package_identification:_identify(src/DOBOT_6Axis_ROS2_V4/cr7_moveit) by extension 'ros'
[0.216s] DEBUG:colcon.colcon_core.package_identification:Package 'src/DOBOT_6Axis_ROS2_V4/cr7_moveit' with type 'ros.ament_cmake' and name 'cr7_moveit'
[0.216s] Level 1:colcon.colcon_core.package_identification:_identify(src/DOBOT_6Axis_ROS2_V4/cra_description) by extensions ['ignore', 'ignore_ament_install']
[0.216s] Level 1:colcon.colcon_core.package_identification:_identify(src/DOBOT_6Axis_ROS2_V4/cra_description) by extension 'ignore'
[0.216s] Level 1:colcon.colcon_core.package_identification:_identify(src/DOBOT_6Axis_ROS2_V4/cra_description) by extension 'ignore_ament_install'
[0.217s] Level 1:colcon.colcon_core.package_identification:_identify(src/DOBOT_6Axis_ROS2_V4/cra_description) by extensions ['colcon_pkg']
[0.217s] Level 1:colcon.colcon_core.package_identification:_identify(src/DOBOT_6Axis_ROS2_V4/cra_description) by extension 'colcon_pkg'
[0.217s] Level 1:colcon.colcon_core.package_identification:_identify(src/DOBOT_6Axis_ROS2_V4/cra_description) by extensions ['colcon_meta']
[0.217s] Level 1:colcon.colcon_core.package_identification:_identify(src/DOBOT_6Axis_ROS2_V4/cra_description) by extension 'colcon_meta'
[0.217s] Level 1:colcon.colcon_core.package_identification:_identify(src/DOBOT_6Axis_ROS2_V4/cra_description) by extensions ['ros']
[0.217s] Level 1:colcon.colcon_core.package_identification:_identify(src/DOBOT_6Axis_ROS2_V4/cra_description) by extension 'ros'
[0.217s] DEBUG:colcon.colcon_core.package_identification:Package 'src/DOBOT_6Axis_ROS2_V4/cra_description' with type 'ros.ament_cmake' and name 'cra_description'
[0.217s] Level 1:colcon.colcon_core.package_identification:_identify(src/DOBOT_6Axis_ROS2_V4/dobot_bringup_v4) by extensions ['ignore', 'ignore_ament_install']
[0.217s] Level 1:colcon.colcon_core.package_identification:_identify(src/DOBOT_6Axis_ROS2_V4/dobot_bringup_v4) by extension 'ignore'
[0.217s] Level 1:colcon.colcon_core.package_identification:_identify(src/DOBOT_6Axis_ROS2_V4/dobot_bringup_v4) by extension 'ignore_ament_install'
[0.218s] Level 1:colcon.colcon_core.package_identification:_identify(src/DOBOT_6Axis_ROS2_V4/dobot_bringup_v4) by extensions ['colcon_pkg']
[0.218s] Level 1:colcon.colcon_core.package_identification:_identify(src/DOBOT_6Axis_ROS2_V4/dobot_bringup_v4) by extension 'colcon_pkg'
[0.218s] Level 1:colcon.colcon_core.package_identification:_identify(src/DOBOT_6Axis_ROS2_V4/dobot_bringup_v4) by extensions ['colcon_meta']
[0.218s] Level 1:colcon.colcon_core.package_identification:_identify(src/DOBOT_6Axis_ROS2_V4/dobot_bringup_v4) by extension 'colcon_meta'
[0.218s] Level 1:colcon.colcon_core.package_identification:_identify(src/DOBOT_6Axis_ROS2_V4/dobot_bringup_v4) by extensions ['ros']
[0.218s] Level 1:colcon.colcon_core.package_identification:_identify(src/DOBOT_6Axis_ROS2_V4/dobot_bringup_v4) by extension 'ros'
[0.218s] DEBUG:colcon.colcon_core.package_identification:Package 'src/DOBOT_6Axis_ROS2_V4/dobot_bringup_v4' with type 'ros.ament_cmake' and name 'cr_robot_ros2'
[0.218s] Level 1:colcon.colcon_core.package_identification:_identify(src/DOBOT_6Axis_ROS2_V4/dobot_demo) by extensions ['ignore', 'ignore_ament_install']
[0.218s] Level 1:colcon.colcon_core.package_identification:_identify(src/DOBOT_6Axis_ROS2_V4/dobot_demo) by extension 'ignore'
[0.219s] Level 1:colcon.colcon_core.package_identification:_identify(src/DOBOT_6Axis_ROS2_V4/dobot_demo) by extension 'ignore_ament_install'
[0.219s] Level 1:colcon.colcon_core.package_identification:_identify(src/DOBOT_6Axis_ROS2_V4/dobot_demo) by extensions ['colcon_pkg']
[0.219s] Level 1:colcon.colcon_core.package_identification:_identify(src/DOBOT_6Axis_ROS2_V4/dobot_demo) by extension 'colcon_pkg'
[0.219s] Level 1:colcon.colcon_core.package_identification:_identify(src/DOBOT_6Axis_ROS2_V4/dobot_demo) by extensions ['colcon_meta']
[0.219s] Level 1:colcon.colcon_core.package_identification:_identify(src/DOBOT_6Axis_ROS2_V4/dobot_demo) by extension 'colcon_meta'
[0.219s] Level 1:colcon.colcon_core.package_identification:_identify(src/DOBOT_6Axis_ROS2_V4/dobot_demo) by extensions ['ros']
[0.219s] Level 1:colcon.colcon_core.package_identification:_identify(src/DOBOT_6Axis_ROS2_V4/dobot_demo) by extension 'ros'
[0.219s] DEBUG:colcon.colcon_core.package_identification:Package 'src/DOBOT_6Axis_ROS2_V4/dobot_demo' with type 'ros.ament_python' and name 'dobot_demo'
[0.219s] Level 1:colcon.colcon_core.package_identification:_identify(src/DOBOT_6Axis_ROS2_V4/dobot_demo_cpp) by extensions ['ignore', 'ignore_ament_install']
[0.219s] Level 1:colcon.colcon_core.package_identification:_identify(src/DOBOT_6Axis_ROS2_V4/dobot_demo_cpp) by extension 'ignore'
[0.219s] Level 1:colcon.colcon_core.package_identification:_identify(src/DOBOT_6Axis_ROS2_V4/dobot_demo_cpp) by extension 'ignore_ament_install'
[0.219s] Level 1:colcon.colcon_core.package_identification:_identify(src/DOBOT_6Axis_ROS2_V4/dobot_demo_cpp) by extensions ['colcon_pkg']
[0.220s] Level 1:colcon.colcon_core.package_identification:_identify(src/DOBOT_6Axis_ROS2_V4/dobot_demo_cpp) by extension 'colcon_pkg'
[0.220s] Level 1:colcon.colcon_core.package_identification:_identify(src/DOBOT_6Axis_ROS2_V4/dobot_demo_cpp) by extensions ['colcon_meta']
[0.220s] Level 1:colcon.colcon_core.package_identification:_identify(src/DOBOT_6Axis_ROS2_V4/dobot_demo_cpp) by extension 'colcon_meta'
[0.220s] Level 1:colcon.colcon_core.package_identification:_identify(src/DOBOT_6Axis_ROS2_V4/dobot_demo_cpp) by extensions ['ros']
[0.220s] Level 1:colcon.colcon_core.package_identification:_identify(src/DOBOT_6Axis_ROS2_V4/dobot_demo_cpp) by extension 'ros'
[0.220s] DEBUG:colcon.colcon_core.package_identification:Package 'src/DOBOT_6Axis_ROS2_V4/dobot_demo_cpp' with type 'ros.ament_cmake' and name 'dobot_demo_cpp'
[0.220s] Level 1:colcon.colcon_core.package_identification:_identify(src/DOBOT_6Axis_ROS2_V4/dobot_gazebo) by extensions ['ignore', 'ignore_ament_install']
[0.221s] Level 1:colcon.colcon_core.package_identification:_identify(src/DOBOT_6Axis_ROS2_V4/dobot_gazebo) by extension 'ignore'
[0.221s] Level 1:colcon.colcon_core.package_identification:_identify(src/DOBOT_6Axis_ROS2_V4/dobot_gazebo) by extension 'ignore_ament_install'
[0.221s] Level 1:colcon.colcon_core.package_identification:_identify(src/DOBOT_6Axis_ROS2_V4/dobot_gazebo) by extensions ['colcon_pkg']
[0.221s] Level 1:colcon.colcon_core.package_identification:_identify(src/DOBOT_6Axis_ROS2_V4/dobot_gazebo) by extension 'colcon_pkg'
[0.221s] Level 1:colcon.colcon_core.package_identification:_identify(src/DOBOT_6Axis_ROS2_V4/dobot_gazebo) by extensions ['colcon_meta']
[0.221s] Level 1:colcon.colcon_core.package_identification:_identify(src/DOBOT_6Axis_ROS2_V4/dobot_gazebo) by extension 'colcon_meta'
[0.221s] Level 1:colcon.colcon_core.package_identification:_identify(src/DOBOT_6Axis_ROS2_V4/dobot_gazebo) by extensions ['ros']
[0.221s] Level 1:colcon.colcon_core.package_identification:_identify(src/DOBOT_6Axis_ROS2_V4/dobot_gazebo) by extension 'ros'
[0.221s] DEBUG:colcon.colcon_core.package_identification:Package 'src/DOBOT_6Axis_ROS2_V4/dobot_gazebo' with type 'ros.ament_cmake' and name 'dobot_gazebo'
[0.221s] Level 1:colcon.colcon_core.package_identification:_identify(src/DOBOT_6Axis_ROS2_V4/dobot_moveit) by extensions ['ignore', 'ignore_ament_install']
[0.222s] Level 1:colcon.colcon_core.package_identification:_identify(src/DOBOT_6Axis_ROS2_V4/dobot_moveit) by extension 'ignore'
[0.222s] Level 1:colcon.colcon_core.package_identification:_identify(src/DOBOT_6Axis_ROS2_V4/dobot_moveit) by extension 'ignore_ament_install'
[0.222s] Level 1:colcon.colcon_core.package_identification:_identify(src/DOBOT_6Axis_ROS2_V4/dobot_moveit) by extensions ['colcon_pkg']
[0.222s] Level 1:colcon.colcon_core.package_identification:_identify(src/DOBOT_6Axis_ROS2_V4/dobot_moveit) by extension 'colcon_pkg'
[0.222s] Level 1:colcon.colcon_core.package_identification:_identify(src/DOBOT_6Axis_ROS2_V4/dobot_moveit) by extensions ['colcon_meta']
[0.222s] Level 1:colcon.colcon_core.package_identification:_identify(src/DOBOT_6Axis_ROS2_V4/dobot_moveit) by extension 'colcon_meta'
[0.222s] Level 1:colcon.colcon_core.package_identification:_identify(src/DOBOT_6Axis_ROS2_V4/dobot_moveit) by extensions ['ros']
[0.222s] Level 1:colcon.colcon_core.package_identification:_identify(src/DOBOT_6Axis_ROS2_V4/dobot_moveit) by extension 'ros'
[0.222s] DEBUG:colcon.colcon_core.package_identification:Package 'src/DOBOT_6Axis_ROS2_V4/dobot_moveit' with type 'ros.ament_python' and name 'dobot_moveit'
[0.222s] Level 1:colcon.colcon_core.package_identification:_identify(src/DOBOT_6Axis_ROS2_V4/dobot_msgs_v4) by extensions ['ignore', 'ignore_ament_install']
[0.222s] Level 1:colcon.colcon_core.package_identification:_identify(src/DOBOT_6Axis_ROS2_V4/dobot_msgs_v4) by extension 'ignore'
[0.222s] Level 1:colcon.colcon_core.package_identification:_identify(src/DOBOT_6Axis_ROS2_V4/dobot_msgs_v4) by extension 'ignore_ament_install'
[0.223s] Level 1:colcon.colcon_core.package_identification:_identify(src/DOBOT_6Axis_ROS2_V4/dobot_msgs_v4) by extensions ['colcon_pkg']
[0.223s] Level 1:colcon.colcon_core.package_identification:_identify(src/DOBOT_6Axis_ROS2_V4/dobot_msgs_v4) by extension 'colcon_pkg'
[0.223s] Level 1:colcon.colcon_core.package_identification:_identify(src/DOBOT_6Axis_ROS2_V4/dobot_msgs_v4) by extensions ['colcon_meta']
[0.223s] Level 1:colcon.colcon_core.package_identification:_identify(src/DOBOT_6Axis_ROS2_V4/dobot_msgs_v4) by extension 'colcon_meta'
[0.223s] Level 1:colcon.colcon_core.package_identification:_identify(src/DOBOT_6Axis_ROS2_V4/dobot_msgs_v4) by extensions ['ros']
[0.223s] Level 1:colcon.colcon_core.package_identification:_identify(src/DOBOT_6Axis_ROS2_V4/dobot_msgs_v4) by extension 'ros'
[0.223s] DEBUG:colcon.colcon_core.package_identification:Package 'src/DOBOT_6Axis_ROS2_V4/dobot_msgs_v4' with type 'ros.ament_cmake' and name 'dobot_msgs_v4'
[0.223s] Level 1:colcon.colcon_core.package_identification:_identify(src/DOBOT_6Axis_ROS2_V4/dobot_rviz) by extensions ['ignore', 'ignore_ament_install']
[0.223s] Level 1:colcon.colcon_core.package_identification:_identify(src/DOBOT_6Axis_ROS2_V4/dobot_rviz) by extension 'ignore'
[0.223s] Level 1:colcon.colcon_core.package_identification:_identify(src/DOBOT_6Axis_ROS2_V4/dobot_rviz) by extension 'ignore_ament_install'
[0.224s] Level 1:colcon.colcon_core.package_identification:_identify(src/DOBOT_6Axis_ROS2_V4/dobot_rviz) by extensions ['colcon_pkg']
[0.224s] Level 1:colcon.colcon_core.package_identification:_identify(src/DOBOT_6Axis_ROS2_V4/dobot_rviz) by extension 'colcon_pkg'
[0.224s] Level 1:colcon.colcon_core.package_identification:_identify(src/DOBOT_6Axis_ROS2_V4/dobot_rviz) by extensions ['colcon_meta']
[0.224s] Level 1:colcon.colcon_core.package_identification:_identify(src/DOBOT_6Axis_ROS2_V4/dobot_rviz) by extension 'colcon_meta'
[0.224s] Level 1:colcon.colcon_core.package_identification:_identify(src/DOBOT_6Axis_ROS2_V4/dobot_rviz) by extensions ['ros']
[0.224s] Level 1:colcon.colcon_core.package_identification:_identify(src/DOBOT_6Axis_ROS2_V4/dobot_rviz) by extension 'ros'
[0.224s] DEBUG:colcon.colcon_core.package_identification:Package 'src/DOBOT_6Axis_ROS2_V4/dobot_rviz' with type 'ros.ament_cmake' and name 'dobot_rviz'
[0.224s] Level 1:colcon.colcon_core.package_identification:_identify(src/DOBOT_6Axis_ROS2_V4/image) by extensions ['ignore', 'ignore_ament_install']
[0.224s] Level 1:colcon.colcon_core.package_identification:_identify(src/DOBOT_6Axis_ROS2_V4/image) by extension 'ignore'
[0.224s] Level 1:colcon.colcon_core.package_identification:_identify(src/DOBOT_6Axis_ROS2_V4/image) by extension 'ignore_ament_install'
[0.224s] Level 1:colcon.colcon_core.package_identification:_identify(src/DOBOT_6Axis_ROS2_V4/image) by extensions ['colcon_pkg']
[0.224s] Level 1:colcon.colcon_core.package_identification:_identify(src/DOBOT_6Axis_ROS2_V4/image) by extension 'colcon_pkg'
[0.224s] Level 1:colcon.colcon_core.package_identification:_identify(src/DOBOT_6Axis_ROS2_V4/image) by extensions ['colcon_meta']
[0.224s] Level 1:colcon.colcon_core.package_identification:_identify(src/DOBOT_6Axis_ROS2_V4/image) by extension 'colcon_meta'
[0.224s] Level 1:colcon.colcon_core.package_identification:_identify(src/DOBOT_6Axis_ROS2_V4/image) by extensions ['ros']
[0.225s] Level 1:colcon.colcon_core.package_identification:_identify(src/DOBOT_6Axis_ROS2_V4/image) by extension 'ros'
[0.225s] Level 1:colcon.colcon_core.package_identification:_identify(src/DOBOT_6Axis_ROS2_V4/image) by extensions ['cmake', 'python']
[0.225s] Level 1:colcon.colcon_core.package_identification:_identify(src/DOBOT_6Axis_ROS2_V4/image) by extension 'cmake'
[0.225s] Level 1:colcon.colcon_core.package_identification:_identify(src/DOBOT_6Axis_ROS2_V4/image) by extension 'python'
[0.225s] Level 1:colcon.colcon_core.package_identification:_identify(src/DOBOT_6Axis_ROS2_V4/image) by extensions ['python_setup_py']
[0.225s] Level 1:colcon.colcon_core.package_identification:_identify(src/DOBOT_6Axis_ROS2_V4/image) by extension 'python_setup_py'
[0.225s] Level 1:colcon.colcon_core.package_identification:_identify(src/DOBOT_6Axis_ROS2_V4/install) by extensions ['ignore', 'ignore_ament_install']
[0.225s] Level 1:colcon.colcon_core.package_identification:_identify(src/DOBOT_6Axis_ROS2_V4/install) by extension 'ignore'
[0.225s] Level 1:colcon.colcon_core.package_identification:_identify(src/DOBOT_6Axis_ROS2_V4/install) ignored
[0.225s] Level 1:colcon.colcon_core.package_identification:_identify(src/DOBOT_6Axis_ROS2_V4/log) by extensions ['ignore', 'ignore_ament_install']
[0.225s] Level 1:colcon.colcon_core.package_identification:_identify(src/DOBOT_6Axis_ROS2_V4/log) by extension 'ignore'
[0.225s] Level 1:colcon.colcon_core.package_identification:_identify(src/DOBOT_6Axis_ROS2_V4/log) ignored
[0.225s] Level 1:colcon.colcon_core.package_identification:_identify(src/DOBOT_6Axis_ROS2_V4/log_txt) by extensions ['ignore', 'ignore_ament_install']
[0.225s] Level 1:colcon.colcon_core.package_identification:_identify(src/DOBOT_6Axis_ROS2_V4/log_txt) by extension 'ignore'
[0.225s] Level 1:colcon.colcon_core.package_identification:_identify(src/DOBOT_6Axis_ROS2_V4/log_txt) by extension 'ignore_ament_install'
[0.225s] Level 1:colcon.colcon_core.package_identification:_identify(src/DOBOT_6Axis_ROS2_V4/log_txt) by extensions ['colcon_pkg']
[0.226s] Level 1:colcon.colcon_core.package_identification:_identify(src/DOBOT_6Axis_ROS2_V4/log_txt) by extension 'colcon_pkg'
[0.226s] Level 1:colcon.colcon_core.package_identification:_identify(src/DOBOT_6Axis_ROS2_V4/log_txt) by extensions ['colcon_meta']
[0.226s] Level 1:colcon.colcon_core.package_identification:_identify(src/DOBOT_6Axis_ROS2_V4/log_txt) by extension 'colcon_meta'
[0.226s] Level 1:colcon.colcon_core.package_identification:_identify(src/DOBOT_6Axis_ROS2_V4/log_txt) by extensions ['ros']
[0.226s] Level 1:colcon.colcon_core.package_identification:_identify(src/DOBOT_6Axis_ROS2_V4/log_txt) by extension 'ros'
[0.226s] Level 1:colcon.colcon_core.package_identification:_identify(src/DOBOT_6Axis_ROS2_V4/log_txt) by extensions ['cmake', 'python']
[0.226s] Level 1:colcon.colcon_core.package_identification:_identify(src/DOBOT_6Axis_ROS2_V4/log_txt) by extension 'cmake'
[0.226s] Level 1:colcon.colcon_core.package_identification:_identify(src/DOBOT_6Axis_ROS2_V4/log_txt) by extension 'python'
[0.226s] Level 1:colcon.colcon_core.package_identification:_identify(src/DOBOT_6Axis_ROS2_V4/log_txt) by extensions ['python_setup_py']
[0.226s] Level 1:colcon.colcon_core.package_identification:_identify(src/DOBOT_6Axis_ROS2_V4/log_txt) by extension 'python_setup_py'
[0.226s] Level 1:colcon.colcon_core.package_identification:_identify(src/DOBOT_6Axis_ROS2_V4/mp) by extensions ['ignore', 'ignore_ament_install']
[0.226s] Level 1:colcon.colcon_core.package_identification:_identify(src/DOBOT_6Axis_ROS2_V4/mp) by extension 'ignore'
[0.226s] Level 1:colcon.colcon_core.package_identification:_identify(src/DOBOT_6Axis_ROS2_V4/mp) by extension 'ignore_ament_install'
[0.226s] Level 1:colcon.colcon_core.package_identification:_identify(src/DOBOT_6Axis_ROS2_V4/mp) by extensions ['colcon_pkg']
[0.226s] Level 1:colcon.colcon_core.package_identification:_identify(src/DOBOT_6Axis_ROS2_V4/mp) by extension 'colcon_pkg'
[0.226s] Level 1:colcon.colcon_core.package_identification:_identify(src/DOBOT_6Axis_ROS2_V4/mp) by extensions ['colcon_meta']
[0.226s] Level 1:colcon.colcon_core.package_identification:_identify(src/DOBOT_6Axis_ROS2_V4/mp) by extension 'colcon_meta'
[0.226s] Level 1:colcon.colcon_core.package_identification:_identify(src/DOBOT_6Axis_ROS2_V4/mp) by extensions ['ros']
[0.226s] Level 1:colcon.colcon_core.package_identification:_identify(src/DOBOT_6Axis_ROS2_V4/mp) by extension 'ros'
[0.226s] Level 1:colcon.colcon_core.package_identification:_identify(src/DOBOT_6Axis_ROS2_V4/mp) by extensions ['cmake', 'python']
[0.226s] Level 1:colcon.colcon_core.package_identification:_identify(src/DOBOT_6Axis_ROS2_V4/mp) by extension 'cmake'
[0.226s] Level 1:colcon.colcon_core.package_identification:_identify(src/DOBOT_6Axis_ROS2_V4/mp) by extension 'python'
[0.226s] Level 1:colcon.colcon_core.package_identification:_identify(src/DOBOT_6Axis_ROS2_V4/mp) by extensions ['python_setup_py']
[0.226s] Level 1:colcon.colcon_core.package_identification:_identify(src/DOBOT_6Axis_ROS2_V4/mp) by extension 'python_setup_py'
[0.226s] Level 1:colcon.colcon_core.package_identification:_identify(src/DOBOT_6Axis_ROS2_V4/mp/__pycache__) by extensions ['ignore', 'ignore_ament_install']
[0.227s] Level 1:colcon.colcon_core.package_identification:_identify(src/DOBOT_6Axis_ROS2_V4/mp/__pycache__) by extension 'ignore'
[0.227s] Level 1:colcon.colcon_core.package_identification:_identify(src/DOBOT_6Axis_ROS2_V4/mp/__pycache__) by extension 'ignore_ament_install'
[0.227s] Level 1:colcon.colcon_core.package_identification:_identify(src/DOBOT_6Axis_ROS2_V4/mp/__pycache__) by extensions ['colcon_pkg']
[0.227s] Level 1:colcon.colcon_core.package_identification:_identify(src/DOBOT_6Axis_ROS2_V4/mp/__pycache__) by extension 'colcon_pkg'
[0.227s] Level 1:colcon.colcon_core.package_identification:_identify(src/DOBOT_6Axis_ROS2_V4/mp/__pycache__) by extensions ['colcon_meta']
[0.227s] Level 1:colcon.colcon_core.package_identification:_identify(src/DOBOT_6Axis_ROS2_V4/mp/__pycache__) by extension 'colcon_meta'
[0.227s] Level 1:colcon.colcon_core.package_identification:_identify(src/DOBOT_6Axis_ROS2_V4/mp/__pycache__) by extensions ['ros']
[0.227s] Level 1:colcon.colcon_core.package_identification:_identify(src/DOBOT_6Axis_ROS2_V4/mp/__pycache__) by extension 'ros'
[0.227s] Level 1:colcon.colcon_core.package_identification:_identify(src/DOBOT_6Axis_ROS2_V4/mp/__pycache__) by extensions ['cmake', 'python']
[0.227s] Level 1:colcon.colcon_core.package_identification:_identify(src/DOBOT_6Axis_ROS2_V4/mp/__pycache__) by extension 'cmake'
[0.227s] Level 1:colcon.colcon_core.package_identification:_identify(src/DOBOT_6Axis_ROS2_V4/mp/__pycache__) by extension 'python'
[0.227s] Level 1:colcon.colcon_core.package_identification:_identify(src/DOBOT_6Axis_ROS2_V4/mp/__pycache__) by extensions ['python_setup_py']
[0.227s] Level 1:colcon.colcon_core.package_identification:_identify(src/DOBOT_6Axis_ROS2_V4/mp/__pycache__) by extension 'python_setup_py'
[0.227s] Level 1:colcon.colcon_core.package_identification:_identify(src/DOBOT_6Axis_ROS2_V4/onrobot_2fg7_description) by extensions ['ignore', 'ignore_ament_install']
[0.227s] Level 1:colcon.colcon_core.package_identification:_identify(src/DOBOT_6Axis_ROS2_V4/onrobot_2fg7_description) by extension 'ignore'
[0.227s] Level 1:colcon.colcon_core.package_identification:_identify(src/DOBOT_6Axis_ROS2_V4/onrobot_2fg7_description) by extension 'ignore_ament_install'
[0.227s] Level 1:colcon.colcon_core.package_identification:_identify(src/DOBOT_6Axis_ROS2_V4/onrobot_2fg7_description) by extensions ['colcon_pkg']
[0.227s] Level 1:colcon.colcon_core.package_identification:_identify(src/DOBOT_6Axis_ROS2_V4/onrobot_2fg7_description) by extension 'colcon_pkg'
[0.227s] Level 1:colcon.colcon_core.package_identification:_identify(src/DOBOT_6Axis_ROS2_V4/onrobot_2fg7_description) by extensions ['colcon_meta']
[0.227s] Level 1:colcon.colcon_core.package_identification:_identify(src/DOBOT_6Axis_ROS2_V4/onrobot_2fg7_description) by extension 'colcon_meta'
[0.227s] Level 1:colcon.colcon_core.package_identification:_identify(src/DOBOT_6Axis_ROS2_V4/onrobot_2fg7_description) by extensions ['ros']
[0.227s] Level 1:colcon.colcon_core.package_identification:_identify(src/DOBOT_6Axis_ROS2_V4/onrobot_2fg7_description) by extension 'ros'
[0.228s] DEBUG:colcon.colcon_core.package_identification:Package 'src/DOBOT_6Axis_ROS2_V4/onrobot_2fg7_description' with type 'ros.ament_cmake' and name 'onrobot_2fg7_description'
[0.228s] Level 1:colcon.colcon_core.package_identification:_identify(src/DOBOT_6Axis_ROS2_V4/servo_action) by extensions ['ignore', 'ignore_ament_install']
[0.228s] Level 1:colcon.colcon_core.package_identification:_identify(src/DOBOT_6Axis_ROS2_V4/servo_action) by extension 'ignore'
[0.228s] Level 1:colcon.colcon_core.package_identification:_identify(src/DOBOT_6Axis_ROS2_V4/servo_action) by extension 'ignore_ament_install'
[0.228s] Level 1:colcon.colcon_core.package_identification:_identify(src/DOBOT_6Axis_ROS2_V4/servo_action) by extensions ['colcon_pkg']
[0.228s] Level 1:colcon.colcon_core.package_identification:_identify(src/DOBOT_6Axis_ROS2_V4/servo_action) by extension 'colcon_pkg'
[0.228s] Level 1:colcon.colcon_core.package_identification:_identify(src/DOBOT_6Axis_ROS2_V4/servo_action) by extensions ['colcon_meta']
[0.228s] Level 1:colcon.colcon_core.package_identification:_identify(src/DOBOT_6Axis_ROS2_V4/servo_action) by extension 'colcon_meta'
[0.228s] Level 1:colcon.colcon_core.package_identification:_identify(src/DOBOT_6Axis_ROS2_V4/servo_action) by extensions ['ros']
[0.228s] Level 1:colcon.colcon_core.package_identification:_identify(src/DOBOT_6Axis_ROS2_V4/servo_action) by extension 'ros'
[0.229s] DEBUG:colcon.colcon_core.package_identification:Package 'src/DOBOT_6Axis_ROS2_V4/servo_action' with type 'ros.ament_python' and name 'servo_action'
[0.229s] Level 1:colcon.colcon_core.package_identification:_identify(src/IFRA_LinkAttacher) by extensions ['ignore', 'ignore_ament_install']
[0.229s] Level 1:colcon.colcon_core.package_identification:_identify(src/IFRA_LinkAttacher) by extension 'ignore'
[0.229s] Level 1:colcon.colcon_core.package_identification:_identify(src/IFRA_LinkAttacher) by extension 'ignore_ament_install'
[0.229s] Level 1:colcon.colcon_core.package_identification:_identify(src/IFRA_LinkAttacher) by extensions ['colcon_pkg']
[0.229s] Level 1:colcon.colcon_core.package_identification:_identify(src/IFRA_LinkAttacher) by extension 'colcon_pkg'
[0.229s] Level 1:colcon.colcon_core.package_identification:_identify(src/IFRA_LinkAttacher) by extensions ['colcon_meta']
[0.229s] Level 1:colcon.colcon_core.package_identification:_identify(src/IFRA_LinkAttacher) by extension 'colcon_meta'
[0.229s] Level 1:colcon.colcon_core.package_identification:_identify(src/IFRA_LinkAttacher) by extensions ['ros']
[0.229s] Level 1:colcon.colcon_core.package_identification:_identify(src/IFRA_LinkAttacher) by extension 'ros'
[0.229s] Level 1:colcon.colcon_core.package_identification:_identify(src/IFRA_LinkAttacher) by extensions ['cmake', 'python']
[0.229s] Level 1:colcon.colcon_core.package_identification:_identify(src/IFRA_LinkAttacher) by extension 'cmake'
[0.229s] Level 1:colcon.colcon_core.package_identification:_identify(src/IFRA_LinkAttacher) by extension 'python'
[0.229s] Level 1:colcon.colcon_core.package_identification:_identify(src/IFRA_LinkAttacher) by extensions ['python_setup_py']
[0.229s] Level 1:colcon.colcon_core.package_identification:_identify(src/IFRA_LinkAttacher) by extension 'python_setup_py'
[0.229s] Level 1:colcon.colcon_core.package_identification:_identify(src/IFRA_LinkAttacher/linkattacher_msgs) by extensions ['ignore', 'ignore_ament_install']
[0.229s] Level 1:colcon.colcon_core.package_identification:_identify(src/IFRA_LinkAttacher/linkattacher_msgs) by extension 'ignore'
[0.229s] Level 1:colcon.colcon_core.package_identification:_identify(src/IFRA_LinkAttacher/linkattacher_msgs) by extension 'ignore_ament_install'
[0.229s] Level 1:colcon.colcon_core.package_identification:_identify(src/IFRA_LinkAttacher/linkattacher_msgs) by extensions ['colcon_pkg']
[0.229s] Level 1:colcon.colcon_core.package_identification:_identify(src/IFRA_LinkAttacher/linkattacher_msgs) by extension 'colcon_pkg'
[0.229s] Level 1:colcon.colcon_core.package_identification:_identify(src/IFRA_LinkAttacher/linkattacher_msgs) by extensions ['colcon_meta']
[0.229s] Level 1:colcon.colcon_core.package_identification:_identify(src/IFRA_LinkAttacher/linkattacher_msgs) by extension 'colcon_meta'
[0.230s] Level 1:colcon.colcon_core.package_identification:_identify(src/IFRA_LinkAttacher/linkattacher_msgs) by extensions ['ros']
[0.230s] Level 1:colcon.colcon_core.package_identification:_identify(src/IFRA_LinkAttacher/linkattacher_msgs) by extension 'ros'
[0.230s] DEBUG:colcon.colcon_core.package_identification:Package 'src/IFRA_LinkAttacher/linkattacher_msgs' with type 'ros.ament_cmake' and name 'linkattacher_msgs'
[0.230s] Level 1:colcon.colcon_core.package_identification:_identify(src/IFRA_LinkAttacher/ros2_LinkAttacher) by extensions ['ignore', 'ignore_ament_install']
[0.230s] Level 1:colcon.colcon_core.package_identification:_identify(src/IFRA_LinkAttacher/ros2_LinkAttacher) by extension 'ignore'
[0.230s] Level 1:colcon.colcon_core.package_identification:_identify(src/IFRA_LinkAttacher/ros2_LinkAttacher) by extension 'ignore_ament_install'
[0.230s] Level 1:colcon.colcon_core.package_identification:_identify(src/IFRA_LinkAttacher/ros2_LinkAttacher) by extensions ['colcon_pkg']
[0.230s] Level 1:colcon.colcon_core.package_identification:_identify(src/IFRA_LinkAttacher/ros2_LinkAttacher) by extension 'colcon_pkg'
[0.230s] Level 1:colcon.colcon_core.package_identification:_identify(src/IFRA_LinkAttacher/ros2_LinkAttacher) by extensions ['colcon_meta']
[0.230s] Level 1:colcon.colcon_core.package_identification:_identify(src/IFRA_LinkAttacher/ros2_LinkAttacher) by extension 'colcon_meta'
[0.230s] Level 1:colcon.colcon_core.package_identification:_identify(src/IFRA_LinkAttacher/ros2_LinkAttacher) by extensions ['ros']
[0.230s] Level 1:colcon.colcon_core.package_identification:_identify(src/IFRA_LinkAttacher/ros2_LinkAttacher) by extension 'ros'
[0.231s] DEBUG:colcon.colcon_core.package_identification:Package 'src/IFRA_LinkAttacher/ros2_LinkAttacher' with type 'ros.ament_cmake' and name 'ros2_linkattacher'
[0.231s] Level 1:colcon.colcon_core.package_discovery:discover_packages(recursive) using defaults
[0.231s] Level 1:colcon.colcon_core.package_discovery:discover_packages(ignore) discover
[0.231s] Level 1:colcon.colcon_core.package_discovery:discover_packages(ignore) using defaults
[0.231s] Level 1:colcon.colcon_core.package_discovery:discover_packages(path) discover
[0.231s] Level 1:colcon.colcon_core.package_discovery:discover_packages(path) using defaults
[0.248s] Level 1:colcon.colcon_core.package_discovery:discover_packages(prefix_path) check parameters
[0.248s] Level 1:colcon.colcon_core.package_discovery:discover_packages(prefix_path) discover
[0.249s] DEBUG:colcon.colcon_installed_package_information.package_discovery:Found 13 installed packages in /home/user/dobot_ws/install
[0.251s] DEBUG:colcon.colcon_installed_package_information.package_discovery:Found 288 installed packages in /opt/ros/humble
[0.257s] Level 1:colcon.colcon_core.package_discovery:discover_packages(prefix_path) using defaults
[0.283s] Level 5:colcon.colcon_core.verb:set package 'ariac_db' build argument 'cmake_args' from command line to 'None'
[0.283s] Level 5:colcon.colcon_core.verb:set package 'ariac_db' build argument 'cmake_target' from command line to 'None'
[0.284s] Level 5:colcon.colcon_core.verb:set package 'ariac_db' build argument 'cmake_target_skip_unavailable' from command line to 'False'
[0.284s] Level 5:colcon.colcon_core.verb:set package 'ariac_db' build argument 'cmake_clean_cache' from command line to 'False'
[0.284s] Level 5:colcon.colcon_core.verb:set package 'ariac_db' build argument 'cmake_clean_first' from command line to 'False'
[0.284s] Level 5:colcon.colcon_core.verb:set package 'ariac_db' build argument 'cmake_force_configure' from command line to 'False'
[0.284s] Level 5:colcon.colcon_core.verb:set package 'ariac_db' build argument 'ament_cmake_args' from command line to 'None'
[0.284s] Level 5:colcon.colcon_core.verb:set package 'ariac_db' build argument 'catkin_cmake_args' from command line to 'None'
[0.284s] Level 5:colcon.colcon_core.verb:set package 'ariac_db' build argument 'catkin_skip_building_tests' from command line to 'False'
[0.284s] DEBUG:colcon.colcon_core.verb:Building package 'ariac_db' with the following arguments: {'ament_cmake_args': None, 'build_base': '/home/user/dobot_ws/build/ariac_db', 'catkin_cmake_args': None, 'catkin_skip_building_tests': False, 'cmake_args': None, 'cmake_clean_cache': False, 'cmake_clean_first': False, 'cmake_force_configure': False, 'cmake_target': None, 'cmake_target_skip_unavailable': False, 'install_base': '/home/user/dobot_ws/install/ariac_db', 'merge_install': False, 'path': '/home/user/dobot_ws/src/ARIAC/ariac_db', 'symlink_install': False, 'test_result_base': None}
[0.284s] Level 5:colcon.colcon_core.verb:set package 'ariac_description' build argument 'cmake_args' from command line to 'None'
[0.284s] Level 5:colcon.colcon_core.verb:set package 'ariac_description' build argument 'cmake_target' from command line to 'None'
[0.284s] Level 5:colcon.colcon_core.verb:set package 'ariac_description' build argument 'cmake_target_skip_unavailable' from command line to 'False'
[0.284s] Level 5:colcon.colcon_core.verb:set package 'ariac_description' build argument 'cmake_clean_cache' from command line to 'False'
[0.284s] Level 5:colcon.colcon_core.verb:set package 'ariac_description' build argument 'cmake_clean_first' from command line to 'False'
[0.284s] Level 5:colcon.colcon_core.verb:set package 'ariac_description' build argument 'cmake_force_configure' from command line to 'False'
[0.284s] Level 5:colcon.colcon_core.verb:set package 'ariac_description' build argument 'ament_cmake_args' from command line to 'None'
[0.284s] Level 5:colcon.colcon_core.verb:set package 'ariac_description' build argument 'catkin_cmake_args' from command line to 'None'
[0.284s] Level 5:colcon.colcon_core.verb:set package 'ariac_description' build argument 'catkin_skip_building_tests' from command line to 'False'
[0.284s] DEBUG:colcon.colcon_core.verb:Building package 'ariac_description' with the following arguments: {'ament_cmake_args': None, 'build_base': '/home/user/dobot_ws/build/ariac_description', 'catkin_cmake_args': None, 'catkin_skip_building_tests': False, 'cmake_args': None, 'cmake_clean_cache': False, 'cmake_clean_first': False, 'cmake_force_configure': False, 'cmake_target': None, 'cmake_target_skip_unavailable': False, 'install_base': '/home/user/dobot_ws/install/ariac_description', 'merge_install': False, 'path': '/home/user/dobot_ws/src/ARIAC/ariac_description', 'symlink_install': False, 'test_result_base': None}
[0.284s] Level 5:colcon.colcon_core.verb:set package 'ariac_interfaces' build argument 'cmake_args' from command line to 'None'
[0.284s] Level 5:colcon.colcon_core.verb:set package 'ariac_interfaces' build argument 'cmake_target' from command line to 'None'
[0.285s] Level 5:colcon.colcon_core.verb:set package 'ariac_interfaces' build argument 'cmake_target_skip_unavailable' from command line to 'False'
[0.285s] Level 5:colcon.colcon_core.verb:set package 'ariac_interfaces' build argument 'cmake_clean_cache' from command line to 'False'
[0.285s] Level 5:colcon.colcon_core.verb:set package 'ariac_interfaces' build argument 'cmake_clean_first' from command line to 'False'
[0.285s] Level 5:colcon.colcon_core.verb:set package 'ariac_interfaces' build argument 'cmake_force_configure' from command line to 'False'
[0.285s] Level 5:colcon.colcon_core.verb:set package 'ariac_interfaces' build argument 'ament_cmake_args' from command line to 'None'
[0.285s] Level 5:colcon.colcon_core.verb:set package 'ariac_interfaces' build argument 'catkin_cmake_args' from command line to 'None'
[0.285s] Level 5:colcon.colcon_core.verb:set package 'ariac_interfaces' build argument 'catkin_skip_building_tests' from command line to 'False'
[0.285s] DEBUG:colcon.colcon_core.verb:Building package 'ariac_interfaces' with the following arguments: {'ament_cmake_args': None, 'build_base': '/home/user/dobot_ws/build/ariac_interfaces', 'catkin_cmake_args': None, 'catkin_skip_building_tests': False, 'cmake_args': None, 'cmake_clean_cache': False, 'cmake_clean_first': False, 'cmake_force_configure': False, 'cmake_target': None, 'cmake_target_skip_unavailable': False, 'install_base': '/home/user/dobot_ws/install/ariac_interfaces', 'merge_install': False, 'path': '/home/user/dobot_ws/src/ARIAC/ariac_interfaces', 'symlink_install': False, 'test_result_base': None}
[0.285s] Level 5:colcon.colcon_core.verb:set package 'ariac_setup' build argument 'cmake_args' from command line to 'None'
[0.285s] Level 5:colcon.colcon_core.verb:set package 'ariac_setup' build argument 'cmake_target' from command line to 'None'
[0.285s] Level 5:colcon.colcon_core.verb:set package 'ariac_setup' build argument 'cmake_target_skip_unavailable' from command line to 'False'
[0.285s] Level 5:colcon.colcon_core.verb:set package 'ariac_setup' build argument 'cmake_clean_cache' from command line to 'False'
[0.285s] Level 5:colcon.colcon_core.verb:set package 'ariac_setup' build argument 'cmake_clean_first' from command line to 'False'
[0.285s] Level 5:colcon.colcon_core.verb:set package 'ariac_setup' build argument 'cmake_force_configure' from command line to 'False'
[0.285s] Level 5:colcon.colcon_core.verb:set package 'ariac_setup' build argument 'ament_cmake_args' from command line to 'None'
[0.285s] Level 5:colcon.colcon_core.verb:set package 'ariac_setup' build argument 'catkin_cmake_args' from command line to 'None'
[0.285s] Level 5:colcon.colcon_core.verb:set package 'ariac_setup' build argument 'catkin_skip_building_tests' from command line to 'False'
[0.285s] DEBUG:colcon.colcon_core.verb:Building package 'ariac_setup' with the following arguments: {'ament_cmake_args': None, 'build_base': '/home/user/dobot_ws/build/ariac_setup', 'catkin_cmake_args': None, 'catkin_skip_building_tests': False, 'cmake_args': None, 'cmake_clean_cache': False, 'cmake_clean_first': False, 'cmake_force_configure': False, 'cmake_target': None, 'cmake_target_skip_unavailable': False, 'install_base': '/home/user/dobot_ws/install/ariac_setup', 'merge_install': False, 'path': '/home/user/dobot_ws/src/ARIAC/ariac_setup', 'symlink_install': False, 'test_result_base': None}
[0.285s] Level 5:colcon.colcon_core.verb:set package 'dobot_demo' build argument 'cmake_args' from command line to 'None'
[0.286s] Level 5:colcon.colcon_core.verb:set package 'dobot_demo' build argument 'cmake_target' from command line to 'None'
[0.286s] Level 5:colcon.colcon_core.verb:set package 'dobot_demo' build argument 'cmake_target_skip_unavailable' from command line to 'False'
[0.286s] Level 5:colcon.colcon_core.verb:set package 'dobot_demo' build argument 'cmake_clean_cache' from command line to 'False'
[0.286s] Level 5:colcon.colcon_core.verb:set package 'dobot_demo' build argument 'cmake_clean_first' from command line to 'False'
[0.286s] Level 5:colcon.colcon_core.verb:set package 'dobot_demo' build argument 'cmake_force_configure' from command line to 'False'
[0.286s] Level 5:colcon.colcon_core.verb:set package 'dobot_demo' build argument 'ament_cmake_args' from command line to 'None'
[0.286s] Level 5:colcon.colcon_core.verb:set package 'dobot_demo' build argument 'catkin_cmake_args' from command line to 'None'
[0.286s] Level 5:colcon.colcon_core.verb:set package 'dobot_demo' build argument 'catkin_skip_building_tests' from command line to 'False'
[0.286s] DEBUG:colcon.colcon_core.verb:Building package 'dobot_demo' with the following arguments: {'ament_cmake_args': None, 'build_base': '/home/user/dobot_ws/build/dobot_demo', 'catkin_cmake_args': None, 'catkin_skip_building_tests': False, 'cmake_args': None, 'cmake_clean_cache': False, 'cmake_clean_first': False, 'cmake_force_configure': False, 'cmake_target': None, 'cmake_target_skip_unavailable': False, 'install_base': '/home/user/dobot_ws/install/dobot_demo', 'merge_install': False, 'path': '/home/user/dobot_ws/src/DOBOT_6Axis_ROS2_V4/dobot_demo', 'symlink_install': False, 'test_result_base': None}
[0.286s] Level 5:colcon.colcon_core.verb:set package 'dobot_demo_cpp' build argument 'cmake_args' from command line to 'None'
[0.286s] Level 5:colcon.colcon_core.verb:set package 'dobot_demo_cpp' build argument 'cmake_target' from command line to 'None'
[0.286s] Level 5:colcon.colcon_core.verb:set package 'dobot_demo_cpp' build argument 'cmake_target_skip_unavailable' from command line to 'False'
[0.286s] Level 5:colcon.colcon_core.verb:set package 'dobot_demo_cpp' build argument 'cmake_clean_cache' from command line to 'False'
[0.286s] Level 5:colcon.colcon_core.verb:set package 'dobot_demo_cpp' build argument 'cmake_clean_first' from command line to 'False'
[0.286s] Level 5:colcon.colcon_core.verb:set package 'dobot_demo_cpp' build argument 'cmake_force_configure' from command line to 'False'
[0.286s] Level 5:colcon.colcon_core.verb:set package 'dobot_demo_cpp' build argument 'ament_cmake_args' from command line to 'None'
[0.286s] Level 5:colcon.colcon_core.verb:set package 'dobot_demo_cpp' build argument 'catkin_cmake_args' from command line to 'None'
[0.286s] Level 5:colcon.colcon_core.verb:set package 'dobot_demo_cpp' build argument 'catkin_skip_building_tests' from command line to 'False'
[0.286s] DEBUG:colcon.colcon_core.verb:Building package 'dobot_demo_cpp' with the following arguments: {'ament_cmake_args': None, 'build_base': '/home/user/dobot_ws/build/dobot_demo_cpp', 'catkin_cmake_args': None, 'catkin_skip_building_tests': False, 'cmake_args': None, 'cmake_clean_cache': False, 'cmake_clean_first': False, 'cmake_force_configure': False, 'cmake_target': None, 'cmake_target_skip_unavailable': False, 'install_base': '/home/user/dobot_ws/install/dobot_demo_cpp', 'merge_install': False, 'path': '/home/user/dobot_ws/src/DOBOT_6Axis_ROS2_V4/dobot_demo_cpp', 'symlink_install': False, 'test_result_base': None}
[0.287s] Level 5:colcon.colcon_core.verb:set package 'dobot_moveit' build argument 'cmake_args' from command line to 'None'
[0.287s] Level 5:colcon.colcon_core.verb:set package 'dobot_moveit' build argument 'cmake_target' from command line to 'None'
[0.287s] Level 5:colcon.colcon_core.verb:set package 'dobot_moveit' build argument 'cmake_target_skip_unavailable' from command line to 'False'
[0.287s] Level 5:colcon.colcon_core.verb:set package 'dobot_moveit' build argument 'cmake_clean_cache' from command line to 'False'
[0.287s] Level 5:colcon.colcon_core.verb:set package 'dobot_moveit' build argument 'cmake_clean_first' from command line to 'False'
[0.287s] Level 5:colcon.colcon_core.verb:set package 'dobot_moveit' build argument 'cmake_force_configure' from command line to 'False'
[0.287s] Level 5:colcon.colcon_core.verb:set package 'dobot_moveit' build argument 'ament_cmake_args' from command line to 'None'
[0.287s] Level 5:colcon.colcon_core.verb:set package 'dobot_moveit' build argument 'catkin_cmake_args' from command line to 'None'
[0.287s] Level 5:colcon.colcon_core.verb:set package 'dobot_moveit' build argument 'catkin_skip_building_tests' from command line to 'False'
[0.287s] DEBUG:colcon.colcon_core.verb:Building package 'dobot_moveit' with the following arguments: {'ament_cmake_args': None, 'build_base': '/home/user/dobot_ws/build/dobot_moveit', 'catkin_cmake_args': None, 'catkin_skip_building_tests': False, 'cmake_args': None, 'cmake_clean_cache': False, 'cmake_clean_first': False, 'cmake_force_configure': False, 'cmake_target': None, 'cmake_target_skip_unavailable': False, 'install_base': '/home/user/dobot_ws/install/dobot_moveit', 'merge_install': False, 'path': '/home/user/dobot_ws/src/DOBOT_6Axis_ROS2_V4/dobot_moveit', 'symlink_install': False, 'test_result_base': None}
[0.287s] Level 5:colcon.colcon_core.verb:set package 'dobot_msgs_v4' build argument 'cmake_args' from command line to 'None'
[0.287s] Level 5:colcon.colcon_core.verb:set package 'dobot_msgs_v4' build argument 'cmake_target' from command line to 'None'
[0.287s] Level 5:colcon.colcon_core.verb:set package 'dobot_msgs_v4' build argument 'cmake_target_skip_unavailable' from command line to 'False'
[0.287s] Level 5:colcon.colcon_core.verb:set package 'dobot_msgs_v4' build argument 'cmake_clean_cache' from command line to 'False'
[0.287s] Level 5:colcon.colcon_core.verb:set package 'dobot_msgs_v4' build argument 'cmake_clean_first' from command line to 'False'
[0.287s] Level 5:colcon.colcon_core.verb:set package 'dobot_msgs_v4' build argument 'cmake_force_configure' from command line to 'False'
[0.287s] Level 5:colcon.colcon_core.verb:set package 'dobot_msgs_v4' build argument 'ament_cmake_args' from command line to 'None'
[0.287s] Level 5:colcon.colcon_core.verb:set package 'dobot_msgs_v4' build argument 'catkin_cmake_args' from command line to 'None'
[0.287s] Level 5:colcon.colcon_core.verb:set package 'dobot_msgs_v4' build argument 'catkin_skip_building_tests' from command line to 'False'
[0.287s] DEBUG:colcon.colcon_core.verb:Building package 'dobot_msgs_v4' with the following arguments: {'ament_cmake_args': None, 'build_base': '/home/user/dobot_ws/build/dobot_msgs_v4', 'catkin_cmake_args': None, 'catkin_skip_building_tests': False, 'cmake_args': None, 'cmake_clean_cache': False, 'cmake_clean_first': False, 'cmake_force_configure': False, 'cmake_target': None, 'cmake_target_skip_unavailable': False, 'install_base': '/home/user/dobot_ws/install/dobot_msgs_v4', 'merge_install': False, 'path': '/home/user/dobot_ws/src/DOBOT_6Axis_ROS2_V4/dobot_msgs_v4', 'symlink_install': False, 'test_result_base': None}
[0.288s] Level 5:colcon.colcon_core.verb:set package 'dobot_rviz' build argument 'cmake_args' from command line to 'None'
[0.288s] Level 5:colcon.colcon_core.verb:set package 'dobot_rviz' build argument 'cmake_target' from command line to 'None'
[0.288s] Level 5:colcon.colcon_core.verb:set package 'dobot_rviz' build argument 'cmake_target_skip_unavailable' from command line to 'False'
[0.288s] Level 5:colcon.colcon_core.verb:set package 'dobot_rviz' build argument 'cmake_clean_cache' from command line to 'False'
[0.288s] Level 5:colcon.colcon_core.verb:set package 'dobot_rviz' build argument 'cmake_clean_first' from command line to 'False'
[0.288s] Level 5:colcon.colcon_core.verb:set package 'dobot_rviz' build argument 'cmake_force_configure' from command line to 'False'
[0.288s] Level 5:colcon.colcon_core.verb:set package 'dobot_rviz' build argument 'ament_cmake_args' from command line to 'None'
[0.288s] Level 5:colcon.colcon_core.verb:set package 'dobot_rviz' build argument 'catkin_cmake_args' from command line to 'None'
[0.288s] Level 5:colcon.colcon_core.verb:set package 'dobot_rviz' build argument 'catkin_skip_building_tests' from command line to 'False'
[0.288s] DEBUG:colcon.colcon_core.verb:Building package 'dobot_rviz' with the following arguments: {'ament_cmake_args': None, 'build_base': '/home/user/dobot_ws/build/dobot_rviz', 'catkin_cmake_args': None, 'catkin_skip_building_tests': False, 'cmake_args': None, 'cmake_clean_cache': False, 'cmake_clean_first': False, 'cmake_force_configure': False, 'cmake_target': None, 'cmake_target_skip_unavailable': False, 'install_base': '/home/user/dobot_ws/install/dobot_rviz', 'merge_install': False, 'path': '/home/user/dobot_ws/src/DOBOT_6Axis_ROS2_V4/dobot_rviz', 'symlink_install': False, 'test_result_base': None}
[0.288s] Level 5:colcon.colcon_core.verb:set package 'linkattacher_msgs' build argument 'cmake_args' from command line to 'None'
[0.288s] Level 5:colcon.colcon_core.verb:set package 'linkattacher_msgs' build argument 'cmake_target' from command line to 'None'
[0.288s] Level 5:colcon.colcon_core.verb:set package 'linkattacher_msgs' build argument 'cmake_target_skip_unavailable' from command line to 'False'
[0.288s] Level 5:colcon.colcon_core.verb:set package 'linkattacher_msgs' build argument 'cmake_clean_cache' from command line to 'False'
[0.288s] Level 5:colcon.colcon_core.verb:set package 'linkattacher_msgs' build argument 'cmake_clean_first' from command line to 'False'
[0.288s] Level 5:colcon.colcon_core.verb:set package 'linkattacher_msgs' build argument 'cmake_force_configure' from command line to 'False'
[0.288s] Level 5:colcon.colcon_core.verb:set package 'linkattacher_msgs' build argument 'ament_cmake_args' from command line to 'None'
[0.288s] Level 5:colcon.colcon_core.verb:set package 'linkattacher_msgs' build argument 'catkin_cmake_args' from command line to 'None'
[0.288s] Level 5:colcon.colcon_core.verb:set package 'linkattacher_msgs' build argument 'catkin_skip_building_tests' from command line to 'False'
[0.288s] DEBUG:colcon.colcon_core.verb:Building package 'linkattacher_msgs' with the following arguments: {'ament_cmake_args': None, 'build_base': '/home/user/dobot_ws/build/linkattacher_msgs', 'catkin_cmake_args': None, 'catkin_skip_building_tests': False, 'cmake_args': None, 'cmake_clean_cache': False, 'cmake_clean_first': False, 'cmake_force_configure': False, 'cmake_target': None, 'cmake_target_skip_unavailable': False, 'install_base': '/home/user/dobot_ws/install/linkattacher_msgs', 'merge_install': False, 'path': '/home/user/dobot_ws/src/IFRA_LinkAttacher/linkattacher_msgs', 'symlink_install': False, 'test_result_base': None}
[0.289s] Level 5:colcon.colcon_core.verb:set package 'onrobot_2fg7_description' build argument 'cmake_args' from command line to 'None'
[0.289s] Level 5:colcon.colcon_core.verb:set package 'onrobot_2fg7_description' build argument 'cmake_target' from command line to 'None'
[0.289s] Level 5:colcon.colcon_core.verb:set package 'onrobot_2fg7_description' build argument 'cmake_target_skip_unavailable' from command line to 'False'
[0.289s] Level 5:colcon.colcon_core.verb:set package 'onrobot_2fg7_description' build argument 'cmake_clean_cache' from command line to 'False'
[0.289s] Level 5:colcon.colcon_core.verb:set package 'onrobot_2fg7_description' build argument 'cmake_clean_first' from command line to 'False'
[0.289s] Level 5:colcon.colcon_core.verb:set package 'onrobot_2fg7_description' build argument 'cmake_force_configure' from command line to 'False'
[0.289s] Level 5:colcon.colcon_core.verb:set package 'onrobot_2fg7_description' build argument 'ament_cmake_args' from command line to 'None'
[0.289s] Level 5:colcon.colcon_core.verb:set package 'onrobot_2fg7_description' build argument 'catkin_cmake_args' from command line to 'None'
[0.289s] Level 5:colcon.colcon_core.verb:set package 'onrobot_2fg7_description' build argument 'catkin_skip_building_tests' from command line to 'False'
[0.289s] DEBUG:colcon.colcon_core.verb:Building package 'onrobot_2fg7_description' with the following arguments: {'ament_cmake_args': None, 'build_base': '/home/user/dobot_ws/build/onrobot_2fg7_description', 'catkin_cmake_args': None, 'catkin_skip_building_tests': False, 'cmake_args': None, 'cmake_clean_cache': False, 'cmake_clean_first': False, 'cmake_force_configure': False, 'cmake_target': None, 'cmake_target_skip_unavailable': False, 'install_base': '/home/user/dobot_ws/install/onrobot_2fg7_description', 'merge_install': False, 'path': '/home/user/dobot_ws/src/DOBOT_6Axis_ROS2_V4/onrobot_2fg7_description', 'symlink_install': False, 'test_result_base': None}
[0.289s] Level 5:colcon.colcon_core.verb:set package 'servo_action' build argument 'cmake_args' from command line to 'None'
[0.289s] Level 5:colcon.colcon_core.verb:set package 'servo_action' build argument 'cmake_target' from command line to 'None'
[0.289s] Level 5:colcon.colcon_core.verb:set package 'servo_action' build argument 'cmake_target_skip_unavailable' from command line to 'False'
[0.289s] Level 5:colcon.colcon_core.verb:set package 'servo_action' build argument 'cmake_clean_cache' from command line to 'False'
[0.289s] Level 5:colcon.colcon_core.verb:set package 'servo_action' build argument 'cmake_clean_first' from command line to 'False'
[0.289s] Level 5:colcon.colcon_core.verb:set package 'servo_action' build argument 'cmake_force_configure' from command line to 'False'
[0.289s] Level 5:colcon.colcon_core.verb:set package 'servo_action' build argument 'ament_cmake_args' from command line to 'None'
[0.289s] Level 5:colcon.colcon_core.verb:set package 'servo_action' build argument 'catkin_cmake_args' from command line to 'None'
[0.289s] Level 5:colcon.colcon_core.verb:set package 'servo_action' build argument 'catkin_skip_building_tests' from command line to 'False'
[0.289s] DEBUG:colcon.colcon_core.verb:Building package 'servo_action' with the following arguments: {'ament_cmake_args': None, 'build_base': '/home/user/dobot_ws/build/servo_action', 'catkin_cmake_args': None, 'catkin_skip_building_tests': False, 'cmake_args': None, 'cmake_clean_cache': False, 'cmake_clean_first': False, 'cmake_force_configure': False, 'cmake_target': None, 'cmake_target_skip_unavailable': False, 'install_base': '/home/user/dobot_ws/install/servo_action', 'merge_install': False, 'path': '/home/user/dobot_ws/src/DOBOT_6Axis_ROS2_V4/servo_action', 'symlink_install': False, 'test_result_base': None}
[0.290s] Level 5:colcon.colcon_core.verb:set package 'ariac_app' build argument 'cmake_args' from command line to 'None'
[0.290s] Level 5:colcon.colcon_core.verb:set package 'ariac_app' build argument 'cmake_target' from command line to 'None'
[0.290s] Level 5:colcon.colcon_core.verb:set package 'ariac_app' build argument 'cmake_target_skip_unavailable' from command line to 'False'
[0.290s] Level 5:colcon.colcon_core.verb:set package 'ariac_app' build argument 'cmake_clean_cache' from command line to 'False'
[0.290s] Level 5:colcon.colcon_core.verb:set package 'ariac_app' build argument 'cmake_clean_first' from command line to 'False'
[0.290s] Level 5:colcon.colcon_core.verb:set package 'ariac_app' build argument 'cmake_force_configure' from command line to 'False'
[0.290s] Level 5:colcon.colcon_core.verb:set package 'ariac_app' build argument 'ament_cmake_args' from command line to 'None'
[0.290s] Level 5:colcon.colcon_core.verb:set package 'ariac_app' build argument 'catkin_cmake_args' from command line to 'None'
[0.290s] Level 5:colcon.colcon_core.verb:set package 'ariac_app' build argument 'catkin_skip_building_tests' from command line to 'False'
[0.290s] DEBUG:colcon.colcon_core.verb:Building package 'ariac_app' with the following arguments: {'ament_cmake_args': None, 'build_base': '/home/user/dobot_ws/build/ariac_app', 'catkin_cmake_args': None, 'catkin_skip_building_tests': False, 'cmake_args': None, 'cmake_clean_cache': False, 'cmake_clean_first': False, 'cmake_force_configure': False, 'cmake_target': None, 'cmake_target_skip_unavailable': False, 'install_base': '/home/user/dobot_ws/install/ariac_app', 'merge_install': False, 'path': '/home/user/dobot_ws/src/ARIAC/ariac_app', 'symlink_install': False, 'test_result_base': None}
[0.290s] Level 5:colcon.colcon_core.verb:set package 'ariac_gz' build argument 'cmake_args' from command line to 'None'
[0.290s] Level 5:colcon.colcon_core.verb:set package 'ariac_gz' build argument 'cmake_target' from command line to 'None'
[0.290s] Level 5:colcon.colcon_core.verb:set package 'ariac_gz' build argument 'cmake_target_skip_unavailable' from command line to 'False'
[0.290s] Level 5:colcon.colcon_core.verb:set package 'ariac_gz' build argument 'cmake_clean_cache' from command line to 'False'
[0.290s] Level 5:colcon.colcon_core.verb:set package 'ariac_gz' build argument 'cmake_clean_first' from command line to 'False'
[0.290s] Level 5:colcon.colcon_core.verb:set package 'ariac_gz' build argument 'cmake_force_configure' from command line to 'False'
[0.290s] Level 5:colcon.colcon_core.verb:set package 'ariac_gz' build argument 'ament_cmake_args' from command line to 'None'
[0.290s] Level 5:colcon.colcon_core.verb:set package 'ariac_gz' build argument 'catkin_cmake_args' from command line to 'None'
[0.290s] Level 5:colcon.colcon_core.verb:set package 'ariac_gz' build argument 'catkin_skip_building_tests' from command line to 'False'
[0.290s] DEBUG:colcon.colcon_core.verb:Building package 'ariac_gz' with the following arguments: {'ament_cmake_args': None, 'build_base': '/home/user/dobot_ws/build/ariac_gz', 'catkin_cmake_args': None, 'catkin_skip_building_tests': False, 'cmake_args': None, 'cmake_clean_cache': False, 'cmake_clean_first': False, 'cmake_force_configure': False, 'cmake_target': None, 'cmake_target_skip_unavailable': False, 'install_base': '/home/user/dobot_ws/install/ariac_gz', 'merge_install': False, 'path': '/home/user/dobot_ws/src/ARIAC/ariac_gz', 'symlink_install': False, 'test_result_base': None}
[0.291s] Level 5:colcon.colcon_core.verb:set package 'ariac_plugins' build argument 'cmake_args' from command line to 'None'
[0.291s] Level 5:colcon.colcon_core.verb:set package 'ariac_plugins' build argument 'cmake_target' from command line to 'None'
[0.291s] Level 5:colcon.colcon_core.verb:set package 'ariac_plugins' build argument 'cmake_target_skip_unavailable' from command line to 'False'
[0.291s] Level 5:colcon.colcon_core.verb:set package 'ariac_plugins' build argument 'cmake_clean_cache' from command line to 'False'
[0.291s] Level 5:colcon.colcon_core.verb:set package 'ariac_plugins' build argument 'cmake_clean_first' from command line to 'False'
[0.291s] Level 5:colcon.colcon_core.verb:set package 'ariac_plugins' build argument 'cmake_force_configure' from command line to 'False'
[0.291s] Level 5:colcon.colcon_core.verb:set package 'ariac_plugins' build argument 'ament_cmake_args' from command line to 'None'
[0.291s] Level 5:colcon.colcon_core.verb:set package 'ariac_plugins' build argument 'catkin_cmake_args' from command line to 'None'
[0.291s] Level 5:colcon.colcon_core.verb:set package 'ariac_plugins' build argument 'catkin_skip_building_tests' from command line to 'False'
[0.291s] DEBUG:colcon.colcon_core.verb:Building package 'ariac_plugins' with the following arguments: {'ament_cmake_args': None, 'build_base': '/home/user/dobot_ws/build/ariac_plugins', 'catkin_cmake_args': None, 'catkin_skip_building_tests': False, 'cmake_args': None, 'cmake_clean_cache': False, 'cmake_clean_first': False, 'cmake_force_configure': False, 'cmake_target': None, 'cmake_target_skip_unavailable': False, 'install_base': '/home/user/dobot_ws/install/ariac_plugins', 'merge_install': False, 'path': '/home/user/dobot_ws/src/ARIAC/ariac_plugins', 'symlink_install': False, 'test_result_base': None}
[0.291s] Level 5:colcon.colcon_core.verb:set package 'cr7_moveit' build argument 'cmake_args' from command line to 'None'
[0.291s] Level 5:colcon.colcon_core.verb:set package 'cr7_moveit' build argument 'cmake_target' from command line to 'None'
[0.291s] Level 5:colcon.colcon_core.verb:set package 'cr7_moveit' build argument 'cmake_target_skip_unavailable' from command line to 'False'
[0.291s] Level 5:colcon.colcon_core.verb:set package 'cr7_moveit' build argument 'cmake_clean_cache' from command line to 'False'
[0.291s] Level 5:colcon.colcon_core.verb:set package 'cr7_moveit' build argument 'cmake_clean_first' from command line to 'False'
[0.291s] Level 5:colcon.colcon_core.verb:set package 'cr7_moveit' build argument 'cmake_force_configure' from command line to 'False'
[0.291s] Level 5:colcon.colcon_core.verb:set package 'cr7_moveit' build argument 'ament_cmake_args' from command line to 'None'
[0.291s] Level 5:colcon.colcon_core.verb:set package 'cr7_moveit' build argument 'catkin_cmake_args' from command line to 'None'
[0.291s] Level 5:colcon.colcon_core.verb:set package 'cr7_moveit' build argument 'catkin_skip_building_tests' from command line to 'False'
[0.291s] DEBUG:colcon.colcon_core.verb:Building package 'cr7_moveit' with the following arguments: {'ament_cmake_args': None, 'build_base': '/home/user/dobot_ws/build/cr7_moveit', 'catkin_cmake_args': None, 'catkin_skip_building_tests': False, 'cmake_args': None, 'cmake_clean_cache': False, 'cmake_clean_first': False, 'cmake_force_configure': False, 'cmake_target': None, 'cmake_target_skip_unavailable': False, 'install_base': '/home/user/dobot_ws/install/cr7_moveit', 'merge_install': False, 'path': '/home/user/dobot_ws/src/DOBOT_6Axis_ROS2_V4/cr7_moveit', 'symlink_install': False, 'test_result_base': None}
[0.292s] Level 5:colcon.colcon_core.verb:set package 'cr_robot_ros2' build argument 'cmake_args' from command line to 'None'
[0.292s] Level 5:colcon.colcon_core.verb:set package 'cr_robot_ros2' build argument 'cmake_target' from command line to 'None'
[0.292s] Level 5:colcon.colcon_core.verb:set package 'cr_robot_ros2' build argument 'cmake_target_skip_unavailable' from command line to 'False'
[0.292s] Level 5:colcon.colcon_core.verb:set package 'cr_robot_ros2' build argument 'cmake_clean_cache' from command line to 'False'
[0.292s] Level 5:colcon.colcon_core.verb:set package 'cr_robot_ros2' build argument 'cmake_clean_first' from command line to 'False'
[0.292s] Level 5:colcon.colcon_core.verb:set package 'cr_robot_ros2' build argument 'cmake_force_configure' from command line to 'False'
[0.292s] Level 5:colcon.colcon_core.verb:set package 'cr_robot_ros2' build argument 'ament_cmake_args' from command line to 'None'
[0.292s] Level 5:colcon.colcon_core.verb:set package 'cr_robot_ros2' build argument 'catkin_cmake_args' from command line to 'None'
[0.292s] Level 5:colcon.colcon_core.verb:set package 'cr_robot_ros2' build argument 'catkin_skip_building_tests' from command line to 'False'
[0.292s] DEBUG:colcon.colcon_core.verb:Building package 'cr_robot_ros2' with the following arguments: {'ament_cmake_args': None, 'build_base': '/home/user/dobot_ws/build/cr_robot_ros2', 'catkin_cmake_args': None, 'catkin_skip_building_tests': False, 'cmake_args': None, 'cmake_clean_cache': False, 'cmake_clean_first': False, 'cmake_force_configure': False, 'cmake_target': None, 'cmake_target_skip_unavailable': False, 'install_base': '/home/user/dobot_ws/install/cr_robot_ros2', 'merge_install': False, 'path': '/home/user/dobot_ws/src/DOBOT_6Axis_ROS2_V4/dobot_bringup_v4', 'symlink_install': False, 'test_result_base': None}
[0.292s] Level 5:colcon.colcon_core.verb:set package 'cra_description' build argument 'cmake_args' from command line to 'None'
[0.292s] Level 5:colcon.colcon_core.verb:set package 'cra_description' build argument 'cmake_target' from command line to 'None'
[0.292s] Level 5:colcon.colcon_core.verb:set package 'cra_description' build argument 'cmake_target_skip_unavailable' from command line to 'False'
[0.292s] Level 5:colcon.colcon_core.verb:set package 'cra_description' build argument 'cmake_clean_cache' from command line to 'False'
[0.292s] Level 5:colcon.colcon_core.verb:set package 'cra_description' build argument 'cmake_clean_first' from command line to 'False'
[0.292s] Level 5:colcon.colcon_core.verb:set package 'cra_description' build argument 'cmake_force_configure' from command line to 'False'
[0.292s] Level 5:colcon.colcon_core.verb:set package 'cra_description' build argument 'ament_cmake_args' from command line to 'None'
[0.292s] Level 5:colcon.colcon_core.verb:set package 'cra_description' build argument 'catkin_cmake_args' from command line to 'None'
[0.292s] Level 5:colcon.colcon_core.verb:set package 'cra_description' build argument 'catkin_skip_building_tests' from command line to 'False'
[0.292s] DEBUG:colcon.colcon_core.verb:Building package 'cra_description' with the following arguments: {'ament_cmake_args': None, 'build_base': '/home/user/dobot_ws/build/cra_description', 'catkin_cmake_args': None, 'catkin_skip_building_tests': False, 'cmake_args': None, 'cmake_clean_cache': False, 'cmake_clean_first': False, 'cmake_force_configure': False, 'cmake_target': None, 'cmake_target_skip_unavailable': False, 'install_base': '/home/user/dobot_ws/install/cra_description', 'merge_install': False, 'path': '/home/user/dobot_ws/src/DOBOT_6Axis_ROS2_V4/cra_description', 'symlink_install': False, 'test_result_base': None}
[0.293s] Level 5:colcon.colcon_core.verb:set package 'robotiq_gripper_controller' build argument 'cmake_args' from command line to 'None'
[0.293s] Level 5:colcon.colcon_core.verb:set package 'robotiq_gripper_controller' build argument 'cmake_target' from command line to 'None'
[0.293s] Level 5:colcon.colcon_core.verb:set package 'robotiq_gripper_controller' build argument 'cmake_target_skip_unavailable' from command line to 'False'
[0.293s] Level 5:colcon.colcon_core.verb:set package 'robotiq_gripper_controller' build argument 'cmake_clean_cache' from command line to 'False'
[0.293s] Level 5:colcon.colcon_core.verb:set package 'robotiq_gripper_controller' build argument 'cmake_clean_first' from command line to 'False'
[0.293s] Level 5:colcon.colcon_core.verb:set package 'robotiq_gripper_controller' build argument 'cmake_force_configure' from command line to 'False'
[0.293s] Level 5:colcon.colcon_core.verb:set package 'robotiq_gripper_controller' build argument 'ament_cmake_args' from command line to 'None'
[0.293s] Level 5:colcon.colcon_core.verb:set package 'robotiq_gripper_controller' build argument 'catkin_cmake_args' from command line to 'None'
[0.293s] Level 5:colcon.colcon_core.verb:set package 'robotiq_gripper_controller' build argument 'catkin_skip_building_tests' from command line to 'False'
[0.293s] DEBUG:colcon.colcon_core.verb:Building package 'robotiq_gripper_controller' with the following arguments: {'ament_cmake_args': None, 'build_base': '/home/user/dobot_ws/build/robotiq_gripper_controller', 'catkin_cmake_args': None, 'catkin_skip_building_tests': False, 'cmake_args': None, 'cmake_clean_cache': False, 'cmake_clean_first': False, 'cmake_force_configure': False, 'cmake_target': None, 'cmake_target_skip_unavailable': False, 'install_base': '/home/user/dobot_ws/install/robotiq_gripper_controller', 'merge_install': False, 'path': '/home/user/dobot_ws/src/ARIAC/robotiq_gripper_controller', 'symlink_install': False, 'test_result_base': None}
[0.293s] Level 5:colcon.colcon_core.verb:set package 'ros2_linkattacher' build argument 'cmake_args' from command line to 'None'
[0.293s] Level 5:colcon.colcon_core.verb:set package 'ros2_linkattacher' build argument 'cmake_target' from command line to 'None'
[0.293s] Level 5:colcon.colcon_core.verb:set package 'ros2_linkattacher' build argument 'cmake_target_skip_unavailable' from command line to 'False'
[0.293s] Level 5:colcon.colcon_core.verb:set package 'ros2_linkattacher' build argument 'cmake_clean_cache' from command line to 'False'
[0.293s] Level 5:colcon.colcon_core.verb:set package 'ros2_linkattacher' build argument 'cmake_clean_first' from command line to 'False'
[0.293s] Level 5:colcon.colcon_core.verb:set package 'ros2_linkattacher' build argument 'cmake_force_configure' from command line to 'False'
[0.293s] Level 5:colcon.colcon_core.verb:set package 'ros2_linkattacher' build argument 'ament_cmake_args' from command line to 'None'
[0.293s] Level 5:colcon.colcon_core.verb:set package 'ros2_linkattacher' build argument 'catkin_cmake_args' from command line to 'None'
[0.293s] Level 5:colcon.colcon_core.verb:set package 'ros2_linkattacher' build argument 'catkin_skip_building_tests' from command line to 'False'
[0.293s] DEBUG:colcon.colcon_core.verb:Building package 'ros2_linkattacher' with the following arguments: {'ament_cmake_args': None, 'build_base': '/home/user/dobot_ws/build/ros2_linkattacher', 'catkin_cmake_args': None, 'catkin_skip_building_tests': False, 'cmake_args': None, 'cmake_clean_cache': False, 'cmake_clean_first': False, 'cmake_force_configure': False, 'cmake_target': None, 'cmake_target_skip_unavailable': False, 'install_base': '/home/user/dobot_ws/install/ros2_linkattacher', 'merge_install': False, 'path': '/home/user/dobot_ws/src/IFRA_LinkAttacher/ros2_LinkAttacher', 'symlink_install': False, 'test_result_base': None}
[0.294s] Level 5:colcon.colcon_core.verb:set package 'dobot_gazebo' build argument 'cmake_args' from command line to 'None'
[0.294s] Level 5:colcon.colcon_core.verb:set package 'dobot_gazebo' build argument 'cmake_target' from command line to 'None'
[0.294s] Level 5:colcon.colcon_core.verb:set package 'dobot_gazebo' build argument 'cmake_target_skip_unavailable' from command line to 'False'
[0.294s] Level 5:colcon.colcon_core.verb:set package 'dobot_gazebo' build argument 'cmake_clean_cache' from command line to 'False'
[0.294s] Level 5:colcon.colcon_core.verb:set package 'dobot_gazebo' build argument 'cmake_clean_first' from command line to 'False'
[0.294s] Level 5:colcon.colcon_core.verb:set package 'dobot_gazebo' build argument 'cmake_force_configure' from command line to 'False'
[0.294s] Level 5:colcon.colcon_core.verb:set package 'dobot_gazebo' build argument 'ament_cmake_args' from command line to 'None'
[0.294s] Level 5:colcon.colcon_core.verb:set package 'dobot_gazebo' build argument 'catkin_cmake_args' from command line to 'None'
[0.294s] Level 5:colcon.colcon_core.verb:set package 'dobot_gazebo' build argument 'catkin_skip_building_tests' from command line to 'False'
[0.294s] DEBUG:colcon.colcon_core.verb:Building package 'dobot_gazebo' with the following arguments: {'ament_cmake_args': None, 'build_base': '/home/user/dobot_ws/build/dobot_gazebo', 'catkin_cmake_args': None, 'catkin_skip_building_tests': False, 'cmake_args': None, 'cmake_clean_cache': False, 'cmake_clean_first': False, 'cmake_force_configure': False, 'cmake_target': None, 'cmake_target_skip_unavailable': False, 'install_base': '/home/user/dobot_ws/install/dobot_gazebo', 'merge_install': False, 'path': '/home/user/dobot_ws/src/DOBOT_6Axis_ROS2_V4/dobot_gazebo', 'symlink_install': False, 'test_result_base': None}
[0.294s] INFO:colcon.colcon_core.executor:Executing jobs using 'parallel' executor
[0.295s] DEBUG:colcon.colcon_parallel_executor.executor.parallel:run_until_complete
[0.295s] INFO:colcon.colcon_ros.task.ament_cmake.build:Building ROS package in '/home/user/dobot_ws/src/ARIAC/ariac_interfaces' with build type 'ament_cmake'
[0.295s] INFO:colcon.colcon_cmake.task.cmake.build:Building CMake package in '/home/user/dobot_ws/src/ARIAC/ariac_interfaces'
[0.297s] INFO:colcon.colcon_core.plugin_system:Skipping extension 'colcon_core.shell.bat': Not used on non-Windows systems
[0.297s] INFO:colcon.colcon_core.shell:Skip shell extension 'powershell' for command environment: Not usable outside of PowerShell
[0.297s] DEBUG:colcon.colcon_core.shell:Skip shell extension 'dsv' for command environment
[0.300s] INFO:colcon.colcon_ros.task.ament_cmake.build:Building ROS package in '/home/user/dobot_ws/src/DOBOT_6Axis_ROS2_V4/onrobot_2fg7_description' with build type 'ament_cmake'
[0.300s] INFO:colcon.colcon_cmake.task.cmake.build:Building CMake package in '/home/user/dobot_ws/src/DOBOT_6Axis_ROS2_V4/onrobot_2fg7_description'
[0.301s] INFO:colcon.colcon_core.shell:Skip shell extension 'powershell' for command environment: Not usable outside of PowerShell
[0.301s] DEBUG:colcon.colcon_core.shell:Skip shell extension 'dsv' for command environment
[0.303s] INFO:colcon.colcon_ros.task.ament_python.build:Building ROS package in '/home/user/dobot_ws/src/ARIAC/ariac_setup' with build type 'ament_python'
[0.304s] Level 1:colcon.colcon_core.shell:create_environment_hook('ariac_setup', 'ament_prefix_path')
[0.304s] INFO:colcon.colcon_core.shell:Creating environment hook '/home/user/dobot_ws/install/ariac_setup/share/ariac_setup/hook/ament_prefix_path.ps1'
[0.304s] INFO:colcon.colcon_core.shell:Creating environment descriptor '/home/user/dobot_ws/install/ariac_setup/share/ariac_setup/hook/ament_prefix_path.dsv'
[0.304s] INFO:colcon.colcon_core.shell:Creating environment hook '/home/user/dobot_ws/install/ariac_setup/share/ariac_setup/hook/ament_prefix_path.sh'
[0.305s] INFO:colcon.colcon_core.shell:Skip shell extension 'powershell' for command environment: Not usable outside of PowerShell
[0.305s] DEBUG:colcon.colcon_core.shell:Skip shell extension 'dsv' for command environment
[0.308s] INFO:colcon.colcon_ros.task.ament_cmake.build:Building ROS package in '/home/user/dobot_ws/src/DOBOT_6Axis_ROS2_V4/dobot_msgs_v4' with build type 'ament_cmake'
[0.308s] INFO:colcon.colcon_cmake.task.cmake.build:Building CMake package in '/home/user/dobot_ws/src/DOBOT_6Axis_ROS2_V4/dobot_msgs_v4'
[0.308s] INFO:colcon.colcon_core.shell:Skip shell extension 'powershell' for command environment: Not usable outside of PowerShell
[0.308s] DEBUG:colcon.colcon_core.shell:Skip shell extension 'dsv' for command environment
[0.311s] INFO:colcon.colcon_ros.task.ament_cmake.build:Building ROS package in '/home/user/dobot_ws/src/DOBOT_6Axis_ROS2_V4/dobot_rviz' with build type 'ament_cmake'
[0.311s] INFO:colcon.colcon_cmake.task.cmake.build:Building CMake package in '/home/user/dobot_ws/src/DOBOT_6Axis_ROS2_V4/dobot_rviz'
[0.311s] INFO:colcon.colcon_core.shell:Skip shell extension 'powershell' for command environment: Not usable outside of PowerShell
[0.311s] DEBUG:colcon.colcon_core.shell:Skip shell extension 'dsv' for command environment
[0.313s] INFO:colcon.colcon_ros.task.ament_cmake.build:Building ROS package in '/home/user/dobot_ws/src/IFRA_LinkAttacher/linkattacher_msgs' with build type 'ament_cmake'
[0.314s] INFO:colcon.colcon_cmake.task.cmake.build:Building CMake package in '/home/user/dobot_ws/src/IFRA_LinkAttacher/linkattacher_msgs'
[0.314s] INFO:colcon.colcon_core.shell:Skip shell extension 'powershell' for command environment: Not usable outside of PowerShell
[0.314s] DEBUG:colcon.colcon_core.shell:Skip shell extension 'dsv' for command environment
[0.316s] INFO:colcon.colcon_ros.task.ament_python.build:Building ROS package in '/home/user/dobot_ws/src/ARIAC/ariac_db' with build type 'ament_python'
[0.317s] Level 1:colcon.colcon_core.shell:create_environment_hook('ariac_db', 'ament_prefix_path')
[0.317s] INFO:colcon.colcon_core.shell:Creating environment hook '/home/user/dobot_ws/install/ariac_db/share/ariac_db/hook/ament_prefix_path.ps1'
[0.317s] INFO:colcon.colcon_core.shell:Creating environment descriptor '/home/user/dobot_ws/install/ariac_db/share/ariac_db/hook/ament_prefix_path.dsv'
[0.317s] INFO:colcon.colcon_core.shell:Creating environment hook '/home/user/dobot_ws/install/ariac_db/share/ariac_db/hook/ament_prefix_path.sh'
[0.318s] INFO:colcon.colcon_core.shell:Skip shell extension 'powershell' for command environment: Not usable outside of PowerShell
[0.318s] DEBUG:colcon.colcon_core.shell:Skip shell extension 'dsv' for command environment
[0.320s] INFO:colcon.colcon_ros.task.ament_cmake.build:Building ROS package in '/home/user/dobot_ws/src/ARIAC/ariac_description' with build type 'ament_cmake'
[0.320s] INFO:colcon.colcon_cmake.task.cmake.build:Building CMake package in '/home/user/dobot_ws/src/ARIAC/ariac_description'
[0.321s] INFO:colcon.colcon_core.shell:Skip shell extension 'powershell' for command environment: Not usable outside of PowerShell
[0.321s] DEBUG:colcon.colcon_core.shell:Skip shell extension 'dsv' for command environment
[0.323s] INFO:colcon.colcon_ros.task.ament_python.build:Building ROS package in '/home/user/dobot_ws/src/DOBOT_6Axis_ROS2_V4/dobot_demo' with build type 'ament_python'
[0.323s] Level 1:colcon.colcon_core.shell:create_environment_hook('dobot_demo', 'ament_prefix_path')
[0.324s] INFO:colcon.colcon_core.shell:Creating environment hook '/home/user/dobot_ws/install/dobot_demo/share/dobot_demo/hook/ament_prefix_path.ps1'
[0.324s] INFO:colcon.colcon_core.shell:Creating environment descriptor '/home/user/dobot_ws/install/dobot_demo/share/dobot_demo/hook/ament_prefix_path.dsv'
[0.324s] INFO:colcon.colcon_core.shell:Creating environment hook '/home/user/dobot_ws/install/dobot_demo/share/dobot_demo/hook/ament_prefix_path.sh'
[0.324s] INFO:colcon.colcon_core.shell:Skip shell extension 'powershell' for command environment: Not usable outside of PowerShell
[0.325s] DEBUG:colcon.colcon_core.shell:Skip shell extension 'dsv' for command environment
[0.327s] INFO:colcon.colcon_ros.task.ament_cmake.build:Building ROS package in '/home/user/dobot_ws/src/DOBOT_6Axis_ROS2_V4/dobot_demo_cpp' with build type 'ament_cmake'
[0.327s] INFO:colcon.colcon_cmake.task.cmake.build:Building CMake package in '/home/user/dobot_ws/src/DOBOT_6Axis_ROS2_V4/dobot_demo_cpp'
[0.327s] INFO:colcon.colcon_core.shell:Skip shell extension 'powershell' for command environment: Not usable outside of PowerShell
[0.327s] DEBUG:colcon.colcon_core.shell:Skip shell extension 'dsv' for command environment
[0.330s] INFO:colcon.colcon_ros.task.ament_python.build:Building ROS package in '/home/user/dobot_ws/src/DOBOT_6Axis_ROS2_V4/dobot_moveit' with build type 'ament_python'
[0.330s] Level 1:colcon.colcon_core.shell:create_environment_hook('dobot_moveit', 'ament_prefix_path')
[0.330s] INFO:colcon.colcon_core.shell:Creating environment hook '/home/user/dobot_ws/install/dobot_moveit/share/dobot_moveit/hook/ament_prefix_path.ps1'
[0.331s] INFO:colcon.colcon_core.shell:Creating environment descriptor '/home/user/dobot_ws/install/dobot_moveit/share/dobot_moveit/hook/ament_prefix_path.dsv'
[0.331s] INFO:colcon.colcon_core.shell:Creating environment hook '/home/user/dobot_ws/install/dobot_moveit/share/dobot_moveit/hook/ament_prefix_path.sh'
[0.331s] INFO:colcon.colcon_core.shell:Skip shell extension 'powershell' for command environment: Not usable outside of PowerShell
[0.331s] DEBUG:colcon.colcon_core.shell:Skip shell extension 'dsv' for command environment
[0.334s] INFO:colcon.colcon_ros.task.ament_python.build:Building ROS package in '/home/user/dobot_ws/src/DOBOT_6Axis_ROS2_V4/servo_action' with build type 'ament_python'
[0.334s] Level 1:colcon.colcon_core.shell:create_environment_hook('servo_action', 'ament_prefix_path')
[0.334s] INFO:colcon.colcon_core.shell:Creating environment hook '/home/user/dobot_ws/install/servo_action/share/servo_action/hook/ament_prefix_path.ps1'
[0.334s] INFO:colcon.colcon_core.shell:Creating environment descriptor '/home/user/dobot_ws/install/servo_action/share/servo_action/hook/ament_prefix_path.dsv'
[0.335s] INFO:colcon.colcon_core.shell:Creating environment hook '/home/user/dobot_ws/install/servo_action/share/servo_action/hook/ament_prefix_path.sh'
[0.335s] INFO:colcon.colcon_core.shell:Skip shell extension 'powershell' for command environment: Not usable outside of PowerShell
[0.335s] DEBUG:colcon.colcon_core.shell:Skip shell extension 'dsv' for command environment
[0.343s] DEBUG:colcon.colcon_core.event_handler.log_command:Invoking command in '/home/user/dobot_ws/build/ariac_interfaces': CMAKE_PREFIX_PATH=${CMAKE_PREFIX_PATH}:/home/user/dobot_ws/install/servo_action:/home/user/dobot_ws/install/dobot_moveit:/home/user/dobot_ws/install/dobot_demo:/opt/ros/humble /usr/bin/cmake --build /home/user/dobot_ws/build/ariac_interfaces -- -j16 -l16
[0.345s] DEBUG:colcon.colcon_core.event_handler.log_command:Invoking command in '/home/user/dobot_ws/build/onrobot_2fg7_description': CMAKE_PREFIX_PATH=${CMAKE_PREFIX_PATH}:/home/user/dobot_ws/install/servo_action:/home/user/dobot_ws/install/dobot_moveit:/home/user/dobot_ws/install/dobot_demo:/opt/ros/humble /usr/bin/cmake --build /home/user/dobot_ws/build/onrobot_2fg7_description -- -j16 -l16
[0.515s] INFO:colcon.colcon_core.task.python.build:Building Python package in '/home/user/dobot_ws/src/ARIAC/ariac_setup'
[0.515s] INFO:colcon.colcon_core.shell:Skip shell extension 'powershell' for command environment: Not usable outside of PowerShell
[0.515s] DEBUG:colcon.colcon_core.shell:Skip shell extension 'dsv' for command environment
[0.523s] DEBUG:colcon.colcon_core.event_handler.log_command:Invoking command in '/home/user/dobot_ws/build/dobot_msgs_v4': CMAKE_PREFIX_PATH=${CMAKE_PREFIX_PATH}:/home/user/dobot_ws/install/servo_action:/home/user/dobot_ws/install/dobot_moveit:/home/user/dobot_ws/install/dobot_demo:/opt/ros/humble /usr/bin/cmake --build /home/user/dobot_ws/build/dobot_msgs_v4 -- -j16 -l16
[0.525s] DEBUG:colcon.colcon_core.event_handler.log_command:Invoking command in '/home/user/dobot_ws/build/dobot_rviz': CMAKE_PREFIX_PATH=${CMAKE_PREFIX_PATH}:/home/user/dobot_ws/install/servo_action:/home/user/dobot_ws/install/dobot_moveit:/home/user/dobot_ws/install/dobot_demo:/opt/ros/humble /usr/bin/cmake --build /home/user/dobot_ws/build/dobot_rviz -- -j16 -l16
[0.528s] DEBUG:colcon.colcon_core.event_handler.log_command:Invoking command in '/home/user/dobot_ws/build/linkattacher_msgs': CMAKE_PREFIX_PATH=${CMAKE_PREFIX_PATH}:/home/user/dobot_ws/install/servo_action:/home/user/dobot_ws/install/dobot_moveit:/home/user/dobot_ws/install/dobot_demo:/opt/ros/humble /usr/bin/cmake --build /home/user/dobot_ws/build/linkattacher_msgs -- -j16 -l16
[0.708s] INFO:colcon.colcon_core.task.python.build:Building Python package in '/home/user/dobot_ws/src/ARIAC/ariac_db'
[0.708s] INFO:colcon.colcon_core.shell:Skip shell extension 'powershell' for command environment: Not usable outside of PowerShell
[0.708s] DEBUG:colcon.colcon_core.shell:Skip shell extension 'dsv' for command environment
[0.714s] DEBUG:colcon.colcon_core.event_handler.log_command:Invoking command in '/home/user/dobot_ws/build/ariac_description': CMAKE_PREFIX_PATH=${CMAKE_PREFIX_PATH}:/home/user/dobot_ws/install/servo_action:/home/user/dobot_ws/install/dobot_moveit:/home/user/dobot_ws/install/dobot_demo:/opt/ros/humble /usr/bin/cmake --build /home/user/dobot_ws/build/ariac_description -- -j16 -l16
[0.886s] INFO:colcon.colcon_core.task.python.build:Building Python package in '/home/user/dobot_ws/src/DOBOT_6Axis_ROS2_V4/dobot_demo'
[0.887s] INFO:colcon.colcon_core.shell:Skip shell extension 'powershell' for command environment: Not usable outside of PowerShell
[0.887s] DEBUG:colcon.colcon_core.shell:Skip shell extension 'dsv' for command environment
[0.892s] DEBUG:colcon.colcon_core.event_handler.log_command:Invoking command in '/home/user/dobot_ws/build/dobot_demo_cpp': CMAKE_PREFIX_PATH=${CMAKE_PREFIX_PATH}:/home/user/dobot_ws/install/servo_action:/home/user/dobot_ws/install/dobot_moveit:/home/user/dobot_ws/install/dobot_demo:/opt/ros/humble /usr/bin/cmake --build /home/user/dobot_ws/build/dobot_demo_cpp -- -j16 -l16
[1.064s] INFO:colcon.colcon_core.task.python.build:Building Python package in '/home/user/dobot_ws/src/DOBOT_6Axis_ROS2_V4/dobot_moveit'
[1.064s] INFO:colcon.colcon_core.shell:Skip shell extension 'powershell' for command environment: Not usable outside of PowerShell
[1.064s] DEBUG:colcon.colcon_core.shell:Skip shell extension 'dsv' for command environment
[1.235s] INFO:colcon.colcon_core.task.python.build:Building Python package in '/home/user/dobot_ws/src/DOBOT_6Axis_ROS2_V4/servo_action'
[1.235s] INFO:colcon.colcon_core.shell:Skip shell extension 'powershell' for command environment: Not usable outside of PowerShell
[1.235s] DEBUG:colcon.colcon_core.shell:Skip shell extension 'dsv' for command environment
[1.250s] DEBUG:colcon.colcon_core.event_handler.log_command:Invoked command in '/home/user/dobot_ws/build/onrobot_2fg7_description' returned '0': CMAKE_PREFIX_PATH=${CMAKE_PREFIX_PATH}:/home/user/dobot_ws/install/servo_action:/home/user/dobot_ws/install/dobot_moveit:/home/user/dobot_ws/install/dobot_demo:/opt/ros/humble /usr/bin/cmake --build /home/user/dobot_ws/build/onrobot_2fg7_description -- -j16 -l16
[1.251s] DEBUG:colcon.colcon_core.event_handler.log_command:Invoking command in '/home/user/dobot_ws/build/onrobot_2fg7_description': CMAKE_PREFIX_PATH=${CMAKE_PREFIX_PATH}:/home/user/dobot_ws/install/servo_action:/home/user/dobot_ws/install/dobot_moveit:/home/user/dobot_ws/install/dobot_demo:/opt/ros/humble /usr/bin/cmake --install /home/user/dobot_ws/build/onrobot_2fg7_description
[1.252s] DEBUG:colcon.colcon_core.event_handler.log_command:Invoked command in '/home/user/dobot_ws/build/dobot_rviz' returned '0': CMAKE_PREFIX_PATH=${CMAKE_PREFIX_PATH}:/home/user/dobot_ws/install/servo_action:/home/user/dobot_ws/install/dobot_moveit:/home/user/dobot_ws/install/dobot_demo:/opt/ros/humble /usr/bin/cmake --build /home/user/dobot_ws/build/dobot_rviz -- -j16 -l16
[1.254s] DEBUG:colcon.colcon_core.event_handler.log_command:Invoking command in '/home/user/dobot_ws/build/dobot_rviz': CMAKE_PREFIX_PATH=${CMAKE_PREFIX_PATH}:/home/user/dobot_ws/install/servo_action:/home/user/dobot_ws/install/dobot_moveit:/home/user/dobot_ws/install/dobot_demo:/opt/ros/humble /usr/bin/cmake --install /home/user/dobot_ws/build/dobot_rviz
[1.254s] DEBUG:colcon.colcon_core.event_handler.log_command:Invoked command in '/home/user/dobot_ws/build/ariac_interfaces' returned '0': CMAKE_PREFIX_PATH=${CMAKE_PREFIX_PATH}:/home/user/dobot_ws/install/servo_action:/home/user/dobot_ws/install/dobot_moveit:/home/user/dobot_ws/install/dobot_demo:/opt/ros/humble /usr/bin/cmake --build /home/user/dobot_ws/build/ariac_interfaces -- -j16 -l16
[1.256s] DEBUG:colcon.colcon_core.event_handler.log_command:Invoking command in '/home/user/dobot_ws/build/ariac_interfaces': CMAKE_PREFIX_PATH=${CMAKE_PREFIX_PATH}:/home/user/dobot_ws/install/servo_action:/home/user/dobot_ws/install/dobot_moveit:/home/user/dobot_ws/install/dobot_demo:/opt/ros/humble /usr/bin/cmake --install /home/user/dobot_ws/build/ariac_interfaces
[1.256s] DEBUG:colcon.colcon_core.event_handler.log_command:Invoked command in '/home/user/dobot_ws/build/ariac_description' returned '0': CMAKE_PREFIX_PATH=${CMAKE_PREFIX_PATH}:/home/user/dobot_ws/install/servo_action:/home/user/dobot_ws/install/dobot_moveit:/home/user/dobot_ws/install/dobot_demo:/opt/ros/humble /usr/bin/cmake --build /home/user/dobot_ws/build/ariac_description -- -j16 -l16
[1.258s] DEBUG:colcon.colcon_core.event_handler.log_command:Invoking command in '/home/user/dobot_ws/build/ariac_description': CMAKE_PREFIX_PATH=${CMAKE_PREFIX_PATH}:/home/user/dobot_ws/install/servo_action:/home/user/dobot_ws/install/dobot_moveit:/home/user/dobot_ws/install/dobot_demo:/opt/ros/humble /usr/bin/cmake --install /home/user/dobot_ws/build/ariac_description
[1.258s] DEBUG:colcon.colcon_core.event_handler.log_command:Invoked command in '/home/user/dobot_ws/build/linkattacher_msgs' returned '0': CMAKE_PREFIX_PATH=${CMAKE_PREFIX_PATH}:/home/user/dobot_ws/install/servo_action:/home/user/dobot_ws/install/dobot_moveit:/home/user/dobot_ws/install/dobot_demo:/opt/ros/humble /usr/bin/cmake --build /home/user/dobot_ws/build/linkattacher_msgs -- -j16 -l16
[1.260s] DEBUG:colcon.colcon_core.event_handler.log_command:Invoking command in '/home/user/dobot_ws/build/linkattacher_msgs': CMAKE_PREFIX_PATH=${CMAKE_PREFIX_PATH}:/home/user/dobot_ws/install/servo_action:/home/user/dobot_ws/install/dobot_moveit:/home/user/dobot_ws/install/dobot_demo:/opt/ros/humble /usr/bin/cmake --install /home/user/dobot_ws/build/linkattacher_msgs
[1.260s] DEBUG:colcon.colcon_core.event_handler.log_command:Invoked command in '/home/user/dobot_ws/build/dobot_demo_cpp' returned '0': CMAKE_PREFIX_PATH=${CMAKE_PREFIX_PATH}:/home/user/dobot_ws/install/servo_action:/home/user/dobot_ws/install/dobot_moveit:/home/user/dobot_ws/install/dobot_demo:/opt/ros/humble /usr/bin/cmake --build /home/user/dobot_ws/build/dobot_demo_cpp -- -j16 -l16
[1.262s] DEBUG:colcon.colcon_core.event_handler.log_command:Invoking command in '/home/user/dobot_ws/build/dobot_demo_cpp': CMAKE_PREFIX_PATH=${CMAKE_PREFIX_PATH}:/home/user/dobot_ws/install/servo_action:/home/user/dobot_ws/install/dobot_moveit:/home/user/dobot_ws/install/dobot_demo:/opt/ros/humble /usr/bin/cmake --install /home/user/dobot_ws/build/dobot_demo_cpp
[1.263s] DEBUG:colcon.colcon_core.event_handler.log_command:Invoked command in '/home/user/dobot_ws/build/dobot_msgs_v4' returned '0': CMAKE_PREFIX_PATH=${CMAKE_PREFIX_PATH}:/home/user/dobot_ws/install/servo_action:/home/user/dobot_ws/install/dobot_moveit:/home/user/dobot_ws/install/dobot_demo:/opt/ros/humble /usr/bin/cmake --build /home/user/dobot_ws/build/dobot_msgs_v4 -- -j16 -l16
[1.264s] DEBUG:colcon.colcon_core.event_handler.log_command:Invoking command in '/home/user/dobot_ws/build/dobot_msgs_v4': CMAKE_PREFIX_PATH=${CMAKE_PREFIX_PATH}:/home/user/dobot_ws/install/servo_action:/home/user/dobot_ws/install/dobot_moveit:/home/user/dobot_ws/install/dobot_demo:/opt/ros/humble /usr/bin/cmake --install /home/user/dobot_ws/build/dobot_msgs_v4
[1.283s] Level 1:colcon.colcon_core.environment:create_environment_scripts_only(onrobot_2fg7_description)
[1.291s] Level 1:colcon.colcon_core.environment:checking '/home/user/dobot_ws/install/onrobot_2fg7_description' for CMake module files
[1.293s] Level 1:colcon.colcon_core.environment:checking '/home/user/dobot_ws/install/onrobot_2fg7_description' for CMake config files
[1.296s] Level 1:colcon.colcon_core.shell:create_environment_hook('onrobot_2fg7_description', 'cmake_prefix_path')
[1.296s] INFO:colcon.colcon_core.shell:Creating environment hook '/home/user/dobot_ws/install/onrobot_2fg7_description/share/onrobot_2fg7_description/hook/cmake_prefix_path.ps1'
[1.297s] INFO:colcon.colcon_core.shell:Creating environment descriptor '/home/user/dobot_ws/install/onrobot_2fg7_description/share/onrobot_2fg7_description/hook/cmake_prefix_path.dsv'
[1.298s] INFO:colcon.colcon_core.shell:Creating environment hook '/home/user/dobot_ws/install/onrobot_2fg7_description/share/onrobot_2fg7_description/hook/cmake_prefix_path.sh'
[1.300s] Level 1:colcon.colcon_core.environment:checking '/home/user/dobot_ws/install/onrobot_2fg7_description/bin'
[1.301s] Level 1:colcon.colcon_core.environment:checking '/home/user/dobot_ws/install/onrobot_2fg7_description/lib/pkgconfig/onrobot_2fg7_description.pc'
[1.301s] Level 1:colcon.colcon_core.environment:checking '/home/user/dobot_ws/install/onrobot_2fg7_description/lib/python3.10/site-packages'
[1.302s] Level 1:colcon.colcon_core.environment:checking '/home/user/dobot_ws/install/onrobot_2fg7_description/bin'
[1.302s] INFO:colcon.colcon_core.shell:Creating package script '/home/user/dobot_ws/install/onrobot_2fg7_description/share/onrobot_2fg7_description/package.ps1'
[1.305s] INFO:colcon.colcon_core.shell:Creating package descriptor '/home/user/dobot_ws/install/onrobot_2fg7_description/share/onrobot_2fg7_description/package.dsv'
[1.306s] INFO:colcon.colcon_core.shell:Creating package script '/home/user/dobot_ws/install/onrobot_2fg7_description/share/onrobot_2fg7_description/package.sh'
[1.308s] INFO:colcon.colcon_core.shell:Creating package script '/home/user/dobot_ws/install/onrobot_2fg7_description/share/onrobot_2fg7_description/package.bash'
[1.310s] INFO:colcon.colcon_core.shell:Creating package script '/home/user/dobot_ws/install/onrobot_2fg7_description/share/onrobot_2fg7_description/package.zsh'
[1.312s] Level 1:colcon.colcon_core.environment:create_file_with_runtime_dependencies(/home/user/dobot_ws/install/onrobot_2fg7_description/share/colcon-core/packages/onrobot_2fg7_description)
[1.314s] Level 1:colcon.colcon_core.environment:create_environment_scripts_only(onrobot_2fg7_description)
[1.315s] Level 1:colcon.colcon_core.environment:checking '/home/user/dobot_ws/install/onrobot_2fg7_description' for CMake module files
[1.318s] Level 1:colcon.colcon_core.environment:checking '/home/user/dobot_ws/install/onrobot_2fg7_description' for CMake config files
[1.319s] Level 1:colcon.colcon_core.shell:create_environment_hook('onrobot_2fg7_description', 'cmake_prefix_path')
[1.319s] INFO:colcon.colcon_core.shell:Creating environment hook '/home/user/dobot_ws/install/onrobot_2fg7_description/share/onrobot_2fg7_description/hook/cmake_prefix_path.ps1'
[1.321s] INFO:colcon.colcon_core.shell:Creating environment descriptor '/home/user/dobot_ws/install/onrobot_2fg7_description/share/onrobot_2fg7_description/hook/cmake_prefix_path.dsv'
[1.322s] INFO:colcon.colcon_core.shell:Creating environment hook '/home/user/dobot_ws/install/onrobot_2fg7_description/share/onrobot_2fg7_description/hook/cmake_prefix_path.sh'
[1.323s] Level 1:colcon.colcon_core.environment:checking '/home/user/dobot_ws/install/onrobot_2fg7_description/bin'
[1.323s] Level 1:colcon.colcon_core.environment:checking '/home/user/dobot_ws/install/onrobot_2fg7_description/lib/pkgconfig/onrobot_2fg7_description.pc'
[1.324s] Level 1:colcon.colcon_core.environment:checking '/home/user/dobot_ws/install/onrobot_2fg7_description/lib/python3.10/site-packages'
[1.324s] Level 1:colcon.colcon_core.environment:checking '/home/user/dobot_ws/install/onrobot_2fg7_description/bin'
[1.325s] INFO:colcon.colcon_core.shell:Creating package script '/home/user/dobot_ws/install/onrobot_2fg7_description/share/onrobot_2fg7_description/package.ps1'
[1.333s] INFO:colcon.colcon_core.shell:Creating package descriptor '/home/user/dobot_ws/install/onrobot_2fg7_description/share/onrobot_2fg7_description/package.dsv'
[1.334s] INFO:colcon.colcon_core.shell:Creating package script '/home/user/dobot_ws/install/onrobot_2fg7_description/share/onrobot_2fg7_description/package.sh'
[1.335s] INFO:colcon.colcon_core.shell:Creating package script '/home/user/dobot_ws/install/onrobot_2fg7_description/share/onrobot_2fg7_description/package.bash'
[1.348s] INFO:colcon.colcon_core.shell:Creating package script '/home/user/dobot_ws/install/onrobot_2fg7_description/share/onrobot_2fg7_description/package.zsh'
[1.349s] Level 1:colcon.colcon_core.environment:create_file_with_runtime_dependencies(/home/user/dobot_ws/install/onrobot_2fg7_description/share/colcon-core/packages/onrobot_2fg7_description)
[1.351s] Level 1:colcon.colcon_core.environment:create_environment_scripts_only(dobot_rviz)
[1.351s] Level 1:colcon.colcon_core.environment:checking '/home/user/dobot_ws/install/dobot_rviz' for CMake module files
[1.352s] Level 1:colcon.colcon_core.environment:checking '/home/user/dobot_ws/install/dobot_rviz' for CMake config files
[1.354s] Level 1:colcon.colcon_core.shell:create_environment_hook('dobot_rviz', 'cmake_prefix_path')
[1.354s] INFO:colcon.colcon_core.shell:Creating environment hook '/home/user/dobot_ws/install/dobot_rviz/share/dobot_rviz/hook/cmake_prefix_path.ps1'
[1.356s] INFO:colcon.colcon_core.shell:Creating environment descriptor '/home/user/dobot_ws/install/dobot_rviz/share/dobot_rviz/hook/cmake_prefix_path.dsv'
[1.356s] INFO:colcon.colcon_core.shell:Creating environment hook '/home/user/dobot_ws/install/dobot_rviz/share/dobot_rviz/hook/cmake_prefix_path.sh'
[1.357s] Level 1:colcon.colcon_core.environment:checking '/home/user/dobot_ws/install/dobot_rviz/bin'
[1.358s] Level 1:colcon.colcon_core.environment:checking '/home/user/dobot_ws/install/dobot_rviz/lib/pkgconfig/dobot_rviz.pc'
[1.358s] Level 1:colcon.colcon_core.environment:checking '/home/user/dobot_ws/install/dobot_rviz/lib/python3.10/site-packages'
[1.358s] Level 1:colcon.colcon_core.environment:checking '/home/user/dobot_ws/install/dobot_rviz/bin'
[1.359s] INFO:colcon.colcon_core.shell:Creating package script '/home/user/dobot_ws/install/dobot_rviz/share/dobot_rviz/package.ps1'
[1.363s] INFO:colcon.colcon_core.shell:Creating package descriptor '/home/user/dobot_ws/install/dobot_rviz/share/dobot_rviz/package.dsv'
[1.364s] INFO:colcon.colcon_core.shell:Creating package script '/home/user/dobot_ws/install/dobot_rviz/share/dobot_rviz/package.sh'
[1.369s] INFO:colcon.colcon_core.shell:Creating package script '/home/user/dobot_ws/install/dobot_rviz/share/dobot_rviz/package.bash'
[1.370s] INFO:colcon.colcon_core.shell:Creating package script '/home/user/dobot_ws/install/dobot_rviz/share/dobot_rviz/package.zsh'
[1.371s] Level 1:colcon.colcon_core.environment:create_file_with_runtime_dependencies(/home/user/dobot_ws/install/dobot_rviz/share/colcon-core/packages/dobot_rviz)
[1.372s] Level 1:colcon.colcon_core.environment:create_environment_scripts_only(dobot_rviz)
[1.372s] Level 1:colcon.colcon_core.environment:checking '/home/user/dobot_ws/install/dobot_rviz' for CMake module files
[1.373s] Level 1:colcon.colcon_core.environment:checking '/home/user/dobot_ws/install/dobot_rviz' for CMake config files
[1.375s] Level 1:colcon.colcon_core.shell:create_environment_hook('dobot_rviz', 'cmake_prefix_path')
[1.375s] INFO:colcon.colcon_core.shell:Creating environment hook '/home/user/dobot_ws/install/dobot_rviz/share/dobot_rviz/hook/cmake_prefix_path.ps1'
[1.376s] INFO:colcon.colcon_core.shell:Creating environment descriptor '/home/user/dobot_ws/install/dobot_rviz/share/dobot_rviz/hook/cmake_prefix_path.dsv'
[1.377s] INFO:colcon.colcon_core.shell:Creating environment hook '/home/user/dobot_ws/install/dobot_rviz/share/dobot_rviz/hook/cmake_prefix_path.sh'
[1.378s] Level 1:colcon.colcon_core.environment:checking '/home/user/dobot_ws/install/dobot_rviz/bin'
[1.378s] Level 1:colcon.colcon_core.environment:checking '/home/user/dobot_ws/install/dobot_rviz/lib/pkgconfig/dobot_rviz.pc'
[1.378s] Level 1:colcon.colcon_core.environment:checking '/home/user/dobot_ws/install/dobot_rviz/lib/python3.10/site-packages'
[1.379s] Level 1:colcon.colcon_core.environment:checking '/home/user/dobot_ws/install/dobot_rviz/bin'
[1.379s] INFO:colcon.colcon_core.shell:Creating package script '/home/user/dobot_ws/install/dobot_rviz/share/dobot_rviz/package.ps1'
[1.380s] INFO:colcon.colcon_core.shell:Creating package descriptor '/home/user/dobot_ws/install/dobot_rviz/share/dobot_rviz/package.dsv'
[1.381s] INFO:colcon.colcon_core.shell:Creating package script '/home/user/dobot_ws/install/dobot_rviz/share/dobot_rviz/package.sh'
[1.382s] INFO:colcon.colcon_core.shell:Creating package script '/home/user/dobot_ws/install/dobot_rviz/share/dobot_rviz/package.bash'
[1.383s] INFO:colcon.colcon_core.shell:Creating package script '/home/user/dobot_ws/install/dobot_rviz/share/dobot_rviz/package.zsh'
[1.384s] Level 1:colcon.colcon_core.environment:create_file_with_runtime_dependencies(/home/user/dobot_ws/install/dobot_rviz/share/colcon-core/packages/dobot_rviz)
[1.384s] INFO:colcon.colcon_ros.task.ament_cmake.build:Building ROS package in '/home/user/dobot_ws/src/DOBOT_6Axis_ROS2_V4/cra_description' with build type 'ament_cmake'
[1.384s] INFO:colcon.colcon_cmake.task.cmake.build:Building CMake package in '/home/user/dobot_ws/src/DOBOT_6Axis_ROS2_V4/cra_description'
[1.385s] INFO:colcon.colcon_core.shell:Skip shell extension 'powershell' for command environment: Not usable outside of PowerShell
[1.385s] DEBUG:colcon.colcon_core.shell:Skip shell extension 'dsv' for command environment
[1.396s] Level 1:colcon.colcon_core.environment:create_environment_scripts_only(dobot_demo_cpp)
[1.397s] Level 1:colcon.colcon_core.environment:checking '/home/user/dobot_ws/install/dobot_demo_cpp' for CMake module files
[1.398s] Level 1:colcon.colcon_core.environment:checking '/home/user/dobot_ws/install/dobot_demo_cpp' for CMake config files
[1.399s] Level 1:colcon.colcon_core.shell:create_environment_hook('dobot_demo_cpp', 'cmake_prefix_path')
[1.399s] INFO:colcon.colcon_core.shell:Creating environment hook '/home/user/dobot_ws/install/dobot_demo_cpp/share/dobot_demo_cpp/hook/cmake_prefix_path.ps1'
[1.400s] INFO:colcon.colcon_core.shell:Creating environment descriptor '/home/user/dobot_ws/install/dobot_demo_cpp/share/dobot_demo_cpp/hook/cmake_prefix_path.dsv'
[1.401s] INFO:colcon.colcon_core.shell:Creating environment hook '/home/user/dobot_ws/install/dobot_demo_cpp/share/dobot_demo_cpp/hook/cmake_prefix_path.sh'
[1.401s] Level 1:colcon.colcon_core.environment:checking '/home/user/dobot_ws/install/dobot_demo_cpp/lib'
[1.402s] Level 1:colcon.colcon_core.environment:checking '/home/user/dobot_ws/install/dobot_demo_cpp/bin'
[1.402s] Level 1:colcon.colcon_core.environment:checking '/home/user/dobot_ws/install/dobot_demo_cpp/lib/pkgconfig/dobot_demo_cpp.pc'
[1.402s] Level 1:colcon.colcon_core.environment:checking '/home/user/dobot_ws/install/dobot_demo_cpp/lib/python3.10/site-packages'
[1.403s] Level 1:colcon.colcon_core.environment:checking '/home/user/dobot_ws/install/dobot_demo_cpp/bin'
[1.403s] INFO:colcon.colcon_core.shell:Creating package script '/home/user/dobot_ws/install/dobot_demo_cpp/share/dobot_demo_cpp/package.ps1'
[1.404s] INFO:colcon.colcon_core.shell:Creating package descriptor '/home/user/dobot_ws/install/dobot_demo_cpp/share/dobot_demo_cpp/package.dsv'
[1.405s] INFO:colcon.colcon_core.shell:Creating package script '/home/user/dobot_ws/install/dobot_demo_cpp/share/dobot_demo_cpp/package.sh'
[1.406s] INFO:colcon.colcon_core.shell:Creating package script '/home/user/dobot_ws/install/dobot_demo_cpp/share/dobot_demo_cpp/package.bash'
[1.406s] INFO:colcon.colcon_core.shell:Creating package script '/home/user/dobot_ws/install/dobot_demo_cpp/share/dobot_demo_cpp/package.zsh'
[1.407s] Level 1:colcon.colcon_core.environment:create_file_with_runtime_dependencies(/home/user/dobot_ws/install/dobot_demo_cpp/share/colcon-core/packages/dobot_demo_cpp)
[1.408s] Level 1:colcon.colcon_core.environment:create_environment_scripts_only(dobot_demo_cpp)
[1.408s] Level 1:colcon.colcon_core.environment:checking '/home/user/dobot_ws/install/dobot_demo_cpp' for CMake module files
[1.409s] Level 1:colcon.colcon_core.environment:checking '/home/user/dobot_ws/install/dobot_demo_cpp' for CMake config files
[1.410s] Level 1:colcon.colcon_core.shell:create_environment_hook('dobot_demo_cpp', 'cmake_prefix_path')
[1.411s] INFO:colcon.colcon_core.shell:Creating environment hook '/home/user/dobot_ws/install/dobot_demo_cpp/share/dobot_demo_cpp/hook/cmake_prefix_path.ps1'
[1.411s] INFO:colcon.colcon_core.shell:Creating environment descriptor '/home/user/dobot_ws/install/dobot_demo_cpp/share/dobot_demo_cpp/hook/cmake_prefix_path.dsv'
[1.412s] INFO:colcon.colcon_core.shell:Creating environment hook '/home/user/dobot_ws/install/dobot_demo_cpp/share/dobot_demo_cpp/hook/cmake_prefix_path.sh'
[1.413s] Level 1:colcon.colcon_core.environment:checking '/home/user/dobot_ws/install/dobot_demo_cpp/lib'
[1.413s] Level 1:colcon.colcon_core.environment:checking '/home/user/dobot_ws/install/dobot_demo_cpp/bin'
[1.413s] Level 1:colcon.colcon_core.environment:checking '/home/user/dobot_ws/install/dobot_demo_cpp/lib/pkgconfig/dobot_demo_cpp.pc'
[1.413s] Level 1:colcon.colcon_core.environment:checking '/home/user/dobot_ws/install/dobot_demo_cpp/lib/python3.10/site-packages'
[1.414s] Level 1:colcon.colcon_core.environment:checking '/home/user/dobot_ws/install/dobot_demo_cpp/bin'
[1.414s] INFO:colcon.colcon_core.shell:Creating package script '/home/user/dobot_ws/install/dobot_demo_cpp/share/dobot_demo_cpp/package.ps1'
[1.415s] INFO:colcon.colcon_core.shell:Creating package descriptor '/home/user/dobot_ws/install/dobot_demo_cpp/share/dobot_demo_cpp/package.dsv'
[1.416s] INFO:colcon.colcon_core.shell:Creating package script '/home/user/dobot_ws/install/dobot_demo_cpp/share/dobot_demo_cpp/package.sh'
[1.417s] INFO:colcon.colcon_core.shell:Creating package script '/home/user/dobot_ws/install/dobot_demo_cpp/share/dobot_demo_cpp/package.bash'
[1.417s] INFO:colcon.colcon_core.shell:Creating package script '/home/user/dobot_ws/install/dobot_demo_cpp/share/dobot_demo_cpp/package.zsh'
[1.418s] Level 1:colcon.colcon_core.environment:create_file_with_runtime_dependencies(/home/user/dobot_ws/install/dobot_demo_cpp/share/colcon-core/packages/dobot_demo_cpp)
[1.418s] Level 1:colcon.colcon_core.environment:create_environment_scripts_only(ariac_description)
[1.419s] Level 1:colcon.colcon_core.environment:checking '/home/user/dobot_ws/install/ariac_description' for CMake module files
[1.420s] Level 1:colcon.colcon_core.environment:checking '/home/user/dobot_ws/install/ariac_description' for CMake config files
[1.421s] Level 1:colcon.colcon_core.shell:create_environment_hook('ariac_description', 'cmake_prefix_path')
[1.421s] INFO:colcon.colcon_core.shell:Creating environment hook '/home/user/dobot_ws/install/ariac_description/share/ariac_description/hook/cmake_prefix_path.ps1'
[1.422s] INFO:colcon.colcon_core.shell:Creating environment descriptor '/home/user/dobot_ws/install/ariac_description/share/ariac_description/hook/cmake_prefix_path.dsv'
[1.422s] INFO:colcon.colcon_core.shell:Creating environment hook '/home/user/dobot_ws/install/ariac_description/share/ariac_description/hook/cmake_prefix_path.sh'
[1.423s] Level 1:colcon.colcon_core.environment:checking '/home/user/dobot_ws/install/ariac_description/bin'
[1.424s] Level 1:colcon.colcon_core.environment:checking '/home/user/dobot_ws/install/ariac_description/lib/pkgconfig/ariac_description.pc'
[1.424s] Level 1:colcon.colcon_core.environment:checking '/home/user/dobot_ws/install/ariac_description/lib/python3.10/site-packages'
[1.425s] Level 1:colcon.colcon_core.environment:checking '/home/user/dobot_ws/install/ariac_description/bin'
[1.425s] INFO:colcon.colcon_core.shell:Creating package script '/home/user/dobot_ws/install/ariac_description/share/ariac_description/package.ps1'
[1.427s] INFO:colcon.colcon_core.shell:Creating package descriptor '/home/user/dobot_ws/install/ariac_description/share/ariac_description/package.dsv'
[1.428s] INFO:colcon.colcon_core.shell:Creating package script '/home/user/dobot_ws/install/ariac_description/share/ariac_description/package.sh'
[1.429s] INFO:colcon.colcon_core.shell:Creating package script '/home/user/dobot_ws/install/ariac_description/share/ariac_description/package.bash'
[1.429s] INFO:colcon.colcon_core.shell:Creating package script '/home/user/dobot_ws/install/ariac_description/share/ariac_description/package.zsh'
[1.430s] Level 1:colcon.colcon_core.environment:create_file_with_runtime_dependencies(/home/user/dobot_ws/install/ariac_description/share/colcon-core/packages/ariac_description)
[1.431s] Level 1:colcon.colcon_core.environment:create_environment_scripts_only(ariac_description)
[1.432s] Level 1:colcon.colcon_core.environment:checking '/home/user/dobot_ws/install/ariac_description' for CMake module files
[1.433s] Level 1:colcon.colcon_core.environment:checking '/home/user/dobot_ws/install/ariac_description' for CMake config files
[1.434s] Level 1:colcon.colcon_core.shell:create_environment_hook('ariac_description', 'cmake_prefix_path')
[1.435s] INFO:colcon.colcon_core.shell:Creating environment hook '/home/user/dobot_ws/install/ariac_description/share/ariac_description/hook/cmake_prefix_path.ps1'
[1.436s] INFO:colcon.colcon_core.shell:Creating environment descriptor '/home/user/dobot_ws/install/ariac_description/share/ariac_description/hook/cmake_prefix_path.dsv'
[1.436s] INFO:colcon.colcon_core.shell:Creating environment hook '/home/user/dobot_ws/install/ariac_description/share/ariac_description/hook/cmake_prefix_path.sh'
[1.437s] Level 1:colcon.colcon_core.environment:checking '/home/user/dobot_ws/install/ariac_description/bin'
[1.437s] Level 1:colcon.colcon_core.environment:checking '/home/user/dobot_ws/install/ariac_description/lib/pkgconfig/ariac_description.pc'
[1.438s] Level 1:colcon.colcon_core.environment:checking '/home/user/dobot_ws/install/ariac_description/lib/python3.10/site-packages'
[1.438s] Level 1:colcon.colcon_core.environment:checking '/home/user/dobot_ws/install/ariac_description/bin'
[1.438s] INFO:colcon.colcon_core.shell:Creating package script '/home/user/dobot_ws/install/ariac_description/share/ariac_description/package.ps1'
[1.439s] INFO:colcon.colcon_core.shell:Creating package descriptor '/home/user/dobot_ws/install/ariac_description/share/ariac_description/package.dsv'
[1.440s] INFO:colcon.colcon_core.shell:Creating package script '/home/user/dobot_ws/install/ariac_description/share/ariac_description/package.sh'
[1.441s] INFO:colcon.colcon_core.shell:Creating package script '/home/user/dobot_ws/install/ariac_description/share/ariac_description/package.bash'
[1.441s] INFO:colcon.colcon_core.shell:Creating package script '/home/user/dobot_ws/install/ariac_description/share/ariac_description/package.zsh'
[1.442s] Level 1:colcon.colcon_core.environment:create_file_with_runtime_dependencies(/home/user/dobot_ws/install/ariac_description/share/colcon-core/packages/ariac_description)
[1.443s] INFO:colcon.colcon_ros.task.ament_cmake.build:Building ROS package in '/home/user/dobot_ws/src/DOBOT_6Axis_ROS2_V4/cr7_moveit' with build type 'ament_cmake'
[1.443s] INFO:colcon.colcon_cmake.task.cmake.build:Building CMake package in '/home/user/dobot_ws/src/DOBOT_6Axis_ROS2_V4/cr7_moveit'
[1.443s] INFO:colcon.colcon_core.shell:Skip shell extension 'powershell' for command environment: Not usable outside of PowerShell
[1.443s] DEBUG:colcon.colcon_core.shell:Skip shell extension 'dsv' for command environment
[1.454s] Level 1:colcon.colcon_core.environment:create_environment_scripts_only(linkattacher_msgs)
[1.455s] Level 1:colcon.colcon_core.environment:checking '/home/user/dobot_ws/install/linkattacher_msgs' for CMake module files
[1.457s] Level 1:colcon.colcon_core.environment:checking '/home/user/dobot_ws/install/linkattacher_msgs' for CMake config files
[1.459s] Level 1:colcon.colcon_core.shell:create_environment_hook('linkattacher_msgs', 'cmake_prefix_path')
[1.459s] INFO:colcon.colcon_core.shell:Creating environment hook '/home/user/dobot_ws/install/linkattacher_msgs/share/linkattacher_msgs/hook/cmake_prefix_path.ps1'
[1.460s] INFO:colcon.colcon_core.shell:Creating environment descriptor '/home/user/dobot_ws/install/linkattacher_msgs/share/linkattacher_msgs/hook/cmake_prefix_path.dsv'
[1.460s] INFO:colcon.colcon_core.shell:Creating environment hook '/home/user/dobot_ws/install/linkattacher_msgs/share/linkattacher_msgs/hook/cmake_prefix_path.sh'
[1.461s] Level 1:colcon.colcon_core.environment:checking '/home/user/dobot_ws/install/linkattacher_msgs/lib'
[1.461s] Level 1:colcon.colcon_core.shell:create_environment_hook('linkattacher_msgs', 'ld_library_path_lib')
[1.462s] INFO:colcon.colcon_core.shell:Creating environment hook '/home/user/dobot_ws/install/linkattacher_msgs/share/linkattacher_msgs/hook/ld_library_path_lib.ps1'
[1.462s] INFO:colcon.colcon_core.shell:Creating environment descriptor '/home/user/dobot_ws/install/linkattacher_msgs/share/linkattacher_msgs/hook/ld_library_path_lib.dsv'
[1.463s] INFO:colcon.colcon_core.shell:Creating environment hook '/home/user/dobot_ws/install/linkattacher_msgs/share/linkattacher_msgs/hook/ld_library_path_lib.sh'
[1.464s] Level 1:colcon.colcon_core.environment:checking '/home/user/dobot_ws/install/linkattacher_msgs/bin'
[1.464s] Level 1:colcon.colcon_core.environment:checking '/home/user/dobot_ws/install/linkattacher_msgs/lib/pkgconfig/linkattacher_msgs.pc'
[1.464s] Level 1:colcon.colcon_core.environment:checking '/home/user/dobot_ws/install/linkattacher_msgs/lib/python3.10/site-packages'
[1.465s] Level 1:colcon.colcon_core.environment:checking '/home/user/dobot_ws/install/linkattacher_msgs/bin'
[1.465s] INFO:colcon.colcon_core.shell:Creating package script '/home/user/dobot_ws/install/linkattacher_msgs/share/linkattacher_msgs/package.ps1'
[1.466s] INFO:colcon.colcon_core.shell:Creating package descriptor '/home/user/dobot_ws/install/linkattacher_msgs/share/linkattacher_msgs/package.dsv'
[1.467s] INFO:colcon.colcon_core.shell:Creating package script '/home/user/dobot_ws/install/linkattacher_msgs/share/linkattacher_msgs/package.sh'
[1.468s] INFO:colcon.colcon_core.shell:Creating package script '/home/user/dobot_ws/install/linkattacher_msgs/share/linkattacher_msgs/package.bash'
[1.469s] INFO:colcon.colcon_core.shell:Creating package script '/home/user/dobot_ws/install/linkattacher_msgs/share/linkattacher_msgs/package.zsh'
[1.469s] Level 1:colcon.colcon_core.environment:create_file_with_runtime_dependencies(/home/user/dobot_ws/install/linkattacher_msgs/share/colcon-core/packages/linkattacher_msgs)
[1.470s] Level 1:colcon.colcon_core.environment:create_environment_scripts_only(linkattacher_msgs)
[1.471s] Level 1:colcon.colcon_core.environment:checking '/home/user/dobot_ws/install/linkattacher_msgs' for CMake module files
[1.473s] Level 1:colcon.colcon_core.environment:checking '/home/user/dobot_ws/install/linkattacher_msgs' for CMake config files
[1.475s] Level 1:colcon.colcon_core.shell:create_environment_hook('linkattacher_msgs', 'cmake_prefix_path')
[1.476s] INFO:colcon.colcon_core.shell:Creating environment hook '/home/user/dobot_ws/install/linkattacher_msgs/share/linkattacher_msgs/hook/cmake_prefix_path.ps1'
[1.477s] INFO:colcon.colcon_core.shell:Creating environment descriptor '/home/user/dobot_ws/install/linkattacher_msgs/share/linkattacher_msgs/hook/cmake_prefix_path.dsv'
[1.477s] INFO:colcon.colcon_core.shell:Creating environment hook '/home/user/dobot_ws/install/linkattacher_msgs/share/linkattacher_msgs/hook/cmake_prefix_path.sh'
[1.479s] Level 1:colcon.colcon_core.environment:checking '/home/user/dobot_ws/install/linkattacher_msgs/lib'
[1.479s] Level 1:colcon.colcon_core.shell:create_environment_hook('linkattacher_msgs', 'ld_library_path_lib')
[1.479s] INFO:colcon.colcon_core.shell:Creating environment hook '/home/user/dobot_ws/install/linkattacher_msgs/share/linkattacher_msgs/hook/ld_library_path_lib.ps1'
[1.480s] INFO:colcon.colcon_core.shell:Creating environment descriptor '/home/user/dobot_ws/install/linkattacher_msgs/share/linkattacher_msgs/hook/ld_library_path_lib.dsv'
[1.481s] INFO:colcon.colcon_core.shell:Creating environment hook '/home/user/dobot_ws/install/linkattacher_msgs/share/linkattacher_msgs/hook/ld_library_path_lib.sh'
[1.482s] Level 1:colcon.colcon_core.environment:checking '/home/user/dobot_ws/install/linkattacher_msgs/bin'
[1.482s] Level 1:colcon.colcon_core.environment:checking '/home/user/dobot_ws/install/linkattacher_msgs/lib/pkgconfig/linkattacher_msgs.pc'
[1.482s] Level 1:colcon.colcon_core.environment:checking '/home/user/dobot_ws/install/linkattacher_msgs/lib/python3.10/site-packages'
[1.483s] Level 1:colcon.colcon_core.environment:checking '/home/user/dobot_ws/install/linkattacher_msgs/bin'
[1.483s] INFO:colcon.colcon_core.shell:Creating package script '/home/user/dobot_ws/install/linkattacher_msgs/share/linkattacher_msgs/package.ps1'
[1.484s] INFO:colcon.colcon_core.shell:Creating package descriptor '/home/user/dobot_ws/install/linkattacher_msgs/share/linkattacher_msgs/package.dsv'
[1.485s] INFO:colcon.colcon_core.shell:Creating package script '/home/user/dobot_ws/install/linkattacher_msgs/share/linkattacher_msgs/package.sh'
[1.486s] INFO:colcon.colcon_core.shell:Creating package script '/home/user/dobot_ws/install/linkattacher_msgs/share/linkattacher_msgs/package.bash'
[1.486s] INFO:colcon.colcon_core.shell:Creating package script '/home/user/dobot_ws/install/linkattacher_msgs/share/linkattacher_msgs/package.zsh'
[1.487s] Level 1:colcon.colcon_core.environment:create_file_with_runtime_dependencies(/home/user/dobot_ws/install/linkattacher_msgs/share/colcon-core/packages/linkattacher_msgs)
[1.489s] INFO:colcon.colcon_ros.task.ament_cmake.build:Building ROS package in '/home/user/dobot_ws/src/IFRA_LinkAttacher/ros2_LinkAttacher' with build type 'ament_cmake'
[1.489s] INFO:colcon.colcon_cmake.task.cmake.build:Building CMake package in '/home/user/dobot_ws/src/IFRA_LinkAttacher/ros2_LinkAttacher'
[1.489s] INFO:colcon.colcon_core.shell:Skip shell extension 'powershell' for command environment: Not usable outside of PowerShell
[1.489s] DEBUG:colcon.colcon_core.shell:Skip shell extension 'dsv' for command environment
[1.494s] DEBUG:colcon.colcon_core.event_handler.log_command:Invoked command in '/home/user/dobot_ws/build/onrobot_2fg7_description' returned '0': CMAKE_PREFIX_PATH=${CMAKE_PREFIX_PATH}:/home/user/dobot_ws/install/servo_action:/home/user/dobot_ws/install/dobot_moveit:/home/user/dobot_ws/install/dobot_demo:/opt/ros/humble /usr/bin/cmake --install /home/user/dobot_ws/build/onrobot_2fg7_description
[1.501s] Level 1:colcon.colcon_core.environment:create_environment_scripts_only(ariac_interfaces)
[1.502s] Level 1:colcon.colcon_core.environment:checking '/home/user/dobot_ws/install/ariac_interfaces' for CMake module files
[1.504s] Level 1:colcon.colcon_core.environment:checking '/home/user/dobot_ws/install/ariac_interfaces' for CMake config files
[1.506s] Level 1:colcon.colcon_core.shell:create_environment_hook('ariac_interfaces', 'cmake_prefix_path')
[1.506s] INFO:colcon.colcon_core.shell:Creating environment hook '/home/user/dobot_ws/install/ariac_interfaces/share/ariac_interfaces/hook/cmake_prefix_path.ps1'
[1.507s] INFO:colcon.colcon_core.shell:Creating environment descriptor '/home/user/dobot_ws/install/ariac_interfaces/share/ariac_interfaces/hook/cmake_prefix_path.dsv'
[1.508s] INFO:colcon.colcon_core.shell:Creating environment hook '/home/user/dobot_ws/install/ariac_interfaces/share/ariac_interfaces/hook/cmake_prefix_path.sh'
[1.509s] Level 1:colcon.colcon_core.environment:checking '/home/user/dobot_ws/install/ariac_interfaces/lib'
[1.509s] Level 1:colcon.colcon_core.shell:create_environment_hook('ariac_interfaces', 'ld_library_path_lib')
[1.509s] INFO:colcon.colcon_core.shell:Creating environment hook '/home/user/dobot_ws/install/ariac_interfaces/share/ariac_interfaces/hook/ld_library_path_lib.ps1'
[1.510s] INFO:colcon.colcon_core.shell:Creating environment descriptor '/home/user/dobot_ws/install/ariac_interfaces/share/ariac_interfaces/hook/ld_library_path_lib.dsv'
[1.511s] INFO:colcon.colcon_core.shell:Creating environment hook '/home/user/dobot_ws/install/ariac_interfaces/share/ariac_interfaces/hook/ld_library_path_lib.sh'
[1.511s] Level 1:colcon.colcon_core.environment:checking '/home/user/dobot_ws/install/ariac_interfaces/bin'
[1.511s] Level 1:colcon.colcon_core.environment:checking '/home/user/dobot_ws/install/ariac_interfaces/lib/pkgconfig/ariac_interfaces.pc'
[1.512s] Level 1:colcon.colcon_core.environment:checking '/home/user/dobot_ws/install/ariac_interfaces/lib/python3.10/site-packages'
[1.512s] Level 1:colcon.colcon_core.environment:checking '/home/user/dobot_ws/install/ariac_interfaces/bin'
[1.513s] INFO:colcon.colcon_core.shell:Creating package script '/home/user/dobot_ws/install/ariac_interfaces/share/ariac_interfaces/package.ps1'
[1.514s] INFO:colcon.colcon_core.shell:Creating package descriptor '/home/user/dobot_ws/install/ariac_interfaces/share/ariac_interfaces/package.dsv'
[1.515s] INFO:colcon.colcon_core.shell:Creating package script '/home/user/dobot_ws/install/ariac_interfaces/share/ariac_interfaces/package.sh'
[1.516s] INFO:colcon.colcon_core.shell:Creating package script '/home/user/dobot_ws/install/ariac_interfaces/share/ariac_interfaces/package.bash'
[1.516s] INFO:colcon.colcon_core.shell:Creating package script '/home/user/dobot_ws/install/ariac_interfaces/share/ariac_interfaces/package.zsh'
[1.517s] Level 1:colcon.colcon_core.environment:create_file_with_runtime_dependencies(/home/user/dobot_ws/install/ariac_interfaces/share/colcon-core/packages/ariac_interfaces)
[1.519s] Level 1:colcon.colcon_core.environment:create_environment_scripts_only(ariac_interfaces)
[1.519s] Level 1:colcon.colcon_core.environment:checking '/home/user/dobot_ws/install/ariac_interfaces' for CMake module files
[1.522s] Level 1:colcon.colcon_core.environment:checking '/home/user/dobot_ws/install/ariac_interfaces' for CMake config files
[1.523s] Level 1:colcon.colcon_core.shell:create_environment_hook('ariac_interfaces', 'cmake_prefix_path')
[1.524s] INFO:colcon.colcon_core.shell:Creating environment hook '/home/user/dobot_ws/install/ariac_interfaces/share/ariac_interfaces/hook/cmake_prefix_path.ps1'
[1.524s] INFO:colcon.colcon_core.shell:Creating environment descriptor '/home/user/dobot_ws/install/ariac_interfaces/share/ariac_interfaces/hook/cmake_prefix_path.dsv'
[1.525s] INFO:colcon.colcon_core.shell:Creating environment hook '/home/user/dobot_ws/install/ariac_interfaces/share/ariac_interfaces/hook/cmake_prefix_path.sh'
[1.526s] Level 1:colcon.colcon_core.environment:checking '/home/user/dobot_ws/install/ariac_interfaces/lib'
[1.526s] Level 1:colcon.colcon_core.shell:create_environment_hook('ariac_interfaces', 'ld_library_path_lib')
[1.527s] INFO:colcon.colcon_core.shell:Creating environment hook '/home/user/dobot_ws/install/ariac_interfaces/share/ariac_interfaces/hook/ld_library_path_lib.ps1'
[1.527s] INFO:colcon.colcon_core.shell:Creating environment descriptor '/home/user/dobot_ws/install/ariac_interfaces/share/ariac_interfaces/hook/ld_library_path_lib.dsv'
[1.528s] INFO:colcon.colcon_core.shell:Creating environment hook '/home/user/dobot_ws/install/ariac_interfaces/share/ariac_interfaces/hook/ld_library_path_lib.sh'
[1.529s] Level 1:colcon.colcon_core.environment:checking '/home/user/dobot_ws/install/ariac_interfaces/bin'
[1.529s] Level 1:colcon.colcon_core.environment:checking '/home/user/dobot_ws/install/ariac_interfaces/lib/pkgconfig/ariac_interfaces.pc'
[1.529s] Level 1:colcon.colcon_core.environment:checking '/home/user/dobot_ws/install/ariac_interfaces/lib/python3.10/site-packages'
[1.530s] Level 1:colcon.colcon_core.environment:checking '/home/user/dobot_ws/install/ariac_interfaces/bin'
[1.530s] INFO:colcon.colcon_core.shell:Creating package script '/home/user/dobot_ws/install/ariac_interfaces/share/ariac_interfaces/package.ps1'
[1.532s] INFO:colcon.colcon_core.shell:Creating package descriptor '/home/user/dobot_ws/install/ariac_interfaces/share/ariac_interfaces/package.dsv'
[1.532s] INFO:colcon.colcon_core.shell:Creating package script '/home/user/dobot_ws/install/ariac_interfaces/share/ariac_interfaces/package.sh'
[1.533s] INFO:colcon.colcon_core.shell:Creating package script '/home/user/dobot_ws/install/ariac_interfaces/share/ariac_interfaces/package.bash'
[1.534s] INFO:colcon.colcon_core.shell:Creating package script '/home/user/dobot_ws/install/ariac_interfaces/share/ariac_interfaces/package.zsh'
[1.534s] Level 1:colcon.colcon_core.environment:create_file_with_runtime_dependencies(/home/user/dobot_ws/install/ariac_interfaces/share/colcon-core/packages/ariac_interfaces)
[1.538s] INFO:colcon.colcon_ros.task.ament_python.build:Building ROS package in '/home/user/dobot_ws/src/ARIAC/ariac_app' with build type 'ament_python'
[1.538s] Level 1:colcon.colcon_core.shell:create_environment_hook('ariac_app', 'ament_prefix_path')
[1.539s] INFO:colcon.colcon_core.shell:Creating environment hook '/home/user/dobot_ws/install/ariac_app/share/ariac_app/hook/ament_prefix_path.ps1'
[1.540s] INFO:colcon.colcon_core.shell:Creating environment descriptor '/home/user/dobot_ws/install/ariac_app/share/ariac_app/hook/ament_prefix_path.dsv'
[1.540s] INFO:colcon.colcon_core.shell:Creating environment hook '/home/user/dobot_ws/install/ariac_app/share/ariac_app/hook/ament_prefix_path.sh'
[1.541s] INFO:colcon.colcon_core.shell:Skip shell extension 'powershell' for command environment: Not usable outside of PowerShell
[1.541s] DEBUG:colcon.colcon_core.shell:Skip shell extension 'dsv' for command environment
[1.552s] INFO:colcon.colcon_ros.task.ament_cmake.build:Building ROS package in '/home/user/dobot_ws/src/ARIAC/ariac_plugins' with build type 'ament_cmake'
[1.552s] INFO:colcon.colcon_cmake.task.cmake.build:Building CMake package in '/home/user/dobot_ws/src/ARIAC/ariac_plugins'
[1.553s] INFO:colcon.colcon_core.shell:Skip shell extension 'powershell' for command environment: Not usable outside of PowerShell
[1.553s] DEBUG:colcon.colcon_core.shell:Skip shell extension 'dsv' for command environment
[1.565s] INFO:colcon.colcon_ros.task.ament_cmake.build:Building ROS package in '/home/user/dobot_ws/src/ARIAC/robotiq_gripper_controller' with build type 'ament_cmake'
[1.565s] INFO:colcon.colcon_cmake.task.cmake.build:Building CMake package in '/home/user/dobot_ws/src/ARIAC/robotiq_gripper_controller'
[1.566s] INFO:colcon.colcon_core.shell:Skip shell extension 'powershell' for command environment: Not usable outside of PowerShell
[1.566s] DEBUG:colcon.colcon_core.shell:Skip shell extension 'dsv' for command environment
[1.589s] Level 1:colcon.colcon_core.environment:create_environment_scripts_only(dobot_msgs_v4)
[1.590s] Level 1:colcon.colcon_core.environment:checking '/home/user/dobot_ws/install/dobot_msgs_v4' for CMake module files
[1.592s] Level 1:colcon.colcon_core.environment:checking '/home/user/dobot_ws/install/dobot_msgs_v4' for CMake config files
[1.593s] Level 1:colcon.colcon_core.shell:create_environment_hook('dobot_msgs_v4', 'cmake_prefix_path')
[1.594s] INFO:colcon.colcon_core.shell:Creating environment hook '/home/user/dobot_ws/install/dobot_msgs_v4/share/dobot_msgs_v4/hook/cmake_prefix_path.ps1'
[1.594s] INFO:colcon.colcon_core.shell:Creating environment descriptor '/home/user/dobot_ws/install/dobot_msgs_v4/share/dobot_msgs_v4/hook/cmake_prefix_path.dsv'
[1.595s] INFO:colcon.colcon_core.shell:Creating environment hook '/home/user/dobot_ws/install/dobot_msgs_v4/share/dobot_msgs_v4/hook/cmake_prefix_path.sh'
[1.596s] Level 1:colcon.colcon_core.environment:checking '/home/user/dobot_ws/install/dobot_msgs_v4/lib'
[1.596s] Level 1:colcon.colcon_core.shell:create_environment_hook('dobot_msgs_v4', 'ld_library_path_lib')
[1.596s] INFO:colcon.colcon_core.shell:Creating environment hook '/home/user/dobot_ws/install/dobot_msgs_v4/share/dobot_msgs_v4/hook/ld_library_path_lib.ps1'
[1.597s] INFO:colcon.colcon_core.shell:Creating environment descriptor '/home/user/dobot_ws/install/dobot_msgs_v4/share/dobot_msgs_v4/hook/ld_library_path_lib.dsv'
[1.598s] INFO:colcon.colcon_core.shell:Creating environment hook '/home/user/dobot_ws/install/dobot_msgs_v4/share/dobot_msgs_v4/hook/ld_library_path_lib.sh'
[1.599s] Level 1:colcon.colcon_core.environment:checking '/home/user/dobot_ws/install/dobot_msgs_v4/bin'
[1.599s] Level 1:colcon.colcon_core.environment:checking '/home/user/dobot_ws/install/dobot_msgs_v4/lib/pkgconfig/dobot_msgs_v4.pc'
[1.599s] Level 1:colcon.colcon_core.environment:checking '/home/user/dobot_ws/install/dobot_msgs_v4/lib/python3.10/site-packages'
[1.600s] Level 1:colcon.colcon_core.environment:checking '/home/user/dobot_ws/install/dobot_msgs_v4/bin'
[1.600s] INFO:colcon.colcon_core.shell:Creating package script '/home/user/dobot_ws/install/dobot_msgs_v4/share/dobot_msgs_v4/package.ps1'
[1.601s] INFO:colcon.colcon_core.shell:Creating package descriptor '/home/user/dobot_ws/install/dobot_msgs_v4/share/dobot_msgs_v4/package.dsv'
[1.602s] INFO:colcon.colcon_core.shell:Creating package script '/home/user/dobot_ws/install/dobot_msgs_v4/share/dobot_msgs_v4/package.sh'
[1.603s] INFO:colcon.colcon_core.shell:Creating package script '/home/user/dobot_ws/install/dobot_msgs_v4/share/dobot_msgs_v4/package.bash'
[1.604s] INFO:colcon.colcon_core.shell:Creating package script '/home/user/dobot_ws/install/dobot_msgs_v4/share/dobot_msgs_v4/package.zsh'
[1.604s] Level 1:colcon.colcon_core.environment:create_file_with_runtime_dependencies(/home/user/dobot_ws/install/dobot_msgs_v4/share/colcon-core/packages/dobot_msgs_v4)
[1.606s] Level 1:colcon.colcon_core.environment:create_environment_scripts_only(dobot_msgs_v4)
[1.606s] Level 1:colcon.colcon_core.environment:checking '/home/user/dobot_ws/install/dobot_msgs_v4' for CMake module files
[1.608s] Level 1:colcon.colcon_core.environment:checking '/home/user/dobot_ws/install/dobot_msgs_v4' for CMake config files
[1.610s] Level 1:colcon.colcon_core.shell:create_environment_hook('dobot_msgs_v4', 'cmake_prefix_path')
[1.610s] INFO:colcon.colcon_core.shell:Creating environment hook '/home/user/dobot_ws/install/dobot_msgs_v4/share/dobot_msgs_v4/hook/cmake_prefix_path.ps1'
[1.611s] INFO:colcon.colcon_core.shell:Creating environment descriptor '/home/user/dobot_ws/install/dobot_msgs_v4/share/dobot_msgs_v4/hook/cmake_prefix_path.dsv'
[1.611s] INFO:colcon.colcon_core.shell:Creating environment hook '/home/user/dobot_ws/install/dobot_msgs_v4/share/dobot_msgs_v4/hook/cmake_prefix_path.sh'
[1.612s] Level 1:colcon.colcon_core.environment:checking '/home/user/dobot_ws/install/dobot_msgs_v4/lib'
[1.613s] Level 1:colcon.colcon_core.shell:create_environment_hook('dobot_msgs_v4', 'ld_library_path_lib')
[1.613s] INFO:colcon.colcon_core.shell:Creating environment hook '/home/user/dobot_ws/install/dobot_msgs_v4/share/dobot_msgs_v4/hook/ld_library_path_lib.ps1'
[1.613s] INFO:colcon.colcon_core.shell:Creating environment descriptor '/home/user/dobot_ws/install/dobot_msgs_v4/share/dobot_msgs_v4/hook/ld_library_path_lib.dsv'
[1.614s] INFO:colcon.colcon_core.shell:Creating environment hook '/home/user/dobot_ws/install/dobot_msgs_v4/share/dobot_msgs_v4/hook/ld_library_path_lib.sh'
[1.615s] Level 1:colcon.colcon_core.environment:checking '/home/user/dobot_ws/install/dobot_msgs_v4/bin'
[1.615s] Level 1:colcon.colcon_core.environment:checking '/home/user/dobot_ws/install/dobot_msgs_v4/lib/pkgconfig/dobot_msgs_v4.pc'
[1.615s] Level 1:colcon.colcon_core.environment:checking '/home/user/dobot_ws/install/dobot_msgs_v4/lib/python3.10/site-packages'
[1.616s] Level 1:colcon.colcon_core.environment:checking '/home/user/dobot_ws/install/dobot_msgs_v4/bin'
[1.616s] INFO:colcon.colcon_core.shell:Creating package script '/home/user/dobot_ws/install/dobot_msgs_v4/share/dobot_msgs_v4/package.ps1'
[1.617s] INFO:colcon.colcon_core.shell:Creating package descriptor '/home/user/dobot_ws/install/dobot_msgs_v4/share/dobot_msgs_v4/package.dsv'
[1.618s] INFO:colcon.colcon_core.shell:Creating package script '/home/user/dobot_ws/install/dobot_msgs_v4/share/dobot_msgs_v4/package.sh'
[1.619s] INFO:colcon.colcon_core.shell:Creating package script '/home/user/dobot_ws/install/dobot_msgs_v4/share/dobot_msgs_v4/package.bash'
[1.620s] INFO:colcon.colcon_core.shell:Creating package script '/home/user/dobot_ws/install/dobot_msgs_v4/share/dobot_msgs_v4/package.zsh'
[1.621s] Level 1:colcon.colcon_core.environment:create_file_with_runtime_dependencies(/home/user/dobot_ws/install/dobot_msgs_v4/share/colcon-core/packages/dobot_msgs_v4)
[1.623s] INFO:colcon.colcon_ros.task.ament_cmake.build:Building ROS package in '/home/user/dobot_ws/src/DOBOT_6Axis_ROS2_V4/dobot_bringup_v4' with build type 'ament_cmake'
[1.624s] INFO:colcon.colcon_cmake.task.cmake.build:Building CMake package in '/home/user/dobot_ws/src/DOBOT_6Axis_ROS2_V4/dobot_bringup_v4'
[1.624s] INFO:colcon.colcon_core.shell:Skip shell extension 'powershell' for command environment: Not usable outside of PowerShell
[1.624s] DEBUG:colcon.colcon_core.shell:Skip shell extension 'dsv' for command environment
[1.755s] DEBUG:colcon.colcon_core.event_handler.log_command:Invoked command in '/home/user/dobot_ws/build/dobot_rviz' returned '0': CMAKE_PREFIX_PATH=${CMAKE_PREFIX_PATH}:/home/user/dobot_ws/install/servo_action:/home/user/dobot_ws/install/dobot_moveit:/home/user/dobot_ws/install/dobot_demo:/opt/ros/humble /usr/bin/cmake --install /home/user/dobot_ws/build/dobot_rviz
[1.756s] DEBUG:colcon.colcon_core.event_handler.log_command:Invoked command in '/home/user/dobot_ws/build/dobot_demo_cpp' returned '0': CMAKE_PREFIX_PATH=${CMAKE_PREFIX_PATH}:/home/user/dobot_ws/install/servo_action:/home/user/dobot_ws/install/dobot_moveit:/home/user/dobot_ws/install/dobot_demo:/opt/ros/humble /usr/bin/cmake --install /home/user/dobot_ws/build/dobot_demo_cpp
[1.763s] DEBUG:colcon.colcon_core.event_handler.log_command:Invoked command in '/home/user/dobot_ws/build/ariac_description' returned '0': CMAKE_PREFIX_PATH=${CMAKE_PREFIX_PATH}:/home/user/dobot_ws/install/servo_action:/home/user/dobot_ws/install/dobot_moveit:/home/user/dobot_ws/install/dobot_demo:/opt/ros/humble /usr/bin/cmake --install /home/user/dobot_ws/build/ariac_description
[1.778s] DEBUG:colcon.colcon_core.event_handler.log_command:Invoked command in '/home/user/dobot_ws/build/linkattacher_msgs' returned '0': CMAKE_PREFIX_PATH=${CMAKE_PREFIX_PATH}:/home/user/dobot_ws/install/servo_action:/home/user/dobot_ws/install/dobot_moveit:/home/user/dobot_ws/install/dobot_demo:/opt/ros/humble /usr/bin/cmake --install /home/user/dobot_ws/build/linkattacher_msgs
[1.787s] DEBUG:colcon.colcon_core.event_handler.log_command:Invoked command in '/home/user/dobot_ws/build/ariac_interfaces' returned '0': CMAKE_PREFIX_PATH=${CMAKE_PREFIX_PATH}:/home/user/dobot_ws/install/servo_action:/home/user/dobot_ws/install/dobot_moveit:/home/user/dobot_ws/install/dobot_demo:/opt/ros/humble /usr/bin/cmake --install /home/user/dobot_ws/build/ariac_interfaces
[1.794s] DEBUG:colcon.colcon_core.event_handler.log_command:Invoking command in '/home/user/dobot_ws/build/cra_description': CMAKE_PREFIX_PATH=/home/user/dobot_ws/install/onrobot_2fg7_description:/home/user/dobot_ws/install/ros2_linkattacher:/home/user/dobot_ws/install/dobot_gazebo:/home/user/dobot_ws/install/cra_description:/home/user/dobot_ws/install/linkattacher_msgs:/home/user/dobot_ws/install/cr7_moveit:/home/user/dobot_ws/install/dobot_rviz:/home/user/dobot_ws/install/cr_robot_ros2:/home/user/dobot_ws/install/dobot_msgs_v4:/home/user/dobot_ws/install/dobot_demo_cpp:/home/user/dobot_ws/install/servo_action:/home/user/dobot_ws/install/dobot_moveit:/home/user/dobot_ws/install/dobot_demo:/opt/ros/humble /usr/bin/cmake --build /home/user/dobot_ws/build/cra_description -- -j16 -l16
[1.795s] DEBUG:colcon.colcon_core.event_handler.log_command:Invoking command in '/home/user/dobot_ws/build/cr7_moveit': CMAKE_PREFIX_PATH=/home/user/dobot_ws/install/dobot_rviz:/home/user/dobot_ws/install/ros2_linkattacher:/home/user/dobot_ws/install/dobot_gazebo:/home/user/dobot_ws/install/cra_description:/home/user/dobot_ws/install/onrobot_2fg7_description:/home/user/dobot_ws/install/linkattacher_msgs:/home/user/dobot_ws/install/cr7_moveit:/home/user/dobot_ws/install/cr_robot_ros2:/home/user/dobot_ws/install/dobot_msgs_v4:/home/user/dobot_ws/install/dobot_demo_cpp:/home/user/dobot_ws/install/servo_action:/home/user/dobot_ws/install/dobot_moveit:/home/user/dobot_ws/install/dobot_demo:/opt/ros/humble /usr/bin/cmake --build /home/user/dobot_ws/build/cr7_moveit -- -j16 -l16
[1.796s] DEBUG:colcon.colcon_core.event_handler.log_command:Invoking command in '/home/user/dobot_ws/build/ros2_linkattacher': CMAKE_PREFIX_PATH=/home/user/dobot_ws/install/linkattacher_msgs:/home/user/dobot_ws/install/ros2_linkattacher:/home/user/dobot_ws/install/dobot_gazebo:/home/user/dobot_ws/install/cra_description:/home/user/dobot_ws/install/onrobot_2fg7_description:/home/user/dobot_ws/install/cr7_moveit:/home/user/dobot_ws/install/dobot_rviz:/home/user/dobot_ws/install/cr_robot_ros2:/home/user/dobot_ws/install/dobot_msgs_v4:/home/user/dobot_ws/install/dobot_demo_cpp:/home/user/dobot_ws/install/servo_action:/home/user/dobot_ws/install/dobot_moveit:/home/user/dobot_ws/install/dobot_demo:/opt/ros/humble LD_LIBRARY_PATH=/home/user/dobot_ws/install/linkattacher_msgs/lib:/home/user/dobot_ws/install/ros2_linkattacher/lib:/home/user/dobot_ws/install/dobot_msgs_v4/lib:/usr/lib/x86_64-linux-gnu/gazebo-11/plugins:/opt/ros/humble/opt/rviz_ogre_vendor/lib:/opt/ros/humble/lib/x86_64-linux-gnu:/opt/ros/humble/lib /usr/bin/cmake --build /home/user/dobot_ws/build/ros2_linkattacher -- -j16 -l16
[1.796s] DEBUG:colcon.colcon_core.event_handler.log_command:Invoked command in '/home/user/dobot_ws/build/dobot_msgs_v4' returned '0': CMAKE_PREFIX_PATH=${CMAKE_PREFIX_PATH}:/home/user/dobot_ws/install/servo_action:/home/user/dobot_ws/install/dobot_moveit:/home/user/dobot_ws/install/dobot_demo:/opt/ros/humble /usr/bin/cmake --install /home/user/dobot_ws/build/dobot_msgs_v4
[1.796s] DEBUG:colcon.colcon_core.event_handler.log_command:Invoked command in '/home/user/dobot_ws/build/cra_description' returned '0': CMAKE_PREFIX_PATH=/home/user/dobot_ws/install/onrobot_2fg7_description:/home/user/dobot_ws/install/ros2_linkattacher:/home/user/dobot_ws/install/dobot_gazebo:/home/user/dobot_ws/install/cra_description:/home/user/dobot_ws/install/linkattacher_msgs:/home/user/dobot_ws/install/cr7_moveit:/home/user/dobot_ws/install/dobot_rviz:/home/user/dobot_ws/install/cr_robot_ros2:/home/user/dobot_ws/install/dobot_msgs_v4:/home/user/dobot_ws/install/dobot_demo_cpp:/home/user/dobot_ws/install/servo_action:/home/user/dobot_ws/install/dobot_moveit:/home/user/dobot_ws/install/dobot_demo:/opt/ros/humble /usr/bin/cmake --build /home/user/dobot_ws/build/cra_description -- -j16 -l16
[1.797s] DEBUG:colcon.colcon_core.event_handler.log_command:Invoking command in '/home/user/dobot_ws/build/cra_description': CMAKE_PREFIX_PATH=/home/user/dobot_ws/install/onrobot_2fg7_description:/home/user/dobot_ws/install/ros2_linkattacher:/home/user/dobot_ws/install/dobot_gazebo:/home/user/dobot_ws/install/cra_description:/home/user/dobot_ws/install/linkattacher_msgs:/home/user/dobot_ws/install/cr7_moveit:/home/user/dobot_ws/install/dobot_rviz:/home/user/dobot_ws/install/cr_robot_ros2:/home/user/dobot_ws/install/dobot_msgs_v4:/home/user/dobot_ws/install/dobot_demo_cpp:/home/user/dobot_ws/install/servo_action:/home/user/dobot_ws/install/dobot_moveit:/home/user/dobot_ws/install/dobot_demo:/opt/ros/humble /usr/bin/cmake --install /home/user/dobot_ws/build/cra_description
[1.813s] INFO:colcon.colcon_core.task.python.build:Building Python package in '/home/user/dobot_ws/src/ARIAC/ariac_app'
[1.814s] INFO:colcon.colcon_core.shell:Skip shell extension 'powershell' for command environment: Not usable outside of PowerShell
[1.814s] DEBUG:colcon.colcon_core.shell:Skip shell extension 'dsv' for command environment
[1.821s] DEBUG:colcon.colcon_core.event_handler.log_command:Invoking command in '/home/user/dobot_ws/build/ariac_plugins': AMENT_PREFIX_PATH=/home/user/dobot_ws/install/ariac_interfaces:${AMENT_PREFIX_PATH} CMAKE_PREFIX_PATH=/home/user/dobot_ws/install/ariac_interfaces:/home/user/dobot_ws/install/ros2_linkattacher:/home/user/dobot_ws/install/dobot_gazebo:/home/user/dobot_ws/install/cra_description:/home/user/dobot_ws/install/onrobot_2fg7_description:/home/user/dobot_ws/install/linkattacher_msgs:/home/user/dobot_ws/install/cr7_moveit:/home/user/dobot_ws/install/dobot_rviz:/home/user/dobot_ws/install/cr_robot_ros2:/home/user/dobot_ws/install/dobot_msgs_v4:/home/user/dobot_ws/install/dobot_demo_cpp:/home/user/dobot_ws/install/servo_action:/home/user/dobot_ws/install/dobot_moveit:/home/user/dobot_ws/install/dobot_demo:/opt/ros/humble LD_LIBRARY_PATH=/home/user/dobot_ws/install/ariac_interfaces/lib:${LD_LIBRARY_PATH} PYTHONPATH=/home/user/dobot_ws/install/ariac_interfaces/local/lib/python3.10/dist-packages:${PYTHONPATH} /usr/bin/cmake /home/user/dobot_ws/src/ARIAC/ariac_plugins -DCMAKE_INSTALL_PREFIX=/home/user/dobot_ws/install/ariac_plugins
[1.823s] DEBUG:colcon.colcon_core.event_handler.log_command:Invoking command in '/home/user/dobot_ws/build/robotiq_gripper_controller': AMENT_PREFIX_PATH=/home/user/dobot_ws/install/ariac_interfaces:${AMENT_PREFIX_PATH} CMAKE_PREFIX_PATH=/home/user/dobot_ws/install/ariac_interfaces:/home/user/dobot_ws/install/ros2_linkattacher:/home/user/dobot_ws/install/dobot_gazebo:/home/user/dobot_ws/install/cra_description:/home/user/dobot_ws/install/onrobot_2fg7_description:/home/user/dobot_ws/install/linkattacher_msgs:/home/user/dobot_ws/install/cr7_moveit:/home/user/dobot_ws/install/dobot_rviz:/home/user/dobot_ws/install/cr_robot_ros2:/home/user/dobot_ws/install/dobot_msgs_v4:/home/user/dobot_ws/install/dobot_demo_cpp:/home/user/dobot_ws/install/servo_action:/home/user/dobot_ws/install/dobot_moveit:/home/user/dobot_ws/install/dobot_demo:/opt/ros/humble LD_LIBRARY_PATH=/home/user/dobot_ws/install/ariac_interfaces/lib:${LD_LIBRARY_PATH} PYTHONPATH=/home/user/dobot_ws/install/ariac_interfaces/local/lib/python3.10/dist-packages:${PYTHONPATH} /usr/bin/cmake --build /home/user/dobot_ws/build/robotiq_gripper_controller -- -j16 -l16
[1.829s] Level 1:colcon.colcon_core.environment:create_environment_scripts_only(cra_description)
[1.830s] Level 1:colcon.colcon_core.environment:checking '/home/user/dobot_ws/install/cra_description' for CMake module files
[1.831s] Level 1:colcon.colcon_core.environment:checking '/home/user/dobot_ws/install/cra_description' for CMake config files
[1.832s] Level 1:colcon.colcon_core.shell:create_environment_hook('cra_description', 'cmake_prefix_path')
[1.832s] INFO:colcon.colcon_core.shell:Creating environment hook '/home/user/dobot_ws/install/cra_description/share/cra_description/hook/cmake_prefix_path.ps1'
[1.833s] INFO:colcon.colcon_core.shell:Creating environment descriptor '/home/user/dobot_ws/install/cra_description/share/cra_description/hook/cmake_prefix_path.dsv'
[1.834s] INFO:colcon.colcon_core.shell:Creating environment hook '/home/user/dobot_ws/install/cra_description/share/cra_description/hook/cmake_prefix_path.sh'
[1.835s] Level 1:colcon.colcon_core.environment:checking '/home/user/dobot_ws/install/cra_description/bin'
[1.835s] Level 1:colcon.colcon_core.environment:checking '/home/user/dobot_ws/install/cra_description/lib/pkgconfig/cra_description.pc'
[1.836s] Level 1:colcon.colcon_core.environment:checking '/home/user/dobot_ws/install/cra_description/lib/python3.10/site-packages'
[1.836s] Level 1:colcon.colcon_core.environment:checking '/home/user/dobot_ws/install/cra_description/bin'
[1.837s] INFO:colcon.colcon_core.shell:Creating package script '/home/user/dobot_ws/install/cra_description/share/cra_description/package.ps1'
[1.837s] INFO:colcon.colcon_core.shell:Creating package descriptor '/home/user/dobot_ws/install/cra_description/share/cra_description/package.dsv'
[1.838s] INFO:colcon.colcon_core.shell:Creating package script '/home/user/dobot_ws/install/cra_description/share/cra_description/package.sh'
[1.839s] INFO:colcon.colcon_core.shell:Creating package script '/home/user/dobot_ws/install/cra_description/share/cra_description/package.bash'
[1.840s] INFO:colcon.colcon_core.shell:Creating package script '/home/user/dobot_ws/install/cra_description/share/cra_description/package.zsh'
[1.840s] Level 1:colcon.colcon_core.environment:create_file_with_runtime_dependencies(/home/user/dobot_ws/install/cra_description/share/colcon-core/packages/cra_description)
[1.842s] Level 1:colcon.colcon_core.environment:create_environment_scripts_only(cra_description)
[1.842s] Level 1:colcon.colcon_core.environment:checking '/home/user/dobot_ws/install/cra_description' for CMake module files
[1.843s] Level 1:colcon.colcon_core.environment:checking '/home/user/dobot_ws/install/cra_description' for CMake config files
[1.845s] Level 1:colcon.colcon_core.shell:create_environment_hook('cra_description', 'cmake_prefix_path')
[1.845s] INFO:colcon.colcon_core.shell:Creating environment hook '/home/user/dobot_ws/install/cra_description/share/cra_description/hook/cmake_prefix_path.ps1'
[1.845s] INFO:colcon.colcon_core.shell:Creating environment descriptor '/home/user/dobot_ws/install/cra_description/share/cra_description/hook/cmake_prefix_path.dsv'
[1.846s] INFO:colcon.colcon_core.shell:Creating environment hook '/home/user/dobot_ws/install/cra_description/share/cra_description/hook/cmake_prefix_path.sh'
[1.847s] Level 1:colcon.colcon_core.environment:checking '/home/user/dobot_ws/install/cra_description/bin'
[1.847s] Level 1:colcon.colcon_core.environment:checking '/home/user/dobot_ws/install/cra_description/lib/pkgconfig/cra_description.pc'
[1.847s] Level 1:colcon.colcon_core.environment:checking '/home/user/dobot_ws/install/cra_description/lib/python3.10/site-packages'
[1.848s] Level 1:colcon.colcon_core.environment:checking '/home/user/dobot_ws/install/cra_description/bin'
[1.848s] INFO:colcon.colcon_core.shell:Creating package script '/home/user/dobot_ws/install/cra_description/share/cra_description/package.ps1'
[1.849s] INFO:colcon.colcon_core.shell:Creating package descriptor '/home/user/dobot_ws/install/cra_description/share/cra_description/package.dsv'
[1.849s] INFO:colcon.colcon_core.shell:Creating package script '/home/user/dobot_ws/install/cra_description/share/cra_description/package.sh'
[1.850s] INFO:colcon.colcon_core.shell:Creating package script '/home/user/dobot_ws/install/cra_description/share/cra_description/package.bash'
[1.851s] INFO:colcon.colcon_core.shell:Creating package script '/home/user/dobot_ws/install/cra_description/share/cra_description/package.zsh'
[1.851s] Level 1:colcon.colcon_core.environment:create_file_with_runtime_dependencies(/home/user/dobot_ws/install/cra_description/share/colcon-core/packages/cra_description)
[1.856s] DEBUG:colcon.colcon_core.event_handler.log_command:Invoked command in '/home/user/dobot_ws/build/cr7_moveit' returned '0': CMAKE_PREFIX_PATH=/home/user/dobot_ws/install/dobot_rviz:/home/user/dobot_ws/install/ros2_linkattacher:/home/user/dobot_ws/install/dobot_gazebo:/home/user/dobot_ws/install/cra_description:/home/user/dobot_ws/install/onrobot_2fg7_description:/home/user/dobot_ws/install/linkattacher_msgs:/home/user/dobot_ws/install/cr7_moveit:/home/user/dobot_ws/install/cr_robot_ros2:/home/user/dobot_ws/install/dobot_msgs_v4:/home/user/dobot_ws/install/dobot_demo_cpp:/home/user/dobot_ws/install/servo_action:/home/user/dobot_ws/install/dobot_moveit:/home/user/dobot_ws/install/dobot_demo:/opt/ros/humble /usr/bin/cmake --build /home/user/dobot_ws/build/cr7_moveit -- -j16 -l16
[1.858s] DEBUG:colcon.colcon_core.event_handler.log_command:Invoking command in '/home/user/dobot_ws/build/cr7_moveit': CMAKE_PREFIX_PATH=/home/user/dobot_ws/install/dobot_rviz:/home/user/dobot_ws/install/ros2_linkattacher:/home/user/dobot_ws/install/dobot_gazebo:/home/user/dobot_ws/install/cra_description:/home/user/dobot_ws/install/onrobot_2fg7_description:/home/user/dobot_ws/install/linkattacher_msgs:/home/user/dobot_ws/install/cr7_moveit:/home/user/dobot_ws/install/cr_robot_ros2:/home/user/dobot_ws/install/dobot_msgs_v4:/home/user/dobot_ws/install/dobot_demo_cpp:/home/user/dobot_ws/install/servo_action:/home/user/dobot_ws/install/dobot_moveit:/home/user/dobot_ws/install/dobot_demo:/opt/ros/humble /usr/bin/cmake --install /home/user/dobot_ws/build/cr7_moveit
[1.862s] INFO:colcon.colcon_ros.task.ament_cmake.build:Building ROS package in '/home/user/dobot_ws/src/DOBOT_6Axis_ROS2_V4/dobot_gazebo' with build type 'ament_cmake'
[1.862s] INFO:colcon.colcon_cmake.task.cmake.build:Building CMake package in '/home/user/dobot_ws/src/DOBOT_6Axis_ROS2_V4/dobot_gazebo'
[1.863s] INFO:colcon.colcon_core.shell:Skip shell extension 'powershell' for command environment: Not usable outside of PowerShell
[1.863s] DEBUG:colcon.colcon_core.shell:Skip shell extension 'dsv' for command environment
[1.863s] DEBUG:colcon.colcon_core.event_handler.log_command:Invoking command in '/home/user/dobot_ws/src/DOBOT_6Axis_ROS2_V4/dobot_demo': PYTHONPATH=/home/user/dobot_ws/build/dobot_demo/prefix_override:/usr/lib/python3/dist-packages/colcon_core/task/python/colcon_distutils_commands:/home/user/dobot_ws/install/dobot_demo/lib/python3.10/site-packages:${PYTHONPATH} /usr/bin/python3 -W ignore:setup.py install is deprecated -W ignore:easy_install command is deprecated setup.py egg_info --egg-base ../../../build/dobot_demo build --build-base /home/user/dobot_ws/build/dobot_demo/build install --record /home/user/dobot_ws/build/dobot_demo/install.log --single-version-externally-managed install_data
[1.864s] DEBUG:colcon.colcon_core.event_handler.log_command:Invoked command in '/home/user/dobot_ws/build/cra_description' returned '0': CMAKE_PREFIX_PATH=/home/user/dobot_ws/install/onrobot_2fg7_description:/home/user/dobot_ws/install/ros2_linkattacher:/home/user/dobot_ws/install/dobot_gazebo:/home/user/dobot_ws/install/cra_description:/home/user/dobot_ws/install/linkattacher_msgs:/home/user/dobot_ws/install/cr7_moveit:/home/user/dobot_ws/install/dobot_rviz:/home/user/dobot_ws/install/cr_robot_ros2:/home/user/dobot_ws/install/dobot_msgs_v4:/home/user/dobot_ws/install/dobot_demo_cpp:/home/user/dobot_ws/install/servo_action:/home/user/dobot_ws/install/dobot_moveit:/home/user/dobot_ws/install/dobot_demo:/opt/ros/humble /usr/bin/cmake --install /home/user/dobot_ws/build/cra_description
[1.870s] DEBUG:colcon.colcon_core.event_handler.log_command:Invoked command in '/home/user/dobot_ws/build/ros2_linkattacher' returned '0': CMAKE_PREFIX_PATH=/home/user/dobot_ws/install/linkattacher_msgs:/home/user/dobot_ws/install/ros2_linkattacher:/home/user/dobot_ws/install/dobot_gazebo:/home/user/dobot_ws/install/cra_description:/home/user/dobot_ws/install/onrobot_2fg7_description:/home/user/dobot_ws/install/cr7_moveit:/home/user/dobot_ws/install/dobot_rviz:/home/user/dobot_ws/install/cr_robot_ros2:/home/user/dobot_ws/install/dobot_msgs_v4:/home/user/dobot_ws/install/dobot_demo_cpp:/home/user/dobot_ws/install/servo_action:/home/user/dobot_ws/install/dobot_moveit:/home/user/dobot_ws/install/dobot_demo:/opt/ros/humble LD_LIBRARY_PATH=/home/user/dobot_ws/install/linkattacher_msgs/lib:/home/user/dobot_ws/install/ros2_linkattacher/lib:/home/user/dobot_ws/install/dobot_msgs_v4/lib:/usr/lib/x86_64-linux-gnu/gazebo-11/plugins:/opt/ros/humble/opt/rviz_ogre_vendor/lib:/opt/ros/humble/lib/x86_64-linux-gnu:/opt/ros/humble/lib /usr/bin/cmake --build /home/user/dobot_ws/build/ros2_linkattacher -- -j16 -l16
[1.871s] DEBUG:colcon.colcon_core.event_handler.log_command:Invoking command in '/home/user/dobot_ws/build/ros2_linkattacher': CMAKE_PREFIX_PATH=/home/user/dobot_ws/install/linkattacher_msgs:/home/user/dobot_ws/install/ros2_linkattacher:/home/user/dobot_ws/install/dobot_gazebo:/home/user/dobot_ws/install/cra_description:/home/user/dobot_ws/install/onrobot_2fg7_description:/home/user/dobot_ws/install/cr7_moveit:/home/user/dobot_ws/install/dobot_rviz:/home/user/dobot_ws/install/cr_robot_ros2:/home/user/dobot_ws/install/dobot_msgs_v4:/home/user/dobot_ws/install/dobot_demo_cpp:/home/user/dobot_ws/install/servo_action:/home/user/dobot_ws/install/dobot_moveit:/home/user/dobot_ws/install/dobot_demo:/opt/ros/humble LD_LIBRARY_PATH=/home/user/dobot_ws/install/linkattacher_msgs/lib:/home/user/dobot_ws/install/ros2_linkattacher/lib:/home/user/dobot_ws/install/dobot_msgs_v4/lib:/usr/lib/x86_64-linux-gnu/gazebo-11/plugins:/opt/ros/humble/opt/rviz_ogre_vendor/lib:/opt/ros/humble/lib/x86_64-linux-gnu:/opt/ros/humble/lib /usr/bin/cmake --install /home/user/dobot_ws/build/ros2_linkattacher
[1.872s] DEBUG:colcon.colcon_core.event_handler.log_command:Invoking command in '/home/user/dobot_ws/src/ARIAC/ariac_db': PYTHONPATH=/home/user/dobot_ws/build/ariac_db/prefix_override:/usr/lib/python3/dist-packages/colcon_core/task/python/colcon_distutils_commands:/home/user/dobot_ws/install/ariac_db/lib/python3.10/site-packages:${PYTHONPATH} /usr/bin/python3 -W ignore:setup.py install is deprecated -W ignore:easy_install command is deprecated setup.py egg_info --egg-base ../../../build/ariac_db build --build-base /home/user/dobot_ws/build/ariac_db/build install --record /home/user/dobot_ws/build/ariac_db/install.log --single-version-externally-managed install_data
[1.873s] DEBUG:colcon.colcon_core.event_handler.log_command:Invoking command in '/home/user/dobot_ws/src/ARIAC/ariac_setup': PYTHONPATH=/home/user/dobot_ws/build/ariac_setup/prefix_override:/usr/lib/python3/dist-packages/colcon_core/task/python/colcon_distutils_commands:/home/user/dobot_ws/install/ariac_setup/lib/python3.10/site-packages:${PYTHONPATH} /usr/bin/python3 -W ignore:setup.py install is deprecated -W ignore:easy_install command is deprecated setup.py egg_info --egg-base ../../../build/ariac_setup build --build-base /home/user/dobot_ws/build/ariac_setup/build install --record /home/user/dobot_ws/build/ariac_setup/install.log --single-version-externally-managed install_data
[1.875s] DEBUG:colcon.colcon_core.event_handler.log_command:Invoking command in '/home/user/dobot_ws/src/DOBOT_6Axis_ROS2_V4/servo_action': PYTHONPATH=/home/user/dobot_ws/build/servo_action/prefix_override:/usr/lib/python3/dist-packages/colcon_core/task/python/colcon_distutils_commands:/home/user/dobot_ws/install/servo_action/lib/python3.10/site-packages:${PYTHONPATH} /usr/bin/python3 -W ignore:setup.py install is deprecated -W ignore:easy_install command is deprecated setup.py egg_info --egg-base ../../../build/servo_action build --build-base /home/user/dobot_ws/build/servo_action/build install --record /home/user/dobot_ws/build/servo_action/install.log --single-version-externally-managed install_data
[1.876s] DEBUG:colcon.colcon_core.event_handler.log_command:Invoking command in '/home/user/dobot_ws/src/DOBOT_6Axis_ROS2_V4/dobot_moveit': PYTHONPATH=/home/user/dobot_ws/build/dobot_moveit/prefix_override:/usr/lib/python3/dist-packages/colcon_core/task/python/colcon_distutils_commands:/home/user/dobot_ws/install/dobot_moveit/lib/python3.10/site-packages:${PYTHONPATH} /usr/bin/python3 -W ignore:setup.py install is deprecated -W ignore:easy_install command is deprecated setup.py egg_info --egg-base ../../../build/dobot_moveit build --build-base /home/user/dobot_ws/build/dobot_moveit/build install --record /home/user/dobot_ws/build/dobot_moveit/install.log --single-version-externally-managed install_data
[1.881s] DEBUG:colcon.colcon_core.event_handler.log_command:Invoking command in '/home/user/dobot_ws/build/cr_robot_ros2': CMAKE_PREFIX_PATH=/home/user/dobot_ws/install/dobot_msgs_v4:/home/user/dobot_ws/install/ros2_linkattacher:/home/user/dobot_ws/install/dobot_gazebo:/home/user/dobot_ws/install/cra_description:/home/user/dobot_ws/install/onrobot_2fg7_description:/home/user/dobot_ws/install/linkattacher_msgs:/home/user/dobot_ws/install/cr7_moveit:/home/user/dobot_ws/install/dobot_rviz:/home/user/dobot_ws/install/cr_robot_ros2:/home/user/dobot_ws/install/dobot_demo_cpp:/home/user/dobot_ws/install/servo_action:/home/user/dobot_ws/install/dobot_moveit:/home/user/dobot_ws/install/dobot_demo:/opt/ros/humble LD_LIBRARY_PATH=/home/user/dobot_ws/install/dobot_msgs_v4/lib:/home/user/dobot_ws/install/ros2_linkattacher/lib:/home/user/dobot_ws/install/linkattacher_msgs/lib:/usr/lib/x86_64-linux-gnu/gazebo-11/plugins:/opt/ros/humble/opt/rviz_ogre_vendor/lib:/opt/ros/humble/lib/x86_64-linux-gnu:/opt/ros/humble/lib /usr/bin/cmake --build /home/user/dobot_ws/build/cr_robot_ros2 -- -j16 -l16
[1.886s] Level 1:colcon.colcon_core.environment:create_environment_scripts_only(cr7_moveit)
[1.887s] Level 1:colcon.colcon_core.environment:checking '/home/user/dobot_ws/install/cr7_moveit' for CMake module files
[1.888s] Level 1:colcon.colcon_core.environment:checking '/home/user/dobot_ws/install/cr7_moveit' for CMake config files
[1.888s] Level 1:colcon.colcon_core.shell:create_environment_hook('cr7_moveit', 'cmake_prefix_path')
[1.888s] INFO:colcon.colcon_core.shell:Creating environment hook '/home/user/dobot_ws/install/cr7_moveit/share/cr7_moveit/hook/cmake_prefix_path.ps1'
[1.889s] DEBUG:colcon.colcon_core.event_handler.log_command:Invoked command in '/home/user/dobot_ws/build/cr7_moveit' returned '0': CMAKE_PREFIX_PATH=/home/user/dobot_ws/install/dobot_rviz:/home/user/dobot_ws/install/ros2_linkattacher:/home/user/dobot_ws/install/dobot_gazebo:/home/user/dobot_ws/install/cra_description:/home/user/dobot_ws/install/onrobot_2fg7_description:/home/user/dobot_ws/install/linkattacher_msgs:/home/user/dobot_ws/install/cr7_moveit:/home/user/dobot_ws/install/cr_robot_ros2:/home/user/dobot_ws/install/dobot_msgs_v4:/home/user/dobot_ws/install/dobot_demo_cpp:/home/user/dobot_ws/install/servo_action:/home/user/dobot_ws/install/dobot_moveit:/home/user/dobot_ws/install/dobot_demo:/opt/ros/humble /usr/bin/cmake --install /home/user/dobot_ws/build/cr7_moveit
[1.889s] INFO:colcon.colcon_core.shell:Creating environment descriptor '/home/user/dobot_ws/install/cr7_moveit/share/cr7_moveit/hook/cmake_prefix_path.dsv'
[1.890s] INFO:colcon.colcon_core.shell:Creating environment hook '/home/user/dobot_ws/install/cr7_moveit/share/cr7_moveit/hook/cmake_prefix_path.sh'
[1.890s] Level 1:colcon.colcon_core.environment:checking '/home/user/dobot_ws/install/cr7_moveit/bin'
[1.890s] Level 1:colcon.colcon_core.environment:checking '/home/user/dobot_ws/install/cr7_moveit/lib/pkgconfig/cr7_moveit.pc'
[1.890s] Level 1:colcon.colcon_core.environment:checking '/home/user/dobot_ws/install/cr7_moveit/lib/python3.10/site-packages'
[1.891s] Level 1:colcon.colcon_core.environment:checking '/home/user/dobot_ws/install/cr7_moveit/bin'
[1.891s] INFO:colcon.colcon_core.shell:Creating package script '/home/user/dobot_ws/install/cr7_moveit/share/cr7_moveit/package.ps1'
[1.892s] INFO:colcon.colcon_core.shell:Creating package descriptor '/home/user/dobot_ws/install/cr7_moveit/share/cr7_moveit/package.dsv'
[1.892s] INFO:colcon.colcon_core.shell:Creating package script '/home/user/dobot_ws/install/cr7_moveit/share/cr7_moveit/package.sh'
[1.893s] INFO:colcon.colcon_core.shell:Creating package script '/home/user/dobot_ws/install/cr7_moveit/share/cr7_moveit/package.bash'
[1.893s] INFO:colcon.colcon_core.shell:Creating package script '/home/user/dobot_ws/install/cr7_moveit/share/cr7_moveit/package.zsh'
[1.894s] Level 1:colcon.colcon_core.environment:create_file_with_runtime_dependencies(/home/user/dobot_ws/install/cr7_moveit/share/colcon-core/packages/cr7_moveit)
[1.894s] Level 1:colcon.colcon_core.environment:create_environment_scripts_only(cr7_moveit)
[1.894s] Level 1:colcon.colcon_core.environment:checking '/home/user/dobot_ws/install/cr7_moveit' for CMake module files
[1.895s] Level 1:colcon.colcon_core.environment:checking '/home/user/dobot_ws/install/cr7_moveit' for CMake config files
[1.895s] Level 1:colcon.colcon_core.shell:create_environment_hook('cr7_moveit', 'cmake_prefix_path')
[1.895s] INFO:colcon.colcon_core.shell:Creating environment hook '/home/user/dobot_ws/install/cr7_moveit/share/cr7_moveit/hook/cmake_prefix_path.ps1'
[1.896s] INFO:colcon.colcon_core.shell:Creating environment descriptor '/home/user/dobot_ws/install/cr7_moveit/share/cr7_moveit/hook/cmake_prefix_path.dsv'
[1.896s] INFO:colcon.colcon_core.shell:Creating environment hook '/home/user/dobot_ws/install/cr7_moveit/share/cr7_moveit/hook/cmake_prefix_path.sh'
[1.897s] Level 1:colcon.colcon_core.environment:checking '/home/user/dobot_ws/install/cr7_moveit/bin'
[1.897s] Level 1:colcon.colcon_core.environment:checking '/home/user/dobot_ws/install/cr7_moveit/lib/pkgconfig/cr7_moveit.pc'
[1.897s] Level 1:colcon.colcon_core.environment:checking '/home/user/dobot_ws/install/cr7_moveit/lib/python3.10/site-packages'
[1.898s] Level 1:colcon.colcon_core.environment:checking '/home/user/dobot_ws/install/cr7_moveit/bin'
[1.898s] INFO:colcon.colcon_core.shell:Creating package script '/home/user/dobot_ws/install/cr7_moveit/share/cr7_moveit/package.ps1'
[1.899s] INFO:colcon.colcon_core.shell:Creating package descriptor '/home/user/dobot_ws/install/cr7_moveit/share/cr7_moveit/package.dsv'
[1.900s] INFO:colcon.colcon_core.shell:Creating package script '/home/user/dobot_ws/install/cr7_moveit/share/cr7_moveit/package.sh'
[1.900s] INFO:colcon.colcon_core.shell:Creating package script '/home/user/dobot_ws/install/cr7_moveit/share/cr7_moveit/package.bash'
[1.900s] INFO:colcon.colcon_core.shell:Creating package script '/home/user/dobot_ws/install/cr7_moveit/share/cr7_moveit/package.zsh'
[1.901s] Level 1:colcon.colcon_core.environment:create_file_with_runtime_dependencies(/home/user/dobot_ws/install/cr7_moveit/share/colcon-core/packages/cr7_moveit)
[1.902s] Level 1:colcon.colcon_core.environment:create_environment_scripts_only(ros2_linkattacher)
[1.902s] Level 1:colcon.colcon_core.environment:checking '/home/user/dobot_ws/install/ros2_linkattacher' for CMake module files
[1.903s] DEBUG:colcon.colcon_core.event_handler.log_command:Invoked command in '/home/user/dobot_ws/build/ros2_linkattacher' returned '0': CMAKE_PREFIX_PATH=/home/user/dobot_ws/install/linkattacher_msgs:/home/user/dobot_ws/install/ros2_linkattacher:/home/user/dobot_ws/install/dobot_gazebo:/home/user/dobot_ws/install/cra_description:/home/user/dobot_ws/install/onrobot_2fg7_description:/home/user/dobot_ws/install/cr7_moveit:/home/user/dobot_ws/install/dobot_rviz:/home/user/dobot_ws/install/cr_robot_ros2:/home/user/dobot_ws/install/dobot_msgs_v4:/home/user/dobot_ws/install/dobot_demo_cpp:/home/user/dobot_ws/install/servo_action:/home/user/dobot_ws/install/dobot_moveit:/home/user/dobot_ws/install/dobot_demo:/opt/ros/humble LD_LIBRARY_PATH=/home/user/dobot_ws/install/linkattacher_msgs/lib:/home/user/dobot_ws/install/ros2_linkattacher/lib:/home/user/dobot_ws/install/dobot_msgs_v4/lib:/usr/lib/x86_64-linux-gnu/gazebo-11/plugins:/opt/ros/humble/opt/rviz_ogre_vendor/lib:/opt/ros/humble/lib/x86_64-linux-gnu:/opt/ros/humble/lib /usr/bin/cmake --install /home/user/dobot_ws/build/ros2_linkattacher
[1.903s] Level 1:colcon.colcon_core.environment:checking '/home/user/dobot_ws/install/ros2_linkattacher' for CMake config files
[1.903s] Level 1:colcon.colcon_core.shell:create_environment_hook('ros2_linkattacher', 'cmake_prefix_path')
[1.904s] INFO:colcon.colcon_core.shell:Creating environment hook '/home/user/dobot_ws/install/ros2_linkattacher/share/ros2_linkattacher/hook/cmake_prefix_path.ps1'
[1.904s] INFO:colcon.colcon_core.shell:Creating environment descriptor '/home/user/dobot_ws/install/ros2_linkattacher/share/ros2_linkattacher/hook/cmake_prefix_path.dsv'
[1.905s] INFO:colcon.colcon_core.shell:Creating environment hook '/home/user/dobot_ws/install/ros2_linkattacher/share/ros2_linkattacher/hook/cmake_prefix_path.sh'
[1.905s] Level 1:colcon.colcon_core.environment:checking '/home/user/dobot_ws/install/ros2_linkattacher/lib'
[1.905s] Level 1:colcon.colcon_core.shell:create_environment_hook('ros2_linkattacher', 'ld_library_path_lib')
[1.905s] INFO:colcon.colcon_core.shell:Creating environment hook '/home/user/dobot_ws/install/ros2_linkattacher/share/ros2_linkattacher/hook/ld_library_path_lib.ps1'
[1.906s] INFO:colcon.colcon_core.shell:Creating environment descriptor '/home/user/dobot_ws/install/ros2_linkattacher/share/ros2_linkattacher/hook/ld_library_path_lib.dsv'
[1.906s] INFO:colcon.colcon_core.shell:Creating environment hook '/home/user/dobot_ws/install/ros2_linkattacher/share/ros2_linkattacher/hook/ld_library_path_lib.sh'
[1.907s] Level 1:colcon.colcon_core.environment:checking '/home/user/dobot_ws/install/ros2_linkattacher/bin'
[1.907s] Level 1:colcon.colcon_core.environment:checking '/home/user/dobot_ws/install/ros2_linkattacher/lib/pkgconfig/ros2_linkattacher.pc'
[1.907s] Level 1:colcon.colcon_core.environment:checking '/home/user/dobot_ws/install/ros2_linkattacher/lib/python3.10/site-packages'
[1.907s] Level 1:colcon.colcon_core.environment:checking '/home/user/dobot_ws/install/ros2_linkattacher/bin'
[1.908s] INFO:colcon.colcon_core.shell:Creating package script '/home/user/dobot_ws/install/ros2_linkattacher/share/ros2_linkattacher/package.ps1'
[1.908s] INFO:colcon.colcon_core.shell:Creating package descriptor '/home/user/dobot_ws/install/ros2_linkattacher/share/ros2_linkattacher/package.dsv'
[1.909s] INFO:colcon.colcon_core.shell:Creating package script '/home/user/dobot_ws/install/ros2_linkattacher/share/ros2_linkattacher/package.sh'
[1.909s] INFO:colcon.colcon_core.shell:Creating package script '/home/user/dobot_ws/install/ros2_linkattacher/share/ros2_linkattacher/package.bash'
[1.910s] INFO:colcon.colcon_core.shell:Creating package script '/home/user/dobot_ws/install/ros2_linkattacher/share/ros2_linkattacher/package.zsh'
[1.910s] Level 1:colcon.colcon_core.environment:create_file_with_runtime_dependencies(/home/user/dobot_ws/install/ros2_linkattacher/share/colcon-core/packages/ros2_linkattacher)
[1.911s] Level 1:colcon.colcon_core.environment:create_environment_scripts_only(ros2_linkattacher)
[1.911s] Level 1:colcon.colcon_core.environment:checking '/home/user/dobot_ws/install/ros2_linkattacher' for CMake module files
[1.911s] Level 1:colcon.colcon_core.environment:checking '/home/user/dobot_ws/install/ros2_linkattacher' for CMake config files
[1.912s] Level 1:colcon.colcon_core.shell:create_environment_hook('ros2_linkattacher', 'cmake_prefix_path')
[1.912s] INFO:colcon.colcon_core.shell:Creating environment hook '/home/user/dobot_ws/install/ros2_linkattacher/share/ros2_linkattacher/hook/cmake_prefix_path.ps1'
[1.912s] INFO:colcon.colcon_core.shell:Creating environment descriptor '/home/user/dobot_ws/install/ros2_linkattacher/share/ros2_linkattacher/hook/cmake_prefix_path.dsv'
[1.913s] INFO:colcon.colcon_core.shell:Creating environment hook '/home/user/dobot_ws/install/ros2_linkattacher/share/ros2_linkattacher/hook/cmake_prefix_path.sh'
[1.913s] Level 1:colcon.colcon_core.environment:checking '/home/user/dobot_ws/install/ros2_linkattacher/lib'
[1.913s] Level 1:colcon.colcon_core.shell:create_environment_hook('ros2_linkattacher', 'ld_library_path_lib')
[1.914s] INFO:colcon.colcon_core.shell:Creating environment hook '/home/user/dobot_ws/install/ros2_linkattacher/share/ros2_linkattacher/hook/ld_library_path_lib.ps1'
[1.914s] INFO:colcon.colcon_core.shell:Creating environment descriptor '/home/user/dobot_ws/install/ros2_linkattacher/share/ros2_linkattacher/hook/ld_library_path_lib.dsv'
[1.914s] INFO:colcon.colcon_core.shell:Creating environment hook '/home/user/dobot_ws/install/ros2_linkattacher/share/ros2_linkattacher/hook/ld_library_path_lib.sh'
[1.915s] Level 1:colcon.colcon_core.environment:checking '/home/user/dobot_ws/install/ros2_linkattacher/bin'
[1.915s] Level 1:colcon.colcon_core.environment:checking '/home/user/dobot_ws/install/ros2_linkattacher/lib/pkgconfig/ros2_linkattacher.pc'
[1.915s] Level 1:colcon.colcon_core.environment:checking '/home/user/dobot_ws/install/ros2_linkattacher/lib/python3.10/site-packages'
[1.916s] Level 1:colcon.colcon_core.environment:checking '/home/user/dobot_ws/install/ros2_linkattacher/bin'
[1.916s] INFO:colcon.colcon_core.shell:Creating package script '/home/user/dobot_ws/install/ros2_linkattacher/share/ros2_linkattacher/package.ps1'
[1.917s] INFO:colcon.colcon_core.shell:Creating package descriptor '/home/user/dobot_ws/install/ros2_linkattacher/share/ros2_linkattacher/package.dsv'
[1.917s] INFO:colcon.colcon_core.shell:Creating package script '/home/user/dobot_ws/install/ros2_linkattacher/share/ros2_linkattacher/package.sh'
[1.918s] INFO:colcon.colcon_core.shell:Creating package script '/home/user/dobot_ws/install/ros2_linkattacher/share/ros2_linkattacher/package.bash'
[1.918s] INFO:colcon.colcon_core.shell:Creating package script '/home/user/dobot_ws/install/ros2_linkattacher/share/ros2_linkattacher/package.zsh'
[1.919s] Level 1:colcon.colcon_core.environment:create_file_with_runtime_dependencies(/home/user/dobot_ws/install/ros2_linkattacher/share/colcon-core/packages/ros2_linkattacher)
[1.923s] DEBUG:colcon.colcon_core.event_handler.log_command:Invoking command in '/home/user/dobot_ws/build/dobot_gazebo': CMAKE_PREFIX_PATH=/home/user/dobot_ws/install/cra_description:/home/user/dobot_ws/install/onrobot_2fg7_description:/home/user/dobot_ws/install/ros2_linkattacher:/home/user/dobot_ws/install/dobot_gazebo:/home/user/dobot_ws/install/linkattacher_msgs:/home/user/dobot_ws/install/cr7_moveit:/home/user/dobot_ws/install/dobot_rviz:/home/user/dobot_ws/install/cr_robot_ros2:/home/user/dobot_ws/install/dobot_msgs_v4:/home/user/dobot_ws/install/dobot_demo_cpp:/home/user/dobot_ws/install/servo_action:/home/user/dobot_ws/install/dobot_moveit:/home/user/dobot_ws/install/dobot_demo:/opt/ros/humble /usr/bin/cmake --build /home/user/dobot_ws/build/dobot_gazebo -- -j16 -l16
[1.949s] DEBUG:colcon.colcon_core.event_handler.log_command:Invoked command in '/home/user/dobot_ws/build/cr_robot_ros2' returned '0': CMAKE_PREFIX_PATH=/home/user/dobot_ws/install/dobot_msgs_v4:/home/user/dobot_ws/install/ros2_linkattacher:/home/user/dobot_ws/install/dobot_gazebo:/home/user/dobot_ws/install/cra_description:/home/user/dobot_ws/install/onrobot_2fg7_description:/home/user/dobot_ws/install/linkattacher_msgs:/home/user/dobot_ws/install/cr7_moveit:/home/user/dobot_ws/install/dobot_rviz:/home/user/dobot_ws/install/cr_robot_ros2:/home/user/dobot_ws/install/dobot_demo_cpp:/home/user/dobot_ws/install/servo_action:/home/user/dobot_ws/install/dobot_moveit:/home/user/dobot_ws/install/dobot_demo:/opt/ros/humble LD_LIBRARY_PATH=/home/user/dobot_ws/install/dobot_msgs_v4/lib:/home/user/dobot_ws/install/ros2_linkattacher/lib:/home/user/dobot_ws/install/linkattacher_msgs/lib:/usr/lib/x86_64-linux-gnu/gazebo-11/plugins:/opt/ros/humble/opt/rviz_ogre_vendor/lib:/opt/ros/humble/lib/x86_64-linux-gnu:/opt/ros/humble/lib /usr/bin/cmake --build /home/user/dobot_ws/build/cr_robot_ros2 -- -j16 -l16
[1.951s] DEBUG:colcon.colcon_core.event_handler.log_command:Invoking command in '/home/user/dobot_ws/build/cr_robot_ros2': CMAKE_PREFIX_PATH=/home/user/dobot_ws/install/dobot_msgs_v4:/home/user/dobot_ws/install/ros2_linkattacher:/home/user/dobot_ws/install/dobot_gazebo:/home/user/dobot_ws/install/cra_description:/home/user/dobot_ws/install/onrobot_2fg7_description:/home/user/dobot_ws/install/linkattacher_msgs:/home/user/dobot_ws/install/cr7_moveit:/home/user/dobot_ws/install/dobot_rviz:/home/user/dobot_ws/install/cr_robot_ros2:/home/user/dobot_ws/install/dobot_demo_cpp:/home/user/dobot_ws/install/servo_action:/home/user/dobot_ws/install/dobot_moveit:/home/user/dobot_ws/install/dobot_demo:/opt/ros/humble LD_LIBRARY_PATH=/home/user/dobot_ws/install/dobot_msgs_v4/lib:/home/user/dobot_ws/install/ros2_linkattacher/lib:/home/user/dobot_ws/install/linkattacher_msgs/lib:/usr/lib/x86_64-linux-gnu/gazebo-11/plugins:/opt/ros/humble/opt/rviz_ogre_vendor/lib:/opt/ros/humble/lib/x86_64-linux-gnu:/opt/ros/humble/lib /usr/bin/cmake --install /home/user/dobot_ws/build/cr_robot_ros2
[1.960s] DEBUG:colcon.colcon_core.event_handler.log_command:Invoked command in '/home/user/dobot_ws/build/dobot_gazebo' returned '0': CMAKE_PREFIX_PATH=/home/user/dobot_ws/install/cra_description:/home/user/dobot_ws/install/onrobot_2fg7_description:/home/user/dobot_ws/install/ros2_linkattacher:/home/user/dobot_ws/install/dobot_gazebo:/home/user/dobot_ws/install/linkattacher_msgs:/home/user/dobot_ws/install/cr7_moveit:/home/user/dobot_ws/install/dobot_rviz:/home/user/dobot_ws/install/cr_robot_ros2:/home/user/dobot_ws/install/dobot_msgs_v4:/home/user/dobot_ws/install/dobot_demo_cpp:/home/user/dobot_ws/install/servo_action:/home/user/dobot_ws/install/dobot_moveit:/home/user/dobot_ws/install/dobot_demo:/opt/ros/humble /usr/bin/cmake --build /home/user/dobot_ws/build/dobot_gazebo -- -j16 -l16
[1.962s] Level 1:colcon.colcon_core.environment:create_environment_scripts_only(cr_robot_ros2)
[1.963s] Level 1:colcon.colcon_core.environment:checking '/home/user/dobot_ws/install/cr_robot_ros2' for CMake module files
[1.964s] Level 1:colcon.colcon_core.environment:checking '/home/user/dobot_ws/install/cr_robot_ros2' for CMake config files
[1.965s] DEBUG:colcon.colcon_core.event_handler.log_command:Invoking command in '/home/user/dobot_ws/build/dobot_gazebo': CMAKE_PREFIX_PATH=/home/user/dobot_ws/install/cra_description:/home/user/dobot_ws/install/onrobot_2fg7_description:/home/user/dobot_ws/install/ros2_linkattacher:/home/user/dobot_ws/install/dobot_gazebo:/home/user/dobot_ws/install/linkattacher_msgs:/home/user/dobot_ws/install/cr7_moveit:/home/user/dobot_ws/install/dobot_rviz:/home/user/dobot_ws/install/cr_robot_ros2:/home/user/dobot_ws/install/dobot_msgs_v4:/home/user/dobot_ws/install/dobot_demo_cpp:/home/user/dobot_ws/install/servo_action:/home/user/dobot_ws/install/dobot_moveit:/home/user/dobot_ws/install/dobot_demo:/opt/ros/humble /usr/bin/cmake --install /home/user/dobot_ws/build/dobot_gazebo
[1.966s] Level 1:colcon.colcon_core.shell:create_environment_hook('cr_robot_ros2', 'cmake_prefix_path')
[1.966s] INFO:colcon.colcon_core.shell:Creating environment hook '/home/user/dobot_ws/install/cr_robot_ros2/share/cr_robot_ros2/hook/cmake_prefix_path.ps1'
[1.966s] DEBUG:colcon.colcon_core.event_handler.log_command:Invoked command in '/home/user/dobot_ws/build/cr_robot_ros2' returned '0': CMAKE_PREFIX_PATH=/home/user/dobot_ws/install/dobot_msgs_v4:/home/user/dobot_ws/install/ros2_linkattacher:/home/user/dobot_ws/install/dobot_gazebo:/home/user/dobot_ws/install/cra_description:/home/user/dobot_ws/install/onrobot_2fg7_description:/home/user/dobot_ws/install/linkattacher_msgs:/home/user/dobot_ws/install/cr7_moveit:/home/user/dobot_ws/install/dobot_rviz:/home/user/dobot_ws/install/cr_robot_ros2:/home/user/dobot_ws/install/dobot_demo_cpp:/home/user/dobot_ws/install/servo_action:/home/user/dobot_ws/install/dobot_moveit:/home/user/dobot_ws/install/dobot_demo:/opt/ros/humble LD_LIBRARY_PATH=/home/user/dobot_ws/install/dobot_msgs_v4/lib:/home/user/dobot_ws/install/ros2_linkattacher/lib:/home/user/dobot_ws/install/linkattacher_msgs/lib:/usr/lib/x86_64-linux-gnu/gazebo-11/plugins:/opt/ros/humble/opt/rviz_ogre_vendor/lib:/opt/ros/humble/lib/x86_64-linux-gnu:/opt/ros/humble/lib /usr/bin/cmake --install /home/user/dobot_ws/build/cr_robot_ros2
[1.967s] INFO:colcon.colcon_core.shell:Creating environment descriptor '/home/user/dobot_ws/install/cr_robot_ros2/share/cr_robot_ros2/hook/cmake_prefix_path.dsv'
[1.967s] INFO:colcon.colcon_core.shell:Creating environment hook '/home/user/dobot_ws/install/cr_robot_ros2/share/cr_robot_ros2/hook/cmake_prefix_path.sh'
[1.968s] Level 1:colcon.colcon_core.environment:checking '/home/user/dobot_ws/install/cr_robot_ros2/lib'
[1.968s] Level 1:colcon.colcon_core.environment:checking '/home/user/dobot_ws/install/cr_robot_ros2/bin'
[1.968s] Level 1:colcon.colcon_core.environment:checking '/home/user/dobot_ws/install/cr_robot_ros2/lib/pkgconfig/cr_robot_ros2.pc'
[1.968s] Level 1:colcon.colcon_core.environment:checking '/home/user/dobot_ws/install/cr_robot_ros2/lib/python3.10/site-packages'
[1.969s] Level 1:colcon.colcon_core.environment:checking '/home/user/dobot_ws/install/cr_robot_ros2/bin'
[1.969s] INFO:colcon.colcon_core.shell:Creating package script '/home/user/dobot_ws/install/cr_robot_ros2/share/cr_robot_ros2/package.ps1'
[1.970s] INFO:colcon.colcon_core.shell:Creating package descriptor '/home/user/dobot_ws/install/cr_robot_ros2/share/cr_robot_ros2/package.dsv'
[1.971s] INFO:colcon.colcon_core.shell:Creating package script '/home/user/dobot_ws/install/cr_robot_ros2/share/cr_robot_ros2/package.sh'
[1.972s] INFO:colcon.colcon_core.shell:Creating package script '/home/user/dobot_ws/install/cr_robot_ros2/share/cr_robot_ros2/package.bash'
[1.972s] INFO:colcon.colcon_core.shell:Creating package script '/home/user/dobot_ws/install/cr_robot_ros2/share/cr_robot_ros2/package.zsh'
[1.973s] Level 1:colcon.colcon_core.environment:create_file_with_runtime_dependencies(/home/user/dobot_ws/install/cr_robot_ros2/share/colcon-core/packages/cr_robot_ros2)
[1.974s] Level 1:colcon.colcon_core.environment:create_environment_scripts_only(cr_robot_ros2)
[1.975s] Level 1:colcon.colcon_core.environment:checking '/home/user/dobot_ws/install/cr_robot_ros2' for CMake module files
[1.976s] Level 1:colcon.colcon_core.environment:checking '/home/user/dobot_ws/install/cr_robot_ros2' for CMake config files
[1.976s] Level 1:colcon.colcon_core.shell:create_environment_hook('cr_robot_ros2', 'cmake_prefix_path')
[1.976s] INFO:colcon.colcon_core.shell:Creating environment hook '/home/user/dobot_ws/install/cr_robot_ros2/share/cr_robot_ros2/hook/cmake_prefix_path.ps1'
[1.977s] INFO:colcon.colcon_core.shell:Creating environment descriptor '/home/user/dobot_ws/install/cr_robot_ros2/share/cr_robot_ros2/hook/cmake_prefix_path.dsv'
[1.977s] INFO:colcon.colcon_core.shell:Creating environment hook '/home/user/dobot_ws/install/cr_robot_ros2/share/cr_robot_ros2/hook/cmake_prefix_path.sh'
[1.977s] Level 1:colcon.colcon_core.environment:checking '/home/user/dobot_ws/install/cr_robot_ros2/lib'
[1.978s] Level 1:colcon.colcon_core.environment:checking '/home/user/dobot_ws/install/cr_robot_ros2/bin'
[1.978s] Level 1:colcon.colcon_core.environment:checking '/home/user/dobot_ws/install/cr_robot_ros2/lib/pkgconfig/cr_robot_ros2.pc'
[1.978s] Level 1:colcon.colcon_core.environment:checking '/home/user/dobot_ws/install/cr_robot_ros2/lib/python3.10/site-packages'
[1.979s] Level 1:colcon.colcon_core.environment:checking '/home/user/dobot_ws/install/cr_robot_ros2/bin'
[1.979s] INFO:colcon.colcon_core.shell:Creating package script '/home/user/dobot_ws/install/cr_robot_ros2/share/cr_robot_ros2/package.ps1'
[1.980s] INFO:colcon.colcon_core.shell:Creating package descriptor '/home/user/dobot_ws/install/cr_robot_ros2/share/cr_robot_ros2/package.dsv'
[1.981s] INFO:colcon.colcon_core.shell:Creating package script '/home/user/dobot_ws/install/cr_robot_ros2/share/cr_robot_ros2/package.sh'
[1.981s] INFO:colcon.colcon_core.shell:Creating package script '/home/user/dobot_ws/install/cr_robot_ros2/share/cr_robot_ros2/package.bash'
[1.982s] INFO:colcon.colcon_core.shell:Creating package script '/home/user/dobot_ws/install/cr_robot_ros2/share/cr_robot_ros2/package.zsh'
[1.983s] Level 1:colcon.colcon_core.environment:create_file_with_runtime_dependencies(/home/user/dobot_ws/install/cr_robot_ros2/share/colcon-core/packages/cr_robot_ros2)
[1.984s] Level 1:colcon.colcon_core.environment:create_environment_scripts_only(dobot_gazebo)
[1.984s] Level 1:colcon.colcon_core.environment:checking '/home/user/dobot_ws/install/dobot_gazebo' for CMake module files
[1.985s] Level 1:colcon.colcon_core.environment:checking '/home/user/dobot_ws/install/dobot_gazebo' for CMake config files
[1.986s] DEBUG:colcon.colcon_core.event_handler.log_command:Invoked command in '/home/user/dobot_ws/build/dobot_gazebo' returned '0': CMAKE_PREFIX_PATH=/home/user/dobot_ws/install/cra_description:/home/user/dobot_ws/install/onrobot_2fg7_description:/home/user/dobot_ws/install/ros2_linkattacher:/home/user/dobot_ws/install/dobot_gazebo:/home/user/dobot_ws/install/linkattacher_msgs:/home/user/dobot_ws/install/cr7_moveit:/home/user/dobot_ws/install/dobot_rviz:/home/user/dobot_ws/install/cr_robot_ros2:/home/user/dobot_ws/install/dobot_msgs_v4:/home/user/dobot_ws/install/dobot_demo_cpp:/home/user/dobot_ws/install/servo_action:/home/user/dobot_ws/install/dobot_moveit:/home/user/dobot_ws/install/dobot_demo:/opt/ros/humble /usr/bin/cmake --install /home/user/dobot_ws/build/dobot_gazebo
[1.986s] Level 1:colcon.colcon_core.shell:create_environment_hook('dobot_gazebo', 'cmake_prefix_path')
[1.987s] INFO:colcon.colcon_core.shell:Creating environment hook '/home/user/dobot_ws/install/dobot_gazebo/share/dobot_gazebo/hook/cmake_prefix_path.ps1'
[1.987s] INFO:colcon.colcon_core.shell:Creating environment descriptor '/home/user/dobot_ws/install/dobot_gazebo/share/dobot_gazebo/hook/cmake_prefix_path.dsv'
[1.988s] INFO:colcon.colcon_core.shell:Creating environment hook '/home/user/dobot_ws/install/dobot_gazebo/share/dobot_gazebo/hook/cmake_prefix_path.sh'
[1.988s] Level 1:colcon.colcon_core.environment:checking '/home/user/dobot_ws/install/dobot_gazebo/bin'
[1.988s] Level 1:colcon.colcon_core.environment:checking '/home/user/dobot_ws/install/dobot_gazebo/lib/pkgconfig/dobot_gazebo.pc'
[1.989s] Level 1:colcon.colcon_core.environment:checking '/home/user/dobot_ws/install/dobot_gazebo/lib/python3.10/site-packages'
[1.989s] Level 1:colcon.colcon_core.environment:checking '/home/user/dobot_ws/install/dobot_gazebo/bin'
[1.989s] INFO:colcon.colcon_core.shell:Creating package script '/home/user/dobot_ws/install/dobot_gazebo/share/dobot_gazebo/package.ps1'
[1.990s] INFO:colcon.colcon_core.shell:Creating package descriptor '/home/user/dobot_ws/install/dobot_gazebo/share/dobot_gazebo/package.dsv'
[1.991s] INFO:colcon.colcon_core.shell:Creating package script '/home/user/dobot_ws/install/dobot_gazebo/share/dobot_gazebo/package.sh'
[1.991s] INFO:colcon.colcon_core.shell:Creating package script '/home/user/dobot_ws/install/dobot_gazebo/share/dobot_gazebo/package.bash'
[1.991s] INFO:colcon.colcon_core.shell:Creating package script '/home/user/dobot_ws/install/dobot_gazebo/share/dobot_gazebo/package.zsh'
[1.992s] Level 1:colcon.colcon_core.environment:create_file_with_runtime_dependencies(/home/user/dobot_ws/install/dobot_gazebo/share/colcon-core/packages/dobot_gazebo)
[1.992s] Level 1:colcon.colcon_core.environment:create_environment_scripts_only(dobot_gazebo)
[1.993s] Level 1:colcon.colcon_core.environment:checking '/home/user/dobot_ws/install/dobot_gazebo' for CMake module files
[1.993s] Level 1:colcon.colcon_core.environment:checking '/home/user/dobot_ws/install/dobot_gazebo' for CMake config files
[1.994s] Level 1:colcon.colcon_core.shell:create_environment_hook('dobot_gazebo', 'cmake_prefix_path')
[1.994s] INFO:colcon.colcon_core.shell:Creating environment hook '/home/user/dobot_ws/install/dobot_gazebo/share/dobot_gazebo/hook/cmake_prefix_path.ps1'
[1.994s] INFO:colcon.colcon_core.shell:Creating environment descriptor '/home/user/dobot_ws/install/dobot_gazebo/share/dobot_gazebo/hook/cmake_prefix_path.dsv'
[1.995s] INFO:colcon.colcon_core.shell:Creating environment hook '/home/user/dobot_ws/install/dobot_gazebo/share/dobot_gazebo/hook/cmake_prefix_path.sh'
[1.995s] Level 1:colcon.colcon_core.environment:checking '/home/user/dobot_ws/install/dobot_gazebo/bin'
[1.995s] Level 1:colcon.colcon_core.environment:checking '/home/user/dobot_ws/install/dobot_gazebo/lib/pkgconfig/dobot_gazebo.pc'
[1.996s] Level 1:colcon.colcon_core.environment:checking '/home/user/dobot_ws/install/dobot_gazebo/lib/python3.10/site-packages'
[1.996s] Level 1:colcon.colcon_core.environment:checking '/home/user/dobot_ws/install/dobot_gazebo/bin'
[1.996s] INFO:colcon.colcon_core.shell:Creating package script '/home/user/dobot_ws/install/dobot_gazebo/share/dobot_gazebo/package.ps1'
[1.997s] INFO:colcon.colcon_core.shell:Creating package descriptor '/home/user/dobot_ws/install/dobot_gazebo/share/dobot_gazebo/package.dsv'
[1.998s] INFO:colcon.colcon_core.shell:Creating package script '/home/user/dobot_ws/install/dobot_gazebo/share/dobot_gazebo/package.sh'
[1.998s] INFO:colcon.colcon_core.shell:Creating package script '/home/user/dobot_ws/install/dobot_gazebo/share/dobot_gazebo/package.bash'
[1.999s] INFO:colcon.colcon_core.shell:Creating package script '/home/user/dobot_ws/install/dobot_gazebo/share/dobot_gazebo/package.zsh'
[1.999s] Level 1:colcon.colcon_core.environment:create_file_with_runtime_dependencies(/home/user/dobot_ws/install/dobot_gazebo/share/colcon-core/packages/dobot_gazebo)
[2.001s] DEBUG:colcon.colcon_core.event_handler.log_command:Invoked command in '/home/user/dobot_ws/build/ariac_plugins' returned '1': AMENT_PREFIX_PATH=/home/user/dobot_ws/install/ariac_interfaces:${AMENT_PREFIX_PATH} CMAKE_PREFIX_PATH=/home/user/dobot_ws/install/ariac_interfaces:/home/user/dobot_ws/install/ros2_linkattacher:/home/user/dobot_ws/install/dobot_gazebo:/home/user/dobot_ws/install/cra_description:/home/user/dobot_ws/install/onrobot_2fg7_description:/home/user/dobot_ws/install/linkattacher_msgs:/home/user/dobot_ws/install/cr7_moveit:/home/user/dobot_ws/install/dobot_rviz:/home/user/dobot_ws/install/cr_robot_ros2:/home/user/dobot_ws/install/dobot_msgs_v4:/home/user/dobot_ws/install/dobot_demo_cpp:/home/user/dobot_ws/install/servo_action:/home/user/dobot_ws/install/dobot_moveit:/home/user/dobot_ws/install/dobot_demo:/opt/ros/humble LD_LIBRARY_PATH=/home/user/dobot_ws/install/ariac_interfaces/lib:${LD_LIBRARY_PATH} PYTHONPATH=/home/user/dobot_ws/install/ariac_interfaces/local/lib/python3.10/dist-packages:${PYTHONPATH} /usr/bin/cmake /home/user/dobot_ws/src/ARIAC/ariac_plugins -DCMAKE_INSTALL_PREFIX=/home/user/dobot_ws/install/ariac_plugins
[2.012s] Level 1:colcon.colcon_core.environment:create_environment_scripts_only(ariac_plugins)
[2.013s] Level 1:colcon.colcon_core.environment:checking '/home/user/dobot_ws/install/ariac_plugins' for CMake module files
[2.013s] Level 1:colcon.colcon_core.environment:checking '/home/user/dobot_ws/install/ariac_plugins' for CMake config files
[2.013s] Level 1:colcon.colcon_core.environment:checking '/home/user/dobot_ws/install/ariac_plugins/bin'
[2.013s] Level 1:colcon.colcon_core.environment:checking '/home/user/dobot_ws/install/ariac_plugins/lib/pkgconfig/ariac_plugins.pc'
[2.014s] Level 1:colcon.colcon_core.environment:checking '/home/user/dobot_ws/install/ariac_plugins/lib/python3.10/site-packages'
[2.014s] Level 1:colcon.colcon_core.environment:checking '/home/user/dobot_ws/install/ariac_plugins/bin'
[2.014s] INFO:colcon.colcon_core.shell:Creating package script '/home/user/dobot_ws/install/ariac_plugins/share/ariac_plugins/package.ps1'
[2.015s] INFO:colcon.colcon_core.shell:Creating package descriptor '/home/user/dobot_ws/install/ariac_plugins/share/ariac_plugins/package.dsv'
[2.015s] INFO:colcon.colcon_core.shell:Creating package script '/home/user/dobot_ws/install/ariac_plugins/share/ariac_plugins/package.sh'
[2.016s] INFO:colcon.colcon_core.shell:Creating package script '/home/user/dobot_ws/install/ariac_plugins/share/ariac_plugins/package.bash'
[2.016s] INFO:colcon.colcon_core.shell:Creating package script '/home/user/dobot_ws/install/ariac_plugins/share/ariac_plugins/package.zsh'
[2.017s] Level 1:colcon.colcon_core.environment:create_file_with_runtime_dependencies(/home/user/dobot_ws/install/ariac_plugins/share/colcon-core/packages/ariac_plugins)
[4.729s] DEBUG:colcon.colcon_parallel_executor.executor.parallel:closing loop
[4.729s] DEBUG:colcon.colcon_parallel_executor.executor.parallel:loop closed
[4.729s] DEBUG:colcon.colcon_parallel_executor.executor.parallel:run_until_complete finished with '1'
[4.729s] DEBUG:colcon.colcon_core.event_reactor:joining thread
[4.734s] INFO:colcon.colcon_core.plugin_system:Skipping extension 'colcon_notification.desktop_notification.terminal_notifier': Not used on non-Darwin systems
[4.734s] INFO:colcon.colcon_core.plugin_system:Skipping extension 'colcon_notification.desktop_notification.win32': Not used on non-Windows systems
[4.734s] INFO:colcon.colcon_notification.desktop_notification:Sending desktop notification using 'notify2'
[4.741s] DEBUG:colcon.colcon_core.event_reactor:joined thread
[4.741s] INFO:colcon.colcon_core.shell:Creating prefix script '/home/user/dobot_ws/install/local_setup.ps1'
[4.742s] INFO:colcon.colcon_core.shell:Creating prefix util module '/home/user/dobot_ws/install/_local_setup_util_ps1.py'
[4.743s] INFO:colcon.colcon_core.shell:Creating prefix chain script '/home/user/dobot_ws/install/setup.ps1'
[4.744s] INFO:colcon.colcon_core.shell:Creating prefix script '/home/user/dobot_ws/install/local_setup.sh'
[4.745s] INFO:colcon.colcon_core.shell:Creating prefix util module '/home/user/dobot_ws/install/_local_setup_util_sh.py'
[4.745s] INFO:colcon.colcon_core.shell:Creating prefix chain script '/home/user/dobot_ws/install/setup.sh'
[4.746s] INFO:colcon.colcon_core.shell:Creating prefix script '/home/user/dobot_ws/install/local_setup.bash'
[4.747s] INFO:colcon.colcon_core.shell:Creating prefix chain script '/home/user/dobot_ws/install/setup.bash'
[4.748s] INFO:colcon.colcon_core.shell:Creating prefix script '/home/user/dobot_ws/install/local_setup.zsh'
[4.748s] INFO:colcon.colcon_core.shell:Creating prefix chain script '/home/user/dobot_ws/install/setup.zsh'
