# .PCD v0.7 - Point Cloud Data file format
VERSION 0.7
FIELDS x y z intensity
SIZE 4 4 4 4
TYPE F F F F
COUNT 1 1 1 1
WIDTH 3118
HEIGHT 1
VIEWPOINT 0 0 0 1 0 0 0
POINTS 3118
DATA ascii
0.012500 -0.787500 0.037500 0.208333
0.012500 -0.787500 0.062500 0.208333
0.012500 -0.762500 -0.037500 0.083333
0.012500 -0.762500 -0.012500 0.083333
0.012500 -0.762500 0.012500 0.125000
0.012500 -0.762500 0.037500 0.208333
0.012500 -0.762500 0.062500 0.291667
0.012500 -0.737500 -0.037500 0.083333
0.012500 -0.737500 -0.012500 0.125000
0.012500 -0.737500 0.012500 0.166667
0.012500 -0.737500 0.037500 0.208333
0.012500 -0.737500 0.062500 0.291667
0.012500 -0.712500 -0.037500 0.083333
0.012500 -0.712500 -0.012500 0.208333
0.012500 -0.712500 0.012500 0.208333
0.012500 -0.712500 0.037500 0.250000
0.012500 -0.712500 0.062500 0.208333
0.012500 -0.687500 -0.037500 0.166667
0.012500 -0.687500 -0.012500 0.125000
0.012500 -0.687500 0.012500 0.208333
0.012500 -0.687500 0.037500 0.291667
0.012500 -0.687500 0.062500 0.291667
0.012500 -0.662500 -0.037500 0.250000
0.012500 -0.662500 -0.012500 0.208333
0.012500 -0.662500 0.012500 0.208333
0.012500 -0.662500 0.037500 0.375000
0.012500 -0.662500 0.062500 0.333333
0.012500 -0.637500 -0.037500 0.166667
0.012500 -0.637500 -0.012500 0.208333
0.012500 -0.637500 0.012500 0.166667
0.012500 -0.637500 0.037500 0.250000
0.012500 -0.637500 0.062500 0.291667
0.012500 -0.612500 -0.037500 0.208333
0.012500 -0.612500 -0.012500 0.166667
0.012500 -0.612500 0.012500 0.208333
0.012500 -0.612500 0.037500 0.333333
0.012500 -0.612500 0.062500 0.250000
0.012500 -0.587500 -0.037500 0.208333
0.012500 -0.587500 -0.012500 0.250000
0.012500 -0.587500 0.012500 0.166667
0.012500 -0.587500 0.037500 0.291667
0.012500 -0.587500 0.062500 0.500000
0.012500 -0.562500 -0.037500 0.250000
0.012500 -0.562500 -0.012500 0.208333
0.012500 -0.562500 0.012500 0.250000
0.012500 -0.562500 0.037500 0.208333
0.012500 -0.562500 0.062500 0.375000
0.012500 -0.537500 -0.037500 0.208333
0.012500 -0.537500 -0.012500 0.291667
0.012500 -0.537500 0.012500 0.250000
0.012500 -0.537500 0.037500 0.291667
0.012500 -0.537500 0.062500 0.333333
0.012500 -0.512500 -0.037500 0.208333
0.012500 -0.512500 -0.012500 0.250000
0.012500 -0.512500 0.012500 0.166667
0.012500 -0.512500 0.037500 0.291667
0.012500 -0.512500 0.062500 0.291667
0.012500 -0.487500 -0.037500 0.333333
0.012500 -0.487500 -0.012500 0.333333
0.012500 -0.487500 0.012500 0.166667
0.012500 -0.487500 0.037500 0.166667
0.012500 -0.487500 0.062500 0.333333
0.012500 -0.462500 -0.037500 0.250000
0.012500 -0.462500 -0.012500 0.208333
0.012500 -0.462500 0.012500 0.250000
0.012500 -0.462500 0.037500 0.208333
0.012500 -0.462500 0.062500 0.166667
0.012500 -0.437500 -0.037500 0.208333
0.012500 -0.437500 -0.012500 0.208333
0.012500 -0.437500 0.012500 0.250000
0.012500 -0.437500 0.037500 0.250000
0.012500 -0.437500 0.062500 0.333333
0.012500 -0.412500 -0.037500 0.041667
0.012500 -0.412500 -0.012500 0.208333
0.012500 -0.412500 0.012500 0.166667
0.012500 -0.412500 0.037500 0.250000
0.012500 -0.412500 0.062500 0.333333
0.012500 -0.387500 -0.037500 0.208333
0.012500 -0.387500 -0.012500 0.208333
0.012500 -0.387500 0.012500 0.166667
0.012500 -0.387500 0.037500 0.250000
0.012500 -0.387500 0.062500 0.250000
0.012500 -0.362500 -0.037500 0.208333
0.012500 -0.362500 -0.012500 0.208333
0.012500 -0.362500 0.012500 0.250000
0.012500 -0.362500 0.037500 0.333333
0.012500 -0.362500 0.062500 0.208333
0.012500 -0.337500 -0.037500 0.125000
0.012500 -0.337500 -0.012500 0.166667
0.012500 -0.337500 0.012500 0.166667
0.012500 -0.337500 0.037500 0.291667
0.012500 -0.337500 0.062500 0.083333
0.012500 -0.312500 -0.037500 0.083333
0.012500 -0.312500 -0.012500 0.041667
0.012500 -0.312500 0.012500 0.166667
0.012500 -0.312500 0.037500 0.166667
0.012500 -0.312500 0.062500 0.250000
0.012500 -0.287500 -0.037500 0.166667
0.012500 -0.287500 -0.012500 0.208333
0.012500 -0.287500 0.012500 0.250000
0.012500 -0.287500 0.037500 0.125000
0.012500 -0.287500 0.062500 0.250000
0.012500 -0.262500 -0.037500 0.166667
0.012500 -0.262500 -0.012500 0.125000
0.012500 -0.262500 0.012500 0.208333
0.012500 -0.262500 0.037500 0.083333
0.012500 -0.262500 0.062500 0.125000
0.012500 -0.237500 -0.037500 0.250000
0.012500 -0.237500 -0.012500 0.208333
0.012500 -0.237500 0.012500 0.166667
0.012500 -0.237500 0.037500 0.083333
0.012500 -0.237500 0.062500 0.166667
0.012500 -0.212500 -0.037500 0.083333
0.012500 -0.212500 -0.012500 0.166667
0.012500 -0.212500 0.012500 0.083333
0.012500 -0.212500 0.037500 0.125000
0.012500 -0.212500 0.062500 0.083333
0.012500 -0.187500 -0.037500 0.125000
0.012500 -0.187500 -0.012500 0.083333
0.012500 -0.187500 0.012500 0.083333
0.012500 -0.187500 0.037500 0.083333
0.012500 -0.187500 0.062500 0.041667
0.012500 -0.162500 -0.037500 0.125000
0.012500 -0.162500 0.012500 0.125000
0.012500 -0.062500 -0.037500 0.041667
0.037500 -0.787500 0.037500 0.166667
0.037500 -0.787500 0.062500 0.250000
0.037500 -0.762500 -0.037500 0.083333
0.037500 -0.762500 -0.012500 0.041667
0.037500 -0.762500 0.012500 0.166667
0.037500 -0.762500 0.037500 0.208333
0.037500 -0.762500 0.062500 0.333333
0.037500 -0.737500 -0.037500 0.083333
0.037500 -0.737500 -0.012500 0.083333
0.037500 -0.737500 0.012500 0.166667
0.037500 -0.737500 0.037500 0.208333
0.037500 -0.737500 0.062500 0.291667
0.037500 -0.712500 -0.037500 0.083333
0.037500 -0.712500 -0.012500 0.166667
0.037500 -0.712500 0.012500 0.166667
0.037500 -0.712500 0.037500 0.250000
0.037500 -0.712500 0.062500 0.291667
0.037500 -0.687500 -0.037500 0.208333
0.037500 -0.687500 -0.012500 0.166667
0.037500 -0.687500 0.012500 0.166667
0.037500 -0.687500 0.037500 0.250000
0.037500 -0.687500 0.062500 0.250000
0.037500 -0.662500 -0.037500 0.208333
0.037500 -0.662500 -0.012500 0.166667
0.037500 -0.662500 0.012500 0.166667
0.037500 -0.662500 0.037500 0.333333
0.037500 -0.662500 0.062500 0.250000
0.037500 -0.637500 -0.037500 0.208333
0.037500 -0.637500 -0.012500 0.208333
0.037500 -0.637500 0.012500 0.291667
0.037500 -0.637500 0.037500 0.291667
0.037500 -0.637500 0.062500 0.375000
0.037500 -0.612500 -0.037500 0.166667
0.037500 -0.612500 -0.012500 0.125000
0.037500 -0.612500 0.012500 0.125000
0.037500 -0.612500 0.037500 0.208333
0.037500 -0.612500 0.062500 0.333333
0.037500 -0.587500 -0.037500 0.208333
0.037500 -0.587500 -0.012500 0.166667
0.037500 -0.587500 0.012500 0.125000
0.037500 -0.587500 0.037500 0.250000
0.037500 -0.587500 0.062500 0.333333
0.037500 -0.562500 -0.037500 0.166667
0.037500 -0.562500 -0.012500 0.083333
0.037500 -0.562500 0.012500 0.291667
0.037500 -0.562500 0.037500 0.333333
0.037500 -0.562500 0.062500 0.291667
0.037500 -0.537500 -0.037500 0.166667
0.037500 -0.537500 -0.012500 0.166667
0.037500 -0.537500 0.012500 0.125000
0.037500 -0.537500 0.037500 0.208333
0.037500 -0.537500 0.062500 0.333333
0.037500 -0.512500 -0.037500 0.291667
0.037500 -0.512500 -0.012500 0.208333
0.037500 -0.512500 0.012500 0.291667
0.037500 -0.512500 0.037500 0.291667
0.037500 -0.512500 0.062500 0.375000
0.037500 -0.487500 -0.037500 0.250000
0.037500 -0.487500 -0.012500 0.208333
0.037500 -0.487500 0.012500 0.333333
0.037500 -0.487500 0.037500 0.208333
0.037500 -0.487500 0.062500 0.250000
0.037500 -0.462500 -0.037500 0.291667
0.037500 -0.462500 -0.012500 0.250000
0.037500 -0.462500 0.012500 0.291667
0.037500 -0.462500 0.037500 0.250000
0.037500 -0.462500 0.062500 0.291667
0.037500 -0.437500 -0.037500 0.333333
0.037500 -0.437500 -0.012500 0.250000
0.037500 -0.437500 0.012500 0.166667
0.037500 -0.437500 0.037500 0.250000
0.037500 -0.437500 0.062500 0.291667
0.037500 -0.412500 -0.037500 0.166667
0.037500 -0.412500 -0.012500 0.166667
0.037500 -0.412500 0.012500 0.208333
0.037500 -0.412500 0.037500 0.166667
0.037500 -0.412500 0.062500 0.291667
0.037500 -0.387500 -0.037500 0.208333
0.037500 -0.387500 -0.012500 0.125000
0.037500 -0.387500 0.012500 0.208333
0.037500 -0.387500 0.037500 0.333333
0.037500 -0.387500 0.062500 0.250000
0.037500 -0.362500 -0.037500 0.166667
0.037500 -0.362500 -0.012500 0.166667
0.037500 -0.362500 0.012500 0.166667
0.037500 -0.362500 0.037500 0.208333
0.037500 -0.362500 0.062500 0.208333
0.037500 -0.337500 -0.037500 0.166667
0.037500 -0.337500 -0.012500 0.166667
0.037500 -0.337500 0.012500 0.166667
0.037500 -0.337500 0.037500 0.208333
0.037500 -0.337500 0.062500 0.208333
0.037500 -0.312500 -0.037500 0.083333
0.037500 -0.312500 -0.012500 0.083333
0.037500 -0.312500 0.012500 0.250000
0.037500 -0.312500 0.037500 0.208333
0.037500 -0.312500 0.062500 0.208333
0.037500 -0.287500 -0.037500 0.083333
0.037500 -0.287500 -0.012500 0.125000
0.037500 -0.287500 0.012500 0.041667
0.037500 -0.287500 0.037500 0.208333
0.037500 -0.287500 0.062500 0.166667
0.037500 -0.262500 -0.037500 0.166667
0.037500 -0.262500 -0.012500 0.208333
0.037500 -0.262500 0.012500 0.166667
0.037500 -0.262500 0.037500 0.125000
0.037500 -0.262500 0.062500 0.083333
0.037500 -0.237500 -0.037500 0.208333
0.037500 -0.237500 -0.012500 0.166667
0.037500 -0.237500 0.012500 0.250000
0.037500 -0.237500 0.037500 0.125000
0.037500 -0.237500 0.062500 0.083333
0.037500 -0.212500 -0.037500 0.166667
0.037500 -0.212500 -0.012500 0.125000
0.037500 -0.212500 0.012500 0.166667
0.037500 -0.212500 0.037500 0.041667
0.037500 -0.212500 0.062500 0.166667
0.037500 -0.187500 -0.037500 0.166667
0.037500 -0.187500 -0.012500 0.208333
0.037500 -0.187500 0.012500 0.125000
0.037500 -0.187500 0.062500 0.041667
0.037500 -0.162500 -0.037500 0.250000
0.037500 -0.162500 -0.012500 0.041667
0.037500 -0.162500 0.037500 0.041667
0.037500 -0.137500 -0.037500 0.041667
0.037500 -0.112500 -0.037500 0.041667
0.062500 -0.787500 0.037500 0.208333
0.062500 -0.787500 0.062500 0.166667
0.062500 -0.762500 -0.037500 0.083333
0.062500 -0.762500 -0.012500 0.083333
0.062500 -0.762500 0.012500 0.083333
0.062500 -0.762500 0.037500 0.166667
0.062500 -0.762500 0.062500 0.208333
0.062500 -0.737500 -0.037500 0.083333
0.062500 -0.737500 -0.012500 0.083333
0.062500 -0.737500 0.012500 0.125000
0.062500 -0.737500 0.037500 0.208333
0.062500 -0.737500 0.062500 0.333333
0.062500 -0.712500 -0.037500 0.083333
0.062500 -0.712500 -0.012500 0.166667
0.062500 -0.712500 0.012500 0.208333
0.062500 -0.712500 0.037500 0.250000
0.062500 -0.712500 0.062500 0.166667
0.062500 -0.687500 -0.037500 0.125000
0.062500 -0.687500 -0.012500 0.125000
0.062500 -0.687500 0.012500 0.208333
0.062500 -0.687500 0.037500 0.208333
0.062500 -0.687500 0.062500 0.333333
0.062500 -0.662500 -0.037500 0.166667
0.062500 -0.662500 -0.012500 0.083333
0.062500 -0.662500 0.012500 0.291667
0.062500 -0.662500 0.037500 0.291667
0.062500 -0.662500 0.062500 0.291667
0.062500 -0.637500 -0.037500 0.208333
0.062500 -0.637500 -0.012500 0.208333
0.062500 -0.637500 0.012500 0.250000
0.062500 -0.637500 0.037500 0.125000
0.062500 -0.637500 0.062500 0.291667
0.062500 -0.612500 -0.037500 0.208333
0.062500 -0.612500 -0.012500 0.125000
0.062500 -0.612500 0.012500 0.250000
0.062500 -0.612500 0.037500 0.250000
0.062500 -0.612500 0.062500 0.291667
0.062500 -0.587500 -0.037500 0.208333
0.062500 -0.587500 -0.012500 0.125000
0.062500 -0.587500 0.012500 0.166667
0.062500 -0.587500 0.037500 0.291667
0.062500 -0.587500 0.062500 0.375000
0.062500 -0.562500 -0.037500 0.125000
0.062500 -0.562500 -0.012500 0.250000
0.062500 -0.562500 0.012500 0.250000
0.062500 -0.562500 0.037500 0.291667
0.062500 -0.562500 0.062500 0.250000
0.062500 -0.537500 -0.037500 0.250000
0.062500 -0.537500 -0.012500 0.291667
0.062500 -0.537500 0.012500 0.208333
0.062500 -0.537500 0.037500 0.250000
0.062500 -0.537500 0.062500 0.250000
0.062500 -0.512500 -0.037500 0.250000
0.062500 -0.512500 -0.012500 0.333333
0.062500 -0.512500 0.012500 0.208333
0.062500 -0.512500 0.037500 0.250000
0.062500 -0.512500 0.062500 0.250000
0.062500 -0.487500 -0.037500 0.250000
0.062500 -0.487500 -0.012500 0.208333
0.062500 -0.487500 0.012500 0.250000
0.062500 -0.487500 0.037500 0.208333
0.062500 -0.487500 0.062500 0.166667
0.062500 -0.462500 -0.037500 0.291667
0.062500 -0.462500 -0.012500 0.291667
0.062500 -0.462500 0.012500 0.250000
0.062500 -0.462500 0.037500 0.208333
0.062500 -0.462500 0.062500 0.208333
0.062500 -0.437500 -0.037500 0.291667
0.062500 -0.437500 -0.012500 0.333333
0.062500 -0.437500 0.012500 0.291667
0.062500 -0.437500 0.037500 0.166667
0.062500 -0.437500 0.062500 0.375000
0.062500 -0.412500 -0.037500 0.208333
0.062500 -0.412500 -0.012500 0.166667
0.062500 -0.412500 0.012500 0.250000
0.062500 -0.412500 0.037500 0.208333
0.062500 -0.412500 0.062500 0.250000
0.062500 -0.387500 -0.037500 0.125000
0.062500 -0.387500 -0.012500 0.250000
0.062500 -0.387500 0.012500 0.166667
0.062500 -0.387500 0.037500 0.208333
0.062500 -0.387500 0.062500 0.250000
0.062500 -0.362500 -0.037500 0.208333
0.062500 -0.362500 -0.012500 0.041667
0.062500 -0.362500 0.012500 0.166667
0.062500 -0.362500 0.037500 0.250000
0.062500 -0.362500 0.062500 0.250000
0.062500 -0.337500 -0.037500 0.166667
0.062500 -0.337500 -0.012500 0.166667
0.062500 -0.337500 0.012500 0.166667
0.062500 -0.337500 0.037500 0.250000
0.062500 -0.337500 0.062500 0.166667
0.062500 -0.312500 -0.037500 0.125000
0.062500 -0.312500 -0.012500 0.041667
0.062500 -0.312500 0.012500 0.208333
0.062500 -0.312500 0.037500 0.250000
0.062500 -0.312500 0.062500 0.250000
0.062500 -0.287500 -0.037500 0.083333
0.062500 -0.287500 -0.012500 0.125000
0.062500 -0.287500 0.012500 0.166667
0.062500 -0.287500 0.037500 0.125000
0.062500 -0.287500 0.062500 0.125000
0.062500 -0.262500 -0.037500 0.125000
0.062500 -0.262500 -0.012500 0.125000
0.062500 -0.262500 0.012500 0.166667
0.062500 -0.262500 0.037500 0.083333
0.062500 -0.262500 0.062500 0.041667
0.062500 -0.237500 -0.037500 0.125000
0.062500 -0.237500 -0.012500 0.166667
0.062500 -0.237500 0.012500 0.166667
0.062500 -0.237500 0.037500 0.083333
0.062500 -0.237500 0.062500 0.125000
0.062500 -0.212500 -0.037500 0.250000
0.062500 -0.212500 -0.012500 0.125000
0.062500 -0.212500 0.012500 0.208333
0.062500 -0.212500 0.037500 0.208333
0.062500 -0.212500 0.062500 0.125000
0.062500 -0.187500 -0.037500 0.125000
0.062500 -0.187500 -0.012500 0.083333
0.062500 -0.187500 0.012500 0.125000
0.062500 -0.187500 0.062500 0.041667
0.062500 -0.162500 -0.037500 0.166667
0.062500 -0.162500 -0.012500 0.083333
0.062500 -0.162500 0.012500 0.041667
0.062500 -0.162500 0.037500 0.041667
0.062500 -0.137500 -0.037500 0.083333
0.062500 -0.112500 -0.037500 0.041667
0.062500 -0.062500 -0.037500 0.041667
0.087500 -0.787500 0.037500 0.166667
0.087500 -0.787500 0.062500 0.166667
0.087500 -0.762500 -0.037500 0.083333
0.087500 -0.762500 -0.012500 0.083333
0.087500 -0.762500 0.012500 0.166667
0.087500 -0.762500 0.037500 0.166667
0.087500 -0.762500 0.062500 0.208333
0.087500 -0.737500 -0.037500 0.083333
0.087500 -0.737500 -0.012500 0.083333
0.087500 -0.737500 0.012500 0.208333
0.087500 -0.737500 0.037500 0.250000
0.087500 -0.737500 0.062500 0.166667
0.087500 -0.712500 -0.037500 0.083333
0.087500 -0.712500 -0.012500 0.166667
0.087500 -0.712500 0.012500 0.166667
0.087500 -0.712500 0.037500 0.250000
0.087500 -0.712500 0.062500 0.333333
0.087500 -0.687500 -0.037500 0.125000
0.087500 -0.687500 -0.012500 0.208333
0.087500 -0.687500 0.012500 0.250000
0.087500 -0.687500 0.037500 0.208333
0.087500 -0.687500 0.062500 0.291667
0.087500 -0.662500 -0.037500 0.125000
0.087500 -0.662500 -0.012500 0.250000
0.087500 -0.662500 0.012500 0.208333
0.087500 -0.662500 0.037500 0.166667
0.087500 -0.662500 0.062500 0.291667
0.087500 -0.637500 -0.037500 0.166667
0.087500 -0.637500 -0.012500 0.166667
0.087500 -0.637500 0.012500 0.208333
0.087500 -0.637500 0.037500 0.166667
0.087500 -0.637500 0.062500 0.291667
0.087500 -0.612500 -0.037500 0.208333
0.087500 -0.612500 -0.012500 0.166667
0.087500 -0.612500 0.012500 0.083333
0.087500 -0.612500 0.037500 0.291667
0.087500 -0.612500 0.062500 0.250000
0.087500 -0.587500 -0.037500 0.208333
0.087500 -0.587500 -0.012500 0.208333
0.087500 -0.587500 0.012500 0.208333
0.087500 -0.587500 0.037500 0.208333
0.087500 -0.587500 0.062500 0.250000
0.087500 -0.562500 -0.037500 0.208333
0.087500 -0.562500 -0.012500 0.166667
0.087500 -0.562500 0.012500 0.250000
0.087500 -0.562500 0.037500 0.250000
0.087500 -0.562500 0.062500 0.208333
0.087500 -0.537500 -0.037500 0.166667
0.087500 -0.537500 -0.012500 0.333333
0.087500 -0.537500 0.012500 0.166667
0.087500 -0.537500 0.037500 0.125000
0.087500 -0.537500 0.062500 0.291667
0.087500 -0.512500 -0.037500 0.250000
0.087500 -0.512500 -0.012500 0.333333
0.087500 -0.512500 0.012500 0.291667
0.087500 -0.512500 0.037500 0.250000
0.087500 -0.512500 0.062500 0.333333
0.087500 -0.487500 -0.037500 0.166667
0.087500 -0.487500 -0.012500 0.291667
0.087500 -0.487500 0.012500 0.333333
0.087500 -0.487500 0.037500 0.291667
0.087500 -0.487500 0.062500 0.291667
0.087500 -0.462500 -0.037500 0.291667
0.087500 -0.462500 -0.012500 0.291667
0.087500 -0.462500 0.012500 0.250000
0.087500 -0.462500 0.037500 0.333333
0.087500 -0.462500 0.062500 0.083333
0.087500 -0.437500 -0.037500 0.250000
0.087500 -0.437500 -0.012500 0.250000
0.087500 -0.437500 0.012500 0.250000
0.087500 -0.437500 0.037500 0.208333
0.087500 -0.437500 0.062500 0.250000
0.087500 -0.412500 -0.037500 0.291667
0.087500 -0.412500 -0.012500 0.250000
0.087500 -0.412500 0.012500 0.250000
0.087500 -0.412500 0.037500 0.166667
0.087500 -0.412500 0.062500 0.250000
0.087500 -0.387500 -0.037500 0.166667
0.087500 -0.387500 -0.012500 0.208333
0.087500 -0.387500 0.012500 0.125000
0.087500 -0.387500 0.037500 0.208333
0.087500 -0.387500 0.062500 0.250000
0.087500 -0.362500 -0.037500 0.166667
0.087500 -0.362500 -0.012500 0.166667
0.087500 -0.362500 0.012500 0.166667
0.087500 -0.362500 0.037500 0.125000
0.087500 -0.362500 0.062500 0.125000
0.087500 -0.337500 -0.037500 0.041667
0.087500 -0.337500 -0.012500 0.125000
0.087500 -0.337500 0.012500 0.166667
0.087500 -0.337500 0.037500 0.166667
0.087500 -0.337500 0.062500 0.250000
0.087500 -0.312500 -0.037500 0.166667
0.087500 -0.312500 -0.012500 0.166667
0.087500 -0.312500 0.012500 0.166667
0.087500 -0.312500 0.037500 0.291667
0.087500 -0.312500 0.062500 0.208333
0.087500 -0.287500 -0.037500 0.125000
0.087500 -0.287500 -0.012500 0.166667
0.087500 -0.287500 0.012500 0.125000
0.087500 -0.287500 0.037500 0.166667
0.087500 -0.287500 0.062500 0.166667
0.087500 -0.262500 -0.037500 0.041667
0.087500 -0.262500 -0.012500 0.125000
0.087500 -0.262500 0.012500 0.125000
0.087500 -0.262500 0.037500 0.041667
0.087500 -0.262500 0.062500 0.083333
0.087500 -0.237500 -0.037500 0.083333
0.087500 -0.237500 -0.012500 0.125000
0.087500 -0.237500 0.012500 0.083333
0.087500 -0.237500 0.037500 0.166667
0.087500 -0.237500 0.062500 0.166667
0.087500 -0.212500 -0.037500 0.208333
0.087500 -0.212500 -0.012500 0.208333
0.087500 -0.212500 0.012500 0.083333
0.087500 -0.212500 0.037500 0.208333
0.087500 -0.212500 0.062500 0.083333
0.087500 -0.187500 -0.037500 0.125000
0.087500 -0.187500 -0.012500 0.166667
0.087500 -0.187500 0.012500 0.083333
0.087500 -0.187500 0.037500 0.083333
0.087500 -0.187500 0.062500 0.041667
0.087500 -0.162500 -0.037500 0.166667
0.087500 -0.162500 -0.012500 0.083333
0.087500 -0.162500 0.012500 0.125000
0.087500 -0.162500 0.037500 0.041667
0.087500 -0.137500 -0.037500 0.083333
0.087500 -0.037500 -0.037500 0.041667
0.112500 -0.787500 0.062500 0.125000
0.112500 -0.762500 -0.037500 0.041667
0.112500 -0.762500 -0.012500 0.041667
0.112500 -0.762500 0.012500 0.083333
0.112500 -0.762500 0.037500 0.166667
0.112500 -0.762500 0.062500 0.166667
0.112500 -0.737500 -0.037500 0.083333
0.112500 -0.737500 -0.012500 0.083333
0.112500 -0.737500 0.012500 0.166667
0.112500 -0.737500 0.037500 0.166667
0.112500 -0.737500 0.062500 0.250000
0.112500 -0.712500 -0.037500 0.083333
0.112500 -0.712500 -0.012500 0.250000
0.112500 -0.712500 0.012500 0.166667
0.112500 -0.712500 0.037500 0.208333
0.112500 -0.712500 0.062500 0.208333
0.112500 -0.687500 -0.037500 0.125000
0.112500 -0.687500 -0.012500 0.250000
0.112500 -0.687500 0.012500 0.250000
0.112500 -0.687500 0.037500 0.250000
0.112500 -0.687500 0.062500 0.291667
0.112500 -0.662500 -0.037500 0.250000
0.112500 -0.662500 -0.012500 0.166667
0.112500 -0.662500 0.012500 0.250000
0.112500 -0.662500 0.037500 0.291667
0.112500 -0.662500 0.062500 0.166667
0.112500 -0.637500 -0.037500 0.166667
0.112500 -0.637500 -0.012500 0.208333
0.112500 -0.637500 0.012500 0.166667
0.112500 -0.637500 0.037500 0.250000
0.112500 -0.637500 0.062500 0.166667
0.112500 -0.612500 -0.037500 0.208333
0.112500 -0.612500 -0.012500 0.208333
0.112500 -0.612500 0.012500 0.250000
0.112500 -0.612500 0.037500 0.250000
0.112500 -0.612500 0.062500 0.291667
0.112500 -0.587500 -0.037500 0.166667
0.112500 -0.587500 -0.012500 0.208333
0.112500 -0.587500 0.012500 0.166667
0.112500 -0.587500 0.037500 0.250000
0.112500 -0.587500 0.062500 0.166667
0.112500 -0.562500 -0.037500 0.250000
0.112500 -0.562500 -0.012500 0.250000
0.112500 -0.562500 0.012500 0.250000
0.112500 -0.562500 0.037500 0.291667
0.112500 -0.562500 0.062500 0.208333
0.112500 -0.537500 -0.037500 0.291667
0.112500 -0.537500 -0.012500 0.208333
0.112500 -0.537500 0.012500 0.250000
0.112500 -0.537500 0.037500 0.333333
0.112500 -0.537500 0.062500 0.250000
0.112500 -0.512500 -0.037500 0.250000
0.112500 -0.512500 -0.012500 0.291667
0.112500 -0.512500 0.012500 0.250000
0.112500 -0.512500 0.037500 0.208333
0.112500 -0.512500 0.062500 0.208333
0.112500 -0.487500 -0.037500 0.291667
0.112500 -0.487500 -0.012500 0.208333
0.112500 -0.487500 0.012500 0.333333
0.112500 -0.487500 0.037500 0.291667
0.112500 -0.487500 0.062500 0.166667
0.112500 -0.462500 -0.037500 0.208333
0.112500 -0.462500 -0.012500 0.208333
0.112500 -0.462500 0.012500 0.291667
0.112500 -0.462500 0.037500 0.208333
0.112500 -0.462500 0.062500 0.166667
0.112500 -0.437500 -0.037500 0.250000
0.112500 -0.437500 -0.012500 0.208333
0.112500 -0.437500 0.012500 0.291667
0.112500 -0.437500 0.037500 0.208333
0.112500 -0.437500 0.062500 0.291667
0.112500 -0.412500 -0.037500 0.208333
0.112500 -0.412500 -0.012500 0.250000
0.112500 -0.412500 0.012500 0.208333
0.112500 -0.412500 0.037500 0.291667
0.112500 -0.412500 0.062500 0.208333
0.112500 -0.387500 -0.037500 0.250000
0.112500 -0.387500 -0.012500 0.250000
0.112500 -0.387500 0.012500 0.250000
0.112500 -0.387500 0.037500 0.208333
0.112500 -0.387500 0.062500 0.250000
0.112500 -0.362500 -0.037500 0.250000
0.112500 -0.362500 -0.012500 0.166667
0.112500 -0.362500 0.012500 0.166667
0.112500 -0.362500 0.037500 0.166667
0.112500 -0.362500 0.062500 0.166667
0.112500 -0.337500 -0.037500 0.125000
0.112500 -0.337500 -0.012500 0.166667
0.112500 -0.337500 0.012500 0.125000
0.112500 -0.337500 0.037500 0.208333
0.112500 -0.337500 0.062500 0.208333
0.112500 -0.312500 -0.037500 0.166667
0.112500 -0.312500 -0.012500 0.166667
0.112500 -0.312500 0.012500 0.125000
0.112500 -0.312500 0.037500 0.208333
0.112500 -0.312500 0.062500 0.166667
0.112500 -0.287500 -0.037500 0.125000
0.112500 -0.287500 -0.012500 0.125000
0.112500 -0.287500 0.012500 0.166667
0.112500 -0.287500 0.037500 0.250000
0.112500 -0.287500 0.062500 0.208333
0.112500 -0.262500 -0.037500 0.125000
0.112500 -0.262500 -0.012500 0.041667
0.112500 -0.262500 0.012500 0.125000
0.112500 -0.262500 0.037500 0.166667
0.112500 -0.262500 0.062500 0.208333
0.112500 -0.237500 -0.037500 0.083333
0.112500 -0.237500 -0.012500 0.166667
0.112500 -0.237500 0.012500 0.125000
0.112500 -0.237500 0.037500 0.166667
0.112500 -0.237500 0.062500 0.125000
0.112500 -0.212500 -0.037500 0.083333
0.112500 -0.212500 -0.012500 0.166667
0.112500 -0.212500 0.012500 0.208333
0.112500 -0.212500 0.037500 0.166667
0.112500 -0.212500 0.062500 0.125000
0.112500 -0.187500 -0.037500 0.083333
0.112500 -0.187500 -0.012500 0.166667
0.112500 -0.187500 0.012500 0.166667
0.112500 -0.187500 0.037500 0.125000
0.112500 -0.187500 0.062500 0.083333
0.112500 -0.162500 -0.037500 0.125000
0.112500 -0.162500 -0.012500 0.041667
0.112500 -0.162500 0.037500 0.083333
0.112500 -0.137500 -0.037500 0.041667
0.112500 -0.112500 -0.037500 0.083333
0.112500 -0.037500 -0.037500 0.041667
0.137500 -0.787500 0.037500 0.083333
0.137500 -0.787500 0.062500 0.166667
0.137500 -0.762500 -0.012500 0.083333
0.137500 -0.762500 0.012500 0.083333
0.137500 -0.762500 0.037500 0.208333
0.137500 -0.762500 0.062500 0.250000
0.137500 -0.737500 -0.037500 0.083333
0.137500 -0.737500 -0.012500 0.083333
0.137500 -0.737500 0.012500 0.166667
0.137500 -0.737500 0.037500 0.250000
0.137500 -0.737500 0.062500 0.250000
0.137500 -0.712500 -0.037500 0.083333
0.137500 -0.712500 -0.012500 0.250000
0.137500 -0.712500 0.012500 0.250000
0.137500 -0.712500 0.037500 0.166667
0.137500 -0.712500 0.062500 0.250000
0.137500 -0.687500 -0.037500 0.125000
0.137500 -0.687500 -0.012500 0.208333
0.137500 -0.687500 0.012500 0.208333
0.137500 -0.687500 0.037500 0.333333
0.137500 -0.687500 0.062500 0.208333
0.137500 -0.662500 -0.037500 0.208333
0.137500 -0.662500 -0.012500 0.250000
0.137500 -0.662500 0.012500 0.208333
0.137500 -0.662500 0.037500 0.250000
0.137500 -0.662500 0.062500 0.291667
0.137500 -0.637500 -0.037500 0.083333
0.137500 -0.637500 -0.012500 0.208333
0.137500 -0.637500 0.012500 0.125000
0.137500 -0.637500 0.037500 0.250000
0.137500 -0.637500 0.062500 0.125000
0.137500 -0.612500 -0.037500 0.250000
0.137500 -0.612500 -0.012500 0.208333
0.137500 -0.612500 0.012500 0.250000
0.137500 -0.612500 0.037500 0.250000
0.137500 -0.612500 0.062500 0.208333
0.137500 -0.587500 -0.037500 0.250000
0.137500 -0.587500 -0.012500 0.208333
0.137500 -0.587500 0.012500 0.125000
0.137500 -0.587500 0.037500 0.208333
0.137500 -0.587500 0.062500 0.166667
0.137500 -0.562500 -0.037500 0.208333
0.137500 -0.562500 -0.012500 0.166667
0.137500 -0.562500 0.012500 0.208333
0.137500 -0.562500 0.037500 0.333333
0.137500 -0.562500 0.062500 0.083333
0.137500 -0.537500 -0.037500 0.291667
0.137500 -0.537500 -0.012500 0.208333
0.137500 -0.537500 0.012500 0.250000
0.137500 -0.537500 0.037500 0.166667
0.137500 -0.537500 0.062500 0.250000
0.137500 -0.512500 -0.037500 0.208333
0.137500 -0.512500 -0.012500 0.291667
0.137500 -0.512500 0.012500 0.291667
0.137500 -0.512500 0.037500 0.291667
0.137500 -0.512500 0.062500 0.208333
0.137500 -0.487500 -0.037500 0.208333
0.137500 -0.487500 -0.012500 0.291667
0.137500 -0.487500 0.012500 0.208333
0.137500 -0.487500 0.037500 0.208333
0.137500 -0.487500 0.062500 0.208333
0.137500 -0.462500 -0.037500 0.250000
0.137500 -0.462500 -0.012500 0.291667
0.137500 -0.462500 0.012500 0.250000
0.137500 -0.462500 0.037500 0.208333
0.137500 -0.462500 0.062500 0.250000
0.137500 -0.437500 -0.037500 0.291667
0.137500 -0.437500 -0.012500 0.333333
0.137500 -0.437500 0.012500 0.208333
0.137500 -0.437500 0.037500 0.291667
0.137500 -0.437500 0.062500 0.333333
0.137500 -0.412500 -0.037500 0.250000
0.137500 -0.412500 -0.012500 0.250000
0.137500 -0.412500 0.012500 0.291667
0.137500 -0.412500 0.037500 0.250000
0.137500 -0.412500 0.062500 0.208333
0.137500 -0.387500 -0.037500 0.250000
0.137500 -0.387500 -0.012500 0.208333
0.137500 -0.387500 0.012500 0.208333
0.137500 -0.387500 0.037500 0.208333
0.137500 -0.387500 0.062500 0.208333
0.137500 -0.362500 -0.037500 0.166667
0.137500 -0.362500 -0.012500 0.250000
0.137500 -0.362500 0.012500 0.166667
0.137500 -0.362500 0.037500 0.208333
0.137500 -0.362500 0.062500 0.166667
0.137500 -0.337500 -0.037500 0.166667
0.137500 -0.337500 -0.012500 0.125000
0.137500 -0.337500 0.012500 0.166667
0.137500 -0.337500 0.037500 0.166667
0.137500 -0.337500 0.062500 0.166667
0.137500 -0.312500 -0.037500 0.166667
0.137500 -0.312500 -0.012500 0.125000
0.137500 -0.312500 0.012500 0.125000
0.137500 -0.312500 0.037500 0.250000
0.137500 -0.312500 0.062500 0.166667
0.137500 -0.287500 -0.037500 0.125000
0.137500 -0.287500 -0.012500 0.125000
0.137500 -0.287500 0.012500 0.208333
0.137500 -0.287500 0.037500 0.208333
0.137500 -0.287500 0.062500 0.208333
0.137500 -0.262500 -0.037500 0.083333
0.137500 -0.262500 -0.012500 0.125000
0.137500 -0.262500 0.012500 0.041667
0.137500 -0.262500 0.037500 0.208333
0.137500 -0.262500 0.062500 0.166667
0.137500 -0.237500 -0.037500 0.125000
0.137500 -0.237500 -0.012500 0.125000
0.137500 -0.237500 0.012500 0.125000
0.137500 -0.237500 0.037500 0.125000
0.137500 -0.237500 0.062500 0.125000
0.137500 -0.212500 -0.037500 0.208333
0.137500 -0.212500 -0.012500 0.208333
0.137500 -0.212500 0.012500 0.208333
0.137500 -0.212500 0.037500 0.125000
0.137500 -0.212500 0.062500 0.083333
0.137500 -0.187500 -0.037500 0.166667
0.137500 -0.187500 -0.012500 0.208333
0.137500 -0.187500 0.012500 0.125000
0.137500 -0.187500 0.037500 0.166667
0.137500 -0.187500 0.062500 0.125000
0.137500 -0.162500 -0.037500 0.125000
0.137500 -0.162500 -0.012500 0.041667
0.137500 -0.162500 0.012500 0.166667
0.137500 -0.162500 0.037500 0.125000
0.137500 -0.162500 0.062500 0.083333
0.137500 -0.137500 -0.012500 0.083333
0.137500 -0.137500 0.012500 0.083333
0.137500 -0.137500 0.037500 0.083333
0.137500 -0.112500 -0.037500 0.083333
0.137500 -0.112500 0.012500 0.041667
0.137500 -0.062500 -0.037500 0.041667
0.137500 -0.037500 0.037500 0.041667
0.137500 0.012500 -0.037500 0.083333
0.137500 0.012500 -0.012500 0.041667
0.162500 -0.787500 0.037500 0.083333
0.162500 -0.787500 0.062500 0.083333
0.162500 -0.762500 -0.012500 0.083333
0.162500 -0.762500 0.012500 0.083333
0.162500 -0.762500 0.037500 0.250000
0.162500 -0.762500 0.062500 0.250000
0.162500 -0.737500 -0.037500 0.083333
0.162500 -0.737500 0.012500 0.125000
0.162500 -0.737500 0.037500 0.208333
0.162500 -0.737500 0.062500 0.208333
0.162500 -0.712500 -0.037500 0.083333
0.162500 -0.712500 -0.012500 0.208333
0.162500 -0.712500 0.012500 0.250000
0.162500 -0.712500 0.037500 0.208333
0.162500 -0.712500 0.062500 0.208333
0.162500 -0.687500 -0.037500 0.083333
0.162500 -0.687500 -0.012500 0.250000
0.162500 -0.687500 0.012500 0.250000
0.162500 -0.687500 0.037500 0.166667
0.162500 -0.687500 0.062500 0.250000
0.162500 -0.662500 -0.037500 0.125000
0.162500 -0.662500 -0.012500 0.208333
0.162500 -0.662500 0.012500 0.208333
0.162500 -0.662500 0.037500 0.208333
0.162500 -0.662500 0.062500 0.291667
0.162500 -0.637500 -0.037500 0.208333
0.162500 -0.637500 -0.012500 0.250000
0.162500 -0.637500 0.012500 0.166667
0.162500 -0.637500 0.037500 0.250000
0.162500 -0.637500 0.062500 0.166667
0.162500 -0.612500 -0.037500 0.166667
0.162500 -0.612500 -0.012500 0.166667
0.162500 -0.612500 0.012500 0.166667
0.162500 -0.612500 0.037500 0.125000
0.162500 -0.612500 0.062500 0.208333
0.162500 -0.587500 -0.037500 0.083333
0.162500 -0.587500 -0.012500 0.208333
0.162500 -0.587500 0.012500 0.250000
0.162500 -0.587500 0.037500 0.208333
0.162500 -0.587500 0.062500 0.208333
0.162500 -0.562500 -0.037500 0.125000
0.162500 -0.562500 -0.012500 0.208333
0.162500 -0.562500 0.012500 0.208333
0.162500 -0.562500 0.037500 0.208333
0.162500 -0.562500 0.062500 0.333333
0.162500 -0.537500 -0.037500 0.333333
0.162500 -0.537500 -0.012500 0.250000
0.162500 -0.537500 0.012500 0.208333
0.162500 -0.537500 0.037500 0.250000
0.162500 -0.537500 0.062500 0.333333
0.162500 -0.512500 -0.037500 0.333333
0.162500 -0.512500 -0.012500 0.250000
0.162500 -0.512500 0.012500 0.208333
0.162500 -0.512500 0.037500 0.250000
0.162500 -0.512500 0.062500 0.250000
0.162500 -0.487500 -0.037500 0.291667
0.162500 -0.487500 -0.012500 0.250000
0.162500 -0.487500 0.012500 0.333333
0.162500 -0.487500 0.037500 0.208333
0.162500 -0.487500 0.062500 0.333333
0.162500 -0.462500 -0.037500 0.250000
0.162500 -0.462500 -0.012500 0.333333
0.162500 -0.462500 0.012500 0.291667
0.162500 -0.462500 0.037500 0.333333
0.162500 -0.462500 0.062500 0.291667
0.162500 -0.437500 -0.037500 0.333333
0.162500 -0.437500 -0.012500 0.250000
0.162500 -0.437500 0.012500 0.250000
0.162500 -0.437500 0.037500 0.333333
0.162500 -0.437500 0.062500 0.291667
0.162500 -0.412500 -0.037500 0.250000
0.162500 -0.412500 -0.012500 0.250000
0.162500 -0.412500 0.012500 0.333333
0.162500 -0.412500 0.037500 0.291667
0.162500 -0.412500 0.062500 0.291667
0.162500 -0.387500 -0.037500 0.250000
0.162500 -0.387500 -0.012500 0.250000
0.162500 -0.387500 0.012500 0.250000
0.162500 -0.387500 0.037500 0.250000
0.162500 -0.387500 0.062500 0.291667
0.162500 -0.362500 -0.037500 0.291667
0.162500 -0.362500 -0.012500 0.208333
0.162500 -0.362500 0.012500 0.208333
0.162500 -0.362500 0.037500 0.166667
0.162500 -0.362500 0.062500 0.291667
0.162500 -0.337500 -0.037500 0.208333
0.162500 -0.337500 -0.012500 0.125000
0.162500 -0.337500 0.012500 0.166667
0.162500 -0.337500 0.037500 0.166667
0.162500 -0.337500 0.062500 0.250000
0.162500 -0.312500 -0.037500 0.166667
0.162500 -0.312500 -0.012500 0.166667
0.162500 -0.312500 0.012500 0.166667
0.162500 -0.312500 0.037500 0.166667
0.162500 -0.312500 0.062500 0.291667
0.162500 -0.287500 -0.037500 0.166667
0.162500 -0.287500 -0.012500 0.166667
0.162500 -0.287500 0.012500 0.208333
0.162500 -0.287500 0.037500 0.166667
0.162500 -0.287500 0.062500 0.125000
0.162500 -0.262500 -0.037500 0.166667
0.162500 -0.262500 -0.012500 0.208333
0.162500 -0.262500 0.012500 0.125000
0.162500 -0.262500 0.037500 0.166667
0.162500 -0.262500 0.062500 0.208333
0.162500 -0.237500 -0.037500 0.041667
0.162500 -0.237500 -0.012500 0.208333
0.162500 -0.237500 0.012500 0.125000
0.162500 -0.237500 0.037500 0.041667
0.162500 -0.237500 0.062500 0.125000
0.162500 -0.212500 -0.037500 0.083333
0.162500 -0.212500 -0.012500 0.125000
0.162500 -0.212500 0.012500 0.083333
0.162500 -0.212500 0.037500 0.083333
0.162500 -0.212500 0.062500 0.083333
0.162500 -0.187500 -0.037500 0.166667
0.162500 -0.187500 -0.012500 0.083333
0.162500 -0.187500 0.012500 0.125000
0.162500 -0.187500 0.037500 0.041667
0.162500 -0.187500 0.062500 0.083333
0.162500 -0.162500 -0.037500 0.208333
0.162500 -0.162500 -0.012500 0.208333
0.162500 -0.162500 0.012500 0.166667
0.162500 -0.162500 0.037500 0.083333
0.162500 -0.162500 0.062500 0.083333
0.162500 -0.137500 -0.037500 0.083333
0.162500 -0.137500 -0.012500 0.041667
0.162500 -0.137500 0.012500 0.041667
0.162500 -0.137500 0.037500 0.125000
0.162500 -0.112500 -0.037500 0.041667
0.162500 -0.112500 -0.012500 0.041667
0.162500 -0.087500 -0.037500 0.208333
0.162500 -0.087500 -0.012500 0.083333
0.162500 -0.087500 0.012500 0.041667
0.162500 -0.062500 -0.037500 0.125000
0.162500 -0.062500 -0.012500 0.041667
0.162500 -0.037500 -0.037500 0.083333
0.162500 -0.037500 -0.012500 0.083333
0.162500 -0.037500 0.012500 0.041667
0.162500 -0.012500 -0.037500 0.041667
0.162500 -0.012500 -0.012500 0.041667
0.162500 -0.012500 0.012500 0.041667
0.162500 0.012500 -0.037500 0.125000
0.162500 0.012500 -0.012500 0.083333
0.162500 0.012500 0.012500 0.041667
0.187500 -0.787500 0.062500 0.083333
0.187500 -0.762500 0.012500 0.041667
0.187500 -0.762500 0.037500 0.208333
0.187500 -0.762500 0.062500 0.166667
0.187500 -0.737500 -0.037500 0.083333
0.187500 -0.737500 -0.012500 0.083333
0.187500 -0.737500 0.012500 0.208333
0.187500 -0.737500 0.037500 0.250000
0.187500 -0.737500 0.062500 0.208333
0.187500 -0.712500 -0.037500 0.083333
0.187500 -0.712500 -0.012500 0.083333
0.187500 -0.712500 0.012500 0.250000
0.187500 -0.712500 0.037500 0.208333
0.187500 -0.712500 0.062500 0.250000
0.187500 -0.687500 -0.037500 0.166667
0.187500 -0.687500 -0.012500 0.208333
0.187500 -0.687500 0.012500 0.208333
0.187500 -0.687500 0.037500 0.250000
0.187500 -0.687500 0.062500 0.291667
0.187500 -0.662500 -0.037500 0.083333
0.187500 -0.662500 -0.012500 0.250000
0.187500 -0.662500 0.012500 0.208333
0.187500 -0.662500 0.037500 0.250000
0.187500 -0.662500 0.062500 0.166667
0.187500 -0.637500 -0.037500 0.208333
0.187500 -0.637500 -0.012500 0.250000
0.187500 -0.637500 0.012500 0.208333
0.187500 -0.637500 0.037500 0.208333
0.187500 -0.637500 0.062500 0.208333
0.187500 -0.612500 -0.037500 0.166667
0.187500 -0.612500 -0.012500 0.166667
0.187500 -0.612500 0.012500 0.208333
0.187500 -0.612500 0.037500 0.250000
0.187500 -0.612500 0.062500 0.208333
0.187500 -0.587500 -0.037500 0.166667
0.187500 -0.587500 -0.012500 0.250000
0.187500 -0.587500 0.012500 0.208333
0.187500 -0.587500 0.037500 0.208333
0.187500 -0.587500 0.062500 0.208333
0.187500 -0.562500 -0.037500 0.208333
0.187500 -0.562500 -0.012500 0.125000
0.187500 -0.562500 0.012500 0.208333
0.187500 -0.562500 0.037500 0.250000
0.187500 -0.562500 0.062500 0.291667
0.187500 -0.537500 -0.037500 0.250000
0.187500 -0.537500 -0.012500 0.250000
0.187500 -0.537500 0.012500 0.208333
0.187500 -0.537500 0.037500 0.291667
0.187500 -0.537500 0.062500 0.250000
0.187500 -0.512500 -0.037500 0.208333
0.187500 -0.512500 -0.012500 0.333333
0.187500 -0.512500 0.012500 0.250000
0.187500 -0.512500 0.037500 0.250000
0.187500 -0.512500 0.062500 0.208333
0.187500 -0.487500 -0.037500 0.291667
0.187500 -0.487500 -0.012500 0.333333
0.187500 -0.487500 0.012500 0.291667
0.187500 -0.487500 0.037500 0.250000
0.187500 -0.487500 0.062500 0.250000
0.187500 -0.462500 -0.037500 0.208333
0.187500 -0.462500 -0.012500 0.208333
0.187500 -0.462500 0.012500 0.333333
0.187500 -0.462500 0.037500 0.250000
0.187500 -0.462500 0.062500 0.333333
0.187500 -0.437500 -0.037500 0.208333
0.187500 -0.437500 -0.012500 0.250000
0.187500 -0.437500 0.012500 0.250000
0.187500 -0.437500 0.037500 0.250000
0.187500 -0.437500 0.062500 0.291667
0.187500 -0.412500 -0.037500 0.250000
0.187500 -0.412500 -0.012500 0.333333
0.187500 -0.412500 0.012500 0.291667
0.187500 -0.412500 0.037500 0.291667
0.187500 -0.412500 0.062500 0.375000
0.187500 -0.387500 -0.037500 0.250000
0.187500 -0.387500 -0.012500 0.208333
0.187500 -0.387500 0.012500 0.291667
0.187500 -0.387500 0.037500 0.416667
0.187500 -0.387500 0.062500 0.375000
0.187500 -0.362500 -0.037500 0.250000
0.187500 -0.362500 -0.012500 0.333333
0.187500 -0.362500 0.012500 0.291667
0.187500 -0.362500 0.037500 0.333333
0.187500 -0.362500 0.062500 0.375000
0.187500 -0.337500 -0.037500 0.333333
0.187500 -0.337500 -0.012500 0.291667
0.187500 -0.337500 0.012500 0.250000
0.187500 -0.337500 0.037500 0.208333
0.187500 -0.337500 0.062500 0.250000
0.187500 -0.312500 -0.037500 0.208333
0.187500 -0.312500 -0.012500 0.166667
0.187500 -0.312500 0.012500 0.166667
0.187500 -0.312500 0.037500 0.208333
0.187500 -0.312500 0.062500 0.166667
0.187500 -0.287500 -0.037500 0.166667
0.187500 -0.287500 -0.012500 0.166667
0.187500 -0.287500 0.012500 0.250000
0.187500 -0.287500 0.037500 0.208333
0.187500 -0.287500 0.062500 0.208333
0.187500 -0.262500 -0.037500 0.083333
0.187500 -0.262500 -0.012500 0.166667
0.187500 -0.262500 0.012500 0.166667
0.187500 -0.262500 0.037500 0.166667
0.187500 -0.262500 0.062500 0.208333
0.187500 -0.237500 -0.037500 0.166667
0.187500 -0.237500 -0.012500 0.250000
0.187500 -0.237500 0.012500 0.125000
0.187500 -0.237500 0.037500 0.083333
0.187500 -0.237500 0.062500 0.208333
0.187500 -0.212500 -0.037500 0.083333
0.187500 -0.212500 -0.012500 0.208333
0.187500 -0.212500 0.012500 0.083333
0.187500 -0.212500 0.037500 0.083333
0.187500 -0.212500 0.062500 0.083333
0.187500 -0.187500 -0.037500 0.166667
0.187500 -0.187500 -0.012500 0.083333
0.187500 -0.187500 0.012500 0.125000
0.187500 -0.187500 0.037500 0.125000
0.187500 -0.187500 0.062500 0.166667
0.187500 -0.162500 -0.037500 0.083333
0.187500 -0.162500 -0.012500 0.041667
0.187500 -0.162500 0.012500 0.041667
0.187500 -0.162500 0.037500 0.083333
0.187500 -0.162500 0.062500 0.083333
0.187500 -0.137500 -0.037500 0.041667
0.187500 -0.137500 -0.012500 0.083333
0.187500 -0.137500 0.012500 0.083333
0.187500 -0.137500 0.037500 0.083333
0.187500 -0.137500 0.062500 0.041667
0.187500 -0.112500 -0.012500 0.125000
0.187500 -0.112500 0.012500 0.083333
0.187500 -0.087500 -0.037500 0.041667
0.187500 -0.087500 -0.012500 0.083333
0.187500 -0.087500 0.012500 0.083333
0.187500 -0.062500 -0.037500 0.125000
0.187500 -0.062500 -0.012500 0.125000
0.187500 -0.037500 -0.037500 0.083333
0.187500 -0.037500 -0.012500 0.083333
0.187500 -0.037500 0.012500 0.041667
0.187500 -0.037500 0.037500 0.041667
0.187500 -0.012500 -0.037500 0.083333
0.187500 -0.012500 -0.012500 0.041667
0.187500 -0.012500 0.012500 0.083333
0.187500 -0.012500 0.037500 0.041667
0.187500 0.012500 -0.037500 0.083333
0.187500 0.012500 -0.012500 0.083333
0.187500 0.012500 0.012500 0.041667
0.187500 0.012500 0.037500 0.041667
0.212500 -0.787500 0.062500 0.083333
0.212500 -0.762500 0.037500 0.041667
0.212500 -0.762500 0.062500 0.208333
0.212500 -0.737500 -0.037500 0.083333
0.212500 -0.737500 -0.012500 0.083333
0.212500 -0.737500 0.012500 0.166667
0.212500 -0.737500 0.037500 0.208333
0.212500 -0.737500 0.062500 0.166667
0.212500 -0.712500 -0.037500 0.083333
0.212500 -0.712500 -0.012500 0.083333
0.212500 -0.712500 0.012500 0.208333
0.212500 -0.712500 0.037500 0.250000
0.212500 -0.712500 0.062500 0.208333
0.212500 -0.687500 -0.037500 0.166667
0.212500 -0.687500 -0.012500 0.208333
0.212500 -0.687500 0.012500 0.208333
0.212500 -0.687500 0.037500 0.250000
0.212500 -0.687500 0.062500 0.166667
0.212500 -0.662500 -0.037500 0.083333
0.212500 -0.662500 -0.012500 0.125000
0.212500 -0.662500 0.012500 0.250000
0.212500 -0.662500 0.037500 0.250000
0.212500 -0.662500 0.062500 0.166667
0.212500 -0.637500 -0.037500 0.208333
0.212500 -0.637500 -0.012500 0.166667
0.212500 -0.637500 0.012500 0.250000
0.212500 -0.637500 0.037500 0.208333
0.212500 -0.637500 0.062500 0.166667
0.212500 -0.612500 -0.037500 0.166667
0.212500 -0.612500 -0.012500 0.208333
0.212500 -0.612500 0.012500 0.250000
0.212500 -0.612500 0.037500 0.208333
0.212500 -0.612500 0.062500 0.208333
0.212500 -0.587500 -0.037500 0.166667
0.212500 -0.587500 -0.012500 0.250000
0.212500 -0.587500 0.012500 0.208333
0.212500 -0.587500 0.037500 0.208333
0.212500 -0.587500 0.062500 0.208333
0.212500 -0.562500 -0.037500 0.208333
0.212500 -0.562500 -0.012500 0.166667
0.212500 -0.562500 0.012500 0.125000
0.212500 -0.562500 0.037500 0.208333
0.212500 -0.562500 0.062500 0.166667
0.212500 -0.537500 -0.037500 0.166667
0.212500 -0.537500 -0.012500 0.208333
0.212500 -0.537500 0.012500 0.250000
0.212500 -0.537500 0.037500 0.125000
0.212500 -0.537500 0.062500 0.083333
0.212500 -0.512500 -0.037500 0.250000
0.212500 -0.512500 -0.012500 0.250000
0.212500 -0.512500 0.012500 0.250000
0.212500 -0.512500 0.037500 0.208333
0.212500 -0.512500 0.062500 0.166667
0.212500 -0.487500 -0.037500 0.208333
0.212500 -0.487500 -0.012500 0.250000
0.212500 -0.487500 0.012500 0.250000
0.212500 -0.487500 0.037500 0.125000
0.212500 -0.487500 0.062500 0.041667
0.212500 -0.462500 -0.037500 0.291667
0.212500 -0.462500 -0.012500 0.250000
0.212500 -0.462500 0.012500 0.291667
0.212500 -0.462500 0.037500 0.250000
0.212500 -0.462500 0.062500 0.166667
0.212500 -0.437500 -0.037500 0.250000
0.212500 -0.437500 -0.012500 0.291667
0.212500 -0.437500 0.012500 0.250000
0.212500 -0.437500 0.037500 0.291667
0.212500 -0.437500 0.062500 0.291667
0.212500 -0.412500 -0.037500 0.291667
0.212500 -0.412500 -0.012500 0.250000
0.212500 -0.412500 0.012500 0.375000
0.212500 -0.412500 0.037500 0.291667
0.212500 -0.412500 0.062500 0.291667
0.212500 -0.387500 -0.037500 0.250000
0.212500 -0.387500 -0.012500 0.250000
0.212500 -0.387500 0.012500 0.333333
0.212500 -0.387500 0.037500 0.250000
0.212500 -0.387500 0.062500 0.375000
0.212500 -0.362500 -0.037500 0.291667
0.212500 -0.362500 -0.012500 0.250000
0.212500 -0.362500 0.012500 0.375000
0.212500 -0.362500 0.037500 0.250000
0.212500 -0.362500 0.062500 0.291667
0.212500 -0.337500 -0.037500 0.208333
0.212500 -0.337500 -0.012500 0.333333
0.212500 -0.337500 0.012500 0.333333
0.212500 -0.337500 0.037500 0.250000
0.212500 -0.337500 0.062500 0.208333
0.212500 -0.312500 -0.037500 0.250000
0.212500 -0.312500 -0.012500 0.208333
0.212500 -0.312500 0.012500 0.333333
0.212500 -0.312500 0.037500 0.166667
0.212500 -0.312500 0.062500 0.250000
0.212500 -0.287500 -0.037500 0.291667
0.212500 -0.287500 -0.012500 0.250000
0.212500 -0.287500 0.012500 0.166667
0.212500 -0.287500 0.037500 0.250000
0.212500 -0.287500 0.062500 0.208333
0.212500 -0.262500 -0.037500 0.208333
0.212500 -0.262500 -0.012500 0.208333
0.212500 -0.262500 0.012500 0.166667
0.212500 -0.262500 0.037500 0.166667
0.212500 -0.262500 0.062500 0.166667
0.212500 -0.237500 -0.037500 0.166667
0.212500 -0.237500 -0.012500 0.208333
0.212500 -0.237500 0.012500 0.208333
0.212500 -0.237500 0.037500 0.208333
0.212500 -0.237500 0.062500 0.166667
0.212500 -0.212500 -0.037500 0.125000
0.212500 -0.212500 -0.012500 0.083333
0.212500 -0.212500 0.012500 0.166667
0.212500 -0.212500 0.037500 0.208333
0.212500 -0.212500 0.062500 0.166667
0.212500 -0.187500 -0.037500 0.083333
0.212500 -0.187500 -0.012500 0.125000
0.212500 -0.187500 0.012500 0.083333
0.212500 -0.187500 0.037500 0.041667
0.212500 -0.187500 0.062500 0.041667
0.212500 -0.162500 -0.037500 0.166667
0.212500 -0.162500 -0.012500 0.125000
0.212500 -0.162500 0.037500 0.041667
0.212500 -0.162500 0.062500 0.041667
0.212500 -0.137500 -0.037500 0.083333
0.212500 -0.137500 -0.012500 0.041667
0.212500 -0.112500 -0.037500 0.083333
0.212500 -0.112500 -0.012500 0.083333
0.212500 -0.112500 0.012500 0.083333
0.212500 -0.112500 0.037500 0.041667
0.212500 -0.087500 -0.037500 0.083333
0.212500 -0.087500 -0.012500 0.041667
0.212500 -0.062500 -0.037500 0.041667
0.212500 -0.062500 -0.012500 0.083333
0.212500 -0.037500 -0.037500 0.083333
0.212500 -0.037500 -0.012500 0.041667
0.212500 -0.037500 0.012500 0.041667
0.212500 -0.012500 -0.012500 0.083333
0.212500 -0.012500 0.012500 0.041667
0.212500 0.012500 -0.012500 0.041667
0.212500 0.012500 0.012500 0.041667
0.237500 -0.787500 0.062500 0.083333
0.237500 -0.762500 0.037500 0.041667
0.237500 -0.762500 0.062500 0.125000
0.237500 -0.737500 -0.012500 0.083333
0.237500 -0.737500 0.012500 0.083333
0.237500 -0.737500 0.037500 0.166667
0.237500 -0.737500 0.062500 0.208333
0.237500 -0.712500 -0.037500 0.041667
0.237500 -0.712500 -0.012500 0.083333
0.237500 -0.712500 0.012500 0.166667
0.237500 -0.712500 0.037500 0.250000
0.237500 -0.712500 0.062500 0.208333
0.237500 -0.687500 -0.037500 0.083333
0.237500 -0.687500 -0.012500 0.125000
0.237500 -0.687500 0.012500 0.166667
0.237500 -0.687500 0.037500 0.166667
0.237500 -0.687500 0.062500 0.208333
0.237500 -0.662500 -0.037500 0.125000
0.237500 -0.662500 -0.012500 0.083333
0.237500 -0.662500 0.012500 0.125000
0.237500 -0.662500 0.037500 0.166667
0.237500 -0.662500 0.062500 0.125000
0.237500 -0.637500 -0.037500 0.125000
0.237500 -0.637500 -0.012500 0.125000
0.237500 -0.637500 0.012500 0.125000
0.237500 -0.637500 0.037500 0.125000
0.237500 -0.637500 0.062500 0.166667
0.237500 -0.612500 -0.037500 0.125000
0.237500 -0.612500 -0.012500 0.166667
0.237500 -0.612500 0.012500 0.041667
0.237500 -0.612500 0.037500 0.166667
0.237500 -0.612500 0.062500 0.166667
0.237500 -0.587500 -0.037500 0.166667
0.237500 -0.587500 -0.012500 0.125000
0.237500 -0.587500 0.012500 0.166667
0.237500 -0.587500 0.037500 0.083333
0.237500 -0.587500 0.062500 0.166667
0.237500 -0.562500 -0.037500 0.125000
0.237500 -0.562500 -0.012500 0.125000
0.237500 -0.562500 0.012500 0.166667
0.237500 -0.562500 0.037500 0.125000
0.237500 -0.562500 0.062500 0.125000
0.237500 -0.537500 -0.037500 0.166667
0.237500 -0.537500 -0.012500 0.125000
0.237500 -0.537500 0.012500 0.166667
0.237500 -0.537500 0.037500 0.166667
0.237500 -0.537500 0.062500 0.083333
0.237500 -0.512500 -0.037500 0.291667
0.237500 -0.512500 -0.012500 0.125000
0.237500 -0.512500 0.012500 0.166667
0.237500 -0.512500 0.037500 0.166667
0.237500 -0.512500 0.062500 0.208333
0.237500 -0.487500 -0.037500 0.333333
0.237500 -0.487500 -0.012500 0.250000
0.237500 -0.487500 0.012500 0.250000
0.237500 -0.487500 0.037500 0.208333
0.237500 -0.487500 0.062500 0.208333
0.237500 -0.462500 -0.037500 0.166667
0.237500 -0.462500 -0.012500 0.291667
0.237500 -0.462500 0.012500 0.291667
0.237500 -0.462500 0.037500 0.291667
0.237500 -0.462500 0.062500 0.250000
0.237500 -0.437500 -0.037500 0.291667
0.237500 -0.437500 -0.012500 0.333333
0.237500 -0.437500 0.012500 0.291667
0.237500 -0.437500 0.037500 0.291667
0.237500 -0.437500 0.062500 0.166667
0.237500 -0.412500 -0.037500 0.291667
0.237500 -0.412500 -0.012500 0.333333
0.237500 -0.412500 0.012500 0.375000
0.237500 -0.412500 0.037500 0.250000
0.237500 -0.412500 0.062500 0.250000
0.237500 -0.387500 -0.037500 0.291667
0.237500 -0.387500 -0.012500 0.250000
0.237500 -0.387500 0.012500 0.291667
0.237500 -0.387500 0.037500 0.291667
0.237500 -0.387500 0.062500 0.208333
0.237500 -0.362500 -0.037500 0.208333
0.237500 -0.362500 -0.012500 0.250000
0.237500 -0.362500 0.012500 0.250000
0.237500 -0.362500 0.037500 0.166667
0.237500 -0.362500 0.062500 0.166667
0.237500 -0.337500 -0.037500 0.125000
0.237500 -0.337500 -0.012500 0.208333
0.237500 -0.337500 0.012500 0.208333
0.237500 -0.337500 0.037500 0.250000
0.237500 -0.337500 0.062500 0.333333
0.237500 -0.312500 -0.037500 0.250000
0.237500 -0.312500 -0.012500 0.125000
0.237500 -0.312500 0.012500 0.208333
0.237500 -0.312500 0.062500 0.250000
0.237500 -0.287500 -0.037500 0.208333
0.237500 -0.287500 -0.012500 0.250000
0.237500 -0.287500 0.012500 0.250000
0.237500 -0.287500 0.037500 0.250000
0.237500 -0.287500 0.062500 0.250000
0.237500 -0.262500 -0.037500 0.208333
0.237500 -0.262500 -0.012500 0.166667
0.237500 -0.262500 0.012500 0.250000
0.237500 -0.262500 0.037500 0.250000
0.237500 -0.262500 0.062500 0.333333
0.237500 -0.237500 -0.037500 0.166667
0.237500 -0.237500 -0.012500 0.208333
0.237500 -0.237500 0.012500 0.208333
0.237500 -0.237500 0.037500 0.166667
0.237500 -0.237500 0.062500 0.250000
0.237500 -0.212500 -0.037500 0.083333
0.237500 -0.212500 -0.012500 0.166667
0.237500 -0.212500 0.012500 0.250000
0.237500 -0.212500 0.037500 0.166667
0.237500 -0.212500 0.062500 0.083333
0.237500 -0.187500 0.012500 0.041667
0.237500 -0.187500 0.037500 0.083333
0.237500 -0.187500 0.062500 0.041667
0.237500 -0.162500 -0.037500 0.083333
0.237500 -0.162500 -0.012500 0.041667
0.237500 -0.162500 0.012500 0.041667
0.237500 -0.162500 0.062500 0.083333
0.237500 -0.137500 -0.037500 0.083333
0.237500 -0.137500 -0.012500 0.083333
0.237500 -0.137500 0.012500 0.041667
0.237500 -0.112500 -0.037500 0.041667
0.237500 -0.112500 -0.012500 0.041667
0.237500 -0.112500 0.012500 0.041667
0.237500 -0.087500 -0.037500 0.041667
0.237500 -0.062500 -0.037500 0.083333
0.237500 -0.062500 -0.012500 0.083333
0.237500 -0.037500 -0.037500 0.041667
0.237500 -0.037500 -0.012500 0.083333
0.237500 -0.037500 0.012500 0.041667
0.237500 -0.012500 0.012500 0.041667
0.237500 0.012500 -0.037500 0.041667
0.237500 0.012500 -0.012500 0.083333
0.262500 -0.787500 0.062500 0.083333
0.262500 -0.762500 0.037500 0.083333
0.262500 -0.762500 0.062500 0.083333
0.262500 -0.737500 0.012500 0.083333
0.262500 -0.737500 0.037500 0.166667
0.262500 -0.737500 0.062500 0.166667
0.262500 -0.712500 -0.037500 0.083333
0.262500 -0.712500 -0.012500 0.041667
0.262500 -0.712500 0.012500 0.125000
0.262500 -0.712500 0.037500 0.166667
0.262500 -0.712500 0.062500 0.166667
0.262500 -0.687500 -0.037500 0.083333
0.262500 -0.687500 -0.012500 0.166667
0.262500 -0.687500 0.012500 0.125000
0.262500 -0.687500 0.037500 0.125000
0.262500 -0.687500 0.062500 0.166667
0.262500 -0.662500 -0.037500 0.166667
0.262500 -0.662500 -0.012500 0.125000
0.262500 -0.662500 0.012500 0.125000
0.262500 -0.662500 0.037500 0.083333
0.262500 -0.662500 0.062500 0.083333
0.262500 -0.637500 -0.037500 0.125000
0.262500 -0.637500 -0.012500 0.125000
0.262500 -0.637500 0.012500 0.125000
0.262500 -0.637500 0.037500 0.125000
0.262500 -0.637500 0.062500 0.166667
0.262500 -0.612500 -0.037500 0.125000
0.262500 -0.612500 -0.012500 0.083333
0.262500 -0.612500 0.012500 0.083333
0.262500 -0.612500 0.037500 0.166667
0.262500 -0.612500 0.062500 0.125000
0.262500 -0.587500 -0.037500 0.125000
0.262500 -0.587500 -0.012500 0.041667
0.262500 -0.587500 0.012500 0.125000
0.262500 -0.587500 0.037500 0.125000
0.262500 -0.587500 0.062500 0.166667
0.262500 -0.562500 -0.037500 0.166667
0.262500 -0.562500 -0.012500 0.166667
0.262500 -0.562500 0.012500 0.166667
0.262500 -0.562500 0.037500 0.166667
0.262500 -0.562500 0.062500 0.125000
0.262500 -0.537500 -0.037500 0.208333
0.262500 -0.537500 -0.012500 0.208333
0.262500 -0.537500 0.012500 0.125000
0.262500 -0.537500 0.037500 0.291667
0.262500 -0.537500 0.062500 0.166667
0.262500 -0.512500 -0.037500 0.291667
0.262500 -0.512500 -0.012500 0.166667
0.262500 -0.512500 0.012500 0.166667
0.262500 -0.512500 0.037500 0.166667
0.262500 -0.512500 0.062500 0.208333
0.262500 -0.487500 -0.037500 0.250000
0.262500 -0.487500 -0.012500 0.208333
0.262500 -0.487500 0.012500 0.250000
0.262500 -0.487500 0.037500 0.208333
0.262500 -0.487500 0.062500 0.083333
0.262500 -0.462500 -0.037500 0.291667
0.262500 -0.462500 -0.012500 0.166667
0.262500 -0.462500 0.012500 0.208333
0.262500 -0.462500 0.037500 0.208333
0.262500 -0.462500 0.062500 0.125000
0.262500 -0.437500 -0.037500 0.208333
0.262500 -0.437500 -0.012500 0.291667
0.262500 -0.437500 0.012500 0.208333
0.262500 -0.437500 0.037500 0.208333
0.262500 -0.437500 0.062500 0.166667
0.262500 -0.412500 -0.037500 0.208333
0.262500 -0.412500 -0.012500 0.166667
0.262500 -0.412500 0.012500 0.208333
0.262500 -0.412500 0.037500 0.250000
0.262500 -0.412500 0.062500 0.250000
0.262500 -0.387500 -0.037500 0.208333
0.262500 -0.387500 -0.012500 0.208333
0.262500 -0.387500 0.012500 0.250000
0.262500 -0.387500 0.037500 0.250000
0.262500 -0.387500 0.062500 0.250000
0.262500 -0.362500 -0.037500 0.250000
0.262500 -0.362500 -0.012500 0.208333
0.262500 -0.362500 0.012500 0.291667
0.262500 -0.362500 0.037500 0.291667
0.262500 -0.362500 0.062500 0.333333
0.262500 -0.337500 -0.037500 0.208333
0.262500 -0.337500 -0.012500 0.250000
0.262500 -0.337500 0.012500 0.250000
0.262500 -0.337500 0.037500 0.291667
0.262500 -0.337500 0.062500 0.291667
0.262500 -0.312500 -0.037500 0.208333
0.262500 -0.312500 -0.012500 0.166667
0.262500 -0.312500 0.012500 0.250000
0.262500 -0.312500 0.037500 0.250000
0.262500 -0.312500 0.062500 0.208333
0.262500 -0.287500 -0.037500 0.250000
0.262500 -0.287500 -0.012500 0.208333
0.262500 -0.287500 0.012500 0.125000
0.262500 -0.287500 0.037500 0.250000
0.262500 -0.287500 0.062500 0.166667
0.262500 -0.262500 -0.037500 0.208333
0.262500 -0.262500 -0.012500 0.208333
0.262500 -0.262500 0.012500 0.166667
0.262500 -0.262500 0.037500 0.250000
0.262500 -0.262500 0.062500 0.250000
0.262500 -0.237500 -0.037500 0.166667
0.262500 -0.237500 -0.012500 0.208333
0.262500 -0.237500 0.012500 0.291667
0.262500 -0.237500 0.037500 0.125000
0.262500 -0.237500 0.062500 0.208333
0.262500 -0.212500 -0.037500 0.083333
0.262500 -0.212500 -0.012500 0.166667
0.262500 -0.212500 0.012500 0.208333
0.262500 -0.212500 0.037500 0.208333
0.262500 -0.212500 0.062500 0.125000
0.262500 -0.187500 -0.037500 0.166667
0.262500 -0.187500 -0.012500 0.125000
0.262500 -0.187500 0.012500 0.208333
0.262500 -0.187500 0.037500 0.166667
0.262500 -0.187500 0.062500 0.125000
0.262500 -0.162500 -0.037500 0.041667
0.262500 -0.162500 0.012500 0.083333
0.262500 -0.162500 0.037500 0.125000
0.262500 -0.162500 0.062500 0.041667
0.262500 -0.137500 -0.037500 0.083333
0.262500 -0.137500 0.012500 0.083333
0.262500 -0.137500 0.037500 0.083333
0.262500 -0.137500 0.062500 0.083333
0.262500 -0.112500 -0.037500 0.083333
0.262500 -0.112500 -0.012500 0.041667
0.262500 -0.112500 0.012500 0.083333
0.262500 -0.112500 0.062500 0.083333
0.262500 -0.087500 -0.037500 0.083333
0.262500 -0.087500 -0.012500 0.083333
0.262500 -0.087500 0.012500 0.041667
0.262500 -0.062500 -0.037500 0.083333
0.262500 -0.062500 -0.012500 0.041667
0.262500 -0.062500 0.012500 0.083333
0.262500 -0.037500 -0.037500 0.041667
0.262500 -0.037500 -0.012500 0.041667
0.262500 -0.012500 -0.037500 0.083333
0.262500 -0.012500 -0.012500 0.041667
0.262500 0.012500 -0.012500 0.041667
0.262500 0.012500 0.012500 0.041667
0.287500 -0.787500 0.062500 0.041667
0.287500 -0.762500 0.062500 0.083333
0.287500 -0.737500 0.037500 0.083333
0.287500 -0.737500 0.062500 0.125000
0.287500 -0.712500 -0.037500 0.083333
0.287500 -0.712500 -0.012500 0.083333
0.287500 -0.712500 0.012500 0.125000
0.287500 -0.712500 0.037500 0.166667
0.287500 -0.712500 0.062500 0.166667
0.287500 -0.687500 -0.037500 0.083333
0.287500 -0.687500 -0.012500 0.083333
0.287500 -0.687500 0.012500 0.125000
0.287500 -0.687500 0.037500 0.125000
0.287500 -0.687500 0.062500 0.166667
0.287500 -0.662500 -0.037500 0.083333
0.287500 -0.662500 -0.012500 0.125000
0.287500 -0.662500 0.012500 0.166667
0.287500 -0.662500 0.037500 0.041667
0.287500 -0.662500 0.062500 0.125000
0.287500 -0.637500 -0.037500 0.166667
0.287500 -0.637500 -0.012500 0.166667
0.287500 -0.637500 0.012500 0.083333
0.287500 -0.637500 0.037500 0.125000
0.287500 -0.637500 0.062500 0.166667
0.287500 -0.612500 -0.037500 0.041667
0.287500 -0.612500 -0.012500 0.083333
0.287500 -0.612500 0.012500 0.083333
0.287500 -0.612500 0.037500 0.083333
0.287500 -0.612500 0.062500 0.083333
0.287500 -0.587500 -0.037500 0.083333
0.287500 -0.587500 -0.012500 0.125000
0.287500 -0.587500 0.012500 0.166667
0.287500 -0.587500 0.037500 0.125000
0.287500 -0.587500 0.062500 0.083333
0.287500 -0.562500 -0.037500 0.041667
0.287500 -0.562500 -0.012500 0.166667
0.287500 -0.562500 0.012500 0.125000
0.287500 -0.562500 0.037500 0.125000
0.287500 -0.562500 0.062500 0.083333
0.287500 -0.537500 -0.037500 0.125000
0.287500 -0.537500 -0.012500 0.125000
0.287500 -0.537500 0.012500 0.125000
0.287500 -0.537500 0.037500 0.041667
0.287500 -0.537500 0.062500 0.208333
0.287500 -0.512500 -0.037500 0.250000
0.287500 -0.512500 -0.012500 0.208333
0.287500 -0.512500 0.012500 0.250000
0.287500 -0.512500 0.037500 0.125000
0.287500 -0.512500 0.062500 0.166667
0.287500 -0.487500 -0.037500 0.250000
0.287500 -0.487500 -0.012500 0.208333
0.287500 -0.487500 0.012500 0.083333
0.287500 -0.487500 0.037500 0.125000
0.287500 -0.487500 0.062500 0.166667
0.287500 -0.462500 -0.037500 0.166667
0.287500 -0.462500 -0.012500 0.208333
0.287500 -0.462500 0.012500 0.166667
0.287500 -0.462500 0.037500 0.208333
0.287500 -0.462500 0.062500 0.125000
0.287500 -0.437500 -0.037500 0.125000
0.287500 -0.437500 -0.012500 0.125000
0.287500 -0.437500 0.012500 0.208333
0.287500 -0.437500 0.037500 0.166667
0.287500 -0.437500 0.062500 0.208333
0.287500 -0.412500 -0.037500 0.208333
0.287500 -0.412500 -0.012500 0.208333
0.287500 -0.412500 0.012500 0.250000
0.287500 -0.412500 0.037500 0.125000
0.287500 -0.412500 0.062500 0.166667
0.287500 -0.387500 -0.037500 0.208333
0.287500 -0.387500 -0.012500 0.250000
0.287500 -0.387500 0.012500 0.208333
0.287500 -0.387500 0.037500 0.208333
0.287500 -0.387500 0.062500 0.250000
0.287500 -0.362500 -0.037500 0.166667
0.287500 -0.362500 -0.012500 0.250000
0.287500 -0.362500 0.012500 0.291667
0.287500 -0.362500 0.037500 0.291667
0.287500 -0.362500 0.062500 0.208333
0.287500 -0.337500 -0.037500 0.166667
0.287500 -0.337500 -0.012500 0.208333
0.287500 -0.337500 0.012500 0.291667
0.287500 -0.337500 0.037500 0.250000
0.287500 -0.337500 0.062500 0.208333
0.287500 -0.312500 -0.037500 0.250000
0.287500 -0.312500 -0.012500 0.208333
0.287500 -0.312500 0.012500 0.250000
0.287500 -0.312500 0.037500 0.250000
0.287500 -0.312500 0.062500 0.166667
0.287500 -0.287500 -0.037500 0.125000
0.287500 -0.287500 -0.012500 0.250000
0.287500 -0.287500 0.012500 0.208333
0.287500 -0.287500 0.037500 0.250000
0.287500 -0.287500 0.062500 0.125000
0.287500 -0.262500 -0.037500 0.166667
0.287500 -0.262500 -0.012500 0.291667
0.287500 -0.262500 0.012500 0.208333
0.287500 -0.262500 0.037500 0.250000
0.287500 -0.262500 0.062500 0.208333
0.287500 -0.237500 -0.037500 0.125000
0.287500 -0.237500 -0.012500 0.208333
0.287500 -0.237500 0.012500 0.250000
0.287500 -0.237500 0.037500 0.083333
0.287500 -0.237500 0.062500 0.041667
0.287500 -0.212500 -0.037500 0.125000
0.287500 -0.212500 -0.012500 0.166667
0.287500 -0.212500 0.012500 0.166667
0.287500 -0.212500 0.037500 0.208333
0.287500 -0.212500 0.062500 0.083333
0.287500 -0.187500 -0.037500 0.166667
0.287500 -0.187500 -0.012500 0.208333
0.287500 -0.187500 0.012500 0.250000
0.287500 -0.187500 0.037500 0.250000
0.287500 -0.187500 0.062500 0.125000
0.287500 -0.162500 -0.037500 0.125000
0.287500 -0.162500 -0.012500 0.166667
0.287500 -0.162500 0.012500 0.208333
0.287500 -0.162500 0.037500 0.166667
0.287500 -0.162500 0.062500 0.083333
0.287500 -0.137500 -0.037500 0.041667
0.287500 -0.137500 -0.012500 0.125000
0.287500 -0.137500 0.012500 0.125000
0.287500 -0.137500 0.037500 0.083333
0.287500 -0.137500 0.062500 0.083333
0.287500 -0.112500 -0.012500 0.041667
0.287500 -0.112500 0.012500 0.083333
0.287500 -0.112500 0.037500 0.083333
0.287500 -0.112500 0.062500 0.041667
0.287500 -0.087500 -0.037500 0.041667
0.287500 -0.087500 -0.012500 0.083333
0.287500 -0.087500 0.037500 0.083333
0.287500 -0.087500 0.062500 0.083333
0.287500 -0.062500 -0.037500 0.041667
0.287500 -0.062500 -0.012500 0.041667
0.287500 -0.062500 0.012500 0.041667
0.287500 -0.062500 0.062500 0.041667
0.287500 -0.037500 -0.037500 0.083333
0.287500 -0.037500 0.062500 0.083333
0.287500 -0.012500 -0.037500 0.083333
0.287500 -0.012500 -0.012500 0.083333
0.287500 -0.012500 0.037500 0.041667
0.287500 -0.012500 0.062500 0.083333
0.287500 0.012500 -0.037500 0.041667
0.287500 0.012500 -0.012500 0.083333
0.287500 0.012500 0.012500 0.083333
0.287500 0.012500 0.062500 0.041667
0.312500 -0.762500 0.062500 0.083333
0.312500 -0.737500 0.037500 0.083333
0.312500 -0.737500 0.062500 0.083333
0.312500 -0.712500 -0.012500 0.041667
0.312500 -0.712500 0.012500 0.083333
0.312500 -0.712500 0.037500 0.166667
0.312500 -0.712500 0.062500 0.166667
0.312500 -0.687500 -0.037500 0.083333
0.312500 -0.687500 -0.012500 0.083333
0.312500 -0.687500 0.012500 0.166667
0.312500 -0.687500 0.037500 0.166667
0.312500 -0.687500 0.062500 0.166667
0.312500 -0.662500 -0.037500 0.083333
0.312500 -0.662500 -0.012500 0.083333
0.312500 -0.662500 0.012500 0.083333
0.312500 -0.662500 0.037500 0.083333
0.312500 -0.662500 0.062500 0.125000
0.312500 -0.637500 -0.037500 0.083333
0.312500 -0.637500 -0.012500 0.083333
0.312500 -0.637500 0.012500 0.083333
0.312500 -0.637500 0.037500 0.083333
0.312500 -0.637500 0.062500 0.041667
0.312500 -0.612500 -0.037500 0.041667
0.312500 -0.612500 -0.012500 0.125000
0.312500 -0.612500 0.012500 0.125000
0.312500 -0.612500 0.037500 0.083333
0.312500 -0.612500 0.062500 0.083333
0.312500 -0.587500 -0.037500 0.083333
0.312500 -0.587500 -0.012500 0.125000
0.312500 -0.587500 0.012500 0.083333
0.312500 -0.587500 0.037500 0.125000
0.312500 -0.587500 0.062500 0.083333
0.312500 -0.562500 -0.037500 0.125000
0.312500 -0.562500 -0.012500 0.125000
0.312500 -0.562500 0.012500 0.125000
0.312500 -0.562500 0.037500 0.125000
0.312500 -0.562500 0.062500 0.083333
0.312500 -0.537500 -0.037500 0.125000
0.312500 -0.537500 -0.012500 0.125000
0.312500 -0.537500 0.012500 0.125000
0.312500 -0.537500 0.037500 0.125000
0.312500 -0.537500 0.062500 0.125000
0.312500 -0.512500 -0.037500 0.125000
0.312500 -0.512500 -0.012500 0.208333
0.312500 -0.512500 0.012500 0.166667
0.312500 -0.512500 0.037500 0.125000
0.312500 -0.512500 0.062500 0.125000
0.312500 -0.487500 -0.037500 0.125000
0.312500 -0.487500 -0.012500 0.125000
0.312500 -0.487500 0.012500 0.083333
0.312500 -0.487500 0.037500 0.208333
0.312500 -0.487500 0.062500 0.166667
0.312500 -0.462500 -0.037500 0.250000
0.312500 -0.462500 -0.012500 0.208333
0.312500 -0.462500 0.012500 0.166667
0.312500 -0.462500 0.037500 0.166667
0.312500 -0.462500 0.062500 0.125000
0.312500 -0.437500 -0.037500 0.250000
0.312500 -0.437500 -0.012500 0.208333
0.312500 -0.437500 0.012500 0.250000
0.312500 -0.437500 0.037500 0.125000
0.312500 -0.437500 0.062500 0.250000
0.312500 -0.412500 -0.037500 0.166667
0.312500 -0.412500 -0.012500 0.208333
0.312500 -0.412500 0.012500 0.166667
0.312500 -0.412500 0.037500 0.166667
0.312500 -0.412500 0.062500 0.166667
0.312500 -0.387500 -0.037500 0.250000
0.312500 -0.387500 -0.012500 0.291667
0.312500 -0.387500 0.012500 0.208333
0.312500 -0.387500 0.037500 0.250000
0.312500 -0.387500 0.062500 0.166667
0.312500 -0.362500 -0.037500 0.208333
0.312500 -0.362500 -0.012500 0.333333
0.312500 -0.362500 0.012500 0.291667
0.312500 -0.362500 0.037500 0.291667
0.312500 -0.362500 0.062500 0.291667
0.312500 -0.337500 -0.037500 0.041667
0.312500 -0.337500 -0.012500 0.250000
0.312500 -0.337500 0.012500 0.291667
0.312500 -0.337500 0.037500 0.208333
0.312500 -0.337500 0.062500 0.250000
0.312500 -0.312500 -0.037500 0.208333
0.312500 -0.312500 -0.012500 0.250000
0.312500 -0.312500 0.012500 0.166667
0.312500 -0.312500 0.037500 0.250000
0.312500 -0.312500 0.062500 0.250000
0.312500 -0.287500 -0.037500 0.250000
0.312500 -0.287500 -0.012500 0.250000
0.312500 -0.287500 0.012500 0.208333
0.312500 -0.287500 0.037500 0.125000
0.312500 -0.287500 0.062500 0.041667
0.312500 -0.262500 -0.037500 0.125000
0.312500 -0.262500 -0.012500 0.250000
0.312500 -0.262500 0.012500 0.166667
0.312500 -0.262500 0.037500 0.083333
0.312500 -0.237500 -0.037500 0.083333
0.312500 -0.237500 -0.012500 0.208333
0.312500 -0.237500 0.012500 0.208333
0.312500 -0.237500 0.037500 0.125000
0.312500 -0.237500 0.062500 0.041667
0.312500 -0.212500 -0.037500 0.083333
0.312500 -0.212500 -0.012500 0.208333
0.312500 -0.212500 0.012500 0.250000
0.312500 -0.212500 0.037500 0.083333
0.312500 -0.212500 0.062500 0.166667
0.312500 -0.187500 -0.037500 0.166667
0.312500 -0.187500 -0.012500 0.250000
0.312500 -0.187500 0.012500 0.208333
0.312500 -0.187500 0.037500 0.125000
0.312500 -0.187500 0.062500 0.125000
0.312500 -0.162500 -0.037500 0.083333
0.312500 -0.162500 -0.012500 0.208333
0.312500 -0.162500 0.012500 0.250000
0.312500 -0.162500 0.037500 0.125000
0.312500 -0.162500 0.062500 0.166667
0.312500 -0.137500 -0.037500 0.166667
0.312500 -0.137500 -0.012500 0.125000
0.312500 -0.137500 0.012500 0.166667
0.312500 -0.137500 0.037500 0.166667
0.312500 -0.137500 0.062500 0.125000
0.312500 -0.112500 -0.037500 0.125000
0.312500 -0.112500 -0.012500 0.166667
0.312500 -0.112500 0.012500 0.083333
0.312500 -0.112500 0.037500 0.083333
0.312500 -0.112500 0.062500 0.083333
0.312500 -0.087500 -0.037500 0.166667
0.312500 -0.087500 -0.012500 0.125000
0.312500 -0.087500 0.012500 0.083333
0.312500 -0.087500 0.037500 0.083333
0.312500 -0.087500 0.062500 0.041667
0.312500 -0.062500 0.012500 0.083333
0.312500 -0.062500 0.037500 0.125000
0.312500 -0.062500 0.062500 0.166667
0.312500 -0.037500 -0.037500 0.083333
0.312500 -0.037500 -0.012500 0.083333
0.312500 -0.037500 0.012500 0.166667
0.312500 -0.037500 0.037500 0.125000
0.312500 -0.037500 0.062500 0.166667
0.312500 -0.012500 -0.037500 0.083333
0.312500 -0.012500 -0.012500 0.083333
0.312500 -0.012500 0.012500 0.125000
0.312500 -0.012500 0.037500 0.125000
0.312500 -0.012500 0.062500 0.125000
0.312500 0.012500 -0.037500 0.083333
0.312500 0.012500 -0.012500 0.041667
0.312500 0.012500 0.012500 0.125000
0.312500 0.012500 0.037500 0.166667
0.312500 0.012500 0.062500 0.083333
0.337500 -0.762500 0.062500 0.083333
0.337500 -0.737500 0.062500 0.041667
0.337500 -0.712500 0.037500 0.125000
0.337500 -0.712500 0.062500 0.125000
0.337500 -0.687500 -0.037500 0.083333
0.337500 -0.687500 -0.012500 0.083333
0.337500 -0.687500 0.012500 0.166667
0.337500 -0.687500 0.037500 0.125000
0.337500 -0.687500 0.062500 0.125000
0.337500 -0.662500 -0.037500 0.083333
0.337500 -0.662500 -0.012500 0.083333
0.337500 -0.662500 0.012500 0.041667
0.337500 -0.662500 0.037500 0.083333
0.337500 -0.662500 0.062500 0.125000
0.337500 -0.637500 -0.037500 0.083333
0.337500 -0.637500 -0.012500 0.083333
0.337500 -0.637500 0.012500 0.083333
0.337500 -0.637500 0.037500 0.041667
0.337500 -0.637500 0.062500 0.166667
0.337500 -0.612500 -0.037500 0.083333
0.337500 -0.612500 -0.012500 0.083333
0.337500 -0.612500 0.012500 0.041667
0.337500 -0.612500 0.037500 0.083333
0.337500 -0.612500 0.062500 0.083333
0.337500 -0.587500 -0.037500 0.083333
0.337500 -0.587500 -0.012500 0.083333
0.337500 -0.587500 0.012500 0.041667
0.337500 -0.587500 0.037500 0.083333
0.337500 -0.587500 0.062500 0.083333
0.337500 -0.562500 -0.037500 0.083333
0.337500 -0.562500 -0.012500 0.083333
0.337500 -0.562500 0.012500 0.041667
0.337500 -0.562500 0.037500 0.125000
0.337500 -0.562500 0.062500 0.125000
0.337500 -0.537500 -0.037500 0.125000
0.337500 -0.537500 -0.012500 0.125000
0.337500 -0.537500 0.012500 0.166667
0.337500 -0.537500 0.037500 0.125000
0.337500 -0.537500 0.062500 0.125000
0.337500 -0.512500 -0.037500 0.208333
0.337500 -0.512500 -0.012500 0.125000
0.337500 -0.512500 0.012500 0.166667
0.337500 -0.512500 0.037500 0.166667
0.337500 -0.512500 0.062500 0.125000
0.337500 -0.487500 -0.037500 0.208333
0.337500 -0.487500 -0.012500 0.208333
0.337500 -0.487500 0.012500 0.208333
0.337500 -0.487500 0.037500 0.125000
0.337500 -0.487500 0.062500 0.166667
0.337500 -0.462500 -0.037500 0.208333
0.337500 -0.462500 -0.012500 0.166667
0.337500 -0.462500 0.012500 0.250000
0.337500 -0.462500 0.037500 0.208333
0.337500 -0.462500 0.062500 0.166667
0.337500 -0.437500 -0.037500 0.166667
0.337500 -0.437500 -0.012500 0.250000
0.337500 -0.437500 0.012500 0.208333
0.337500 -0.437500 0.037500 0.166667
0.337500 -0.437500 0.062500 0.250000
0.337500 -0.412500 -0.037500 0.166667
0.337500 -0.412500 -0.012500 0.208333
0.337500 -0.412500 0.012500 0.250000
0.337500 -0.412500 0.037500 0.208333
0.337500 -0.412500 0.062500 0.250000
0.337500 -0.387500 -0.037500 0.166667
0.337500 -0.387500 -0.012500 0.250000
0.337500 -0.387500 0.012500 0.208333
0.337500 -0.387500 0.037500 0.125000
0.337500 -0.387500 0.062500 0.208333
0.337500 -0.362500 -0.037500 0.208333
0.337500 -0.362500 -0.012500 0.166667
0.337500 -0.362500 0.012500 0.208333
0.337500 -0.362500 0.037500 0.208333
0.337500 -0.362500 0.062500 0.250000
0.337500 -0.337500 -0.037500 0.250000
0.337500 -0.337500 -0.012500 0.166667
0.337500 -0.337500 0.012500 0.208333
0.337500 -0.337500 0.037500 0.208333
0.337500 -0.337500 0.062500 0.250000
0.337500 -0.312500 -0.037500 0.250000
0.337500 -0.312500 -0.012500 0.166667
0.337500 -0.312500 0.012500 0.250000
0.337500 -0.312500 0.037500 0.250000
0.337500 -0.312500 0.062500 0.250000
0.337500 -0.287500 -0.037500 0.250000
0.337500 -0.287500 -0.012500 0.166667
0.337500 -0.287500 0.012500 0.166667
0.337500 -0.287500 0.037500 0.208333
0.337500 -0.287500 0.062500 0.125000
0.337500 -0.262500 -0.037500 0.208333
0.337500 -0.262500 -0.012500 0.125000
0.337500 -0.262500 0.012500 0.166667
0.337500 -0.262500 0.037500 0.125000
0.337500 -0.262500 0.062500 0.083333
0.337500 -0.237500 -0.037500 0.083333
0.337500 -0.237500 -0.012500 0.250000
0.337500 -0.237500 0.012500 0.125000
0.337500 -0.237500 0.037500 0.166667
0.337500 -0.237500 0.062500 0.166667
0.337500 -0.212500 -0.037500 0.250000
0.337500 -0.212500 -0.012500 0.083333
0.337500 -0.212500 0.012500 0.166667
0.337500 -0.212500 0.037500 0.125000
0.337500 -0.212500 0.062500 0.083333
0.337500 -0.187500 -0.037500 0.083333
0.337500 -0.187500 -0.012500 0.166667
0.337500 -0.187500 0.012500 0.125000
0.337500 -0.187500 0.037500 0.166667
0.337500 -0.187500 0.062500 0.125000
0.337500 -0.162500 -0.037500 0.208333
0.337500 -0.162500 -0.012500 0.166667
0.337500 -0.162500 0.012500 0.125000
0.337500 -0.162500 0.037500 0.125000
0.337500 -0.162500 0.062500 0.166667
0.337500 -0.137500 -0.037500 0.166667
0.337500 -0.137500 -0.012500 0.166667
0.337500 -0.137500 0.012500 0.125000
0.337500 -0.137500 0.037500 0.166667
0.337500 -0.137500 0.062500 0.166667
0.337500 -0.112500 -0.037500 0.166667
0.337500 -0.112500 -0.012500 0.166667
0.337500 -0.112500 0.012500 0.125000
0.337500 -0.112500 0.037500 0.166667
0.337500 -0.112500 0.062500 0.208333
0.337500 -0.087500 -0.037500 0.208333
0.337500 -0.087500 -0.012500 0.208333
0.337500 -0.087500 0.012500 0.166667
0.337500 -0.087500 0.037500 0.166667
0.337500 -0.087500 0.062500 0.125000
0.337500 -0.062500 -0.037500 0.125000
0.337500 -0.062500 -0.012500 0.166667
0.337500 -0.062500 0.012500 0.125000
0.337500 -0.062500 0.037500 0.166667
0.337500 -0.062500 0.062500 0.125000
0.337500 -0.037500 -0.037500 0.125000
0.337500 -0.037500 -0.012500 0.166667
0.337500 -0.037500 0.012500 0.166667
0.337500 -0.037500 0.037500 0.125000
0.337500 -0.037500 0.062500 0.166667
0.337500 -0.012500 -0.037500 0.166667
0.337500 -0.012500 -0.012500 0.125000
0.337500 -0.012500 0.012500 0.166667
0.337500 -0.012500 0.037500 0.166667
0.337500 -0.012500 0.062500 0.166667
0.337500 0.012500 -0.037500 0.166667
0.337500 0.012500 -0.012500 0.166667
0.337500 0.012500 0.012500 0.083333
0.337500 0.012500 0.037500 0.125000
0.337500 0.012500 0.062500 0.125000
0.362500 -0.737500 0.062500 0.083333
0.362500 -0.712500 0.037500 0.083333
0.362500 -0.712500 0.062500 0.083333
0.362500 -0.687500 -0.012500 0.083333
0.362500 -0.687500 0.012500 0.083333
0.362500 -0.687500 0.037500 0.166667
0.362500 -0.687500 0.062500 0.166667
0.362500 -0.662500 -0.037500 0.083333
0.362500 -0.662500 -0.012500 0.083333
0.362500 -0.662500 0.012500 0.166667
0.362500 -0.662500 0.037500 0.166667
0.362500 -0.662500 0.062500 0.166667
0.362500 -0.637500 -0.037500 0.041667
0.362500 -0.637500 -0.012500 0.125000
0.362500 -0.637500 0.012500 0.083333
0.362500 -0.637500 0.037500 0.166667
0.362500 -0.637500 0.062500 0.166667
0.362500 -0.612500 -0.037500 0.083333
0.362500 -0.612500 -0.012500 0.083333
0.362500 -0.612500 0.012500 0.083333
0.362500 -0.612500 0.037500 0.083333
0.362500 -0.612500 0.062500 0.166667
0.362500 -0.587500 -0.037500 0.083333
0.362500 -0.587500 -0.012500 0.125000
0.362500 -0.587500 0.012500 0.083333
0.362500 -0.587500 0.037500 0.083333
0.362500 -0.587500 0.062500 0.083333
0.362500 -0.562500 -0.037500 0.083333
0.362500 -0.562500 -0.012500 0.083333
0.362500 -0.562500 0.012500 0.083333
0.362500 -0.562500 0.037500 0.125000
0.362500 -0.562500 0.062500 0.041667
0.362500 -0.537500 -0.037500 0.083333
0.362500 -0.537500 -0.012500 0.166667
0.362500 -0.537500 0.012500 0.166667
0.362500 -0.537500 0.037500 0.166667
0.362500 -0.537500 0.062500 0.083333
0.362500 -0.512500 -0.037500 0.208333
0.362500 -0.512500 -0.012500 0.125000
0.362500 -0.512500 0.012500 0.125000
0.362500 -0.512500 0.037500 0.125000
0.362500 -0.512500 0.062500 0.125000
0.362500 -0.487500 -0.037500 0.125000
0.362500 -0.487500 -0.012500 0.125000
0.362500 -0.487500 0.012500 0.166667
0.362500 -0.487500 0.037500 0.083333
0.362500 -0.487500 0.062500 0.125000
0.362500 -0.462500 -0.037500 0.250000
0.362500 -0.462500 -0.012500 0.208333
0.362500 -0.462500 0.012500 0.250000
0.362500 -0.462500 0.037500 0.083333
0.362500 -0.462500 0.062500 0.041667
0.362500 -0.437500 -0.037500 0.208333
0.362500 -0.437500 -0.012500 0.250000
0.362500 -0.437500 0.012500 0.208333
0.362500 -0.437500 0.037500 0.250000
0.362500 -0.437500 0.062500 0.208333
0.362500 -0.412500 -0.037500 0.208333
0.362500 -0.412500 -0.012500 0.166667
0.362500 -0.412500 0.012500 0.208333
0.362500 -0.412500 0.037500 0.208333
0.362500 -0.412500 0.062500 0.250000
0.362500 -0.387500 -0.037500 0.166667
0.362500 -0.387500 -0.012500 0.250000
0.362500 -0.387500 0.012500 0.166667
0.362500 -0.387500 0.037500 0.208333
0.362500 -0.387500 0.062500 0.208333
0.362500 -0.362500 -0.037500 0.208333
0.362500 -0.362500 -0.012500 0.291667
0.362500 -0.362500 0.012500 0.291667
0.362500 -0.362500 0.037500 0.208333
0.362500 -0.362500 0.062500 0.291667
0.362500 -0.337500 -0.037500 0.166667
0.362500 -0.337500 -0.012500 0.250000
0.362500 -0.337500 0.012500 0.250000
0.362500 -0.337500 0.037500 0.250000
0.362500 -0.337500 0.062500 0.166667
0.362500 -0.312500 -0.037500 0.125000
0.362500 -0.312500 -0.012500 0.208333
0.362500 -0.312500 0.012500 0.250000
0.362500 -0.312500 0.037500 0.166667
0.362500 -0.312500 0.062500 0.208333
0.362500 -0.287500 -0.037500 0.083333
0.362500 -0.287500 -0.012500 0.125000
0.362500 -0.287500 0.012500 0.250000
0.362500 -0.287500 0.037500 0.208333
0.362500 -0.287500 0.062500 0.208333
0.362500 -0.262500 -0.037500 0.208333
0.362500 -0.262500 -0.012500 0.125000
0.362500 -0.262500 0.012500 0.125000
0.362500 -0.262500 0.037500 0.333333
0.362500 -0.262500 0.062500 0.208333
0.362500 -0.237500 -0.037500 0.166667
0.362500 -0.237500 -0.012500 0.208333
0.362500 -0.237500 0.012500 0.166667
0.362500 -0.237500 0.037500 0.125000
0.362500 -0.237500 0.062500 0.166667
0.362500 -0.212500 -0.037500 0.250000
0.362500 -0.212500 -0.012500 0.083333
0.362500 -0.212500 0.012500 0.166667
0.362500 -0.212500 0.037500 0.083333
0.362500 -0.212500 0.062500 0.125000
0.362500 -0.187500 -0.037500 0.125000
0.362500 -0.187500 -0.012500 0.083333
0.362500 -0.187500 0.012500 0.083333
0.362500 -0.187500 0.037500 0.083333
0.362500 -0.187500 0.062500 0.125000
0.362500 -0.162500 -0.037500 0.208333
0.362500 -0.162500 -0.012500 0.125000
0.362500 -0.162500 0.012500 0.125000
0.362500 -0.162500 0.037500 0.208333
0.362500 -0.162500 0.062500 0.166667
0.362500 -0.137500 -0.037500 0.208333
0.362500 -0.137500 -0.012500 0.166667
0.362500 -0.137500 0.012500 0.250000
0.362500 -0.137500 0.037500 0.250000
0.362500 -0.137500 0.062500 0.166667
0.362500 -0.112500 -0.037500 0.125000
0.362500 -0.112500 -0.012500 0.125000
0.362500 -0.112500 0.012500 0.166667
0.362500 -0.112500 0.037500 0.166667
0.362500 -0.112500 0.062500 0.166667
0.362500 -0.087500 -0.037500 0.166667
0.362500 -0.087500 -0.012500 0.166667
0.362500 -0.087500 0.012500 0.166667
0.362500 -0.087500 0.037500 0.125000
0.362500 -0.087500 0.062500 0.125000
0.362500 -0.062500 -0.037500 0.166667
0.362500 -0.062500 -0.012500 0.083333
0.362500 -0.062500 0.012500 0.125000
0.362500 -0.062500 0.037500 0.083333
0.362500 -0.062500 0.062500 0.166667
0.362500 -0.037500 -0.037500 0.125000
0.362500 -0.037500 -0.012500 0.125000
0.362500 -0.037500 0.012500 0.166667
0.362500 -0.037500 0.037500 0.166667
0.362500 -0.037500 0.062500 0.125000
0.362500 -0.012500 -0.037500 0.125000
0.362500 -0.012500 -0.012500 0.125000
0.362500 -0.012500 0.012500 0.166667
0.362500 -0.012500 0.037500 0.166667
0.362500 -0.012500 0.062500 0.166667
0.362500 0.012500 -0.037500 0.166667
0.362500 0.012500 -0.012500 0.166667
0.362500 0.012500 0.012500 0.166667
0.362500 0.012500 0.037500 0.125000
0.362500 0.012500 0.062500 0.166667
0.387500 -0.737500 0.062500 0.083333
0.387500 -0.712500 0.037500 0.083333
0.387500 -0.712500 0.062500 0.083333
0.387500 -0.687500 0.037500 0.125000
0.387500 -0.687500 0.062500 0.166667
0.387500 -0.662500 -0.037500 0.041667
0.387500 -0.662500 -0.012500 0.083333
0.387500 -0.662500 0.012500 0.166667
0.387500 -0.662500 0.037500 0.166667
0.387500 -0.662500 0.062500 0.166667
0.387500 -0.637500 -0.037500 0.083333
0.387500 -0.637500 -0.012500 0.041667
0.387500 -0.637500 0.012500 0.166667
0.387500 -0.637500 0.037500 0.166667
0.387500 -0.637500 0.062500 0.166667
0.387500 -0.612500 -0.037500 0.083333
0.387500 -0.612500 -0.012500 0.083333
0.387500 -0.612500 0.012500 0.083333
0.387500 -0.612500 0.037500 0.125000
0.387500 -0.612500 0.062500 0.166667
0.387500 -0.587500 -0.037500 0.041667
0.387500 -0.587500 -0.012500 0.041667
0.387500 -0.587500 0.012500 0.041667
0.387500 -0.587500 0.037500 0.083333
0.387500 -0.587500 0.062500 0.166667
0.387500 -0.562500 -0.037500 0.083333
0.387500 -0.562500 -0.012500 0.166667
0.387500 -0.562500 0.012500 0.166667
0.387500 -0.562500 0.037500 0.083333
0.387500 -0.562500 0.062500 0.083333
0.387500 -0.537500 -0.037500 0.125000
0.387500 -0.537500 -0.012500 0.166667
0.387500 -0.537500 0.012500 0.125000
0.387500 -0.537500 0.037500 0.166667
0.387500 -0.537500 0.062500 0.125000
0.387500 -0.512500 -0.037500 0.125000
0.387500 -0.512500 -0.012500 0.125000
0.387500 -0.512500 0.012500 0.041667
0.387500 -0.512500 0.037500 0.083333
0.387500 -0.512500 0.062500 0.125000
0.387500 -0.487500 -0.037500 0.166667
0.387500 -0.487500 -0.012500 0.166667
0.387500 -0.487500 0.012500 0.166667
0.387500 -0.487500 0.037500 0.083333
0.387500 -0.487500 0.062500 0.083333
0.387500 -0.462500 -0.037500 0.208333
0.387500 -0.462500 -0.012500 0.208333
0.387500 -0.462500 0.012500 0.166667
0.387500 -0.462500 0.037500 0.166667
0.387500 -0.462500 0.062500 0.166667
0.387500 -0.437500 -0.037500 0.208333
0.387500 -0.437500 -0.012500 0.250000
0.387500 -0.437500 0.012500 0.208333
0.387500 -0.437500 0.037500 0.250000
0.387500 -0.437500 0.062500 0.208333
0.387500 -0.412500 -0.037500 0.250000
0.387500 -0.412500 -0.012500 0.208333
0.387500 -0.412500 0.012500 0.250000
0.387500 -0.412500 0.037500 0.166667
0.387500 -0.412500 0.062500 0.166667
0.387500 -0.387500 -0.037500 0.083333
0.387500 -0.387500 -0.012500 0.250000
0.387500 -0.387500 0.012500 0.125000
0.387500 -0.387500 0.037500 0.250000
0.387500 -0.387500 0.062500 0.166667
0.387500 -0.362500 -0.037500 0.166667
0.387500 -0.362500 -0.012500 0.291667
0.387500 -0.362500 0.012500 0.250000
0.387500 -0.362500 0.037500 0.250000
0.387500 -0.362500 0.062500 0.291667
0.387500 -0.337500 -0.037500 0.208333
0.387500 -0.337500 -0.012500 0.125000
0.387500 -0.337500 0.012500 0.250000
0.387500 -0.337500 0.037500 0.250000
0.387500 -0.337500 0.062500 0.208333
0.387500 -0.312500 -0.037500 0.125000
0.387500 -0.312500 -0.012500 0.125000
0.387500 -0.312500 0.012500 0.166667
0.387500 -0.312500 0.037500 0.208333
0.387500 -0.312500 0.062500 0.166667
0.387500 -0.287500 -0.037500 0.083333
0.387500 -0.287500 -0.012500 0.125000
0.387500 -0.287500 0.012500 0.250000
0.387500 -0.287500 0.037500 0.208333
0.387500 -0.287500 0.062500 0.250000
0.387500 -0.262500 -0.037500 0.166667
0.387500 -0.262500 -0.012500 0.083333
0.387500 -0.262500 0.012500 0.333333
0.387500 -0.262500 0.037500 0.291667
0.387500 -0.262500 0.062500 0.250000
0.387500 -0.237500 -0.037500 0.166667
0.387500 -0.237500 -0.012500 0.166667
0.387500 -0.237500 0.012500 0.125000
0.387500 -0.237500 0.037500 0.208333
0.387500 -0.237500 0.062500 0.041667
0.387500 -0.212500 -0.037500 0.166667
0.387500 -0.212500 -0.012500 0.125000
0.387500 -0.212500 0.012500 0.083333
0.387500 -0.212500 0.037500 0.166667
0.387500 -0.212500 0.062500 0.166667
0.387500 -0.187500 -0.037500 0.166667
0.387500 -0.187500 -0.012500 0.125000
0.387500 -0.187500 0.012500 0.125000
0.387500 -0.187500 0.037500 0.083333
0.387500 -0.187500 0.062500 0.125000
0.387500 -0.162500 -0.037500 0.166667
0.387500 -0.162500 -0.012500 0.125000
0.387500 -0.162500 0.012500 0.166667
0.387500 -0.162500 0.037500 0.166667
0.387500 -0.162500 0.062500 0.166667
0.387500 -0.137500 -0.037500 0.125000
0.387500 -0.137500 -0.012500 0.125000
0.387500 -0.137500 0.012500 0.125000
0.387500 -0.137500 0.037500 0.125000
0.387500 -0.137500 0.062500 0.166667
0.387500 -0.112500 -0.037500 0.166667
0.387500 -0.112500 -0.012500 0.166667
0.387500 -0.112500 0.012500 0.166667
0.387500 -0.112500 0.037500 0.166667
0.387500 -0.112500 0.062500 0.166667
0.387500 -0.087500 -0.037500 0.125000
0.387500 -0.087500 -0.012500 0.166667
0.387500 -0.087500 0.012500 0.125000
0.387500 -0.087500 0.037500 0.166667
0.387500 -0.087500 0.062500 0.166667
0.387500 -0.062500 -0.037500 0.125000
0.387500 -0.062500 -0.012500 0.125000
0.387500 -0.062500 0.012500 0.125000
0.387500 -0.062500 0.037500 0.125000
0.387500 -0.062500 0.062500 0.125000
0.387500 -0.037500 -0.037500 0.166667
0.387500 -0.037500 -0.012500 0.166667
0.387500 -0.037500 0.012500 0.125000
0.387500 -0.037500 0.037500 0.166667
0.387500 -0.037500 0.062500 0.166667
0.387500 -0.012500 -0.037500 0.166667
0.387500 -0.012500 -0.012500 0.125000
0.387500 -0.012500 0.012500 0.125000
0.387500 -0.012500 0.037500 0.166667
0.387500 -0.012500 0.062500 0.083333
0.387500 0.012500 -0.037500 0.166667
0.387500 0.012500 -0.012500 0.166667
0.387500 0.012500 0.012500 0.166667
0.387500 0.012500 0.037500 0.125000
0.387500 0.012500 0.062500 0.166667
0.412500 -0.712500 0.062500 0.083333
0.412500 -0.687500 0.037500 0.083333
0.412500 -0.687500 0.062500 0.083333
0.412500 -0.662500 0.012500 0.125000
0.412500 -0.662500 0.037500 0.166667
0.412500 -0.662500 0.062500 0.125000
0.412500 -0.637500 -0.037500 0.083333
0.412500 -0.637500 -0.012500 0.083333
0.412500 -0.637500 0.012500 0.166667
0.412500 -0.637500 0.037500 0.166667
0.412500 -0.637500 0.062500 0.125000
0.412500 -0.612500 -0.037500 0.041667
0.412500 -0.612500 -0.012500 0.083333
0.412500 -0.612500 0.012500 0.166667
0.412500 -0.612500 0.037500 0.125000
0.412500 -0.612500 0.062500 0.166667
0.412500 -0.587500 -0.037500 0.083333
0.412500 -0.587500 -0.012500 0.083333
0.412500 -0.587500 0.012500 0.166667
0.412500 -0.587500 0.037500 0.125000
0.412500 -0.587500 0.062500 0.208333
0.412500 -0.562500 -0.037500 0.041667
0.412500 -0.562500 -0.012500 0.125000
0.412500 -0.562500 0.012500 0.041667
0.412500 -0.562500 0.037500 0.083333
0.412500 -0.562500 0.062500 0.166667
0.412500 -0.537500 -0.037500 0.083333
0.412500 -0.537500 -0.012500 0.083333
0.412500 -0.537500 0.012500 0.083333
0.412500 -0.537500 0.037500 0.166667
0.412500 -0.537500 0.062500 0.166667
0.412500 -0.512500 -0.037500 0.083333
0.412500 -0.512500 -0.012500 0.125000
0.412500 -0.512500 0.012500 0.083333
0.412500 -0.512500 0.037500 0.166667
0.412500 -0.512500 0.062500 0.083333
0.412500 -0.487500 -0.037500 0.125000
0.412500 -0.487500 -0.012500 0.125000
0.412500 -0.487500 0.012500 0.125000
0.412500 -0.487500 0.037500 0.166667
0.412500 -0.487500 0.062500 0.166667
0.412500 -0.462500 -0.037500 0.166667
0.412500 -0.462500 -0.012500 0.166667
0.412500 -0.462500 0.012500 0.125000
0.412500 -0.462500 0.037500 0.166667
0.412500 -0.462500 0.062500 0.125000
0.412500 -0.437500 -0.037500 0.166667
0.412500 -0.437500 -0.012500 0.250000
0.412500 -0.437500 0.012500 0.208333
0.412500 -0.437500 0.037500 0.208333
0.412500 -0.437500 0.062500 0.166667
0.412500 -0.412500 -0.037500 0.250000
0.412500 -0.412500 -0.012500 0.250000
0.412500 -0.412500 0.012500 0.166667
0.412500 -0.412500 0.037500 0.250000
0.412500 -0.412500 0.062500 0.250000
0.412500 -0.387500 -0.037500 0.250000
0.412500 -0.387500 -0.012500 0.208333
0.412500 -0.387500 0.012500 0.250000
0.412500 -0.387500 0.037500 0.208333
0.412500 -0.387500 0.062500 0.250000
0.412500 -0.362500 -0.037500 0.166667
0.412500 -0.362500 -0.012500 0.250000
0.412500 -0.362500 0.012500 0.250000
0.412500 -0.362500 0.037500 0.208333
0.412500 -0.362500 0.062500 0.333333
0.412500 -0.337500 -0.037500 0.125000
0.412500 -0.337500 -0.012500 0.125000
0.412500 -0.337500 0.012500 0.125000
0.412500 -0.337500 0.037500 0.125000
0.412500 -0.337500 0.062500 0.208333
0.412500 -0.312500 -0.037500 0.083333
0.412500 -0.312500 -0.012500 0.166667
0.412500 -0.312500 0.012500 0.125000
0.412500 -0.312500 0.037500 0.208333
0.412500 -0.312500 0.062500 0.208333
0.412500 -0.287500 -0.037500 0.041667
0.412500 -0.287500 -0.012500 0.166667
0.412500 -0.287500 0.012500 0.250000
0.412500 -0.287500 0.037500 0.208333
0.412500 -0.287500 0.062500 0.250000
0.412500 -0.262500 -0.037500 0.166667
0.412500 -0.262500 -0.012500 0.166667
0.412500 -0.262500 0.012500 0.208333
0.412500 -0.262500 0.037500 0.250000
0.412500 -0.262500 0.062500 0.083333
0.412500 -0.237500 -0.037500 0.166667
0.412500 -0.237500 -0.012500 0.125000
0.412500 -0.237500 0.012500 0.250000
0.412500 -0.237500 0.037500 0.208333
0.412500 -0.237500 0.062500 0.250000
0.412500 -0.212500 -0.037500 0.166667
0.412500 -0.212500 -0.012500 0.125000
0.412500 -0.212500 0.012500 0.166667
0.412500 -0.212500 0.037500 0.250000
0.412500 -0.212500 0.062500 0.208333
0.412500 -0.187500 -0.037500 0.125000
0.412500 -0.187500 -0.012500 0.166667
0.412500 -0.187500 0.012500 0.166667
0.412500 -0.187500 0.037500 0.166667
0.412500 -0.187500 0.062500 0.166667
0.412500 -0.162500 -0.037500 0.166667
0.412500 -0.162500 -0.012500 0.166667
0.412500 -0.162500 0.012500 0.166667
0.412500 -0.162500 0.037500 0.125000
0.412500 -0.162500 0.062500 0.166667
0.412500 -0.137500 -0.037500 0.125000
0.412500 -0.137500 -0.012500 0.166667
0.412500 -0.137500 0.012500 0.166667
0.412500 -0.137500 0.037500 0.125000
0.412500 -0.137500 0.062500 0.166667
0.412500 -0.112500 -0.037500 0.083333
0.412500 -0.112500 -0.012500 0.166667
0.412500 -0.112500 0.012500 0.166667
0.412500 -0.112500 0.037500 0.166667
0.412500 -0.112500 0.062500 0.166667
0.412500 -0.087500 -0.037500 0.166667
0.412500 -0.087500 -0.012500 0.083333
0.412500 -0.087500 0.012500 0.125000
0.412500 -0.087500 0.037500 0.125000
0.412500 -0.087500 0.062500 0.166667
0.412500 -0.062500 -0.037500 0.125000
0.412500 -0.062500 -0.012500 0.166667
0.412500 -0.062500 0.012500 0.125000
0.412500 -0.062500 0.037500 0.125000
0.412500 -0.062500 0.062500 0.166667
0.412500 -0.037500 -0.037500 0.125000
0.412500 -0.037500 -0.012500 0.166667
0.412500 -0.037500 0.012500 0.166667
0.412500 -0.037500 0.037500 0.083333
0.412500 -0.037500 0.062500 0.166667
0.412500 -0.012500 -0.012500 0.125000
0.412500 -0.012500 0.012500 0.125000
0.412500 -0.012500 0.037500 0.125000
0.412500 -0.012500 0.062500 0.166667
0.412500 0.012500 -0.037500 0.125000
0.412500 0.012500 -0.012500 0.125000
0.412500 0.012500 0.012500 0.166667
0.412500 0.012500 0.037500 0.166667
0.412500 0.012500 0.062500 0.125000
0.437500 -0.712500 0.062500 0.083333
0.437500 -0.687500 0.062500 0.083333
0.437500 -0.662500 0.037500 0.083333
0.437500 -0.662500 0.062500 0.083333
0.437500 -0.637500 -0.012500 0.041667
0.437500 -0.637500 0.012500 0.166667
0.437500 -0.637500 0.037500 0.166667
0.437500 -0.637500 0.062500 0.166667
0.437500 -0.612500 -0.012500 0.041667
0.437500 -0.612500 0.012500 0.166667
0.437500 -0.612500 0.037500 0.166667
0.437500 -0.612500 0.062500 0.166667
0.437500 -0.587500 -0.037500 0.041667
0.437500 -0.587500 -0.012500 0.125000
0.437500 -0.587500 0.012500 0.166667
0.437500 -0.587500 0.037500 0.166667
0.437500 -0.587500 0.062500 0.166667
0.437500 -0.562500 -0.037500 0.083333
0.437500 -0.562500 -0.012500 0.083333
0.437500 -0.562500 0.012500 0.166667
0.437500 -0.562500 0.037500 0.166667
0.437500 -0.562500 0.062500 0.166667
0.437500 -0.537500 -0.037500 0.083333
0.437500 -0.537500 -0.012500 0.083333
0.437500 -0.537500 0.012500 0.125000
0.437500 -0.537500 0.037500 0.166667
0.437500 -0.537500 0.062500 0.083333
0.437500 -0.512500 -0.037500 0.083333
0.437500 -0.512500 -0.012500 0.125000
0.437500 -0.512500 0.012500 0.125000
0.437500 -0.512500 0.037500 0.250000
0.437500 -0.512500 0.062500 0.166667
0.437500 -0.487500 -0.037500 0.250000
0.437500 -0.487500 -0.012500 0.125000
0.437500 -0.487500 0.012500 0.166667
0.437500 -0.487500 0.037500 0.125000
0.437500 -0.487500 0.062500 0.166667
0.437500 -0.462500 -0.037500 0.208333
0.437500 -0.462500 -0.012500 0.166667
0.437500 -0.462500 0.012500 0.208333
0.437500 -0.462500 0.037500 0.125000
0.437500 -0.462500 0.062500 0.166667
0.437500 -0.437500 -0.037500 0.208333
0.437500 -0.437500 -0.012500 0.250000
0.437500 -0.437500 0.012500 0.250000
0.437500 -0.437500 0.037500 0.166667
0.437500 -0.437500 0.062500 0.250000
0.437500 -0.412500 -0.037500 0.250000
0.437500 -0.412500 -0.012500 0.250000
0.437500 -0.412500 0.012500 0.250000
0.437500 -0.412500 0.037500 0.208333
0.437500 -0.412500 0.062500 0.291667
0.437500 -0.387500 -0.037500 0.250000
0.437500 -0.387500 -0.012500 0.208333
0.437500 -0.387500 0.012500 0.250000
0.437500 -0.387500 0.037500 0.208333
0.437500 -0.387500 0.062500 0.291667
0.437500 -0.362500 -0.037500 0.208333
0.437500 -0.362500 -0.012500 0.166667
0.437500 -0.362500 0.012500 0.208333
0.437500 -0.362500 0.037500 0.208333
0.437500 -0.362500 0.062500 0.291667
0.437500 -0.337500 -0.012500 0.125000
0.437500 -0.337500 0.012500 0.125000
0.437500 -0.337500 0.037500 0.208333
0.437500 -0.337500 0.062500 0.250000
0.437500 -0.312500 -0.037500 0.041667
0.437500 -0.312500 -0.012500 0.125000
0.437500 -0.312500 0.012500 0.208333
0.437500 -0.312500 0.037500 0.125000
0.437500 -0.312500 0.062500 0.250000
0.437500 -0.287500 -0.037500 0.166667
0.437500 -0.287500 -0.012500 0.250000
0.437500 -0.287500 0.012500 0.208333
0.437500 -0.287500 0.037500 0.125000
0.437500 -0.287500 0.062500 0.208333
0.437500 -0.262500 -0.037500 0.166667
0.437500 -0.262500 -0.012500 0.208333
0.437500 -0.262500 0.012500 0.125000
0.437500 -0.262500 0.037500 0.166667
0.437500 -0.262500 0.062500 0.166667
0.437500 -0.237500 -0.037500 0.166667
0.437500 -0.237500 -0.012500 0.125000
0.437500 -0.237500 0.012500 0.250000
0.437500 -0.237500 0.037500 0.208333
0.437500 -0.237500 0.062500 0.208333
0.437500 -0.212500 -0.037500 0.125000
0.437500 -0.212500 -0.012500 0.083333
0.437500 -0.212500 0.012500 0.250000
0.437500 -0.212500 0.037500 0.250000
0.437500 -0.212500 0.062500 0.208333
0.437500 -0.187500 -0.037500 0.125000
0.437500 -0.187500 -0.012500 0.083333
0.437500 -0.187500 0.012500 0.166667
0.437500 -0.187500 0.037500 0.250000
0.437500 -0.187500 0.062500 0.166667
0.437500 -0.162500 -0.037500 0.166667
0.437500 -0.162500 -0.012500 0.083333
0.437500 -0.162500 0.012500 0.125000
0.437500 -0.162500 0.037500 0.208333
0.437500 -0.162500 0.062500 0.250000
0.437500 -0.137500 -0.037500 0.125000
0.437500 -0.137500 -0.012500 0.125000
0.437500 -0.137500 0.012500 0.125000
0.437500 -0.137500 0.037500 0.166667
0.437500 -0.137500 0.062500 0.208333
0.437500 -0.112500 -0.037500 0.166667
0.437500 -0.112500 -0.012500 0.166667
0.437500 -0.112500 0.012500 0.166667
0.437500 -0.112500 0.037500 0.166667
0.437500 -0.112500 0.062500 0.166667
0.437500 -0.087500 -0.037500 0.083333
0.437500 -0.087500 -0.012500 0.125000
0.437500 -0.087500 0.012500 0.166667
0.437500 -0.087500 0.037500 0.083333
0.437500 -0.087500 0.062500 0.166667
0.437500 -0.062500 -0.037500 0.083333
0.437500 -0.062500 -0.012500 0.125000
0.437500 -0.062500 0.012500 0.125000
0.437500 -0.062500 0.037500 0.166667
0.437500 -0.062500 0.062500 0.166667
0.437500 -0.037500 -0.037500 0.166667
0.437500 -0.037500 -0.012500 0.125000
0.437500 -0.037500 0.012500 0.125000
0.437500 -0.037500 0.037500 0.166667
0.437500 -0.037500 0.062500 0.125000
0.437500 -0.012500 -0.037500 0.125000
0.437500 -0.012500 -0.012500 0.083333
0.437500 -0.012500 0.012500 0.125000
0.437500 -0.012500 0.037500 0.166667
0.437500 -0.012500 0.062500 0.083333
0.437500 0.012500 -0.037500 0.166667
0.437500 0.012500 -0.012500 0.166667
0.437500 0.012500 0.012500 0.125000
0.437500 0.012500 0.037500 0.125000
0.437500 0.012500 0.062500 0.125000
0.462500 -0.687500 0.062500 0.083333
0.462500 -0.662500 0.037500 0.083333
0.462500 -0.662500 0.062500 0.083333
0.462500 -0.637500 0.037500 0.125000
0.462500 -0.637500 0.062500 0.166667
0.462500 -0.612500 -0.037500 0.083333
0.462500 -0.612500 -0.012500 0.083333
0.462500 -0.612500 0.012500 0.166667
0.462500 -0.612500 0.037500 0.125000
0.462500 -0.612500 0.062500 0.166667
0.462500 -0.587500 -0.012500 0.041667
0.462500 -0.587500 0.012500 0.166667
0.462500 -0.587500 0.037500 0.166667
0.462500 -0.587500 0.062500 0.166667
0.462500 -0.562500 -0.037500 0.083333
0.462500 -0.562500 -0.012500 0.083333
0.462500 -0.562500 0.012500 0.125000
0.462500 -0.562500 0.037500 0.166667
0.462500 -0.562500 0.062500 0.166667
0.462500 -0.537500 -0.037500 0.041667
0.462500 -0.537500 -0.012500 0.166667
0.462500 -0.537500 0.012500 0.125000
0.462500 -0.537500 0.037500 0.166667
0.462500 -0.537500 0.062500 0.166667
0.462500 -0.512500 -0.037500 0.041667
0.462500 -0.512500 -0.012500 0.125000
0.462500 -0.512500 0.012500 0.166667
0.462500 -0.512500 0.037500 0.125000
0.462500 -0.512500 0.062500 0.166667
0.462500 -0.487500 -0.037500 0.125000
0.462500 -0.487500 -0.012500 0.125000
0.462500 -0.487500 0.012500 0.208333
0.462500 -0.487500 0.037500 0.208333
0.462500 -0.487500 0.062500 0.166667
0.462500 -0.462500 -0.037500 0.125000
0.462500 -0.462500 -0.012500 0.166667
0.462500 -0.462500 0.012500 0.083333
0.462500 -0.462500 0.037500 0.250000
0.462500 -0.462500 0.062500 0.166667
0.462500 -0.437500 -0.037500 0.250000
0.462500 -0.437500 -0.012500 0.250000
0.462500 -0.437500 0.012500 0.166667
0.462500 -0.437500 0.037500 0.166667
0.462500 -0.437500 0.062500 0.208333
0.462500 -0.412500 -0.037500 0.250000
0.462500 -0.412500 -0.012500 0.250000
0.462500 -0.412500 0.012500 0.208333
0.462500 -0.412500 0.037500 0.291667
0.462500 -0.412500 0.062500 0.250000
0.462500 -0.387500 -0.037500 0.166667
0.462500 -0.387500 -0.012500 0.125000
0.462500 -0.387500 0.012500 0.166667
0.462500 -0.387500 0.037500 0.291667
0.462500 -0.387500 0.062500 0.208333
0.462500 -0.362500 -0.037500 0.125000
0.462500 -0.362500 -0.012500 0.250000
0.462500 -0.362500 0.012500 0.250000
0.462500 -0.362500 0.037500 0.083333
0.462500 -0.362500 0.062500 0.333333
0.462500 -0.337500 -0.037500 0.166667
0.462500 -0.337500 -0.012500 0.208333
0.462500 -0.337500 0.012500 0.166667
0.462500 -0.337500 0.037500 0.166667
0.462500 -0.337500 0.062500 0.250000
0.462500 -0.312500 -0.037500 0.166667
0.462500 -0.312500 -0.012500 0.250000
0.462500 -0.312500 0.012500 0.250000
0.462500 -0.312500 0.037500 0.250000
0.462500 -0.312500 0.062500 0.208333
0.462500 -0.287500 -0.037500 0.166667
0.462500 -0.287500 -0.012500 0.250000
0.462500 -0.287500 0.012500 0.083333
0.462500 -0.287500 0.037500 0.208333
0.462500 -0.287500 0.062500 0.208333
0.462500 -0.262500 -0.037500 0.166667
0.462500 -0.262500 -0.012500 0.208333
0.462500 -0.262500 0.012500 0.125000
0.462500 -0.262500 0.037500 0.250000
0.462500 -0.262500 0.062500 0.208333
0.462500 -0.237500 -0.037500 0.166667
0.462500 -0.237500 -0.012500 0.208333
0.462500 -0.237500 0.012500 0.208333
0.462500 -0.237500 0.037500 0.250000
0.462500 -0.237500 0.062500 0.250000
0.462500 -0.212500 -0.037500 0.166667
0.462500 -0.212500 -0.012500 0.083333
0.462500 -0.212500 0.012500 0.250000
0.462500 -0.212500 0.037500 0.125000
0.462500 -0.212500 0.062500 0.166667
0.462500 -0.187500 -0.037500 0.166667
0.462500 -0.187500 -0.012500 0.166667
0.462500 -0.187500 0.012500 0.166667
0.462500 -0.187500 0.037500 0.208333
0.462500 -0.187500 0.062500 0.166667
0.462500 -0.162500 -0.037500 0.166667
0.462500 -0.162500 -0.012500 0.166667
0.462500 -0.162500 0.012500 0.250000
0.462500 -0.162500 0.037500 0.125000
0.462500 -0.162500 0.062500 0.250000
0.462500 -0.137500 -0.037500 0.166667
0.462500 -0.137500 -0.012500 0.125000
0.462500 -0.137500 0.012500 0.250000
0.462500 -0.137500 0.037500 0.250000
0.462500 -0.137500 0.062500 0.208333
0.462500 -0.112500 -0.037500 0.125000
0.462500 -0.112500 -0.012500 0.166667
0.462500 -0.112500 0.012500 0.166667
0.462500 -0.112500 0.037500 0.208333
0.462500 -0.112500 0.062500 0.250000
0.462500 -0.087500 -0.037500 0.166667
0.462500 -0.087500 -0.012500 0.125000
0.462500 -0.087500 0.012500 0.166667
0.462500 -0.087500 0.037500 0.250000
0.462500 -0.087500 0.062500 0.208333
0.462500 -0.062500 -0.037500 0.125000
0.462500 -0.062500 -0.012500 0.125000
0.462500 -0.062500 0.012500 0.125000
0.462500 -0.062500 0.037500 0.208333
0.462500 -0.062500 0.062500 0.166667
0.462500 -0.037500 -0.037500 0.166667
0.462500 -0.037500 -0.012500 0.166667
0.462500 -0.037500 0.012500 0.166667
0.462500 -0.037500 0.037500 0.125000
0.462500 -0.037500 0.062500 0.208333
0.462500 -0.012500 -0.037500 0.083333
0.462500 -0.012500 -0.012500 0.166667
0.462500 -0.012500 0.012500 0.125000
0.462500 -0.012500 0.037500 0.125000
0.462500 -0.012500 0.062500 0.208333
0.462500 0.012500 -0.037500 0.166667
0.462500 0.012500 -0.012500 0.125000
0.462500 0.012500 0.012500 0.083333
0.462500 0.012500 0.037500 0.166667
0.462500 0.012500 0.062500 0.166667
0.487500 -0.687500 0.062500 0.041667
0.487500 -0.662500 0.062500 0.083333
0.487500 -0.637500 0.037500 0.083333
0.487500 -0.637500 0.062500 0.083333
0.487500 -0.612500 0.012500 0.041667
0.487500 -0.612500 0.037500 0.166667
0.487500 -0.612500 0.062500 0.125000
0.487500 -0.587500 -0.037500 0.083333
0.487500 -0.587500 -0.012500 0.083333
0.487500 -0.587500 0.012500 0.166667
0.487500 -0.587500 0.037500 0.166667
0.487500 -0.587500 0.062500 0.166667
0.487500 -0.562500 -0.012500 0.041667
0.487500 -0.562500 0.012500 0.166667
0.487500 -0.562500 0.037500 0.166667
0.487500 -0.562500 0.062500 0.166667
0.487500 -0.537500 -0.037500 0.083333
0.487500 -0.537500 -0.012500 0.166667
0.487500 -0.537500 0.012500 0.125000
0.487500 -0.537500 0.037500 0.166667
0.487500 -0.537500 0.062500 0.166667
0.487500 -0.512500 -0.037500 0.041667
0.487500 -0.512500 -0.012500 0.208333
0.487500 -0.512500 0.012500 0.125000
0.487500 -0.512500 0.037500 0.166667
0.487500 -0.512500 0.062500 0.166667
0.487500 -0.487500 -0.037500 0.083333
0.487500 -0.487500 -0.012500 0.250000
0.487500 -0.487500 0.012500 0.208333
0.487500 -0.487500 0.037500 0.166667
0.487500 -0.487500 0.062500 0.166667
0.487500 -0.462500 -0.037500 0.166667
0.487500 -0.462500 -0.012500 0.208333
0.487500 -0.462500 0.012500 0.166667
0.487500 -0.462500 0.037500 0.083333
0.487500 -0.462500 0.062500 0.208333
0.487500 -0.437500 -0.037500 0.125000
0.487500 -0.437500 -0.012500 0.208333
0.487500 -0.437500 0.012500 0.250000
0.487500 -0.437500 0.037500 0.250000
0.487500 -0.437500 0.062500 0.250000
0.487500 -0.412500 -0.037500 0.208333
0.487500 -0.412500 -0.012500 0.291667
0.487500 -0.412500 0.012500 0.250000
0.487500 -0.412500 0.037500 0.250000
0.487500 -0.412500 0.062500 0.208333
0.487500 -0.387500 -0.037500 0.250000
0.487500 -0.387500 -0.012500 0.208333
0.487500 -0.387500 0.012500 0.250000
0.487500 -0.387500 0.037500 0.208333
0.487500 -0.387500 0.062500 0.208333
0.487500 -0.362500 -0.037500 0.250000
0.487500 -0.362500 -0.012500 0.250000
0.487500 -0.362500 0.012500 0.291667
0.487500 -0.362500 0.037500 0.250000
0.487500 -0.362500 0.062500 0.208333
0.487500 -0.337500 -0.037500 0.208333
0.487500 -0.337500 -0.012500 0.166667
0.487500 -0.337500 0.012500 0.166667
0.487500 -0.337500 0.037500 0.125000
0.487500 -0.337500 0.062500 0.083333
0.487500 -0.312500 -0.037500 0.250000
0.487500 -0.312500 -0.012500 0.250000
0.487500 -0.312500 0.012500 0.208333
0.487500 -0.312500 0.037500 0.166667
0.487500 -0.312500 0.062500 0.166667
0.487500 -0.287500 -0.037500 0.166667
0.487500 -0.287500 -0.012500 0.208333
0.487500 -0.287500 0.012500 0.250000
0.487500 -0.287500 0.037500 0.166667
0.487500 -0.287500 0.062500 0.166667
0.487500 -0.262500 -0.037500 0.166667
0.487500 -0.262500 -0.012500 0.208333
0.487500 -0.262500 0.012500 0.250000
0.487500 -0.262500 0.037500 0.208333
0.487500 -0.262500 0.062500 0.250000
0.487500 -0.237500 -0.037500 0.166667
0.487500 -0.237500 -0.012500 0.208333
0.487500 -0.237500 0.012500 0.250000
0.487500 -0.237500 0.037500 0.250000
0.487500 -0.237500 0.062500 0.208333
0.487500 -0.212500 -0.037500 0.166667
0.487500 -0.212500 -0.012500 0.208333
0.487500 -0.212500 0.012500 0.208333
0.487500 -0.212500 0.037500 0.208333
0.487500 -0.212500 0.062500 0.208333
0.487500 -0.187500 -0.037500 0.166667
0.487500 -0.187500 -0.012500 0.250000
0.487500 -0.187500 0.012500 0.250000
0.487500 -0.187500 0.037500 0.250000
0.487500 -0.187500 0.062500 0.208333
0.487500 -0.162500 -0.037500 0.125000
0.487500 -0.162500 -0.012500 0.166667
0.487500 -0.162500 0.012500 0.208333
0.487500 -0.162500 0.037500 0.208333
0.487500 -0.162500 0.062500 0.208333
0.487500 -0.137500 -0.037500 0.125000
0.487500 -0.137500 -0.012500 0.125000
0.487500 -0.137500 0.012500 0.250000
0.487500 -0.137500 0.037500 0.250000
0.487500 -0.137500 0.062500 0.250000
0.487500 -0.112500 -0.037500 0.125000
0.487500 -0.112500 -0.012500 0.166667
0.487500 -0.112500 0.012500 0.208333
0.487500 -0.112500 0.037500 0.250000
0.487500 -0.112500 0.062500 0.208333
0.487500 -0.087500 -0.037500 0.083333
0.487500 -0.087500 -0.012500 0.166667
0.487500 -0.087500 0.012500 0.208333
0.487500 -0.087500 0.037500 0.166667
0.487500 -0.087500 0.062500 0.208333
0.487500 -0.062500 -0.037500 0.125000
0.487500 -0.062500 -0.012500 0.125000
0.487500 -0.062500 0.012500 0.166667
0.487500 -0.062500 0.037500 0.166667
0.487500 -0.062500 0.062500 0.166667
0.487500 -0.037500 -0.037500 0.166667
0.487500 -0.037500 -0.012500 0.166667
0.487500 -0.037500 0.012500 0.166667
0.487500 -0.037500 0.037500 0.250000
0.487500 -0.037500 0.062500 0.166667
0.487500 -0.012500 -0.037500 0.083333
0.487500 -0.012500 -0.012500 0.125000
0.487500 -0.012500 0.012500 0.166667
0.487500 -0.012500 0.037500 0.208333
0.487500 -0.012500 0.062500 0.250000
0.487500 0.012500 -0.037500 0.166667
0.487500 0.012500 -0.012500 0.166667
0.487500 0.012500 0.012500 0.166667
0.487500 0.012500 0.037500 0.250000
0.487500 0.012500 0.062500 0.208333
0.512500 -0.662500 0.062500 0.041667
0.512500 -0.637500 0.062500 0.083333
0.512500 -0.612500 0.037500 0.083333
0.512500 -0.612500 0.062500 0.083333
0.512500 -0.587500 0.012500 0.125000
0.512500 -0.587500 0.037500 0.125000
0.512500 -0.587500 0.062500 0.125000
0.512500 -0.562500 -0.037500 0.083333
0.512500 -0.562500 -0.012500 0.083333
0.512500 -0.562500 0.012500 0.166667
0.512500 -0.562500 0.037500 0.166667
0.512500 -0.562500 0.062500 0.125000
0.512500 -0.537500 -0.037500 0.083333
0.512500 -0.537500 -0.012500 0.083333
0.512500 -0.537500 0.012500 0.166667
0.512500 -0.537500 0.037500 0.166667
0.512500 -0.537500 0.062500 0.166667
0.512500 -0.512500 -0.012500 0.166667
0.512500 -0.512500 0.012500 0.125000
0.512500 -0.512500 0.037500 0.166667
0.512500 -0.512500 0.062500 0.125000
0.512500 -0.487500 -0.037500 0.083333
0.512500 -0.487500 -0.012500 0.166667
0.512500 -0.487500 0.012500 0.166667
0.512500 -0.487500 0.037500 0.166667
0.512500 -0.487500 0.062500 0.125000
0.512500 -0.462500 -0.037500 0.083333
0.512500 -0.462500 -0.012500 0.166667
0.512500 -0.462500 0.012500 0.166667
0.512500 -0.462500 0.037500 0.208333
0.512500 -0.462500 0.062500 0.125000
0.512500 -0.437500 -0.037500 0.250000
0.512500 -0.437500 -0.012500 0.208333
0.512500 -0.437500 0.012500 0.208333
0.512500 -0.437500 0.037500 0.166667
0.512500 -0.437500 0.062500 0.166667
0.512500 -0.412500 -0.037500 0.083333
0.512500 -0.412500 -0.012500 0.166667
0.512500 -0.412500 0.012500 0.208333
0.512500 -0.412500 0.037500 0.166667
0.512500 -0.412500 0.062500 0.208333
0.512500 -0.387500 -0.037500 0.208333
0.512500 -0.387500 -0.012500 0.208333
0.512500 -0.387500 0.012500 0.166667
0.512500 -0.387500 0.037500 0.208333
0.512500 -0.387500 0.062500 0.208333
0.512500 -0.362500 -0.037500 0.208333
0.512500 -0.362500 -0.012500 0.291667
0.512500 -0.362500 0.012500 0.333333
0.512500 -0.362500 0.037500 0.250000
0.512500 -0.362500 0.062500 0.208333
0.512500 -0.337500 -0.037500 0.250000
0.512500 -0.337500 -0.012500 0.208333
0.512500 -0.337500 0.012500 0.125000
0.512500 -0.337500 0.037500 0.083333
0.512500 -0.337500 0.062500 0.125000
0.512500 -0.312500 -0.037500 0.250000
0.512500 -0.312500 -0.012500 0.250000
0.512500 -0.312500 0.012500 0.125000
0.512500 -0.312500 0.037500 0.083333
0.512500 -0.312500 0.062500 0.250000
0.512500 -0.287500 -0.037500 0.208333
0.512500 -0.287500 -0.012500 0.250000
0.512500 -0.287500 0.012500 0.166667
0.512500 -0.287500 0.037500 0.208333
0.512500 -0.287500 0.062500 0.166667
0.512500 -0.262500 -0.037500 0.208333
0.512500 -0.262500 -0.012500 0.166667
0.512500 -0.262500 0.012500 0.166667
0.512500 -0.262500 0.037500 0.208333
0.512500 -0.262500 0.062500 0.250000
0.512500 -0.237500 -0.037500 0.166667
0.512500 -0.237500 -0.012500 0.250000
0.512500 -0.237500 0.012500 0.208333
0.512500 -0.237500 0.037500 0.250000
0.512500 -0.237500 0.062500 0.166667
0.512500 -0.212500 -0.037500 0.166667
0.512500 -0.212500 -0.012500 0.250000
0.512500 -0.212500 0.012500 0.125000
0.512500 -0.212500 0.037500 0.250000
0.512500 -0.212500 0.062500 0.166667
0.512500 -0.187500 -0.037500 0.125000
0.512500 -0.187500 -0.012500 0.208333
0.512500 -0.187500 0.012500 0.208333
0.512500 -0.187500 0.037500 0.208333
0.512500 -0.187500 0.062500 0.250000
0.512500 -0.162500 -0.037500 0.166667
0.512500 -0.162500 -0.012500 0.250000
0.512500 -0.162500 0.012500 0.208333
0.512500 -0.162500 0.037500 0.208333
0.512500 -0.162500 0.062500 0.208333
0.512500 -0.137500 -0.037500 0.166667
0.512500 -0.137500 -0.012500 0.208333
0.512500 -0.137500 0.012500 0.250000
0.512500 -0.137500 0.037500 0.250000
0.512500 -0.137500 0.062500 0.208333
0.512500 -0.112500 -0.037500 0.166667
0.512500 -0.112500 -0.012500 0.250000
0.512500 -0.112500 0.012500 0.208333
0.512500 -0.112500 0.037500 0.208333
0.512500 -0.112500 0.062500 0.250000
0.512500 -0.087500 -0.037500 0.125000
0.512500 -0.087500 -0.012500 0.166667
0.512500 -0.087500 0.012500 0.166667
0.512500 -0.087500 0.037500 0.166667
0.512500 -0.087500 0.062500 0.166667
0.512500 -0.062500 -0.037500 0.125000
0.512500 -0.062500 -0.012500 0.208333
0.512500 -0.062500 0.012500 0.166667
0.512500 -0.062500 0.037500 0.250000
0.512500 -0.062500 0.062500 0.208333
0.512500 -0.037500 -0.037500 0.166667
0.512500 -0.037500 -0.012500 0.166667
0.512500 -0.037500 0.012500 0.250000
0.512500 -0.037500 0.037500 0.166667
0.512500 -0.037500 0.062500 0.250000
0.512500 -0.012500 -0.037500 0.125000
0.512500 -0.012500 -0.012500 0.166667
0.512500 -0.012500 0.012500 0.166667
0.512500 -0.012500 0.037500 0.250000
0.512500 -0.012500 0.062500 0.250000
0.512500 0.012500 -0.037500 0.166667
0.512500 0.012500 -0.012500 0.083333
0.512500 0.012500 0.012500 0.166667
0.512500 0.012500 0.037500 0.250000
0.512500 0.012500 0.062500 0.208333
0.537500 -0.637500 0.062500 0.083333
0.537500 -0.612500 0.062500 0.041667
0.537500 -0.587500 0.037500 0.083333
0.537500 -0.587500 0.062500 0.083333
0.537500 -0.562500 -0.012500 0.041667
0.537500 -0.562500 0.012500 0.125000
0.537500 -0.562500 0.037500 0.166667
0.537500 -0.562500 0.062500 0.166667
0.537500 -0.537500 -0.037500 0.083333
0.537500 -0.537500 -0.012500 0.083333
0.537500 -0.537500 0.012500 0.125000
0.537500 -0.537500 0.037500 0.166667
0.537500 -0.537500 0.062500 0.166667
0.537500 -0.512500 -0.037500 0.083333
0.537500 -0.512500 -0.012500 0.125000
0.537500 -0.512500 0.012500 0.125000
0.537500 -0.512500 0.037500 0.166667
0.537500 -0.512500 0.062500 0.125000
0.537500 -0.487500 -0.037500 0.083333
0.537500 -0.487500 -0.012500 0.125000
0.537500 -0.487500 0.012500 0.166667
0.537500 -0.487500 0.037500 0.166667
0.537500 -0.487500 0.062500 0.083333
0.537500 -0.462500 -0.037500 0.083333
0.537500 -0.462500 -0.012500 0.208333
0.537500 -0.462500 0.012500 0.166667
0.537500 -0.462500 0.037500 0.166667
0.537500 -0.462500 0.062500 0.125000
0.537500 -0.437500 -0.037500 0.125000
0.537500 -0.437500 -0.012500 0.208333
0.537500 -0.437500 0.012500 0.208333
0.537500 -0.437500 0.037500 0.208333
0.537500 -0.437500 0.062500 0.125000
0.537500 -0.412500 -0.037500 0.250000
0.537500 -0.412500 -0.012500 0.250000
0.537500 -0.412500 0.012500 0.250000
0.537500 -0.412500 0.037500 0.166667
0.537500 -0.412500 0.062500 0.208333
0.537500 -0.387500 -0.037500 0.250000
0.537500 -0.387500 -0.012500 0.125000
0.537500 -0.387500 0.012500 0.166667
0.537500 -0.387500 0.037500 0.250000
0.537500 -0.387500 0.062500 0.250000
0.537500 -0.362500 -0.037500 0.166667
0.537500 -0.362500 -0.012500 0.291667
0.537500 -0.362500 0.012500 0.208333
0.537500 -0.362500 0.037500 0.250000
0.537500 -0.362500 0.062500 0.291667
0.537500 -0.337500 -0.037500 0.166667
0.537500 -0.337500 -0.012500 0.208333
0.537500 -0.337500 0.012500 0.208333
0.537500 -0.337500 0.037500 0.208333
0.537500 -0.337500 0.062500 0.208333
0.537500 -0.312500 -0.037500 0.208333
0.537500 -0.312500 -0.012500 0.250000
0.537500 -0.312500 0.012500 0.166667
0.537500 -0.312500 0.037500 0.208333
0.537500 -0.312500 0.062500 0.208333
0.537500 -0.287500 -0.037500 0.250000
0.537500 -0.287500 -0.012500 0.208333
0.537500 -0.287500 0.012500 0.208333
0.537500 -0.287500 0.037500 0.166667
0.537500 -0.287500 0.062500 0.250000
0.537500 -0.262500 -0.037500 0.250000
0.537500 -0.262500 -0.012500 0.208333
0.537500 -0.262500 0.012500 0.208333
0.537500 -0.262500 0.037500 0.208333
0.537500 -0.262500 0.062500 0.250000
0.537500 -0.237500 -0.037500 0.250000
0.537500 -0.237500 -0.012500 0.250000
0.537500 -0.237500 0.012500 0.208333
0.537500 -0.237500 0.037500 0.208333
0.537500 -0.237500 0.062500 0.250000
0.537500 -0.212500 -0.037500 0.250000
0.537500 -0.212500 -0.012500 0.125000
0.537500 -0.212500 0.012500 0.250000
0.537500 -0.212500 0.037500 0.250000
0.537500 -0.212500 0.062500 0.208333
0.537500 -0.187500 -0.037500 0.166667
0.537500 -0.187500 -0.012500 0.208333
0.537500 -0.187500 0.012500 0.250000
0.537500 -0.187500 0.037500 0.208333
0.537500 -0.187500 0.062500 0.166667
0.537500 -0.162500 -0.037500 0.166667
0.537500 -0.162500 -0.012500 0.208333
0.537500 -0.162500 0.012500 0.166667
0.537500 -0.162500 0.037500 0.166667
0.537500 -0.162500 0.062500 0.250000
0.537500 -0.137500 -0.037500 0.125000
0.537500 -0.137500 -0.012500 0.208333
0.537500 -0.137500 0.012500 0.208333
0.537500 -0.137500 0.037500 0.208333
0.537500 -0.137500 0.062500 0.208333
0.537500 -0.112500 -0.037500 0.166667
0.537500 -0.112500 -0.012500 0.208333
0.537500 -0.112500 0.012500 0.250000
0.537500 -0.112500 0.037500 0.208333
0.537500 -0.112500 0.062500 0.208333
0.537500 -0.087500 -0.037500 0.125000
0.537500 -0.087500 -0.012500 0.250000
0.537500 -0.087500 0.012500 0.208333
0.537500 -0.087500 0.037500 0.208333
0.537500 -0.087500 0.062500 0.208333
0.537500 -0.062500 -0.037500 0.166667
0.537500 -0.062500 -0.012500 0.208333
0.537500 -0.062500 0.012500 0.208333
0.537500 -0.062500 0.037500 0.166667
0.537500 -0.062500 0.062500 0.208333
0.537500 -0.037500 -0.037500 0.166667
0.537500 -0.037500 -0.012500 0.208333
0.537500 -0.037500 0.012500 0.125000
0.537500 -0.037500 0.037500 0.208333
0.537500 -0.037500 0.062500 0.250000
0.537500 -0.012500 -0.037500 0.166667
0.537500 -0.012500 -0.012500 0.166667
0.537500 -0.012500 0.012500 0.250000
0.537500 -0.012500 0.037500 0.250000
0.537500 -0.012500 0.062500 0.166667
0.537500 0.012500 -0.037500 0.166667
0.537500 0.012500 -0.012500 0.166667
0.537500 0.012500 0.012500 0.208333
0.537500 0.012500 0.037500 0.250000
0.537500 0.012500 0.062500 0.208333
0.562500 -0.612500 0.062500 0.083333
0.562500 -0.587500 0.062500 0.083333
0.562500 -0.562500 0.037500 0.083333
0.562500 -0.562500 0.062500 0.083333
0.562500 -0.537500 -0.012500 0.041667
0.562500 -0.537500 0.012500 0.166667
0.562500 -0.537500 0.037500 0.125000
0.562500 -0.537500 0.062500 0.125000
0.562500 -0.512500 -0.037500 0.083333
0.562500 -0.512500 -0.012500 0.041667
0.562500 -0.512500 0.012500 0.166667
0.562500 -0.512500 0.037500 0.166667
0.562500 -0.512500 0.062500 0.166667
0.562500 -0.487500 -0.037500 0.041667
0.562500 -0.487500 -0.012500 0.083333
0.562500 -0.487500 0.012500 0.125000
0.562500 -0.487500 0.037500 0.166667
0.562500 -0.487500 0.062500 0.166667
0.562500 -0.462500 -0.037500 0.083333
0.562500 -0.462500 -0.012500 0.125000
0.562500 -0.462500 0.012500 0.083333
0.562500 -0.462500 0.037500 0.125000
0.562500 -0.462500 0.062500 0.166667
0.562500 -0.437500 -0.037500 0.083333
0.562500 -0.437500 -0.012500 0.208333
0.562500 -0.437500 0.012500 0.125000
0.562500 -0.437500 0.037500 0.166667
0.562500 -0.437500 0.062500 0.083333
0.562500 -0.412500 -0.037500 0.083333
0.562500 -0.412500 -0.012500 0.250000
0.562500 -0.412500 0.012500 0.208333
0.562500 -0.412500 0.037500 0.125000
0.562500 -0.412500 0.062500 0.083333
0.562500 -0.387500 -0.037500 0.208333
0.562500 -0.387500 -0.012500 0.166667
0.562500 -0.387500 0.012500 0.333333
0.562500 -0.387500 0.037500 0.291667
0.562500 -0.387500 0.062500 0.333333
0.562500 -0.362500 -0.037500 0.250000
0.562500 -0.362500 -0.012500 0.291667
0.562500 -0.362500 0.012500 0.250000
0.562500 -0.362500 0.037500 0.333333
0.562500 -0.362500 0.062500 0.333333
0.562500 -0.337500 -0.037500 0.208333
0.562500 -0.337500 -0.012500 0.166667
0.562500 -0.337500 0.012500 0.125000
0.562500 -0.337500 0.037500 0.166667
0.562500 -0.337500 0.062500 0.250000
0.562500 -0.312500 -0.037500 0.250000
0.562500 -0.312500 -0.012500 0.208333
0.562500 -0.312500 0.012500 0.250000
0.562500 -0.312500 0.037500 0.208333
0.562500 -0.312500 0.062500 0.208333
0.562500 -0.287500 -0.037500 0.208333
0.562500 -0.287500 -0.012500 0.208333
0.562500 -0.287500 0.012500 0.166667
0.562500 -0.287500 0.037500 0.208333
0.562500 -0.287500 0.062500 0.208333
0.562500 -0.262500 -0.037500 0.166667
0.562500 -0.262500 -0.012500 0.250000
0.562500 -0.262500 0.012500 0.166667
0.562500 -0.262500 0.037500 0.208333
0.562500 -0.262500 0.062500 0.208333
0.562500 -0.237500 -0.037500 0.208333
0.562500 -0.237500 -0.012500 0.250000
0.562500 -0.237500 0.012500 0.166667
0.562500 -0.237500 0.037500 0.208333
0.562500 -0.237500 0.062500 0.250000
0.562500 -0.212500 -0.037500 0.166667
0.562500 -0.212500 -0.012500 0.166667
0.562500 -0.212500 0.012500 0.250000
0.562500 -0.212500 0.037500 0.250000
0.562500 -0.212500 0.062500 0.250000
0.562500 -0.187500 -0.037500 0.250000
0.562500 -0.187500 -0.012500 0.250000
0.562500 -0.187500 0.012500 0.166667
0.562500 -0.187500 0.037500 0.250000
0.562500 -0.187500 0.062500 0.166667
0.562500 -0.162500 -0.037500 0.208333
0.562500 -0.162500 -0.012500 0.250000
0.562500 -0.162500 0.012500 0.250000
0.562500 -0.162500 0.037500 0.125000
0.562500 -0.162500 0.062500 0.208333
0.562500 -0.137500 -0.037500 0.125000
0.562500 -0.137500 -0.012500 0.208333
0.562500 -0.137500 0.012500 0.250000
0.562500 -0.137500 0.037500 0.208333
0.562500 -0.137500 0.062500 0.208333
0.562500 -0.112500 -0.037500 0.166667
0.562500 -0.112500 -0.012500 0.208333
0.562500 -0.112500 0.012500 0.208333
0.562500 -0.112500 0.037500 0.250000
0.562500 -0.112500 0.062500 0.208333
0.562500 -0.087500 -0.037500 0.083333
0.562500 -0.087500 -0.012500 0.250000
0.562500 -0.087500 0.012500 0.166667
0.562500 -0.087500 0.037500 0.208333
0.562500 -0.087500 0.062500 0.166667
0.562500 -0.062500 -0.037500 0.166667
0.562500 -0.062500 -0.012500 0.208333
0.562500 -0.062500 0.012500 0.208333
0.562500 -0.062500 0.037500 0.208333
0.562500 -0.062500 0.062500 0.208333
0.562500 -0.037500 -0.037500 0.166667
0.562500 -0.037500 -0.012500 0.250000
0.562500 -0.037500 0.012500 0.166667
0.562500 -0.037500 0.037500 0.166667
0.562500 -0.037500 0.062500 0.208333
0.562500 -0.012500 -0.037500 0.125000
0.562500 -0.012500 -0.012500 0.208333
0.562500 -0.012500 0.012500 0.208333
0.562500 -0.012500 0.037500 0.208333
0.562500 -0.012500 0.062500 0.208333
0.562500 0.012500 -0.037500 0.166667
0.562500 0.012500 -0.012500 0.125000
0.562500 0.012500 0.012500 0.166667
0.562500 0.012500 0.037500 0.208333
0.562500 0.012500 0.062500 0.208333
